recipe,run_id,epoch,update,field,baseline_loss,residual_loss,improvement_pct,baseline_share_pct,residual_share_pct
readme_v1,r2p8_w128_di16,0,0,total,20832.350792589317,20832.350792589317,0.0,100.0,100.0
readme_v1,r2p8_w128_di16,0,0,temperature,0.016496350804634442,0.016496350804634442,0.0,7.918621843917241e-05,7.918621843917241e-05
readme_v1,r2p8_w128_di16,0,0,geopotential,0.10027638530116288,0.10027638530116288,0.0,0.0004813493508223477,0.0004813493508223477
readme_v1,r2p8_w128_di16,0,0,u_component_of_wind,0.02230661161398653,0.02230661161398653,0.0,0.00010707678569776027,0.00010707678569776027
readme_v1,r2p8_w128_di16,0,0,v_component_of_wind,0.015066207220196689,0.015066207220196689,0.0,7.23212054664334e-05,7.23212054664334e-05
readme_v1,r2p8_w128_di16,0,0,specific_humidity,0.04326741706933395,0.04326741706933395,0.0,0.00020769339715960163,0.00020769339715960163
readme_v1,r2p8_w128_di16,0,0,specific_cloud_ice_water_content,623.3469472720234,623.3469472720234,0.0,2.992206465214508,2.992206465214508
readme_v1,r2p8_w128_di16,0,0,specific_cloud_liquid_water_content,20208.806432345285,20208.806432345285,0.0,97.00684590782791,97.00684590782791
current_v2,r2p8_w128_di16,0,0,total,1.1389526497087266,1.1389526497087266,0.0,100.0,100.0
current_v2,r2p8_w128_di16,0,0,temperature,0.012342242251354033,0.012342242251354033,0.0,1.0836484075532387,1.0836484075532387
current_v2,r2p8_w128_di16,0,0,geopotential,1.0827033166100655,1.0827033166100655,0.0,95.06131066001329,95.06131066001329
current_v2,r2p8_w128_di16,0,0,u_component_of_wind,0.015357475675661867,0.015357475675661867,0.0,1.3483857893117293,1.3483857893117293
current_v2,r2p8_w128_di16,0,0,v_component_of_wind,0.009351332768317849,0.009351332768317849,0.0,0.8210466669276673,0.8210466669276673
current_v2,r2p8_w128_di16,0,0,specific_humidity,0.018847286878164386,0.018847286878164386,0.0,1.6547910822266714,1.6547910822266714
current_v2,r2p8_w128_di16,0,0,specific_cloud_ice_water_content,9.034326505392342e-05,9.034326505392342e-05,0.0,0.007932135289120897,0.007932135289120897
current_v2,r2p8_w128_di16,0,0,specific_cloud_liquid_water_content,0.00026065226010914,0.00026065226010914,0.0,0.022885258678295245,0.022885258678295245
normalized24_mse,r2p8_w128_di16,0,0,total,263.94315250079455,263.94315250079455,0.0,100.0,100.0
normalized24_mse,r2p8_w128_di16,0,0,temperature,0.4887854524215519,0.4887854524215519,0.0,0.1851858810468972,0.1851858810468972
normalized24_mse,r2p8_w128_di16,0,0,geopotential,258.5141289562673,258.5141289562673,0.0,97.94310877433696,97.94310877433696
normalized24_mse,r2p8_w128_di16,0,0,u_component_of_wind,0.7799976861007852,0.7799976861007852,0.0,0.29551730314293234,0.29551730314293234
normalized24_mse,r2p8_w128_di16,0,0,v_component_of_wind,0.11498030339286223,0.11498030339286223,0.0,0.04356252560578025,0.04356252560578025
normalized24_mse,r2p8_w128_di16,0,0,specific_humidity,4.044407673049877,4.044407673049877,0.0,1.5323025563384152,1.5323025563384152
normalized24_mse,r2p8_w128_di16,0,0,specific_cloud_ice_water_content,0.0004089499670297924,0.0004089499670297924,0.0,0.00015493865370444165,0.00015493865370444165
normalized24_mse,r2p8_w128_di16,0,0,specific_cloud_liquid_water_content,0.00044347959509647133,0.00044347959509647133,0.0,0.00016802087528871822,0.00016802087528871822
readme_v1,r2p8_w128_di16,1,424,total,20832.350792589317,78197.6613909099,-275.36647769356455,100.0,100.0
readme_v1,r2p8_w128_di16,1,424,temperature,0.016496350804634442,0.07649352474030695,-363.6996730138465,7.918621843917241e-05,9.782073194991859e-05
readme_v1,r2p8_w128_di16,1,424,geopotential,0.10027638530116288,0.013619529153643357,86.41800947178197,0.0004813493508223477,1.7416798547925068e-05
readme_v1,r2p8_w128_di16,1,424,u_component_of_wind,0.02230661161398653,0.028249566119441603,-26.64212121633376,0.00010707678569776027,3.612584521961866e-05
readme_v1,r2p8_w128_di16,1,424,v_component_of_wind,0.015066207220196689,0.02464179718312843,-63.55673875303789,7.23212054664334e-05,3.151219198224376e-05
readme_v1,r2p8_w128_di16,1,424,specific_humidity,0.04326741706933395,0.06520547493073825,-50.70341459544401,0.00020769339715960163,8.338545395210255e-05
readme_v1,r2p8_w128_di16,1,424,specific_cloud_ice_water_content,623.3469472720234,729.3873384136715,-17.011455916438933,2.992206465214508,0.9327482758946796
readme_v1,r2p8_w128_di16,1,424,specific_cloud_liquid_water_content,20208.806432345285,77468.0658426041,-283.3381555805903,97.00684590782791,99.06698546308368
current_v2,r2p8_w128_di16,1,424,total,1.1389526497087266,0.19720018400316852,82.68583122804974,100.0,100.0
current_v2,r2p8_w128_di16,1,424,temperature,0.012342242251354033,0.09026126445651159,-631.3198251850006,1.0836484075532387,45.771389571858265
current_v2,r2p8_w128_di16,1,424,geopotential,1.0827033166100655,0.042635736488634925,96.06210345580847,95.06131066001329,21.62053585505269
current_v2,r2p8_w128_di16,1,424,u_component_of_wind,0.015357475675661867,0.02082586926728367,-35.60737263799136,1.3483857893117293,10.560775778459238
current_v2,r2p8_w128_di16,1,424,v_component_of_wind,0.009351332768317849,0.014548304115392917,-55.574659525349325,0.8210466669276673,7.377429280268401
current_v2,r2p8_w128_di16,1,424,specific_humidity,0.018847286878164386,0.02840350485706712,-50.70341445258171,1.6547910822266714,14.403386589441897
current_v2,r2p8_w128_di16,1,424,specific_cloud_ice_water_content,9.034326505392342e-05,9.844696156632862e-05,-8.96989555067369,0.007932135289120897,0.0499223477219204
current_v2,r2p8_w128_di16,1,424,specific_cloud_liquid_water_content,0.00026065226010914,0.00042705785671195913,-63.84199259701104,0.022885258678295245,0.21656057719758384
normalized24_mse,r2p8_w128_di16,1,424,total,263.94315250079455,20.304479590568658,92.30725275568285,100.0,100.0
normalized24_mse,r2p8_w128_di16,1,424,temperature,0.4887854524215519,10.800762617870005,-2109.714418536931,0.1851858810468972,53.19398889143119
normalized24_mse,r2p8_w128_di16,1,424,geopotential,258.5141289562673,6.5324396229245965,97.4730821679655,97.94310877433696,32.17240606333435
normalized24_mse,r2p8_w128_di16,1,424,u_component_of_wind,0.7799976861007852,1.4390779009082715,-84.49771410249095,0.29551730314293234,7.087489706343997
normalized24_mse,r2p8_w128_di16,1,424,v_component_of_wind,0.11498030339286223,0.14948680609745849,-30.010794619922997,0.04356252560578025,0.7362257448198497
normalized24_mse,r2p8_w128_di16,1,424,specific_humidity,4.044407673049877,1.381563339601936,65.84015630253953,1.5323025563384152,6.804229251182907
normalized24_mse,r2p8_w128_di16,1,424,specific_cloud_ice_water_content,0.0004089499670297924,0.00043777106637062524,-7.047585686376445,0.00015493865370444165,0.002156031945649905
normalized24_mse,r2p8_w128_di16,1,424,specific_cloud_liquid_water_content,0.00044347959509647133,0.0007115321000243028,-60.443030049560974,0.00016802087528871822,0.0035043109420780545
readme_v1,r2p8_w128_di16,2,848,total,20832.350792589317,54004.85401142462,-159.235525309202,100.0,100.0
readme_v1,r2p8_w128_di16,2,848,temperature,0.016496350804634442,0.07085361756329982,-329.5108560821487,7.918621843917241e-05,0.00013119860957000435
readme_v1,r2p8_w128_di16,2,848,geopotential,0.10027638530116288,0.012785597251091041,87.24964286188448,0.0004813493508223477,2.3674903830656173e-05
readme_v1,r2p8_w128_di16,2,848,u_component_of_wind,0.02230661161398653,0.028802374043037825,-29.120345758736256,0.00010707678569776027,5.333293565971818e-05
readme_v1,r2p8_w128_di16,2,848,v_component_of_wind,0.015066207220196689,0.02361053491166094,-56.71186893016002,7.23212054664334e-05,4.3719282912358545e-05
readme_v1,r2p8_w128_di16,2,848,specific_humidity,0.04326741706933395,0.06445070988361869,-48.95899558861934,0.00020769339715960163,0.00011934243886666978
readme_v1,r2p8_w128_di16,2,848,specific_cloud_ice_water_content,623.3469472720234,737.9520422662636,-18.385442568667543,2.992206465214508,1.3664550266354785
readme_v1,r2p8_w128_di16,2,848,specific_cloud_liquid_water_content,20208.806432345285,53266.7014663247,-163.58163033848686,97.00684590782791,98.63317370519368
current_v2,r2p8_w128_di16,2,848,total,1.1389526497087266,0.18947302236803126,83.36427573029601,100.0,100.0
current_v2,r2p8_w128_di16,2,848,temperature,0.012342242251354033,0.08411677644671152,-581.5356134942442,1.0836484075532387,44.39512042158888
current_v2,r2p8_w128_di16,2,848,geopotential,1.0827033166100655,0.041935445652511394,96.12678330165176,95.06131066001329,22.13267362730734
current_v2,r2p8_w128_di16,2,848,u_component_of_wind,0.015357475675661867,0.02081040841780156,-35.50669952081618,1.3483857893117293,10.983309474728042
current_v2,r2p8_w128_di16,2,848,v_component_of_wind,0.009351332768317849,0.01404404967698464,-50.18233256082634,0.8210466669276673,7.412163220632836
current_v2,r2p8_w128_di16,2,848,specific_humidity,0.018847286878164386,0.028074729238177772,-48.95899563508996,1.6547910822266714,14.817269966615926
current_v2,r2p8_w128_di16,2,848,specific_cloud_ice_water_content,9.034326505392342e-05,0.0001005969444411882,-11.34968874674238,0.007932135289120897,0.053093017245372964
current_v2,r2p8_w128_di16,2,848,specific_cloud_liquid_water_content,0.00026065226010914,0.0003910159914031888,-50.01442582522133,0.022885258678295245,0.2063702718815989
normalized24_mse,r2p8_w128_di16,2,848,total,263.94315250079455,19.56501316183964,92.58741400317982,100.0,100.0
normalized24_mse,r2p8_w128_di16,2,848,temperature,0.4887854524215519,10.03518183684227,-1953.0852109296106,0.1851858810468972,51.29146478886749
normalized24_mse,r2p8_w128_di16,2,848,geopotential,258.5141289562673,6.774168288745105,97.3795752224084,97.94310877433696,34.62388822695864
normalized24_mse,r2p8_w128_di16,2,848,u_component_of_wind,0.7799976861007852,1.341200352669181,-71.94927325667496,0.29551730314293234,6.855095580948087
normalized24_mse,r2p8_w128_di16,2,848,v_component_of_wind,0.11498030339286223,0.15272975899004476,-32.831236727738485,0.04356252560578025,0.7806269166633366
normalized24_mse,r2p8_w128_di16,2,848,specific_humidity,4.044407673049877,1.260633703280988,68.83020196798442,1.5323025563384152,6.4433061856547935
normalized24_mse,r2p8_w128_di16,2,848,specific_cloud_ice_water_content,0.0004089499670297924,0.00044892340568677177,-9.774652617606705,0.00015493865370444165,0.0022945213579634556
normalized24_mse,r2p8_w128_di16,2,848,specific_cloud_liquid_water_content,0.00044347959509647133,0.0006502979063637723,-46.63536125541723,0.00016802087528871822,0.003323779549671546
readme_v1,r2p8_w128_di16,3,1272,total,20832.350792589317,53612.456776502375,-157.35192974752476,100.0,100.0
readme_v1,r2p8_w128_di16,3,1272,temperature,0.016496350804634442,0.07028037579820033,-326.0358950323483,7.918621843917241e-05,0.00013108963853528027
readme_v1,r2p8_w128_di16,3,1272,geopotential,0.10027638530116288,0.0123418136584703,87.69220328255372,0.0004813493508223477,2.302042174623781e-05
readme_v1,r2p8_w128_di16,3,1272,u_component_of_wind,0.02230661161398653,0.02913437111784681,-30.60868061009854,0.00010707678569776027,5.434254065114214e-05
readme_v1,r2p8_w128_di16,3,1272,v_component_of_wind,0.015066207220196689,0.024731339603772523,-64.1510649781814,7.23212054664334e-05,4.612983827036992e-05
readme_v1,r2p8_w128_di16,3,1272,specific_humidity,0.04326741706933395,0.06645256765470711,-53.58570526227639,0.00020769339715960163,0.00012394986473336246
readme_v1,r2p8_w128_di16,3,1272,specific_cloud_ice_water_content,623.3469472720234,721.1373968259736,-15.687964781397291,2.992206465214508,1.3450929880572802
readme_v1,r2p8_w128_di16,3,1272,specific_cloud_liquid_water_content,20208.806432345285,52891.11643920857,-161.72310876585703,97.00684590782791,98.6545284796388
current_v2,r2p8_w128_di16,3,1272,total,1.1389526497087266,0.1869142773029329,83.58893345120765,100.0,100.0
current_v2,r2p8_w128_di16,3,1272,temperature,0.012342242251354033,0.08325316066252884,-574.5383777683943,1.0836484075532387,44.54082473732065
current_v2,r2p8_w128_di16,3,1272,geopotential,1.0827033166100655,0.03836883978552963,96.45620003218775,95.06131066001329,20.52750615906406
current_v2,r2p8_w128_di16,3,1272,u_component_of_wind,0.015357475675661867,0.021104206650139668,-37.419762829805904,1.3483857893117293,11.290847844617016
current_v2,r2p8_w128_di16,3,1272,v_component_of_wind,0.009351332768317849,0.01471123056981284,-57.31694010135357,0.8210466669276673,7.870576171113068
current_v2,r2p8_w128_di16,3,1272,specific_humidity,0.018847286878164386,0.028946738482175795,-53.58570530229567,1.6547910822266714,15.486638527490156
current_v2,r2p8_w128_di16,3,1272,specific_cloud_ice_water_content,9.034326505392342e-05,0.00011743128457046151,-29.9834409353813,0.007932135289120897,0.06282627858338508
current_v2,r2p8_w128_di16,3,1272,specific_cloud_liquid_water_content,0.00026065226010914,0.00041266986817566634,-58.32199882052576,0.022885258678295245,0.22078028181167253
normalized24_mse,r2p8_w128_di16,3,1272,total,263.94315250079455,18.572590258175676,92.963412734066,100.0,100.0
normalized24_mse,r2p8_w128_di16,3,1272,temperature,0.4887854524215519,9.945035731889082,-1934.642332872053,0.1851858810468972,53.54684292090741
normalized24_mse,r2p8_w128_di16,3,1272,geopotential,258.5141289562673,5.700058439810958,97.79506889514143,97.94310877433696,30.690702592234192
normalized24_mse,r2p8_w128_di16,3,1272,u_component_of_wind,0.7799976861007852,1.3769621742912301,-76.5341357837451,0.29551730314293234,7.413947947756451
normalized24_mse,r2p8_w128_di16,3,1272,v_component_of_wind,0.11498030339286223,0.1605836650514338,-39.661890178489934,0.04356252560578025,0.8646271888798315
normalized24_mse,r2p8_w128_di16,3,1272,specific_humidity,4.044407673049877,1.3887244627881143,65.66309395459926,1.5323025563384152,7.477279385823935
normalized24_mse,r2p8_w128_di16,3,1272,specific_cloud_ice_water_content,0.0004089499670297924,0.0005411674525904139,-32.33096863191318,0.00015493865370444165,0.002913796326025075
normalized24_mse,r2p8_w128_di16,3,1272,specific_cloud_liquid_water_content,0.00044347959509647133,0.0006846168922690089,-54.373932834515706,0.00016802087528871822,0.003686168072154824
readme_v1,r2p8_w128_di16,4,1696,total,20832.350792589317,55180.25079456318,-164.8776959640696,100.0,100.0
readme_v1,r2p8_w128_di16,4,1696,temperature,0.016496350804634442,0.06764182442983543,-310.04113716369505,7.918621843917241e-05,0.00012258339434096966
readme_v1,r2p8_w128_di16,4,1696,geopotential,0.10027638530116288,0.012204127585756024,87.82950986007022,0.0004813493508223477,2.2116839648286768e-05
readme_v1,r2p8_w128_di16,4,1696,u_component_of_wind,0.02230661161398653,0.029108863775350786,-30.494331811018572,0.00010707678569776027,5.27523223548285e-05
readme_v1,r2p8_w128_di16,4,1696,v_component_of_wind,0.015066207220196689,0.0244870696045842,-62.52975448099885,7.23212054664334e-05,4.437651016801263e-05
readme_v1,r2p8_w128_di16,4,1696,specific_humidity,0.04326741706933395,0.06555497846711827,-51.5111899609574,0.00020769339715960163,0.00011880152323189025
readme_v1,r2p8_w128_di16,4,1696,specific_cloud_ice_water_content,623.3469472720234,755.5547089945533,-21.209338122391653,2.992206465214508,1.3692484142696155
readme_v1,r2p8_w128_di16,4,1696,specific_cloud_liquid_water_content,20208.806432345285,54424.49708870477,-169.3107941377251,97.00684590782791,98.63039095514065
current_v2,r2p8_w128_di16,4,1696,total,1.1389526497087266,0.18351365362992353,83.88750808237245,100.0,100.0
current_v2,r2p8_w128_di16,4,1696,temperature,0.012342242251354033,0.07912405852040877,-541.0833372819942,1.0836484075532387,43.11616980825392
current_v2,r2p8_w128_di16,4,1696,geopotential,1.0827033166100655,0.039676000979273145,96.33546878719294,95.06131066001329,21.620190211723635
current_v2,r2p8_w128_di16,4,1696,u_component_of_wind,0.015357475675661867,0.020933786369769048,-36.310073425311515,1.3483857893117293,11.407209194354795
current_v2,r2p8_w128_di16,4,1696,v_component_of_wind,0.009351332768317849,0.014661981622780611,-56.79028846513887,0.8210466669276673,7.989586242094111
current_v2,r2p8_w128_di16,4,1696,specific_humidity,0.018847286878164386,0.028555748635666508,-51.51119002040503,1.6547910822266714,15.560558067931268
current_v2,r2p8_w128_di16,4,1696,specific_cloud_ice_water_content,9.034326505392342e-05,0.00013044127878340177,-44.384065270991634,0.007932135289120897,0.07107987673029043
current_v2,r2p8_w128_di16,4,1696,specific_cloud_liquid_water_content,0.00026065226010914,0.0004316362232420273,-65.59849627288598,0.022885258678295245,0.23520659891196521
normalized24_mse,r2p8_w128_di16,4,1696,total,263.94315250079455,18.504756770548315,92.98911277098101,100.0,100.0
normalized24_mse,r2p8_w128_di16,4,1696,temperature,0.4887854524215519,9.31277484522715,-1805.2888745132634,0.1851858810468972,50.32638343049781
normalized24_mse,r2p8_w128_di16,4,1696,geopotential,258.5141289562673,6.288995006586288,97.56725288788753,97.94310877433696,33.98582907393674
normalized24_mse,r2p8_w128_di16,4,1696,u_component_of_wind,0.7799976861007852,1.328935853002332,-70.37689684000131,0.29551730314293234,7.18159049308571
normalized24_mse,r2p8_w128_di16,4,1696,v_component_of_wind,0.11498030339286223,0.15486052679074544,-34.684395693079104,0.04356252560578025,0.8368687506188537
normalized24_mse,r2p8_w128_di16,4,1696,specific_humidity,4.044407673049877,1.4178668451253953,64.94253399395353,1.5323025563384152,7.662174989416964
normalized24_mse,r2p8_w128_di16,4,1696,specific_cloud_ice_water_content,0.0004089499670297924,0.0006103078088575084,-49.23776942450442,0.00015493865370444165,0.0032981131091053204
normalized24_mse,r2p8_w128_di16,4,1696,specific_cloud_liquid_water_content,0.00044347959509647133,0.0007133860075504772,-60.86106676346459,0.00016802087528871822,0.003855149334823377
readme_v1,r2p8_w128_di16,5,2120,total,20832.350792589317,51135.72903024292,-145.46307586387903,100.0,100.0
readme_v1,r2p8_w128_di16,5,2120,temperature,0.016496350804634442,0.06802967560376517,-312.3922703235257,7.918621843917241e-05,0.00013303746107448818
readme_v1,r2p8_w128_di16,5,2120,geopotential,0.10027638530116288,0.01208206248618404,87.95123851952017,0.0004813493508223477,2.362743763570558e-05
readme_v1,r2p8_w128_di16,5,2120,u_component_of_wind,0.02230661161398653,0.029937991658800737,-34.21129204593869,0.00010707678569776027,5.8546132472453225e-05
readme_v1,r2p8_w128_di16,5,2120,v_component_of_wind,0.015066207220196689,0.024453937686650454,-62.30984566486806,7.23212054664334e-05,4.782162716833039e-05
readme_v1,r2p8_w128_di16,5,2120,specific_humidity,0.04326741706933395,0.06777330320314105,-56.63819981335516,0.00020769339715960163,0.00013253610438028227
readme_v1,r2p8_w128_di16,5,2120,specific_cloud_ice_water_content,623.3469472720234,745.3214075478834,-19.567667862923123,2.992206465214508,1.4575355073300749
readme_v1,r2p8_w128_di16,5,2120,specific_cloud_liquid_water_content,20208.806432345285,50390.2053457244,-149.3477559618373,97.00684590782791,98.5420689239072
current_v2,r2p8_w128_di16,5,2120,total,1.1389526497087266,0.18213871712966942,84.00822745561467,100.0,100.0
current_v2,r2p8_w128_di16,5,2120,temperature,0.012342242251354033,0.0790672099979194,-540.6227360287403,1.0836484075532387,43.41043532311109
current_v2,r2p8_w128_di16,5,2120,geopotential,1.0827033166100655,0.03654909914123156,96.62427383563703,95.06131066001329,20.066628181646454
current_v2,r2p8_w128_di16,5,2120,u_component_of_wind,0.015357475675661867,0.021683243345136032,-41.19015262058385,1.3483857893117293,11.904796347994013
current_v2,r2p8_w128_di16,5,2120,v_component_of_wind,0.009351332768317849,0.014725842933082933,-57.47319978788297,0.8210466669276673,8.084960279257492
current_v2,r2p8_w128_di16,5,2120,specific_humidity,0.018847286878164386,0.02952205089118306,-56.63819987473089,1.6547910822266714,16.20855321505615
current_v2,r2p8_w128_di16,5,2120,specific_cloud_ice_water_content,9.034326505392342e-05,0.00013770389371567276,-52.422976558884706,0.007932135289120897,0.0756038561629034
current_v2,r2p8_w128_di16,5,2120,specific_cloud_liquid_water_content,0.00026065226010914,0.00045356692740074536,-74.01227490251891,0.022885258678295245,0.24902279677189057
normalized24_mse,r2p8_w128_di16,5,2120,total,263.94315250079455,17.537609244153415,93.35553543329728,100.0,100.0
normalized24_mse,r2p8_w128_di16,5,2120,temperature,0.4887854524215519,9.281960052374078,-1798.9845148600846,0.1851858810468972,52.92602841786113
normalized24_mse,r2p8_w128_di16,5,2120,geopotential,258.5141289562673,5.329166174616841,97.93853968596108,97.94310877433696,30.387073291608697
normalized24_mse,r2p8_w128_di16,5,2120,u_component_of_wind,0.7799976861007852,1.3320859478493838,-70.78075635179026,0.29551730314293234,7.59559600915083
normalized24_mse,r2p8_w128_di16,5,2120,v_component_of_wind,0.11498030339286223,0.1592533112838296,-38.50486264564488,0.04356252560578025,0.9080673942881955
normalized24_mse,r2p8_w128_di16,5,2120,specific_humidity,4.044407673049877,1.4337497510061723,64.54982121213845,1.5323025563384152,8.175286215161552
normalized24_mse,r2p8_w128_di16,5,2120,specific_cloud_ice_water_content,0.0004089499670297924,0.000647315580064347,-58.28723126347373,0.00015493865370444165,0.0036910138152390706
normalized24_mse,r2p8_w128_di16,5,2120,specific_cloud_liquid_water_content,0.00044347959509647133,0.0007466914430484021,-68.37109335007223,0.00016802087528871822,0.004257658114359741
readme_v1,r2p8_w128_di16,6,2544,total,20832.350792589317,53053.70416822652,-154.66979073287922,100.0,100.00000000000001
readme_v1,r2p8_w128_di16,6,2544,temperature,0.016496350804634442,0.06855243022759193,-315.561181011821,7.918621843917241e-05,0.00012921327794609952
readme_v1,r2p8_w128_di16,6,2544,geopotential,0.10027638530116288,0.011353157224318981,88.67813474705763,0.0004813493508223477,2.1399367682828648e-05
readme_v1,r2p8_w128_di16,6,2544,u_component_of_wind,0.02230661161398653,0.030096961987097923,-34.923952180288765,0.00010707678569776027,5.672923777699725e-05
readme_v1,r2p8_w128_di16,6,2544,v_component_of_wind,0.015066207220196689,0.024513739181141685,-62.7067703428392,7.23212054664334e-05,4.620551866352583e-05
readme_v1,r2p8_w128_di16,6,2544,specific_humidity,0.04326741706933395,0.06674815162420647,-54.26886129404438,0.00020769339715960163,0.00012581242473203494
readme_v1,r2p8_w128_di16,6,2544,specific_cloud_ice_water_content,623.3469472720234,778.7570599143719,-24.931559113664647,2.992206465214508,1.467865575314087
readme_v1,r2p8_w128_di16,6,2544,specific_cloud_liquid_water_content,20208.806432345285,52274.745843871904,-158.67309887338698,97.00684590782791,98.53175506485911
current_v2,r2p8_w128_di16,6,2544,total,1.1389526497087266,0.17959405332445322,84.23164884243587,100.0,100.0
current_v2,r2p8_w128_di16,6,2544,temperature,0.012342242251354033,0.07937827092846143,-543.1430311599423,1.0836484075532387,44.198718977101805
current_v2,r2p8_w128_di16,6,2544,geopotential,1.0827033166100655,0.034074225924690824,96.8528566042102,95.06131066001329,18.972914355428344
current_v2,r2p8_w128_di16,6,2544,u_component_of_wind,0.015357475675661867,0.021717429429742814,-41.412754858925396,1.3483857893117293,12.092510318539487
current_v2,r2p8_w128_di16,6,2544,v_component_of_wind,0.009351332768317849,0.01472769239568672,-57.49297731745664,0.8210466669276673,8.200545687935326
current_v2,r2p8_w128_di16,6,2544,specific_humidity,0.018847286878164386,0.02907549487949462,-54.26886144116676,1.6547910822266714,16.189564376592724
current_v2,r2p8_w128_di16,6,2544,specific_cloud_ice_water_content,9.034326505392342e-05,0.00013869002241812586,-53.51451193992778,0.007932135289120897,0.07722417298949734
current_v2,r2p8_w128_di16,6,2544,specific_cloud_liquid_water_content,0.00026065226010914,0.0004822497439586956,-85.01652115226952,0.022885258678295245,0.26852211141282445
normalized24_mse,r2p8_w128_di16,6,2544,total,263.94315250079455,17.232532497386337,93.471119695998,100.0,100.0
normalized24_mse,r2p8_w128_di16,6,2544,temperature,0.4887854524215519,9.350529531222506,-1813.0130581624107,0.1851858810468972,54.260913377883966
normalized24_mse,r2p8_w128_di16,6,2544,geopotential,258.5141289562673,4.946337366388278,98.08662784260235,97.94310877433696,28.703484918066977
normalized24_mse,r2p8_w128_di16,6,2544,u_component_of_wind,0.7799976861007852,1.3071123882491915,-67.57900844340409,0.29551730314293234,7.585143904109518
normalized24_mse,r2p8_w128_di16,6,2544,v_component_of_wind,0.11498030339286223,0.1621842073451153,-41.05390450307629,0.04356252560578025,0.9411513216047253
normalized24_mse,r2p8_w128_di16,6,2544,specific_humidity,4.044407673049877,1.4649249466788532,63.778998926333315,1.5323025563384152,8.500926645001474
normalized24_mse,r2p8_w128_di16,6,2544,specific_cloud_ice_water_content,0.0004089499670297924,0.0006540416302154577,-59.931943500513874,0.00015493865370444165,0.003795388926814189
normalized24_mse,r2p8_w128_di16,6,2544,specific_cloud_liquid_water_content,0.00044347959509647133,0.0007900158721774968,-78.14029797822886,0.00016802087528871822,0.004584444406516098
readme_v1,r2p8_w128_di16,7,2968,total,20832.350792589317,54454.91645825333,-161.39592694274594,100.0,100.0
readme_v1,r2p8_w128_di16,7,2968,temperature,0.016496350804634442,0.06701888404785752,-306.26490574527196,7.918621843917241e-05,0.0001230722373786692
readme_v1,r2p8_w128_di16,7,2968,geopotential,0.10027638530116288,0.011389552737818888,88.64183954815252,0.0004813493508223477,2.0915563696714952e-05
readme_v1,r2p8_w128_di16,7,2968,u_component_of_wind,0.02230661161398653,0.030147228656450777,-35.14929644244167,0.00010707678569776027,5.53618123343601e-05
readme_v1,r2p8_w128_di16,7,2968,v_component_of_wind,0.015066207220196689,0.02504436511822014,-66.22873130702358,7.23212054664334e-05,4.5991008245178114e-05
readme_v1,r2p8_w128_di16,7,2968,specific_humidity,0.04326741706933395,0.06819338971095139,-57.6091071063354,0.00020769339715960163,0.00012522907782482848
readme_v1,r2p8_w128_di16,7,2968,specific_cloud_ice_water_content,623.3469472720234,779.3792926020462,-25.031380359344514,2.992206465214508,1.4312376977008867
readme_v1,r2p8_w128_di16,7,2968,specific_cloud_liquid_water_content,20208.806432345285,53675.335372231006,-165.6036889260354,97.00684590782791,98.56839173259962
current_v2,r2p8_w128_di16,7,2968,total,1.1389526497087266,0.17766703103929546,84.40084132692157,100.0,100.00000000000001
current_v2,r2p8_w128_di16,7,2968,temperature,0.012342242251354033,0.0765925104214374,-520.5720878070972,1.0836484075532387,43.11014259280163
current_v2,r2p8_w128_di16,7,2968,geopotential,1.0827033166100655,0.033986280683650574,96.86097935027472,95.06131066001329,19.129199427064027
current_v2,r2p8_w128_di16,7,2968,u_component_of_wind,0.015357475675661867,0.021714902242953114,-41.39629911552674,1.3483857893117293,12.222246364971522
current_v2,r2p8_w128_di16,7,2968,v_component_of_wind,0.009351332768317849,0.015035266621191359,-60.78207239218967,0.8210466669276673,8.46260926027741
current_v2,r2p8_w128_di16,7,2968,specific_humidity,0.018847286878164386,0.029705040581223075,-57.60910720597134,1.6547910822266714,16.719500746682186
current_v2,r2p8_w128_di16,7,2968,specific_cloud_ice_water_content,9.034326505392342e-05,0.00013839495567409375,-53.187905696666604,0.007932135289120897,0.0778956877168079
current_v2,r2p8_w128_di16,7,2968,specific_cloud_liquid_water_content,0.00026065226010914,0.0004946355331658461,-89.76836531504959,0.022885258678295245,0.27840592048642115
normalized24_mse,r2p8_w128_di16,7,2968,total,263.94315250079455,16.686272750068923,93.6780808321903,100.0,100.0
normalized24_mse,r2p8_w128_di16,7,2968,temperature,0.4887854524215519,8.908899782475709,-1722.6605841763571,0.1851858810468972,53.3905918710271
normalized24_mse,r2p8_w128_di16,7,2968,geopotential,258.5141289562673,4.902110290842222,98.1037360276461,97.94310877433696,29.3781023735332
normalized24_mse,r2p8_w128_di16,7,2968,u_component_of_wind,0.7799976861007852,1.2949648001720846,-66.02162073654657,0.29551730314293234,7.76065943286667
normalized24_mse,r2p8_w128_di16,7,2968,v_component_of_wind,0.11498030339286223,0.16099458533937264,-40.019273378754086,0.04356252560578025,0.9648325168285867
normalized24_mse,r2p8_w128_di16,7,2968,specific_humidity,4.044407673049877,1.4178410502831138,64.94317178431413,1.5323025563384152,8.497050668653714
normalized24_mse,r2p8_w128_di16,7,2968,specific_cloud_ice_water_content,0.0004089499670297924,0.0006529292305208651,-59.659929859659,0.00015493865370444165,0.003912972299449966
normalized24_mse,r2p8_w128_di16,7,2968,specific_cloud_liquid_water_content,0.00044347959509647133,0.0008093117258988245,-82.49131072710858,0.00016802087528871822,0.0048501647912682095
readme_v1,r2p8_w128_di16,8,3392,total,20832.350792589317,53555.44040522606,-157.07823825757248,100.0,100.0
readme_v1,r2p8_w128_di16,8,3392,temperature,0.016496350804634442,0.06649333122019291,-303.07903249434077,7.918621843917241e-05,0.00012415793935606278
readme_v1,r2p8_w128_di16,8,3392,geopotential,0.10027638530116288,0.01116004712316862,88.87071259135305,0.0004813493508223477,2.0838307067827975e-05
readme_v1,r2p8_w128_di16,8,3392,u_component_of_wind,0.02230661161398653,0.03028304472351472,-35.75815658406347,0.00010707678569776027,5.6545225833974535e-05
readme_v1,r2p8_w128_di16,8,3392,v_component_of_wind,0.015066207220196689,0.024790375889730872,-64.54291068357702,7.23212054664334e-05,4.628918313836099e-05
readme_v1,r2p8_w128_di16,8,3392,specific_humidity,0.04326741706933395,0.06690174954334735,-54.6238580318777,0.00020769339715960163,0.00012492054782322156
readme_v1,r2p8_w128_di16,8,3392,specific_cloud_ice_water_content,623.3469472720234,809.8636964184444,-29.921819616295743,2.992206465214508,1.512196875407295
readme_v1,r2p8_w128_di16,8,3392,specific_cloud_liquid_water_content,20208.806432345285,52745.37708025912,-161.00194119251543,97.00684590782791,98.4874303733895
current_v2,r2p8_w128_di16,8,3392,total,1.1389526497087266,0.17621770671924333,84.52809194795685,100.0,100.0
current_v2,r2p8_w128_di16,8,3392,temperature,0.012342242251354033,0.07641824787200874,-519.1601681098514,1.0836484075532387,43.36581680396123
current_v2,r2p8_w128_di16,8,3392,geopotential,1.0827033166100655,0.033399072216081696,96.91521474962745,95.06131066001329,18.953300912770562
current_v2,r2p8_w128_di16,8,3392,u_component_of_wind,0.015357475675661867,0.02166288085176648,-41.05756251398305,1.3483857893117293,12.293248649683424
current_v2,r2p8_w128_di16,8,3392,v_component_of_wind,0.009351332768317849,0.014953459496102287,-59.90725457620698,0.8210466669276673,8.485787140520843
current_v2,r2p8_w128_di16,8,3392,specific_humidity,0.018847286878164386,0.02914240211737179,-54.62385809564378,1.6547910822266714,16.537726349941984
current_v2,r2p8_w128_di16,8,3392,specific_cloud_ice_water_content,9.034326505392342e-05,0.0001412949857443515,-56.39791816248439,0.007932135289120897,0.08018205909890087
current_v2,r2p8_w128_di16,8,3392,specific_cloud_liquid_water_content,0.00026065226010914,0.0005003491801680061,-91.96042265603242,0.022885258678295245,0.2839380840230666
normalized24_mse,r2p8_w128_di16,8,3392,total,263.94315250079455,16.52983782410818,93.73734924831648,100.0,100.0
normalized24_mse,r2p8_w128_di16,8,3392,temperature,0.4887854524215519,8.926039896560642,-1726.1672585260164,0.1851858810468972,53.99956122704561
normalized24_mse,r2p8_w128_di16,8,3392,geopotential,258.5141289562673,4.844328434297372,98.12608755511508,97.94310877433696,29.306569646025753
normalized24_mse,r2p8_w128_di16,8,3392,u_component_of_wind,0.7799976861007852,1.2531413882213613,-60.65962893887868,0.29551730314293234,7.581087010991113
normalized24_mse,r2p8_w128_di16,8,3392,v_component_of_wind,0.11498030339286223,0.1610316444891877,-40.051504246756274,0.04356252560578025,0.9741876853403169
normalized24_mse,r2p8_w128_di16,8,3392,specific_humidity,4.044407673049877,1.3438081394984802,66.77367248477407,1.5323025563384152,8.129590585205765
normalized24_mse,r2p8_w128_di16,8,3392,specific_cloud_ice_water_content,0.0004089499670297924,0.000670658402810739,-63.995221146913764,0.00015493865370444165,0.004057259423517196
normalized24_mse,r2p8_w128_di16,8,3392,specific_cloud_liquid_water_content,0.00044347959509647133,0.0008176626383257765,-84.37435394246451,0.00016802087528871822,0.004946585967910977
readme_v1,r2p8_w128_di32,0,0,total,20832.350792589317,20832.350792589317,0.0,100.0,100.0
readme_v1,r2p8_w128_di32,0,0,temperature,0.016496350804634442,0.016496350804634442,0.0,7.918621843917241e-05,7.918621843917241e-05
readme_v1,r2p8_w128_di32,0,0,geopotential,0.10027638530116288,0.10027638530116288,0.0,0.0004813493508223477,0.0004813493508223477
readme_v1,r2p8_w128_di32,0,0,u_component_of_wind,0.02230661161398653,0.02230661161398653,0.0,0.00010707678569776027,0.00010707678569776027
readme_v1,r2p8_w128_di32,0,0,v_component_of_wind,0.015066207220196689,0.015066207220196689,0.0,7.23212054664334e-05,7.23212054664334e-05
readme_v1,r2p8_w128_di32,0,0,specific_humidity,0.04326741706933395,0.04326741706933395,0.0,0.00020769339715960163,0.00020769339715960163
readme_v1,r2p8_w128_di32,0,0,specific_cloud_ice_water_content,623.3469472720234,623.3469472720234,0.0,2.992206465214508,2.992206465214508
readme_v1,r2p8_w128_di32,0,0,specific_cloud_liquid_water_content,20208.806432345285,20208.806432345285,0.0,97.00684590782791,97.00684590782791
current_v2,r2p8_w128_di32,0,0,total,1.1389526497087266,1.1389526497087266,0.0,100.0,100.0
current_v2,r2p8_w128_di32,0,0,temperature,0.012342242251354033,0.012342242251354033,0.0,1.0836484075532387,1.0836484075532387
current_v2,r2p8_w128_di32,0,0,geopotential,1.0827033166100655,1.0827033166100655,0.0,95.06131066001329,95.06131066001329
current_v2,r2p8_w128_di32,0,0,u_component_of_wind,0.015357475675661867,0.015357475675661867,0.0,1.3483857893117293,1.3483857893117293
current_v2,r2p8_w128_di32,0,0,v_component_of_wind,0.009351332768317849,0.009351332768317849,0.0,0.8210466669276673,0.8210466669276673
current_v2,r2p8_w128_di32,0,0,specific_humidity,0.018847286878164386,0.018847286878164386,0.0,1.6547910822266714,1.6547910822266714
current_v2,r2p8_w128_di32,0,0,specific_cloud_ice_water_content,9.034326505392342e-05,9.034326505392342e-05,0.0,0.007932135289120897,0.007932135289120897
current_v2,r2p8_w128_di32,0,0,specific_cloud_liquid_water_content,0.00026065226010914,0.00026065226010914,0.0,0.022885258678295245,0.022885258678295245
normalized24_mse,r2p8_w128_di32,0,0,total,263.94315250079455,263.94315250079455,0.0,100.0,100.0
normalized24_mse,r2p8_w128_di32,0,0,temperature,0.4887854524215519,0.4887854524215519,0.0,0.1851858810468972,0.1851858810468972
normalized24_mse,r2p8_w128_di32,0,0,geopotential,258.5141289562673,258.5141289562673,0.0,97.94310877433696,97.94310877433696
normalized24_mse,r2p8_w128_di32,0,0,u_component_of_wind,0.7799976861007852,0.7799976861007852,0.0,0.29551730314293234,0.29551730314293234
normalized24_mse,r2p8_w128_di32,0,0,v_component_of_wind,0.11498030339286223,0.11498030339286223,0.0,0.04356252560578025,0.04356252560578025
normalized24_mse,r2p8_w128_di32,0,0,specific_humidity,4.044407673049877,4.044407673049877,0.0,1.5323025563384152,1.5323025563384152
normalized24_mse,r2p8_w128_di32,0,0,specific_cloud_ice_water_content,0.0004089499670297924,0.0004089499670297924,0.0,0.00015493865370444165,0.00015493865370444165
normalized24_mse,r2p8_w128_di32,0,0,specific_cloud_liquid_water_content,0.00044347959509647133,0.00044347959509647133,0.0,0.00016802087528871822,0.00016802087528871822
readme_v1,r2p8_w128_di32,1,424,total,20832.350792589317,76894.38978155791,-269.1104789235381,100.0,100.0
readme_v1,r2p8_w128_di32,1,424,temperature,0.016496350804634442,0.07639022010427522,-363.07344581211464,7.918621843917241e-05,9.934433490048502e-05
readme_v1,r2p8_w128_di32,1,424,geopotential,0.10027638530116288,0.013604889482683407,86.43260879236576,0.0004813493508223477,1.7692954611295136e-05
readme_v1,r2p8_w128_di32,1,424,u_component_of_wind,0.02230661161398653,0.02819040521149348,-26.37690429781696,0.00010707678569776027,3.666119893997074e-05
readme_v1,r2p8_w128_di32,1,424,v_component_of_wind,0.015066207220196689,0.024676062975534208,-63.78417351418895,7.23212054664334e-05,3.209084959986565e-05
readme_v1,r2p8_w128_di32,1,424,specific_humidity,0.04326741706933395,0.06496170656950906,-50.14001521147207,0.00020769339715960163,8.448172454980487e-05
readme_v1,r2p8_w128_di32,1,424,specific_cloud_ice_water_content,623.3469472720234,730.1286884161741,-17.130386474412628,2.992206465214508,0.9495214026541189
readme_v1,r2p8_w128_di32,1,424,specific_cloud_liquid_water_content,20208.806432345285,76164.0532698574,-276.8854609243657,97.00684590782791,99.05020832628328
current_v2,r2p8_w128_di32,1,424,total,1.1389526497087266,0.19720480143232713,82.68542581794249,100.0,100.0
current_v2,r2p8_w128_di32,1,424,temperature,0.012342242251354033,0.09020373145934676,-630.8536781430519,1.0836484075532387,45.741143625400575
current_v2,r2p8_w128_di32,1,424,geopotential,1.0827033166100655,0.04282702390275142,96.04443588139708,95.06131066001329,21.717028993053173
current_v2,r2p8_w128_di32,1,424,u_component_of_wind,0.015357475675661867,0.020783366776647754,-35.33061823164532,1.3483857893117293,10.538976042010713
current_v2,r2p8_w128_di32,1,424,v_component_of_wind,0.009351332768317849,0.01457272675435109,-55.835826992738745,0.8210466669276673,7.389640946116553
current_v2,r2p8_w128_di32,1,424,specific_humidity,0.018847286878164386,0.028297319360290514,-50.14001507598691,1.6547910822266714,14.34920405322942
current_v2,r2p8_w128_di32,1,424,specific_cloud_ice_water_content,9.034326505392342e-05,9.83259613663344e-05,-8.835961715183016,0.007932135289120897,0.04985982118699882
current_v2,r2p8_w128_di32,1,424,specific_cloud_liquid_water_content,0.00026065226010914,0.0004223072175732675,-62.01939603226134,0.022885258678295245,0.21414651900257436
normalized24_mse,r2p8_w128_di32,1,424,total,263.94315250079455,20.3588493692019,92.28665370694145,100.0,100.0
normalized24_mse,r2p8_w128_di32,1,424,temperature,0.4887854524215519,10.792329950832414,-2107.9891898101323,0.1851858810468972,53.01051034425671
normalized24_mse,r2p8_w128_di32,1,424,geopotential,258.5141289562673,6.596691202362394,97.44822798312956,97.94310877433696,32.40208266554406
normalized24_mse,r2p8_w128_di32,1,424,u_component_of_wind,0.7799976861007852,1.4385263594374131,-84.4270034477433,0.29551730314293234,7.065852953426542
normalized24_mse,r2p8_w128_di32,1,424,v_component_of_wind,0.11498030339286223,0.14948164525032626,-30.006306158003927,0.04356252560578025,0.7342342513543838
normalized24_mse,r2p8_w128_di32,1,424,specific_humidity,4.044407673049877,1.3806788635342042,65.86202541513235,1.5323025563384152,6.7817136346754605
normalized24_mse,r2p8_w128_di32,1,424,specific_cloud_ice_water_content,0.0004089499670297924,0.00043741994246390535,-6.961725817192432,0.00015493865370444165,0.002148549431902658
normalized24_mse,r2p8_w128_di32,1,424,specific_cloud_liquid_water_content,0.00044347959509647133,0.00070392784268335,-58.72834972942162,0.00016802087528871822,0.0034576013109474915
readme_v1,r2p8_w128_di32,2,848,total,20832.350792589317,52579.06841927031,-152.39143168602095,100.0,100.0
readme_v1,r2p8_w128_di32,2,848,temperature,0.016496350804634442,0.07067561035028022,-328.4317858372944,7.918621843917241e-05,0.0001344177682774948
readme_v1,r2p8_w128_di32,2,848,geopotential,0.10027638530116288,0.012736216743754422,87.29888726492943,0.0004813493508223477,2.422297908018199e-05
readme_v1,r2p8_w128_di32,2,848,u_component_of_wind,0.02230661161398653,0.028696667420573026,-28.646465528542443,0.00010707678569776027,5.457812069195135e-05
readme_v1,r2p8_w128_di32,2,848,v_component_of_wind,0.015066207220196689,0.023447965849242566,-55.632837824040315,7.23212054664334e-05,4.459562817329957e-05
readme_v1,r2p8_w128_di32,2,848,specific_humidity,0.04326741706933395,0.06416883869008586,-48.307532634218454,0.00020769339715960163,0.00012204255537279141
readme_v1,r2p8_w128_di32,2,848,specific_cloud_ice_water_content,623.3469472720234,739.9015861052386,-18.698196781631427,2.992206465214508,1.4072169940425638
readme_v1,r2p8_w128_di32,2,848,specific_cloud_liquid_water_content,20208.806432345285,51838.96710786602,-156.51671849800567,97.00684590782791,98.59240314890583
current_v2,r2p8_w128_di32,2,848,total,1.1389526497087266,0.18953252616093805,83.35905129950673,100.0,100.00000000000001
current_v2,r2p8_w128_di32,2,848,temperature,0.012342242251354033,0.08400206692038953,-580.6062076052177,1.0836484075532387,44.32066021694911
current_v2,r2p8_w128_di32,2,848,geopotential,1.0827033166100655,0.04239739594250682,96.08411692362293,95.06131066001329,22.369456473400163
current_v2,r2p8_w128_di32,2,848,u_component_of_wind,0.015357475675661867,0.020744200555488673,-35.075587899927775,1.3483857893117293,10.944929071369057
current_v2,r2p8_w128_di32,2,848,v_component_of_wind,0.009351332768317849,0.01394794810584946,-49.154654757927794,0.8210466669276673,7.359131642663707
current_v2,r2p8_w128_di32,2,848,specific_humidity,0.018847286878164386,0.02795194614589297,-48.30753267875829,1.6547910822266714,14.74783601109083
current_v2,r2p8_w128_di32,2,848,specific_cloud_ice_water_content,9.034326505392342e-05,9.98883363014871e-05,-10.565337927366802,0.007932135289120897,0.05270247715511836
current_v2,r2p8_w128_di32,2,848,specific_cloud_liquid_water_content,0.00026065226010914,0.0003890801545091008,-49.271736353325934,0.022885258678295245,0.20528410737200883
normalized24_mse,r2p8_w128_di32,2,848,total,263.94315250079455,19.721367828241792,92.52817599494935,100.0,100.0
normalized24_mse,r2p8_w128_di32,2,848,temperature,0.4887854524215519,10.024209822780382,-1950.840460393863,0.1851858810468972,50.829181373643415
normalized24_mse,r2p8_w128_di32,2,848,geopotential,258.5141289562673,6.937965751865764,97.31621409635237,97.94310877433696,35.17994194059054
normalized24_mse,r2p8_w128_di32,2,848,u_component_of_wind,0.7799976861007852,1.3430281131152317,-72.18360221413478,0.29551730314293234,6.810015029444163
normalized24_mse,r2p8_w128_di32,2,848,v_component_of_wind,0.11498030339286223,0.15254123089669042,-32.66727117208137,0.04356252560578025,0.7734820029990275
normalized24_mse,r2p8_w128_di32,2,848,specific_humidity,4.044407673049877,1.2625305285622377,68.78330201539336,1.5323025563384152,6.401840580014147
normalized24_mse,r2p8_w128_di32,2,848,specific_cloud_ice_water_content,0.0004089499670297924,0.00044527684302162634,-8.88296342353967,0.00015493865370444165,0.0022578395520009113
normalized24_mse,r2p8_w128_di32,2,848,specific_cloud_liquid_water_content,0.00044347959509647133,0.0006471041784670092,-45.915209092369366,0.00016802087528871822,0.0032812337567190955
readme_v1,r2p8_w128_di32,3,1272,total,20832.350792589317,53532.730017667454,-156.9692232559305,100.0,99.99999999999999
readme_v1,r2p8_w128_di32,3,1272,temperature,0.016496350804634442,0.07017467802633967,-325.3951607686773,7.918621843917241e-05,0.00013108742633372117
readme_v1,r2p8_w128_di32,3,1272,geopotential,0.10027638530116288,0.012394469441932338,87.63969263081465,0.0004813493508223477,2.3153068109625236e-05
readme_v1,r2p8_w128_di32,3,1272,u_component_of_wind,0.02230661161398653,0.02916443355315304,-30.743449780004116,0.00010707678569776027,5.447963058025973e-05
readme_v1,r2p8_w128_di32,3,1272,v_component_of_wind,0.015066207220196689,0.024733767045146942,-64.16717680605512,7.23212054664334e-05,4.620307433785655e-05
readme_v1,r2p8_w128_di32,3,1272,specific_humidity,0.04326741706933395,0.06641028839162967,-53.48798909167696,0.00020769339715960163,0.00012405548599840176
readme_v1,r2p8_w128_di32,3,1272,specific_cloud_ice_water_content,623.3469472720234,721.1690896761638,-15.693049084822363,2.992206465214508,1.3471554494570999
readme_v1,r2p8_w128_di32,3,1272,specific_cloud_liquid_water_content,20208.806432345285,52811.35805035483,-161.32843731843263,97.00684590782791,98.65246557185753
current_v2,r2p8_w128_di32,3,1272,total,1.1389526497087266,0.18699329030996895,83.58199611214827,100.0,100.00000000000001
current_v2,r2p8_w128_di32,3,1272,temperature,0.012342242251354033,0.08325711195673381,-574.5703921635463,1.0836484075532387,44.52411731924866
current_v2,r2p8_w128_di32,3,1272,geopotential,1.0827033166100655,0.038439513600813366,96.44967249928013,95.06131066001329,20.556627212181894
current_v2,r2p8_w128_di32,3,1272,u_component_of_wind,0.015357475675661867,0.021119824085791192,-37.52145555575481,1.3483857893117293,11.294428827249346
current_v2,r2p8_w128_di32,3,1272,v_component_of_wind,0.009351332768317849,0.014715407776713348,-57.36160974368156,0.8210466669276673,7.869484382204511
current_v2,r2p8_w128_di32,3,1272,specific_humidity,0.018847286878164386,0.028928321635268515,-53.48798913218411,1.6547910822266714,15.470245797223823
current_v2,r2p8_w128_di32,3,1272,specific_cloud_ice_water_content,9.034326505392342e-05,0.00011503662557638854,-27.33281834315633,0.007932135289120897,0.06151911942171742
current_v2,r2p8_w128_di32,3,1272,specific_cloud_liquid_water_content,0.00026065226010914,0.0004180746290723352,-60.3955511060136,0.022885258678295245,0.2235773424700506
normalized24_mse,r2p8_w128_di32,3,1272,total,263.94315250079455,18.57141362134591,92.96385852582783,100.0,100.0
normalized24_mse,r2p8_w128_di32,3,1272,temperature,0.4887854524215519,9.949104081971461,-1935.474671490607,0.1851858810468972,53.57214202873603
normalized24_mse,r2p8_w128_di32,3,1272,geopotential,258.5141289562673,5.693515242810185,97.79759997420746,97.94310877433696,30.657414448333
normalized24_mse,r2p8_w128_di32,3,1272,u_component_of_wind,0.7799976861007852,1.3797151070611038,-76.88707692945998,0.29551730314293234,7.429241172439692
normalized24_mse,r2p8_w128_di32,3,1272,v_component_of_wind,0.11498030339286223,0.1608187417992846,-39.86633975890859,0.04356252560578025,0.8659477683187248
normalized24_mse,r2p8_w128_di32,3,1272,specific_humidity,4.044407673049877,1.38704005912065,65.70474167667952,1.5323025563384152,7.468683253742146
normalized24_mse,r2p8_w128_di32,3,1272,specific_cloud_ice_water_content,0.0004089499670297924,0.0005278484217934329,-29.074083469721536,0.00015493865370444165,0.002842263020768252
normalized24_mse,r2p8_w128_di32,3,1272,specific_cloud_liquid_water_content,0.00044347959509647133,0.0006925401614349381,-56.16054697720374,0.00016802087528871822,0.003729065409640842
readme_v1,r2p8_w128_di32,4,1696,total,20832.350792589317,56392.90653320638,-170.6987180403423,100.0,100.0
readme_v1,r2p8_w128_di32,4,1696,temperature,0.016496350804634442,0.06743054793642748,-308.76039031301224,7.918621843917241e-05,0.00011957274785388426
readme_v1,r2p8_w128_di32,4,1696,geopotential,0.10027638530116288,0.01238586179872093,87.64827654933698,0.0004813493508223477,2.19635102358621e-05
readme_v1,r2p8_w128_di32,4,1696,u_component_of_wind,0.02230661161398653,0.029155315142249585,-30.702572164608057,0.00010707678569776027,5.170032355945651e-05
readme_v1,r2p8_w128_di32,4,1696,v_component_of_wind,0.015066207220196689,0.024451330098351327,-62.292538135102824,7.23212054664334e-05,4.335887543578449e-05
readme_v1,r2p8_w128_di32,4,1696,specific_humidity,0.04326741706933395,0.06553127818014161,-51.45641366835208,0.00020769339715960163,0.00011620482469998989
readme_v1,r2p8_w128_di32,4,1696,specific_cloud_ice_water_content,623.3469472720234,767.6923673665716,-23.15651351566772,2.992206465214508,1.3613278948736645
readme_v1,r2p8_w128_di32,4,1696,specific_cloud_liquid_water_content,20208.806432345285,55625.01521150665,-175.25136329910018,97.00684590782791,98.63831930484456
current_v2,r2p8_w128_di32,4,1696,total,1.1389526497087266,0.18371654938804055,83.86969384240655,100.0,100.0
current_v2,r2p8_w128_di32,4,1696,temperature,0.012342242251354033,0.07899775199892946,-540.0599695753244,1.0836484075532387,42.99980173918507
current_v2,r2p8_w128_di32,4,1696,geopotential,1.0827033166100655,0.03995778380407464,96.30944292946455,95.06131066001329,21.74969208662689
current_v2,r2p8_w128_di32,4,1696,u_component_of_wind,0.015357475675661867,0.020984269818423065,-36.63879573436925,1.3483857893117293,11.422090110184207
current_v2,r2p8_w128_di32,4,1696,v_component_of_wind,0.009351332768317849,0.014666937097243591,-56.84328063840181,0.8210466669276673,7.983459925683956
current_v2,r2p8_w128_di32,4,1696,specific_humidity,0.018847286878164386,0.02854542479359431,-51.456413743379414,1.6547910822266714,15.53775361483713
current_v2,r2p8_w128_di32,4,1696,specific_cloud_ice_water_content,9.034326505392342e-05,0.0001290702442768932,-42.86648174587748,0.007932135289120897,0.0702550993401661
current_v2,r2p8_w128_di32,4,1696,specific_cloud_liquid_water_content,0.00026065226010914,0.000435311631498594,-67.0085773729032,0.022885258678295245,0.2369474241425806
normalized24_mse,r2p8_w128_di32,4,1696,total,263.94315250079455,18.49112874133667,92.99427601506692,100.0,100.0
normalized24_mse,r2p8_w128_di32,4,1696,temperature,0.4887854524215519,9.301930751561876,-1803.0702950503216,0.1851858810468972,50.30482931400253
normalized24_mse,r2p8_w128_di32,4,1696,geopotential,258.5141289562673,6.281518342999387,97.57014505614816,97.94310877433696,33.97044296683273
normalized24_mse,r2p8_w128_di32,4,1696,u_component_of_wind,0.7799976861007852,1.327722467539206,-70.22133413965643,0.29551730314293234,7.1803213644340715
normalized24_mse,r2p8_w128_di32,4,1696,v_component_of_wind,0.11498030339286223,0.1559422488312778,-35.62518468790057,0.04356252560578025,0.84333547731281
normalized24_mse,r2p8_w128_di32,4,1696,specific_humidity,4.044407673049877,1.4226931601964283,64.8232009429559,1.5323025563384152,7.693922745862544
normalized24_mse,r2p8_w128_di32,4,1696,specific_cloud_ice_water_content,0.0004089499670297924,0.0006028404876586577,-47.41179514870586,0.00015493865370444165,0.003260160567218462
normalized24_mse,r2p8_w128_di32,4,1696,specific_cloud_liquid_water_content,0.00044347959509647133,0.0007189297208360161,-62.11111599838666,0.00016802087528871822,0.0038879709881033835
readme_v1,r2p8_w128_di32,5,2120,total,20832.350792589317,51848.232945964075,-148.88325596172288,100.0,100.0
readme_v1,r2p8_w128_di32,5,2120,temperature,0.016496350804634442,0.06808324283740688,-312.71699204092914,7.918621843917241e-05,0.00013131256162261662
readme_v1,r2p8_w128_di32,5,2120,geopotential,0.10027638530116288,0.012154384738510413,87.87911560433017,0.0004813493508223477,2.344223524681669e-05
readme_v1,r2p8_w128_di32,5,2120,u_component_of_wind,0.02230661161398653,0.029910875250612128,-34.089729844301544,0.00010707678569776027,5.7689285730885115e-05
readme_v1,r2p8_w128_di32,5,2120,v_component_of_wind,0.015066207220196689,0.0244863890835612,-62.52523761080682,7.23212054664334e-05,4.7227046501431924e-05
readme_v1,r2p8_w128_di32,5,2120,specific_humidity,0.04326741706933395,0.0680902288316415,-57.370680857907885,0.00020769339715960163,0.00013132603555188608
readme_v1,r2p8_w128_di32,5,2120,specific_cloud_ice_water_content,623.3469472720234,756.6213936063493,-21.38046025854139,2.992206465214508,1.4593002511674713
readme_v1,r2p8_w128_di32,5,2120,specific_cloud_liquid_water_content,20208.806432345285,51091.408827236985,-152.8175476284558,97.00684590782791,98.54030875166788
current_v2,r2p8_w128_di32,5,2120,total,1.1389526497087266,0.18250329675536314,83.97621737812926,100.0,100.0
current_v2,r2p8_w128_di32,5,2120,temperature,0.012342242251354033,0.07939255231232747,-543.2587425807295,1.0836484075532387,43.50198255253951
current_v2,r2p8_w128_di32,5,2120,geopotential,1.0827033166100655,0.03644522174658496,96.63386809780037,95.06131066001329,19.969623779146314
current_v2,r2p8_w128_di32,5,2120,u_component_of_wind,0.015357475675661867,0.021664139435691336,-41.065757766584696,1.3483857893117293,11.870546900164257
current_v2,r2p8_w128_di32,5,2120,v_component_of_wind,0.009351332768317849,0.014744333691591805,-57.67093372556849,0.8210466669276673,8.078941012970233
current_v2,r2p8_w128_di32,5,2120,specific_humidity,0.018847286878164386,0.029660103698309005,-57.37068093695681,1.6547910822266714,16.251818035959612
current_v2,r2p8_w128_di32,5,2120,specific_cloud_ice_water_content,9.034326505392342e-05,0.00013513286324205409,-49.57713025027044,0.007932135289120897,0.07404406695359217
current_v2,r2p8_w128_di32,5,2120,specific_cloud_liquid_water_content,0.00026065226010914,0.0004618130076165017,-77.17590763384592,0.022885258678295245,0.2530436522664792
normalized24_mse,r2p8_w128_di32,5,2120,total,263.94315250079455,17.533397738053832,93.35713104434447,100.0,100.0
normalized24_mse,r2p8_w128_di32,5,2120,temperature,0.4887854524215519,9.337498038921336,-1810.3469615679626,0.1851858810468972,53.25549661521439
normalized24_mse,r2p8_w128_di32,5,2120,geopotential,258.5141289562673,5.258853744971136,97.96573836555727,97.94310877433696,29.993352250017782
normalized24_mse,r2p8_w128_di32,5,2120,u_component_of_wind,0.7799976861007852,1.3371373646132643,-71.42837580680845,0.29551730314293234,7.626230720308085
normalized24_mse,r2p8_w128_di32,5,2120,v_component_of_wind,0.11498030339286223,0.15947611903005152,-38.698641701402494,0.04356252560578025,0.9095562731913079
normalized24_mse,r2p8_w128_di32,5,2120,specific_humidity,4.044407673049877,1.439040366993656,64.41900808905152,1.5323025563384152,8.207424416491827
normalized24_mse,r2p8_w128_di32,5,2120,specific_cloud_ice_water_content,0.0004089499670297924,0.0006336391653435428,-54.94295547831199,0.00015493865370444165,0.0036138983145766208
normalized24_mse,r2p8_w128_di32,5,2120,specific_cloud_liquid_water_content,0.00044347959509647133,0.0007584643590462622,-71.02576250013743,0.00016802087528871822,0.0043258264620331935
readme_v1,r2p8_w128_di32,6,2544,total,20832.350792589317,54243.44134457692,-160.3807985216575,100.0,100.0
readme_v1,r2p8_w128_di32,6,2544,temperature,0.016496350804634442,0.06907479177299507,-318.7277088796473,7.918621843917241e-05,0.00012734220038548667
readme_v1,r2p8_w128_di32,6,2544,geopotential,0.10027638530116288,0.011407751695184635,88.62369075139334,0.0004813493508223477,2.103065626444651e-05
readme_v1,r2p8_w128_di32,6,2544,u_component_of_wind,0.02230661161398653,0.030231679093005198,-35.52788570564231,0.00010707678569776027,5.5733335392496555e-05
readme_v1,r2p8_w128_di32,6,2544,v_component_of_wind,0.015066207220196689,0.024475802161492918,-62.4549682861284,7.23212054664334e-05,4.51221411377874e-05
readme_v1,r2p8_w128_di32,6,2544,specific_humidity,0.04326741706933395,0.06668319459701912,-54.11873209385831,0.00020769339715960163,0.00012293319329321256
readme_v1,r2p8_w128_di32,6,2544,specific_cloud_ice_water_content,623.3469472720234,787.0924908106829,-26.26876481151712,2.992206465214508,1.4510371600701804
readme_v1,r2p8_w128_di32,6,2544,specific_cloud_liquid_water_content,20208.806432345285,53456.14698054692,-164.51907073040925,97.00684590782791,98.54859067840336
current_v2,r2p8_w128_di32,6,2544,total,1.1389526497087266,0.18001632909308277,84.19457304576096,100.0,100.0
current_v2,r2p8_w128_di32,6,2544,temperature,0.012342242251354033,0.07979451003284833,-546.5155067272667,1.0836484075532387,44.32626219790774
current_v2,r2p8_w128_di32,6,2544,geopotential,1.0827033166100655,0.034006647453975074,96.8590982467432,95.06131066001329,18.890868192513206
current_v2,r2p8_w128_di32,6,2544,u_component_of_wind,0.015357475675661867,0.021849982468323648,-42.275872218706745,1.3483857893117293,12.137778044027032
current_v2,r2p8_w128_di32,6,2544,v_component_of_wind,0.009351332768317849,0.014695344313655795,-57.14705783375995,0.8210466669276673,8.16333961907263
current_v2,r2p8_w128_di32,6,2544,specific_humidity,0.018847286878164386,0.029047199598937957,-54.11873224358212,1.6547910822266714,16.13586930989924
current_v2,r2p8_w128_di32,6,2544,specific_cloud_ice_water_content,9.034326505392342e-05,0.00013596034277867376,-50.49305855563531,0.007932135289120897,0.07552667219892671
current_v2,r2p8_w128_di32,6,2544,specific_cloud_liquid_water_content,0.00026065226010914,0.0004866848825632913,-86.71807501669358,0.022885258678295245,0.2703559643812293
normalized24_mse,r2p8_w128_di32,6,2544,total,263.94315250079455,17.244680297985223,93.4665172653292,100.0,100.0
normalized24_mse,r2p8_w128_di32,6,2544,temperature,0.4887854524215519,9.396151798535309,-1822.3468603626973,0.1851858810468972,54.48724845095044
normalized24_mse,r2p8_w128_di32,6,2544,geopotential,258.5141289562673,4.904357134288401,98.10286689006539,97.94310877433696,28.439826366983446
normalized24_mse,r2p8_w128_di32,6,2544,u_component_of_wind,0.7799976861007852,1.3088858998955044,-67.8063824059063,0.29551730314293234,7.5900850423328965
normalized24_mse,r2p8_w128_di32,6,2544,v_component_of_wind,0.11498030339286223,0.1616829230111631,-40.617930410853376,0.04356252560578025,0.9375814466682416
normalized24_mse,r2p8_w128_di32,6,2544,specific_humidity,4.044407673049877,1.4721662158371203,63.59995492919823,1.5323025563384152,8.53692959450875
normalized24_mse,r2p8_w128_di32,6,2544,specific_cloud_ice_water_content,0.0004089499670297924,0.0006392622755363484,-56.31796725142604,0.00015493865370444165,0.0037070114637673887
normalized24_mse,r2p8_w128_di32,6,2544,specific_cloud_liquid_water_content,0.00044347959509647133,0.0007970641421862525,-79.72960898299388,0.00016802087528871822,0.004622087092443095
readme_v1,r2p8_w128_di32,7,2968,total,20832.350792589317,53382.27641942024,-156.247011923445,100.0,100.0
readme_v1,r2p8_w128_di32,7,2968,temperature,0.016496350804634442,0.06652406189039425,-303.2653201804193,7.918621843917241e-05,0.00012461825600639445
readme_v1,r2p8_w128_di32,7,2968,geopotential,0.10027638530116288,0.011389072170460552,88.64231879095419,0.0004813493508223477,2.13349316184599e-05
readme_v1,r2p8_w128_di32,7,2968,u_component_of_wind,0.02230661161398653,0.02995550372013609,-34.28979819307747,0.00010707678569776027,5.61150736337621e-05
readme_v1,r2p8_w128_di32,7,2968,v_component_of_wind,0.015066207220196689,0.02483279867690029,-64.82448644149272,7.23212054664334e-05,4.6518808006221e-05
readme_v1,r2p8_w128_di32,7,2968,specific_humidity,0.04326741706933395,0.06788274527724723,-56.891143209377184,0.00020769339715960163,0.0001271634516742935
readme_v1,r2p8_w128_di32,7,2968,specific_cloud_ice_water_content,623.3469472720234,792.1973507074773,-27.087708406113208,2.992206465214508,1.484008183696114
readme_v1,r2p8_w128_di32,7,2968,specific_cloud_liquid_water_content,20208.806432345285,52589.87848453103,-160.23248161929095,97.00684590782791,98.51561606578295
current_v2,r2p8_w128_di32,7,2968,total,1.1389526497087266,0.1777265746024787,84.39561340430349,100.0,100.0
current_v2,r2p8_w128_di32,7,2968,temperature,0.012342242251354033,0.07635389295568919,-518.6387481360011,1.0836484075532387,42.961438449185245
current_v2,r2p8_w128_di32,7,2968,geopotential,1.0827033166100655,0.03470219726722869,96.79485628843541,95.06131066001329,19.52560968715407
current_v2,r2p8_w128_di32,7,2968,u_component_of_wind,0.015357475675661867,0.021574069341819675,-40.4792675401056,1.3483857893117293,12.138910227732923
current_v2,r2p8_w128_di32,7,2968,v_component_of_wind,0.009351332768317849,0.01489101015620428,-59.23944238894761,0.8210466669276673,8.37860640115921
current_v2,r2p8_w128_di32,7,2968,specific_humidity,0.018847286878164386,0.029569723868199345,-56.891143321310025,1.6547910822266714,16.63776164838488
current_v2,r2p8_w128_di32,7,2968,specific_cloud_ice_water_content,9.034326505392342e-05,0.00013605673266899477,-50.59975150088525,0.007932135289120897,0.07655396103442215
current_v2,r2p8_w128_di32,7,2968,specific_cloud_liquid_water_content,0.00026065226010914,0.0004996242806685282,-91.68231284828533,0.022885258678295245,0.2811196253492414
normalized24_mse,r2p8_w128_di32,7,2968,total,263.94315250079455,16.895322896446263,93.59887811584906,100.0,100.0
normalized24_mse,r2p8_w128_di32,7,2968,temperature,0.4887854524215519,8.901059448655273,-1721.0565401563083,0.1851858810468972,52.683571087756526
normalized24_mse,r2p8_w128_di32,7,2968,geopotential,258.5141289562673,5.126665354726148,98.01687227873204,97.94310877433696,30.343695625991753
normalized24_mse,r2p8_w128_di32,7,2968,u_component_of_wind,0.7799976861007852,1.2902613847551125,-65.41861697117844,0.29551730314293234,7.636796246294318
normalized24_mse,r2p8_w128_di32,7,2968,v_component_of_wind,0.11498030339286223,0.1605410368265962,-39.624815806984806,0.04356252560578025,0.9502099356761282
normalized24_mse,r2p8_w128_di32,7,2968,specific_humidity,4.044407673049877,1.415339508173879,65.00502366254845,1.5323025563384152,8.377108368089132
normalized24_mse,r2p8_w128_di32,7,2968,specific_cloud_ice_water_content,0.0004089499670297924,0.0006403507710163429,-56.58413562598301,0.00015493865370444165,0.0037901067351073436
normalized24_mse,r2p8_w128_di32,7,2968,specific_cloud_liquid_water_content,0.00044347959509647133,0.000815812538242118,-83.9571757669374,0.00016802087528871822,0.004828629457053554
readme_v1,r2p8_w128_di32,8,3392,total,20832.350792589317,53672.68604217736,-157.64104385795156,100.0,100.0
readme_v1,r2p8_w128_di32,8,3392,temperature,0.016496350804634442,0.0665529629014119,-303.44051656997186,7.918621843917241e-05,0.00012399782423617273
readme_v1,r2p8_w128_di32,8,3392,geopotential,0.10027638530116288,0.01122280069189946,88.80813198621618,0.0004813493508223477,2.0909705698500534e-05
readme_v1,r2p8_w128_di32,8,3392,u_component_of_wind,0.02230661161398653,0.030280823520436633,-35.748198984422054,0.00010707678569776027,5.641756683584122e-05
readme_v1,r2p8_w128_di32,8,3392,v_component_of_wind,0.015066207220196689,0.0249540103247801,-65.62901306261422,7.23212054664334e-05,4.6492941130560536e-05
readme_v1,r2p8_w128_di32,8,3392,specific_humidity,0.04326741706933395,0.06660176578708801,-53.93053317779957,0.00020769339715960163,0.00012408875109166449
readme_v1,r2p8_w128_di32,8,3392,specific_cloud_ice_water_content,623.3469472720234,819.2573994444392,-31.428797883712445,2.992206465214508,1.5263953788350484
readme_v1,r2p8_w128_di32,8,3392,specific_cloud_liquid_water_content,20208.806432345285,52853.229030369694,-161.5356290699843,97.00684590782791,98.47323271437597
current_v2,r2p8_w128_di32,8,3392,total,1.1389526497087266,0.17639531430104466,84.51249800892464,100.0,100.0
current_v2,r2p8_w128_di32,8,3392,temperature,0.012342242251354033,0.0764091598928659,-519.0865349809777,1.0836484075532387,43.31700090539955
current_v2,r2p8_w128_di32,8,3392,geopotential,1.0827033166100655,0.033680561763187254,96.88921597943924,95.06131066001329,19.093796168364428
current_v2,r2p8_w128_di32,8,3392,u_component_of_wind,0.015357475675661867,0.02164168835003349,-40.91956781888759,1.3483857893117293,12.268856707326565
current_v2,r2p8_w128_di32,8,3392,v_component_of_wind,0.009351332768317849,0.015013414206293284,-60.54839003439667,0.8210466669276673,8.511231869045384
current_v2,r2p8_w128_di32,8,3392,specific_humidity,0.018847286878164386,0.029011729195296414,-53.93053325308106,1.6547910822266714,16.446995380945104
current_v2,r2p8_w128_di32,8,3392,specific_cloud_ice_water_content,9.034326505392342e-05,0.00013692654507142693,-51.56253760554175,0.007932135289120897,0.07762481991882253
current_v2,r2p8_w128_di32,8,3392,specific_cloud_liquid_water_content,0.00026065226010914,0.0005018343482968926,-92.53021174140792,0.022885258678295245,0.2844941490001475
normalized24_mse,r2p8_w128_di32,8,3392,total,263.94315250079455,16.59214011999183,93.71374481103771,100.0,100.0
normalized24_mse,r2p8_w128_di32,8,3392,temperature,0.4887854524215519,8.922735271865141,-1725.4911695223182,0.1851858810468972,53.77687994036501
normalized24_mse,r2p8_w128_di32,8,3392,geopotential,258.5141289562673,4.9152790814569824,98.09864199635739,97.94310877433696,29.62414158698295
normalized24_mse,r2p8_w128_di32,8,3392,u_component_of_wind,0.7799976861007852,1.2486680407975932,-60.0861211575761,0.29551730314293234,7.525659931554436
normalized24_mse,r2p8_w128_di32,8,3392,v_component_of_wind,0.11498030339286223,0.1627435928367789,-41.540409995893015,0.04356252560578025,0.9808475076743689
normalized24_mse,r2p8_w128_di32,8,3392,specific_humidity,4.044407673049877,1.3412483932536448,66.83696348933556,1.5323025563384152,8.083637092948472
normalized24_mse,r2p8_w128_di32,8,3392,specific_cloud_ice_water_content,0.0004089499670297924,0.0006463340987348927,-58.04723091903481,0.00015493865370444165,0.0038954233393685383
normalized24_mse,r2p8_w128_di32,8,3392,specific_cloud_liquid_water_content,0.00044347959509647133,0.0008194056829526335,-84.76739223467224,0.00016802087528871822,0.0049385171353834795
readme_v1,r2p8_w256_di16,0,0,total,20832.350792589317,20832.350792589317,0.0,100.0,100.0
readme_v1,r2p8_w256_di16,0,0,temperature,0.016496350804634442,0.016496350804634442,0.0,7.918621843917241e-05,7.918621843917241e-05
readme_v1,r2p8_w256_di16,0,0,geopotential,0.10027638530116288,0.10027638530116288,0.0,0.0004813493508223477,0.0004813493508223477
readme_v1,r2p8_w256_di16,0,0,u_component_of_wind,0.02230661161398653,0.02230661161398653,0.0,0.00010707678569776027,0.00010707678569776027
readme_v1,r2p8_w256_di16,0,0,v_component_of_wind,0.015066207220196689,0.015066207220196689,0.0,7.23212054664334e-05,7.23212054664334e-05
readme_v1,r2p8_w256_di16,0,0,specific_humidity,0.04326741706933395,0.04326741706933395,0.0,0.00020769339715960163,0.00020769339715960163
readme_v1,r2p8_w256_di16,0,0,specific_cloud_ice_water_content,623.3469472720234,623.3469472720234,0.0,2.992206465214508,2.992206465214508
readme_v1,r2p8_w256_di16,0,0,specific_cloud_liquid_water_content,20208.806432345285,20208.806432345285,0.0,97.00684590782791,97.00684590782791
current_v2,r2p8_w256_di16,0,0,total,1.1389526497087266,1.1389526497087266,0.0,100.0,100.0
current_v2,r2p8_w256_di16,0,0,temperature,0.012342242251354033,0.012342242251354033,0.0,1.0836484075532387,1.0836484075532387
current_v2,r2p8_w256_di16,0,0,geopotential,1.0827033166100655,1.0827033166100655,0.0,95.06131066001329,95.06131066001329
current_v2,r2p8_w256_di16,0,0,u_component_of_wind,0.015357475675661867,0.015357475675661867,0.0,1.3483857893117293,1.3483857893117293
current_v2,r2p8_w256_di16,0,0,v_component_of_wind,0.009351332768317849,0.009351332768317849,0.0,0.8210466669276673,0.8210466669276673
current_v2,r2p8_w256_di16,0,0,specific_humidity,0.018847286878164386,0.018847286878164386,0.0,1.6547910822266714,1.6547910822266714
current_v2,r2p8_w256_di16,0,0,specific_cloud_ice_water_content,9.034326505392342e-05,9.034326505392342e-05,0.0,0.007932135289120897,0.007932135289120897
current_v2,r2p8_w256_di16,0,0,specific_cloud_liquid_water_content,0.00026065226010914,0.00026065226010914,0.0,0.022885258678295245,0.022885258678295245
normalized24_mse,r2p8_w256_di16,0,0,total,263.94315250079455,263.94315250079455,0.0,100.0,100.0
normalized24_mse,r2p8_w256_di16,0,0,temperature,0.4887854524215519,0.4887854524215519,0.0,0.1851858810468972,0.1851858810468972
normalized24_mse,r2p8_w256_di16,0,0,geopotential,258.5141289562673,258.5141289562673,0.0,97.94310877433696,97.94310877433696
normalized24_mse,r2p8_w256_di16,0,0,u_component_of_wind,0.7799976861007852,0.7799976861007852,0.0,0.29551730314293234,0.29551730314293234
normalized24_mse,r2p8_w256_di16,0,0,v_component_of_wind,0.11498030339286223,0.11498030339286223,0.0,0.04356252560578025,0.04356252560578025
normalized24_mse,r2p8_w256_di16,0,0,specific_humidity,4.044407673049877,4.044407673049877,0.0,1.5323025563384152,1.5323025563384152
normalized24_mse,r2p8_w256_di16,0,0,specific_cloud_ice_water_content,0.0004089499670297924,0.0004089499670297924,0.0,0.00015493865370444165,0.00015493865370444165
normalized24_mse,r2p8_w256_di16,0,0,specific_cloud_liquid_water_content,0.00044347959509647133,0.00044347959509647133,0.0,0.00016802087528871822,0.00016802087528871822
readme_v1,r2p8_w256_di16,1,424,total,20832.350792589317,60297.3771989554,-189.44106116149388,100.0,100.0
readme_v1,r2p8_w256_di16,1,424,temperature,0.016496350804634442,0.07428192641566218,-350.2930817571703,7.918621843917241e-05,0.0001231926326920718
readme_v1,r2p8_w256_di16,1,424,geopotential,0.10027638530116288,0.013082801755945967,86.9532575225423,0.0004813493508223477,2.1697132385673014e-05
readme_v1,r2p8_w256_di16,1,424,u_component_of_wind,0.02230661161398653,0.027856167197369202,-24.878523369739547,0.00010707678569776027,4.6197974922617013e-05
readme_v1,r2p8_w256_di16,1,424,v_component_of_wind,0.015066207220196689,0.023655426283075175,-57.00982959642549,7.23212054664334e-05,3.923126905673268e-05
readme_v1,r2p8_w256_di16,1,424,specific_humidity,0.04326741706933395,0.06369548087749646,-47.21350427604107,0.00020769339715960163,0.00010563557460771268
readme_v1,r2p8_w256_di16,1,424,specific_cloud_ice_water_content,623.3469472720234,689.710036773011,-10.64625242674484,2.992206465214508,1.143847491902118
readme_v1,r2p8_w256_di16,1,424,specific_cloud_liquid_water_content,20208.806432345285,59607.46459037986,-194.95786794699015,97.00684590782791,98.85581655351422
current_v2,r2p8_w256_di16,1,424,total,1.1389526497087266,0.19541680339507686,82.84241197866722,100.0,100.0
current_v2,r2p8_w256_di16,1,424,temperature,0.012342242251354033,0.08806045753945341,-613.4883252659585,1.0836484075532387,45.06288917305661
current_v2,r2p8_w256_di16,1,424,geopotential,1.0827033166100655,0.0445466865765464,95.88560541995736,95.06131066001329,22.7957298464686
current_v2,r2p8_w256_di16,1,424,u_component_of_wind,0.015357475675661867,0.02061600687843237,-34.240856465129156,1.3483857893117293,10.549761596884125
current_v2,r2p8_w256_di16,1,424,v_component_of_wind,0.009351332768317849,0.013959521638686356,-49.2784182162886,0.8210466669276673,7.143460232774455
current_v2,r2p8_w256_di16,1,424,specific_humidity,0.018847286878164386,0.027745751440708545,-47.21350409778884,1.6547910822266714,14.198242402222993
current_v2,r2p8_w256_di16,1,424,specific_cloud_ice_water_content,9.034326505392342e-05,9.71414423764483e-05,-7.5248302332965755,0.007932135289120897,0.049709871765764226
current_v2,r2p8_w256_di16,1,424,specific_cloud_liquid_water_content,0.00026065226010914,0.00039123787887334607,-50.09955360046654,0.022885258678295245,0.2002068768274625
normalized24_mse,r2p8_w256_di16,1,424,total,263.94315250079455,20.815562947116028,92.11361887971185,100.0,100.0
normalized24_mse,r2p8_w256_di16,1,424,temperature,0.4887854524215519,10.553168723394052,-2059.059495553991,0.1851858810468972,50.698454565967815
normalized24_mse,r2p8_w256_di16,1,424,geopotential,258.5141289562673,7.296642383976612,97.17746863065616,97.94310877433696,35.053783568162174
normalized24_mse,r2p8_w256_di16,1,424,u_component_of_wind,0.7799976861007852,1.456052458277696,-86.67394586213632,0.29551730314293234,6.9950184003043265
normalized24_mse,r2p8_w256_di16,1,424,v_component_of_wind,0.11498030339286223,0.15650957621932526,-36.11859736059897,0.04356252560578025,0.7518873095911609
normalized24_mse,r2p8_w256_di16,1,424,specific_humidity,4.044407673049877,1.3521045786757464,66.56853888183511,1.5323025563384152,6.495642621392946
normalized24_mse,r2p8_w256_di16,1,424,specific_cloud_ice_water_content,0.0004089499670297924,0.00043228995049582726,-5.707295597931794,0.00015493865370444165,0.002076763196816258
normalized24_mse,r2p8_w256_di16,1,424,specific_cloud_liquid_water_content,0.00044347959509647133,0.0006529366221025909,-47.230363994662675,0.00016802087528871822,0.003136771384763603
readme_v1,r2p8_w256_di16,2,848,total,20832.350792589317,68253.23470107991,-227.63097828287152,100.0,100.0
readme_v1,r2p8_w256_di16,2,848,temperature,0.016496350804634442,0.07136282020987894,-332.59761540613243,7.918621843917241e-05,0.00010455595331476623
readme_v1,r2p8_w256_di16,2,848,geopotential,0.10027638530116288,0.01266692630106377,87.36798672686412,0.0004813493508223477,1.8558719387497913e-05
readme_v1,r2p8_w256_di16,2,848,u_component_of_wind,0.02230661161398653,0.029176081187660685,-30.795665843605356,0.00010707678569776027,4.274681092469754e-05
readme_v1,r2p8_w256_di16,2,848,v_component_of_wind,0.015066207220196689,0.024774873426903078,-64.44001509345789,7.23212054664334e-05,3.629846048382391e-05
readme_v1,r2p8_w256_di16,2,848,specific_humidity,0.04326741706933395,0.065803688274522,-52.08601005480582,0.00020769339715960163,9.641109108266314e-05
readme_v1,r2p8_w256_di16,2,848,specific_cloud_ice_water_content,623.3469472720234,732.7834103858904,-17.55626839800819,2.992206465214508,1.0736244422629486
readme_v1,r2p8_w256_di16,2,848,specific_cloud_liquid_water_content,20208.806432345285,67520.24750630463,-234.1129904546704,97.00684590782791,98.92607698670186
current_v2,r2p8_w256_di16,2,848,total,1.1389526497087266,0.18872334455837828,83.43009741391427,100.0,100.0
current_v2,r2p8_w256_di16,2,848,temperature,0.012342242251354033,0.0841390253145022,-581.7158795053755,1.0836484075532387,44.583263141818286
current_v2,r2p8_w256_di16,2,848,geopotential,1.0827033166100655,0.03962955053323317,96.33975901567264,95.06131066001329,20.998753824529885
current_v2,r2p8_w256_di16,2,848,u_component_of_wind,0.015357475675661867,0.02100192187460477,-36.75373686502448,1.3483857893117293,11.128417591236676
current_v2,r2p8_w256_di16,2,848,v_component_of_wind,0.009351332768317849,0.014783435409097368,-58.089074310170915,0.8210466669276673,7.833389898685464
current_v2,r2p8_w256_di16,2,848,specific_humidity,0.018847286878164386,0.028664086621304947,-52.08601007985856,1.6547910822266714,15.18841597915737
current_v2,r2p8_w256_di16,2,848,specific_cloud_ice_water_content,9.034326505392342e-05,0.00010491300095405216,-16.12708583360638,0.007932135289120897,0.05559089745868676
current_v2,r2p8_w256_di16,2,848,specific_cloud_liquid_water_content,0.00026065226010914,0.0004004118046817542,-53.61915700024787,0.022885258678295245,0.21216866711361923
normalized24_mse,r2p8_w256_di16,2,848,total,263.94315250079455,18.94406884361932,92.82267084251701,100.0,100.0
normalized24_mse,r2p8_w256_di16,2,848,temperature,0.4887854524215519,10.030158937517632,-1952.0575822840044,0.1851858810468972,52.9461702251782
normalized24_mse,r2p8_w256_di16,2,848,geopotential,258.5141289562673,6.166876554476238,97.6144914866454,97.94310877433696,32.55307297171983
normalized24_mse,r2p8_w256_di16,2,848,u_component_of_wind,0.7799976861007852,1.3174887918144589,-68.90932053921802,0.29551730314293234,6.9546241765174495
normalized24_mse,r2p8_w256_di16,2,848,v_component_of_wind,0.11498030339286223,0.1554824247491411,-35.22526916448643,0.04356252560578025,0.8207446142253129
normalized24_mse,r2p8_w256_di16,2,848,specific_humidity,4.044407673049877,1.2729227773232392,68.5263484735867,1.5323025563384152,6.7193736880447466
normalized24_mse,r2p8_w256_di16,2,848,specific_cloud_ice_water_content,0.0004089499670297924,0.00047153447747027297,-15.3037083961719,0.00015493865370444165,0.0024890876472352646
normalized24_mse,r2p8_w256_di16,2,848,specific_cloud_liquid_water_content,0.00044347959509647133,0.0006678232611437143,-50.58714505194786,0.00016802087528871822,0.0035252366672466375
readme_v1,r2p8_w256_di16,3,1272,total,20832.350792589317,56558.328835293316,-171.49278253999444,100.0,100.0
readme_v1,r2p8_w256_di16,3,1272,temperature,0.016496350804634442,0.07034424701705948,-326.4230789593608,7.918621843917241e-05,0.00012437469151875563
readme_v1,r2p8_w256_di16,3,1272,geopotential,0.10027638530116288,0.011913327604311777,88.11950832837448,0.0004813493508223477,2.1063789983974325e-05
readme_v1,r2p8_w256_di16,3,1272,u_component_of_wind,0.02230661161398653,0.030383471522182633,-36.20836749195835,0.00010707678569776027,5.3720596325722506e-05
readme_v1,r2p8_w256_di16,3,1272,v_component_of_wind,0.015066207220196689,0.025378350720196563,-68.44551750341085,7.23212054664334e-05,4.487111136911821e-05
readme_v1,r2p8_w256_di16,3,1272,specific_humidity,0.04326741706933395,0.06738361948295665,-55.73755968602805,0.00020769339715960163,0.00011914004686946863
readme_v1,r2p8_w256_di16,3,1272,specific_cloud_ice_water_content,623.3469472720234,785.8323250032031,-26.06660358926447,2.992206465214508,1.38941927950465
readme_v1,r2p8_w256_di16,3,1272,specific_cloud_liquid_water_content,20208.806432345285,55772.29110727377,-175.98013417559986,97.00684590782791,98.61021755025929
current_v2,r2p8_w256_di16,3,1272,total,1.1389526497087266,0.18467715448414823,83.78535275093506,100.0,99.99999999999999
current_v2,r2p8_w256_di16,3,1272,temperature,0.012342242251354033,0.08228645492434411,-566.7058808971011,1.0836484075532387,44.55692159335668
current_v2,r2p8_w256_di16,3,1272,geopotential,1.0827033166100655,0.03556726963180742,96.71495698903296,95.06131066001329,19.259160523214764
current_v2,r2p8_w256_di16,3,1272,u_component_of_wind,0.015357475675661867,0.02178375842779553,-41.84465525358356,1.3483857893117293,11.795589166750638
current_v2,r2p8_w256_di16,3,1272,v_component_of_wind,0.009351332768317849,0.015138981844885024,-61.891168028750165,0.8210466669276673,8.197539044378377
current_v2,r2p8_w256_di16,3,1272,specific_humidity,0.018847286878164386,0.029352304669529285,-55.73755978392592,1.6547910822266714,15.893847158040732
current_v2,r2p8_w256_di16,3,1272,specific_cloud_ice_water_content,9.034326505392342e-05,0.00012176483873760396,-34.78020598981657,0.007932135289120897,0.06593389370641166
current_v2,r2p8_w256_di16,3,1272,specific_cloud_liquid_water_content,0.00026065226010914,0.0004266201470492501,-63.6740640079684,0.022885258678295245,0.23100862055239707
normalized24_mse,r2p8_w256_di16,3,1272,total,263.94315250079455,17.761433948374552,93.2707350881849,100.0,100.0
normalized24_mse,r2p8_w256_di16,3,1272,temperature,0.4887854524215519,9.782678488846807,-1901.4258690354307,0.1851858810468972,55.07820211634475
normalized24_mse,r2p8_w256_di16,3,1272,geopotential,258.5141289562673,5.061872615278602,98.04193579835827,97.94310877433696,28.499233958201007
normalized24_mse,r2p8_w256_di16,3,1272,u_component_of_wind,0.7799976861007852,1.3292054161006885,-70.41145631410744,0.29551730314293234,7.483660497030598
normalized24_mse,r2p8_w256_di16,3,1272,v_component_of_wind,0.11498030339286223,0.16852275575327588,-46.56662991875309,0.04356252560578025,0.9488127830393916
normalized24_mse,r2p8_w256_di16,3,1272,specific_humidity,4.044407673049877,1.417887068224278,64.94203396773172,1.5323025563384152,7.982953810742497
normalized24_mse,r2p8_w256_di16,3,1272,specific_cloud_ice_water_content,0.0004089499670297924,0.0005612254221677136,-37.235717670770185,0.00015493865370444165,0.0031597979295983278
normalized24_mse,r2p8_w256_di16,3,1272,specific_cloud_liquid_water_content,0.00044347959509647133,0.0007063787487325499,-59.28100335233901,0.00016802087528871822,0.003977036712157999
readme_v1,r2p8_w256_di16,4,1696,total,20832.350792589317,55442.846016372205,-166.1382124771769,100.0,99.99999999999999
readme_v1,r2p8_w256_di16,4,1696,temperature,0.016496350804634442,0.06639250940890702,-302.4678560439857,7.918621843917241e-05,0.00011974946125475123
readme_v1,r2p8_w256_di16,4,1696,geopotential,0.10027638530116288,0.01234230567986869,87.69171261728202,0.0004813493508223477,2.226131334640365e-05
readme_v1,r2p8_w256_di16,4,1696,u_component_of_wind,0.02230661161398653,0.029970462564789156,-34.35685833162261,0.00010707678569776027,5.405650091616674e-05
readme_v1,r2p8_w256_di16,4,1696,v_component_of_wind,0.015066207220196689,0.024911303149721637,-65.34554971690095,7.23212054664334e-05,4.4931501428273286e-05
readme_v1,r2p8_w256_di16,4,1696,specific_humidity,0.04326741706933395,0.06603136745361429,-52.61222399248424,0.00020769339715960163,0.00011909808423996725
readme_v1,r2p8_w256_di16,4,1696,specific_cloud_ice_water_content,623.3469472720234,818.3703833107032,-31.286498938058216,2.992206465214508,1.4760612813221012
readme_v1,r2p8_w256_di16,4,1696,specific_cloud_liquid_water_content,20208.806432345285,54624.27598511324,-170.299367594932,97.00684590782791,98.52357862181671
current_v2,r2p8_w256_di16,4,1696,total,1.1389526497087266,0.1817445308077237,84.04283699992246,100.0,100.0
current_v2,r2p8_w256_di16,4,1696,temperature,0.012342242251354033,0.0767936658555076,-522.2019005264849,1.0836484075532387,42.253632345476916
current_v2,r2p8_w256_di16,4,1696,geopotential,1.0827033166100655,0.03923008093370378,96.37665458931697,95.06131066001329,21.585288294153496
current_v2,r2p8_w256_di16,4,1696,u_component_of_wind,0.015357475675661867,0.021470084482153456,-39.80217149996008,1.3483857893117293,11.81333181622268
current_v2,r2p8_w256_di16,4,1696,v_component_of_wind,0.009351332768317849,0.014913802795397679,-59.48317918837602,0.8210466669276673,8.205915594332634
current_v2,r2p8_w256_di16,4,1696,specific_humidity,0.018847286878164386,0.028763263689678617,-52.612224112757744,1.6547910822266714,15.826205917639777
current_v2,r2p8_w256_di16,4,1696,specific_cloud_ice_water_content,9.034326505392342e-05,0.00012517388738869263,-38.553645713357575,0.007932135289120897,0.06887353739470714
current_v2,r2p8_w256_di16,4,1696,specific_cloud_liquid_water_content,0.00026065226010914,0.0004484591638938781,-72.05266653206834,0.022885258678295245,0.2467524947797877
normalized24_mse,r2p8_w256_di16,4,1696,total,263.94315250079455,17.885462080212907,93.22374461669011,100.0,100.0
normalized24_mse,r2p8_w256_di16,4,1696,temperature,0.4887854524215519,8.957548241389901,-1732.6135111043534,0.1851858810468972,50.08284494533602
normalized24_mse,r2p8_w256_di16,4,1696,geopotential,258.5141289562673,6.060166699526859,97.65576963859021,97.94310877433696,33.883198948666575
normalized24_mse,r2p8_w256_di16,4,1696,u_component_of_wind,0.7799976861007852,1.2913716429816497,-65.560958191713,0.29551730314293234,7.2202308063951195
normalized24_mse,r2p8_w256_di16,4,1696,v_component_of_wind,0.11498030339286223,0.15863829824877526,-37.96997708967884,0.04356252560578025,0.8869678487327448
normalized24_mse,r2p8_w256_di16,4,1696,specific_humidity,4.044407673049877,1.4164238780668081,64.97821207527561,1.5323025563384152,7.919414503882625
normalized24_mse,r2p8_w256_di16,4,1696,specific_cloud_ice_water_content,0.0004089499670297924,0.0005754791553259349,-40.72116437755105,0.00015493865370444165,0.0032175805844155436
normalized24_mse,r2p8_w256_di16,4,1696,specific_cloud_liquid_water_content,0.00044347959509647133,0.0007378408435872534,-66.37537594638347,0.00016802087528871822,0.0041253664024903415
readme_v1,r2p8_w256_di16,5,2120,total,20832.350792589317,50924.88240183304,-144.45096431435155,100.0,100.0
readme_v1,r2p8_w256_di16,5,2120,temperature,0.016496350804634442,0.06491158231629464,-293.490554881135,7.918621843917241e-05,0.00012746535535241245
readme_v1,r2p8_w256_di16,5,2120,geopotential,0.10027638530116288,0.011705228070038862,88.32703429138952,0.0004813493508223477,2.2985282474834997e-05
readme_v1,r2p8_w256_di16,5,2120,u_component_of_wind,0.02230661161398653,0.030162500338390928,-35.217759022973524,0.00010707678569776027,5.92293961533139e-05
readme_v1,r2p8_w256_di16,5,2120,v_component_of_wind,0.015066207220196689,0.02439193509693946,-61.898311502322635,7.23212054664334e-05,4.7897872211996454e-05
readme_v1,r2p8_w256_di16,5,2120,specific_humidity,0.04326741706933395,0.06747180435374538,-55.94137326391604,0.00020769339715960163,0.00013249280346166637
readme_v1,r2p8_w256_di16,5,2120,specific_cloud_ice_water_content,623.3469472720234,788.7671873748117,-26.537426841780977,2.992206465214508,1.5488836697763684
readme_v1,r2p8_w256_di16,5,2120,specific_cloud_liquid_water_content,20208.806432345285,50135.91657140805,-148.08944921736105,97.00684590782791,98.45072625951397
current_v2,r2p8_w256_di16,5,2120,total,1.1389526497087266,0.1788959498155193,84.29294230438204,100.0,100.0
current_v2,r2p8_w256_di16,5,2120,temperature,0.012342242251354033,0.07434406504527462,-502.35460892139383,1.0836484075532387,41.557153821503256
current_v2,r2p8_w256_di16,5,2120,geopotential,1.0827033166100655,0.038313602532306174,96.46130182252828,95.06131066001329,21.416696449425405
current_v2,r2p8_w256_di16,5,2120,u_component_of_wind,0.015357475675661867,0.021607404824919414,-40.69633109796993,1.3483857893117293,12.078196765886181
current_v2,r2p8_w256_di16,5,2120,v_component_of_wind,0.009351332768317849,0.014611869543630826,-56.25440678504761,0.8210466669276673,8.167803440323187
current_v2,r2p8_w256_di16,5,2120,specific_humidity,0.018847286878164386,0.02939071799603702,-55.9413733447639,1.6547910822266714,16.428945443619746
current_v2,r2p8_w256_di16,5,2120,specific_cloud_ice_water_content,9.034326505392342e-05,0.0001294110104126648,-43.243672160202436,0.007932135289120897,0.07233870333348282
current_v2,r2p8_w256_di16,5,2120,specific_cloud_liquid_water_content,0.00026065226010914,0.0004988788629385575,-91.39633116155123,0.022885258678295245,0.27886537590873933
normalized24_mse,r2p8_w256_di16,5,2120,total,263.94315250079455,17.5255697836563,93.36009681721008,100.0,100.0
normalized24_mse,r2p8_w256_di16,5,2120,temperature,0.4887854524215519,8.576124323882357,-1654.5784722917447,0.1851858810468972,48.934924397608654
normalized24_mse,r2p8_w256_di16,5,2120,geopotential,258.5141289562673,6.102910803892572,97.63923510543403,97.94310877433696,34.822895228113616
normalized24_mse,r2p8_w256_di16,5,2120,u_component_of_wind,0.7799976861007852,1.3008748198790656,-66.77931781851167,0.29551730314293234,7.422724829706897
normalized24_mse,r2p8_w256_di16,5,2120,v_component_of_wind,0.11498030339286223,0.15927567756412317,-38.524314916715305,0.04356252560578025,0.9088188260370158
normalized24_mse,r2p8_w256_di16,5,2120,specific_humidity,4.044407673049877,1.384973812246565,65.75583066278381,1.5323025563384152,7.902589355686115
normalized24_mse,r2p8_w256_di16,5,2120,specific_cloud_ice_water_content,0.0004089499670297924,0.0005956276805920162,-45.64805688042131,0.00015493865370444165,0.0033986209175776785
normalized24_mse,r2p8_w256_di16,5,2120,specific_cloud_liquid_water_content,0.00044347959509647133,0.0008147185110258094,-83.71048409760127,0.00016802087528871822,0.004648741930123069
readme_v1,r2p8_w256_di16,6,2544,total,20832.350792589317,58986.58940784649,-183.14898301746035,100.0,100.0
readme_v1,r2p8_w256_di16,6,2544,temperature,0.016496350804634442,0.06840274878705539,-314.65382009115916,7.918621843917241e-05,0.00011596322057900901
readme_v1,r2p8_w256_di16,6,2544,geopotential,0.10027638530116288,0.010985057027816056,89.04522037284818,0.0004813493508223477,1.862297369299132e-05
readme_v1,r2p8_w256_di16,6,2544,u_component_of_wind,0.02230661161398653,0.03124118953324802,-40.05349657703907,0.00010707678569776027,5.2963207140591634e-05
readme_v1,r2p8_w256_di16,6,2544,v_component_of_wind,0.015066207220196689,0.025661435815810978,-70.32445817824062,7.23212054664334e-05,4.35038473548319e-05
readme_v1,r2p8_w256_di16,6,2544,specific_humidity,0.04326741706933395,0.06902653962355572,-59.53468984049594,0.00020769339715960163,0.00011702073355401304
readme_v1,r2p8_w256_di16,6,2544,specific_cloud_ice_water_content,623.3469472720234,815.6214552615028,-30.845504069754014,2.992206465214508,1.382723536738348
readme_v1,r2p8_w256_di16,6,2544,specific_cloud_liquid_water_content,20208.806432345285,58170.7626356142,-187.8485814110662,97.00684590782791,98.61692838927934
current_v2,r2p8_w256_di16,6,2544,total,1.1389526497087266,0.17764149329468398,84.40308353994229,100.0,100.0
current_v2,r2p8_w256_di16,6,2544,temperature,0.012342242251354033,0.07864166769827971,-537.1748835966346,1.0836484075532387,44.26987537637025
current_v2,r2p8_w256_di16,6,2544,geopotential,1.0827033166100655,0.03061415683211822,97.1724334485304,95.06131066001329,17.23367455672833
current_v2,r2p8_w256_di16,6,2544,u_component_of_wind,0.015357475675661867,0.022309565557178772,-45.26844143099895,1.3483857893117293,12.558758172658525
current_v2,r2p8_w256_di16,6,2544,v_component_of_wind,0.009351332768317849,0.01535714988793847,-64.224183529948,0.8210466669276673,8.645024089311706
current_v2,r2p8_w256_di16,6,2544,specific_humidity,0.018847286878164386,0.030067960688498006,-59.534689968206436,1.6547910822266714,16.92620351857727
current_v2,r2p8_w256_di16,6,2544,specific_cloud_ice_water_content,9.034326505392342e-05,0.0001352938853405399,-49.75536389988417,0.007932135289120897,0.07616119569322977
current_v2,r2p8_w256_di16,6,2544,specific_cloud_liquid_water_content,0.00026065226010914,0.0005156987453302888,-97.84932811031679,0.022885258678295245,0.2903030906607006
normalized24_mse,r2p8_w256_di16,6,2544,total,263.94315250079455,16.081202143521782,93.90732360693715,100.0,100.0
normalized24_mse,r2p8_w256_di16,6,2544,temperature,0.4887854524215519,9.14294280992238,-1770.543152343468,0.1851858810468972,56.85484659867646
normalized24_mse,r2p8_w256_di16,6,2544,geopotential,258.5141289562673,4.001062511563426,98.45228478314998,97.94310877433696,24.88036948888943
normalized24_mse,r2p8_w256_di16,6,2544,u_component_of_wind,0.7799976861007852,1.3048966187769127,-67.29493459142186,0.29551730314293234,8.11442208816822
normalized24_mse,r2p8_w256_di16,6,2544,v_component_of_wind,0.11498030339286223,0.16375275666021435,-42.418094080607396,0.04356252560578025,1.0182867872609958
normalized24_mse,r2p8_w256_di16,6,2544,specific_humidity,4.044407673049877,1.467079953898813,63.72571529633926,1.5323025563384152,9.122949520846722
normalized24_mse,r2p8_w256_di16,6,2544,specific_cloud_ice_water_content,0.0004089499670297924,0.0006245770673366581,-52.727012517684614,0.00015493865370444165,0.0038838953814672697
normalized24_mse,r2p8_w256_di16,6,2544,specific_cloud_liquid_water_content,0.00044347959509647133,0.0008429156326974249,-90.06863946334738,0.00016802087528871822,0.005241620776696651
readme_v1,r2p8_w256_di32,0,0,total,20832.350792589317,20832.350792589317,0.0,100.0,100.0
readme_v1,r2p8_w256_di32,0,0,temperature,0.016496350804634442,0.016496350804634442,0.0,7.918621843917241e-05,7.918621843917241e-05
readme_v1,r2p8_w256_di32,0,0,geopotential,0.10027638530116288,0.10027638530116288,0.0,0.0004813493508223477,0.0004813493508223477
readme_v1,r2p8_w256_di32,0,0,u_component_of_wind,0.02230661161398653,0.02230661161398653,0.0,0.00010707678569776027,0.00010707678569776027
readme_v1,r2p8_w256_di32,0,0,v_component_of_wind,0.015066207220196689,0.015066207220196689,0.0,7.23212054664334e-05,7.23212054664334e-05
readme_v1,r2p8_w256_di32,0,0,specific_humidity,0.04326741706933395,0.04326741706933395,0.0,0.00020769339715960163,0.00020769339715960163
readme_v1,r2p8_w256_di32,0,0,specific_cloud_ice_water_content,623.3469472720234,623.3469472720234,0.0,2.992206465214508,2.992206465214508
readme_v1,r2p8_w256_di32,0,0,specific_cloud_liquid_water_content,20208.806432345285,20208.806432345285,0.0,97.00684590782791,97.00684590782791
current_v2,r2p8_w256_di32,0,0,total,1.1389526497087266,1.1389526497087266,0.0,100.0,100.0
current_v2,r2p8_w256_di32,0,0,temperature,0.012342242251354033,0.012342242251354033,0.0,1.0836484075532387,1.0836484075532387
current_v2,r2p8_w256_di32,0,0,geopotential,1.0827033166100655,1.0827033166100655,0.0,95.06131066001329,95.06131066001329
current_v2,r2p8_w256_di32,0,0,u_component_of_wind,0.015357475675661867,0.015357475675661867,0.0,1.3483857893117293,1.3483857893117293
current_v2,r2p8_w256_di32,0,0,v_component_of_wind,0.009351332768317849,0.009351332768317849,0.0,0.8210466669276673,0.8210466669276673
current_v2,r2p8_w256_di32,0,0,specific_humidity,0.018847286878164386,0.018847286878164386,0.0,1.6547910822266714,1.6547910822266714
current_v2,r2p8_w256_di32,0,0,specific_cloud_ice_water_content,9.034326505392342e-05,9.034326505392342e-05,0.0,0.007932135289120897,0.007932135289120897
current_v2,r2p8_w256_di32,0,0,specific_cloud_liquid_water_content,0.00026065226010914,0.00026065226010914,0.0,0.022885258678295245,0.022885258678295245
normalized24_mse,r2p8_w256_di32,0,0,total,263.94315250079455,263.94315250079455,0.0,100.0,100.0
normalized24_mse,r2p8_w256_di32,0,0,temperature,0.4887854524215519,0.4887854524215519,0.0,0.1851858810468972,0.1851858810468972
normalized24_mse,r2p8_w256_di32,0,0,geopotential,258.5141289562673,258.5141289562673,0.0,97.94310877433696,97.94310877433696
normalized24_mse,r2p8_w256_di32,0,0,u_component_of_wind,0.7799976861007852,0.7799976861007852,0.0,0.29551730314293234,0.29551730314293234
normalized24_mse,r2p8_w256_di32,0,0,v_component_of_wind,0.11498030339286223,0.11498030339286223,0.0,0.04356252560578025,0.04356252560578025
normalized24_mse,r2p8_w256_di32,0,0,specific_humidity,4.044407673049877,4.044407673049877,0.0,1.5323025563384152,1.5323025563384152
normalized24_mse,r2p8_w256_di32,0,0,specific_cloud_ice_water_content,0.0004089499670297924,0.0004089499670297924,0.0,0.00015493865370444165,0.00015493865370444165
normalized24_mse,r2p8_w256_di32,0,0,specific_cloud_liquid_water_content,0.00044347959509647133,0.00044347959509647133,0.0,0.00016802087528871822,0.00016802087528871822
readme_v1,r2p8_w256_di32,1,424,total,20832.350792589317,60968.47829552798,-192.6624983543205,100.0,99.99999999999999
readme_v1,r2p8_w256_di32,1,424,temperature,0.016496350804634442,0.0743223240262726,-350.53796992115787,7.918621843917241e-05,0.0001219028686693073
readme_v1,r2p8_w256_di32,1,424,geopotential,0.10027638530116288,0.01314273303156136,86.8934914316173,0.0004813493508223477,2.1556603344855625e-05
readme_v1,r2p8_w256_di32,1,424,u_component_of_wind,0.02230661161398653,0.027905716747426385,-25.100652803445712,0.00010707678569776027,4.577072862498073e-05
readme_v1,r2p8_w256_di32,1,424,v_component_of_wind,0.015066207220196689,0.023887868467489935,-58.552634504240416,7.23212054664334e-05,3.91806867012492e-05
readme_v1,r2p8_w256_di32,1,424,specific_humidity,0.04326741706933395,0.06369217997316376,-47.20587519957596,0.00020769339715960163,0.00010446739323955796
readme_v1,r2p8_w256_di32,1,424,specific_cloud_ice_water_content,623.3469472720234,688.4414302269402,-10.442737104880706,2.992206465214508,1.1291760094288545
readme_v1,r2p8_w256_di32,1,424,specific_cloud_liquid_water_content,20208.806432345285,60279.8339144788,-198.2849784636349,97.00684590782791,98.87049111229057
current_v2,r2p8_w256_di32,1,424,total,1.1389526497087266,0.1956478687617783,82.82212444812232,100.0,100.0
current_v2,r2p8_w256_di32,1,424,temperature,0.012342242251354033,0.08802964008062876,-613.2386343411083,1.0836484075532387,44.993917203265845
current_v2,r2p8_w256_di32,1,424,geopotential,1.0827033166100655,0.04466029458590723,95.8751124245432,95.06131066001329,22.82687507334199
current_v2,r2p8_w256_di32,1,424,u_component_of_wind,0.015357475675661867,0.020642738164620825,-34.414916882042704,1.3483857893117293,10.550965004252365
current_v2,r2p8_w256_di32,1,424,v_component_of_wind,0.009351332768317849,0.01408007744268582,-50.56760134115721,0.8210466669276673,7.196642381946815
current_v2,r2p8_w256_di32,1,424,specific_humidity,0.018847286878164386,0.027744313566453533,-47.20587501958617,1.6547910822266714,14.180738968455172
current_v2,r2p8_w256_di32,1,424,specific_cloud_ice_water_content,9.034326505392342e-05,9.720206788598696e-05,-7.591935965530716,0.007932135289120897,0.0496821501308254
current_v2,r2p8_w256_di32,1,424,specific_cloud_liquid_water_content,0.00026065226010914,0.00039360285359613594,-51.00688305228085,0.022885258678295245,0.2011792186069701
normalized24_mse,r2p8_w256_di32,1,424,total,263.94315250079455,20.808548820688067,92.11627631801305,100.0,100.0
normalized24_mse,r2p8_w256_di32,1,424,temperature,0.4887854524215519,10.541814586870776,-2056.736567065219,0.1851858810468972,50.660979185583564
normalized24_mse,r2p8_w256_di32,1,424,geopotential,258.5141289562673,7.3017665630058355,97.17548646471037,97.94310877433696,35.09022482022555
normalized24_mse,r2p8_w256_di32,1,424,u_component_of_wind,0.7799976861007852,1.4546605490827427,-86.49549543596757,0.29551730314293234,6.99068715275572
normalized24_mse,r2p8_w256_di32,1,424,v_component_of_wind,0.11498030339286223,0.15725484662633726,-36.76676959968723,0.04356252560578025,0.7557223138501273
normalized24_mse,r2p8_w256_di32,1,424,specific_humidity,4.044407673049877,1.3519630182622682,66.57203903377138,1.5323025563384152,6.497151867304332
normalized24_mse,r2p8_w256_di32,1,424,specific_cloud_ice_water_content,0.0004089499670297924,0.0004324361423236428,-5.743043694178707,0.00015493865370444165,0.0020781657868121513
normalized24_mse,r2p8_w256_di32,1,424,specific_cloud_liquid_water_content,0.00044347959509647133,0.0006568206977839743,-48.10618234669721,0.00016802087528871822,0.003156494493892609
readme_v1,r2p8_w256_di32,2,848,total,20832.350792589317,67140.51962616021,-222.28969401784497,100.0,100.0
readme_v1,r2p8_w256_di32,2,848,temperature,0.016496350804634442,0.07113141618085803,-331.1948565065345,7.918621843917241e-05,0.00010594409542392465
readme_v1,r2p8_w256_di32,2,848,geopotential,0.10027638530116288,0.012670361689383815,87.36456080728223,0.0004813493508223477,1.8871408442968045e-05
readme_v1,r2p8_w256_di32,2,848,u_component_of_wind,0.02230661161398653,0.029203652997382326,-30.919269599293454,0.00010707678569776027,4.349631662070664e-05
readme_v1,r2p8_w256_di32,2,848,v_component_of_wind,0.015066207220196689,0.024831313314009753,-64.81462753759722,7.23212054664334e-05,3.698409463059121e-05
readme_v1,r2p8_w256_di32,2,848,specific_humidity,0.04326741706933395,0.06584353547296014,-52.178105218180804,0.00020769339715960163,9.806825422200826e-05
readme_v1,r2p8_w256_di32,2,848,specific_cloud_ice_water_content,623.3469472720234,730.5939678356364,-17.205028601321004,2.992206465214508,1.0881565586676996
readme_v1,r2p8_w256_di32,2,848,specific_cloud_liquid_water_content,20208.806432345285,66409.72197804492,-228.61773504719497,97.00684590782791,98.91154007716295
current_v2,r2p8_w256_di32,2,848,total,1.1389526497087266,0.18874149590519326,83.42850372634352,100.0,100.0
current_v2,r2p8_w256_di32,2,848,temperature,0.012342242251354033,0.08394906479870358,-580.1767708739776,1.0836484075532387,44.47832968372362
current_v2,r2p8_w256_di32,2,848,geopotential,1.0827033166100655,0.03975372651458426,96.32828994751279,95.06131066001329,21.062525929408206
current_v2,r2p8_w256_di32,2,848,u_component_of_wind,0.015357475675661867,0.021033211569891283,-36.957479302566476,1.3483857893117293,11.143925435695643
current_v2,r2p8_w256_di32,2,848,v_component_of_wind,0.009351332768317849,0.014818617891403903,-58.46530391485072,0.8210466669276673,7.851277123949172
current_v2,r2p8_w256_di32,2,848,specific_humidity,0.018847286878164386,0.028681444060917115,-52.1781052430742,1.6547910822266714,15.196151711822868
current_v2,r2p8_w256_di32,2,848,specific_cloud_ice_water_content,9.034326505392342e-05,0.00010425147384930448,-15.394848511485204,0.007932135289120897,0.0552350575316363
current_v2,r2p8_w256_di32,2,848,specific_cloud_liquid_water_content,0.00026065226010914,0.0004011795958438557,-53.91372231948968,0.022885258678295245,0.21255505786887066
normalized24_mse,r2p8_w256_di32,2,848,total,263.94315250079455,18.957376129297216,92.81762911836095,100.0,100.0
normalized24_mse,r2p8_w256_di32,2,848,temperature,0.4887854524215519,10.00684792383519,-1947.2884113590205,0.1851858810468972,52.78603882512174
normalized24_mse,r2p8_w256_di32,2,848,geopotential,258.5141289562673,6.207394383770139,97.59881813468685,97.94310877433696,32.7439532846377
normalized24_mse,r2p8_w256_di32,2,848,u_component_of_wind,0.7799976861007852,1.3154985591585726,-68.65416174947396,0.29551730314293234,6.93924386047058
normalized24_mse,r2p8_w256_di32,2,848,v_component_of_wind,0.11498030339286223,0.15577782986613295,-35.482187182855654,0.04356252560578025,0.8217267453241585
normalized24_mse,r2p8_w256_di32,2,848,specific_humidity,4.044407673049877,1.2707206218036435,68.58079786884103,1.5323025563384152,6.703040616680276
normalized24_mse,r2p8_w256_di32,2,848,specific_cloud_ice_water_content,0.0004089499670297924,0.0004679151208547046,-14.418671861787091,0.00015493865370444165,0.0024682483359686922
normalized24_mse,r2p8_w256_di32,2,848,specific_cloud_liquid_water_content,0.00044347959509647133,0.0006688957426844067,-50.828978397281155,0.00016802087528871822,0.0035284194295785373
readme_v1,r2p8_w256_di32,3,1272,total,20832.350792589317,55818.145008905354,-167.9397326045485,100.0,100.0
readme_v1,r2p8_w256_di32,3,1272,temperature,0.016496350804634442,0.07040871253035622,-326.8138654676025,7.918621843917241e-05,0.00012613947045198842
readme_v1,r2p8_w256_di32,3,1272,geopotential,0.10027638530116288,0.01188814831695375,88.14461821569482,0.0004813493508223477,2.1297999629075973e-05
readme_v1,r2p8_w256_di32,3,1272,u_component_of_wind,0.02230661161398653,0.03045150909690631,-36.5133782927965,0.00010707678569776027,5.455485683382708e-05
readme_v1,r2p8_w256_di32,3,1272,v_component_of_wind,0.015066207220196689,0.025353599610378863,-68.28123521619712,7.23212054664334e-05,4.5421788213015484e-05
readme_v1,r2p8_w256_di32,3,1272,specific_humidity,0.04326741706933395,0.06761033010357907,-56.261535083632964,0.00020769339715960163,0.00012112607843344196
readme_v1,r2p8_w256_di32,3,1272,specific_cloud_ice_water_content,623.3469472720234,782.4352983242528,-25.52163794953255,2.992206465214508,1.4017579735038155
readme_v1,r2p8_w256_di32,3,1272,specific_cloud_liquid_water_content,20208.806432345285,55035.50399828144,-172.334262701404,97.00684590782791,98.59787348630262
current_v2,r2p8_w256_di32,3,1272,total,1.1389526497087266,0.1847504187503715,83.7789201511038,100.0,100.0
current_v2,r2p8_w256_di32,3,1272,temperature,0.012342242251354033,0.08246809289131596,-568.1775581116034,1.0836484075532387,44.63756750816574
current_v2,r2p8_w256_di32,3,1272,geopotential,1.0827033166100655,0.03530226955195353,96.73943276885079,95.06131066001329,19.108086352785353
current_v2,r2p8_w256_di32,3,1272,u_component_of_wind,0.015357475675661867,0.021865331996922064,-42.37582047141824,1.3483857893117293,11.835064918832884
current_v2,r2p8_w256_di32,3,1272,v_component_of_wind,0.009351332768317849,0.015112998585377338,-61.613311811337866,0.8210466669276673,8.180224265579344
current_v2,r2p8_w256_di32,3,1272,specific_humidity,0.018847286878164386,0.02945105981598328,-56.261535182042266,1.6547910822266714,15.940997598374352
current_v2,r2p8_w256_di32,3,1272,specific_cloud_ice_water_content,9.034326505392342e-05,0.00012136124819647548,-34.333475908844214,0.007932135289120897,0.06568929533007159
current_v2,r2p8_w256_di32,3,1272,specific_cloud_liquid_water_content,0.00026065226010914,0.0004293046606228333,-64.70398547209042,0.022885258678295245,0.23237006093225432
normalized24_mse,r2p8_w256_di32,3,1272,total,263.94315250079455,17.72442983304644,93.28475481742491,100.0,100.0
normalized24_mse,r2p8_w256_di32,3,1272,temperature,0.4887854524215519,9.811157520802595,-1907.2523583089342,0.1851858810468972,55.353868153829765
normalized24_mse,r2p8_w256_di32,3,1272,geopotential,258.5141289562673,4.984213733027209,98.07197627721524,97.94310877433696,28.120587121704506
normalized24_mse,r2p8_w256_di32,3,1272,u_component_of_wind,0.7799976861007852,1.338343048633275,-71.58295113972233,0.29551730314293234,7.5508383696382255
normalized24_mse,r2p8_w256_di32,3,1272,v_component_of_wind,0.11498030339286223,0.16715510690578203,-45.37716632617506,0.04356252560578025,0.9430774839037614
normalized24_mse,r2p8_w256_di32,3,1272,specific_humidity,4.044407673049877,1.4222910859620457,64.83314242924725,1.5323025563384152,8.024467355842638
normalized24_mse,r2p8_w256_di32,3,1272,specific_cloud_ice_water_content,0.0004089499670297924,0.0005587909470974787,-36.640418669301475,0.00015493865370444165,0.003152659647508869
normalized24_mse,r2p8_w256_di32,3,1272,specific_cloud_liquid_water_content,0.00044347959509647133,0.0007105467684396894,-60.22084810578991,0.00016802087528871822,0.004008855433616857
readme_v1,r2p8_w256_di32,4,1696,total,20832.350792589317,56976.56805221973,-173.50042546560792,100.0,100.0
readme_v1,r2p8_w256_di32,4,1696,temperature,0.016496350804634442,0.06618232246948591,-301.19371401154257,7.918621843917241e-05,0.00011615708831186357
readme_v1,r2p8_w256_di32,4,1696,geopotential,0.10027638530116288,0.012471706995033967,87.56266796257431,0.0004813493508223477,2.1889186066109657e-05
readme_v1,r2p8_w256_di32,4,1696,u_component_of_wind,0.02230661161398653,0.030263610576633328,-35.67103377394019,0.00010707678569776027,5.3115888884174906e-05
readme_v1,r2p8_w256_di32,4,1696,v_component_of_wind,0.015066207220196689,0.024966184129755827,-65.7098151171579,7.23212054664334e-05,4.3818336174397184e-05
readme_v1,r2p8_w256_di32,4,1696,specific_humidity,0.04326741706933395,0.06587656279887082,-52.254438237685406,0.00020769339715960163,0.00011562044723103387
readme_v1,r2p8_w256_di32,4,1696,specific_cloud_ice_water_content,623.3469472720234,809.9420401639455,-29.93438785711957,2.992206465214508,1.421535322067176
readme_v1,r2p8_w256_di32,4,1696,specific_cloud_liquid_water_content,20208.806432345285,56166.42625166881,-177.93044799405578,97.00684590782791,98.57811407698615
current_v2,r2p8_w256_di32,4,1696,total,1.1389526497087266,0.1824165247154413,83.98383595998551,100.0,100.0
current_v2,r2p8_w256_di32,4,1696,temperature,0.012342242251354033,0.0768199570321791,-522.4149183569249,1.0836484075532387,42.11238929807131
current_v2,r2p8_w256_di32,4,1696,geopotential,1.0827033166100655,0.03955999572114818,96.34618319587214,95.06131066001329,21.68662942288774
current_v2,r2p8_w256_di32,4,1696,u_component_of_wind,0.015357475675661867,0.021774122737937298,-41.781912586352774,1.3483857893117293,11.936485892329989
current_v2,r2p8_w256_di32,4,1696,v_component_of_wind,0.009351332768317849,0.014990194545906721,-60.300086814290644,0.8210466669276673,8.217563934676704
current_v2,r2p8_w256_di32,4,1696,specific_humidity,0.018847286878164386,0.028695830784679056,-52.254438371841985,1.6547910822266714,15.73093820828064
current_v2,r2p8_w256_di32,4,1696,specific_cloud_ice_water_content,9.034326505392342e-05,0.00012486618846095312,-38.21305704019433,0.007932135289120897,0.06845113876373687
current_v2,r2p8_w256_di32,4,1696,specific_cloud_liquid_water_content,0.00026065226010914,0.00045155770513003525,-73.24143091679296,0.022885258678295245,0.24754210498990584
normalized24_mse,r2p8_w256_di32,4,1696,total,263.94315250079455,17.933966430737144,93.20536779953662,100.0,100.0
normalized24_mse,r2p8_w256_di32,4,1696,temperature,0.4887854524215519,8.965307067894482,-1734.200879645324,0.1851858810468972,49.99065378269463
normalized24_mse,r2p8_w256_di32,4,1696,geopotential,258.5141289562673,6.093792572108419,97.64276227504017,97.94310877433696,33.97905642147421
normalized24_mse,r2p8_w256_di32,4,1696,u_component_of_wind,0.7799976861007852,1.2989803918716287,-66.53644171244177,0.29551730314293234,7.243129381826531
normalized24_mse,r2p8_w256_di32,4,1696,v_component_of_wind,0.11498030339286223,0.15955375553168052,-38.76616326756477,0.04356252560578025,0.8896735485030254
normalized24_mse,r2p8_w256_di32,4,1696,specific_humidity,4.044407673049877,1.41501576262925,65.01302843285849,1.5323025563384152,7.89014392378947
normalized24_mse,r2p8_w256_di32,4,1696,specific_cloud_ice_water_content,0.0004089499670297924,0.0005740090116158375,-40.36167206097867,0.00015493865370444165,0.003200680751983787
normalized24_mse,r2p8_w256_di32,4,1696,specific_cloud_liquid_water_content,0.00044347959509647133,0.0007428716900702262,-67.50977909335994,0.00016802087528871822,0.004142260960168931
readme_v1,r2p8_w256_di32,5,2120,total,20832.350792589317,50233.56697222703,-141.13249374668072,100.0,100.0
readme_v1,r2p8_w256_di32,5,2120,temperature,0.016496350804634442,0.06564763917683734,-297.9524923681573,7.918621843917241e-05,0.00013068480526802405
readme_v1,r2p8_w256_di32,5,2120,geopotential,0.10027638530116288,0.01167667087289609,88.35551277818081,0.0004813493508223477,2.324475759277029e-05
readme_v1,r2p8_w256_di32,5,2120,u_component_of_wind,0.02230661161398653,0.030367929719828487,-36.13869396814804,0.00010707678569776027,6.045346080364591e-05
readme_v1,r2p8_w256_di32,5,2120,v_component_of_wind,0.015066207220196689,0.024557021013183824,-62.994047899888315,7.23212054664334e-05,4.888568041915245e-05
readme_v1,r2p8_w256_di32,5,2120,specific_humidity,0.04326741706933395,0.06773217108307593,-56.54313492885048,0.00020769339715960163,0.00013483448452012868
readme_v1,r2p8_w256_di32,5,2120,specific_cloud_ice_water_content,623.3469472720234,788.4359071641768,-26.484281444649472,2.992206465214508,1.569539960401547
readme_v1,r2p8_w256_di32,5,2120,specific_cloud_liquid_water_content,20208.806432345285,49444.93108363099,-144.6702196349989,97.00684590782791,98.43006193640984
current_v2,r2p8_w256_di32,5,2120,total,1.1389526497087266,0.1789825027760714,84.28534295768625,100.0,100.0
current_v2,r2p8_w256_di32,5,2120,temperature,0.012342242251354033,0.07509764609207316,-508.46031509253845,1.0836484075532387,41.95809362774938
current_v2,r2p8_w256_di32,5,2120,geopotential,1.0827033166100655,0.03730961318250138,96.55403168992616,95.06131066001329,20.845396954349326
current_v2,r2p8_w256_di32,5,2120,u_component_of_wind,0.015357475675661867,0.021741834912177873,-41.57167083542104,1.3483857893117293,12.14746390007716
current_v2,r2p8_w256_di32,5,2120,v_component_of_wind,0.009351332768317849,0.014711291047369696,-57.31758682795773,0.8210466669276673,8.219401795814248
current_v2,r2p8_w256_di32,5,2120,specific_humidity,0.018847286878164386,0.02950413374037269,-56.543134993901134,1.6547910822266714,16.484367624072117
current_v2,r2p8_w256_di32,5,2120,specific_cloud_ice_water_content,9.034326505392342e-05,0.00012947474296450188,-43.31421704453782,0.007932135289120897,0.07233932979833807
current_v2,r2p8_w256_di32,5,2120,specific_cloud_liquid_water_content,0.00026065226010914,0.0004885090586120526,-87.41792547952767,0.022885258678295245,0.27293676813941764
normalized24_mse,r2p8_w256_di32,5,2120,total,263.94315250079455,17.323171249609885,93.43677944077078,100.0,100.0
normalized24_mse,r2p8_w256_di32,5,2120,temperature,0.4887854524215519,8.666418902193467,-1673.051726326571,0.1851858810468972,50.02790065005351
normalized24_mse,r2p8_w256_di32,5,2120,geopotential,258.5141289562673,5.795520331027976,97.75814174860501,97.94310877433696,33.45530819686661
normalized24_mse,r2p8_w256_di32,5,2120,u_component_of_wind,0.7799976861007852,1.2987026138687288,-66.50082904232109,0.29551730314293234,7.496910324072305
normalized24_mse,r2p8_w256_di32,5,2120,v_component_of_wind,0.11498030339286223,0.15919832161065062,-38.45703734726218,0.04356252560578025,0.918990635818114
normalized24_mse,r2p8_w256_di32,5,2120,specific_humidity,4.044407673049877,1.401935920388563,65.33643406597123,1.5323025563384152,8.092836468496694
normalized24_mse,r2p8_w256_di32,5,2120,specific_cloud_ice_water_content,0.0004089499670297924,0.0005957096984625145,-45.66811260290835,0.00015493865370444165,0.003438802802783179
normalized24_mse,r2p8_w256_di32,5,2120,specific_cloud_liquid_water_content,0.00044347959509647133,0.000799450822035637,-80.26778027109236,0.00016802087528871822,0.004614921889972314
readme_v1,r2p8_w256_di32,6,2544,total,20832.350792589317,59611.16614421305,-186.14709274873817,100.0,100.0
readme_v1,r2p8_w256_di32,6,2544,temperature,0.016496350804634442,0.06875376973821733,-316.78169040210895,7.918621843917241e-05,0.0001153370654952232
readme_v1,r2p8_w256_di32,6,2544,geopotential,0.10027638530116288,0.011009197917291,89.02114602134215,0.0004813493508223477,1.846834851486923e-05
readme_v1,r2p8_w256_di32,6,2544,u_component_of_wind,0.02230661161398653,0.03147003768981801,-41.07941732435012,0.00010707678569776027,5.279218597013315e-05
readme_v1,r2p8_w256_di32,6,2544,v_component_of_wind,0.015066207220196689,0.02606218138715157,-72.98435502874578,7.23212054664334e-05,4.3720301200116086e-05
readme_v1,r2p8_w256_di32,6,2544,specific_humidity,0.04326741706933395,0.06916234370455758,-59.84856131746496,0.00020769339715960163,0.00011602246387402999
readme_v1,r2p8_w256_di32,6,2544,specific_cloud_ice_water_content,623.3469472720234,822.2961586070797,-31.916288706590336,2.992206465214508,1.379433102546186
readme_v1,r2p8_w256_di32,6,2544,specific_cloud_liquid_water_content,20208.806432345285,58788.663528075536,-190.90616373058583,97.00684590782791,98.62022055708876
current_v2,r2p8_w256_di32,6,2544,total,1.1389526497087266,0.17799666279858725,84.37189967079775,100.0,100.00000000000001
current_v2,r2p8_w256_di32,6,2544,temperature,0.012342242251354033,0.07859850333024283,-536.8251548588751,1.0836484075532387,44.157290420203694
current_v2,r2p8_w256_di32,6,2544,geopotential,1.0827033166100655,0.03063851493010702,97.17018370036624,95.06131066001329,17.212971551481356
current_v2,r2p8_w256_di32,6,2544,u_component_of_wind,0.015357475675661867,0.022386157985032167,-45.767172013231146,1.3483857893117293,12.576729042590705
current_v2,r2p8_w256_di32,6,2544,v_component_of_wind,0.009351332768317849,0.015603556725102928,-66.85917517519539,0.8210466669276673,8.766207455675273
current_v2,r2p8_w256_di32,6,2544,specific_humidity,0.018847286878164386,0.030127116945344427,-59.84856144068323,1.6547910822266714,16.92566392631466
current_v2,r2p8_w256_di32,6,2544,specific_cloud_ice_water_content,9.034326505392342e-05,0.00013451304275992533,-48.89105754550511,0.007932135289120897,0.07557054196692105
current_v2,r2p8_w256_di32,6,2544,specific_cloud_liquid_water_content,0.00026065226010914,0.0005082998399979235,-95.010716494493,0.022885258678295245,0.2855670617673838
normalized24_mse,r2p8_w256_di32,6,2544,total,263.94315250079455,16.051067817579558,93.91874058277332,100.0,100.0
normalized24_mse,r2p8_w256_di32,6,2544,temperature,0.4887854524215519,9.115137405457027,-1764.8544796696808,0.1851858810468972,56.78835519886026
normalized24_mse,r2p8_w256_di32,6,2544,geopotential,258.5141289562673,3.99970710584001,98.45280908939542,97.94310877433696,24.91863564029942
normalized24_mse,r2p8_w256_di32,6,2544,u_component_of_wind,0.7799976861007852,1.2913515651097516,-65.55838409793604,0.29551730314293234,8.045268886693188
normalized24_mse,r2p8_w256_di32,6,2544,v_component_of_wind,0.11498030339286223,0.1673385972060187,-45.536750441734156,0.04356252560578025,1.0425387214596715
normalized24_mse,r2p8_w256_di32,6,2544,specific_humidity,4.044407673049877,1.476080756537614,63.50316595496652,1.5323025563384152,9.196153011832465
normalized24_mse,r2p8_w256_di32,6,2544,specific_cloud_ice_water_content,0.0004089499670297924,0.0006201530509856727,-51.64521359173848,0.00015493865370444165,0.003863624887974522
normalized24_mse,r2p8_w256_di32,6,2544,specific_cloud_liquid_water_content,0.00044347959509647133,0.0008322343781499918,-87.66012852721073,0.00016802087528871822,0.005184915967014397
