run_id,epoch,update,field,pressure_hpa,baseline_mse,residual_mse
r2p8_w128_di16,0,0,temperature,1.0,75.19899358061171,75.19899358061171
r2p8_w128_di16,0,0,temperature,2.0,49.46142185905955,49.46142185905955
r2p8_w128_di16,0,0,temperature,3.0,32.390100264139605,32.390100264139605
r2p8_w128_di16,0,0,temperature,5.0,18.356825226852575,18.356825226852575
r2p8_w128_di16,0,0,temperature,7.0,12.234180402919598,12.234180402919598
r2p8_w128_di16,0,0,temperature,10.0,6.932305318301486,6.932305318301486
r2p8_w128_di16,0,0,temperature,20.0,5.231110039609405,5.231110039609405
r2p8_w128_di16,0,0,temperature,30.0,3.8718095885928965,3.8718095885928965
r2p8_w128_di16,0,0,temperature,50.0,0.38092296676537424,0.38092296676537424
r2p8_w128_di16,0,0,temperature,70.0,0.37079606127902814,0.37079606127902814
r2p8_w128_di16,0,0,temperature,100.0,0.2558116016416615,0.2558116016416615
r2p8_w128_di16,0,0,temperature,125.0,0.16940880641597242,0.16940880641597242
r2p8_w128_di16,0,0,temperature,150.0,0.1361507817232322,0.1361507817232322
r2p8_w128_di16,0,0,temperature,175.0,0.12455395877975778,0.12455395877975778
r2p8_w128_di16,0,0,temperature,200.0,0.12989476659556026,0.12989476659556026
r2p8_w128_di16,0,0,temperature,225.0,0.13519545711090475,0.13519545711090475
r2p8_w128_di16,0,0,temperature,250.0,0.13230877116680964,0.13230877116680964
r2p8_w128_di16,0,0,temperature,300.0,0.12216572812230317,0.12216572812230317
r2p8_w128_di16,0,0,temperature,350.0,0.11342368134108606,0.11342368134108606
r2p8_w128_di16,0,0,temperature,400.0,0.11115286237595418,0.11115286237595418
r2p8_w128_di16,0,0,temperature,450.0,0.11125911449136602,0.11125911449136602
r2p8_w128_di16,0,0,temperature,500.0,0.11108228455192035,0.11108228455192035
r2p8_w128_di16,0,0,temperature,550.0,0.11616847624176556,0.11616847624176556
r2p8_w128_di16,0,0,temperature,600.0,0.12294365673028317,0.12294365673028317
r2p8_w128_di16,0,0,temperature,650.0,0.13241656982304714,0.13241656982304714
r2p8_w128_di16,0,0,temperature,700.0,0.14335038165251415,0.14335038165251415
r2p8_w128_di16,0,0,temperature,750.0,0.16344922613544563,0.16344922613544563
r2p8_w128_di16,0,0,temperature,775.0,0.17411779215450549,0.17411779215450549
r2p8_w128_di16,0,0,temperature,800.0,0.1904199641799599,0.1904199641799599
r2p8_w128_di16,0,0,temperature,825.0,0.21654968975540698,0.21654968975540698
r2p8_w128_di16,0,0,temperature,850.0,0.23338040444244634,0.23338040444244634
r2p8_w128_di16,0,0,temperature,875.0,0.2383985525041921,0.2383985525041921
r2p8_w128_di16,0,0,temperature,900.0,0.23817769453902424,0.23817769453902424
r2p8_w128_di16,0,0,temperature,925.0,0.24131919994591847,0.24131919994591847
r2p8_w128_di16,0,0,temperature,950.0,0.25338859005072684,0.25338859005072684
r2p8_w128_di16,0,0,temperature,975.0,0.28011338818319065,0.28011338818319065
r2p8_w128_di16,0,0,temperature,1000.0,0.29223923702625065,0.29223923702625065
r2p8_w128_di16,0,0,geopotential,1.0,904225144.566323,904225144.566323
r2p8_w128_di16,0,0,geopotential,2.0,421705871.6151203,421705871.6151203
r2p8_w128_di16,0,0,geopotential,3.0,239814309.2783505,239814309.2783505
r2p8_w128_di16,0,0,geopotential,5.0,90220112.5718213,90220112.5718213
r2p8_w128_di16,0,0,geopotential,7.0,35922425.003436424,35922425.003436424
r2p8_w128_di16,0,0,geopotential,10.0,7552648.180412371,7552648.180412371
r2p8_w128_di16,0,0,geopotential,20.0,1870461.121821306,1870461.121821306
r2p8_w128_di16,0,0,geopotential,30.0,3139592.8699312713,3139592.8699312713
r2p8_w128_di16,0,0,geopotential,50.0,3545.1752452312876,3545.1752452312876
r2p8_w128_di16,0,0,geopotential,70.0,3058.496623308634,3058.496623308634
r2p8_w128_di16,0,0,geopotential,100.0,1947.3920830900317,1947.3920830900317
r2p8_w128_di16,0,0,geopotential,125.0,1600.7544679412317,1600.7544679412317
r2p8_w128_di16,0,0,geopotential,150.0,1447.6305559610582,1447.6305559610582
r2p8_w128_di16,0,0,geopotential,175.0,1401.25583080803,1401.25583080803
r2p8_w128_di16,0,0,geopotential,200.0,1392.0184857240656,1392.0184857240656
r2p8_w128_di16,0,0,geopotential,225.0,1334.66822119644,1334.66822119644
r2p8_w128_di16,0,0,geopotential,250.0,1327.4334120707824,1327.4334120707824
r2p8_w128_di16,0,0,geopotential,300.0,1326.4102626734993,1326.4102626734993
r2p8_w128_di16,0,0,geopotential,350.0,1262.2029262057695,1262.2029262057695
r2p8_w128_di16,0,0,geopotential,400.0,1164.8296497043466,1164.8296497043466
r2p8_w128_di16,0,0,geopotential,450.0,1068.8698042512349,1068.8698042512349
r2p8_w128_di16,0,0,geopotential,500.0,984.3614905078796,984.3614905078796
r2p8_w128_di16,0,0,geopotential,550.0,916.9645822636451,916.9645822636451
r2p8_w128_di16,0,0,geopotential,600.0,874.5392489403794,874.5392489403794
r2p8_w128_di16,0,0,geopotential,650.0,845.6806461714388,845.6806461714388
r2p8_w128_di16,0,0,geopotential,700.0,839.1996944886303,839.1996944886303
r2p8_w128_di16,0,0,geopotential,750.0,838.9861821859563,838.9861821859563
r2p8_w128_di16,0,0,geopotential,775.0,849.8817782372544,849.8817782372544
r2p8_w128_di16,0,0,geopotential,800.0,859.8848000018457,859.8848000018457
r2p8_w128_di16,0,0,geopotential,825.0,876.5115020856824,876.5115020856824
r2p8_w128_di16,0,0,geopotential,850.0,896.7007591011597,896.7007591011597
r2p8_w128_di16,0,0,geopotential,875.0,920.5010710306593,920.5010710306593
r2p8_w128_di16,0,0,geopotential,900.0,960.3472132731958,960.3472132731958
r2p8_w128_di16,0,0,geopotential,925.0,1007.6959030937903,1007.6959030937903
r2p8_w128_di16,0,0,geopotential,950.0,1060.872597857603,1060.872597857603
r2p8_w128_di16,0,0,geopotential,975.0,1143.3865640017584,1143.3865640017584
r2p8_w128_di16,0,0,geopotential,1000.0,1260.156984435406,1260.156984435406
r2p8_w128_di16,0,0,u_component_of_wind,1.0,722.9386758601133,722.9386758601133
r2p8_w128_di16,0,0,u_component_of_wind,2.0,455.2801186682842,455.2801186682842
r2p8_w128_di16,0,0,u_component_of_wind,3.0,285.6802493013467,285.6802493013467
r2p8_w128_di16,0,0,u_component_of_wind,5.0,139.57897599472622,139.57897599472622
r2p8_w128_di16,0,0,u_component_of_wind,7.0,94.83603440379768,94.83603440379768
r2p8_w128_di16,0,0,u_component_of_wind,10.0,68.12114248111895,68.12114248111895
r2p8_w128_di16,0,0,u_component_of_wind,20.0,26.779242006282217,26.779242006282217
r2p8_w128_di16,0,0,u_component_of_wind,30.0,26.19292216612301,26.19292216612301
r2p8_w128_di16,0,0,u_component_of_wind,50.0,1.1315817461390676,1.1315817461390676
r2p8_w128_di16,0,0,u_component_of_wind,70.0,1.12226303430767,1.12226303430767
r2p8_w128_di16,0,0,u_component_of_wind,100.0,1.3048216249115279,1.3048216249115279
r2p8_w128_di16,0,0,u_component_of_wind,125.0,1.4188450351613493,1.4188450351613493
r2p8_w128_di16,0,0,u_component_of_wind,150.0,1.4963557155271576,1.4963557155271576
r2p8_w128_di16,0,0,u_component_of_wind,175.0,1.5222772715427622,1.5222772715427622
r2p8_w128_di16,0,0,u_component_of_wind,200.0,1.596340423883851,1.596340423883851
r2p8_w128_di16,0,0,u_component_of_wind,225.0,1.7501107596859489,1.7501107596859489
r2p8_w128_di16,0,0,u_component_of_wind,250.0,1.88050915801648,1.88050915801648
r2p8_w128_di16,0,0,u_component_of_wind,300.0,1.9726522819283083,1.9726522819283083
r2p8_w128_di16,0,0,u_component_of_wind,350.0,1.807396195352692,1.807396195352692
r2p8_w128_di16,0,0,u_component_of_wind,400.0,1.59124540152009,1.59124540152009
r2p8_w128_di16,0,0,u_component_of_wind,450.0,1.4034066351418644,1.4034066351418644
r2p8_w128_di16,0,0,u_component_of_wind,500.0,1.2501135787603372,1.2501135787603372
r2p8_w128_di16,0,0,u_component_of_wind,550.0,1.1626420173448386,1.1626420173448386
r2p8_w128_di16,0,0,u_component_of_wind,600.0,1.0861500463125222,1.0861500463125222
r2p8_w128_di16,0,0,u_component_of_wind,650.0,1.0444742619786476,1.0444742619786476
r2p8_w128_di16,0,0,u_component_of_wind,700.0,1.003151554831934,1.003151554831934
r2p8_w128_di16,0,0,u_component_of_wind,750.0,0.9663509646232186,0.9663509646232186
r2p8_w128_di16,0,0,u_component_of_wind,775.0,0.9445383881785206,0.9445383881785206
r2p8_w128_di16,0,0,u_component_of_wind,800.0,0.92787974003664,0.92787974003664
r2p8_w128_di16,0,0,u_component_of_wind,825.0,0.9099692950543669,0.9099692950543669
r2p8_w128_di16,0,0,u_component_of_wind,850.0,0.8807123280472772,0.8807123280472772
r2p8_w128_di16,0,0,u_component_of_wind,875.0,0.8459510380050161,0.8459510380050161
r2p8_w128_di16,0,0,u_component_of_wind,900.0,0.8174166316838608,0.8174166316838608
r2p8_w128_di16,0,0,u_component_of_wind,925.0,0.8008179622417463,0.8008179622417463
r2p8_w128_di16,0,0,u_component_of_wind,950.0,0.7643924616456441,0.7643924616456441
r2p8_w128_di16,0,0,u_component_of_wind,975.0,0.679763151218801,0.679763151218801
r2p8_w128_di16,0,0,u_component_of_wind,1000.0,0.5664272328627479,0.5664272328627479
r2p8_w128_di16,0,0,v_component_of_wind,1.0,119.05225657564668,119.05225657564668
r2p8_w128_di16,0,0,v_component_of_wind,2.0,72.77250083844686,72.77250083844686
r2p8_w128_di16,0,0,v_component_of_wind,3.0,52.03747801108868,52.03747801108868
r2p8_w128_di16,0,0,v_component_of_wind,5.0,32.71310249145088,32.71310249145088
r2p8_w128_di16,0,0,v_component_of_wind,7.0,24.73936256133404,24.73936256133404
r2p8_w128_di16,0,0,v_component_of_wind,10.0,17.121713023497065,17.121713023497065
r2p8_w128_di16,0,0,v_component_of_wind,20.0,9.852611001660325,9.852611001660325
r2p8_w128_di16,0,0,v_component_of_wind,30.0,8.196863597856764,8.196863597856764
r2p8_w128_di16,0,0,v_component_of_wind,50.0,1.1579218097159134,1.1579218097159134
r2p8_w128_di16,0,0,v_component_of_wind,70.0,1.2083303110706027,1.2083303110706027
r2p8_w128_di16,0,0,v_component_of_wind,100.0,1.358649160648949,1.358649160648949
r2p8_w128_di16,0,0,v_component_of_wind,125.0,1.464807457694483,1.464807457694483
r2p8_w128_di16,0,0,v_component_of_wind,150.0,1.4900461818754058,1.4900461818754058
r2p8_w128_di16,0,0,v_component_of_wind,175.0,1.4851046708850926,1.4851046708850926
r2p8_w128_di16,0,0,v_component_of_wind,200.0,1.5519517937067038,1.5519517937067038
r2p8_w128_di16,0,0,v_component_of_wind,225.0,1.7551270650424498,1.7551270650424498
r2p8_w128_di16,0,0,v_component_of_wind,250.0,1.9538696924845378,1.9538696924845378
r2p8_w128_di16,0,0,v_component_of_wind,300.0,2.199929283328892,2.199929283328892
r2p8_w128_di16,0,0,v_component_of_wind,350.0,2.0805937891563597,2.0805937891563597
r2p8_w128_di16,0,0,v_component_of_wind,400.0,1.842572056304958,1.842572056304958
r2p8_w128_di16,0,0,v_component_of_wind,450.0,1.6110221734161638,1.6110221734161638
r2p8_w128_di16,0,0,v_component_of_wind,500.0,1.4217242776323429,1.4217242776323429
r2p8_w128_di16,0,0,v_component_of_wind,550.0,1.3090241281027646,1.3090241281027646
r2p8_w128_di16,0,0,v_component_of_wind,600.0,1.2139677363163008,1.2139677363163008
r2p8_w128_di16,0,0,v_component_of_wind,650.0,1.158326429722645,1.158326429722645
r2p8_w128_di16,0,0,v_component_of_wind,700.0,1.1124399000017093,1.1124399000017093
r2p8_w128_di16,0,0,v_component_of_wind,750.0,1.0738952532257002,1.0738952532257002
r2p8_w128_di16,0,0,v_component_of_wind,775.0,1.0539147950939296,1.0539147950939296
r2p8_w128_di16,0,0,v_component_of_wind,800.0,1.0374182451221952,1.0374182451221952
r2p8_w128_di16,0,0,v_component_of_wind,825.0,1.0209088774071526,1.0209088774071526
r2p8_w128_di16,0,0,v_component_of_wind,850.0,0.9962723830311568,0.9962723830311568
r2p8_w128_di16,0,0,v_component_of_wind,875.0,0.9674795301099823,0.9674795301099823
r2p8_w128_di16,0,0,v_component_of_wind,900.0,0.9479510768582321,0.9479510768582321
r2p8_w128_di16,0,0,v_component_of_wind,925.0,0.9261941030263081,0.9261941030263081
r2p8_w128_di16,0,0,v_component_of_wind,950.0,0.8840874612126564,0.8840874612126564
r2p8_w128_di16,0,0,v_component_of_wind,975.0,0.7781730204513393,0.7781730204513393
r2p8_w128_di16,0,0,v_component_of_wind,1000.0,0.6346544354846797,0.6346544354846797
r2p8_w128_di16,0,0,specific_humidity,1.0,7.979712329664615e-13,7.979712329664615e-13
r2p8_w128_di16,0,0,specific_humidity,2.0,5.29086877704512e-13,5.29086877704512e-13
r2p8_w128_di16,0,0,specific_humidity,3.0,3.6428078088250586e-13,3.6428078088250586e-13
r2p8_w128_di16,0,0,specific_humidity,5.0,1.8613657648499995e-13,1.8613657648499995e-13
r2p8_w128_di16,0,0,specific_humidity,7.0,1.1637544761544083e-13,1.1637544761544083e-13
r2p8_w128_di16,0,0,specific_humidity,10.0,6.511209778552283e-14,6.511209778552283e-14
r2p8_w128_di16,0,0,specific_humidity,20.0,1.788848140050651e-14,1.788848140050651e-14
r2p8_w128_di16,0,0,specific_humidity,30.0,1.002146847301838e-14,1.002146847301838e-14
r2p8_w128_di16,0,0,specific_humidity,50.0,1.5086202651576535e-16,1.5086202651576535e-16
r2p8_w128_di16,0,0,specific_humidity,70.0,6.555352921912525e-16,6.555352921912525e-16
r2p8_w128_di16,0,0,specific_humidity,100.0,7.841293617331244e-15,7.841293617331244e-15
r2p8_w128_di16,0,0,specific_humidity,125.0,5.6395601411281255e-14,5.6395601411281255e-14
r2p8_w128_di16,0,0,specific_humidity,150.0,4.4888748201515315e-13,4.4888748201515315e-13
r2p8_w128_di16,0,0,specific_humidity,175.0,3.1129370728082507e-12,3.1129370728082507e-12
r2p8_w128_di16,0,0,specific_humidity,200.0,1.7224567795719864e-11,1.7224567795719864e-11
r2p8_w128_di16,0,0,specific_humidity,225.0,7.266019820229885e-11,7.266019820229885e-11
r2p8_w128_di16,0,0,specific_humidity,250.0,2.260142254336237e-10,2.260142254336237e-10
r2p8_w128_di16,0,0,specific_humidity,300.0,1.1943600377511298e-09,1.1943600377511298e-09
r2p8_w128_di16,0,0,specific_humidity,350.0,4.1034687231203145e-09,4.1034687231203145e-09
r2p8_w128_di16,0,0,specific_humidity,400.0,1.0218196281929792e-08,1.0218196281929792e-08
r2p8_w128_di16,0,0,specific_humidity,450.0,2.1221508844362654e-08,2.1221508844362654e-08
r2p8_w128_di16,0,0,specific_humidity,500.0,3.633391267640685e-08,3.633391267640685e-08
r2p8_w128_di16,0,0,specific_humidity,550.0,5.825099867052357e-08,5.825099867052357e-08
r2p8_w128_di16,0,0,specific_humidity,600.0,7.987532751446492e-08,7.987532751446492e-08
r2p8_w128_di16,0,0,specific_humidity,650.0,1.1199283436752987e-07,1.1199283436752987e-07
r2p8_w128_di16,0,0,specific_humidity,700.0,1.436713131456084e-07,1.436713131456084e-07
r2p8_w128_di16,0,0,specific_humidity,750.0,1.7886858791580598e-07,1.7886858791580598e-07
r2p8_w128_di16,0,0,specific_humidity,775.0,1.9098260635633102e-07,1.9098260635633102e-07
r2p8_w128_di16,0,0,specific_humidity,800.0,2.0336908329278867e-07,2.0336908329278867e-07
r2p8_w128_di16,0,0,specific_humidity,825.0,2.1300108063225765e-07,2.1300108063225765e-07
r2p8_w128_di16,0,0,specific_humidity,850.0,2.108220350025642e-07,2.108220350025642e-07
r2p8_w128_di16,0,0,specific_humidity,875.0,1.9530405060497688e-07,1.9530405060497688e-07
r2p8_w128_di16,0,0,specific_humidity,900.0,1.7737926227155216e-07,1.7737926227155216e-07
r2p8_w128_di16,0,0,specific_humidity,925.0,1.493074445703311e-07,1.493074445703311e-07
r2p8_w128_di16,0,0,specific_humidity,950.0,1.1990993478272445e-07,1.1990993478272445e-07
r2p8_w128_di16,0,0,specific_humidity,975.0,1.1499239043863894e-07,1.1499239043863894e-07
r2p8_w128_di16,0,0,specific_humidity,1000.0,1.1164597994239398e-07,1.1164597994239398e-07
r2p8_w128_di16,0,0,specific_cloud_ice_water_content,1.0,2.0656094913948557e-12,2.0656094913948557e-12
r2p8_w128_di16,0,0,specific_cloud_ice_water_content,2.0,2.0234545277697125e-12,2.0234545277697125e-12
r2p8_w128_di16,0,0,specific_cloud_ice_water_content,3.0,2.0223645892362894e-12,2.0223645892362894e-12
r2p8_w128_di16,0,0,specific_cloud_ice_water_content,5.0,2.00482062520991e-12,2.00482062520991e-12
r2p8_w128_di16,0,0,specific_cloud_ice_water_content,7.0,2.0152753867592816e-12,2.0152753867592816e-12
r2p8_w128_di16,0,0,specific_cloud_ice_water_content,10.0,2.037115150627534e-12,2.037115150627534e-12
r2p8_w128_di16,0,0,specific_cloud_ice_water_content,20.0,1.436444092610472e-12,1.436444092610472e-12
r2p8_w128_di16,0,0,specific_cloud_ice_water_content,30.0,1.0323275304599433e-12,1.0323275304599433e-12
r2p8_w128_di16,0,0,specific_cloud_ice_water_content,50.0,6.04867116940882e-13,6.04867116940882e-13
r2p8_w128_di16,0,0,specific_cloud_ice_water_content,70.0,5.007802197102933e-13,5.007802197102933e-13
r2p8_w128_di16,0,0,specific_cloud_ice_water_content,100.0,1.41792414577202e-12,1.41792414577202e-12
r2p8_w128_di16,0,0,specific_cloud_ice_water_content,125.0,7.433379552119128e-12,7.433379552119128e-12
r2p8_w128_di16,0,0,specific_cloud_ice_water_content,150.0,2.0437429827850873e-11,2.0437429827850873e-11
r2p8_w128_di16,0,0,specific_cloud_ice_water_content,175.0,3.4651052583181316e-11,3.4651052583181316e-11
r2p8_w128_di16,0,0,specific_cloud_ice_water_content,200.0,4.9533701323312176e-11,4.9533701323312176e-11
r2p8_w128_di16,0,0,specific_cloud_ice_water_content,225.0,6.440855524445746e-11,6.440855524445746e-11
r2p8_w128_di16,0,0,specific_cloud_ice_water_content,250.0,7.128898804799967e-11,7.128898804799967e-11
r2p8_w128_di16,0,0,specific_cloud_ice_water_content,300.0,6.805355274630973e-11,6.805355274630973e-11
r2p8_w128_di16,0,0,specific_cloud_ice_water_content,350.0,6.064485854360536e-11,6.064485854360536e-11
r2p8_w128_di16,0,0,specific_cloud_ice_water_content,400.0,4.579369841041881e-11,4.579369841041881e-11
r2p8_w128_di16,0,0,specific_cloud_ice_water_content,450.0,3.341729136034257e-11,3.341729136034257e-11
r2p8_w128_di16,0,0,specific_cloud_ice_water_content,500.0,2.3787024569424588e-11,2.3787024569424588e-11
r2p8_w128_di16,0,0,specific_cloud_ice_water_content,550.0,1.584411670627491e-11,1.584411670627491e-11
r2p8_w128_di16,0,0,specific_cloud_ice_water_content,600.0,1.1052950666157134e-11,1.1052950666157134e-11
r2p8_w128_di16,0,0,specific_cloud_ice_water_content,650.0,8.164465710032475e-12,8.164465710032475e-12
r2p8_w128_di16,0,0,specific_cloud_ice_water_content,700.0,6.09391010173955e-12,6.09391010173955e-12
r2p8_w128_di16,0,0,specific_cloud_ice_water_content,750.0,4.78754874018024e-12,4.78754874018024e-12
r2p8_w128_di16,0,0,specific_cloud_ice_water_content,775.0,4.713934288971145e-12,4.713934288971145e-12
r2p8_w128_di16,0,0,specific_cloud_ice_water_content,800.0,4.707491983358201e-12,4.707491983358201e-12
r2p8_w128_di16,0,0,specific_cloud_ice_water_content,825.0,4.550229323514479e-12,4.550229323514479e-12
r2p8_w128_di16,0,0,specific_cloud_ice_water_content,850.0,3.961986983271616e-12,3.961986983271616e-12
r2p8_w128_di16,0,0,specific_cloud_ice_water_content,875.0,3.203053258355219e-12,3.203053258355219e-12
r2p8_w128_di16,0,0,specific_cloud_ice_water_content,900.0,2.611289247265449e-12,2.611289247265449e-12
r2p8_w128_di16,0,0,specific_cloud_ice_water_content,925.0,2.0978291394259484e-12,2.0978291394259484e-12
r2p8_w128_di16,0,0,specific_cloud_ice_water_content,950.0,1.5283444514611215e-12,1.5283444514611215e-12
r2p8_w128_di16,0,0,specific_cloud_ice_water_content,975.0,1.052711194566144e-12,1.052711194566144e-12
r2p8_w128_di16,0,0,specific_cloud_ice_water_content,1000.0,8.760627932093284e-13,8.760627932093284e-13
r2p8_w128_di16,0,0,specific_cloud_liquid_water_content,1.0,6.960850716230101e-12,6.960850716230101e-12
r2p8_w128_di16,0,0,specific_cloud_liquid_water_content,2.0,6.97905872942246e-12,6.97905872942246e-12
r2p8_w128_di16,0,0,specific_cloud_liquid_water_content,3.0,6.894158364596004e-12,6.894158364596004e-12
r2p8_w128_di16,0,0,specific_cloud_liquid_water_content,5.0,6.959709655962159e-12,6.959709655962159e-12
r2p8_w128_di16,0,0,specific_cloud_liquid_water_content,7.0,7.049454723725454e-12,7.049454723725454e-12
r2p8_w128_di16,0,0,specific_cloud_liquid_water_content,10.0,6.904741347396527e-12,6.904741347396527e-12
r2p8_w128_di16,0,0,specific_cloud_liquid_water_content,20.0,5.3435425763698175e-12,5.3435425763698175e-12
r2p8_w128_di16,0,0,specific_cloud_liquid_water_content,30.0,3.906649930766201e-12,3.906649930766201e-12
r2p8_w128_di16,0,0,specific_cloud_liquid_water_content,50.0,3.665392761854649e-12,3.665392761854649e-12
r2p8_w128_di16,0,0,specific_cloud_liquid_water_content,70.0,2.4087816302428625e-12,2.4087816302428625e-12
r2p8_w128_di16,0,0,specific_cloud_liquid_water_content,100.0,2.305795471391585e-12,2.305795471391585e-12
r2p8_w128_di16,0,0,specific_cloud_liquid_water_content,125.0,1.980715439158574e-12,1.980715439158574e-12
r2p8_w128_di16,0,0,specific_cloud_liquid_water_content,150.0,2.2718102831329924e-12,2.2718102831329924e-12
r2p8_w128_di16,0,0,specific_cloud_liquid_water_content,175.0,2.7887149269078502e-12,2.7887149269078502e-12
r2p8_w128_di16,0,0,specific_cloud_liquid_water_content,200.0,3.3221211096406432e-12,3.3221211096406432e-12
r2p8_w128_di16,0,0,specific_cloud_liquid_water_content,225.0,2.8765502800703413e-12,2.8765502800703413e-12
r2p8_w128_di16,0,0,specific_cloud_liquid_water_content,250.0,3.164678334531436e-12,3.164678334531436e-12
r2p8_w128_di16,0,0,specific_cloud_liquid_water_content,300.0,5.122975064937647e-12,5.122975064937647e-12
r2p8_w128_di16,0,0,specific_cloud_liquid_water_content,350.0,7.957461985959718e-12,7.957461985959718e-12
r2p8_w128_di16,0,0,specific_cloud_liquid_water_content,400.0,1.552316402925363e-11,1.552316402925363e-11
r2p8_w128_di16,0,0,specific_cloud_liquid_water_content,450.0,3.5263638976948825e-11,3.5263638976948825e-11
r2p8_w128_di16,0,0,specific_cloud_liquid_water_content,500.0,7.745687769108952e-11,7.745687769108952e-11
r2p8_w128_di16,0,0,specific_cloud_liquid_water_content,550.0,1.3065076468198478e-10,1.3065076468198478e-10
r2p8_w128_di16,0,0,specific_cloud_liquid_water_content,600.0,1.0494442934458747e-10,1.0494442934458747e-10
r2p8_w128_di16,0,0,specific_cloud_liquid_water_content,650.0,1.0600061239225198e-10,1.0600061239225198e-10
r2p8_w128_di16,0,0,specific_cloud_liquid_water_content,700.0,1.2998984417027117e-10,1.2998984417027117e-10
r2p8_w128_di16,0,0,specific_cloud_liquid_water_content,750.0,1.6661817846583605e-10,1.6661817846583605e-10
r2p8_w128_di16,0,0,specific_cloud_liquid_water_content,775.0,1.8760434774014486e-10,1.8760434774014486e-10
r2p8_w128_di16,0,0,specific_cloud_liquid_water_content,800.0,2.1662372748966472e-10,2.1662372748966472e-10
r2p8_w128_di16,0,0,specific_cloud_liquid_water_content,825.0,2.838498005084331e-10,2.838498005084331e-10
r2p8_w128_di16,0,0,specific_cloud_liquid_water_content,850.0,3.367170732005296e-10,3.367170732005296e-10
r2p8_w128_di16,0,0,specific_cloud_liquid_water_content,875.0,3.45171796013947e-10,3.45171796013947e-10
r2p8_w128_di16,0,0,specific_cloud_liquid_water_content,900.0,3.08558149439639e-10,3.08558149439639e-10
r2p8_w128_di16,0,0,specific_cloud_liquid_water_content,925.0,2.4837554240315123e-10,2.4837554240315123e-10
r2p8_w128_di16,0,0,specific_cloud_liquid_water_content,950.0,1.717761228553055e-10,1.717761228553055e-10
r2p8_w128_di16,0,0,specific_cloud_liquid_water_content,975.0,1.0367759170511923e-10,1.0367759170511923e-10
r2p8_w128_di16,0,0,specific_cloud_liquid_water_content,1000.0,6.08969232715158e-11,6.08969232715158e-11
r2p8_w128_di16,1,424,temperature,1.0,75.19899358061171,389.804843255007
r2p8_w128_di16,1,424,temperature,2.0,49.46142185905955,950.2056583155471
r2p8_w128_di16,1,424,temperature,3.0,32.390100264139605,1160.9270311493235
r2p8_w128_di16,1,424,temperature,5.0,18.356825226852575,894.8533023165674
r2p8_w128_di16,1,424,temperature,7.0,12.234180402919598,640.9943210877094
r2p8_w128_di16,1,424,temperature,10.0,6.932305318301486,456.2086140740778
r2p8_w128_di16,1,424,temperature,20.0,5.231110039609405,70.35227144641155
r2p8_w128_di16,1,424,temperature,30.0,3.8718095885928965,5.364666335935036
r2p8_w128_di16,1,424,temperature,50.0,0.38092296676537424,39.37843415827276
r2p8_w128_di16,1,424,temperature,70.0,0.37079606127902814,2.775116965860845
r2p8_w128_di16,1,424,temperature,100.0,0.2558116016416615,0.7886428839562275
r2p8_w128_di16,1,424,temperature,125.0,0.16940880641597242,2.2146179148421665
r2p8_w128_di16,1,424,temperature,150.0,0.1361507817232322,1.3709975882903818
r2p8_w128_di16,1,424,temperature,175.0,0.12455395877975778,0.4617905770790126
r2p8_w128_di16,1,424,temperature,200.0,0.12989476659556026,0.16618103574436555
r2p8_w128_di16,1,424,temperature,225.0,0.13519545711090475,0.17291568190473872
r2p8_w128_di16,1,424,temperature,250.0,0.13230877116680964,0.17471246199611945
r2p8_w128_di16,1,424,temperature,300.0,0.12216572812230317,0.17958377394889227
r2p8_w128_di16,1,424,temperature,350.0,0.11342368134108606,0.15857513389226907
r2p8_w128_di16,1,424,temperature,400.0,0.11115286237595418,0.12649788911809626
r2p8_w128_di16,1,424,temperature,450.0,0.11125911449136602,0.12614085665580743
r2p8_w128_di16,1,424,temperature,500.0,0.11108228455192035,0.12514013775025856
r2p8_w128_di16,1,424,temperature,550.0,0.11616847624176556,0.13328767190991397
r2p8_w128_di16,1,424,temperature,600.0,0.12294365673028317,0.13981309186449575
r2p8_w128_di16,1,424,temperature,650.0,0.13241656982304714,0.1553177921991168
r2p8_w128_di16,1,424,temperature,700.0,0.14335038165251415,0.17106601801729693
r2p8_w128_di16,1,424,temperature,750.0,0.16344922613544563,0.19793159830611187
r2p8_w128_di16,1,424,temperature,775.0,0.17411779215450549,0.19738559304029263
r2p8_w128_di16,1,424,temperature,800.0,0.1904199641799599,0.23774528814754944
r2p8_w128_di16,1,424,temperature,825.0,0.21654968975540698,0.30319968641213946
r2p8_w128_di16,1,424,temperature,850.0,0.23338040444244634,0.33768566658406735
r2p8_w128_di16,1,424,temperature,875.0,0.2383985525041921,0.34818059929048073
r2p8_w128_di16,1,424,temperature,900.0,0.23817769453902424,0.31165525759618307
r2p8_w128_di16,1,424,temperature,925.0,0.24131919994591847,0.3178071694787835
r2p8_w128_di16,1,424,temperature,950.0,0.25338859005072684,0.33672515649566126
r2p8_w128_di16,1,424,temperature,975.0,0.28011338818319065,0.3791329407814852
r2p8_w128_di16,1,424,temperature,1000.0,0.29223923702625065,0.3982725705887444
r2p8_w128_di16,1,424,geopotential,1.0,904225144.566323,29515871.088659793
r2p8_w128_di16,1,424,geopotential,2.0,421705871.6151203,6197890.8591065295
r2p8_w128_di16,1,424,geopotential,3.0,239814309.2783505,3372091.309450172
r2p8_w128_di16,1,424,geopotential,5.0,90220112.5718213,1566677.6815292097
r2p8_w128_di16,1,424,geopotential,7.0,35922425.003436424,688927.3498926117
r2p8_w128_di16,1,424,geopotential,10.0,7552648.180412371,278078.99848582473
r2p8_w128_di16,1,424,geopotential,20.0,1870461.121821306,734711.6820017182
r2p8_w128_di16,1,424,geopotential,30.0,3139592.8699312713,472930.04091494845
r2p8_w128_di16,1,424,geopotential,50.0,3545.1752452312876,102809.90805949313
r2p8_w128_di16,1,424,geopotential,70.0,3058.496623308634,87849.09256604381
r2p8_w128_di16,1,424,geopotential,100.0,1947.3920830900317,6943.022470501772
r2p8_w128_di16,1,424,geopotential,125.0,1600.7544679412317,2612.6421449641593
r2p8_w128_di16,1,424,geopotential,150.0,1447.6305559610582,2199.89452017558
r2p8_w128_di16,1,424,geopotential,175.0,1401.25583080803,1872.3440138564486
r2p8_w128_di16,1,424,geopotential,200.0,1392.0184857240656,2403.146106166774
r2p8_w128_di16,1,424,geopotential,225.0,1334.66822119644,2346.401972169647
r2p8_w128_di16,1,424,geopotential,250.0,1327.4334120707824,2209.826033612543
r2p8_w128_di16,1,424,geopotential,300.0,1326.4102626734993,1867.0448587843644
r2p8_w128_di16,1,424,geopotential,350.0,1262.2029262057695,2242.4696431687607
r2p8_w128_di16,1,424,geopotential,400.0,1164.8296497043466,1920.0455740073292
r2p8_w128_di16,1,424,geopotential,450.0,1068.8698042512349,1751.1529488160438
r2p8_w128_di16,1,424,geopotential,500.0,984.3614905078796,1654.4379515343105
r2p8_w128_di16,1,424,geopotential,550.0,916.9645822636451,1454.6991827581346
r2p8_w128_di16,1,424,geopotential,600.0,874.5392489403794,1524.8680877580675
r2p8_w128_di16,1,424,geopotential,650.0,845.6806461714388,1396.8743810909311
r2p8_w128_di16,1,424,geopotential,700.0,839.1996944886303,1356.204967464696
r2p8_w128_di16,1,424,geopotential,750.0,838.9861821859563,1353.142500436265
r2p8_w128_di16,1,424,geopotential,775.0,849.8817782372544,1323.1598380282162
r2p8_w128_di16,1,424,geopotential,800.0,859.8848000018457,1338.421790725341
r2p8_w128_di16,1,424,geopotential,825.0,876.5115020856824,1408.4224462555037
r2p8_w128_di16,1,424,geopotential,850.0,896.7007591011597,1497.415587246295
r2p8_w128_di16,1,424,geopotential,875.0,920.5010710306593,1542.9867144712468
r2p8_w128_di16,1,424,geopotential,900.0,960.3472132731958,1583.1608377882706
r2p8_w128_di16,1,424,geopotential,925.0,1007.6959030937903,1597.829325064433
r2p8_w128_di16,1,424,geopotential,950.0,1060.872597857603,1706.7166996382357
r2p8_w128_di16,1,424,geopotential,975.0,1143.3865640017584,1909.1918886584515
r2p8_w128_di16,1,424,geopotential,1000.0,1260.156984435406,2147.020542881497
r2p8_w128_di16,1,424,u_component_of_wind,1.0,722.9386758601133,1669.9390186218052
r2p8_w128_di16,1,424,u_component_of_wind,2.0,455.2801186682842,745.9724446824326
r2p8_w128_di16,1,424,u_component_of_wind,3.0,285.6802493013467,472.32225321871306
r2p8_w128_di16,1,424,u_component_of_wind,5.0,139.57897599472622,185.3417432018162
r2p8_w128_di16,1,424,u_component_of_wind,7.0,94.83603440379768,124.88625043888682
r2p8_w128_di16,1,424,u_component_of_wind,10.0,68.12114248111895,95.02149327596028
r2p8_w128_di16,1,424,u_component_of_wind,20.0,26.779242006282217,42.19426823383344
r2p8_w128_di16,1,424,u_component_of_wind,30.0,26.19292216612301,34.601146175607376
r2p8_w128_di16,1,424,u_component_of_wind,50.0,1.1315817461390676,4.722616807046215
r2p8_w128_di16,1,424,u_component_of_wind,70.0,1.12226303430767,1.967644972735664
r2p8_w128_di16,1,424,u_component_of_wind,100.0,1.3048216249115279,2.309276443658416
r2p8_w128_di16,1,424,u_component_of_wind,125.0,1.4188450351613493,1.8070111258333081
r2p8_w128_di16,1,424,u_component_of_wind,150.0,1.4963557155271576,2.0157312449720717
r2p8_w128_di16,1,424,u_component_of_wind,175.0,1.5222772715427622,2.248235815005614
r2p8_w128_di16,1,424,u_component_of_wind,200.0,1.596340423883851,2.015760344901855
r2p8_w128_di16,1,424,u_component_of_wind,225.0,1.7501107596859489,3.0775280713215727
r2p8_w128_di16,1,424,u_component_of_wind,250.0,1.88050915801648,2.9085837859058707
r2p8_w128_di16,1,424,u_component_of_wind,300.0,1.9726522819283083,3.383090640589134
r2p8_w128_di16,1,424,u_component_of_wind,350.0,1.807396195352692,3.02686859742063
r2p8_w128_di16,1,424,u_component_of_wind,400.0,1.59124540152009,2.0645544252854444
r2p8_w128_di16,1,424,u_component_of_wind,450.0,1.4034066351418644,1.7515299416079964
r2p8_w128_di16,1,424,u_component_of_wind,500.0,1.2501135787603372,1.47080603428313
r2p8_w128_di16,1,424,u_component_of_wind,550.0,1.1626420173448386,1.2745738699264133
r2p8_w128_di16,1,424,u_component_of_wind,600.0,1.0861500463125222,1.2031742025896446
r2p8_w128_di16,1,424,u_component_of_wind,650.0,1.0444742619786476,1.36099130968048
r2p8_w128_di16,1,424,u_component_of_wind,700.0,1.003151554831934,1.1863295821389792
r2p8_w128_di16,1,424,u_component_of_wind,750.0,0.9663509646232186,1.1165900860455438
r2p8_w128_di16,1,424,u_component_of_wind,775.0,0.9445383881785206,1.0503049311768968
r2p8_w128_di16,1,424,u_component_of_wind,800.0,0.92787974003664,1.027019598557777
r2p8_w128_di16,1,424,u_component_of_wind,825.0,0.9099692950543669,1.027585931905766
r2p8_w128_di16,1,424,u_component_of_wind,850.0,0.8807123280472772,0.9957310249305673
r2p8_w128_di16,1,424,u_component_of_wind,875.0,0.8459510380050161,0.9652784143936184
r2p8_w128_di16,1,424,u_component_of_wind,900.0,0.8174166316838608,0.9573068794925598
r2p8_w128_di16,1,424,u_component_of_wind,925.0,0.8008179622417463,0.9540604068241578
r2p8_w128_di16,1,424,u_component_of_wind,950.0,0.7643924616456441,0.9362735626214148
r2p8_w128_di16,1,424,u_component_of_wind,975.0,0.679763151218801,0.851188212694581
r2p8_w128_di16,1,424,u_component_of_wind,1000.0,0.5664272328627479,0.7365205981067775
r2p8_w128_di16,1,424,v_component_of_wind,1.0,119.05225657564668,126.34307584467622
r2p8_w128_di16,1,424,v_component_of_wind,2.0,72.77250083844686,80.89201205014363
r2p8_w128_di16,1,424,v_component_of_wind,3.0,52.03747801108868,62.231454756169796
r2p8_w128_di16,1,424,v_component_of_wind,5.0,32.71310249145088,40.63982421245772
r2p8_w128_di16,1,424,v_component_of_wind,7.0,24.73936256133404,32.23029847292556
r2p8_w128_di16,1,424,v_component_of_wind,10.0,17.121713023497065,23.743353371112207
r2p8_w128_di16,1,424,v_component_of_wind,20.0,9.852611001660325,13.189497697967845
r2p8_w128_di16,1,424,v_component_of_wind,30.0,8.196863597856764,9.472392701611076
r2p8_w128_di16,1,424,v_component_of_wind,50.0,1.1579218097159134,6.39791883455519
r2p8_w128_di16,1,424,v_component_of_wind,70.0,1.2083303110706027,37.66277083039694
r2p8_w128_di16,1,424,v_component_of_wind,100.0,1.358649160648949,2.5536523063567906
r2p8_w128_di16,1,424,v_component_of_wind,125.0,1.464807457694483,5.202216112654644
r2p8_w128_di16,1,424,v_component_of_wind,150.0,1.4900461818754058,2.0417597544561956
r2p8_w128_di16,1,424,v_component_of_wind,175.0,1.4851046708850926,1.9538090379787065
r2p8_w128_di16,1,424,v_component_of_wind,200.0,1.5519517937067038,1.8392996297259512
r2p8_w128_di16,1,424,v_component_of_wind,225.0,1.7551270650424498,2.1540791809763697
r2p8_w128_di16,1,424,v_component_of_wind,250.0,1.9538696924845378,3.4847133916677886
r2p8_w128_di16,1,424,v_component_of_wind,300.0,2.199929283328892,4.5819883852889856
r2p8_w128_di16,1,424,v_component_of_wind,350.0,2.0805937891563597,3.172628543303185
r2p8_w128_di16,1,424,v_component_of_wind,400.0,1.842572056304958,2.2670718107026877
r2p8_w128_di16,1,424,v_component_of_wind,450.0,1.6110221734161638,1.9447529667431547
r2p8_w128_di16,1,424,v_component_of_wind,500.0,1.4217242776323429,1.706103235175929
r2p8_w128_di16,1,424,v_component_of_wind,550.0,1.3090241281027646,1.4879238389202
r2p8_w128_di16,1,424,v_component_of_wind,600.0,1.2139677363163008,1.410542683666924
r2p8_w128_di16,1,424,v_component_of_wind,650.0,1.158326429722645,1.5495242365447106
r2p8_w128_di16,1,424,v_component_of_wind,700.0,1.1124399000017093,1.4303152507932735
r2p8_w128_di16,1,424,v_component_of_wind,750.0,1.0738952532257002,1.3400433105701433
r2p8_w128_di16,1,424,v_component_of_wind,775.0,1.0539147950939296,1.5739372613913414
r2p8_w128_di16,1,424,v_component_of_wind,800.0,1.0374182451221952,2.0958216121516275
r2p8_w128_di16,1,424,v_component_of_wind,825.0,1.0209088774071526,1.5829247660653287
r2p8_w128_di16,1,424,v_component_of_wind,850.0,0.9962723830311568,1.434487748965365
r2p8_w128_di16,1,424,v_component_of_wind,875.0,0.9674795301099823,1.511219820943485
r2p8_w128_di16,1,424,v_component_of_wind,900.0,0.9479510768582321,1.2262077070593425
r2p8_w128_di16,1,424,v_component_of_wind,925.0,0.9261941030263081,1.1465722363839035
r2p8_w128_di16,1,424,v_component_of_wind,950.0,0.8840874612126564,1.0983165742605412
r2p8_w128_di16,1,424,v_component_of_wind,975.0,0.7781730204513393,1.039115265677475
r2p8_w128_di16,1,424,v_component_of_wind,1000.0,0.6346544354846797,0.8456848695925421
r2p8_w128_di16,1,424,specific_humidity,1.0,7.979712329664615e-13,1.0434111606124865e-13
r2p8_w128_di16,1,424,specific_humidity,2.0,5.29086877704512e-13,4.3881205404523596e-14
r2p8_w128_di16,1,424,specific_humidity,3.0,3.6428078088250586e-13,3.187141901564203e-14
r2p8_w128_di16,1,424,specific_humidity,5.0,1.8613657648499995e-13,7.229858905571273e-14
r2p8_w128_di16,1,424,specific_humidity,7.0,1.1637544761544083e-13,1.2158408325643447e-13
r2p8_w128_di16,1,424,specific_humidity,10.0,6.511209778552283e-14,1.8575921614651346e-13
r2p8_w128_di16,1,424,specific_humidity,20.0,1.788848140050651e-14,1.7906698634041962e-13
r2p8_w128_di16,1,424,specific_humidity,30.0,1.002146847301838e-14,3.1599691149464685e-14
r2p8_w128_di16,1,424,specific_humidity,50.0,1.5086202651576535e-16,1.0445275222333294e-13
r2p8_w128_di16,1,424,specific_humidity,70.0,6.555352921912525e-16,7.16438664693852e-15
r2p8_w128_di16,1,424,specific_humidity,100.0,7.841293617331244e-15,1.60239746526428e-14
r2p8_w128_di16,1,424,specific_humidity,125.0,5.6395601411281255e-14,1.6879675954961094e-13
r2p8_w128_di16,1,424,specific_humidity,150.0,4.4888748201515315e-13,8.877048145950705e-13
r2p8_w128_di16,1,424,specific_humidity,175.0,3.1129370728082507e-12,6.228717471402516e-12
r2p8_w128_di16,1,424,specific_humidity,200.0,1.7224567795719864e-11,3.0523510969153336e-11
r2p8_w128_di16,1,424,specific_humidity,225.0,7.266019820229885e-11,1.2274869844313774e-10
r2p8_w128_di16,1,424,specific_humidity,250.0,2.260142254336237e-10,3.771518368325801e-10
r2p8_w128_di16,1,424,specific_humidity,300.0,1.1943600377511298e-09,2.133380356679525e-09
r2p8_w128_di16,1,424,specific_humidity,350.0,4.1034687231203145e-09,5.626647454794134e-09
r2p8_w128_di16,1,424,specific_humidity,400.0,1.0218196281929792e-08,1.518731673175359e-08
r2p8_w128_di16,1,424,specific_humidity,450.0,2.1221508844362654e-08,2.7309724384322273e-08
r2p8_w128_di16,1,424,specific_humidity,500.0,3.633391267640685e-08,4.720994393429055e-08
r2p8_w128_di16,1,424,specific_humidity,550.0,5.825099867052357e-08,7.144072789076e-08
r2p8_w128_di16,1,424,specific_humidity,600.0,7.987532751446492e-08,1.0319659821691504e-07
r2p8_w128_di16,1,424,specific_humidity,650.0,1.1199283436752987e-07,1.7838909311836856e-07
r2p8_w128_di16,1,424,specific_humidity,700.0,1.436713131456084e-07,2.3758026787982403e-07
r2p8_w128_di16,1,424,specific_humidity,750.0,1.7886858791580598e-07,2.7563321678628005e-07
r2p8_w128_di16,1,424,specific_humidity,775.0,1.9098260635633102e-07,2.8474236599547494e-07
r2p8_w128_di16,1,424,specific_humidity,800.0,2.0336908329278867e-07,2.6519547643727e-07
r2p8_w128_di16,1,424,specific_humidity,825.0,2.1300108063225765e-07,2.759334265909093e-07
r2p8_w128_di16,1,424,specific_humidity,850.0,2.108220350025642e-07,2.9007385007352023e-07
r2p8_w128_di16,1,424,specific_humidity,875.0,1.9530405060497688e-07,2.4415517267912396e-07
r2p8_w128_di16,1,424,specific_humidity,900.0,1.7737926227155216e-07,2.2465858237769852e-07
r2p8_w128_di16,1,424,specific_humidity,925.0,1.493074445703311e-07,1.85444227548148e-07
r2p8_w128_di16,1,424,specific_humidity,950.0,1.1990993478272445e-07,1.651954405228763e-07
r2p8_w128_di16,1,424,specific_humidity,975.0,1.1499239043863894e-07,1.3669186914157731e-07
r2p8_w128_di16,1,424,specific_humidity,1000.0,1.1164597994239398e-07,1.3622976769290956e-07
r2p8_w128_di16,1,424,specific_cloud_ice_water_content,1.0,2.0656094913948557e-12,2.277860214191339e-12
r2p8_w128_di16,1,424,specific_cloud_ice_water_content,2.0,2.0234545277697125e-12,2.2457052150120964e-12
r2p8_w128_di16,1,424,specific_cloud_ice_water_content,3.0,2.0223645892362894e-12,2.2552651541806613e-12
r2p8_w128_di16,1,424,specific_cloud_ice_water_content,5.0,2.00482062520991e-12,2.24470317286057e-12
r2p8_w128_di16,1,424,specific_cloud_ice_water_content,7.0,2.0152753867592816e-12,2.2504137768058307e-12
r2p8_w128_di16,1,424,specific_cloud_ice_water_content,10.0,2.037115150627534e-12,2.2470799075844292e-12
r2p8_w128_di16,1,424,specific_cloud_ice_water_content,20.0,1.436444092610472e-12,1.7112086999308642e-12
r2p8_w128_di16,1,424,specific_cloud_ice_water_content,30.0,1.0323275304599433e-12,1.483475732108231e-12
r2p8_w128_di16,1,424,specific_cloud_ice_water_content,50.0,6.04867116940882e-13,1.1300145835330213e-12
r2p8_w128_di16,1,424,specific_cloud_ice_water_content,70.0,5.007802197102933e-13,1.5029531034962494e-12
r2p8_w128_di16,1,424,specific_cloud_ice_water_content,100.0,1.41792414577202e-12,1.9263828119630274e-12
r2p8_w128_di16,1,424,specific_cloud_ice_water_content,125.0,7.433379552119128e-12,8.291369934680349e-12
r2p8_w128_di16,1,424,specific_cloud_ice_water_content,150.0,2.0437429827850873e-11,2.1373629968326626e-11
r2p8_w128_di16,1,424,specific_cloud_ice_water_content,175.0,3.4651052583181316e-11,3.5797946468646555e-11
r2p8_w128_di16,1,424,specific_cloud_ice_water_content,200.0,4.9533701323312176e-11,4.99640332078909e-11
r2p8_w128_di16,1,424,specific_cloud_ice_water_content,225.0,6.440855524445746e-11,6.483949579283329e-11
r2p8_w128_di16,1,424,specific_cloud_ice_water_content,250.0,7.128898804799967e-11,7.225211793646169e-11
r2p8_w128_di16,1,424,specific_cloud_ice_water_content,300.0,6.805355274630973e-11,7.076842005207347e-11
r2p8_w128_di16,1,424,specific_cloud_ice_water_content,350.0,6.064485854360536e-11,6.442302740098714e-11
r2p8_w128_di16,1,424,specific_cloud_ice_water_content,400.0,4.579369841041881e-11,5.084910601832185e-11
r2p8_w128_di16,1,424,specific_cloud_ice_water_content,450.0,3.341729136034257e-11,3.807929238611603e-11
r2p8_w128_di16,1,424,specific_cloud_ice_water_content,500.0,2.3787024569424588e-11,2.6996843105819045e-11
r2p8_w128_di16,1,424,specific_cloud_ice_water_content,550.0,1.584411670627491e-11,1.8777037093953324e-11
r2p8_w128_di16,1,424,specific_cloud_ice_water_content,600.0,1.1052950666157134e-11,1.2997352121282386e-11
r2p8_w128_di16,1,424,specific_cloud_ice_water_content,650.0,8.164465710032475e-12,9.418306492127938e-12
r2p8_w128_di16,1,424,specific_cloud_ice_water_content,700.0,6.09391010173955e-12,7.122887235228789e-12
r2p8_w128_di16,1,424,specific_cloud_ice_water_content,750.0,4.78754874018024e-12,5.449022710202763e-12
r2p8_w128_di16,1,424,specific_cloud_ice_water_content,775.0,4.713934288971145e-12,5.2135943783403115e-12
r2p8_w128_di16,1,424,specific_cloud_ice_water_content,800.0,4.707491983358201e-12,5.722299785212553e-12
r2p8_w128_di16,1,424,specific_cloud_ice_water_content,825.0,4.550229323514479e-12,5.050803293377692e-12
r2p8_w128_di16,1,424,specific_cloud_ice_water_content,850.0,3.961986983271616e-12,4.31995287879606e-12
r2p8_w128_di16,1,424,specific_cloud_ice_water_content,875.0,3.203053258355219e-12,3.4181643000742824e-12
r2p8_w128_di16,1,424,specific_cloud_ice_water_content,900.0,2.611289247265449e-12,3.1209972929357324e-12
r2p8_w128_di16,1,424,specific_cloud_ice_water_content,925.0,2.0978291394259484e-12,2.5123452150519903e-12
r2p8_w128_di16,1,424,specific_cloud_ice_water_content,950.0,1.5283444514611215e-12,1.905125706911564e-12
r2p8_w128_di16,1,424,specific_cloud_ice_water_content,975.0,1.052711194566144e-12,1.1616007669217487e-12
r2p8_w128_di16,1,424,specific_cloud_ice_water_content,1000.0,8.760627932093284e-13,1.0586783480926446e-12
r2p8_w128_di16,1,424,specific_cloud_liquid_water_content,1.0,6.960850716230101e-12,1.0277310842393943e-11
r2p8_w128_di16,1,424,specific_cloud_liquid_water_content,2.0,6.97905872942246e-12,1.0363667998785403e-11
r2p8_w128_di16,1,424,specific_cloud_liquid_water_content,3.0,6.894158364596004e-12,1.0194447075119028e-11
r2p8_w128_di16,1,424,specific_cloud_liquid_water_content,5.0,6.959709655962159e-12,1.0368252643424321e-11
r2p8_w128_di16,1,424,specific_cloud_liquid_water_content,7.0,7.049454723725454e-12,1.0440261963942969e-11
r2p8_w128_di16,1,424,specific_cloud_liquid_water_content,10.0,6.904741347396527e-12,1.0224169295412998e-11
r2p8_w128_di16,1,424,specific_cloud_liquid_water_content,20.0,5.3435425763698175e-12,8.096421322968887e-12
r2p8_w128_di16,1,424,specific_cloud_liquid_water_content,30.0,3.906649930766201e-12,8.374940835452688e-12
r2p8_w128_di16,1,424,specific_cloud_liquid_water_content,50.0,3.665392761854649e-12,1.2927613477489804e-11
r2p8_w128_di16,1,424,specific_cloud_liquid_water_content,70.0,2.4087816302428625e-12,2.2446887887242672e-11
r2p8_w128_di16,1,424,specific_cloud_liquid_water_content,100.0,2.305795471391585e-12,2.063465606322999e-11
r2p8_w128_di16,1,424,specific_cloud_liquid_water_content,125.0,1.980715439158574e-12,1.3506647548443365e-11
r2p8_w128_di16,1,424,specific_cloud_liquid_water_content,150.0,2.2718102831329924e-12,6.85724380789441e-12
r2p8_w128_di16,1,424,specific_cloud_liquid_water_content,175.0,2.7887149269078502e-12,3.329984139324383e-12
r2p8_w128_di16,1,424,specific_cloud_liquid_water_content,200.0,3.3221211096406432e-12,4.054691334292452e-12
r2p8_w128_di16,1,424,specific_cloud_liquid_water_content,225.0,2.8765502800703413e-12,3.719013588043791e-12
r2p8_w128_di16,1,424,specific_cloud_liquid_water_content,250.0,3.164678334531436e-12,3.659216350900516e-12
r2p8_w128_di16,1,424,specific_cloud_liquid_water_content,300.0,5.122975064937647e-12,6.431731645042225e-12
r2p8_w128_di16,1,424,specific_cloud_liquid_water_content,350.0,7.957461985959718e-12,9.691377143091773e-12
r2p8_w128_di16,1,424,specific_cloud_liquid_water_content,400.0,1.552316402925363e-11,1.7633595794643197e-11
r2p8_w128_di16,1,424,specific_cloud_liquid_water_content,450.0,3.5263638976948825e-11,3.919350981959222e-11
r2p8_w128_di16,1,424,specific_cloud_liquid_water_content,500.0,7.745687769108952e-11,8.710205887737533e-11
r2p8_w128_di16,1,424,specific_cloud_liquid_water_content,550.0,1.3065076468198478e-10,1.363647323735018e-10
r2p8_w128_di16,1,424,specific_cloud_liquid_water_content,600.0,1.0494442934458747e-10,1.1617869260651663e-10
r2p8_w128_di16,1,424,specific_cloud_liquid_water_content,650.0,1.0600061239225198e-10,1.1448997681083228e-10
r2p8_w128_di16,1,424,specific_cloud_liquid_water_content,700.0,1.2998984417027117e-10,1.3842255137079726e-10
r2p8_w128_di16,1,424,specific_cloud_liquid_water_content,750.0,1.6661817846583605e-10,1.7672372538725033e-10
r2p8_w128_di16,1,424,specific_cloud_liquid_water_content,775.0,1.8760434774014486e-10,1.9971697113011908e-10
r2p8_w128_di16,1,424,specific_cloud_liquid_water_content,800.0,2.1662372748966472e-10,2.749222867782515e-10
r2p8_w128_di16,1,424,specific_cloud_liquid_water_content,825.0,2.838498005084331e-10,3.543822579221891e-10
r2p8_w128_di16,1,424,specific_cloud_liquid_water_content,850.0,3.367170732005296e-10,5.795040330954995e-10
r2p8_w128_di16,1,424,specific_cloud_liquid_water_content,875.0,3.45171796013947e-10,1.15346341569434e-09
r2p8_w128_di16,1,424,specific_cloud_liquid_water_content,900.0,3.08558149439639e-10,5.055689877051906e-10
r2p8_w128_di16,1,424,specific_cloud_liquid_water_content,925.0,2.4837554240315123e-10,3.6377913643423423e-10
r2p8_w128_di16,1,424,specific_cloud_liquid_water_content,950.0,1.717761228553055e-10,2.708084172334992e-10
r2p8_w128_di16,1,424,specific_cloud_liquid_water_content,975.0,1.0367759170511923e-10,2.158135157361157e-10
r2p8_w128_di16,1,424,specific_cloud_liquid_water_content,1000.0,6.08969232715158e-11,7.384856226318683e-11
r2p8_w128_di16,2,848,temperature,1.0,75.19899358061171,356.97780220582314
r2p8_w128_di16,2,848,temperature,2.0,49.46142185905955,871.3831671750833
r2p8_w128_di16,2,848,temperature,3.0,32.390100264139605,1082.4264020048056
r2p8_w128_di16,2,848,temperature,5.0,18.356825226852575,843.2505322852904
r2p8_w128_di16,2,848,temperature,7.0,12.234180402919598,602.8929124130826
r2p8_w128_di16,2,848,temperature,10.0,6.932305318301486,423.0985278362261
r2p8_w128_di16,2,848,temperature,20.0,5.231110039609405,59.531502338946886
r2p8_w128_di16,2,848,temperature,30.0,3.8718095885928965,5.389411899232373
r2p8_w128_di16,2,848,temperature,50.0,0.38092296676537424,36.52760383632175
r2p8_w128_di16,2,848,temperature,70.0,0.37079606127902814,3.0551616522864378
r2p8_w128_di16,2,848,temperature,100.0,0.2558116016416615,0.7973871998360886
r2p8_w128_di16,2,848,temperature,125.0,0.16940880641597242,1.7439284937488255
r2p8_w128_di16,2,848,temperature,150.0,0.1361507817232322,0.8069982952883153
r2p8_w128_di16,2,848,temperature,175.0,0.12455395877975778,0.36618158893077235
r2p8_w128_di16,2,848,temperature,200.0,0.12989476659556026,0.17823931181041647
r2p8_w128_di16,2,848,temperature,225.0,0.13519545711090475,0.18025890211878773
r2p8_w128_di16,2,848,temperature,250.0,0.13230877116680964,0.17095928982258662
r2p8_w128_di16,2,848,temperature,300.0,0.12216572812230317,0.18183073981111403
r2p8_w128_di16,2,848,temperature,350.0,0.11342368134108606,0.15927601265128946
r2p8_w128_di16,2,848,temperature,400.0,0.11115286237595418,0.1303325440516996
r2p8_w128_di16,2,848,temperature,450.0,0.11125911449136602,0.12588460482272906
r2p8_w128_di16,2,848,temperature,500.0,0.11108228455192035,0.1246337252947473
r2p8_w128_di16,2,848,temperature,550.0,0.11616847624176556,0.13306612951034533
r2p8_w128_di16,2,848,temperature,600.0,0.12294365673028317,0.1419313753695832
r2p8_w128_di16,2,848,temperature,650.0,0.13241656982304714,0.15591023937123746
r2p8_w128_di16,2,848,temperature,700.0,0.14335038165251415,0.16621945260214233
r2p8_w128_di16,2,848,temperature,750.0,0.16344922613544563,0.1917401705615709
r2p8_w128_di16,2,848,temperature,775.0,0.17411779215450549,0.1968920611126726
r2p8_w128_di16,2,848,temperature,800.0,0.1904199641799599,0.23313056021621548
r2p8_w128_di16,2,848,temperature,825.0,0.21654968975540698,0.26938007461656
r2p8_w128_di16,2,848,temperature,850.0,0.23338040444244634,0.3141077442472333
r2p8_w128_di16,2,848,temperature,875.0,0.2383985525041921,0.33393969150752956
r2p8_w128_di16,2,848,temperature,900.0,0.23817769453902424,0.31502195031372543
r2p8_w128_di16,2,848,temperature,925.0,0.24131919994591847,0.3216338689896659
r2p8_w128_di16,2,848,temperature,950.0,0.25338859005072684,0.334224856258258
r2p8_w128_di16,2,848,temperature,975.0,0.28011338818319065,0.3599189541286619
r2p8_w128_di16,2,848,temperature,1000.0,0.29223923702625065,0.39043038380924366
r2p8_w128_di16,2,848,geopotential,1.0,904225144.566323,31252345.04742268
r2p8_w128_di16,2,848,geopotential,2.0,421705871.6151203,6116918.12371134
r2p8_w128_di16,2,848,geopotential,3.0,239814309.2783505,3317638.039347079
r2p8_w128_di16,2,848,geopotential,5.0,90220112.5718213,1562775.7808419245
r2p8_w128_di16,2,848,geopotential,7.0,35922425.003436424,680239.6057774915
r2p8_w128_di16,2,848,geopotential,10.0,7552648.180412371,276204.4883698454
r2p8_w128_di16,2,848,geopotential,20.0,1870461.121821306,797605.6874140893
r2p8_w128_di16,2,848,geopotential,30.0,3139592.8699312713,476077.0550902062
r2p8_w128_di16,2,848,geopotential,50.0,3545.1752452312876,49558.9891470683
r2p8_w128_di16,2,848,geopotential,70.0,3058.496623308634,87376.07897873712
r2p8_w128_di16,2,848,geopotential,100.0,1947.3920830900317,5990.200027014873
r2p8_w128_di16,2,848,geopotential,125.0,1600.7544679412317,2094.965375070474
r2p8_w128_di16,2,848,geopotential,150.0,1447.6305559610582,1906.3888472199849
r2p8_w128_di16,2,848,geopotential,175.0,1401.25583080803,2910.337971837414
r2p8_w128_di16,2,848,geopotential,200.0,1392.0184857240656,2147.0355491402224
r2p8_w128_di16,2,848,geopotential,225.0,1334.66822119644,1868.3320486167042
r2p8_w128_di16,2,848,geopotential,250.0,1327.4334120707824,1651.7915326410143
r2p8_w128_di16,2,848,geopotential,300.0,1326.4102626734993,2012.6039384664948
r2p8_w128_di16,2,848,geopotential,350.0,1262.2029262057695,1651.6170798599924
r2p8_w128_di16,2,848,geopotential,400.0,1164.8296497043466,1578.3492091018309
r2p8_w128_di16,2,848,geopotential,450.0,1068.8698042512349,1441.5257764259154
r2p8_w128_di16,2,848,geopotential,500.0,984.3614905078796,1326.2972433083655
r2p8_w128_di16,2,848,geopotential,550.0,916.9645822636451,1338.9747329974093
r2p8_w128_di16,2,848,geopotential,600.0,874.5392489403794,1225.8272866580085
r2p8_w128_di16,2,848,geopotential,650.0,845.6806461714388,1267.3932011869765
r2p8_w128_di16,2,848,geopotential,700.0,839.1996944886303,1205.261690560567
r2p8_w128_di16,2,848,geopotential,750.0,838.9861821859563,1230.880197175016
r2p8_w128_di16,2,848,geopotential,775.0,849.8817782372544,1288.4756325842998
r2p8_w128_di16,2,848,geopotential,800.0,859.8848000018457,1305.1017515621645
r2p8_w128_di16,2,848,geopotential,825.0,876.5115020856824,1282.1547904837173
r2p8_w128_di16,2,848,geopotential,850.0,896.7007591011597,1312.2530327131658
r2p8_w128_di16,2,848,geopotential,875.0,920.5010710306593,1361.7771770464185
r2p8_w128_di16,2,848,geopotential,900.0,960.3472132731958,1442.6422006298997
r2p8_w128_di16,2,848,geopotential,925.0,1007.6959030937903,1523.297808733019
r2p8_w128_di16,2,848,geopotential,950.0,1060.872597857603,1644.152957205756
r2p8_w128_di16,2,848,geopotential,975.0,1143.3865640017584,1841.6181161572433
r2p8_w128_di16,2,848,geopotential,1000.0,1260.156984435406,2226.674022011249
r2p8_w128_di16,2,848,u_component_of_wind,1.0,722.9386758601133,1531.9480953675366
r2p8_w128_di16,2,848,u_component_of_wind,2.0,455.2801186682842,657.9063259898182
r2p8_w128_di16,2,848,u_component_of_wind,3.0,285.6802493013467,411.6423064136833
r2p8_w128_di16,2,848,u_component_of_wind,5.0,139.57897599472622,195.8775719160886
r2p8_w128_di16,2,848,u_component_of_wind,7.0,94.83603440379768,143.27610764650953
r2p8_w128_di16,2,848,u_component_of_wind,10.0,68.12114248111895,113.54279944036425
r2p8_w128_di16,2,848,u_component_of_wind,20.0,26.779242006282217,45.603355024934224
r2p8_w128_di16,2,848,u_component_of_wind,30.0,26.19292216612301,35.76265509890527
r2p8_w128_di16,2,848,u_component_of_wind,50.0,1.1315817461390676,5.383503787378265
r2p8_w128_di16,2,848,u_component_of_wind,70.0,1.12226303430767,2.5257091384573083
r2p8_w128_di16,2,848,u_component_of_wind,100.0,1.3048216249115279,2.6371697283282725
r2p8_w128_di16,2,848,u_component_of_wind,125.0,1.4188450351613493,2.145283703459907
r2p8_w128_di16,2,848,u_component_of_wind,150.0,1.4963557155271576,2.5307936828161024
r2p8_w128_di16,2,848,u_component_of_wind,175.0,1.5222772715427622,3.3136621486690037
r2p8_w128_di16,2,848,u_component_of_wind,200.0,1.596340423883851,2.073015296664025
r2p8_w128_di16,2,848,u_component_of_wind,225.0,1.7501107596859489,2.879007587154297
r2p8_w128_di16,2,848,u_component_of_wind,250.0,1.88050915801648,2.5742435346354324
r2p8_w128_di16,2,848,u_component_of_wind,300.0,1.9726522819283083,2.978932134064612
r2p8_w128_di16,2,848,u_component_of_wind,350.0,1.807396195352692,2.614882634431636
r2p8_w128_di16,2,848,u_component_of_wind,400.0,1.59124540152009,2.077356513750922
r2p8_w128_di16,2,848,u_component_of_wind,450.0,1.4034066351418644,1.7141810806346514
r2p8_w128_di16,2,848,u_component_of_wind,500.0,1.2501135787603372,1.4203333490902617
r2p8_w128_di16,2,848,u_component_of_wind,550.0,1.1626420173448386,1.2983679642382355
r2p8_w128_di16,2,848,u_component_of_wind,600.0,1.0861500463125222,1.197299742452877
r2p8_w128_di16,2,848,u_component_of_wind,650.0,1.0444742619786476,1.210702717631953
r2p8_w128_di16,2,848,u_component_of_wind,700.0,1.003151554831934,1.137503437815663
r2p8_w128_di16,2,848,u_component_of_wind,750.0,0.9663509646232186,1.0897859741732017
r2p8_w128_di16,2,848,u_component_of_wind,775.0,0.9445383881785206,1.1008940569723595
r2p8_w128_di16,2,848,u_component_of_wind,800.0,0.92787974003664,1.0511423902003625
r2p8_w128_di16,2,848,u_component_of_wind,825.0,0.9099692950543669,1.0304884916728305
r2p8_w128_di16,2,848,u_component_of_wind,850.0,0.8807123280472772,0.9968275943162924
r2p8_w128_di16,2,848,u_component_of_wind,875.0,0.8459510380050161,0.9749338171326418
r2p8_w128_di16,2,848,u_component_of_wind,900.0,0.8174166316838608,0.9638383914105262
r2p8_w128_di16,2,848,u_component_of_wind,925.0,0.8008179622417463,0.9431157030190799
r2p8_w128_di16,2,848,u_component_of_wind,950.0,0.7643924616456441,0.9254976493796122
r2p8_w128_di16,2,848,u_component_of_wind,975.0,0.679763151218801,0.877388499569647
r2p8_w128_di16,2,848,u_component_of_wind,1000.0,0.5664272328627479,0.8105970931217024
r2p8_w128_di16,2,848,v_component_of_wind,1.0,119.05225657564668,139.03729047742496
r2p8_w128_di16,2,848,v_component_of_wind,2.0,72.77250083844686,86.98106053408068
r2p8_w128_di16,2,848,v_component_of_wind,3.0,52.03747801108868,65.81653930034834
r2p8_w128_di16,2,848,v_component_of_wind,5.0,32.71310249145088,41.43709285382143
r2p8_w128_di16,2,848,v_component_of_wind,7.0,24.73936256133404,30.455218924034092
r2p8_w128_di16,2,848,v_component_of_wind,10.0,17.121713023497065,20.59470724387677
r2p8_w128_di16,2,848,v_component_of_wind,20.0,9.852611001660325,10.695617601060375
r2p8_w128_di16,2,848,v_component_of_wind,30.0,8.196863597856764,9.918582744205121
r2p8_w128_di16,2,848,v_component_of_wind,50.0,1.1579218097159134,5.744630749201037
r2p8_w128_di16,2,848,v_component_of_wind,70.0,1.2083303110706027,31.94599982323925
r2p8_w128_di16,2,848,v_component_of_wind,100.0,1.358649160648949,3.9848851533280207
r2p8_w128_di16,2,848,v_component_of_wind,125.0,1.464807457694483,4.693885775530052
r2p8_w128_di16,2,848,v_component_of_wind,150.0,1.4900461818754058,3.032370479000393
r2p8_w128_di16,2,848,v_component_of_wind,175.0,1.4851046708850926,2.1045954460950242
r2p8_w128_di16,2,848,v_component_of_wind,200.0,1.5519517937067038,1.9455301914837762
r2p8_w128_di16,2,848,v_component_of_wind,225.0,1.7551270650424498,2.5282503375482723
r2p8_w128_di16,2,848,v_component_of_wind,250.0,1.9538696924845378,3.3752487507063087
r2p8_w128_di16,2,848,v_component_of_wind,300.0,2.199929283328892,3.712115028387902
r2p8_w128_di16,2,848,v_component_of_wind,350.0,2.0805937891563597,2.9149850769960595
r2p8_w128_di16,2,848,v_component_of_wind,400.0,1.842572056304958,2.279671178322887
r2p8_w128_di16,2,848,v_component_of_wind,450.0,1.6110221734161638,2.0091593413828166
r2p8_w128_di16,2,848,v_component_of_wind,500.0,1.4217242776323429,1.8342432953647732
r2p8_w128_di16,2,848,v_component_of_wind,550.0,1.3090241281027646,1.5053410590719112
r2p8_w128_di16,2,848,v_component_of_wind,600.0,1.2139677363163008,1.420536397822534
r2p8_w128_di16,2,848,v_component_of_wind,650.0,1.158326429722645,1.536262844108634
r2p8_w128_di16,2,848,v_component_of_wind,700.0,1.1124399000017093,1.3683419105932884
r2p8_w128_di16,2,848,v_component_of_wind,750.0,1.0738952532257002,1.28358881653789
r2p8_w128_di16,2,848,v_component_of_wind,775.0,1.0539147950939296,1.4452046866269457
r2p8_w128_di16,2,848,v_component_of_wind,800.0,1.0374182451221952,1.7389448632899018
r2p8_w128_di16,2,848,v_component_of_wind,825.0,1.0209088774071526,1.5143234906737337
r2p8_w128_di16,2,848,v_component_of_wind,850.0,0.9962723830311568,1.3924614834211946
r2p8_w128_di16,2,848,v_component_of_wind,875.0,0.9674795301099823,1.3962971995376638
r2p8_w128_di16,2,848,v_component_of_wind,900.0,0.9479510768582321,1.2695803149459288
r2p8_w128_di16,2,848,v_component_of_wind,925.0,0.9261941030263081,1.154493943071857
r2p8_w128_di16,2,848,v_component_of_wind,950.0,0.8840874612126564,1.0998792407438926
r2p8_w128_di16,2,848,v_component_of_wind,975.0,0.7781730204513393,1.0246893397311574
r2p8_w128_di16,2,848,v_component_of_wind,1000.0,0.6346544354846797,0.8392780179829942
r2p8_w128_di16,2,848,specific_humidity,1.0,7.979712329664615e-13,1.3581429235429696e-13
r2p8_w128_di16,2,848,specific_humidity,2.0,5.29086877704512e-13,5.5677314394747644e-14
r2p8_w128_di16,2,848,specific_humidity,3.0,3.6428078088250586e-13,3.101536068957684e-14
r2p8_w128_di16,2,848,specific_humidity,5.0,1.8613657648499995e-13,5.262205753877649e-14
r2p8_w128_di16,2,848,specific_humidity,7.0,1.1637544761544083e-13,9.323181198728929e-14
r2p8_w128_di16,2,848,specific_humidity,10.0,6.511209778552283e-14,1.504066171303441e-13
r2p8_w128_di16,2,848,specific_humidity,20.0,1.788848140050651e-14,1.483299007359034e-13
r2p8_w128_di16,2,848,specific_humidity,30.0,1.002146847301838e-14,2.3995227094824186e-14
r2p8_w128_di16,2,848,specific_humidity,50.0,1.5086202651576535e-16,1.1023828760223062e-13
r2p8_w128_di16,2,848,specific_humidity,70.0,6.555352921912525e-16,7.17599164246845e-15
r2p8_w128_di16,2,848,specific_humidity,100.0,7.841293617331244e-15,1.577529470723085e-14
r2p8_w128_di16,2,848,specific_humidity,125.0,5.6395601411281255e-14,2.380214249234196e-13
r2p8_w128_di16,2,848,specific_humidity,150.0,4.4888748201515315e-13,1.9236487216695857e-12
r2p8_w128_di16,2,848,specific_humidity,175.0,3.1129370728082507e-12,1.0427468880840936e-11
r2p8_w128_di16,2,848,specific_humidity,200.0,1.7224567795719864e-11,2.7188444768285452e-11
r2p8_w128_di16,2,848,specific_humidity,225.0,7.266019820229885e-11,1.2312056152184092e-10
r2p8_w128_di16,2,848,specific_humidity,250.0,2.260142254336237e-10,3.6124094563313e-10
r2p8_w128_di16,2,848,specific_humidity,300.0,1.1943600377511298e-09,2.0696835643562445e-09
r2p8_w128_di16,2,848,specific_humidity,350.0,4.1034687231203145e-09,5.685458570069302e-09
r2p8_w128_di16,2,848,specific_humidity,400.0,1.0218196281929792e-08,1.6111870399132133e-08
r2p8_w128_di16,2,848,specific_humidity,450.0,2.1221508844362654e-08,2.9145800896381276e-08
r2p8_w128_di16,2,848,specific_humidity,500.0,3.633391267640685e-08,4.788721418791577e-08
r2p8_w128_di16,2,848,specific_humidity,550.0,5.825099867052357e-08,6.849865319601073e-08
r2p8_w128_di16,2,848,specific_humidity,600.0,7.987532751446492e-08,1.0919428079598338e-07
r2p8_w128_di16,2,848,specific_humidity,650.0,1.1199283436752987e-07,1.7887477590796362e-07
r2p8_w128_di16,2,848,specific_humidity,700.0,1.436713131456084e-07,2.202036930268144e-07
r2p8_w128_di16,2,848,specific_humidity,750.0,1.7886858791580598e-07,2.58984110158372e-07
r2p8_w128_di16,2,848,specific_humidity,775.0,1.9098260635633102e-07,2.6066139553089625e-07
r2p8_w128_di16,2,848,specific_humidity,800.0,2.0336908329278867e-07,2.5520347130576243e-07
r2p8_w128_di16,2,848,specific_humidity,825.0,2.1300108063225765e-07,2.6111512474973596e-07
r2p8_w128_di16,2,848,specific_humidity,850.0,2.108220350025642e-07,2.766402008814724e-07
r2p8_w128_di16,2,848,specific_humidity,875.0,1.9530405060497688e-07,2.3838829067183715e-07
r2p8_w128_di16,2,848,specific_humidity,900.0,1.7737926227155216e-07,2.1447704976275467e-07
r2p8_w128_di16,2,848,specific_humidity,925.0,1.493074445703311e-07,1.805289107628643e-07
r2p8_w128_di16,2,848,specific_humidity,950.0,1.1990993478272445e-07,1.5806426513293217e-07
r2p8_w128_di16,2,848,specific_humidity,975.0,1.1499239043863894e-07,1.352007862592113e-07
r2p8_w128_di16,2,848,specific_humidity,1000.0,1.1164597994239398e-07,1.3866417700515095e-07
r2p8_w128_di16,2,848,specific_cloud_ice_water_content,1.0,2.0656094913948557e-12,2.358794583715247e-12
r2p8_w128_di16,2,848,specific_cloud_ice_water_content,2.0,2.0234545277697125e-12,2.3175471165335022e-12
r2p8_w128_di16,2,848,specific_cloud_ice_water_content,3.0,2.0223645892362894e-12,2.3164506714457635e-12
r2p8_w128_di16,2,848,specific_cloud_ice_water_content,5.0,2.00482062520991e-12,2.310756357731289e-12
r2p8_w128_di16,2,848,specific_cloud_ice_water_content,7.0,2.0152753867592816e-12,2.3159676429099706e-12
r2p8_w128_di16,2,848,specific_cloud_ice_water_content,10.0,2.037115150627534e-12,2.3220065926769112e-12
r2p8_w128_di16,2,848,specific_cloud_ice_water_content,20.0,1.436444092610472e-12,1.7283854186754738e-12
r2p8_w128_di16,2,848,specific_cloud_ice_water_content,30.0,1.0323275304599433e-12,1.27705868354188e-12
r2p8_w128_di16,2,848,specific_cloud_ice_water_content,50.0,6.04867116940882e-13,1.0615865515306997e-12
r2p8_w128_di16,2,848,specific_cloud_ice_water_content,70.0,5.007802197102933e-13,8.330462845349654e-13
r2p8_w128_di16,2,848,specific_cloud_ice_water_content,100.0,1.41792414577202e-12,1.816198567675535e-12
r2p8_w128_di16,2,848,specific_cloud_ice_water_content,125.0,7.433379552119128e-12,8.34384664933622e-12
r2p8_w128_di16,2,848,specific_cloud_ice_water_content,150.0,2.0437429827850873e-11,2.1465146546135773e-11
r2p8_w128_di16,2,848,specific_cloud_ice_water_content,175.0,3.4651052583181316e-11,3.579984301976622e-11
r2p8_w128_di16,2,848,specific_cloud_ice_water_content,200.0,4.9533701323312176e-11,5.1049766838374235e-11
r2p8_w128_di16,2,848,specific_cloud_ice_water_content,225.0,6.440855524445746e-11,6.733854225229387e-11
r2p8_w128_di16,2,848,specific_cloud_ice_water_content,250.0,7.128898804799967e-11,7.593517315036448e-11
r2p8_w128_di16,2,848,specific_cloud_ice_water_content,300.0,6.805355274630973e-11,7.508850973229548e-11
r2p8_w128_di16,2,848,specific_cloud_ice_water_content,350.0,6.064485854360536e-11,6.778275167907695e-11
r2p8_w128_di16,2,848,specific_cloud_ice_water_content,400.0,4.579369841041881e-11,5.183704291985226e-11
r2p8_w128_di16,2,848,specific_cloud_ice_water_content,450.0,3.341729136034257e-11,3.8142631913992194e-11
r2p8_w128_di16,2,848,specific_cloud_ice_water_content,500.0,2.3787024569424588e-11,2.7133545559538282e-11
r2p8_w128_di16,2,848,specific_cloud_ice_water_content,550.0,1.584411670627491e-11,1.8718870227727073e-11
r2p8_w128_di16,2,848,specific_cloud_ice_water_content,600.0,1.1052950666157134e-11,1.2860438964830684e-11
r2p8_w128_di16,2,848,specific_cloud_ice_water_content,650.0,8.164465710032475e-12,9.536735431046287e-12
r2p8_w128_di16,2,848,specific_cloud_ice_water_content,700.0,6.09391010173955e-12,6.857893808184734e-12
r2p8_w128_di16,2,848,specific_cloud_ice_water_content,750.0,4.78754874018024e-12,5.587227757700926e-12
r2p8_w128_di16,2,848,specific_cloud_ice_water_content,775.0,4.713934288971145e-12,5.5620475638841045e-12
r2p8_w128_di16,2,848,specific_cloud_ice_water_content,800.0,4.707491983358201e-12,5.487887417700741e-12
r2p8_w128_di16,2,848,specific_cloud_ice_water_content,825.0,4.550229323514479e-12,5.082660865126074e-12
r2p8_w128_di16,2,848,specific_cloud_ice_water_content,850.0,3.961986983271616e-12,4.326248058248713e-12
r2p8_w128_di16,2,848,specific_cloud_ice_water_content,875.0,3.203053258355219e-12,3.4703125123511683e-12
r2p8_w128_di16,2,848,specific_cloud_ice_water_content,900.0,2.611289247265449e-12,3.0603657253355015e-12
r2p8_w128_di16,2,848,specific_cloud_ice_water_content,925.0,2.0978291394259484e-12,2.5750004884065493e-12
r2p8_w128_di16,2,848,specific_cloud_ice_water_content,950.0,1.5283444514611215e-12,1.84265361148871e-12
r2p8_w128_di16,2,848,specific_cloud_ice_water_content,975.0,1.052711194566144e-12,1.231933781895207e-12
r2p8_w128_di16,2,848,specific_cloud_ice_water_content,1000.0,8.760627932093284e-13,9.785451768505201e-13
r2p8_w128_di16,2,848,specific_cloud_liquid_water_content,1.0,6.960850716230101e-12,1.0164272884247827e-11
r2p8_w128_di16,2,848,specific_cloud_liquid_water_content,2.0,6.97905872942246e-12,1.0037658665424767e-11
r2p8_w128_di16,2,848,specific_cloud_liquid_water_content,3.0,6.894158364596004e-12,1.0144706023110555e-11
r2p8_w128_di16,2,848,specific_cloud_liquid_water_content,5.0,6.959709655962159e-12,1.0095464591135283e-11
r2p8_w128_di16,2,848,specific_cloud_liquid_water_content,7.0,7.049454723725454e-12,1.0017215449409176e-11
r2p8_w128_di16,2,848,specific_cloud_liquid_water_content,10.0,6.904741347396527e-12,1.0138294238943758e-11
r2p8_w128_di16,2,848,specific_cloud_liquid_water_content,20.0,5.3435425763698175e-12,7.431030260750465e-12
r2p8_w128_di16,2,848,specific_cloud_liquid_water_content,30.0,3.906649930766201e-12,5.625096276397828e-12
r2p8_w128_di16,2,848,specific_cloud_liquid_water_content,50.0,3.665392761854649e-12,9.118305022835567e-12
r2p8_w128_di16,2,848,specific_cloud_liquid_water_content,70.0,2.4087816302428625e-12,1.3913852606346532e-11
r2p8_w128_di16,2,848,specific_cloud_liquid_water_content,100.0,2.305795471391585e-12,1.1643567815118801e-11
r2p8_w128_di16,2,848,specific_cloud_liquid_water_content,125.0,1.980715439158574e-12,7.454575283354458e-12
r2p8_w128_di16,2,848,specific_cloud_liquid_water_content,150.0,2.2718102831329924e-12,5.1969188939351495e-12
r2p8_w128_di16,2,848,specific_cloud_liquid_water_content,175.0,2.7887149269078502e-12,4.205289540490633e-12
r2p8_w128_di16,2,848,specific_cloud_liquid_water_content,200.0,3.3221211096406432e-12,4.25158474553605e-12
r2p8_w128_di16,2,848,specific_cloud_liquid_water_content,225.0,2.8765502800703413e-12,3.537790220247677e-12
r2p8_w128_di16,2,848,specific_cloud_liquid_water_content,250.0,3.164678334531436e-12,3.9864111145529294e-12
r2p8_w128_di16,2,848,specific_cloud_liquid_water_content,300.0,5.122975064937647e-12,6.252228044246263e-12
r2p8_w128_di16,2,848,specific_cloud_liquid_water_content,350.0,7.957461985959718e-12,9.672827158078184e-12
r2p8_w128_di16,2,848,specific_cloud_liquid_water_content,400.0,1.552316402925363e-11,1.7332410954521567e-11
r2p8_w128_di16,2,848,specific_cloud_liquid_water_content,450.0,3.5263638976948825e-11,3.904951998450262e-11
r2p8_w128_di16,2,848,specific_cloud_liquid_water_content,500.0,7.745687769108952e-11,8.418875261161671e-11
r2p8_w128_di16,2,848,specific_cloud_liquid_water_content,550.0,1.3065076468198478e-10,1.3482943629461071e-10
r2p8_w128_di16,2,848,specific_cloud_liquid_water_content,600.0,1.0494442934458747e-10,1.1212465595164792e-10
r2p8_w128_di16,2,848,specific_cloud_liquid_water_content,650.0,1.0600061239225198e-10,1.1334662044382198e-10
r2p8_w128_di16,2,848,specific_cloud_liquid_water_content,700.0,1.2998984417027117e-10,1.3799081042577863e-10
r2p8_w128_di16,2,848,specific_cloud_liquid_water_content,750.0,1.6661817846583605e-10,1.774809491955345e-10
r2p8_w128_di16,2,848,specific_cloud_liquid_water_content,775.0,1.8760434774014486e-10,2.0248696975540007e-10
r2p8_w128_di16,2,848,specific_cloud_liquid_water_content,800.0,2.1662372748966472e-10,2.65899971475979e-10
r2p8_w128_di16,2,848,specific_cloud_liquid_water_content,825.0,2.838498005084331e-10,3.485971927690389e-10
r2p8_w128_di16,2,848,specific_cloud_liquid_water_content,850.0,3.367170732005296e-10,5.25784519645484e-10
r2p8_w128_di16,2,848,specific_cloud_liquid_water_content,875.0,3.45171796013947e-10,7.198291682841657e-10
r2p8_w128_di16,2,848,specific_cloud_liquid_water_content,900.0,3.08558149439639e-10,5.831187530926692e-10
r2p8_w128_di16,2,848,specific_cloud_liquid_water_content,925.0,2.4837554240315123e-10,3.6397733818897553e-10
r2p8_w128_di16,2,848,specific_cloud_liquid_water_content,950.0,1.717761228553055e-10,2.8626917538451194e-10
r2p8_w128_di16,2,848,specific_cloud_liquid_water_content,975.0,1.0367759170511923e-10,2.2802781388004398e-10
r2p8_w128_di16,2,848,specific_cloud_liquid_water_content,1000.0,6.08969232715158e-11,7.969313755823533e-11
r2p8_w128_di16,3,1272,temperature,1.0,75.19899358061171,355.0245894704078
r2p8_w128_di16,3,1272,temperature,2.0,49.46142185905955,868.0093272205891
r2p8_w128_di16,3,1272,temperature,3.0,32.390100264139605,1080.2510331930573
r2p8_w128_di16,3,1272,temperature,5.0,18.356825226852575,833.5491248691205
r2p8_w128_di16,3,1272,temperature,7.0,12.234180402919598,593.001604448561
r2p8_w128_di16,3,1272,temperature,10.0,6.932305318301486,413.8506695829306
r2p8_w128_di16,3,1272,temperature,20.0,5.231110039609405,58.24688057391504
r2p8_w128_di16,3,1272,temperature,30.0,3.8718095885928965,5.203950643375567
r2p8_w128_di16,3,1272,temperature,50.0,0.38092296676537424,33.944454738446524
r2p8_w128_di16,3,1272,temperature,70.0,0.37079606127902814,4.831236281837385
r2p8_w128_di16,3,1272,temperature,100.0,0.2558116016416615,1.0520197445584327
r2p8_w128_di16,3,1272,temperature,125.0,0.16940880641597242,1.5997087377862833
r2p8_w128_di16,3,1272,temperature,150.0,0.1361507817232322,0.7667902007955046
r2p8_w128_di16,3,1272,temperature,175.0,0.12455395877975778,0.320698184594256
r2p8_w128_di16,3,1272,temperature,200.0,0.12989476659556026,0.17128590740186653
r2p8_w128_di16,3,1272,temperature,225.0,0.13519545711090475,0.17949311885329866
r2p8_w128_di16,3,1272,temperature,250.0,0.13230877116680964,0.18294713320498615
r2p8_w128_di16,3,1272,temperature,300.0,0.12216572812230317,0.2003354398860145
r2p8_w128_di16,3,1272,temperature,350.0,0.11342368134108606,0.1579718846686927
r2p8_w128_di16,3,1272,temperature,400.0,0.11115286237595418,0.13167183659842743
r2p8_w128_di16,3,1272,temperature,450.0,0.11125911449136602,0.12978057717437186
r2p8_w128_di16,3,1272,temperature,500.0,0.11108228455192035,0.12535290710397604
r2p8_w128_di16,3,1272,temperature,550.0,0.11616847624176556,0.13639172504038335
r2p8_w128_di16,3,1272,temperature,600.0,0.12294365673028317,0.14102609018279924
r2p8_w128_di16,3,1272,temperature,650.0,0.13241656982304714,0.15526854542829738
r2p8_w128_di16,3,1272,temperature,700.0,0.14335038165251415,0.16924104174387825
r2p8_w128_di16,3,1272,temperature,750.0,0.16344922613544563,0.19483389152898822
r2p8_w128_di16,3,1272,temperature,775.0,0.17411779215450549,0.1972518769224075
r2p8_w128_di16,3,1272,temperature,800.0,0.1904199641799599,0.23354439010325168
r2p8_w128_di16,3,1272,temperature,825.0,0.21654968975540698,0.2605293030693769
r2p8_w128_di16,3,1272,temperature,850.0,0.23338040444244634,0.3444242209298504
r2p8_w128_di16,3,1272,temperature,875.0,0.2383985525041921,0.33426829781319267
r2p8_w128_di16,3,1272,temperature,900.0,0.23817769453902424,0.307361047026218
r2p8_w128_di16,3,1272,temperature,925.0,0.24131919994591847,0.3168318835013511
r2p8_w128_di16,3,1272,temperature,950.0,0.25338859005072684,0.3298869303104394
r2p8_w128_di16,3,1272,temperature,975.0,0.28011338818319065,0.35669245432127794
r2p8_w128_di16,3,1272,temperature,1000.0,0.29223923702625065,0.3807537422761884
r2p8_w128_di16,3,1272,geopotential,1.0,904225144.566323,26176373.855670102
r2p8_w128_di16,3,1272,geopotential,2.0,421705871.6151203,5000363.108419244
r2p8_w128_di16,3,1272,geopotential,3.0,239814309.2783505,2681626.1355670104
r2p8_w128_di16,3,1272,geopotential,5.0,90220112.5718213,1310346.6402920962
r2p8_w128_di16,3,1272,geopotential,7.0,35922425.003436424,598933.7588487973
r2p8_w128_di16,3,1272,geopotential,10.0,7552648.180412371,311971.83818728523
r2p8_w128_di16,3,1272,geopotential,20.0,1870461.121821306,849748.8167525773
r2p8_w128_di16,3,1272,geopotential,30.0,3139592.8699312713,484821.52957474225
r2p8_w128_di16,3,1272,geopotential,50.0,3545.1752452312876,51561.803184063574
r2p8_w128_di16,3,1272,geopotential,70.0,3058.496623308634,71136.57444158076
r2p8_w128_di16,3,1272,geopotential,100.0,1947.3920830900317,4718.396715595468
r2p8_w128_di16,3,1272,geopotential,125.0,1600.7544679412317,2259.83880946628
r2p8_w128_di16,3,1272,geopotential,150.0,1447.6305559610582,1716.6921315406196
r2p8_w128_di16,3,1272,geopotential,175.0,1401.25583080803,2342.8463521531357
r2p8_w128_di16,3,1272,geopotential,200.0,1392.0184857240656,2346.7461692574097
r2p8_w128_di16,3,1272,geopotential,225.0,1334.66822119644,2140.3753298834836
r2p8_w128_di16,3,1272,geopotential,250.0,1327.4334120707824,1774.4317897101857
r2p8_w128_di16,3,1272,geopotential,300.0,1326.4102626734993,1845.2795639195392
r2p8_w128_di16,3,1272,geopotential,350.0,1262.2029262057695,1720.805496939433
r2p8_w128_di16,3,1272,geopotential,400.0,1164.8296497043466,1507.6281771420613
r2p8_w128_di16,3,1272,geopotential,450.0,1068.8698042512349,1408.0596721216575
r2p8_w128_di16,3,1272,geopotential,500.0,984.3614905078796,1283.1690946913257
r2p8_w128_di16,3,1272,geopotential,550.0,916.9645822636451,1274.382095263504
r2p8_w128_di16,3,1272,geopotential,600.0,874.5392489403794,1188.9733414377954
r2p8_w128_di16,3,1272,geopotential,650.0,845.6806461714388,1226.0601877114207
r2p8_w128_di16,3,1272,geopotential,700.0,839.1996944886303,1187.0088345347401
r2p8_w128_di16,3,1272,geopotential,750.0,838.9861821859563,1219.5741284766968
r2p8_w128_di16,3,1272,geopotential,775.0,849.8817782372544,1287.3978994258082
r2p8_w128_di16,3,1272,geopotential,800.0,859.8848000018457,1290.1465518702346
r2p8_w128_di16,3,1272,geopotential,825.0,876.5115020856824,1243.6554334712603
r2p8_w128_di16,3,1272,geopotential,850.0,896.7007591011597,1272.555915669969
r2p8_w128_di16,3,1272,geopotential,875.0,920.5010710306593,1313.4751977455164
r2p8_w128_di16,3,1272,geopotential,900.0,960.3472132731958,1380.0389181969501
r2p8_w128_di16,3,1272,geopotential,925.0,1007.6959030937903,1443.322680328474
r2p8_w128_di16,3,1272,geopotential,950.0,1060.872597857603,1554.3897930761384
r2p8_w128_di16,3,1272,geopotential,975.0,1143.3865640017584,1768.3524116227718
r2p8_w128_di16,3,1272,geopotential,1000.0,1260.156984435406,2179.1224923150235
r2p8_w128_di16,3,1272,u_component_of_wind,1.0,722.9386758601133,1605.1409174234186
r2p8_w128_di16,3,1272,u_component_of_wind,2.0,455.2801186682842,690.5986923165337
r2p8_w128_di16,3,1272,u_component_of_wind,3.0,285.6802493013467,437.40445916349535
r2p8_w128_di16,3,1272,u_component_of_wind,5.0,139.57897599472622,176.39321097672192
r2p8_w128_di16,3,1272,u_component_of_wind,7.0,94.83603440379768,121.832172294171
r2p8_w128_di16,3,1272,u_component_of_wind,10.0,68.12114248111895,104.83085617117865
r2p8_w128_di16,3,1272,u_component_of_wind,20.0,26.779242006282217,46.1264023613684
r2p8_w128_di16,3,1272,u_component_of_wind,30.0,26.19292216612301,34.46294142864004
r2p8_w128_di16,3,1272,u_component_of_wind,50.0,1.1315817461390676,9.23694651167827
r2p8_w128_di16,3,1272,u_component_of_wind,70.0,1.12226303430767,2.351015594980561
r2p8_w128_di16,3,1272,u_component_of_wind,100.0,1.3048216249115279,2.414092826761331
r2p8_w128_di16,3,1272,u_component_of_wind,125.0,1.4188450351613493,2.097031327621224
r2p8_w128_di16,3,1272,u_component_of_wind,150.0,1.4963557155271576,2.498302943108418
r2p8_w128_di16,3,1272,u_component_of_wind,175.0,1.5222772715427622,2.406849449770557
r2p8_w128_di16,3,1272,u_component_of_wind,200.0,1.596340423883851,2.2796151415998582
r2p8_w128_di16,3,1272,u_component_of_wind,225.0,1.7501107596859489,2.3673422869947767
r2p8_w128_di16,3,1272,u_component_of_wind,250.0,1.88050915801648,2.648545126079284
r2p8_w128_di16,3,1272,u_component_of_wind,300.0,1.9726522819283083,3.4276706402244437
r2p8_w128_di16,3,1272,u_component_of_wind,350.0,1.807396195352692,3.187022023020741
r2p8_w128_di16,3,1272,u_component_of_wind,400.0,1.59124540152009,2.2084828412000257
r2p8_w128_di16,3,1272,u_component_of_wind,450.0,1.4034066351418644,1.8254309568208518
r2p8_w128_di16,3,1272,u_component_of_wind,500.0,1.2501135787603372,1.469097294266691
r2p8_w128_di16,3,1272,u_component_of_wind,550.0,1.1626420173448386,1.3113571352565412
r2p8_w128_di16,3,1272,u_component_of_wind,600.0,1.0861500463125222,1.206805613155627
r2p8_w128_di16,3,1272,u_component_of_wind,650.0,1.0444742619786476,1.3503982911404875
r2p8_w128_di16,3,1272,u_component_of_wind,700.0,1.003151554831934,1.1809184038761964
r2p8_w128_di16,3,1272,u_component_of_wind,750.0,0.9663509646232186,1.0714282549943301
r2p8_w128_di16,3,1272,u_component_of_wind,775.0,0.9445383881785206,1.056492935300283
r2p8_w128_di16,3,1272,u_component_of_wind,800.0,0.92787974003664,1.0339716785552167
r2p8_w128_di16,3,1272,u_component_of_wind,825.0,0.9099692950543669,1.018474931610409
r2p8_w128_di16,3,1272,u_component_of_wind,850.0,0.8807123280472772,0.9973560762978911
r2p8_w128_di16,3,1272,u_component_of_wind,875.0,0.8459510380050161,0.9827262079592832
r2p8_w128_di16,3,1272,u_component_of_wind,900.0,0.8174166316838608,1.0018522607501839
r2p8_w128_di16,3,1272,u_component_of_wind,925.0,0.8008179622417463,0.970685367526877
r2p8_w128_di16,3,1272,u_component_of_wind,950.0,0.7643924616456441,0.948848690527821
r2p8_w128_di16,3,1272,u_component_of_wind,975.0,0.679763151218801,0.8971836576347089
r2p8_w128_di16,3,1272,u_component_of_wind,1000.0,0.5664272328627479,0.8059930973446247
r2p8_w128_di16,3,1272,v_component_of_wind,1.0,119.05225657564668,137.7732471898659
r2p8_w128_di16,3,1272,v_component_of_wind,2.0,72.77250083844686,89.40079165324313
r2p8_w128_di16,3,1272,v_component_of_wind,3.0,52.03747801108868,69.9416593754824
r2p8_w128_di16,3,1272,v_component_of_wind,5.0,32.71310249145088,43.87702956707617
r2p8_w128_di16,3,1272,v_component_of_wind,7.0,24.73936256133404,33.133037130611456
r2p8_w128_di16,3,1272,v_component_of_wind,10.0,17.121713023497065,23.33886146414321
r2p8_w128_di16,3,1272,v_component_of_wind,20.0,9.852611001660325,12.359296758068385
r2p8_w128_di16,3,1272,v_component_of_wind,30.0,8.196863597856764,10.187348907837753
r2p8_w128_di16,3,1272,v_component_of_wind,50.0,1.1579218097159134,5.131856012180498
r2p8_w128_di16,3,1272,v_component_of_wind,70.0,1.2083303110706027,41.136832826489844
r2p8_w128_di16,3,1272,v_component_of_wind,100.0,1.358649160648949,3.703185508832899
r2p8_w128_di16,3,1272,v_component_of_wind,125.0,1.464807457694483,4.795146636864573
r2p8_w128_di16,3,1272,v_component_of_wind,150.0,1.4900461818754058,3.677404500200986
r2p8_w128_di16,3,1272,v_component_of_wind,175.0,1.4851046708850926,2.2279507953276747
r2p8_w128_di16,3,1272,v_component_of_wind,200.0,1.5519517937067038,2.0260594626882233
r2p8_w128_di16,3,1272,v_component_of_wind,225.0,1.7551270650424498,2.5977921626821825
r2p8_w128_di16,3,1272,v_component_of_wind,250.0,1.9538696924845378,3.449075464694361
r2p8_w128_di16,3,1272,v_component_of_wind,300.0,2.199929283328892,3.9450205339189246
r2p8_w128_di16,3,1272,v_component_of_wind,350.0,2.0805937891563597,3.2489985308696316
r2p8_w128_di16,3,1272,v_component_of_wind,400.0,1.842572056304958,2.371266157029011
r2p8_w128_di16,3,1272,v_component_of_wind,450.0,1.6110221734161638,2.1094485632742392
r2p8_w128_di16,3,1272,v_component_of_wind,500.0,1.4217242776323429,1.9298518903476676
r2p8_w128_di16,3,1272,v_component_of_wind,550.0,1.3090241281027646,1.545430408146783
r2p8_w128_di16,3,1272,v_component_of_wind,600.0,1.2139677363163008,1.4678877315160745
r2p8_w128_di16,3,1272,v_component_of_wind,650.0,1.158326429722645,1.7051901616591358
r2p8_w128_di16,3,1272,v_component_of_wind,700.0,1.1124399000017093,1.3295940949744784
r2p8_w128_di16,3,1272,v_component_of_wind,750.0,1.0738952532257002,1.2850873969264867
r2p8_w128_di16,3,1272,v_component_of_wind,775.0,1.0539147950939296,1.4278954832824235
r2p8_w128_di16,3,1272,v_component_of_wind,800.0,1.0374182451221952,1.6975602264666476
r2p8_w128_di16,3,1272,v_component_of_wind,825.0,1.0209088774071526,1.5712208677403297
r2p8_w128_di16,3,1272,v_component_of_wind,850.0,0.9962723830311568,1.397166287448398
r2p8_w128_di16,3,1272,v_component_of_wind,875.0,0.9674795301099823,1.3912669815967993
r2p8_w128_di16,3,1272,v_component_of_wind,900.0,0.9479510768582321,1.2733178436960961
r2p8_w128_di16,3,1272,v_component_of_wind,925.0,0.9261941030263081,1.1423473509316593
r2p8_w128_di16,3,1272,v_component_of_wind,950.0,0.8840874612126564,1.0996316591079291
r2p8_w128_di16,3,1272,v_component_of_wind,975.0,0.7781730204513393,1.0616045316470037
r2p8_w128_di16,3,1272,v_component_of_wind,1000.0,0.6346544354846797,0.8336342405207788
r2p8_w128_di16,3,1272,specific_humidity,1.0,7.979712329664615e-13,1.08087851679786e-13
r2p8_w128_di16,3,1272,specific_humidity,2.0,5.29086877704512e-13,4.4810154429576905e-14
r2p8_w128_di16,3,1272,specific_humidity,3.0,3.6428078088250586e-13,3.1795245665208345e-14
r2p8_w128_di16,3,1272,specific_humidity,5.0,1.8613657648499995e-13,7.038098134200583e-14
r2p8_w128_di16,3,1272,specific_humidity,7.0,1.1637544761544083e-13,1.1935328131600556e-13
r2p8_w128_di16,3,1272,specific_humidity,10.0,6.511209778552283e-14,1.8567860293928258e-13
r2p8_w128_di16,3,1272,specific_humidity,20.0,1.788848140050651e-14,1.7881365961533837e-13
r2p8_w128_di16,3,1272,specific_humidity,30.0,1.002146847301838e-14,3.039185262144404e-14
r2p8_w128_di16,3,1272,specific_humidity,50.0,1.5086202651576535e-16,1.0809490471530908e-13
r2p8_w128_di16,3,1272,specific_humidity,70.0,6.555352921912525e-16,1.0246590083761067e-14
r2p8_w128_di16,3,1272,specific_humidity,100.0,7.841293617331244e-15,2.0085835298153445e-14
r2p8_w128_di16,3,1272,specific_humidity,125.0,5.6395601411281255e-14,2.1469276220273388e-13
r2p8_w128_di16,3,1272,specific_humidity,150.0,4.4888748201515315e-13,1.7675845878640878e-12
r2p8_w128_di16,3,1272,specific_humidity,175.0,3.1129370728082507e-12,1.1819620274766417e-11
r2p8_w128_di16,3,1272,specific_humidity,200.0,1.7224567795719864e-11,3.210336348490637e-11
r2p8_w128_di16,3,1272,specific_humidity,225.0,7.266019820229885e-11,1.2382753694601552e-10
r2p8_w128_di16,3,1272,specific_humidity,250.0,2.260142254336237e-10,3.9590794396201357e-10
r2p8_w128_di16,3,1272,specific_humidity,300.0,1.1943600377511298e-09,2.547871355972804e-09
r2p8_w128_di16,3,1272,specific_humidity,350.0,4.1034687231203145e-09,6.569354977376805e-09
r2p8_w128_di16,3,1272,specific_humidity,400.0,1.0218196281929792e-08,1.731897754220186e-08
r2p8_w128_di16,3,1272,specific_humidity,450.0,2.1221508844362654e-08,3.0716442015797896e-08
r2p8_w128_di16,3,1272,specific_humidity,500.0,3.633391267640685e-08,4.661835541652209e-08
r2p8_w128_di16,3,1272,specific_humidity,550.0,5.825099867052357e-08,6.773052867760961e-08
r2p8_w128_di16,3,1272,specific_humidity,600.0,7.987532751446492e-08,1.0404172460808271e-07
r2p8_w128_di16,3,1272,specific_humidity,650.0,1.1199283436752987e-07,1.6300061856875884e-07
r2p8_w128_di16,3,1272,specific_humidity,700.0,1.436713131456084e-07,2.2132451779833496e-07
r2p8_w128_di16,3,1272,specific_humidity,750.0,1.7886858791580598e-07,2.593336439449371e-07
r2p8_w128_di16,3,1272,specific_humidity,775.0,1.9098260635633102e-07,2.5442636534649347e-07
r2p8_w128_di16,3,1272,specific_humidity,800.0,2.0336908329278867e-07,2.6447939977004484e-07
r2p8_w128_di16,3,1272,specific_humidity,825.0,2.1300108063225765e-07,2.676982397311691e-07
r2p8_w128_di16,3,1272,specific_humidity,850.0,2.108220350025642e-07,2.7747545826378444e-07
r2p8_w128_di16,3,1272,specific_humidity,875.0,1.9530405060497688e-07,2.459102838316802e-07
r2p8_w128_di16,3,1272,specific_humidity,900.0,1.7737926227155216e-07,2.1506987502288495e-07
r2p8_w128_di16,3,1272,specific_humidity,925.0,1.493074445703311e-07,1.7878480137078816e-07
r2p8_w128_di16,3,1272,specific_humidity,950.0,1.1990993478272445e-07,1.53932722889671e-07
r2p8_w128_di16,3,1272,specific_humidity,975.0,1.1499239043863894e-07,1.32225494123751e-07
r2p8_w128_di16,3,1272,specific_humidity,1000.0,1.1164597994239398e-07,1.3912434627080642e-07
r2p8_w128_di16,3,1272,specific_cloud_ice_water_content,1.0,2.0656094913948557e-12,2.2566740725938223e-12
r2p8_w128_di16,3,1272,specific_cloud_ice_water_content,2.0,2.0234545277697125e-12,2.244067658852552e-12
r2p8_w128_di16,3,1272,specific_cloud_ice_water_content,3.0,2.0223645892362894e-12,2.249573168035882e-12
r2p8_w128_di16,3,1272,specific_cloud_ice_water_content,5.0,2.00482062520991e-12,2.2441999286114863e-12
r2p8_w128_di16,3,1272,specific_cloud_ice_water_content,7.0,2.0152753867592816e-12,2.2449201045766935e-12
r2p8_w128_di16,3,1272,specific_cloud_ice_water_content,10.0,2.037115150627534e-12,2.2415133388918228e-12
r2p8_w128_di16,3,1272,specific_cloud_ice_water_content,20.0,1.436444092610472e-12,1.7050406325644602e-12
r2p8_w128_di16,3,1272,specific_cloud_ice_water_content,30.0,1.0323275304599433e-12,1.3570597383782024e-12
r2p8_w128_di16,3,1272,specific_cloud_ice_water_content,50.0,6.04867116940882e-13,1.0730275549782265e-12
r2p8_w128_di16,3,1272,specific_cloud_ice_water_content,70.0,5.007802197102933e-13,8.479401881091455e-13
r2p8_w128_di16,3,1272,specific_cloud_ice_water_content,100.0,1.41792414577202e-12,1.861567653335495e-12
r2p8_w128_di16,3,1272,specific_cloud_ice_water_content,125.0,7.433379552119128e-12,8.364769202756701e-12
r2p8_w128_di16,3,1272,specific_cloud_ice_water_content,150.0,2.0437429827850873e-11,2.203963851997138e-11
r2p8_w128_di16,3,1272,specific_cloud_ice_water_content,175.0,3.4651052583181316e-11,3.8745895378613766e-11
r2p8_w128_di16,3,1272,specific_cloud_ice_water_content,200.0,4.9533701323312176e-11,5.979385762414929e-11
r2p8_w128_di16,3,1272,specific_cloud_ice_water_content,225.0,6.440855524445746e-11,8.532076238724386e-11
r2p8_w128_di16,3,1272,specific_cloud_ice_water_content,250.0,7.128898804799967e-11,1.115233327269481e-10
r2p8_w128_di16,3,1272,specific_cloud_ice_water_content,300.0,6.805355274630973e-11,1.1212402221364501e-10
r2p8_w128_di16,3,1272,specific_cloud_ice_water_content,350.0,6.064485854360536e-11,8.76604053568694e-11
r2p8_w128_di16,3,1272,specific_cloud_ice_water_content,400.0,4.579369841041881e-11,5.701938295328409e-11
r2p8_w128_di16,3,1272,specific_cloud_ice_water_content,450.0,3.341729136034257e-11,3.937201125096399e-11
r2p8_w128_di16,3,1272,specific_cloud_ice_water_content,500.0,2.3787024569424588e-11,2.755215474441601e-11
r2p8_w128_di16,3,1272,specific_cloud_ice_water_content,550.0,1.584411670627491e-11,1.8752231650481807e-11
r2p8_w128_di16,3,1272,specific_cloud_ice_water_content,600.0,1.1052950666157134e-11,1.2945037998651364e-11
r2p8_w128_di16,3,1272,specific_cloud_ice_water_content,650.0,8.164465710032475e-12,9.593755057275762e-12
r2p8_w128_di16,3,1272,specific_cloud_ice_water_content,700.0,6.09391010173955e-12,6.854135123514907e-12
r2p8_w128_di16,3,1272,specific_cloud_ice_water_content,750.0,4.78754874018024e-12,5.54644264067424e-12
r2p8_w128_di16,3,1272,specific_cloud_ice_water_content,775.0,4.713934288971145e-12,5.259053109412642e-12
r2p8_w128_di16,3,1272,specific_cloud_ice_water_content,800.0,4.707491983358201e-12,5.383768706327147e-12
r2p8_w128_di16,3,1272,specific_cloud_ice_water_content,825.0,4.550229323514479e-12,5.114080905634695e-12
r2p8_w128_di16,3,1272,specific_cloud_ice_water_content,850.0,3.961986983271616e-12,4.318310512802713e-12
r2p8_w128_di16,3,1272,specific_cloud_ice_water_content,875.0,3.203053258355219e-12,3.478034668628755e-12
r2p8_w128_di16,3,1272,specific_cloud_ice_water_content,900.0,2.611289247265449e-12,3.0077504058268075e-12
r2p8_w128_di16,3,1272,specific_cloud_ice_water_content,925.0,2.0978291394259484e-12,2.528253248849506e-12
r2p8_w128_di16,3,1272,specific_cloud_ice_water_content,950.0,1.5283444514611215e-12,1.8748884857421477e-12
r2p8_w128_di16,3,1272,specific_cloud_ice_water_content,975.0,1.052711194566144e-12,1.2257261950615533e-12
r2p8_w128_di16,3,1272,specific_cloud_ice_water_content,1000.0,8.760627932093284e-13,1.019880696971465e-12
r2p8_w128_di16,3,1272,specific_cloud_liquid_water_content,1.0,6.960850716230101e-12,1.0984568543633958e-11
r2p8_w128_di16,3,1272,specific_cloud_liquid_water_content,2.0,6.97905872942246e-12,1.0946062125386197e-11
r2p8_w128_di16,3,1272,specific_cloud_liquid_water_content,3.0,6.894158364596004e-12,1.0930150159697834e-11
r2p8_w128_di16,3,1272,specific_cloud_liquid_water_content,5.0,6.959709655962159e-12,1.0978342436876082e-11
r2p8_w128_di16,3,1272,specific_cloud_liquid_water_content,7.0,7.049454723725454e-12,1.0982163996926164e-11
r2p8_w128_di16,3,1272,specific_cloud_liquid_water_content,10.0,6.904741347396527e-12,1.088878897319552e-11
r2p8_w128_di16,3,1272,specific_cloud_liquid_water_content,20.0,5.3435425763698175e-12,8.392884851153748e-12
r2p8_w128_di16,3,1272,specific_cloud_liquid_water_content,30.0,3.906649930766201e-12,6.80067535313673e-12
r2p8_w128_di16,3,1272,specific_cloud_liquid_water_content,50.0,3.665392761854649e-12,1.1180005444236414e-11
r2p8_w128_di16,3,1272,specific_cloud_liquid_water_content,70.0,2.4087816302428625e-12,1.1486167394982216e-11
r2p8_w128_di16,3,1272,specific_cloud_liquid_water_content,100.0,2.305795471391585e-12,9.543352321524934e-12
r2p8_w128_di16,3,1272,specific_cloud_liquid_water_content,125.0,1.980715439158574e-12,8.708946605885866e-12
r2p8_w128_di16,3,1272,specific_cloud_liquid_water_content,150.0,2.2718102831329924e-12,5.361671149957225e-12
r2p8_w128_di16,3,1272,specific_cloud_liquid_water_content,175.0,2.7887149269078502e-12,3.948174417489749e-12
r2p8_w128_di16,3,1272,specific_cloud_liquid_water_content,200.0,3.3221211096406432e-12,4.834112318869888e-12
r2p8_w128_di16,3,1272,specific_cloud_liquid_water_content,225.0,2.8765502800703413e-12,3.6072399218513074e-12
r2p8_w128_di16,3,1272,specific_cloud_liquid_water_content,250.0,3.164678334531436e-12,4.340254867158272e-12
r2p8_w128_di16,3,1272,specific_cloud_liquid_water_content,300.0,5.122975064937647e-12,6.226919814424105e-12
r2p8_w128_di16,3,1272,specific_cloud_liquid_water_content,350.0,7.957461985959718e-12,9.805969137466533e-12
r2p8_w128_di16,3,1272,specific_cloud_liquid_water_content,400.0,1.552316402925363e-11,1.8127586748527474e-11
r2p8_w128_di16,3,1272,specific_cloud_liquid_water_content,450.0,3.5263638976948825e-11,3.976349509539903e-11
r2p8_w128_di16,3,1272,specific_cloud_liquid_water_content,500.0,7.745687769108952e-11,8.531219017309496e-11
r2p8_w128_di16,3,1272,specific_cloud_liquid_water_content,550.0,1.3065076468198478e-10,1.3514771450672033e-10
r2p8_w128_di16,3,1272,specific_cloud_liquid_water_content,600.0,1.0494442934458747e-10,1.1274173033197761e-10
r2p8_w128_di16,3,1272,specific_cloud_liquid_water_content,650.0,1.0600061239225198e-10,1.1424146516142908e-10
r2p8_w128_di16,3,1272,specific_cloud_liquid_water_content,700.0,1.2998984417027117e-10,1.3903445686175547e-10
r2p8_w128_di16,3,1272,specific_cloud_liquid_water_content,750.0,1.6661817846583605e-10,1.7743686550599111e-10
r2p8_w128_di16,3,1272,specific_cloud_liquid_water_content,775.0,1.8760434774014486e-10,2.0079004177162696e-10
r2p8_w128_di16,3,1272,specific_cloud_liquid_water_content,800.0,2.1662372748966472e-10,2.63743791764303e-10
r2p8_w128_di16,3,1272,specific_cloud_liquid_water_content,825.0,2.838498005084331e-10,3.549494917155348e-10
r2p8_w128_di16,3,1272,specific_cloud_liquid_water_content,850.0,3.367170732005296e-10,5.791278505052666e-10
r2p8_w128_di16,3,1272,specific_cloud_liquid_water_content,875.0,3.45171796013947e-10,8.657925310628732e-10
r2p8_w128_di16,3,1272,specific_cloud_liquid_water_content,900.0,3.08558149439639e-10,5.807772924285188e-10
r2p8_w128_di16,3,1272,specific_cloud_liquid_water_content,925.0,2.4837554240315123e-10,3.633243182255569e-10
r2p8_w128_di16,3,1272,specific_cloud_liquid_water_content,950.0,1.717761228553055e-10,3.0569569924295e-10
r2p8_w128_di16,3,1272,specific_cloud_liquid_water_content,975.0,1.0367759170511923e-10,2.363444334380167e-10
r2p8_w128_di16,3,1272,specific_cloud_liquid_water_content,1000.0,6.08969232715158e-11,8.194901344238201e-11
r2p8_w128_di16,4,1696,temperature,1.0,75.19899358061171,329.14502177549804
r2p8_w128_di16,4,1696,temperature,2.0,49.46142185905955,810.2390079668708
r2p8_w128_di16,4,1696,temperature,3.0,32.390100264139605,1014.8124131245302
r2p8_w128_di16,4,1696,temperature,5.0,18.356825226852575,782.6204013470522
r2p8_w128_di16,4,1696,temperature,7.0,12.234180402919598,555.7666604163311
r2p8_w128_di16,4,1696,temperature,10.0,6.932305318301486,386.5401209251168
r2p8_w128_di16,4,1696,temperature,20.0,5.231110039609405,55.23314256963042
r2p8_w128_di16,4,1696,temperature,30.0,3.8718095885928965,5.056930057781258
r2p8_w128_di16,4,1696,temperature,50.0,0.38092296676537424,31.78465644469376
r2p8_w128_di16,4,1696,temperature,70.0,0.37079606127902814,3.7675666610809535
r2p8_w128_di16,4,1696,temperature,100.0,0.2558116016416615,1.1848879883379462
r2p8_w128_di16,4,1696,temperature,125.0,0.16940880641597242,1.7500754530077538
r2p8_w128_di16,4,1696,temperature,150.0,0.1361507817232322,0.8110089255362442
r2p8_w128_di16,4,1696,temperature,175.0,0.12455395877975778,0.35483656144633735
r2p8_w128_di16,4,1696,temperature,200.0,0.12989476659556026,0.17315064336323657
r2p8_w128_di16,4,1696,temperature,225.0,0.13519545711090475,0.19454571736842086
r2p8_w128_di16,4,1696,temperature,250.0,0.13230877116680964,0.18448920214606315
r2p8_w128_di16,4,1696,temperature,300.0,0.12216572812230317,0.18166369267345703
r2p8_w128_di16,4,1696,temperature,350.0,0.11342368134108606,0.15295251786094352
r2p8_w128_di16,4,1696,temperature,400.0,0.11115286237595418,0.13495381061768613
r2p8_w128_di16,4,1696,temperature,450.0,0.11125911449136602,0.12895380496671519
r2p8_w128_di16,4,1696,temperature,500.0,0.11108228455192035,0.12749953883415235
r2p8_w128_di16,4,1696,temperature,550.0,0.11616847624176556,0.13723494318854768
r2p8_w128_di16,4,1696,temperature,600.0,0.12294365673028317,0.14396777051625792
r2p8_w128_di16,4,1696,temperature,650.0,0.13241656982304714,0.15698968482898273
r2p8_w128_di16,4,1696,temperature,700.0,0.14335038165251415,0.17333280145097843
r2p8_w128_di16,4,1696,temperature,750.0,0.16344922613544563,0.20160229492842946
r2p8_w128_di16,4,1696,temperature,775.0,0.17411779215450549,0.20285409851787017
r2p8_w128_di16,4,1696,temperature,800.0,0.1904199641799599,0.23786981725405992
r2p8_w128_di16,4,1696,temperature,825.0,0.21654968975540698,0.27065235761432715
r2p8_w128_di16,4,1696,temperature,850.0,0.23338040444244634,0.33575789967353403
r2p8_w128_di16,4,1696,temperature,875.0,0.2383985525041921,0.3479041102620744
r2p8_w128_di16,4,1696,temperature,900.0,0.23817769453902424,0.31323901810187244
r2p8_w128_di16,4,1696,temperature,925.0,0.24131919994591847,0.32218579409253556
r2p8_w128_di16,4,1696,temperature,950.0,0.25338859005072684,0.33622626877322637
r2p8_w128_di16,4,1696,temperature,975.0,0.28011338818319065,0.3671916402492327
r2p8_w128_di16,4,1696,temperature,1000.0,0.29223923702625065,0.3968172232309977
r2p8_w128_di16,4,1696,geopotential,1.0,904225144.566323,29178450.995189004
r2p8_w128_di16,4,1696,geopotential,2.0,421705871.6151203,5565803.446735395
r2p8_w128_di16,4,1696,geopotential,3.0,239814309.2783505,2993417.6183848795
r2p8_w128_di16,4,1696,geopotential,5.0,90220112.5718213,1355045.9137886597
r2p8_w128_di16,4,1696,geopotential,7.0,35922425.003436424,589540.6027491409
r2p8_w128_di16,4,1696,geopotential,10.0,7552648.180412371,287515.99655283504
r2p8_w128_di16,4,1696,geopotential,20.0,1870461.121821306,855122.3731958763
r2p8_w128_di16,4,1696,geopotential,30.0,3139592.8699312713,469757.82169243984
r2p8_w128_di16,4,1696,geopotential,50.0,3545.1752452312876,55980.69997852234
r2p8_w128_di16,4,1696,geopotential,70.0,3058.496623308634,70151.34879725086
r2p8_w128_di16,4,1696,geopotential,100.0,1947.3920830900317,5201.973181445984
r2p8_w128_di16,4,1696,geopotential,125.0,1600.7544679412317,2129.9274211031466
r2p8_w128_di16,4,1696,geopotential,150.0,1447.6305559610582,1681.522222250188
r2p8_w128_di16,4,1696,geopotential,175.0,1401.25583080803,2514.00815824004
r2p8_w128_di16,4,1696,geopotential,200.0,1392.0184857240656,2255.2167551781304
r2p8_w128_di16,4,1696,geopotential,225.0,1334.66822119644,2037.497149427486
r2p8_w128_di16,4,1696,geopotential,250.0,1327.4334120707824,1650.2956298828126
r2p8_w128_di16,4,1696,geopotential,300.0,1326.4102626734993,1835.1235613321521
r2p8_w128_di16,4,1696,geopotential,350.0,1262.2029262057695,1691.8977918277492
r2p8_w128_di16,4,1696,geopotential,400.0,1164.8296497043466,1455.5417515286056
r2p8_w128_di16,4,1696,geopotential,450.0,1068.8698042512349,1367.3490105173432
r2p8_w128_di16,4,1696,geopotential,500.0,984.3614905078796,1241.8225975220146
r2p8_w128_di16,4,1696,geopotential,550.0,916.9645822636451,1196.5446578088086
r2p8_w128_di16,4,1696,geopotential,600.0,874.5392489403794,1124.84458867758
r2p8_w128_di16,4,1696,geopotential,650.0,845.6806461714388,1146.2554683305143
r2p8_w128_di16,4,1696,geopotential,700.0,839.1996944886303,1115.5854486314702
r2p8_w128_di16,4,1696,geopotential,750.0,838.9861821859563,1136.406240729368
r2p8_w128_di16,4,1696,geopotential,775.0,849.8817782372544,1184.7910477156493
r2p8_w128_di16,4,1696,geopotential,800.0,859.8848000018457,1197.2465994818513
r2p8_w128_di16,4,1696,geopotential,825.0,876.5115020856824,1186.1255341729757
r2p8_w128_di16,4,1696,geopotential,850.0,896.7007591011597,1223.3168678519653
r2p8_w128_di16,4,1696,geopotential,875.0,920.5010710306593,1278.9663492419056
r2p8_w128_di16,4,1696,geopotential,900.0,960.3472132731958,1349.932135785814
r2p8_w128_di16,4,1696,geopotential,925.0,1007.6959030937903,1414.6495272397176
r2p8_w128_di16,4,1696,geopotential,950.0,1060.872597857603,1530.1044052281331
r2p8_w128_di16,4,1696,geopotential,975.0,1143.3865640017584,1756.8260134772336
r2p8_w128_di16,4,1696,geopotential,1000.0,1260.156984435406,2181.7433165035704
r2p8_w128_di16,4,1696,u_component_of_wind,1.0,722.9386758601133,1541.2285726750429
r2p8_w128_di16,4,1696,u_component_of_wind,2.0,455.2801186682842,664.8159333638719
r2p8_w128_di16,4,1696,u_component_of_wind,3.0,285.6802493013467,417.1324657322205
r2p8_w128_di16,4,1696,u_component_of_wind,5.0,139.57897599472622,176.304840583408
r2p8_w128_di16,4,1696,u_component_of_wind,7.0,94.83603440379768,120.9481890229425
r2p8_w128_di16,4,1696,u_component_of_wind,10.0,68.12114248111895,101.84850873652192
r2p8_w128_di16,4,1696,u_component_of_wind,20.0,26.779242006282217,47.89863452059297
r2p8_w128_di16,4,1696,u_component_of_wind,30.0,26.19292216612301,34.22466200602423
r2p8_w128_di16,4,1696,u_component_of_wind,50.0,1.1315817461390676,7.065396776887559
r2p8_w128_di16,4,1696,u_component_of_wind,70.0,1.12226303430767,2.112618539177675
r2p8_w128_di16,4,1696,u_component_of_wind,100.0,1.3048216249115279,2.8755251802529664
r2p8_w128_di16,4,1696,u_component_of_wind,125.0,1.4188450351613493,2.427687535908624
r2p8_w128_di16,4,1696,u_component_of_wind,150.0,1.4963557155271576,2.4590744687929185
r2p8_w128_di16,4,1696,u_component_of_wind,175.0,1.5222772715427622,2.4485351024214754
r2p8_w128_di16,4,1696,u_component_of_wind,200.0,1.596340423883851,2.33221094411673
r2p8_w128_di16,4,1696,u_component_of_wind,225.0,1.7501107596859489,2.4846496995781706
r2p8_w128_di16,4,1696,u_component_of_wind,250.0,1.88050915801648,2.53187081158366
r2p8_w128_di16,4,1696,u_component_of_wind,300.0,1.9726522819283083,3.2299057906435937
r2p8_w128_di16,4,1696,u_component_of_wind,350.0,1.807396195352692,3.1016274152342804
r2p8_w128_di16,4,1696,u_component_of_wind,400.0,1.59124540152009,2.1743285723158583
r2p8_w128_di16,4,1696,u_component_of_wind,450.0,1.4034066351418644,1.8184580654622764
r2p8_w128_di16,4,1696,u_component_of_wind,500.0,1.2501135787603372,1.5066507497603951
r2p8_w128_di16,4,1696,u_component_of_wind,550.0,1.1626420173448386,1.3283500668519141
r2p8_w128_di16,4,1696,u_component_of_wind,600.0,1.0861500463125222,1.2199670926402115
r2p8_w128_di16,4,1696,u_component_of_wind,650.0,1.0444742619786476,1.3097003802401093
r2p8_w128_di16,4,1696,u_component_of_wind,700.0,1.003151554831934,1.1964141580657042
r2p8_w128_di16,4,1696,u_component_of_wind,750.0,0.9663509646232186,1.1155838299862708
r2p8_w128_di16,4,1696,u_component_of_wind,775.0,0.9445383881785206,1.0595388758633144
r2p8_w128_di16,4,1696,u_component_of_wind,800.0,0.92787974003664,1.0457221011115923
r2p8_w128_di16,4,1696,u_component_of_wind,825.0,0.9099692950543669,1.0284684236926311
r2p8_w128_di16,4,1696,u_component_of_wind,850.0,0.8807123280472772,1.005807302784674
r2p8_w128_di16,4,1696,u_component_of_wind,875.0,0.8459510380050161,0.9868851136505808
r2p8_w128_di16,4,1696,u_component_of_wind,900.0,0.8174166316838608,0.9698085562060379
r2p8_w128_di16,4,1696,u_component_of_wind,925.0,0.8008179622417463,0.963447031614297
r2p8_w128_di16,4,1696,u_component_of_wind,950.0,0.7643924616456441,0.9574195155573055
r2p8_w128_di16,4,1696,u_component_of_wind,975.0,0.679763151218801,0.9056840921595334
r2p8_w128_di16,4,1696,u_component_of_wind,1000.0,0.5664272328627479,0.8197939193125853
r2p8_w128_di16,4,1696,v_component_of_wind,1.0,119.05225657564668,134.4823370523879
r2p8_w128_di16,4,1696,v_component_of_wind,2.0,72.77250083844686,86.61675426574917
r2p8_w128_di16,4,1696,v_component_of_wind,3.0,52.03747801108868,67.03185955453984
r2p8_w128_di16,4,1696,v_component_of_wind,5.0,32.71310249145088,42.06289223215424
r2p8_w128_di16,4,1696,v_component_of_wind,7.0,24.73936256133404,30.995848885762324
r2p8_w128_di16,4,1696,v_component_of_wind,10.0,17.121713023497065,21.129990124128938
r2p8_w128_di16,4,1696,v_component_of_wind,20.0,9.852611001660325,11.276512160088188
r2p8_w128_di16,4,1696,v_component_of_wind,30.0,8.196863597856764,10.431186858894899
r2p8_w128_di16,4,1696,v_component_of_wind,50.0,1.1579218097159134,5.909402997223372
r2p8_w128_di16,4,1696,v_component_of_wind,70.0,1.2083303110706027,36.62862717277815
r2p8_w128_di16,4,1696,v_component_of_wind,100.0,1.358649160648949,3.865682483292937
r2p8_w128_di16,4,1696,v_component_of_wind,125.0,1.464807457694483,5.108952905058451
r2p8_w128_di16,4,1696,v_component_of_wind,150.0,1.4900461818754058,3.3568817679415046
r2p8_w128_di16,4,1696,v_component_of_wind,175.0,1.4851046708850926,2.4057536257091665
r2p8_w128_di16,4,1696,v_component_of_wind,200.0,1.5519517937067038,2.062327832454668
r2p8_w128_di16,4,1696,v_component_of_wind,225.0,1.7551270650424498,2.817759386370682
r2p8_w128_di16,4,1696,v_component_of_wind,250.0,1.9538696924845378,3.8712214191345007
r2p8_w128_di16,4,1696,v_component_of_wind,300.0,2.199929283328892,3.885525553988427
r2p8_w128_di16,4,1696,v_component_of_wind,350.0,2.0805937891563597,3.3146859391858077
r2p8_w128_di16,4,1696,v_component_of_wind,400.0,1.842572056304958,2.383109843444169
r2p8_w128_di16,4,1696,v_component_of_wind,450.0,1.6110221734161638,2.1671281603193773
r2p8_w128_di16,4,1696,v_component_of_wind,500.0,1.4217242776323429,1.908620882689748
r2p8_w128_di16,4,1696,v_component_of_wind,550.0,1.3090241281027646,1.5760406893962846
r2p8_w128_di16,4,1696,v_component_of_wind,600.0,1.2139677363163008,1.5020921044333284
r2p8_w128_di16,4,1696,v_component_of_wind,650.0,1.158326429722645,1.6141422576511029
r2p8_w128_di16,4,1696,v_component_of_wind,700.0,1.1124399000017093,1.361592766632329
r2p8_w128_di16,4,1696,v_component_of_wind,750.0,1.0738952532257002,1.3154698919594492
r2p8_w128_di16,4,1696,v_component_of_wind,775.0,1.0539147950939296,1.4173579946826005
r2p8_w128_di16,4,1696,v_component_of_wind,800.0,1.0374182451221952,1.6828692618104601
r2p8_w128_di16,4,1696,v_component_of_wind,825.0,1.0209088774071526,1.4727099520234308
r2p8_w128_di16,4,1696,v_component_of_wind,850.0,0.9962723830311568,1.3913218242605936
r2p8_w128_di16,4,1696,v_component_of_wind,875.0,0.9674795301099823,1.4140102102174792
r2p8_w128_di16,4,1696,v_component_of_wind,900.0,0.9479510768582321,1.2534264765244578
r2p8_w128_di16,4,1696,v_component_of_wind,925.0,0.9261941030263081,1.1706774365451327
r2p8_w128_di16,4,1696,v_component_of_wind,950.0,0.8840874612126564,1.129029066087454
r2p8_w128_di16,4,1696,v_component_of_wind,975.0,0.7781730204513393,1.0868310172123599
r2p8_w128_di16,4,1696,v_component_of_wind,1000.0,0.6346544354846797,0.8644636844851307
r2p8_w128_di16,4,1696,specific_humidity,1.0,7.979712329664615e-13,1.0950374562291778e-13
r2p8_w128_di16,4,1696,specific_humidity,2.0,5.29086877704512e-13,4.487548129317048e-14
r2p8_w128_di16,4,1696,specific_humidity,3.0,3.6428078088250586e-13,3.233833195730279e-14
r2p8_w128_di16,4,1696,specific_humidity,5.0,1.8613657648499995e-13,7.22243104650061e-14
r2p8_w128_di16,4,1696,specific_humidity,7.0,1.1637544761544083e-13,1.2252250640845752e-13
r2p8_w128_di16,4,1696,specific_humidity,10.0,6.511209778552283e-14,1.9098876629424732e-13
r2p8_w128_di16,4,1696,specific_humidity,20.0,1.788848140050651e-14,1.8338911287445236e-13
r2p8_w128_di16,4,1696,specific_humidity,30.0,1.002146847301838e-14,3.037131160442193e-14
r2p8_w128_di16,4,1696,specific_humidity,50.0,1.5086202651576535e-16,1.171492853288745e-13
r2p8_w128_di16,4,1696,specific_humidity,70.0,6.555352921912525e-16,7.1002694427399835e-15
r2p8_w128_di16,4,1696,specific_humidity,100.0,7.841293617331244e-15,1.491975865877017e-14
r2p8_w128_di16,4,1696,specific_humidity,125.0,5.6395601411281255e-14,1.6962301442355561e-13
r2p8_w128_di16,4,1696,specific_humidity,150.0,4.4888748201515315e-13,1.381015228635583e-12
r2p8_w128_di16,4,1696,specific_humidity,175.0,3.1129370728082507e-12,8.855436938457785e-12
r2p8_w128_di16,4,1696,specific_humidity,200.0,1.7224567795719864e-11,2.721885951761278e-11
r2p8_w128_di16,4,1696,specific_humidity,225.0,7.266019820229885e-11,1.0590514072330803e-10
r2p8_w128_di16,4,1696,specific_humidity,250.0,2.260142254336237e-10,3.640084645504867e-10
r2p8_w128_di16,4,1696,specific_humidity,300.0,1.1943600377511298e-09,2.3292612523756303e-09
r2p8_w128_di16,4,1696,specific_humidity,350.0,4.1034687231203145e-09,6.515657388809471e-09
r2p8_w128_di16,4,1696,specific_humidity,400.0,1.0218196281929792e-08,1.7537454205613823e-08
r2p8_w128_di16,4,1696,specific_humidity,450.0,2.1221508844362654e-08,3.0660542294138417e-08
r2p8_w128_di16,4,1696,specific_humidity,500.0,3.633391267640685e-08,4.668158989137584e-08
r2p8_w128_di16,4,1696,specific_humidity,550.0,5.825099867052357e-08,6.830128861665376e-08
r2p8_w128_di16,4,1696,specific_humidity,600.0,7.987532751446492e-08,1.0518012793829595e-07
r2p8_w128_di16,4,1696,specific_humidity,650.0,1.1199283436752987e-07,1.6065653906017733e-07
r2p8_w128_di16,4,1696,specific_humidity,700.0,1.436713131456084e-07,2.2650216258608542e-07
r2p8_w128_di16,4,1696,specific_humidity,750.0,1.7886858791580598e-07,2.598706714804747e-07
r2p8_w128_di16,4,1696,specific_humidity,775.0,1.9098260635633102e-07,2.607309057438312e-07
r2p8_w128_di16,4,1696,specific_humidity,800.0,2.0336908329278867e-07,2.691240558839045e-07
r2p8_w128_di16,4,1696,specific_humidity,825.0,2.1300108063225765e-07,2.6769256019460297e-07
r2p8_w128_di16,4,1696,specific_humidity,850.0,2.108220350025642e-07,2.7676113347752105e-07
r2p8_w128_di16,4,1696,specific_humidity,875.0,1.9530405060497688e-07,2.4552491717472907e-07
r2p8_w128_di16,4,1696,specific_humidity,900.0,1.7737926227155216e-07,2.1799274011175424e-07
r2p8_w128_di16,4,1696,specific_humidity,925.0,1.493074445703311e-07,1.8096783237852672e-07
r2p8_w128_di16,4,1696,specific_humidity,950.0,1.1990993478272445e-07,1.5130532056952416e-07
r2p8_w128_di16,4,1696,specific_humidity,975.0,1.1499239043863894e-07,1.3290040425474054e-07
r2p8_w128_di16,4,1696,specific_humidity,1000.0,1.1164597994239398e-07,1.3995293896736213e-07
r2p8_w128_di16,4,1696,specific_cloud_ice_water_content,1.0,2.0656094913948557e-12,2.4006920513363465e-12
r2p8_w128_di16,4,1696,specific_cloud_ice_water_content,2.0,2.0234545277697125e-12,2.3639261544753955e-12
r2p8_w128_di16,4,1696,specific_cloud_ice_water_content,3.0,2.0223645892362894e-12,2.3629233489859276e-12
r2p8_w128_di16,4,1696,specific_cloud_ice_water_content,5.0,2.00482062520991e-12,2.3620147436011726e-12
r2p8_w128_di16,4,1696,specific_cloud_ice_water_content,7.0,2.0152753867592816e-12,2.3639604398541986e-12
r2p8_w128_di16,4,1696,specific_cloud_ice_water_content,10.0,2.037115150627534e-12,2.3694695527616153e-12
r2p8_w128_di16,4,1696,specific_cloud_ice_water_content,20.0,1.436444092610472e-12,1.748821914798548e-12
r2p8_w128_di16,4,1696,specific_cloud_ice_water_content,30.0,1.0323275304599433e-12,1.3107716775917193e-12
r2p8_w128_di16,4,1696,specific_cloud_ice_water_content,50.0,6.04867116940882e-13,1.1341360143436648e-12
r2p8_w128_di16,4,1696,specific_cloud_ice_water_content,70.0,5.007802197102933e-13,8.757791919269552e-13
r2p8_w128_di16,4,1696,specific_cloud_ice_water_content,100.0,1.41792414577202e-12,1.8781569478408183e-12
r2p8_w128_di16,4,1696,specific_cloud_ice_water_content,125.0,7.433379552119128e-12,8.330819676254803e-12
r2p8_w128_di16,4,1696,specific_cloud_ice_water_content,150.0,2.0437429827850873e-11,2.240992963309517e-11
r2p8_w128_di16,4,1696,specific_cloud_ice_water_content,175.0,3.4651052583181316e-11,4.0407890750505464e-11
r2p8_w128_di16,4,1696,specific_cloud_ice_water_content,200.0,4.9533701323312176e-11,6.515986477951815e-11
r2p8_w128_di16,4,1696,specific_cloud_ice_water_content,225.0,6.440855524445746e-11,9.748572431116399e-11
r2p8_w128_di16,4,1696,specific_cloud_ice_water_content,250.0,7.128898804799967e-11,1.3975679922713564e-10
r2p8_w128_di16,4,1696,specific_cloud_ice_water_content,300.0,6.805355274630973e-11,1.400781831260107e-10
r2p8_w128_di16,4,1696,specific_cloud_ice_water_content,350.0,6.064485854360536e-11,9.998609934943321e-11
r2p8_w128_di16,4,1696,specific_cloud_ice_water_content,400.0,4.579369841041881e-11,6.049656673378857e-11
r2p8_w128_di16,4,1696,specific_cloud_ice_water_content,450.0,3.341729136034257e-11,4.064617920352606e-11
r2p8_w128_di16,4,1696,specific_cloud_ice_water_content,500.0,2.3787024569424588e-11,2.838405296645086e-11
r2p8_w128_di16,4,1696,specific_cloud_ice_water_content,550.0,1.584411670627491e-11,1.93368509659016e-11
r2p8_w128_di16,4,1696,specific_cloud_ice_water_content,600.0,1.1052950666157134e-11,1.3330389570561587e-11
r2p8_w128_di16,4,1696,specific_cloud_ice_water_content,650.0,8.164465710032475e-12,1.003048777073582e-11
r2p8_w128_di16,4,1696,specific_cloud_ice_water_content,700.0,6.09391010173955e-12,7.075065593941743e-12
r2p8_w128_di16,4,1696,specific_cloud_ice_water_content,750.0,4.78754874018024e-12,5.62185111369207e-12
r2p8_w128_di16,4,1696,specific_cloud_ice_water_content,775.0,4.713934288971145e-12,5.304772137381886e-12
r2p8_w128_di16,4,1696,specific_cloud_ice_water_content,800.0,4.707491983358201e-12,5.524844934888829e-12
r2p8_w128_di16,4,1696,specific_cloud_ice_water_content,825.0,4.550229323514479e-12,5.140741185789465e-12
r2p8_w128_di16,4,1696,specific_cloud_ice_water_content,850.0,3.961986983271616e-12,4.3659508348009946e-12
r2p8_w128_di16,4,1696,specific_cloud_ice_water_content,875.0,3.203053258355219e-12,3.5005420972350563e-12
r2p8_w128_di16,4,1696,specific_cloud_ice_water_content,900.0,2.611289247265449e-12,3.0365754061256e-12
r2p8_w128_di16,4,1696,specific_cloud_ice_water_content,925.0,2.0978291394259484e-12,2.5994728460437135e-12
r2p8_w128_di16,4,1696,specific_cloud_ice_water_content,950.0,1.5283444514611215e-12,1.9346057708365988e-12
r2p8_w128_di16,4,1696,specific_cloud_ice_water_content,975.0,1.052711194566144e-12,1.265414425756296e-12
r2p8_w128_di16,4,1696,specific_cloud_ice_water_content,1000.0,8.760627932093284e-13,1.0454684307232294e-12
r2p8_w128_di16,4,1696,specific_cloud_liquid_water_content,1.0,6.960850716230101e-12,1.1327519610305792e-11
r2p8_w128_di16,4,1696,specific_cloud_liquid_water_content,2.0,6.97905872942246e-12,1.1194538369142866e-11
r2p8_w128_di16,4,1696,specific_cloud_liquid_water_content,3.0,6.894158364596004e-12,1.1345534474557725e-11
r2p8_w128_di16,4,1696,specific_cloud_liquid_water_content,5.0,6.959709655962159e-12,1.1231452559823766e-11
r2p8_w128_di16,4,1696,specific_cloud_liquid_water_content,7.0,7.049454723725454e-12,1.1143411401243942e-11
r2p8_w128_di16,4,1696,specific_cloud_liquid_water_content,10.0,6.904741347396527e-12,1.1296949364181279e-11
r2p8_w128_di16,4,1696,specific_cloud_liquid_water_content,20.0,5.3435425763698175e-12,8.814646979704615e-12
r2p8_w128_di16,4,1696,specific_cloud_liquid_water_content,30.0,3.906649930766201e-12,6.729227354559665e-12
r2p8_w128_di16,4,1696,specific_cloud_liquid_water_content,50.0,3.665392761854649e-12,1.01350543036573e-11
r2p8_w128_di16,4,1696,specific_cloud_liquid_water_content,70.0,2.4087816302428625e-12,1.4070989477873872e-11
r2p8_w128_di16,4,1696,specific_cloud_liquid_water_content,100.0,2.305795471391585e-12,9.887604209641411e-12
r2p8_w128_di16,4,1696,specific_cloud_liquid_water_content,125.0,1.980715439158574e-12,6.679394152072935e-12
r2p8_w128_di16,4,1696,specific_cloud_liquid_water_content,150.0,2.2718102831329924e-12,6.355310574289161e-12
r2p8_w128_di16,4,1696,specific_cloud_liquid_water_content,175.0,2.7887149269078502e-12,4.40849172432505e-12
r2p8_w128_di16,4,1696,specific_cloud_liquid_water_content,200.0,3.3221211096406432e-12,5.189521994583528e-12
r2p8_w128_di16,4,1696,specific_cloud_liquid_water_content,225.0,2.8765502800703413e-12,3.753684132239262e-12
r2p8_w128_di16,4,1696,specific_cloud_liquid_water_content,250.0,3.164678334531436e-12,4.596591938811341e-12
r2p8_w128_di16,4,1696,specific_cloud_liquid_water_content,300.0,5.122975064937647e-12,6.5516934049980065e-12
r2p8_w128_di16,4,1696,specific_cloud_liquid_water_content,350.0,7.957461985959718e-12,1.0479065298891579e-11
r2p8_w128_di16,4,1696,specific_cloud_liquid_water_content,400.0,1.552316402925363e-11,1.895188178367735e-11
r2p8_w128_di16,4,1696,specific_cloud_liquid_water_content,450.0,3.5263638976948825e-11,4.033017839004694e-11
r2p8_w128_di16,4,1696,specific_cloud_liquid_water_content,500.0,7.745687769108952e-11,8.593002067110172e-11
r2p8_w128_di16,4,1696,specific_cloud_liquid_water_content,550.0,1.3065076468198478e-10,1.3578943742150447e-10
r2p8_w128_di16,4,1696,specific_cloud_liquid_water_content,600.0,1.0494442934458747e-10,1.1293580874797328e-10
r2p8_w128_di16,4,1696,specific_cloud_liquid_water_content,650.0,1.0600061239225198e-10,1.1463241555872314e-10
r2p8_w128_di16,4,1696,specific_cloud_liquid_water_content,700.0,1.2998984417027117e-10,1.3938019333099168e-10
r2p8_w128_di16,4,1696,specific_cloud_liquid_water_content,750.0,1.6661817846583605e-10,1.7811889388497247e-10
r2p8_w128_di16,4,1696,specific_cloud_liquid_water_content,775.0,1.8760434774014486e-10,2.0199719882635607e-10
r2p8_w128_di16,4,1696,specific_cloud_liquid_water_content,800.0,2.1662372748966472e-10,2.7220032721710605e-10
r2p8_w128_di16,4,1696,specific_cloud_liquid_water_content,825.0,2.838498005084331e-10,3.670024256432778e-10
r2p8_w128_di16,4,1696,specific_cloud_liquid_water_content,850.0,3.367170732005296e-10,6.037189709586883e-10
r2p8_w128_di16,4,1696,specific_cloud_liquid_water_content,875.0,3.45171796013947e-10,8.920706950910073e-10
r2p8_w128_di16,4,1696,specific_cloud_liquid_water_content,900.0,3.08558149439639e-10,5.999145123396064e-10
r2p8_w128_di16,4,1696,specific_cloud_liquid_water_content,925.0,2.4837554240315123e-10,3.7127558166093063e-10
r2p8_w128_di16,4,1696,specific_cloud_liquid_water_content,950.0,1.717761228553055e-10,3.435237067505651e-10
r2p8_w128_di16,4,1696,specific_cloud_liquid_water_content,975.0,1.0367759170511923e-10,2.834270665433797e-10
r2p8_w128_di16,4,1696,specific_cloud_liquid_water_content,1000.0,6.08969232715158e-11,9.016169890200902e-11
r2p8_w128_di16,5,2120,temperature,1.0,75.19899358061171,332.05584307798404
r2p8_w128_di16,5,2120,temperature,2.0,49.46142185905955,807.4021436553641
r2p8_w128_di16,5,2120,temperature,3.0,32.390100264139605,1013.6828992076756
r2p8_w128_di16,5,2120,temperature,5.0,18.356825226852575,780.8928343887592
r2p8_w128_di16,5,2120,temperature,7.0,12.234180402919598,552.9388464229623
r2p8_w128_di16,5,2120,temperature,10.0,6.932305318301486,381.64626385141486
r2p8_w128_di16,5,2120,temperature,20.0,5.231110039609405,51.35594609840629
r2p8_w128_di16,5,2120,temperature,30.0,3.8718095885928965,5.3491065169527765
r2p8_w128_di16,5,2120,temperature,50.0,0.38092296676537424,31.578212317240606
r2p8_w128_di16,5,2120,temperature,70.0,0.37079606127902814,4.565315338836093
r2p8_w128_di16,5,2120,temperature,100.0,0.2558116016416615,1.375821085770925
r2p8_w128_di16,5,2120,temperature,125.0,0.16940880641597242,1.8678577976947797
r2p8_w128_di16,5,2120,temperature,150.0,0.1361507817232322,0.7561266505841128
r2p8_w128_di16,5,2120,temperature,175.0,0.12455395877975778,0.3014432609183682
r2p8_w128_di16,5,2120,temperature,200.0,0.12989476659556026,0.1810969159109486
r2p8_w128_di16,5,2120,temperature,225.0,0.13519545711090475,0.1964501757802013
r2p8_w128_di16,5,2120,temperature,250.0,0.13230877116680964,0.19099241806469422
r2p8_w128_di16,5,2120,temperature,300.0,0.12216572812230317,0.18821188712242953
r2p8_w128_di16,5,2120,temperature,350.0,0.11342368134108606,0.1607540586304009
r2p8_w128_di16,5,2120,temperature,400.0,0.11115286237595418,0.1380890248362551
r2p8_w128_di16,5,2120,temperature,450.0,0.11125911449136602,0.13521016328195526
r2p8_w128_di16,5,2120,temperature,500.0,0.11108228455192035,0.1320875211986889
r2p8_w128_di16,5,2120,temperature,550.0,0.11616847624176556,0.14194373562163914
r2p8_w128_di16,5,2120,temperature,600.0,0.12294365673028317,0.1480824978542082
r2p8_w128_di16,5,2120,temperature,650.0,0.13241656982304714,0.16203390982552493
r2p8_w128_di16,5,2120,temperature,700.0,0.14335038165251415,0.17742074452519827
r2p8_w128_di16,5,2120,temperature,750.0,0.16344922613544563,0.20303236893362195
r2p8_w128_di16,5,2120,temperature,775.0,0.17411779215450549,0.20374410939994955
r2p8_w128_di16,5,2120,temperature,800.0,0.1904199641799599,0.24157059353446633
r2p8_w128_di16,5,2120,temperature,825.0,0.21654968975540698,0.2743687867401392
r2p8_w128_di16,5,2120,temperature,850.0,0.23338040444244634,0.3313722468323724
r2p8_w128_di16,5,2120,temperature,875.0,0.2383985525041921,0.36358832409701397
r2p8_w128_di16,5,2120,temperature,900.0,0.23817769453902424,0.3189705106298538
r2p8_w128_di16,5,2120,temperature,925.0,0.24131919994591847,0.32707931374766164
r2p8_w128_di16,5,2120,temperature,950.0,0.25338859005072684,0.34172280029332924
r2p8_w128_di16,5,2120,temperature,975.0,0.28011338818319065,0.37118355019395705
r2p8_w128_di16,5,2120,temperature,1000.0,0.29223923702625065,0.40759247594682624
r2p8_w128_di16,5,2120,geopotential,1.0,904225144.566323,24702430.27079038
r2p8_w128_di16,5,2120,geopotential,2.0,421705871.6151203,4510894.3384879725
r2p8_w128_di16,5,2120,geopotential,3.0,239814309.2783505,2445477.876202749
r2p8_w128_di16,5,2120,geopotential,5.0,90220112.5718213,1223243.2903350515
r2p8_w128_di16,5,2120,geopotential,7.0,35922425.003436424,564671.6491623712
r2p8_w128_di16,5,2120,geopotential,10.0,7552648.180412371,290327.8902061856
r2p8_w128_di16,5,2120,geopotential,20.0,1870461.121821306,795557.1000429554
r2p8_w128_di16,5,2120,geopotential,30.0,3139592.8699312713,426312.7581400344
r2p8_w128_di16,5,2120,geopotential,50.0,3545.1752452312876,57221.28462199313
r2p8_w128_di16,5,2120,geopotential,70.0,3058.496623308634,73417.96883591065
r2p8_w128_di16,5,2120,geopotential,100.0,1947.3920830900317,4895.381477528995
r2p8_w128_di16,5,2120,geopotential,125.0,1600.7544679412317,2400.033539216871
r2p8_w128_di16,5,2120,geopotential,150.0,1447.6305559610582,1806.4239710017987
r2p8_w128_di16,5,2120,geopotential,175.0,1401.25583080803,2214.6885501402758
r2p8_w128_di16,5,2120,geopotential,200.0,1392.0184857240656,2695.767393970817
r2p8_w128_di16,5,2120,geopotential,225.0,1334.66822119644,2506.6809292613025
r2p8_w128_di16,5,2120,geopotential,250.0,1327.4334120707824,1943.8227939251772
r2p8_w128_di16,5,2120,geopotential,300.0,1326.4102626734993,1833.4640304512993
r2p8_w128_di16,5,2120,geopotential,350.0,1262.2029262057695,1971.4854938520189
r2p8_w128_di16,5,2120,geopotential,400.0,1164.8296497043466,1525.1603561768418
r2p8_w128_di16,5,2120,geopotential,450.0,1068.8698042512349,1475.0399445523922
r2p8_w128_di16,5,2120,geopotential,500.0,984.3614905078796,1315.2394361358329
r2p8_w128_di16,5,2120,geopotential,550.0,916.9645822636451,1241.7318006168116
r2p8_w128_di16,5,2120,geopotential,600.0,874.5392489403794,1181.492870045036
r2p8_w128_di16,5,2120,geopotential,650.0,845.6806461714388,1197.0773950530902
r2p8_w128_di16,5,2120,geopotential,700.0,839.1996944886303,1183.2424301724254
r2p8_w128_di16,5,2120,geopotential,750.0,838.9861821859563,1211.6367086403968
r2p8_w128_di16,5,2120,geopotential,775.0,849.8817782372544,1258.5887950779236
r2p8_w128_di16,5,2120,geopotential,800.0,859.8848000018457,1264.635047015947
r2p8_w128_di16,5,2120,geopotential,825.0,876.5115020856824,1255.0132615341763
r2p8_w128_di16,5,2120,geopotential,850.0,896.7007591011597,1296.097090951192
r2p8_w128_di16,5,2120,geopotential,875.0,920.5010710306593,1348.6692717981502
r2p8_w128_di16,5,2120,geopotential,900.0,960.3472132731958,1417.8650862965796
r2p8_w128_di16,5,2120,geopotential,925.0,1007.6959030937903,1489.1853299170425
r2p8_w128_di16,5,2120,geopotential,950.0,1060.872597857603,1612.371370862194
r2p8_w128_di16,5,2120,geopotential,975.0,1143.3865640017584,1867.8477111187178
r2p8_w128_di16,5,2120,geopotential,1000.0,1260.156984435406,2371.909607982308
r2p8_w128_di16,5,2120,u_component_of_wind,1.0,722.9386758601133,1543.8912042676789
r2p8_w128_di16,5,2120,u_component_of_wind,2.0,455.2801186682842,662.2991923014323
r2p8_w128_di16,5,2120,u_component_of_wind,3.0,285.6802493013467,418.7713426622738
r2p8_w128_di16,5,2120,u_component_of_wind,5.0,139.57897599472622,179.8281188545358
r2p8_w128_di16,5,2120,u_component_of_wind,7.0,94.83603440379768,121.47807284220796
r2p8_w128_di16,5,2120,u_component_of_wind,10.0,68.12114248111895,101.33600195658576
r2p8_w128_di16,5,2120,u_component_of_wind,20.0,26.779242006282217,46.65482956928896
r2p8_w128_di16,5,2120,u_component_of_wind,30.0,26.19292216612301,34.23379778583435
r2p8_w128_di16,5,2120,u_component_of_wind,50.0,1.1315817461390676,8.078211798127164
r2p8_w128_di16,5,2120,u_component_of_wind,70.0,1.12226303430767,2.133048034123948
r2p8_w128_di16,5,2120,u_component_of_wind,100.0,1.3048216249115279,2.728344582610114
r2p8_w128_di16,5,2120,u_component_of_wind,125.0,1.4188450351613493,2.0932549628195485
r2p8_w128_di16,5,2120,u_component_of_wind,150.0,1.4963557155271576,2.650334624572308
r2p8_w128_di16,5,2120,u_component_of_wind,175.0,1.5222772715427622,2.4412448655289065
r2p8_w128_di16,5,2120,u_component_of_wind,200.0,1.596340423883851,2.467490447673601
r2p8_w128_di16,5,2120,u_component_of_wind,225.0,1.7501107596859489,2.6563143677727874
r2p8_w128_di16,5,2120,u_component_of_wind,250.0,1.88050915801648,2.6875857150841416
r2p8_w128_di16,5,2120,u_component_of_wind,300.0,1.9726522819283083,3.9285522072585586
r2p8_w128_di16,5,2120,u_component_of_wind,350.0,1.807396195352692,3.9149264594533597
r2p8_w128_di16,5,2120,u_component_of_wind,400.0,1.59124540152009,2.347233835446466
r2p8_w128_di16,5,2120,u_component_of_wind,450.0,1.4034066351418644,1.8855682853161264
r2p8_w128_di16,5,2120,u_component_of_wind,500.0,1.2501135787603372,1.5305069136046052
r2p8_w128_di16,5,2120,u_component_of_wind,550.0,1.1626420173448386,1.3361826983104457
r2p8_w128_di16,5,2120,u_component_of_wind,600.0,1.0861500463125222,1.2339727612705165
r2p8_w128_di16,5,2120,u_component_of_wind,650.0,1.0444742619786476,1.4251459067629784
r2p8_w128_di16,5,2120,u_component_of_wind,700.0,1.003151554831934,1.2459236103234832
r2p8_w128_di16,5,2120,u_component_of_wind,750.0,0.9663509646232186,1.0876675157202889
r2p8_w128_di16,5,2120,u_component_of_wind,775.0,0.9445383881785206,1.1071139699814656
r2p8_w128_di16,5,2120,u_component_of_wind,800.0,0.92787974003664,1.0808692102170072
r2p8_w128_di16,5,2120,u_component_of_wind,825.0,0.9099692950543669,1.067628790709571
r2p8_w128_di16,5,2120,u_component_of_wind,850.0,0.8807123280472772,1.0371944168179306
r2p8_w128_di16,5,2120,u_component_of_wind,875.0,0.8459510380050161,1.0128196906388012
r2p8_w128_di16,5,2120,u_component_of_wind,900.0,0.8174166316838608,0.987083133799104
r2p8_w128_di16,5,2120,u_component_of_wind,925.0,0.8008179622417463,0.9814787249794531
r2p8_w128_di16,5,2120,u_component_of_wind,950.0,0.7643924616456441,0.9819244706753603
r2p8_w128_di16,5,2120,u_component_of_wind,975.0,0.679763151218801,0.9175104741378338
r2p8_w128_di16,5,2120,u_component_of_wind,1000.0,0.5664272328627479,0.8330252128778045
r2p8_w128_di16,5,2120,v_component_of_wind,1.0,119.05225657564668,138.8932246152478
r2p8_w128_di16,5,2120,v_component_of_wind,2.0,72.77250083844686,90.16911263744446
r2p8_w128_di16,5,2120,v_component_of_wind,3.0,52.03747801108868,69.97444192158807
r2p8_w128_di16,5,2120,v_component_of_wind,5.0,32.71310249145088,43.69769638297484
r2p8_w128_di16,5,2120,v_component_of_wind,7.0,24.73936256133404,32.23013229632296
r2p8_w128_di16,5,2120,v_component_of_wind,10.0,17.121713023497065,22.022794700570124
r2p8_w128_di16,5,2120,v_component_of_wind,20.0,9.852611001660325,11.869742999126002
r2p8_w128_di16,5,2120,v_component_of_wind,30.0,8.196863597856764,10.788732370068526
r2p8_w128_di16,5,2120,v_component_of_wind,50.0,1.1579218097159134,5.330733652540908
r2p8_w128_di16,5,2120,v_component_of_wind,70.0,1.2083303110706027,35.94993831201927
r2p8_w128_di16,5,2120,v_component_of_wind,100.0,1.358649160648949,3.4067301047216985
r2p8_w128_di16,5,2120,v_component_of_wind,125.0,1.464807457694483,4.030041130301878
r2p8_w128_di16,5,2120,v_component_of_wind,150.0,1.4900461818754058,4.440193817459841
r2p8_w128_di16,5,2120,v_component_of_wind,175.0,1.4851046708850926,2.5507847215711457
r2p8_w128_di16,5,2120,v_component_of_wind,200.0,1.5519517937067038,2.0748275932167815
r2p8_w128_di16,5,2120,v_component_of_wind,225.0,1.7551270650424498,2.9080917309239966
r2p8_w128_di16,5,2120,v_component_of_wind,250.0,1.9538696924845378,3.557394205335899
r2p8_w128_di16,5,2120,v_component_of_wind,300.0,2.199929283328892,3.8982141915875204
r2p8_w128_di16,5,2120,v_component_of_wind,350.0,2.0805937891563597,3.5469417499922393
r2p8_w128_di16,5,2120,v_component_of_wind,400.0,1.842572056304958,2.4938697382346873
r2p8_w128_di16,5,2120,v_component_of_wind,450.0,1.6110221734161638,2.218028842214866
r2p8_w128_di16,5,2120,v_component_of_wind,500.0,1.4217242776323429,1.9897883747861147
r2p8_w128_di16,5,2120,v_component_of_wind,550.0,1.3090241281027646,1.602287295020323
r2p8_w128_di16,5,2120,v_component_of_wind,600.0,1.2139677363163008,1.4832744998210894
r2p8_w128_di16,5,2120,v_component_of_wind,650.0,1.158326429722645,1.5676634424740505
r2p8_w128_di16,5,2120,v_component_of_wind,700.0,1.1124399000017093,1.339841585921258
r2p8_w128_di16,5,2120,v_component_of_wind,750.0,1.0738952532257002,1.3094605515093327
r2p8_w128_di16,5,2120,v_component_of_wind,775.0,1.0539147950939296,1.447973330160187
r2p8_w128_di16,5,2120,v_component_of_wind,800.0,1.0374182451221952,1.6569832514241798
r2p8_w128_di16,5,2120,v_component_of_wind,825.0,1.0209088774071526,1.429117612084982
r2p8_w128_di16,5,2120,v_component_of_wind,850.0,0.9962723830311568,1.392988768639843
r2p8_w128_di16,5,2120,v_component_of_wind,875.0,0.9674795301099823,1.3745302587849988
r2p8_w128_di16,5,2120,v_component_of_wind,900.0,0.9479510768582321,1.2582439840454416
r2p8_w128_di16,5,2120,v_component_of_wind,925.0,0.9261941030263081,1.1964035011648722
r2p8_w128_di16,5,2120,v_component_of_wind,950.0,0.8840874612126564,1.1576438416730088
r2p8_w128_di16,5,2120,v_component_of_wind,975.0,0.7781730204513393,1.1214079631562905
r2p8_w128_di16,5,2120,v_component_of_wind,1000.0,0.6346544354846797,0.8813287832892638
r2p8_w128_di16,5,2120,specific_humidity,1.0,7.979712329664615e-13,1.0846896887893052e-13
r2p8_w128_di16,5,2120,specific_humidity,2.0,5.29086877704512e-13,4.5033706317697435e-14
r2p8_w128_di16,5,2120,specific_humidity,3.0,3.6428078088250586e-13,3.296737307052251e-14
r2p8_w128_di16,5,2120,specific_humidity,5.0,1.8613657648499995e-13,7.357992179398749e-14
r2p8_w128_di16,5,2120,specific_humidity,7.0,1.1637544761544083e-13,1.239214665597237e-13
r2p8_w128_di16,5,2120,specific_humidity,10.0,6.511209778552283e-14,1.928001327390099e-13
r2p8_w128_di16,5,2120,specific_humidity,20.0,1.788848140050651e-14,1.8245008398500938e-13
r2p8_w128_di16,5,2120,specific_humidity,30.0,1.002146847301838e-14,2.91742302294999e-14
r2p8_w128_di16,5,2120,specific_humidity,50.0,1.5086202651576535e-16,1.2110194796258357e-13
r2p8_w128_di16,5,2120,specific_humidity,70.0,6.555352921912525e-16,1.3537324458535952e-14
r2p8_w128_di16,5,2120,specific_humidity,100.0,7.841293617331244e-15,2.1163466010895263e-14
r2p8_w128_di16,5,2120,specific_humidity,125.0,5.6395601411281255e-14,1.961237251396126e-13
r2p8_w128_di16,5,2120,specific_humidity,150.0,4.4888748201515315e-13,1.4863346300925823e-12
r2p8_w128_di16,5,2120,specific_humidity,175.0,3.1129370728082507e-12,8.727250483712707e-12
r2p8_w128_di16,5,2120,specific_humidity,200.0,1.7224567795719864e-11,2.7897611050445732e-11
r2p8_w128_di16,5,2120,specific_humidity,225.0,7.266019820229885e-11,1.1901443110429713e-10
r2p8_w128_di16,5,2120,specific_humidity,250.0,2.260142254336237e-10,3.940584176452635e-10
r2p8_w128_di16,5,2120,specific_humidity,300.0,1.1943600377511298e-09,2.528618699382791e-09
r2p8_w128_di16,5,2120,specific_humidity,350.0,4.1034687231203145e-09,6.673592404619436e-09
r2p8_w128_di16,5,2120,specific_humidity,400.0,1.0218196281929792e-08,1.9156438817813256e-08
r2p8_w128_di16,5,2120,specific_humidity,450.0,2.1221508844362654e-08,3.226742522936538e-08
r2p8_w128_di16,5,2120,specific_humidity,500.0,3.633391267640685e-08,4.7559668805575254e-08
r2p8_w128_di16,5,2120,specific_humidity,550.0,5.825099867052357e-08,6.96161256366709e-08
r2p8_w128_di16,5,2120,specific_humidity,600.0,7.987532751446492e-08,1.069650847669927e-07
r2p8_w128_di16,5,2120,specific_humidity,650.0,1.1199283436752987e-07,1.630921435443679e-07
r2p8_w128_di16,5,2120,specific_humidity,700.0,1.436713131456084e-07,2.3087206504842345e-07
r2p8_w128_di16,5,2120,specific_humidity,750.0,1.7886858791580598e-07,2.6025827826624133e-07
r2p8_w128_di16,5,2120,specific_humidity,775.0,1.9098260635633102e-07,2.5837996082971655e-07
r2p8_w128_di16,5,2120,specific_humidity,800.0,2.0336908329278867e-07,2.711241851142235e-07
r2p8_w128_di16,5,2120,specific_humidity,825.0,2.1300108063225765e-07,2.7392266278710884e-07
r2p8_w128_di16,5,2120,specific_humidity,850.0,2.108220350025642e-07,2.7758952544453307e-07
r2p8_w128_di16,5,2120,specific_humidity,875.0,1.9530405060497688e-07,2.5258613274666575e-07
r2p8_w128_di16,5,2120,specific_humidity,900.0,1.7737926227155216e-07,2.2838846626902049e-07
r2p8_w128_di16,5,2120,specific_humidity,925.0,1.493074445703311e-07,1.8326848745116351e-07
r2p8_w128_di16,5,2120,specific_humidity,950.0,1.1990993478272445e-07,1.5059248063200725e-07
r2p8_w128_di16,5,2120,specific_humidity,975.0,1.1499239043863894e-07,1.3518301879382005e-07
r2p8_w128_di16,5,2120,specific_humidity,1000.0,1.1164597994239398e-07,1.44291025430762e-07
r2p8_w128_di16,5,2120,specific_cloud_ice_water_content,1.0,2.0656094913948557e-12,2.329719350896326e-12
r2p8_w128_di16,5,2120,specific_cloud_ice_water_content,2.0,2.0234545277697125e-12,2.3155913903299047e-12
r2p8_w128_di16,5,2120,specific_cloud_ice_water_content,3.0,2.0223645892362894e-12,2.3218429963306283e-12
r2p8_w128_di16,5,2120,specific_cloud_ice_water_content,5.0,2.00482062520991e-12,2.3199474000540322e-12
r2p8_w128_di16,5,2120,specific_cloud_ice_water_content,7.0,2.0152753867592816e-12,2.3193846977852312e-12
r2p8_w128_di16,5,2120,specific_cloud_ice_water_content,10.0,2.037115150627534e-12,2.317947921262971e-12
r2p8_w128_di16,5,2120,specific_cloud_ice_water_content,20.0,1.436444092610472e-12,1.7389849142849206e-12
r2p8_w128_di16,5,2120,specific_cloud_ice_water_content,30.0,1.0323275304599433e-12,1.3735667648894428e-12
r2p8_w128_di16,5,2120,specific_cloud_ice_water_content,50.0,6.04867116940882e-13,1.1408911689152369e-12
r2p8_w128_di16,5,2120,specific_cloud_ice_water_content,70.0,5.007802197102933e-13,9.410833863527294e-13
r2p8_w128_di16,5,2120,specific_cloud_ice_water_content,100.0,1.41792414577202e-12,1.9255446806136715e-12
r2p8_w128_di16,5,2120,specific_cloud_ice_water_content,125.0,7.433379552119128e-12,8.516270164416906e-12
r2p8_w128_di16,5,2120,specific_cloud_ice_water_content,150.0,2.0437429827850873e-11,2.2765765536328106e-11
r2p8_w128_di16,5,2120,specific_cloud_ice_water_content,175.0,3.4651052583181316e-11,4.1022402882264154e-11
r2p8_w128_di16,5,2120,specific_cloud_ice_water_content,200.0,4.9533701323312176e-11,6.678167477776718e-11
r2p8_w128_di16,5,2120,specific_cloud_ice_water_content,225.0,6.440855524445746e-11,1.0291430555453066e-10
r2p8_w128_di16,5,2120,specific_cloud_ice_water_content,250.0,7.128898804799967e-11,1.5299385750747805e-10
r2p8_w128_di16,5,2120,specific_cloud_ice_water_content,300.0,6.805355274630973e-11,1.5641099643038943e-10
r2p8_w128_di16,5,2120,specific_cloud_ice_water_content,350.0,6.064485854360536e-11,1.088932714283801e-10
r2p8_w128_di16,5,2120,specific_cloud_ice_water_content,400.0,4.579369841041881e-11,6.320301377287291e-11
r2p8_w128_di16,5,2120,specific_cloud_ice_water_content,450.0,3.341729136034257e-11,4.182759649808461e-11
r2p8_w128_di16,5,2120,specific_cloud_ice_water_content,500.0,2.3787024569424588e-11,2.8919496280565048e-11
r2p8_w128_di16,5,2120,specific_cloud_ice_water_content,550.0,1.584411670627491e-11,1.951320148144476e-11
r2p8_w128_di16,5,2120,specific_cloud_ice_water_content,600.0,1.1052950666157134e-11,1.3429179204561544e-11
r2p8_w128_di16,5,2120,specific_cloud_ice_water_content,650.0,8.164465710032475e-12,9.945152058275132e-12
r2p8_w128_di16,5,2120,specific_cloud_ice_water_content,700.0,6.09391010173955e-12,7.175017026500929e-12
r2p8_w128_di16,5,2120,specific_cloud_ice_water_content,750.0,4.78754874018024e-12,5.691018578617752e-12
r2p8_w128_di16,5,2120,specific_cloud_ice_water_content,775.0,4.713934288971145e-12,5.402012686715699e-12
r2p8_w128_di16,5,2120,specific_cloud_ice_water_content,800.0,4.707491983358201e-12,5.613149894685827e-12
r2p8_w128_di16,5,2120,specific_cloud_ice_water_content,825.0,4.550229323514479e-12,5.230052635425912e-12
r2p8_w128_di16,5,2120,specific_cloud_ice_water_content,850.0,3.961986983271616e-12,4.395129189180938e-12
r2p8_w128_di16,5,2120,specific_cloud_ice_water_content,875.0,3.203053258355219e-12,3.519048428021792e-12
r2p8_w128_di16,5,2120,specific_cloud_ice_water_content,900.0,2.611289247265449e-12,3.067666644851503e-12
r2p8_w128_di16,5,2120,specific_cloud_ice_water_content,925.0,2.0978291394259484e-12,2.6358735359229787e-12
r2p8_w128_di16,5,2120,specific_cloud_ice_water_content,950.0,1.5283444514611215e-12,1.938712617265132e-12
r2p8_w128_di16,5,2120,specific_cloud_ice_water_content,975.0,1.052711194566144e-12,1.2405174929835586e-12
r2p8_w128_di16,5,2120,specific_cloud_ice_water_content,1000.0,8.760627932093284e-13,1.0868381814912593e-12
r2p8_w128_di16,5,2120,specific_cloud_liquid_water_content,1.0,6.960850716230101e-12,1.1574364586871643e-11
r2p8_w128_di16,5,2120,specific_cloud_liquid_water_content,2.0,6.97905872942246e-12,1.1544579647084079e-11
r2p8_w128_di16,5,2120,specific_cloud_liquid_water_content,3.0,6.894158364596004e-12,1.1575571413129508e-11
r2p8_w128_di16,5,2120,specific_cloud_liquid_water_content,5.0,6.959709655962159e-12,1.1565521151985959e-11
r2p8_w128_di16,5,2120,specific_cloud_liquid_water_content,7.0,7.049454723725454e-12,1.1546304713336582e-11
r2p8_w128_di16,5,2120,specific_cloud_liquid_water_content,10.0,6.904741347396527e-12,1.1527563562690127e-11
r2p8_w128_di16,5,2120,specific_cloud_liquid_water_content,20.0,5.3435425763698175e-12,9.080154699800305e-12
r2p8_w128_di16,5,2120,specific_cloud_liquid_water_content,30.0,3.906649930766201e-12,7.2199096843671474e-12
r2p8_w128_di16,5,2120,specific_cloud_liquid_water_content,50.0,3.665392761854649e-12,1.0791938147821428e-11
r2p8_w128_di16,5,2120,specific_cloud_liquid_water_content,70.0,2.4087816302428625e-12,1.1742459957565316e-11
r2p8_w128_di16,5,2120,specific_cloud_liquid_water_content,100.0,2.305795471391585e-12,7.805690685082436e-12
r2p8_w128_di16,5,2120,specific_cloud_liquid_water_content,125.0,1.980715439158574e-12,6.067014782351095e-12
r2p8_w128_di16,5,2120,specific_cloud_liquid_water_content,150.0,2.2718102831329924e-12,6.020177515563678e-12
r2p8_w128_di16,5,2120,specific_cloud_liquid_water_content,175.0,2.7887149269078502e-12,4.3500186093606126e-12
r2p8_w128_di16,5,2120,specific_cloud_liquid_water_content,200.0,3.3221211096406432e-12,5.4040785514665865e-12
r2p8_w128_di16,5,2120,specific_cloud_liquid_water_content,225.0,2.8765502800703413e-12,3.833874063663327e-12
r2p8_w128_di16,5,2120,specific_cloud_liquid_water_content,250.0,3.164678334531436e-12,4.797020740493008e-12
r2p8_w128_di16,5,2120,specific_cloud_liquid_water_content,300.0,5.122975064937647e-12,6.6130437206952644e-12
r2p8_w128_di16,5,2120,specific_cloud_liquid_water_content,350.0,7.957461985959718e-12,1.0304109573750343e-11
r2p8_w128_di16,5,2120,specific_cloud_liquid_water_content,400.0,1.552316402925363e-11,1.959855875932004e-11
r2p8_w128_di16,5,2120,specific_cloud_liquid_water_content,450.0,3.5263638976948825e-11,4.106383434414324e-11
r2p8_w128_di16,5,2120,specific_cloud_liquid_water_content,500.0,7.745687769108952e-11,8.660476715306182e-11
r2p8_w128_di16,5,2120,specific_cloud_liquid_water_content,550.0,1.3065076468198478e-10,1.365433081798013e-10
r2p8_w128_di16,5,2120,specific_cloud_liquid_water_content,600.0,1.0494442934458747e-10,1.1390816654744413e-10
r2p8_w128_di16,5,2120,specific_cloud_liquid_water_content,650.0,1.0600061239225198e-10,1.1533209288797058e-10
r2p8_w128_di16,5,2120,specific_cloud_liquid_water_content,700.0,1.2998984417027117e-10,1.4060713469355158e-10
r2p8_w128_di16,5,2120,specific_cloud_liquid_water_content,750.0,1.6661817846583605e-10,1.7908440938661915e-10
r2p8_w128_di16,5,2120,specific_cloud_liquid_water_content,775.0,1.8760434774014486e-10,2.041631037197459e-10
r2p8_w128_di16,5,2120,specific_cloud_liquid_water_content,800.0,2.1662372748966472e-10,2.7642155818020114e-10
r2p8_w128_di16,5,2120,specific_cloud_liquid_water_content,825.0,2.838498005084331e-10,3.8630704351316653e-10
r2p8_w128_di16,5,2120,specific_cloud_liquid_water_content,850.0,3.367170732005296e-10,6.472053847794892e-10
r2p8_w128_di16,5,2120,specific_cloud_liquid_water_content,875.0,3.45171796013947e-10,9.054642144124946e-10
r2p8_w128_di16,5,2120,specific_cloud_liquid_water_content,900.0,3.08558149439639e-10,6.933205276026145e-10
r2p8_w128_di16,5,2120,specific_cloud_liquid_water_content,925.0,2.4837554240315123e-10,3.9442868194558315e-10
r2p8_w128_di16,5,2120,specific_cloud_liquid_water_content,950.0,1.717761228553055e-10,3.8250521465380117e-10
r2p8_w128_di16,5,2120,specific_cloud_liquid_water_content,975.0,1.0367759170511923e-10,2.75488819166264e-10
r2p8_w128_di16,5,2120,specific_cloud_liquid_water_content,1000.0,6.08969232715158e-11,8.934629568741507e-11
r2p8_w128_di16,6,2544,temperature,1.0,75.19899358061171,333.6638514777639
r2p8_w128_di16,6,2544,temperature,2.0,49.46142185905955,821.0006489442386
r2p8_w128_di16,6,2544,temperature,3.0,32.390100264139605,1030.0172495419217
r2p8_w128_di16,6,2544,temperature,5.0,18.356825226852575,786.0272379557292
r2p8_w128_di16,6,2544,temperature,7.0,12.234180402919598,550.1486662035545
r2p8_w128_di16,6,2544,temperature,10.0,6.932305318301486,377.5956038537304
r2p8_w128_di16,6,2544,temperature,20.0,5.231110039609405,49.383345220506804
r2p8_w128_di16,6,2544,temperature,30.0,3.8718095885928965,5.501913922922718
r2p8_w128_di16,6,2544,temperature,50.0,0.38092296676537424,32.27335707281053
r2p8_w128_di16,6,2544,temperature,70.0,0.37079606127902814,4.770083912295574
r2p8_w128_di16,6,2544,temperature,100.0,0.2558116016416615,1.726522426015323
r2p8_w128_di16,6,2544,temperature,125.0,0.16940880641597242,1.933060141117712
r2p8_w128_di16,6,2544,temperature,150.0,0.1361507817232322,0.7685577302454264
r2p8_w128_di16,6,2544,temperature,175.0,0.12455395877975778,0.30754178703036095
r2p8_w128_di16,6,2544,temperature,200.0,0.12989476659556026,0.17572734721030567
r2p8_w128_di16,6,2544,temperature,225.0,0.13519545711090475,0.1991097458654253
r2p8_w128_di16,6,2544,temperature,250.0,0.13230877116680964,0.1904936095693267
r2p8_w128_di16,6,2544,temperature,300.0,0.12216572812230317,0.19269476132499394
r2p8_w128_di16,6,2544,temperature,350.0,0.11342368134108606,0.15992194723939568
r2p8_w128_di16,6,2544,temperature,400.0,0.11115286237595418,0.13859597150607617
r2p8_w128_di16,6,2544,temperature,450.0,0.11125911449136602,0.13209814662785874
r2p8_w128_di16,6,2544,temperature,500.0,0.11108228455192035,0.13112420450985637
r2p8_w128_di16,6,2544,temperature,550.0,0.11616847624176556,0.1381145404734972
r2p8_w128_di16,6,2544,temperature,600.0,0.12294365673028317,0.14894715486113558
r2p8_w128_di16,6,2544,temperature,650.0,0.13241656982304714,0.16138137165213778
r2p8_w128_di16,6,2544,temperature,700.0,0.14335038165251415,0.17423468000700384
r2p8_w128_di16,6,2544,temperature,750.0,0.16344922613544563,0.19617185809767942
r2p8_w128_di16,6,2544,temperature,775.0,0.17411779215450549,0.20077078812515614
r2p8_w128_di16,6,2544,temperature,800.0,0.1904199641799599,0.24363254616965133
r2p8_w128_di16,6,2544,temperature,825.0,0.21654968975540698,0.2697625697683223
r2p8_w128_di16,6,2544,temperature,850.0,0.23338040444244634,0.34760165011759886
r2p8_w128_di16,6,2544,temperature,875.0,0.2383985525041921,0.3688903132459962
r2p8_w128_di16,6,2544,temperature,900.0,0.23817769453902424,0.3263131544557224
r2p8_w128_di16,6,2544,temperature,925.0,0.24131919994591847,0.3290445543236749
r2p8_w128_di16,6,2544,temperature,950.0,0.25338859005072684,0.338365875671
r2p8_w128_di16,6,2544,temperature,975.0,0.28011338818319065,0.3639452639519144
r2p8_w128_di16,6,2544,temperature,1000.0,0.29223923702625065,0.3967873761744024
r2p8_w128_di16,6,2544,geopotential,1.0,904225144.566323,22910897.156013746
r2p8_w128_di16,6,2544,geopotential,2.0,421705871.6151203,4225811.032817869
r2p8_w128_di16,6,2544,geopotential,3.0,239814309.2783505,2288889.201460481
r2p8_w128_di16,6,2544,geopotential,5.0,90220112.5718213,1102833.4858676975
r2p8_w128_di16,6,2544,geopotential,7.0,35922425.003436424,514442.10732388316
r2p8_w128_di16,6,2544,geopotential,10.0,7552648.180412371,273619.62998281786
r2p8_w128_di16,6,2544,geopotential,20.0,1870461.121821306,745886.5868556701
r2p8_w128_di16,6,2544,geopotential,30.0,3139592.8699312713,386423.400193299
r2p8_w128_di16,6,2544,geopotential,50.0,3545.1752452312876,50796.46381819158
r2p8_w128_di16,6,2544,geopotential,70.0,3058.496623308634,67107.6267638531
r2p8_w128_di16,6,2544,geopotential,100.0,1947.3920830900317,5738.8967402612225
r2p8_w128_di16,6,2544,geopotential,125.0,1600.7544679412317,2010.522350277196
r2p8_w128_di16,6,2544,geopotential,150.0,1447.6305559610582,1787.7022752899484
r2p8_w128_di16,6,2544,geopotential,175.0,1401.25583080803,3026.477842602287
r2p8_w128_di16,6,2544,geopotential,200.0,1392.0184857240656,2014.6471064721595
r2p8_w128_di16,6,2544,geopotential,225.0,1334.66822119644,1813.6274972817332
r2p8_w128_di16,6,2544,geopotential,250.0,1327.4334120707824,1617.762001315507
r2p8_w128_di16,6,2544,geopotential,300.0,1326.4102626734993,2075.5326288492
r2p8_w128_di16,6,2544,geopotential,350.0,1262.2029262057695,1640.4510029900935
r2p8_w128_di16,6,2544,geopotential,400.0,1164.8296497043466,1560.9950129033773
r2p8_w128_di16,6,2544,geopotential,450.0,1068.8698042512349,1374.8627052962574
r2p8_w128_di16,6,2544,geopotential,500.0,984.3614905078796,1293.2456954484132
r2p8_w128_di16,6,2544,geopotential,550.0,916.9645822636451,1225.324998196212
r2p8_w128_di16,6,2544,geopotential,600.0,874.5392489403794,1148.3918397464292
r2p8_w128_di16,6,2544,geopotential,650.0,845.6806461714388,1192.9103367127093
r2p8_w128_di16,6,2544,geopotential,700.0,839.1996944886303,1129.2599268752685
r2p8_w128_di16,6,2544,geopotential,750.0,838.9861821859563,1184.35859958085
r2p8_w128_di16,6,2544,geopotential,775.0,849.8817782372544,1220.1857877016887
r2p8_w128_di16,6,2544,geopotential,800.0,859.8848000018457,1204.6712190503517
r2p8_w128_di16,6,2544,geopotential,825.0,876.5115020856824,1203.5702960561641
r2p8_w128_di16,6,2544,geopotential,850.0,896.7007591011597,1246.302328061238
r2p8_w128_di16,6,2544,geopotential,875.0,920.5010710306593,1295.5080505580836
r2p8_w128_di16,6,2544,geopotential,900.0,960.3472132731958,1368.9220933842084
r2p8_w128_di16,6,2544,geopotential,925.0,1007.6959030937903,1439.760637945326
r2p8_w128_di16,6,2544,geopotential,950.0,1060.872597857603,1562.5150304210965
r2p8_w128_di16,6,2544,geopotential,975.0,1143.3865640017584,1799.2208961722777
r2p8_w128_di16,6,2544,geopotential,1000.0,1260.156984435406,2308.428058972965
r2p8_w128_di16,6,2544,u_component_of_wind,1.0,722.9386758601133,1491.4332028733086
r2p8_w128_di16,6,2544,u_component_of_wind,2.0,455.2801186682842,637.8526484014243
r2p8_w128_di16,6,2544,u_component_of_wind,3.0,285.6802493013467,399.6006957378584
r2p8_w128_di16,6,2544,u_component_of_wind,5.0,139.57897599472622,196.86850943286805
r2p8_w128_di16,6,2544,u_component_of_wind,7.0,94.83603440379768,133.3145973074477
r2p8_w128_di16,6,2544,u_component_of_wind,10.0,68.12114248111895,106.32137999911488
r2p8_w128_di16,6,2544,u_component_of_wind,20.0,26.779242006282217,50.65098560503668
r2p8_w128_di16,6,2544,u_component_of_wind,30.0,26.19292216612301,35.63234673070744
r2p8_w128_di16,6,2544,u_component_of_wind,50.0,1.1315817461390676,4.682451377455721
r2p8_w128_di16,6,2544,u_component_of_wind,70.0,1.12226303430767,2.5328232170380267
r2p8_w128_di16,6,2544,u_component_of_wind,100.0,1.3048216249115279,3.3801052421228994
r2p8_w128_di16,6,2544,u_component_of_wind,125.0,1.4188450351613493,2.319319819175091
r2p8_w128_di16,6,2544,u_component_of_wind,150.0,1.4963557155271576,2.5683876813482174
r2p8_w128_di16,6,2544,u_component_of_wind,175.0,1.5222772715427622,2.4540735538882488
r2p8_w128_di16,6,2544,u_component_of_wind,200.0,1.596340423883851,2.4836877668846102
r2p8_w128_di16,6,2544,u_component_of_wind,225.0,1.7501107596859489,2.566611618110814
r2p8_w128_di16,6,2544,u_component_of_wind,250.0,1.88050915801648,2.6563171758684505
r2p8_w128_di16,6,2544,u_component_of_wind,300.0,1.9726522819283083,3.5487398493330913
r2p8_w128_di16,6,2544,u_component_of_wind,350.0,1.807396195352692,3.988103880669243
r2p8_w128_di16,6,2544,u_component_of_wind,400.0,1.59124540152009,2.2886428232455174
r2p8_w128_di16,6,2544,u_component_of_wind,450.0,1.4034066351418644,1.9172851963960837
r2p8_w128_di16,6,2544,u_component_of_wind,500.0,1.2501135787603372,1.5423537118328396
r2p8_w128_di16,6,2544,u_component_of_wind,550.0,1.1626420173448386,1.345220085886336
r2p8_w128_di16,6,2544,u_component_of_wind,600.0,1.0861500463125222,1.2459770749524697
r2p8_w128_di16,6,2544,u_component_of_wind,650.0,1.0444742619786476,1.4746347650219895
r2p8_w128_di16,6,2544,u_component_of_wind,700.0,1.003151554831934,1.3171470598256876
r2p8_w128_di16,6,2544,u_component_of_wind,750.0,0.9663509646232186,1.0797222577419479
r2p8_w128_di16,6,2544,u_component_of_wind,775.0,0.9445383881785206,1.0782165844006226
r2p8_w128_di16,6,2544,u_component_of_wind,800.0,0.92787974003664,1.0662210471032
r2p8_w128_di16,6,2544,u_component_of_wind,825.0,0.9099692950543669,1.0487475750782236
r2p8_w128_di16,6,2544,u_component_of_wind,850.0,0.8807123280472772,1.0172405643151798
r2p8_w128_di16,6,2544,u_component_of_wind,875.0,0.8459510380050161,0.99403356842159
r2p8_w128_di16,6,2544,u_component_of_wind,900.0,0.8174166316838608,0.9814078014740829
r2p8_w128_di16,6,2544,u_component_of_wind,925.0,0.8008179622417463,0.9807399476516697
r2p8_w128_di16,6,2544,u_component_of_wind,950.0,0.7643924616456441,0.9888691377393978
r2p8_w128_di16,6,2544,u_component_of_wind,975.0,0.679763151218801,0.9382880579564989
r2p8_w128_di16,6,2544,u_component_of_wind,1000.0,0.5664272328627479,0.8487868607249047
r2p8_w128_di16,6,2544,v_component_of_wind,1.0,119.05225657564668,138.49832202609872
r2p8_w128_di16,6,2544,v_component_of_wind,2.0,72.77250083844686,93.19770204471968
r2p8_w128_di16,6,2544,v_component_of_wind,3.0,52.03747801108868,73.77198902929771
r2p8_w128_di16,6,2544,v_component_of_wind,5.0,32.71310249145088,46.198750601437496
r2p8_w128_di16,6,2544,v_component_of_wind,7.0,24.73936256133404,33.29260139727511
r2p8_w128_di16,6,2544,v_component_of_wind,10.0,17.121713023497065,21.984995625027267
r2p8_w128_di16,6,2544,v_component_of_wind,20.0,9.852611001660325,11.147576980328642
r2p8_w128_di16,6,2544,v_component_of_wind,30.0,8.196863597856764,11.826215097748538
r2p8_w128_di16,6,2544,v_component_of_wind,50.0,1.1579218097159134,6.66209605076059
r2p8_w128_di16,6,2544,v_component_of_wind,70.0,1.2083303110706027,35.67099891216894
r2p8_w128_di16,6,2544,v_component_of_wind,100.0,1.358649160648949,3.1156535840116417
r2p8_w128_di16,6,2544,v_component_of_wind,125.0,1.464807457694483,3.920863825021331
r2p8_w128_di16,6,2544,v_component_of_wind,150.0,1.4900461818754058,3.0147145468754455
r2p8_w128_di16,6,2544,v_component_of_wind,175.0,1.4851046708850926,2.330460720701316
r2p8_w128_di16,6,2544,v_component_of_wind,200.0,1.5519517937067038,2.1836635212718005
r2p8_w128_di16,6,2544,v_component_of_wind,225.0,1.7551270650424498,2.8709812721435966
r2p8_w128_di16,6,2544,v_component_of_wind,250.0,1.9538696924845378,3.5233166362002133
r2p8_w128_di16,6,2544,v_component_of_wind,300.0,2.199929283328892,3.874140047781246
r2p8_w128_di16,6,2544,v_component_of_wind,350.0,2.0805937891563597,3.569932168455878
r2p8_w128_di16,6,2544,v_component_of_wind,400.0,1.842572056304958,2.4912204262317252
r2p8_w128_di16,6,2544,v_component_of_wind,450.0,1.6110221734161638,2.2137155362420886
r2p8_w128_di16,6,2544,v_component_of_wind,500.0,1.4217242776323429,1.9355222967482104
r2p8_w128_di16,6,2544,v_component_of_wind,550.0,1.3090241281027646,1.6282354421222334
r2p8_w128_di16,6,2544,v_component_of_wind,600.0,1.2139677363163008,1.5009491984377201
r2p8_w128_di16,6,2544,v_component_of_wind,650.0,1.158326429722645,1.5870705816753952
r2p8_w128_di16,6,2544,v_component_of_wind,700.0,1.1124399000017093,1.407258655729982
r2p8_w128_di16,6,2544,v_component_of_wind,750.0,1.0738952532257002,1.32324415576417
r2p8_w128_di16,6,2544,v_component_of_wind,775.0,1.0539147950939296,1.4388527585878406
r2p8_w128_di16,6,2544,v_component_of_wind,800.0,1.0374182451221952,1.6468024194035744
r2p8_w128_di16,6,2544,v_component_of_wind,825.0,1.0209088774071526,1.44062877750069
r2p8_w128_di16,6,2544,v_component_of_wind,850.0,0.9962723830311568,1.416451269654474
r2p8_w128_di16,6,2544,v_component_of_wind,875.0,0.9674795301099823,1.3775568014977315
r2p8_w128_di16,6,2544,v_component_of_wind,900.0,0.9479510768582321,1.330693232890257
r2p8_w128_di16,6,2544,v_component_of_wind,925.0,0.9261941030263081,1.2175911406880802
r2p8_w128_di16,6,2544,v_component_of_wind,950.0,0.8840874612126564,1.1926029355255598
r2p8_w128_di16,6,2544,v_component_of_wind,975.0,0.7781730204513393,1.101964359144165
r2p8_w128_di16,6,2544,v_component_of_wind,1000.0,0.6346544354846797,0.893332735451636
r2p8_w128_di16,6,2544,specific_humidity,1.0,7.979712329664615e-13,1.0944496772583144e-13
r2p8_w128_di16,6,2544,specific_humidity,2.0,5.29086877704512e-13,4.5474855687509196e-14
r2p8_w128_di16,6,2544,specific_humidity,3.0,3.6428078088250586e-13,3.406065638278373e-14
r2p8_w128_di16,6,2544,specific_humidity,5.0,1.8613657648499995e-13,7.632509566548563e-14
r2p8_w128_di16,6,2544,specific_humidity,7.0,1.1637544761544083e-13,1.278554809346949e-13
r2p8_w128_di16,6,2544,specific_humidity,10.0,6.511209778552283e-14,1.9826746191981027e-13
r2p8_w128_di16,6,2544,specific_humidity,20.0,1.788848140050651e-14,1.8808720033444073e-13
r2p8_w128_di16,6,2544,specific_humidity,30.0,1.002146847301838e-14,2.992863652277207e-14
r2p8_w128_di16,6,2544,specific_humidity,50.0,1.5086202651576535e-16,1.2325705535032298e-13
r2p8_w128_di16,6,2544,specific_humidity,70.0,6.555352921912525e-16,7.82088382812556e-15
r2p8_w128_di16,6,2544,specific_humidity,100.0,7.841293617331244e-15,1.5392246446448254e-14
r2p8_w128_di16,6,2544,specific_humidity,125.0,5.6395601411281255e-14,1.5821772056243292e-13
r2p8_w128_di16,6,2544,specific_humidity,150.0,4.4888748201515315e-13,1.3832169073315167e-12
r2p8_w128_di16,6,2544,specific_humidity,175.0,3.1129370728082507e-12,7.081280945414069e-12
r2p8_w128_di16,6,2544,specific_humidity,200.0,1.7224567795719864e-11,2.6031056410261203e-11
r2p8_w128_di16,6,2544,specific_humidity,225.0,7.266019820229885e-11,1.1063755774933632e-10
r2p8_w128_di16,6,2544,specific_humidity,250.0,2.260142254336237e-10,3.94820184373616e-10
r2p8_w128_di16,6,2544,specific_humidity,300.0,1.1943600377511298e-09,2.533942125847611e-09
r2p8_w128_di16,6,2544,specific_humidity,350.0,4.1034687231203145e-09,7.086223965002119e-09
r2p8_w128_di16,6,2544,specific_humidity,400.0,1.0218196281929792e-08,2.0144715704790874e-08
r2p8_w128_di16,6,2544,specific_humidity,450.0,2.1221508844362654e-08,3.1460125348659244e-08
r2p8_w128_di16,6,2544,specific_humidity,500.0,3.633391267640685e-08,4.716085485143466e-08
r2p8_w128_di16,6,2544,specific_humidity,550.0,5.825099867052357e-08,7.01618251070091e-08
r2p8_w128_di16,6,2544,specific_humidity,600.0,7.987532751446492e-08,1.0842888378499656e-07
r2p8_w128_di16,6,2544,specific_humidity,650.0,1.1199283436752987e-07,1.5339149526521223e-07
r2p8_w128_di16,6,2544,specific_humidity,700.0,1.436713131456084e-07,2.2523372512502468e-07
r2p8_w128_di16,6,2544,specific_humidity,750.0,1.7886858791580598e-07,2.4532702838575406e-07
r2p8_w128_di16,6,2544,specific_humidity,775.0,1.9098260635633102e-07,2.5027322316077905e-07
r2p8_w128_di16,6,2544,specific_humidity,800.0,2.0336908329278867e-07,2.731872380460724e-07
r2p8_w128_di16,6,2544,specific_humidity,825.0,2.1300108063225765e-07,2.846356323873453e-07
r2p8_w128_di16,6,2544,specific_humidity,850.0,2.108220350025642e-07,2.823345278805569e-07
r2p8_w128_di16,6,2544,specific_humidity,875.0,1.9530405060497688e-07,2.5583182451333424e-07
r2p8_w128_di16,6,2544,specific_humidity,900.0,1.7737926227155216e-07,2.2871797894397465e-07
r2p8_w128_di16,6,2544,specific_humidity,925.0,1.493074445703311e-07,1.8249806697140324e-07
r2p8_w128_di16,6,2544,specific_humidity,950.0,1.1990993478272445e-07,1.507480663484444e-07
r2p8_w128_di16,6,2544,specific_humidity,975.0,1.1499239043863894e-07,1.3224569231921543e-07
r2p8_w128_di16,6,2544,specific_humidity,1000.0,1.1164597994239398e-07,1.4082226124322997e-07
r2p8_w128_di16,6,2544,specific_cloud_ice_water_content,1.0,2.0656094913948557e-12,2.3844055540805205e-12
r2p8_w128_di16,6,2544,specific_cloud_ice_water_content,2.0,2.0234545277697125e-12,2.3860936322729282e-12
r2p8_w128_di16,6,2544,specific_cloud_ice_water_content,3.0,2.0223645892362894e-12,2.4008636145939334e-12
r2p8_w128_di16,6,2544,specific_cloud_ice_water_content,5.0,2.00482062520991e-12,2.39505717082789e-12
r2p8_w128_di16,6,2544,specific_cloud_ice_water_content,7.0,2.0152753867592816e-12,2.39275614195515e-12
r2p8_w128_di16,6,2544,specific_cloud_ice_water_content,10.0,2.037115150627534e-12,2.3861549677135206e-12
r2p8_w128_di16,6,2544,specific_cloud_ice_water_content,20.0,1.436444092610472e-12,1.8245089191309428e-12
r2p8_w128_di16,6,2544,specific_cloud_ice_water_content,30.0,1.0323275304599433e-12,1.6423217885244586e-12
r2p8_w128_di16,6,2544,specific_cloud_ice_water_content,50.0,6.04867116940882e-13,1.2290033120369273e-12
r2p8_w128_di16,6,2544,specific_cloud_ice_water_content,70.0,5.007802197102933e-13,1.1325814875787391e-12
r2p8_w128_di16,6,2544,specific_cloud_ice_water_content,100.0,1.41792414577202e-12,1.969743109447334e-12
r2p8_w128_di16,6,2544,specific_cloud_ice_water_content,125.0,7.433379552119128e-12,8.373816313478008e-12
r2p8_w128_di16,6,2544,specific_cloud_ice_water_content,150.0,2.0437429827850873e-11,2.2919766763429015e-11
r2p8_w128_di16,6,2544,specific_cloud_ice_water_content,175.0,3.4651052583181316e-11,4.231375796593554e-11
r2p8_w128_di16,6,2544,specific_cloud_ice_water_content,200.0,4.9533701323312176e-11,6.91683165687986e-11
r2p8_w128_di16,6,2544,specific_cloud_ice_water_content,225.0,6.440855524445746e-11,1.0691236087060988e-10
r2p8_w128_di16,6,2544,specific_cloud_ice_water_content,250.0,7.128898804799967e-11,1.573720084182085e-10
r2p8_w128_di16,6,2544,specific_cloud_ice_water_content,300.0,6.805355274630973e-11,1.5301172396703081e-10
r2p8_w128_di16,6,2544,specific_cloud_ice_water_content,350.0,6.064485854360536e-11,1.0534559954512118e-10
r2p8_w128_di16,6,2544,specific_cloud_ice_water_content,400.0,4.579369841041881e-11,6.328949177212853e-11
r2p8_w128_di16,6,2544,specific_cloud_ice_water_content,450.0,3.341729136034257e-11,4.316716858917596e-11
r2p8_w128_di16,6,2544,specific_cloud_ice_water_content,500.0,2.3787024569424588e-11,2.983387812519523e-11
r2p8_w128_di16,6,2544,specific_cloud_ice_water_content,550.0,1.584411670627491e-11,1.986608674612548e-11
r2p8_w128_di16,6,2544,specific_cloud_ice_water_content,600.0,1.1052950666157134e-11,1.3669069434473866e-11
r2p8_w128_di16,6,2544,specific_cloud_ice_water_content,650.0,8.164465710032475e-12,1.0075276178278506e-11
r2p8_w128_di16,6,2544,specific_cloud_ice_water_content,700.0,6.09391010173955e-12,7.196124086317468e-12
r2p8_w128_di16,6,2544,specific_cloud_ice_water_content,750.0,4.78754874018024e-12,5.648754843806822e-12
r2p8_w128_di16,6,2544,specific_cloud_ice_water_content,775.0,4.713934288971145e-12,5.400809303526259e-12
r2p8_w128_di16,6,2544,specific_cloud_ice_water_content,800.0,4.707491983358201e-12,5.600091439875556e-12
r2p8_w128_di16,6,2544,specific_cloud_ice_water_content,825.0,4.550229323514479e-12,5.2402791340424346e-12
r2p8_w128_di16,6,2544,specific_cloud_ice_water_content,850.0,3.961986983271616e-12,4.4339239405270295e-12
r2p8_w128_di16,6,2544,specific_cloud_ice_water_content,875.0,3.203053258355219e-12,3.5574526352893245e-12
r2p8_w128_di16,6,2544,specific_cloud_ice_water_content,900.0,2.611289247265449e-12,3.0793992782288926e-12
r2p8_w128_di16,6,2544,specific_cloud_ice_water_content,925.0,2.0978291394259484e-12,2.687099702284921e-12
r2p8_w128_di16,6,2544,specific_cloud_ice_water_content,950.0,1.5283444514611215e-12,1.931755663757203e-12
r2p8_w128_di16,6,2544,specific_cloud_ice_water_content,975.0,1.052711194566144e-12,1.2476677462515163e-12
r2p8_w128_di16,6,2544,specific_cloud_ice_water_content,1000.0,8.760627932093284e-13,1.0959492722867886e-12
r2p8_w128_di16,6,2544,specific_cloud_liquid_water_content,1.0,6.960850716230101e-12,1.1949122378967046e-11
r2p8_w128_di16,6,2544,specific_cloud_liquid_water_content,2.0,6.97905872942246e-12,1.193107513321023e-11
r2p8_w128_di16,6,2544,specific_cloud_liquid_water_content,3.0,6.894158364596004e-12,1.1936781630078435e-11
r2p8_w128_di16,6,2544,specific_cloud_liquid_water_content,5.0,6.959709655962159e-12,1.195892243218062e-11
r2p8_w128_di16,6,2544,specific_cloud_liquid_water_content,7.0,7.049454723725454e-12,1.1947606338547651e-11
r2p8_w128_di16,6,2544,specific_cloud_liquid_water_content,10.0,6.904741347396527e-12,1.1904644278878969e-11
r2p8_w128_di16,6,2544,specific_cloud_liquid_water_content,20.0,5.3435425763698175e-12,9.215160016315003e-12
r2p8_w128_di16,6,2544,specific_cloud_liquid_water_content,30.0,3.906649930766201e-12,6.957776422296415e-12
r2p8_w128_di16,6,2544,specific_cloud_liquid_water_content,50.0,3.665392761854649e-12,1.0305347641722273e-11
r2p8_w128_di16,6,2544,specific_cloud_liquid_water_content,70.0,2.4087816302428625e-12,1.2343440199416052e-11
r2p8_w128_di16,6,2544,specific_cloud_liquid_water_content,100.0,2.305795471391585e-12,8.621016849340069e-12
r2p8_w128_di16,6,2544,specific_cloud_liquid_water_content,125.0,1.980715439158574e-12,6.60813047859544e-12
r2p8_w128_di16,6,2544,specific_cloud_liquid_water_content,150.0,2.2718102831329924e-12,5.951472173520435e-12
r2p8_w128_di16,6,2544,specific_cloud_liquid_water_content,175.0,2.7887149269078502e-12,4.556566861367473e-12
r2p8_w128_di16,6,2544,specific_cloud_liquid_water_content,200.0,3.3221211096406432e-12,5.588200955156633e-12
r2p8_w128_di16,6,2544,specific_cloud_liquid_water_content,225.0,2.8765502800703413e-12,3.903800428082943e-12
r2p8_w128_di16,6,2544,specific_cloud_liquid_water_content,250.0,3.164678334531436e-12,4.9345436775818256e-12
r2p8_w128_di16,6,2544,specific_cloud_liquid_water_content,300.0,5.122975064937647e-12,6.746721004749804e-12
r2p8_w128_di16,6,2544,specific_cloud_liquid_water_content,350.0,7.957461985959718e-12,1.0697299026026778e-11
r2p8_w128_di16,6,2544,specific_cloud_liquid_water_content,400.0,1.552316402925363e-11,2.0079395592418192e-11
r2p8_w128_di16,6,2544,specific_cloud_liquid_water_content,450.0,3.5263638976948825e-11,4.1544077823720245e-11
r2p8_w128_di16,6,2544,specific_cloud_liquid_water_content,500.0,7.745687769108952e-11,8.687559277110273e-11
r2p8_w128_di16,6,2544,specific_cloud_liquid_water_content,550.0,1.3065076468198478e-10,1.3771551007720505e-10
r2p8_w128_di16,6,2544,specific_cloud_liquid_water_content,600.0,1.0494442934458747e-10,1.1497146714049332e-10
r2p8_w128_di16,6,2544,specific_cloud_liquid_water_content,650.0,1.0600061239225198e-10,1.161151255854539e-10
r2p8_w128_di16,6,2544,specific_cloud_liquid_water_content,700.0,1.2998984417027117e-10,1.4104325802458597e-10
r2p8_w128_di16,6,2544,specific_cloud_liquid_water_content,750.0,1.6661817846583605e-10,1.799889343524291e-10
r2p8_w128_di16,6,2544,specific_cloud_liquid_water_content,775.0,1.8760434774014486e-10,2.0440269219480764e-10
r2p8_w128_di16,6,2544,specific_cloud_liquid_water_content,800.0,2.1662372748966472e-10,2.738947150983484e-10
r2p8_w128_di16,6,2544,specific_cloud_liquid_water_content,825.0,2.838498005084331e-10,3.9356949997602666e-10
r2p8_w128_di16,6,2544,specific_cloud_liquid_water_content,850.0,3.367170732005296e-10,6.602216838146595e-10
r2p8_w128_di16,6,2544,specific_cloud_liquid_water_content,875.0,3.45171796013947e-10,9.946234342058058e-10
r2p8_w128_di16,6,2544,specific_cloud_liquid_water_content,900.0,3.08558149439639e-10,7.881407051237083e-10
r2p8_w128_di16,6,2544,specific_cloud_liquid_water_content,925.0,2.4837554240315123e-10,4.1582120066806357e-10
r2p8_w128_di16,6,2544,specific_cloud_liquid_water_content,950.0,1.717761228553055e-10,4.0659158985437427e-10
r2p8_w128_di16,6,2544,specific_cloud_liquid_water_content,975.0,1.0367759170511923e-10,3.1328723868660693e-10
r2p8_w128_di16,6,2544,specific_cloud_liquid_water_content,1000.0,6.08969232715158e-11,9.84714410933216e-11
r2p8_w128_di16,7,2968,temperature,1.0,75.19899358061171,318.66746601747076
r2p8_w128_di16,7,2968,temperature,2.0,49.46142185905955,779.4428734009208
r2p8_w128_di16,7,2968,temperature,3.0,32.390100264139605,978.6232309033371
r2p8_w128_di16,7,2968,temperature,5.0,18.356825226852575,749.1677176459139
r2p8_w128_di16,7,2968,temperature,7.0,12.234180402919598,527.3372669547693
r2p8_w128_di16,7,2968,temperature,10.0,6.932305318301486,361.04489030870786
r2p8_w128_di16,7,2968,temperature,20.0,5.231110039609405,45.56111147379138
r2p8_w128_di16,7,2968,temperature,30.0,3.8718095885928965,5.47012175792681
r2p8_w128_di16,7,2968,temperature,50.0,0.38092296676537424,30.72667403204744
r2p8_w128_di16,7,2968,temperature,70.0,0.37079606127902814,5.138518983801616
r2p8_w128_di16,7,2968,temperature,100.0,0.2558116016416615,1.8030009055875011
r2p8_w128_di16,7,2968,temperature,125.0,0.16940880641597242,2.1649968149735757
r2p8_w128_di16,7,2968,temperature,150.0,0.1361507817232322,0.6953015052575836
r2p8_w128_di16,7,2968,temperature,175.0,0.12455395877975778,0.30270432475506237
r2p8_w128_di16,7,2968,temperature,200.0,0.12989476659556026,0.17985132690455086
r2p8_w128_di16,7,2968,temperature,225.0,0.13519545711090475,0.198668800360968
r2p8_w128_di16,7,2968,temperature,250.0,0.13230877116680964,0.20014440213486911
r2p8_w128_di16,7,2968,temperature,300.0,0.12216572812230317,0.1854287777876936
r2p8_w128_di16,7,2968,temperature,350.0,0.11342368134108606,0.15756932931257686
r2p8_w128_di16,7,2968,temperature,400.0,0.11115286237595418,0.14255804822514556
r2p8_w128_di16,7,2968,temperature,450.0,0.11125911449136602,0.1322838727243987
r2p8_w128_di16,7,2968,temperature,500.0,0.11108228455192035,0.13242659639963988
r2p8_w128_di16,7,2968,temperature,550.0,0.11616847624176556,0.1386117893139931
r2p8_w128_di16,7,2968,temperature,600.0,0.12294365673028317,0.1507003911069988
r2p8_w128_di16,7,2968,temperature,650.0,0.13241656982304714,0.16259118346721446
r2p8_w128_di16,7,2968,temperature,700.0,0.14335038165251415,0.17492192806452
r2p8_w128_di16,7,2968,temperature,750.0,0.16344922613544563,0.19593032038293753
r2p8_w128_di16,7,2968,temperature,775.0,0.17411779215450549,0.20053344656716507
r2p8_w128_di16,7,2968,temperature,800.0,0.1904199641799599,0.24732351118756324
r2p8_w128_di16,7,2968,temperature,825.0,0.21654968975540698,0.2739912028574862
r2p8_w128_di16,7,2968,temperature,850.0,0.23338040444244634,0.3524781531075022
r2p8_w128_di16,7,2968,temperature,875.0,0.2383985525041921,0.3667447621265228
r2p8_w128_di16,7,2968,temperature,900.0,0.23817769453902424,0.32537590930961663
r2p8_w128_di16,7,2968,temperature,925.0,0.24131919994591847,0.3268669212397022
r2p8_w128_di16,7,2968,temperature,950.0,0.25338859005072684,0.34081973197943566
r2p8_w128_di16,7,2968,temperature,975.0,0.28011338818319065,0.3667588010891197
r2p8_w128_di16,7,2968,temperature,1000.0,0.29223923702625065,0.4002559308948386
r2p8_w128_di16,7,2968,geopotential,1.0,904225144.566323,22757018.112714775
r2p8_w128_di16,7,2968,geopotential,2.0,421705871.6151203,4087966.588831615
r2p8_w128_di16,7,2968,geopotential,3.0,239814309.2783505,2248839.458075601
r2p8_w128_di16,7,2968,geopotential,5.0,90220112.5718213,1151076.886726804
r2p8_w128_di16,7,2968,geopotential,7.0,35922425.003436424,540532.5188573883
r2p8_w128_di16,7,2968,geopotential,10.0,7552648.180412371,261524.38612542956
r2p8_w128_di16,7,2968,geopotential,20.0,1870461.121821306,725196.2371134021
r2p8_w128_di16,7,2968,geopotential,30.0,3139592.8699312713,381347.30122422683
r2p8_w128_di16,7,2968,geopotential,50.0,3545.1752452312876,56684.78363402062
r2p8_w128_di16,7,2968,geopotential,70.0,3058.496623308634,62941.15638960481
r2p8_w128_di16,7,2968,geopotential,100.0,1947.3920830900317,6936.508308499785
r2p8_w128_di16,7,2968,geopotential,125.0,1600.7544679412317,2029.446871560218
r2p8_w128_di16,7,2968,geopotential,150.0,1447.6305559610582,1868.9040473649593
r2p8_w128_di16,7,2968,geopotential,175.0,1401.25583080803,3295.6284050485933
r2p8_w128_di16,7,2968,geopotential,200.0,1392.0184857240656,1918.7285887832904
r2p8_w128_di16,7,2968,geopotential,225.0,1334.66822119644,1785.3466635792527
r2p8_w128_di16,7,2968,geopotential,250.0,1327.4334120707824,1638.9584271303156
r2p8_w128_di16,7,2968,geopotential,300.0,1326.4102626734993,2264.054703859939
r2p8_w128_di16,7,2968,geopotential,350.0,1262.2029262057695,1664.3755043056003
r2p8_w128_di16,7,2968,geopotential,400.0,1164.8296497043466,1547.921520199071
r2p8_w128_di16,7,2968,geopotential,450.0,1068.8698042512349,1379.2998356035894
r2p8_w128_di16,7,2968,geopotential,500.0,984.3614905078796,1277.6398082195687
r2p8_w128_di16,7,2968,geopotential,550.0,916.9645822636451,1220.5296282686318
r2p8_w128_di16,7,2968,geopotential,600.0,874.5392489403794,1138.6021388732281
r2p8_w128_di16,7,2968,geopotential,650.0,845.6806461714388,1168.6381239428963
r2p8_w128_di16,7,2968,geopotential,700.0,839.1996944886303,1153.22250729066
r2p8_w128_di16,7,2968,geopotential,750.0,838.9861821859563,1164.6439852055814
r2p8_w128_di16,7,2968,geopotential,775.0,849.8817782372544,1203.6439723693218
r2p8_w128_di16,7,2968,geopotential,800.0,859.8848000018457,1204.0310326645056
r2p8_w128_di16,7,2968,geopotential,825.0,876.5115020856824,1207.5764657246698
r2p8_w128_di16,7,2968,geopotential,850.0,896.7007591011597,1254.8144781682909
r2p8_w128_di16,7,2968,geopotential,875.0,920.5010710306593,1329.56243674157
r2p8_w128_di16,7,2968,geopotential,900.0,960.3472132731958,1393.6141381332554
r2p8_w128_di16,7,2968,geopotential,925.0,1007.6959030937903,1482.6918053486093
r2p8_w128_di16,7,2968,geopotential,950.0,1060.872597857603,1616.2294013269168
r2p8_w128_di16,7,2968,geopotential,975.0,1143.3865640017584,1892.4223439010148
r2p8_w128_di16,7,2968,geopotential,1000.0,1260.156984435406,2419.3903264101427
r2p8_w128_di16,7,2968,u_component_of_wind,1.0,722.9386758601133,1484.3120817308984
r2p8_w128_di16,7,2968,u_component_of_wind,2.0,455.2801186682842,640.4122433587038
r2p8_w128_di16,7,2968,u_component_of_wind,3.0,285.6802493013467,408.28234317949955
r2p8_w128_di16,7,2968,u_component_of_wind,5.0,139.57897599472622,185.47733650862966
r2p8_w128_di16,7,2968,u_component_of_wind,7.0,94.83603440379768,121.97680577150325
r2p8_w128_di16,7,2968,u_component_of_wind,10.0,68.12114248111895,97.85843259149401
r2p8_w128_di16,7,2968,u_component_of_wind,20.0,26.779242006282217,47.458095699978855
r2p8_w128_di16,7,2968,u_component_of_wind,30.0,26.19292216612301,34.962858213182166
r2p8_w128_di16,7,2968,u_component_of_wind,50.0,1.1315817461390676,6.6956049335781245
r2p8_w128_di16,7,2968,u_component_of_wind,70.0,1.12226303430767,2.429599760651998
r2p8_w128_di16,7,2968,u_component_of_wind,100.0,1.3048216249115279,2.8085571665944102
r2p8_w128_di16,7,2968,u_component_of_wind,125.0,1.4188450351613493,2.262301672119455
r2p8_w128_di16,7,2968,u_component_of_wind,150.0,1.4963557155271576,2.646763440259953
r2p8_w128_di16,7,2968,u_component_of_wind,175.0,1.5222772715427622,2.501450807614015
r2p8_w128_di16,7,2968,u_component_of_wind,200.0,1.596340423883851,2.5706444209383936
r2p8_w128_di16,7,2968,u_component_of_wind,225.0,1.7501107596859489,2.7839884447477936
r2p8_w128_di16,7,2968,u_component_of_wind,250.0,1.88050915801648,2.8166433802994666
r2p8_w128_di16,7,2968,u_component_of_wind,300.0,1.9726522819283083,3.573736823956991
r2p8_w128_di16,7,2968,u_component_of_wind,350.0,1.807396195352692,3.9630587060017275
r2p8_w128_di16,7,2968,u_component_of_wind,400.0,1.59124540152009,2.34966101195804
r2p8_w128_di16,7,2968,u_component_of_wind,450.0,1.4034066351418644,1.9557931188865216
r2p8_w128_di16,7,2968,u_component_of_wind,500.0,1.2501135787603372,1.5507849018188686
r2p8_w128_di16,7,2968,u_component_of_wind,550.0,1.1626420173448386,1.3541902347528647
r2p8_w128_di16,7,2968,u_component_of_wind,600.0,1.0861500463125222,1.2425098545772513
r2p8_w128_di16,7,2968,u_component_of_wind,650.0,1.0444742619786476,1.4290411581288498
r2p8_w128_di16,7,2968,u_component_of_wind,700.0,1.003151554831934,1.315634436828574
r2p8_w128_di16,7,2968,u_component_of_wind,750.0,0.9663509646232186,1.0896243118748223
r2p8_w128_di16,7,2968,u_component_of_wind,775.0,0.9445383881785206,1.1116951026048039
r2p8_w128_di16,7,2968,u_component_of_wind,800.0,0.92787974003664,1.0748912966947786
r2p8_w128_di16,7,2968,u_component_of_wind,825.0,0.9099692950543669,1.0480735197509687
r2p8_w128_di16,7,2968,u_component_of_wind,850.0,0.8807123280472772,1.020935650256901
r2p8_w128_di16,7,2968,u_component_of_wind,875.0,0.8459510380050161,1.0070382730248049
r2p8_w128_di16,7,2968,u_component_of_wind,900.0,0.8174166316838608,0.9873365196575414
r2p8_w128_di16,7,2968,u_component_of_wind,925.0,0.8008179622417463,0.9955758434390694
r2p8_w128_di16,7,2968,u_component_of_wind,950.0,0.7643924616456441,0.9990206794640453
r2p8_w128_di16,7,2968,u_component_of_wind,975.0,0.679763151218801,0.9528540073391498
r2p8_w128_di16,7,2968,u_component_of_wind,1000.0,0.5664272328627479,0.8564759309349191
r2p8_w128_di16,7,2968,v_component_of_wind,1.0,119.05225657564668,139.1241567919754
r2p8_w128_di16,7,2968,v_component_of_wind,2.0,72.77250083844686,91.5539836686911
r2p8_w128_di16,7,2968,v_component_of_wind,3.0,52.03747801108868,71.23541167478791
r2p8_w128_di16,7,2968,v_component_of_wind,5.0,32.71310249145088,43.80113205532847
r2p8_w128_di16,7,2968,v_component_of_wind,7.0,24.73936256133404,31.61185333278171
r2p8_w128_di16,7,2968,v_component_of_wind,10.0,17.121713023497065,21.034431035412137
r2p8_w128_di16,7,2968,v_component_of_wind,20.0,9.852611001660325,11.157049834523415
r2p8_w128_di16,7,2968,v_component_of_wind,30.0,8.196863597856764,11.773342871911748
r2p8_w128_di16,7,2968,v_component_of_wind,50.0,1.1579218097159134,6.1180128379376075
r2p8_w128_di16,7,2968,v_component_of_wind,70.0,1.2083303110706027,39.068441984825526
r2p8_w128_di16,7,2968,v_component_of_wind,100.0,1.358649160648949,3.94193976179431
r2p8_w128_di16,7,2968,v_component_of_wind,125.0,1.464807457694483,3.8024290977884405
r2p8_w128_di16,7,2968,v_component_of_wind,150.0,1.4900461818754058,3.2220431798921827
r2p8_w128_di16,7,2968,v_component_of_wind,175.0,1.4851046708850926,2.4183362351250404
r2p8_w128_di16,7,2968,v_component_of_wind,200.0,1.5519517937067038,2.2506071984563087
r2p8_w128_di16,7,2968,v_component_of_wind,225.0,1.7551270650424498,2.921690361770158
r2p8_w128_di16,7,2968,v_component_of_wind,250.0,1.9538696924845378,3.7231210367786107
r2p8_w128_di16,7,2968,v_component_of_wind,300.0,2.199929283328892,3.940539175538263
r2p8_w128_di16,7,2968,v_component_of_wind,350.0,2.0805937891563597,3.846987136041176
r2p8_w128_di16,7,2968,v_component_of_wind,400.0,1.842572056304958,2.5368371154844147
r2p8_w128_di16,7,2968,v_component_of_wind,450.0,1.6110221734161638,2.262060201209026
r2p8_w128_di16,7,2968,v_component_of_wind,500.0,1.4217242776323429,1.952516524406643
r2p8_w128_di16,7,2968,v_component_of_wind,550.0,1.3090241281027646,1.6287482890066822
r2p8_w128_di16,7,2968,v_component_of_wind,600.0,1.2139677363163008,1.510148014727327
r2p8_w128_di16,7,2968,v_component_of_wind,650.0,1.158326429722645,1.5847558309122458
r2p8_w128_di16,7,2968,v_component_of_wind,700.0,1.1124399000017093,1.4020820341978695
r2p8_w128_di16,7,2968,v_component_of_wind,750.0,1.0738952532257002,1.3436608216197221
r2p8_w128_di16,7,2968,v_component_of_wind,775.0,1.0539147950939296,1.465471597799321
r2p8_w128_di16,7,2968,v_component_of_wind,800.0,1.0374182451221952,1.7054958935046114
r2p8_w128_di16,7,2968,v_component_of_wind,825.0,1.0209088774071526,1.434157730132034
r2p8_w128_di16,7,2968,v_component_of_wind,850.0,0.9962723830311568,1.4177452696148063
r2p8_w128_di16,7,2968,v_component_of_wind,875.0,0.9674795301099823,1.391927055476867
r2p8_w128_di16,7,2968,v_component_of_wind,900.0,0.9479510768582321,1.2905129082424125
r2p8_w128_di16,7,2968,v_component_of_wind,925.0,0.9261941030263081,1.2109397117214924
r2p8_w128_di16,7,2968,v_component_of_wind,950.0,0.8840874612126564,1.2254162246828637
r2p8_w128_di16,7,2968,v_component_of_wind,975.0,0.7781730204513393,1.1231821998288132
r2p8_w128_di16,7,2968,v_component_of_wind,1000.0,0.6346544354846797,0.8960941461763021
r2p8_w128_di16,7,2968,specific_humidity,1.0,7.979712329664615e-13,1.1494314359713073e-13
r2p8_w128_di16,7,2968,specific_humidity,2.0,5.29086877704512e-13,4.68022579941574e-14
r2p8_w128_di16,7,2968,specific_humidity,3.0,3.6428078088250586e-13,3.2300712829136845e-14
r2p8_w128_di16,7,2968,specific_humidity,5.0,1.8613657648499995e-13,6.989375556992387e-14
r2p8_w128_di16,7,2968,specific_humidity,7.0,1.1637544761544083e-13,1.1859058058969448e-13
r2p8_w128_di16,7,2968,specific_humidity,10.0,6.511209778552283e-14,1.8603740480103071e-13
r2p8_w128_di16,7,2968,specific_humidity,20.0,1.788848140050651e-14,1.7465444332507954e-13
r2p8_w128_di16,7,2968,specific_humidity,30.0,1.002146847301838e-14,2.5696507121790138e-14
r2p8_w128_di16,7,2968,specific_humidity,50.0,1.5086202651576535e-16,1.3490787063095907e-13
r2p8_w128_di16,7,2968,specific_humidity,70.0,6.555352921912525e-16,2.0159007073527584e-14
r2p8_w128_di16,7,2968,specific_humidity,100.0,7.841293617331244e-15,2.106854933668369e-14
r2p8_w128_di16,7,2968,specific_humidity,125.0,5.6395601411281255e-14,2.0124198921824201e-13
r2p8_w128_di16,7,2968,specific_humidity,150.0,4.4888748201515315e-13,1.4275306873404188e-12
r2p8_w128_di16,7,2968,specific_humidity,175.0,3.1129370728082507e-12,9.580759076504653e-12
r2p8_w128_di16,7,2968,specific_humidity,200.0,1.7224567795719864e-11,2.826046108420888e-11
r2p8_w128_di16,7,2968,specific_humidity,225.0,7.266019820229885e-11,1.1765617001096995e-10
r2p8_w128_di16,7,2968,specific_humidity,250.0,2.260142254336237e-10,3.952104522985039e-10
r2p8_w128_di16,7,2968,specific_humidity,300.0,1.1943600377511298e-09,2.4458455889856427e-09
r2p8_w128_di16,7,2968,specific_humidity,350.0,4.1034687231203145e-09,7.0988471528732024e-09
r2p8_w128_di16,7,2968,specific_humidity,400.0,1.0218196281929792e-08,1.8510943076953136e-08
r2p8_w128_di16,7,2968,specific_humidity,450.0,2.1221508844362654e-08,3.154017391635726e-08
r2p8_w128_di16,7,2968,specific_humidity,500.0,3.633391267640685e-08,4.758439892074361e-08
r2p8_w128_di16,7,2968,specific_humidity,550.0,5.825099867052357e-08,7.115560557966098e-08
r2p8_w128_di16,7,2968,specific_humidity,600.0,7.987532751446492e-08,1.1006195023712837e-07
r2p8_w128_di16,7,2968,specific_humidity,650.0,1.1199283436752987e-07,1.535323516211918e-07
r2p8_w128_di16,7,2968,specific_humidity,700.0,1.436713131456084e-07,2.26485072387566e-07
r2p8_w128_di16,7,2968,specific_humidity,750.0,1.7886858791580598e-07,2.467943484677634e-07
r2p8_w128_di16,7,2968,specific_humidity,775.0,1.9098260635633102e-07,2.4576165895814173e-07
r2p8_w128_di16,7,2968,specific_humidity,800.0,2.0336908329278867e-07,2.6709231398707276e-07
r2p8_w128_di16,7,2968,specific_humidity,825.0,2.1300108063225765e-07,2.8117211887622464e-07
r2p8_w128_di16,7,2968,specific_humidity,850.0,2.108220350025642e-07,2.83012988190712e-07
r2p8_w128_di16,7,2968,specific_humidity,875.0,1.9530405060497688e-07,2.495322389087391e-07
r2p8_w128_di16,7,2968,specific_humidity,900.0,1.7737926227155216e-07,2.2969523838481396e-07
r2p8_w128_di16,7,2968,specific_humidity,925.0,1.493074445703311e-07,1.8395769307203082e-07
r2p8_w128_di16,7,2968,specific_humidity,950.0,1.1990993478272445e-07,1.5075777764122998e-07
r2p8_w128_di16,7,2968,specific_humidity,975.0,1.1499239043863894e-07,1.3309114022730843e-07
r2p8_w128_di16,7,2968,specific_humidity,1000.0,1.1164597994239398e-07,1.4425478785867426e-07
r2p8_w128_di16,7,2968,specific_cloud_ice_water_content,1.0,2.0656094913948557e-12,2.4215578567209334e-12
r2p8_w128_di16,7,2968,specific_cloud_ice_water_content,2.0,2.0234545277697125e-12,2.4201338363774706e-12
r2p8_w128_di16,7,2968,specific_cloud_ice_water_content,3.0,2.0223645892362894e-12,2.429577606152105e-12
r2p8_w128_di16,7,2968,specific_cloud_ice_water_content,5.0,2.00482062520991e-12,2.426699905866614e-12
r2p8_w128_di16,7,2968,specific_cloud_ice_water_content,7.0,2.0152753867592816e-12,2.4262978796772135e-12
r2p8_w128_di16,7,2968,specific_cloud_ice_water_content,10.0,2.037115150627534e-12,2.4187120816067124e-12
r2p8_w128_di16,7,2968,specific_cloud_ice_water_content,20.0,1.436444092610472e-12,1.8354386149576204e-12
r2p8_w128_di16,7,2968,specific_cloud_ice_water_content,30.0,1.0323275304599433e-12,1.4832642775877426e-12
r2p8_w128_di16,7,2968,specific_cloud_ice_water_content,50.0,6.04867116940882e-13,1.1653016946887931e-12
r2p8_w128_di16,7,2968,specific_cloud_ice_water_content,70.0,5.007802197102933e-13,1.0117591188251602e-12
r2p8_w128_di16,7,2968,specific_cloud_ice_water_content,100.0,1.41792414577202e-12,1.995024719162791e-12
r2p8_w128_di16,7,2968,specific_cloud_ice_water_content,125.0,7.433379552119128e-12,8.456157448211917e-12
r2p8_w128_di16,7,2968,specific_cloud_ice_water_content,150.0,2.0437429827850873e-11,2.3073980318596947e-11
r2p8_w128_di16,7,2968,specific_cloud_ice_water_content,175.0,3.4651052583181316e-11,4.25346188778258e-11
r2p8_w128_di16,7,2968,specific_cloud_ice_water_content,200.0,4.9533701323312176e-11,6.960808346533194e-11
r2p8_w128_di16,7,2968,specific_cloud_ice_water_content,225.0,6.440855524445746e-11,1.0771042785014085e-10
r2p8_w128_di16,7,2968,specific_cloud_ice_water_content,250.0,7.128898804799967e-11,1.575301833899926e-10
r2p8_w128_di16,7,2968,specific_cloud_ice_water_content,300.0,6.805355274630973e-11,1.5079941016790388e-10
r2p8_w128_di16,7,2968,specific_cloud_ice_water_content,350.0,6.064485854360536e-11,1.0400099002689156e-10
r2p8_w128_di16,7,2968,specific_cloud_ice_water_content,400.0,4.579369841041881e-11,6.335950261012987e-11
r2p8_w128_di16,7,2968,specific_cloud_ice_water_content,450.0,3.341729136034257e-11,4.34271443321425e-11
r2p8_w128_di16,7,2968,specific_cloud_ice_water_content,500.0,2.3787024569424588e-11,2.979572162928657e-11
r2p8_w128_di16,7,2968,specific_cloud_ice_water_content,550.0,1.584411670627491e-11,1.976849399561608e-11
r2p8_w128_di16,7,2968,specific_cloud_ice_water_content,600.0,1.1052950666157134e-11,1.3628859942213628e-11
r2p8_w128_di16,7,2968,specific_cloud_ice_water_content,650.0,8.164465710032475e-12,1.0058492976636391e-11
r2p8_w128_di16,7,2968,specific_cloud_ice_water_content,700.0,6.09391010173955e-12,7.2259471974730645e-12
r2p8_w128_di16,7,2968,specific_cloud_ice_water_content,750.0,4.78754874018024e-12,5.657355449000489e-12
r2p8_w128_di16,7,2968,specific_cloud_ice_water_content,775.0,4.713934288971145e-12,5.416501189139324e-12
r2p8_w128_di16,7,2968,specific_cloud_ice_water_content,800.0,4.707491983358201e-12,5.612768069679173e-12
r2p8_w128_di16,7,2968,specific_cloud_ice_water_content,825.0,4.550229323514479e-12,5.264442044880324e-12
r2p8_w128_di16,7,2968,specific_cloud_ice_water_content,850.0,3.961986983271616e-12,4.3905297664565734e-12
r2p8_w128_di16,7,2968,specific_cloud_ice_water_content,875.0,3.203053258355219e-12,3.5696690302871098e-12
r2p8_w128_di16,7,2968,specific_cloud_ice_water_content,900.0,2.611289247265449e-12,3.0978077624148654e-12
r2p8_w128_di16,7,2968,specific_cloud_ice_water_content,925.0,2.0978291394259484e-12,2.6986515855238e-12
r2p8_w128_di16,7,2968,specific_cloud_ice_water_content,950.0,1.5283444514611215e-12,1.9400720099936946e-12
r2p8_w128_di16,7,2968,specific_cloud_ice_water_content,975.0,1.052711194566144e-12,1.2682924562949845e-12
r2p8_w128_di16,7,2968,specific_cloud_ice_water_content,1000.0,8.760627932093284e-13,1.0977192966403452e-12
r2p8_w128_di16,7,2968,specific_cloud_liquid_water_content,1.0,6.960850716230101e-12,1.2220798568887968e-11
r2p8_w128_di16,7,2968,specific_cloud_liquid_water_content,2.0,6.97905872942246e-12,1.2222359044457845e-11
r2p8_w128_di16,7,2968,specific_cloud_liquid_water_content,3.0,6.894158364596004e-12,1.2209714137739155e-11
r2p8_w128_di16,7,2968,specific_cloud_liquid_water_content,5.0,6.959709655962159e-12,1.2243799489810534e-11
r2p8_w128_di16,7,2968,specific_cloud_liquid_water_content,7.0,7.049454723725454e-12,1.2245848778265197e-11
r2p8_w128_di16,7,2968,specific_cloud_liquid_water_content,10.0,6.904741347396527e-12,1.2163857294335493e-11
r2p8_w128_di16,7,2968,specific_cloud_liquid_water_content,20.0,5.3435425763698175e-12,9.51855369056884e-12
r2p8_w128_di16,7,2968,specific_cloud_liquid_water_content,30.0,3.906649930766201e-12,7.628255047844125e-12
r2p8_w128_di16,7,2968,specific_cloud_liquid_water_content,50.0,3.665392761854649e-12,1.2564469000348044e-11
r2p8_w128_di16,7,2968,specific_cloud_liquid_water_content,70.0,2.4087816302428625e-12,1.2301731987145559e-11
r2p8_w128_di16,7,2968,specific_cloud_liquid_water_content,100.0,2.305795471391585e-12,7.857628726519304e-12
r2p8_w128_di16,7,2968,specific_cloud_liquid_water_content,125.0,1.980715439158574e-12,7.0628335406800875e-12
r2p8_w128_di16,7,2968,specific_cloud_liquid_water_content,150.0,2.2718102831329924e-12,5.994710074191983e-12
r2p8_w128_di16,7,2968,specific_cloud_liquid_water_content,175.0,2.7887149269078502e-12,4.645541478524532e-12
r2p8_w128_di16,7,2968,specific_cloud_liquid_water_content,200.0,3.3221211096406432e-12,5.749017368320991e-12
r2p8_w128_di16,7,2968,specific_cloud_liquid_water_content,225.0,2.8765502800703413e-12,3.924917794899106e-12
r2p8_w128_di16,7,2968,specific_cloud_liquid_water_content,250.0,3.164678334531436e-12,4.877763229481257e-12
r2p8_w128_di16,7,2968,specific_cloud_liquid_water_content,300.0,5.122975064937647e-12,6.83823285051945e-12
r2p8_w128_di16,7,2968,specific_cloud_liquid_water_content,350.0,7.957461985959718e-12,1.0532105198826454e-11
r2p8_w128_di16,7,2968,specific_cloud_liquid_water_content,400.0,1.552316402925363e-11,2.0439150419291768e-11
r2p8_w128_di16,7,2968,specific_cloud_liquid_water_content,450.0,3.5263638976948825e-11,4.1610687530683837e-11
r2p8_w128_di16,7,2968,specific_cloud_liquid_water_content,500.0,7.745687769108952e-11,8.701193367148983e-11
r2p8_w128_di16,7,2968,specific_cloud_liquid_water_content,550.0,1.3065076468198478e-10,1.3802812705322995e-10
r2p8_w128_di16,7,2968,specific_cloud_liquid_water_content,600.0,1.0494442934458747e-10,1.1497908068564466e-10
r2p8_w128_di16,7,2968,specific_cloud_liquid_water_content,650.0,1.0600061239225198e-10,1.1605787077364208e-10
r2p8_w128_di16,7,2968,specific_cloud_liquid_water_content,700.0,1.2998984417027117e-10,1.4138646300887306e-10
r2p8_w128_di16,7,2968,specific_cloud_liquid_water_content,750.0,1.6661817846583605e-10,1.8056114173032017e-10
r2p8_w128_di16,7,2968,specific_cloud_liquid_water_content,775.0,1.8760434774014486e-10,2.0521789199250772e-10
r2p8_w128_di16,7,2968,specific_cloud_liquid_water_content,800.0,2.1662372748966472e-10,2.7733882375641055e-10
r2p8_w128_di16,7,2968,specific_cloud_liquid_water_content,825.0,2.838498005084331e-10,4.0804325729660363e-10
r2p8_w128_di16,7,2968,specific_cloud_liquid_water_content,850.0,3.367170732005296e-10,6.752588544832857e-10
r2p8_w128_di16,7,2968,specific_cloud_liquid_water_content,875.0,3.45171796013947e-10,1.0181663656513192e-09
r2p8_w128_di16,7,2968,specific_cloud_liquid_water_content,900.0,3.08558149439639e-10,8.127916450232047e-10
r2p8_w128_di16,7,2968,specific_cloud_liquid_water_content,925.0,2.4837554240315123e-10,4.3251906054406923e-10
r2p8_w128_di16,7,2968,specific_cloud_liquid_water_content,950.0,1.717761228553055e-10,4.2181679747060143e-10
r2p8_w128_di16,7,2968,specific_cloud_liquid_water_content,975.0,1.0367759170511923e-10,3.247464228036728e-10
r2p8_w128_di16,7,2968,specific_cloud_liquid_water_content,1000.0,6.08969232715158e-11,1.0232849803758344e-10
r2p8_w128_di16,8,3392,temperature,1.0,75.19899358061171,322.7799971223287
r2p8_w128_di16,8,3392,temperature,2.0,49.46142185905955,783.8221724991946
r2p8_w128_di16,8,3392,temperature,3.0,32.390100264139605,984.926019937312
r2p8_w128_di16,8,3392,temperature,5.0,18.356825226852575,750.1968974424801
r2p8_w128_di16,8,3392,temperature,7.0,12.234180402919598,525.2019620390693
r2p8_w128_di16,8,3392,temperature,10.0,6.932305318301486,356.4303252859214
r2p8_w128_di16,8,3392,temperature,20.0,5.231110039609405,43.18732521345525
r2p8_w128_di16,8,3392,temperature,30.0,3.8718095885928965,5.842720374208955
r2p8_w128_di16,8,3392,temperature,50.0,0.38092296676537424,31.866731740682805
r2p8_w128_di16,8,3392,temperature,70.0,0.37079606127902814,4.806105978136619
r2p8_w128_di16,8,3392,temperature,100.0,0.2558116016416615,1.4725623128340417
r2p8_w128_di16,8,3392,temperature,125.0,0.16940880641597242,1.8515063818377728
r2p8_w128_di16,8,3392,temperature,150.0,0.1361507817232322,0.7436820312463951
r2p8_w128_di16,8,3392,temperature,175.0,0.12455395877975778,0.30856859082823357
r2p8_w128_di16,8,3392,temperature,200.0,0.12989476659556026,0.172000737611166
r2p8_w128_di16,8,3392,temperature,225.0,0.13519545711090475,0.19626863335620906
r2p8_w128_di16,8,3392,temperature,250.0,0.13230877116680964,0.19565430674765938
r2p8_w128_di16,8,3392,temperature,300.0,0.12216572812230317,0.18983412029612104
r2p8_w128_di16,8,3392,temperature,350.0,0.11342368134108606,0.1697645099455958
r2p8_w128_di16,8,3392,temperature,400.0,0.11115286237595418,0.14216374850662303
r2p8_w128_di16,8,3392,temperature,450.0,0.11125911449136602,0.13449110338573195
r2p8_w128_di16,8,3392,temperature,500.0,0.11108228455192035,0.13255142465080183
r2p8_w128_di16,8,3392,temperature,550.0,0.11616847624176556,0.14058606769518345
r2p8_w128_di16,8,3392,temperature,600.0,0.12294365673028317,0.1515081325705928
r2p8_w128_di16,8,3392,temperature,650.0,0.13241656982304714,0.1635467548960263
r2p8_w128_di16,8,3392,temperature,700.0,0.14335038165251415,0.1761208656215176
r2p8_w128_di16,8,3392,temperature,750.0,0.16344922613544563,0.1973970596937789
r2p8_w128_di16,8,3392,temperature,775.0,0.17411779215450549,0.20200615941044392
r2p8_w128_di16,8,3392,temperature,800.0,0.1904199641799599,0.24681730433223173
r2p8_w128_di16,8,3392,temperature,825.0,0.21654968975540698,0.28168182998793234
r2p8_w128_di16,8,3392,temperature,850.0,0.23338040444244634,0.33941139091331113
r2p8_w128_di16,8,3392,temperature,875.0,0.2383985525041921,0.37656028039266976
r2p8_w128_di16,8,3392,temperature,900.0,0.23817769453902424,0.3274019539561059
r2p8_w128_di16,8,3392,temperature,925.0,0.24131919994591847,0.3297444512549135
r2p8_w128_di16,8,3392,temperature,950.0,0.25338859005072684,0.3496385931661449
r2p8_w128_di16,8,3392,temperature,975.0,0.28011338818319065,0.3723567399167523
r2p8_w128_di16,8,3392,temperature,1000.0,0.29223923702625065,0.4076899762620631
r2p8_w128_di16,8,3392,geopotential,1.0,904225144.566323,22453756.508591067
r2p8_w128_di16,8,3392,geopotential,2.0,421705871.6151203,4037383.7616838487
r2p8_w128_di16,8,3392,geopotential,3.0,239814309.2783505,2249928.256271478
r2p8_w128_di16,8,3392,geopotential,5.0,90220112.5718213,1179515.9020618557
r2p8_w128_di16,8,3392,geopotential,7.0,35922425.003436424,555901.7984321306
r2p8_w128_di16,8,3392,geopotential,10.0,7552648.180412371,252792.4006443299
r2p8_w128_di16,8,3392,geopotential,20.0,1870461.121821306,693450.6043814434
r2p8_w128_di16,8,3392,geopotential,30.0,3139592.8699312713,357657.1069372852
r2p8_w128_di16,8,3392,geopotential,50.0,3545.1752452312876,45438.47580272766
r2p8_w128_di16,8,3392,geopotential,70.0,3058.496623308634,67033.1141296177
r2p8_w128_di16,8,3392,geopotential,100.0,1947.3920830900317,6087.765060875752
r2p8_w128_di16,8,3392,geopotential,125.0,1600.7544679412317,2038.1679211803319
r2p8_w128_di16,8,3392,geopotential,150.0,1447.6305559610582,1793.0227659035384
r2p8_w128_di16,8,3392,geopotential,175.0,1401.25583080803,3015.347785619362
r2p8_w128_di16,8,3392,geopotential,200.0,1392.0184857240656,2137.94373951286
r2p8_w128_di16,8,3392,geopotential,225.0,1334.66822119644,2046.660864006121
r2p8_w128_di16,8,3392,geopotential,250.0,1327.4334120707824,1700.0741086350274
r2p8_w128_di16,8,3392,geopotential,300.0,1326.4102626734993,1915.1150377201461
r2p8_w128_di16,8,3392,geopotential,350.0,1262.2029262057695,1878.6303315782056
r2p8_w128_di16,8,3392,geopotential,400.0,1164.8296497043466,1484.8940682217838
r2p8_w128_di16,8,3392,geopotential,450.0,1068.8698042512349,1420.3455584024646
r2p8_w128_di16,8,3392,geopotential,500.0,984.3614905078796,1288.3255336276445
r2p8_w128_di16,8,3392,geopotential,550.0,916.9645822636451,1223.73625874208
r2p8_w128_di16,8,3392,geopotential,600.0,874.5392489403794,1145.762547108234
r2p8_w128_di16,8,3392,geopotential,650.0,845.6806461714388,1167.7270147054876
r2p8_w128_di16,8,3392,geopotential,700.0,839.1996944886303,1175.1667754392854
r2p8_w128_di16,8,3392,geopotential,750.0,838.9861821859563,1171.1688446359535
r2p8_w128_di16,8,3392,geopotential,775.0,849.8817782372544,1206.5587362073131
r2p8_w128_di16,8,3392,geopotential,800.0,859.8848000018457,1212.5666642755987
r2p8_w128_di16,8,3392,geopotential,825.0,876.5115020856824,1210.80579641021
r2p8_w128_di16,8,3392,geopotential,850.0,896.7007591011597,1256.2827184932748
r2p8_w128_di16,8,3392,geopotential,875.0,920.5010710306593,1327.8143244687635
r2p8_w128_di16,8,3392,geopotential,900.0,960.3472132731958,1389.237109752537
r2p8_w128_di16,8,3392,geopotential,925.0,1007.6959030937903,1475.9332400397336
r2p8_w128_di16,8,3392,geopotential,950.0,1060.872597857603,1603.532354421714
r2p8_w128_di16,8,3392,geopotential,975.0,1143.3865640017584,1891.5073499751666
r2p8_w128_di16,8,3392,geopotential,1000.0,1260.156984435406,2482.824510124705
r2p8_w128_di16,8,3392,u_component_of_wind,1.0,722.9386758601133,1424.4426165918305
r2p8_w128_di16,8,3392,u_component_of_wind,2.0,455.2801186682842,609.5103435712991
r2p8_w128_di16,8,3392,u_component_of_wind,3.0,285.6802493013467,383.57160996899165
r2p8_w128_di16,8,3392,u_component_of_wind,5.0,139.57897599472622,192.4999243877188
r2p8_w128_di16,8,3392,u_component_of_wind,7.0,94.83603440379768,125.85268059956658
r2p8_w128_di16,8,3392,u_component_of_wind,10.0,68.12114248111895,100.2467963674224
r2p8_w128_di16,8,3392,u_component_of_wind,20.0,26.779242006282217,50.15777672574283
r2p8_w128_di16,8,3392,u_component_of_wind,30.0,26.19292216612301,35.164111481499425
r2p8_w128_di16,8,3392,u_component_of_wind,50.0,1.1315817461390676,6.875211733067569
r2p8_w128_di16,8,3392,u_component_of_wind,70.0,1.12226303430767,2.469686251161844
r2p8_w128_di16,8,3392,u_component_of_wind,100.0,1.3048216249115279,2.91987243493398
r2p8_w128_di16,8,3392,u_component_of_wind,125.0,1.4188450351613493,2.1149911860829778
r2p8_w128_di16,8,3392,u_component_of_wind,150.0,1.4963557155271576,2.5146265339605587
r2p8_w128_di16,8,3392,u_component_of_wind,175.0,1.5222772715427622,2.729398955020708
r2p8_w128_di16,8,3392,u_component_of_wind,200.0,1.596340423883851,2.3596493348223238
r2p8_w128_di16,8,3392,u_component_of_wind,225.0,1.7501107596859489,2.601177009520252
r2p8_w128_di16,8,3392,u_component_of_wind,250.0,1.88050915801648,2.7480940056830336
r2p8_w128_di16,8,3392,u_component_of_wind,300.0,1.9726522819283083,3.5853653955295735
r2p8_w128_di16,8,3392,u_component_of_wind,350.0,1.807396195352692,3.9590658784322312
r2p8_w128_di16,8,3392,u_component_of_wind,400.0,1.59124540152009,2.2907641854073173
r2p8_w128_di16,8,3392,u_component_of_wind,450.0,1.4034066351418644,1.9786815986600528
r2p8_w128_di16,8,3392,u_component_of_wind,500.0,1.2501135787603372,1.5795807646721909
r2p8_w128_di16,8,3392,u_component_of_wind,550.0,1.1626420173448386,1.3564873777713973
r2p8_w128_di16,8,3392,u_component_of_wind,600.0,1.0861500463125222,1.2567472450102317
r2p8_w128_di16,8,3392,u_component_of_wind,650.0,1.0444742619786476,1.4505991904596283
r2p8_w128_di16,8,3392,u_component_of_wind,700.0,1.003151554831934,1.3490088526325947
r2p8_w128_di16,8,3392,u_component_of_wind,750.0,0.9663509646232186,1.0931883495288206
r2p8_w128_di16,8,3392,u_component_of_wind,775.0,0.9445383881785206,1.0685136487393854
r2p8_w128_di16,8,3392,u_component_of_wind,800.0,0.92787974003664,1.0630665965096648
r2p8_w128_di16,8,3392,u_component_of_wind,825.0,0.9099692950543669,1.04887429914114
r2p8_w128_di16,8,3392,u_component_of_wind,850.0,0.8807123280472772,1.0246813465639488
r2p8_w128_di16,8,3392,u_component_of_wind,875.0,0.8459510380050161,0.9985291245467065
r2p8_w128_di16,8,3392,u_component_of_wind,900.0,0.8174166316838608,0.9894689460390622
r2p8_w128_di16,8,3392,u_component_of_wind,925.0,0.8008179622417463,0.9964456885541018
r2p8_w128_di16,8,3392,u_component_of_wind,950.0,0.7643924616456441,0.9995899829258215
r2p8_w128_di16,8,3392,u_component_of_wind,975.0,0.679763151218801,0.9671480460265248
r2p8_w128_di16,8,3392,u_component_of_wind,1000.0,0.5664272328627479,0.8849826232264542
r2p8_w128_di16,8,3392,v_component_of_wind,1.0,119.05225657564668,137.93108137727194
r2p8_w128_di16,8,3392,v_component_of_wind,2.0,72.77250083844686,92.51132442041771
r2p8_w128_di16,8,3392,v_component_of_wind,3.0,52.03747801108868,73.19520523228596
r2p8_w128_di16,8,3392,v_component_of_wind,5.0,32.71310249145088,45.96649812652483
r2p8_w128_di16,8,3392,v_component_of_wind,7.0,24.73936256133404,32.795684844603656
r2p8_w128_di16,8,3392,v_component_of_wind,10.0,17.121713023497065,21.474528896030282
r2p8_w128_di16,8,3392,v_component_of_wind,20.0,9.852611001660325,11.042391919270413
r2p8_w128_di16,8,3392,v_component_of_wind,30.0,8.196863597856764,11.700869215476963
r2p8_w128_di16,8,3392,v_component_of_wind,50.0,1.1579218097159134,5.903883351984712
r2p8_w128_di16,8,3392,v_component_of_wind,70.0,1.2083303110706027,34.76809872499446
r2p8_w128_di16,8,3392,v_component_of_wind,100.0,1.358649160648949,3.0221547189037414
r2p8_w128_di16,8,3392,v_component_of_wind,125.0,1.464807457694483,3.5212335037611604
r2p8_w128_di16,8,3392,v_component_of_wind,150.0,1.4900461818754058,3.2889098079753496
r2p8_w128_di16,8,3392,v_component_of_wind,175.0,1.4851046708850926,2.5124807501986264
r2p8_w128_di16,8,3392,v_component_of_wind,200.0,1.5519517937067038,2.2271424986652493
r2p8_w128_di16,8,3392,v_component_of_wind,225.0,1.7551270650424498,3.219552550528877
r2p8_w128_di16,8,3392,v_component_of_wind,250.0,1.9538696924845378,3.519993519045643
r2p8_w128_di16,8,3392,v_component_of_wind,300.0,2.199929283328892,4.084280909705408
r2p8_w128_di16,8,3392,v_component_of_wind,350.0,2.0805937891563597,3.7171455112929195
r2p8_w128_di16,8,3392,v_component_of_wind,400.0,1.842572056304958,2.5529541195872723
r2p8_w128_di16,8,3392,v_component_of_wind,450.0,1.6110221734161638,2.2417607181260677
r2p8_w128_di16,8,3392,v_component_of_wind,500.0,1.4217242776323429,1.9590620741401752
r2p8_w128_di16,8,3392,v_component_of_wind,550.0,1.3090241281027646,1.6405693778467343
r2p8_w128_di16,8,3392,v_component_of_wind,600.0,1.2139677363163008,1.5499956934722428
r2p8_w128_di16,8,3392,v_component_of_wind,650.0,1.158326429722645,1.6560007648369701
r2p8_w128_di16,8,3392,v_component_of_wind,700.0,1.1124399000017093,1.4592422230546827
r2p8_w128_di16,8,3392,v_component_of_wind,750.0,1.0738952532257002,1.3337391376495362
r2p8_w128_di16,8,3392,v_component_of_wind,775.0,1.0539147950939296,1.4140841671691318
r2p8_w128_di16,8,3392,v_component_of_wind,800.0,1.0374182451221952,1.6956673967059945
r2p8_w128_di16,8,3392,v_component_of_wind,825.0,1.0209088774071526,1.3917534390675652
r2p8_w128_di16,8,3392,v_component_of_wind,850.0,0.9962723830311568,1.4192892980739422
r2p8_w128_di16,8,3392,v_component_of_wind,875.0,0.9674795301099823,1.4248127703814162
r2p8_w128_di16,8,3392,v_component_of_wind,900.0,0.9479510768582321,1.3062378529420833
r2p8_w128_di16,8,3392,v_component_of_wind,925.0,0.9261941030263081,1.2641173358635394
r2p8_w128_di16,8,3392,v_component_of_wind,950.0,0.8840874612126564,1.2096628518858317
r2p8_w128_di16,8,3392,v_component_of_wind,975.0,0.7781730204513393,1.1800196026199052
r2p8_w128_di16,8,3392,v_component_of_wind,1000.0,0.6346544354846797,0.9464343232797183
r2p8_w128_di16,8,3392,specific_humidity,1.0,7.979712329664615e-13,1.3046880980954027e-13
r2p8_w128_di16,8,3392,specific_humidity,2.0,5.29086877704512e-13,5.305928334718899e-14
r2p8_w128_di16,8,3392,specific_humidity,3.0,3.6428078088250586e-13,3.187048535305502e-14
r2p8_w128_di16,8,3392,specific_humidity,5.0,1.8613657648499995e-13,5.995659681122276e-14
r2p8_w128_di16,8,3392,specific_humidity,7.0,1.1637544761544083e-13,1.0394184208739363e-13
r2p8_w128_di16,8,3392,specific_humidity,10.0,6.511209778552283e-14,1.668482505929904e-13
r2p8_w128_di16,8,3392,specific_humidity,20.0,1.788848140050651e-14,1.60062830033422e-13
r2p8_w128_di16,8,3392,specific_humidity,30.0,1.002146847301838e-14,2.3695895940822826e-14
r2p8_w128_di16,8,3392,specific_humidity,50.0,1.5086202651576535e-16,1.2748424621739508e-13
r2p8_w128_di16,8,3392,specific_humidity,70.0,6.555352921912525e-16,1.748341255815012e-14
r2p8_w128_di16,8,3392,specific_humidity,100.0,7.841293617331244e-15,1.952732308652796e-14
r2p8_w128_di16,8,3392,specific_humidity,125.0,5.6395601411281255e-14,1.9342916851795957e-13
r2p8_w128_di16,8,3392,specific_humidity,150.0,4.4888748201515315e-13,1.3800095631996212e-12
r2p8_w128_di16,8,3392,specific_humidity,175.0,3.1129370728082507e-12,7.520545247250917e-12
r2p8_w128_di16,8,3392,specific_humidity,200.0,1.7224567795719864e-11,2.6041744987050798e-11
r2p8_w128_di16,8,3392,specific_humidity,225.0,7.266019820229885e-11,1.1656197265510932e-10
r2p8_w128_di16,8,3392,specific_humidity,250.0,2.260142254336237e-10,3.747098010074009e-10
r2p8_w128_di16,8,3392,specific_humidity,300.0,1.1943600377511298e-09,2.526845798351005e-09
r2p8_w128_di16,8,3392,specific_humidity,350.0,4.1034687231203145e-09,7.351096993590746e-09
r2p8_w128_di16,8,3392,specific_humidity,400.0,1.0218196281929792e-08,1.9030697633567244e-08
r2p8_w128_di16,8,3392,specific_humidity,450.0,2.1221508844362654e-08,3.199187870249452e-08
r2p8_w128_di16,8,3392,specific_humidity,500.0,3.633391267640685e-08,4.734549583236628e-08
r2p8_w128_di16,8,3392,specific_humidity,550.0,5.825099867052357e-08,7.179371965685589e-08
r2p8_w128_di16,8,3392,specific_humidity,600.0,7.987532751446492e-08,1.1113015942650192e-07
r2p8_w128_di16,8,3392,specific_humidity,650.0,1.1199283436752987e-07,1.5379708111648523e-07
r2p8_w128_di16,8,3392,specific_humidity,700.0,1.436713131456084e-07,2.1954783214612727e-07
r2p8_w128_di16,8,3392,specific_humidity,750.0,1.7886858791580598e-07,2.482764982359345e-07
r2p8_w128_di16,8,3392,specific_humidity,775.0,1.9098260635633102e-07,2.503049716850163e-07
r2p8_w128_di16,8,3392,specific_humidity,800.0,2.0336908329278867e-07,2.813890026261303e-07
r2p8_w128_di16,8,3392,specific_humidity,825.0,2.1300108063225765e-07,2.814615686709414e-07
r2p8_w128_di16,8,3392,specific_humidity,850.0,2.108220350025642e-07,2.7905983509969805e-07
r2p8_w128_di16,8,3392,specific_humidity,875.0,1.9530405060497688e-07,2.498195951857332e-07
r2p8_w128_di16,8,3392,specific_humidity,900.0,1.7737926227155216e-07,2.2546235641715913e-07
r2p8_w128_di16,8,3392,specific_humidity,925.0,1.493074445703311e-07,1.8633779206735648e-07
r2p8_w128_di16,8,3392,specific_humidity,950.0,1.1990993478272445e-07,1.5189456401546595e-07
r2p8_w128_di16,8,3392,specific_humidity,975.0,1.1499239043863894e-07,1.3421188109130126e-07
r2p8_w128_di16,8,3392,specific_humidity,1000.0,1.1164597994239398e-07,1.4472502983186989e-07
r2p8_w128_di16,8,3392,specific_cloud_ice_water_content,1.0,2.0656094913948557e-12,2.574773680912658e-12
r2p8_w128_di16,8,3392,specific_cloud_ice_water_content,2.0,2.0234545277697125e-12,2.5395260966011815e-12
r2p8_w128_di16,8,3392,specific_cloud_ice_water_content,3.0,2.0223645892362894e-12,2.5445192355337595e-12
r2p8_w128_di16,8,3392,specific_cloud_ice_water_content,5.0,2.00482062520991e-12,2.5425934137870316e-12
r2p8_w128_di16,8,3392,specific_cloud_ice_water_content,7.0,2.0152753867592816e-12,2.5445394982664024e-12
r2p8_w128_di16,8,3392,specific_cloud_ice_water_content,10.0,2.037115150627534e-12,2.545441506187793e-12
r2p8_w128_di16,8,3392,specific_cloud_ice_water_content,20.0,1.436444092610472e-12,1.859514966372745e-12
r2p8_w128_di16,8,3392,specific_cloud_ice_water_content,30.0,1.0323275304599433e-12,1.4099500209468058e-12
r2p8_w128_di16,8,3392,specific_cloud_ice_water_content,50.0,6.04867116940882e-13,1.1786794359360344e-12
r2p8_w128_di16,8,3392,specific_cloud_ice_water_content,70.0,5.007802197102933e-13,9.800083500071577e-13
r2p8_w128_di16,8,3392,specific_cloud_ice_water_content,100.0,1.41792414577202e-12,2.0072523844235304e-12
r2p8_w128_di16,8,3392,specific_cloud_ice_water_content,125.0,7.433379552119128e-12,8.39252955579184e-12
r2p8_w128_di16,8,3392,specific_cloud_ice_water_content,150.0,2.0437429827850873e-11,2.363701535177196e-11
r2p8_w128_di16,8,3392,specific_cloud_ice_water_content,175.0,3.4651052583181316e-11,4.448782613536562e-11
r2p8_w128_di16,8,3392,specific_cloud_ice_water_content,200.0,4.9533701323312176e-11,7.366285785577012e-11
r2p8_w128_di16,8,3392,specific_cloud_ice_water_content,225.0,6.440855524445746e-11,1.1429691745367163e-10
r2p8_w128_di16,8,3392,specific_cloud_ice_water_content,250.0,7.128898804799967e-11,1.657230978639882e-10
r2p8_w128_di16,8,3392,specific_cloud_ice_water_content,300.0,6.805355274630973e-11,1.518802811562636e-10
r2p8_w128_di16,8,3392,specific_cloud_ice_water_content,350.0,6.064485854360536e-11,1.0296317963466684e-10
r2p8_w128_di16,8,3392,specific_cloud_ice_water_content,400.0,4.579369841041881e-11,6.401208393768925e-11
r2p8_w128_di16,8,3392,specific_cloud_ice_water_content,450.0,3.341729136034257e-11,4.425757465978597e-11
r2p8_w128_di16,8,3392,specific_cloud_ice_water_content,500.0,2.3787024569424588e-11,3.026747634743249e-11
r2p8_w128_di16,8,3392,specific_cloud_ice_water_content,550.0,1.584411670627491e-11,1.9926633273229205e-11
r2p8_w128_di16,8,3392,specific_cloud_ice_water_content,600.0,1.1052950666157134e-11,1.371036882070719e-11
r2p8_w128_di16,8,3392,specific_cloud_ice_water_content,650.0,8.164465710032475e-12,1.0141313208313308e-11
r2p8_w128_di16,8,3392,specific_cloud_ice_water_content,700.0,6.09391010173955e-12,7.318484653192388e-12
r2p8_w128_di16,8,3392,specific_cloud_ice_water_content,750.0,4.78754874018024e-12,5.676226761433696e-12
r2p8_w128_di16,8,3392,specific_cloud_ice_water_content,775.0,4.713934288971145e-12,5.4835263759372515e-12
r2p8_w128_di16,8,3392,specific_cloud_ice_water_content,800.0,4.707491983358201e-12,5.681140947348277e-12
r2p8_w128_di16,8,3392,specific_cloud_ice_water_content,825.0,4.550229323514479e-12,5.263950744515338e-12
r2p8_w128_di16,8,3392,specific_cloud_ice_water_content,850.0,3.961986983271616e-12,4.428886556607815e-12
r2p8_w128_di16,8,3392,specific_cloud_ice_water_content,875.0,3.203053258355219e-12,3.5818988237882786e-12
r2p8_w128_di16,8,3392,specific_cloud_ice_water_content,900.0,2.611289247265449e-12,3.1493432733406614e-12
r2p8_w128_di16,8,3392,specific_cloud_ice_water_content,925.0,2.0978291394259484e-12,2.701098688694434e-12
r2p8_w128_di16,8,3392,specific_cloud_ice_water_content,950.0,1.5283444514611215e-12,2.04147836467018e-12
r2p8_w128_di16,8,3392,specific_cloud_ice_water_content,975.0,1.052711194566144e-12,1.2601285515665062e-12
r2p8_w128_di16,8,3392,specific_cloud_ice_water_content,1000.0,8.760627932093284e-13,1.1451153005717512e-12
r2p8_w128_di16,8,3392,specific_cloud_liquid_water_content,1.0,6.960850716230101e-12,1.2571514481385115e-11
r2p8_w128_di16,8,3392,specific_cloud_liquid_water_content,2.0,6.97905872942246e-12,1.258127727142695e-11
r2p8_w128_di16,8,3392,specific_cloud_liquid_water_content,3.0,6.894158364596004e-12,1.2570750035843119e-11
r2p8_w128_di16,8,3392,specific_cloud_liquid_water_content,5.0,6.959709655962159e-12,1.2585583469102977e-11
r2p8_w128_di16,8,3392,specific_cloud_liquid_water_content,7.0,7.049454723725454e-12,1.2584780551447933e-11
r2p8_w128_di16,8,3392,specific_cloud_liquid_water_content,10.0,6.904741347396527e-12,1.2525646688359183e-11
r2p8_w128_di16,8,3392,specific_cloud_liquid_water_content,20.0,5.3435425763698175e-12,9.690082705548747e-12
r2p8_w128_di16,8,3392,specific_cloud_liquid_water_content,30.0,3.906649930766201e-12,7.183026286220195e-12
r2p8_w128_di16,8,3392,specific_cloud_liquid_water_content,50.0,3.665392761854649e-12,9.773547294597628e-12
r2p8_w128_di16,8,3392,specific_cloud_liquid_water_content,70.0,2.4087816302428625e-12,1.3010436304694562e-11
r2p8_w128_di16,8,3392,specific_cloud_liquid_water_content,100.0,2.305795471391585e-12,8.337132608828762e-12
r2p8_w128_di16,8,3392,specific_cloud_liquid_water_content,125.0,1.980715439158574e-12,6.712877938704527e-12
r2p8_w128_di16,8,3392,specific_cloud_liquid_water_content,150.0,2.2718102831329924e-12,5.894034555833364e-12
r2p8_w128_di16,8,3392,specific_cloud_liquid_water_content,175.0,2.7887149269078502e-12,4.662971833960546e-12
r2p8_w128_di16,8,3392,specific_cloud_liquid_water_content,200.0,3.3221211096406432e-12,5.6571411859120226e-12
r2p8_w128_di16,8,3392,specific_cloud_liquid_water_content,225.0,2.8765502800703413e-12,3.982637153586266e-12
r2p8_w128_di16,8,3392,specific_cloud_liquid_water_content,250.0,3.164678334531436e-12,4.863635190822474e-12
r2p8_w128_di16,8,3392,specific_cloud_liquid_water_content,300.0,5.122975064937647e-12,6.904601095003495e-12
r2p8_w128_di16,8,3392,specific_cloud_liquid_water_content,350.0,7.957461985959718e-12,1.0432990687781128e-11
r2p8_w128_di16,8,3392,specific_cloud_liquid_water_content,400.0,1.552316402925363e-11,2.0257254745701666e-11
r2p8_w128_di16,8,3392,specific_cloud_liquid_water_content,450.0,3.5263638976948825e-11,4.17570173420198e-11
r2p8_w128_di16,8,3392,specific_cloud_liquid_water_content,500.0,7.745687769108952e-11,8.748877607964157e-11
r2p8_w128_di16,8,3392,specific_cloud_liquid_water_content,550.0,1.3065076468198478e-10,1.382595008603233e-10
r2p8_w128_di16,8,3392,specific_cloud_liquid_water_content,600.0,1.0494442934458747e-10,1.1589408355293349e-10
r2p8_w128_di16,8,3392,specific_cloud_liquid_water_content,650.0,1.0600061239225198e-10,1.1661602026723777e-10
r2p8_w128_di16,8,3392,specific_cloud_liquid_water_content,700.0,1.2998984417027117e-10,1.418125196835406e-10
r2p8_w128_di16,8,3392,specific_cloud_liquid_water_content,750.0,1.6661817846583605e-10,1.810185468635628e-10
r2p8_w128_di16,8,3392,specific_cloud_liquid_water_content,775.0,1.8760434774014486e-10,2.064422435881787e-10
r2p8_w128_di16,8,3392,specific_cloud_liquid_water_content,800.0,2.1662372748966472e-10,2.8141366906676524e-10
r2p8_w128_di16,8,3392,specific_cloud_liquid_water_content,825.0,2.838498005084331e-10,4.0094720396022586e-10
r2p8_w128_di16,8,3392,specific_cloud_liquid_water_content,850.0,3.367170732005296e-10,6.64564528455264e-10
r2p8_w128_di16,8,3392,specific_cloud_liquid_water_content,875.0,3.45171796013947e-10,1.0451464767709713e-09
r2p8_w128_di16,8,3392,specific_cloud_liquid_water_content,900.0,3.08558149439639e-10,8.079541896537467e-10
r2p8_w128_di16,8,3392,specific_cloud_liquid_water_content,925.0,2.4837554240315123e-10,4.530220411479363e-10
r2p8_w128_di16,8,3392,specific_cloud_liquid_water_content,950.0,1.717761228553055e-10,4.448131470260189e-10
r2p8_w128_di16,8,3392,specific_cloud_liquid_water_content,975.0,1.0367759170511923e-10,3.230459089044481e-10
r2p8_w128_di16,8,3392,specific_cloud_liquid_water_content,1000.0,6.08969232715158e-11,1.0685027933320002e-10
r2p8_w128_di32,0,0,temperature,1.0,75.19899358061171,75.19899358061171
r2p8_w128_di32,0,0,temperature,2.0,49.46142185905955,49.46142185905955
r2p8_w128_di32,0,0,temperature,3.0,32.390100264139605,32.390100264139605
r2p8_w128_di32,0,0,temperature,5.0,18.356825226852575,18.356825226852575
r2p8_w128_di32,0,0,temperature,7.0,12.234180402919598,12.234180402919598
r2p8_w128_di32,0,0,temperature,10.0,6.932305318301486,6.932305318301486
r2p8_w128_di32,0,0,temperature,20.0,5.231110039609405,5.231110039609405
r2p8_w128_di32,0,0,temperature,30.0,3.8718095885928965,3.8718095885928965
r2p8_w128_di32,0,0,temperature,50.0,0.38092296676537424,0.38092296676537424
r2p8_w128_di32,0,0,temperature,70.0,0.37079606127902814,0.37079606127902814
r2p8_w128_di32,0,0,temperature,100.0,0.2558116016416615,0.2558116016416615
r2p8_w128_di32,0,0,temperature,125.0,0.16940880641597242,0.16940880641597242
r2p8_w128_di32,0,0,temperature,150.0,0.1361507817232322,0.1361507817232322
r2p8_w128_di32,0,0,temperature,175.0,0.12455395877975778,0.12455395877975778
r2p8_w128_di32,0,0,temperature,200.0,0.12989476659556026,0.12989476659556026
r2p8_w128_di32,0,0,temperature,225.0,0.13519545711090475,0.13519545711090475
r2p8_w128_di32,0,0,temperature,250.0,0.13230877116680964,0.13230877116680964
r2p8_w128_di32,0,0,temperature,300.0,0.12216572812230317,0.12216572812230317
r2p8_w128_di32,0,0,temperature,350.0,0.11342368134108606,0.11342368134108606
r2p8_w128_di32,0,0,temperature,400.0,0.11115286237595418,0.11115286237595418
r2p8_w128_di32,0,0,temperature,450.0,0.11125911449136602,0.11125911449136602
r2p8_w128_di32,0,0,temperature,500.0,0.11108228455192035,0.11108228455192035
r2p8_w128_di32,0,0,temperature,550.0,0.11616847624176556,0.11616847624176556
r2p8_w128_di32,0,0,temperature,600.0,0.12294365673028317,0.12294365673028317
r2p8_w128_di32,0,0,temperature,650.0,0.13241656982304714,0.13241656982304714
r2p8_w128_di32,0,0,temperature,700.0,0.14335038165251415,0.14335038165251415
r2p8_w128_di32,0,0,temperature,750.0,0.16344922613544563,0.16344922613544563
r2p8_w128_di32,0,0,temperature,775.0,0.17411779215450549,0.17411779215450549
r2p8_w128_di32,0,0,temperature,800.0,0.1904199641799599,0.1904199641799599
r2p8_w128_di32,0,0,temperature,825.0,0.21654968975540698,0.21654968975540698
r2p8_w128_di32,0,0,temperature,850.0,0.23338040444244634,0.23338040444244634
r2p8_w128_di32,0,0,temperature,875.0,0.2383985525041921,0.2383985525041921
r2p8_w128_di32,0,0,temperature,900.0,0.23817769453902424,0.23817769453902424
r2p8_w128_di32,0,0,temperature,925.0,0.24131919994591847,0.24131919994591847
r2p8_w128_di32,0,0,temperature,950.0,0.25338859005072684,0.25338859005072684
r2p8_w128_di32,0,0,temperature,975.0,0.28011338818319065,0.28011338818319065
r2p8_w128_di32,0,0,temperature,1000.0,0.29223923702625065,0.29223923702625065
r2p8_w128_di32,0,0,geopotential,1.0,904225144.566323,904225144.566323
r2p8_w128_di32,0,0,geopotential,2.0,421705871.6151203,421705871.6151203
r2p8_w128_di32,0,0,geopotential,3.0,239814309.2783505,239814309.2783505
r2p8_w128_di32,0,0,geopotential,5.0,90220112.5718213,90220112.5718213
r2p8_w128_di32,0,0,geopotential,7.0,35922425.003436424,35922425.003436424
r2p8_w128_di32,0,0,geopotential,10.0,7552648.180412371,7552648.180412371
r2p8_w128_di32,0,0,geopotential,20.0,1870461.121821306,1870461.121821306
r2p8_w128_di32,0,0,geopotential,30.0,3139592.8699312713,3139592.8699312713
r2p8_w128_di32,0,0,geopotential,50.0,3545.1752452312876,3545.1752452312876
r2p8_w128_di32,0,0,geopotential,70.0,3058.496623308634,3058.496623308634
r2p8_w128_di32,0,0,geopotential,100.0,1947.3920830900317,1947.3920830900317
r2p8_w128_di32,0,0,geopotential,125.0,1600.7544679412317,1600.7544679412317
r2p8_w128_di32,0,0,geopotential,150.0,1447.6305559610582,1447.6305559610582
r2p8_w128_di32,0,0,geopotential,175.0,1401.25583080803,1401.25583080803
r2p8_w128_di32,0,0,geopotential,200.0,1392.0184857240656,1392.0184857240656
r2p8_w128_di32,0,0,geopotential,225.0,1334.66822119644,1334.66822119644
r2p8_w128_di32,0,0,geopotential,250.0,1327.4334120707824,1327.4334120707824
r2p8_w128_di32,0,0,geopotential,300.0,1326.4102626734993,1326.4102626734993
r2p8_w128_di32,0,0,geopotential,350.0,1262.2029262057695,1262.2029262057695
r2p8_w128_di32,0,0,geopotential,400.0,1164.8296497043466,1164.8296497043466
r2p8_w128_di32,0,0,geopotential,450.0,1068.8698042512349,1068.8698042512349
r2p8_w128_di32,0,0,geopotential,500.0,984.3614905078796,984.3614905078796
r2p8_w128_di32,0,0,geopotential,550.0,916.9645822636451,916.9645822636451
r2p8_w128_di32,0,0,geopotential,600.0,874.5392489403794,874.5392489403794
r2p8_w128_di32,0,0,geopotential,650.0,845.6806461714388,845.6806461714388
r2p8_w128_di32,0,0,geopotential,700.0,839.1996944886303,839.1996944886303
r2p8_w128_di32,0,0,geopotential,750.0,838.9861821859563,838.9861821859563
r2p8_w128_di32,0,0,geopotential,775.0,849.8817782372544,849.8817782372544
r2p8_w128_di32,0,0,geopotential,800.0,859.8848000018457,859.8848000018457
r2p8_w128_di32,0,0,geopotential,825.0,876.5115020856824,876.5115020856824
r2p8_w128_di32,0,0,geopotential,850.0,896.7007591011597,896.7007591011597
r2p8_w128_di32,0,0,geopotential,875.0,920.5010710306593,920.5010710306593
r2p8_w128_di32,0,0,geopotential,900.0,960.3472132731958,960.3472132731958
r2p8_w128_di32,0,0,geopotential,925.0,1007.6959030937903,1007.6959030937903
r2p8_w128_di32,0,0,geopotential,950.0,1060.872597857603,1060.872597857603
r2p8_w128_di32,0,0,geopotential,975.0,1143.3865640017584,1143.3865640017584
r2p8_w128_di32,0,0,geopotential,1000.0,1260.156984435406,1260.156984435406
r2p8_w128_di32,0,0,u_component_of_wind,1.0,722.9386758601133,722.9386758601133
r2p8_w128_di32,0,0,u_component_of_wind,2.0,455.2801186682842,455.2801186682842
r2p8_w128_di32,0,0,u_component_of_wind,3.0,285.6802493013467,285.6802493013467
r2p8_w128_di32,0,0,u_component_of_wind,5.0,139.57897599472622,139.57897599472622
r2p8_w128_di32,0,0,u_component_of_wind,7.0,94.83603440379768,94.83603440379768
r2p8_w128_di32,0,0,u_component_of_wind,10.0,68.12114248111895,68.12114248111895
r2p8_w128_di32,0,0,u_component_of_wind,20.0,26.779242006282217,26.779242006282217
r2p8_w128_di32,0,0,u_component_of_wind,30.0,26.19292216612301,26.19292216612301
r2p8_w128_di32,0,0,u_component_of_wind,50.0,1.1315817461390676,1.1315817461390676
r2p8_w128_di32,0,0,u_component_of_wind,70.0,1.12226303430767,1.12226303430767
r2p8_w128_di32,0,0,u_component_of_wind,100.0,1.3048216249115279,1.3048216249115279
r2p8_w128_di32,0,0,u_component_of_wind,125.0,1.4188450351613493,1.4188450351613493
r2p8_w128_di32,0,0,u_component_of_wind,150.0,1.4963557155271576,1.4963557155271576
r2p8_w128_di32,0,0,u_component_of_wind,175.0,1.5222772715427622,1.5222772715427622
r2p8_w128_di32,0,0,u_component_of_wind,200.0,1.596340423883851,1.596340423883851
r2p8_w128_di32,0,0,u_component_of_wind,225.0,1.7501107596859489,1.7501107596859489
r2p8_w128_di32,0,0,u_component_of_wind,250.0,1.88050915801648,1.88050915801648
r2p8_w128_di32,0,0,u_component_of_wind,300.0,1.9726522819283083,1.9726522819283083
r2p8_w128_di32,0,0,u_component_of_wind,350.0,1.807396195352692,1.807396195352692
r2p8_w128_di32,0,0,u_component_of_wind,400.0,1.59124540152009,1.59124540152009
r2p8_w128_di32,0,0,u_component_of_wind,450.0,1.4034066351418644,1.4034066351418644
r2p8_w128_di32,0,0,u_component_of_wind,500.0,1.2501135787603372,1.2501135787603372
r2p8_w128_di32,0,0,u_component_of_wind,550.0,1.1626420173448386,1.1626420173448386
r2p8_w128_di32,0,0,u_component_of_wind,600.0,1.0861500463125222,1.0861500463125222
r2p8_w128_di32,0,0,u_component_of_wind,650.0,1.0444742619786476,1.0444742619786476
r2p8_w128_di32,0,0,u_component_of_wind,700.0,1.003151554831934,1.003151554831934
r2p8_w128_di32,0,0,u_component_of_wind,750.0,0.9663509646232186,0.9663509646232186
r2p8_w128_di32,0,0,u_component_of_wind,775.0,0.9445383881785206,0.9445383881785206
r2p8_w128_di32,0,0,u_component_of_wind,800.0,0.92787974003664,0.92787974003664
r2p8_w128_di32,0,0,u_component_of_wind,825.0,0.9099692950543669,0.9099692950543669
r2p8_w128_di32,0,0,u_component_of_wind,850.0,0.8807123280472772,0.8807123280472772
r2p8_w128_di32,0,0,u_component_of_wind,875.0,0.8459510380050161,0.8459510380050161
r2p8_w128_di32,0,0,u_component_of_wind,900.0,0.8174166316838608,0.8174166316838608
r2p8_w128_di32,0,0,u_component_of_wind,925.0,0.8008179622417463,0.8008179622417463
r2p8_w128_di32,0,0,u_component_of_wind,950.0,0.7643924616456441,0.7643924616456441
r2p8_w128_di32,0,0,u_component_of_wind,975.0,0.679763151218801,0.679763151218801
r2p8_w128_di32,0,0,u_component_of_wind,1000.0,0.5664272328627479,0.5664272328627479
r2p8_w128_di32,0,0,v_component_of_wind,1.0,119.05225657564668,119.05225657564668
r2p8_w128_di32,0,0,v_component_of_wind,2.0,72.77250083844686,72.77250083844686
r2p8_w128_di32,0,0,v_component_of_wind,3.0,52.03747801108868,52.03747801108868
r2p8_w128_di32,0,0,v_component_of_wind,5.0,32.71310249145088,32.71310249145088
r2p8_w128_di32,0,0,v_component_of_wind,7.0,24.73936256133404,24.73936256133404
r2p8_w128_di32,0,0,v_component_of_wind,10.0,17.121713023497065,17.121713023497065
r2p8_w128_di32,0,0,v_component_of_wind,20.0,9.852611001660325,9.852611001660325
r2p8_w128_di32,0,0,v_component_of_wind,30.0,8.196863597856764,8.196863597856764
r2p8_w128_di32,0,0,v_component_of_wind,50.0,1.1579218097159134,1.1579218097159134
r2p8_w128_di32,0,0,v_component_of_wind,70.0,1.2083303110706027,1.2083303110706027
r2p8_w128_di32,0,0,v_component_of_wind,100.0,1.358649160648949,1.358649160648949
r2p8_w128_di32,0,0,v_component_of_wind,125.0,1.464807457694483,1.464807457694483
r2p8_w128_di32,0,0,v_component_of_wind,150.0,1.4900461818754058,1.4900461818754058
r2p8_w128_di32,0,0,v_component_of_wind,175.0,1.4851046708850926,1.4851046708850926
r2p8_w128_di32,0,0,v_component_of_wind,200.0,1.5519517937067038,1.5519517937067038
r2p8_w128_di32,0,0,v_component_of_wind,225.0,1.7551270650424498,1.7551270650424498
r2p8_w128_di32,0,0,v_component_of_wind,250.0,1.9538696924845378,1.9538696924845378
r2p8_w128_di32,0,0,v_component_of_wind,300.0,2.199929283328892,2.199929283328892
r2p8_w128_di32,0,0,v_component_of_wind,350.0,2.0805937891563597,2.0805937891563597
r2p8_w128_di32,0,0,v_component_of_wind,400.0,1.842572056304958,1.842572056304958
r2p8_w128_di32,0,0,v_component_of_wind,450.0,1.6110221734161638,1.6110221734161638
r2p8_w128_di32,0,0,v_component_of_wind,500.0,1.4217242776323429,1.4217242776323429
r2p8_w128_di32,0,0,v_component_of_wind,550.0,1.3090241281027646,1.3090241281027646
r2p8_w128_di32,0,0,v_component_of_wind,600.0,1.2139677363163008,1.2139677363163008
r2p8_w128_di32,0,0,v_component_of_wind,650.0,1.158326429722645,1.158326429722645
r2p8_w128_di32,0,0,v_component_of_wind,700.0,1.1124399000017093,1.1124399000017093
r2p8_w128_di32,0,0,v_component_of_wind,750.0,1.0738952532257002,1.0738952532257002
r2p8_w128_di32,0,0,v_component_of_wind,775.0,1.0539147950939296,1.0539147950939296
r2p8_w128_di32,0,0,v_component_of_wind,800.0,1.0374182451221952,1.0374182451221952
r2p8_w128_di32,0,0,v_component_of_wind,825.0,1.0209088774071526,1.0209088774071526
r2p8_w128_di32,0,0,v_component_of_wind,850.0,0.9962723830311568,0.9962723830311568
r2p8_w128_di32,0,0,v_component_of_wind,875.0,0.9674795301099823,0.9674795301099823
r2p8_w128_di32,0,0,v_component_of_wind,900.0,0.9479510768582321,0.9479510768582321
r2p8_w128_di32,0,0,v_component_of_wind,925.0,0.9261941030263081,0.9261941030263081
r2p8_w128_di32,0,0,v_component_of_wind,950.0,0.8840874612126564,0.8840874612126564
r2p8_w128_di32,0,0,v_component_of_wind,975.0,0.7781730204513393,0.7781730204513393
r2p8_w128_di32,0,0,v_component_of_wind,1000.0,0.6346544354846797,0.6346544354846797
r2p8_w128_di32,0,0,specific_humidity,1.0,7.979712329664615e-13,7.979712329664615e-13
r2p8_w128_di32,0,0,specific_humidity,2.0,5.29086877704512e-13,5.29086877704512e-13
r2p8_w128_di32,0,0,specific_humidity,3.0,3.6428078088250586e-13,3.6428078088250586e-13
r2p8_w128_di32,0,0,specific_humidity,5.0,1.8613657648499995e-13,1.8613657648499995e-13
r2p8_w128_di32,0,0,specific_humidity,7.0,1.1637544761544083e-13,1.1637544761544083e-13
r2p8_w128_di32,0,0,specific_humidity,10.0,6.511209778552283e-14,6.511209778552283e-14
r2p8_w128_di32,0,0,specific_humidity,20.0,1.788848140050651e-14,1.788848140050651e-14
r2p8_w128_di32,0,0,specific_humidity,30.0,1.002146847301838e-14,1.002146847301838e-14
r2p8_w128_di32,0,0,specific_humidity,50.0,1.5086202651576535e-16,1.5086202651576535e-16
r2p8_w128_di32,0,0,specific_humidity,70.0,6.555352921912525e-16,6.555352921912525e-16
r2p8_w128_di32,0,0,specific_humidity,100.0,7.841293617331244e-15,7.841293617331244e-15
r2p8_w128_di32,0,0,specific_humidity,125.0,5.6395601411281255e-14,5.6395601411281255e-14
r2p8_w128_di32,0,0,specific_humidity,150.0,4.4888748201515315e-13,4.4888748201515315e-13
r2p8_w128_di32,0,0,specific_humidity,175.0,3.1129370728082507e-12,3.1129370728082507e-12
r2p8_w128_di32,0,0,specific_humidity,200.0,1.7224567795719864e-11,1.7224567795719864e-11
r2p8_w128_di32,0,0,specific_humidity,225.0,7.266019820229885e-11,7.266019820229885e-11
r2p8_w128_di32,0,0,specific_humidity,250.0,2.260142254336237e-10,2.260142254336237e-10
r2p8_w128_di32,0,0,specific_humidity,300.0,1.1943600377511298e-09,1.1943600377511298e-09
r2p8_w128_di32,0,0,specific_humidity,350.0,4.1034687231203145e-09,4.1034687231203145e-09
r2p8_w128_di32,0,0,specific_humidity,400.0,1.0218196281929792e-08,1.0218196281929792e-08
r2p8_w128_di32,0,0,specific_humidity,450.0,2.1221508844362654e-08,2.1221508844362654e-08
r2p8_w128_di32,0,0,specific_humidity,500.0,3.633391267640685e-08,3.633391267640685e-08
r2p8_w128_di32,0,0,specific_humidity,550.0,5.825099867052357e-08,5.825099867052357e-08
r2p8_w128_di32,0,0,specific_humidity,600.0,7.987532751446492e-08,7.987532751446492e-08
r2p8_w128_di32,0,0,specific_humidity,650.0,1.1199283436752987e-07,1.1199283436752987e-07
r2p8_w128_di32,0,0,specific_humidity,700.0,1.436713131456084e-07,1.436713131456084e-07
r2p8_w128_di32,0,0,specific_humidity,750.0,1.7886858791580598e-07,1.7886858791580598e-07
r2p8_w128_di32,0,0,specific_humidity,775.0,1.9098260635633102e-07,1.9098260635633102e-07
r2p8_w128_di32,0,0,specific_humidity,800.0,2.0336908329278867e-07,2.0336908329278867e-07
r2p8_w128_di32,0,0,specific_humidity,825.0,2.1300108063225765e-07,2.1300108063225765e-07
r2p8_w128_di32,0,0,specific_humidity,850.0,2.108220350025642e-07,2.108220350025642e-07
r2p8_w128_di32,0,0,specific_humidity,875.0,1.9530405060497688e-07,1.9530405060497688e-07
r2p8_w128_di32,0,0,specific_humidity,900.0,1.7737926227155216e-07,1.7737926227155216e-07
r2p8_w128_di32,0,0,specific_humidity,925.0,1.493074445703311e-07,1.493074445703311e-07
r2p8_w128_di32,0,0,specific_humidity,950.0,1.1990993478272445e-07,1.1990993478272445e-07
r2p8_w128_di32,0,0,specific_humidity,975.0,1.1499239043863894e-07,1.1499239043863894e-07
r2p8_w128_di32,0,0,specific_humidity,1000.0,1.1164597994239398e-07,1.1164597994239398e-07
r2p8_w128_di32,0,0,specific_cloud_ice_water_content,1.0,2.0656094913948557e-12,2.0656094913948557e-12
r2p8_w128_di32,0,0,specific_cloud_ice_water_content,2.0,2.0234545277697125e-12,2.0234545277697125e-12
r2p8_w128_di32,0,0,specific_cloud_ice_water_content,3.0,2.0223645892362894e-12,2.0223645892362894e-12
r2p8_w128_di32,0,0,specific_cloud_ice_water_content,5.0,2.00482062520991e-12,2.00482062520991e-12
r2p8_w128_di32,0,0,specific_cloud_ice_water_content,7.0,2.0152753867592816e-12,2.0152753867592816e-12
r2p8_w128_di32,0,0,specific_cloud_ice_water_content,10.0,2.037115150627534e-12,2.037115150627534e-12
r2p8_w128_di32,0,0,specific_cloud_ice_water_content,20.0,1.436444092610472e-12,1.436444092610472e-12
r2p8_w128_di32,0,0,specific_cloud_ice_water_content,30.0,1.0323275304599433e-12,1.0323275304599433e-12
r2p8_w128_di32,0,0,specific_cloud_ice_water_content,50.0,6.04867116940882e-13,6.04867116940882e-13
r2p8_w128_di32,0,0,specific_cloud_ice_water_content,70.0,5.007802197102933e-13,5.007802197102933e-13
r2p8_w128_di32,0,0,specific_cloud_ice_water_content,100.0,1.41792414577202e-12,1.41792414577202e-12
r2p8_w128_di32,0,0,specific_cloud_ice_water_content,125.0,7.433379552119128e-12,7.433379552119128e-12
r2p8_w128_di32,0,0,specific_cloud_ice_water_content,150.0,2.0437429827850873e-11,2.0437429827850873e-11
r2p8_w128_di32,0,0,specific_cloud_ice_water_content,175.0,3.4651052583181316e-11,3.4651052583181316e-11
r2p8_w128_di32,0,0,specific_cloud_ice_water_content,200.0,4.9533701323312176e-11,4.9533701323312176e-11
r2p8_w128_di32,0,0,specific_cloud_ice_water_content,225.0,6.440855524445746e-11,6.440855524445746e-11
r2p8_w128_di32,0,0,specific_cloud_ice_water_content,250.0,7.128898804799967e-11,7.128898804799967e-11
r2p8_w128_di32,0,0,specific_cloud_ice_water_content,300.0,6.805355274630973e-11,6.805355274630973e-11
r2p8_w128_di32,0,0,specific_cloud_ice_water_content,350.0,6.064485854360536e-11,6.064485854360536e-11
r2p8_w128_di32,0,0,specific_cloud_ice_water_content,400.0,4.579369841041881e-11,4.579369841041881e-11
r2p8_w128_di32,0,0,specific_cloud_ice_water_content,450.0,3.341729136034257e-11,3.341729136034257e-11
r2p8_w128_di32,0,0,specific_cloud_ice_water_content,500.0,2.3787024569424588e-11,2.3787024569424588e-11
r2p8_w128_di32,0,0,specific_cloud_ice_water_content,550.0,1.584411670627491e-11,1.584411670627491e-11
r2p8_w128_di32,0,0,specific_cloud_ice_water_content,600.0,1.1052950666157134e-11,1.1052950666157134e-11
r2p8_w128_di32,0,0,specific_cloud_ice_water_content,650.0,8.164465710032475e-12,8.164465710032475e-12
r2p8_w128_di32,0,0,specific_cloud_ice_water_content,700.0,6.09391010173955e-12,6.09391010173955e-12
r2p8_w128_di32,0,0,specific_cloud_ice_water_content,750.0,4.78754874018024e-12,4.78754874018024e-12
r2p8_w128_di32,0,0,specific_cloud_ice_water_content,775.0,4.713934288971145e-12,4.713934288971145e-12
r2p8_w128_di32,0,0,specific_cloud_ice_water_content,800.0,4.707491983358201e-12,4.707491983358201e-12
r2p8_w128_di32,0,0,specific_cloud_ice_water_content,825.0,4.550229323514479e-12,4.550229323514479e-12
r2p8_w128_di32,0,0,specific_cloud_ice_water_content,850.0,3.961986983271616e-12,3.961986983271616e-12
r2p8_w128_di32,0,0,specific_cloud_ice_water_content,875.0,3.203053258355219e-12,3.203053258355219e-12
r2p8_w128_di32,0,0,specific_cloud_ice_water_content,900.0,2.611289247265449e-12,2.611289247265449e-12
r2p8_w128_di32,0,0,specific_cloud_ice_water_content,925.0,2.0978291394259484e-12,2.0978291394259484e-12
r2p8_w128_di32,0,0,specific_cloud_ice_water_content,950.0,1.5283444514611215e-12,1.5283444514611215e-12
r2p8_w128_di32,0,0,specific_cloud_ice_water_content,975.0,1.052711194566144e-12,1.052711194566144e-12
r2p8_w128_di32,0,0,specific_cloud_ice_water_content,1000.0,8.760627932093284e-13,8.760627932093284e-13
r2p8_w128_di32,0,0,specific_cloud_liquid_water_content,1.0,6.960850716230101e-12,6.960850716230101e-12
r2p8_w128_di32,0,0,specific_cloud_liquid_water_content,2.0,6.97905872942246e-12,6.97905872942246e-12
r2p8_w128_di32,0,0,specific_cloud_liquid_water_content,3.0,6.894158364596004e-12,6.894158364596004e-12
r2p8_w128_di32,0,0,specific_cloud_liquid_water_content,5.0,6.959709655962159e-12,6.959709655962159e-12
r2p8_w128_di32,0,0,specific_cloud_liquid_water_content,7.0,7.049454723725454e-12,7.049454723725454e-12
r2p8_w128_di32,0,0,specific_cloud_liquid_water_content,10.0,6.904741347396527e-12,6.904741347396527e-12
r2p8_w128_di32,0,0,specific_cloud_liquid_water_content,20.0,5.3435425763698175e-12,5.3435425763698175e-12
r2p8_w128_di32,0,0,specific_cloud_liquid_water_content,30.0,3.906649930766201e-12,3.906649930766201e-12
r2p8_w128_di32,0,0,specific_cloud_liquid_water_content,50.0,3.665392761854649e-12,3.665392761854649e-12
r2p8_w128_di32,0,0,specific_cloud_liquid_water_content,70.0,2.4087816302428625e-12,2.4087816302428625e-12
r2p8_w128_di32,0,0,specific_cloud_liquid_water_content,100.0,2.305795471391585e-12,2.305795471391585e-12
r2p8_w128_di32,0,0,specific_cloud_liquid_water_content,125.0,1.980715439158574e-12,1.980715439158574e-12
r2p8_w128_di32,0,0,specific_cloud_liquid_water_content,150.0,2.2718102831329924e-12,2.2718102831329924e-12
r2p8_w128_di32,0,0,specific_cloud_liquid_water_content,175.0,2.7887149269078502e-12,2.7887149269078502e-12
r2p8_w128_di32,0,0,specific_cloud_liquid_water_content,200.0,3.3221211096406432e-12,3.3221211096406432e-12
r2p8_w128_di32,0,0,specific_cloud_liquid_water_content,225.0,2.8765502800703413e-12,2.8765502800703413e-12
r2p8_w128_di32,0,0,specific_cloud_liquid_water_content,250.0,3.164678334531436e-12,3.164678334531436e-12
r2p8_w128_di32,0,0,specific_cloud_liquid_water_content,300.0,5.122975064937647e-12,5.122975064937647e-12
r2p8_w128_di32,0,0,specific_cloud_liquid_water_content,350.0,7.957461985959718e-12,7.957461985959718e-12
r2p8_w128_di32,0,0,specific_cloud_liquid_water_content,400.0,1.552316402925363e-11,1.552316402925363e-11
r2p8_w128_di32,0,0,specific_cloud_liquid_water_content,450.0,3.5263638976948825e-11,3.5263638976948825e-11
r2p8_w128_di32,0,0,specific_cloud_liquid_water_content,500.0,7.745687769108952e-11,7.745687769108952e-11
r2p8_w128_di32,0,0,specific_cloud_liquid_water_content,550.0,1.3065076468198478e-10,1.3065076468198478e-10
r2p8_w128_di32,0,0,specific_cloud_liquid_water_content,600.0,1.0494442934458747e-10,1.0494442934458747e-10
r2p8_w128_di32,0,0,specific_cloud_liquid_water_content,650.0,1.0600061239225198e-10,1.0600061239225198e-10
r2p8_w128_di32,0,0,specific_cloud_liquid_water_content,700.0,1.2998984417027117e-10,1.2998984417027117e-10
r2p8_w128_di32,0,0,specific_cloud_liquid_water_content,750.0,1.6661817846583605e-10,1.6661817846583605e-10
r2p8_w128_di32,0,0,specific_cloud_liquid_water_content,775.0,1.8760434774014486e-10,1.8760434774014486e-10
r2p8_w128_di32,0,0,specific_cloud_liquid_water_content,800.0,2.1662372748966472e-10,2.1662372748966472e-10
r2p8_w128_di32,0,0,specific_cloud_liquid_water_content,825.0,2.838498005084331e-10,2.838498005084331e-10
r2p8_w128_di32,0,0,specific_cloud_liquid_water_content,850.0,3.367170732005296e-10,3.367170732005296e-10
r2p8_w128_di32,0,0,specific_cloud_liquid_water_content,875.0,3.45171796013947e-10,3.45171796013947e-10
r2p8_w128_di32,0,0,specific_cloud_liquid_water_content,900.0,3.08558149439639e-10,3.08558149439639e-10
r2p8_w128_di32,0,0,specific_cloud_liquid_water_content,925.0,2.4837554240315123e-10,2.4837554240315123e-10
r2p8_w128_di32,0,0,specific_cloud_liquid_water_content,950.0,1.717761228553055e-10,1.717761228553055e-10
r2p8_w128_di32,0,0,specific_cloud_liquid_water_content,975.0,1.0367759170511923e-10,1.0367759170511923e-10
r2p8_w128_di32,0,0,specific_cloud_liquid_water_content,1000.0,6.08969232715158e-11,6.08969232715158e-11
r2p8_w128_di32,1,424,temperature,1.0,75.19899358061171,389.4548800858435
r2p8_w128_di32,1,424,temperature,2.0,49.46142185905955,949.1577693768793
r2p8_w128_di32,1,424,temperature,3.0,32.390100264139605,1159.8328052009504
r2p8_w128_di32,1,424,temperature,5.0,18.356825226852575,894.0112372644169
r2p8_w128_di32,1,424,temperature,7.0,12.234180402919598,640.4344741663982
r2p8_w128_di32,1,424,temperature,10.0,6.932305318301486,456.4712394373523
r2p8_w128_di32,1,424,temperature,20.0,5.231110039609405,70.50095888642511
r2p8_w128_di32,1,424,temperature,30.0,3.8718095885928965,5.361186905497128
r2p8_w128_di32,1,424,temperature,50.0,0.38092296676537424,39.3529318111459
r2p8_w128_di32,1,424,temperature,70.0,0.37079606127902814,2.7425471843313107
r2p8_w128_di32,1,424,temperature,100.0,0.2558116016416615,0.7762192012927787
r2p8_w128_di32,1,424,temperature,125.0,0.16940880641597242,2.1733938326950337
r2p8_w128_di32,1,424,temperature,150.0,0.1361507817232322,1.3616114203462895
r2p8_w128_di32,1,424,temperature,175.0,0.12455395877975778,0.45939711180749215
r2p8_w128_di32,1,424,temperature,200.0,0.12989476659556026,0.1648431313201734
r2p8_w128_di32,1,424,temperature,225.0,0.13519545711090475,0.1739303329095398
r2p8_w128_di32,1,424,temperature,250.0,0.13230877116680964,0.17500267256678584
r2p8_w128_di32,1,424,temperature,300.0,0.12216572812230317,0.1799955500974688
r2p8_w128_di32,1,424,temperature,350.0,0.11342368134108606,0.15918335300130942
r2p8_w128_di32,1,424,temperature,400.0,0.11115286237595418,0.12636193242884175
r2p8_w128_di32,1,424,temperature,450.0,0.11125911449136602,0.1259221601219931
r2p8_w128_di32,1,424,temperature,500.0,0.11108228455192035,0.1249359320375518
r2p8_w128_di32,1,424,temperature,550.0,0.11616847624176556,0.13304122085731054
r2p8_w128_di32,1,424,temperature,600.0,0.12294365673028317,0.13968944043125894
r2p8_w128_di32,1,424,temperature,650.0,0.13241656982304714,0.15511695249998284
r2p8_w128_di32,1,424,temperature,700.0,0.14335038165251415,0.17062482422672187
r2p8_w128_di32,1,424,temperature,750.0,0.16344922613544563,0.19791079835383754
r2p8_w128_di32,1,424,temperature,775.0,0.17411779215450549,0.19766490565952158
r2p8_w128_di32,1,424,temperature,800.0,0.1904199641799599,0.23638626124031356
r2p8_w128_di32,1,424,temperature,825.0,0.21654968975540698,0.30122152949936204
r2p8_w128_di32,1,424,temperature,850.0,0.23338040444244634,0.3373444401111799
r2p8_w128_di32,1,424,temperature,875.0,0.2383985525041921,0.3466474791470262
r2p8_w128_di32,1,424,temperature,900.0,0.23817769453902424,0.3115038192968598
r2p8_w128_di32,1,424,temperature,925.0,0.24131919994591847,0.3182596431565039
r2p8_w128_di32,1,424,temperature,950.0,0.25338859005072684,0.3376401838977722
r2p8_w128_di32,1,424,temperature,975.0,0.28011338818319065,0.38084581072387824
r2p8_w128_di32,1,424,temperature,1000.0,0.29223923702625065,0.4027850467519662
r2p8_w128_di32,1,424,geopotential,1.0,904225144.566323,29806784.470103092
r2p8_w128_di32,1,424,geopotential,2.0,421705871.6151203,6267012.442955326
r2p8_w128_di32,1,424,geopotential,3.0,239814309.2783505,3408692.878694158
r2p8_w128_di32,1,424,geopotential,5.0,90220112.5718213,1582824.2921821305
r2p8_w128_di32,1,424,geopotential,7.0,35922425.003436424,694267.9320231959
r2p8_w128_di32,1,424,geopotential,10.0,7552648.180412371,277806.59939862543
r2p8_w128_di32,1,424,geopotential,20.0,1870461.121821306,738063.237242268
r2p8_w128_di32,1,424,geopotential,30.0,3139592.8699312713,476799.7468427835
r2p8_w128_di32,1,424,geopotential,50.0,3545.1752452312876,102276.56376718213
r2p8_w128_di32,1,424,geopotential,70.0,3058.496623308634,87305.78224602663
r2p8_w128_di32,1,424,geopotential,100.0,1947.3920830900317,6831.94914559171
r2p8_w128_di32,1,424,geopotential,125.0,1600.7544679412317,2620.148071540754
r2p8_w128_di32,1,424,geopotential,150.0,1447.6305559610582,2208.410664666559
r2p8_w128_di32,1,424,geopotential,175.0,1401.25583080803,1860.2072666653244
r2p8_w128_di32,1,424,geopotential,200.0,1392.0184857240656,2405.350621845468
r2p8_w128_di32,1,424,geopotential,225.0,1334.66822119644,2342.422781508403
r2p8_w128_di32,1,424,geopotential,250.0,1327.4334120707824,2198.820518635229
r2p8_w128_di32,1,424,geopotential,300.0,1326.4102626734993,1856.5936130798968
r2p8_w128_di32,1,424,geopotential,350.0,1262.2029262057695,2222.508865492778
r2p8_w128_di32,1,424,geopotential,400.0,1164.8296497043466,1903.036831507732
r2p8_w128_di32,1,424,geopotential,450.0,1068.8698042512349,1733.1177591749893
r2p8_w128_di32,1,424,geopotential,500.0,984.3614905078796,1638.2869789988724
r2p8_w128_di32,1,424,geopotential,550.0,916.9645822636451,1443.2639256218454
r2p8_w128_di32,1,424,geopotential,600.0,874.5392489403794,1508.827704759316
r2p8_w128_di32,1,424,geopotential,650.0,845.6806461714388,1386.1467995764874
r2p8_w128_di32,1,424,geopotential,700.0,839.1996944886303,1344.8623622828743
r2p8_w128_di32,1,424,geopotential,750.0,838.9861821859563,1342.9714032045345
r2p8_w128_di32,1,424,geopotential,775.0,849.8817782372544,1314.9551986432157
r2p8_w128_di32,1,424,geopotential,800.0,859.8848000018457,1330.5721364653807
r2p8_w128_di32,1,424,geopotential,825.0,876.5115020856824,1398.8418521632034
r2p8_w128_di32,1,424,geopotential,850.0,896.7007591011597,1485.9455832779613
r2p8_w128_di32,1,424,geopotential,875.0,920.5010710306593,1531.6080465310217
r2p8_w128_di32,1,424,geopotential,900.0,960.3472132731958,1573.009434818648
r2p8_w128_di32,1,424,geopotential,925.0,1007.6959030937903,1589.1413517168708
r2p8_w128_di32,1,424,geopotential,950.0,1060.872597857603,1697.6073880644599
r2p8_w128_di32,1,424,geopotential,975.0,1143.3865640017584,1899.825843753356
r2p8_w128_di32,1,424,geopotential,1000.0,1260.156984435406,2134.669235596542
r2p8_w128_di32,1,424,u_component_of_wind,1.0,722.9386758601133,1668.6804094766833
r2p8_w128_di32,1,424,u_component_of_wind,2.0,455.2801186682842,746.1546919045988
r2p8_w128_di32,1,424,u_component_of_wind,3.0,285.6802493013467,472.636788363637
r2p8_w128_di32,1,424,u_component_of_wind,5.0,139.57897599472622,185.03196559525847
r2p8_w128_di32,1,424,u_component_of_wind,7.0,94.83603440379768,124.69767411222163
r2p8_w128_di32,1,424,u_component_of_wind,10.0,68.12114248111895,95.04492370762776
r2p8_w128_di32,1,424,u_component_of_wind,20.0,26.779242006282217,42.30492768959491
r2p8_w128_di32,1,424,u_component_of_wind,30.0,26.19292216612301,34.59203891426427
r2p8_w128_di32,1,424,u_component_of_wind,50.0,1.1315817461390676,4.73525926550639
r2p8_w128_di32,1,424,u_component_of_wind,70.0,1.12226303430767,1.9377338772377197
r2p8_w128_di32,1,424,u_component_of_wind,100.0,1.3048216249115279,2.304291031041096
r2p8_w128_di32,1,424,u_component_of_wind,125.0,1.4188450351613493,1.7994400883048671
r2p8_w128_di32,1,424,u_component_of_wind,150.0,1.4963557155271576,2.0257015272514107
r2p8_w128_di32,1,424,u_component_of_wind,175.0,1.5222772715427622,2.207150241927183
r2p8_w128_di32,1,424,u_component_of_wind,200.0,1.596340423883851,1.9987529580945411
r2p8_w128_di32,1,424,u_component_of_wind,225.0,1.7501107596859489,3.086913372151221
r2p8_w128_di32,1,424,u_component_of_wind,250.0,1.88050915801648,2.8892728830121226
r2p8_w128_di32,1,424,u_component_of_wind,300.0,1.9726522819283083,3.338513840023185
r2p8_w128_di32,1,424,u_component_of_wind,350.0,1.807396195352692,3.0265613596873595
r2p8_w128_di32,1,424,u_component_of_wind,400.0,1.59124540152009,2.058217921453653
r2p8_w128_di32,1,424,u_component_of_wind,450.0,1.4034066351418644,1.7527651910519682
r2p8_w128_di32,1,424,u_component_of_wind,500.0,1.2501135787603372,1.467024306988798
r2p8_w128_di32,1,424,u_component_of_wind,550.0,1.1626420173448386,1.2736686407905264
r2p8_w128_di32,1,424,u_component_of_wind,600.0,1.0861500463125222,1.2012703120913293
r2p8_w128_di32,1,424,u_component_of_wind,650.0,1.0444742619786476,1.3567951948372359
r2p8_w128_di32,1,424,u_component_of_wind,700.0,1.003151554831934,1.1808650276095596
r2p8_w128_di32,1,424,u_component_of_wind,750.0,0.9663509646232186,1.1112977254431682
r2p8_w128_di32,1,424,u_component_of_wind,775.0,0.9445383881785206,1.0471246947537582
r2p8_w128_di32,1,424,u_component_of_wind,800.0,0.92787974003664,1.0288387089660487
r2p8_w128_di32,1,424,u_component_of_wind,825.0,0.9099692950543669,1.025957213275621
r2p8_w128_di32,1,424,u_component_of_wind,850.0,0.8807123280472772,0.995032565536368
r2p8_w128_di32,1,424,u_component_of_wind,875.0,0.8459510380050161,0.965355513226945
r2p8_w128_di32,1,424,u_component_of_wind,900.0,0.8174166316838608,0.9546092278359273
r2p8_w128_di32,1,424,u_component_of_wind,925.0,0.8008179622417463,0.9513472190017962
r2p8_w128_di32,1,424,u_component_of_wind,950.0,0.7643924616456441,0.9330610417418463
r2p8_w128_di32,1,424,u_component_of_wind,975.0,0.679763151218801,0.848903712046515
r2p8_w128_di32,1,424,u_component_of_wind,1000.0,0.5664272328627479,0.7346252077633573
r2p8_w128_di32,1,424,v_component_of_wind,1.0,119.05225657564668,126.0807820611803
r2p8_w128_di32,1,424,v_component_of_wind,2.0,72.77250083844686,80.71373523043603
r2p8_w128_di32,1,424,v_component_of_wind,3.0,52.03747801108868,62.13581475588874
r2p8_w128_di32,1,424,v_component_of_wind,5.0,32.71310249145088,40.532692422244146
r2p8_w128_di32,1,424,v_component_of_wind,7.0,24.73936256133404,32.16799334627656
r2p8_w128_di32,1,424,v_component_of_wind,10.0,17.121713023497065,23.724267194033487
r2p8_w128_di32,1,424,v_component_of_wind,20.0,9.852611001660325,13.194227654499697
r2p8_w128_di32,1,424,v_component_of_wind,30.0,8.196863597856764,9.463311104594228
r2p8_w128_di32,1,424,v_component_of_wind,50.0,1.1579218097159134,6.342966776451294
r2p8_w128_di32,1,424,v_component_of_wind,70.0,1.2083303110706027,38.00846016742929
r2p8_w128_di32,1,424,v_component_of_wind,100.0,1.358649160648949,2.599467491939715
r2p8_w128_di32,1,424,v_component_of_wind,125.0,1.464807457694483,5.499982966590173
r2p8_w128_di32,1,424,v_component_of_wind,150.0,1.4900461818754058,2.0810437983253975
r2p8_w128_di32,1,424,v_component_of_wind,175.0,1.4851046708850926,1.9574166782942835
r2p8_w128_di32,1,424,v_component_of_wind,200.0,1.5519517937067038,1.8451569736618356
r2p8_w128_di32,1,424,v_component_of_wind,225.0,1.7551270650424498,2.1554932995760154
r2p8_w128_di32,1,424,v_component_of_wind,250.0,1.9538696924845378,3.517228222221034
r2p8_w128_di32,1,424,v_component_of_wind,300.0,2.199929283328892,4.6313516035112725
r2p8_w128_di32,1,424,v_component_of_wind,350.0,2.0805937891563597,3.1623234116334684
r2p8_w128_di32,1,424,v_component_of_wind,400.0,1.842572056304958,2.2733419035718203
r2p8_w128_di32,1,424,v_component_of_wind,450.0,1.6110221734161638,1.9421606616056253
r2p8_w128_di32,1,424,v_component_of_wind,500.0,1.4217242776323429,1.7046366501509937
r2p8_w128_di32,1,424,v_component_of_wind,550.0,1.3090241281027646,1.4864626622281942
r2p8_w128_di32,1,424,v_component_of_wind,600.0,1.2139677363163008,1.4085010554782305
r2p8_w128_di32,1,424,v_component_of_wind,650.0,1.158326429722645,1.549328895123144
r2p8_w128_di32,1,424,v_component_of_wind,700.0,1.1124399000017093,1.4324587559781943
r2p8_w128_di32,1,424,v_component_of_wind,750.0,1.0738952532257002,1.3410356732168558
r2p8_w128_di32,1,424,v_component_of_wind,775.0,1.0539147950939296,1.5705069060997454
r2p8_w128_di32,1,424,v_component_of_wind,800.0,1.0374182451221952,2.0914137442906697
r2p8_w128_di32,1,424,v_component_of_wind,825.0,1.0209088774071526,1.5770200844892521
r2p8_w128_di32,1,424,v_component_of_wind,850.0,0.9962723830311568,1.4308698056899396
r2p8_w128_di32,1,424,v_component_of_wind,875.0,0.9674795301099823,1.497397869231365
r2p8_w128_di32,1,424,v_component_of_wind,900.0,0.9479510768582321,1.2191945621238132
r2p8_w128_di32,1,424,v_component_of_wind,925.0,0.9261941030263081,1.145551998303928
r2p8_w128_di32,1,424,v_component_of_wind,950.0,0.8840874612126564,1.0960783662255278
r2p8_w128_di32,1,424,v_component_of_wind,975.0,0.7781730204513393,1.0353664144207932
r2p8_w128_di32,1,424,v_component_of_wind,1000.0,0.6346544354846797,0.8454741154339716
r2p8_w128_di32,1,424,specific_humidity,1.0,7.979712329664615e-13,1.0470221722100224e-13
r2p8_w128_di32,1,424,specific_humidity,2.0,5.29086877704512e-13,4.4315327386737055e-14
r2p8_w128_di32,1,424,specific_humidity,3.0,3.6428078088250586e-13,3.214887692872308e-14
r2p8_w128_di32,1,424,specific_humidity,5.0,1.8613657648499995e-13,7.225193698656545e-14
r2p8_w128_di32,1,424,specific_humidity,7.0,1.1637544761544083e-13,1.2127138744136321e-13
r2p8_w128_di32,1,424,specific_humidity,10.0,6.511209778552283e-14,1.8505727400283227e-13
r2p8_w128_di32,1,424,specific_humidity,20.0,1.788848140050651e-14,1.784380410606822e-13
r2p8_w128_di32,1,424,specific_humidity,30.0,1.002146847301838e-14,3.1586993435151616e-14
r2p8_w128_di32,1,424,specific_humidity,50.0,1.5086202651576535e-16,1.039491314002832e-13
r2p8_w128_di32,1,424,specific_humidity,70.0,6.555352921912525e-16,7.151027431620993e-15
r2p8_w128_di32,1,424,specific_humidity,100.0,7.841293617331244e-15,1.601459003173192e-14
r2p8_w128_di32,1,424,specific_humidity,125.0,5.6395601411281255e-14,1.6719860004627095e-13
r2p8_w128_di32,1,424,specific_humidity,150.0,4.4888748201515315e-13,8.904106830687041e-13
r2p8_w128_di32,1,424,specific_humidity,175.0,3.1129370728082507e-12,6.262160493522735e-12
r2p8_w128_di32,1,424,specific_humidity,200.0,1.7224567795719864e-11,3.000663643438071e-11
r2p8_w128_di32,1,424,specific_humidity,225.0,7.266019820229885e-11,1.2298425250698277e-10
r2p8_w128_di32,1,424,specific_humidity,250.0,2.260142254336237e-10,3.753978436619432e-10
r2p8_w128_di32,1,424,specific_humidity,300.0,1.1943600377511298e-09,2.1125280171222835e-09
r2p8_w128_di32,1,424,specific_humidity,350.0,4.1034687231203145e-09,5.6104416729077865e-09
r2p8_w128_di32,1,424,specific_humidity,400.0,1.0218196281929792e-08,1.5159656561761033e-08
r2p8_w128_di32,1,424,specific_humidity,450.0,2.1221508844362654e-08,2.7363498138919946e-08
r2p8_w128_di32,1,424,specific_humidity,500.0,3.633391267640685e-08,4.722102693593184e-08
r2p8_w128_di32,1,424,specific_humidity,550.0,5.825099867052357e-08,7.106374365784977e-08
r2p8_w128_di32,1,424,specific_humidity,600.0,7.987532751446492e-08,1.0304451911433935e-07
r2p8_w128_di32,1,424,specific_humidity,650.0,1.1199283436752987e-07,1.7741012784755026e-07
r2p8_w128_di32,1,424,specific_humidity,700.0,1.436713131456084e-07,2.3562361011312364e-07
r2p8_w128_di32,1,424,specific_humidity,750.0,1.7886858791580598e-07,2.7336341058822445e-07
r2p8_w128_di32,1,424,specific_humidity,775.0,1.9098260635633102e-07,2.8163999574810194e-07
r2p8_w128_di32,1,424,specific_humidity,800.0,2.0336908329278867e-07,2.639401786059524e-07
r2p8_w128_di32,1,424,specific_humidity,825.0,2.1300108063225765e-07,2.7552110314389343e-07
r2p8_w128_di32,1,424,specific_humidity,850.0,2.108220350025642e-07,2.900127518173217e-07
r2p8_w128_di32,1,424,specific_humidity,875.0,1.9530405060497688e-07,2.4387983032707447e-07
r2p8_w128_di32,1,424,specific_humidity,900.0,1.7737926227155216e-07,2.2385279389342232e-07
r2p8_w128_di32,1,424,specific_humidity,925.0,1.493074445703311e-07,1.8469112704324257e-07
r2p8_w128_di32,1,424,specific_humidity,950.0,1.1990993478272445e-07,1.6458446439728474e-07
r2p8_w128_di32,1,424,specific_humidity,975.0,1.1499239043863894e-07,1.364629603373326e-07
r2p8_w128_di32,1,424,specific_humidity,1000.0,1.1164597994239398e-07,1.3598252743302922e-07
r2p8_w128_di32,1,424,specific_cloud_ice_water_content,1.0,2.0656094913948557e-12,2.289783183693787e-12
r2p8_w128_di32,1,424,specific_cloud_ice_water_content,2.0,2.0234545277697125e-12,2.253590064432218e-12
r2p8_w128_di32,1,424,specific_cloud_ice_water_content,3.0,2.0223645892362894e-12,2.261909783245364e-12
r2p8_w128_di32,1,424,specific_cloud_ice_water_content,5.0,2.00482062520991e-12,2.251791922506196e-12
r2p8_w128_di32,1,424,specific_cloud_ice_water_content,7.0,2.0152753867592816e-12,2.258003501476571e-12
r2p8_w128_di32,1,424,specific_cloud_ice_water_content,10.0,2.037115150627534e-12,2.255680766876338e-12
r2p8_w128_di32,1,424,specific_cloud_ice_water_content,20.0,1.436444092610472e-12,1.7091342971810132e-12
r2p8_w128_di32,1,424,specific_cloud_ice_water_content,30.0,1.0323275304599433e-12,1.4652824198776594e-12
r2p8_w128_di32,1,424,specific_cloud_ice_water_content,50.0,6.04867116940882e-13,1.1164678781327828e-12
r2p8_w128_di32,1,424,specific_cloud_ice_water_content,70.0,5.007802197102933e-13,1.4651231333654146e-12
r2p8_w128_di32,1,424,specific_cloud_ice_water_content,100.0,1.41792414577202e-12,1.9291480568617817e-12
r2p8_w128_di32,1,424,specific_cloud_ice_water_content,125.0,7.433379552119128e-12,8.291806927246742e-12
r2p8_w128_di32,1,424,specific_cloud_ice_water_content,150.0,2.0437429827850873e-11,2.1370091278188172e-11
r2p8_w128_di32,1,424,specific_cloud_ice_water_content,175.0,3.4651052583181316e-11,3.580731006722195e-11
r2p8_w128_di32,1,424,specific_cloud_ice_water_content,200.0,4.9533701323312176e-11,4.9966135556827306e-11
r2p8_w128_di32,1,424,specific_cloud_ice_water_content,225.0,6.440855524445746e-11,6.482655252142635e-11
r2p8_w128_di32,1,424,specific_cloud_ice_water_content,250.0,7.128898804799967e-11,7.224555416011603e-11
r2p8_w128_di32,1,424,specific_cloud_ice_water_content,300.0,6.805355274630973e-11,7.072236566181789e-11
r2p8_w128_di32,1,424,specific_cloud_ice_water_content,350.0,6.064485854360536e-11,6.436579262374116e-11
r2p8_w128_di32,1,424,specific_cloud_ice_water_content,400.0,4.579369841041881e-11,5.0769482246542003e-11
r2p8_w128_di32,1,424,specific_cloud_ice_water_content,450.0,3.341729136034257e-11,3.802655327769389e-11
r2p8_w128_di32,1,424,specific_cloud_ice_water_content,500.0,2.3787024569424588e-11,2.697332745786591e-11
r2p8_w128_di32,1,424,specific_cloud_ice_water_content,550.0,1.584411670627491e-11,1.8749367582678725e-11
r2p8_w128_di32,1,424,specific_cloud_ice_water_content,600.0,1.1052950666157134e-11,1.2986211613259806e-11
r2p8_w128_di32,1,424,specific_cloud_ice_water_content,650.0,8.164465710032475e-12,9.398827643169826e-12
r2p8_w128_di32,1,424,specific_cloud_ice_water_content,700.0,6.09391010173955e-12,7.0985785658901745e-12
r2p8_w128_di32,1,424,specific_cloud_ice_water_content,750.0,4.78754874018024e-12,5.445229904386545e-12
r2p8_w128_di32,1,424,specific_cloud_ice_water_content,775.0,4.713934288971145e-12,5.205766144914419e-12
r2p8_w128_di32,1,424,specific_cloud_ice_water_content,800.0,4.707491983358201e-12,5.652882988660506e-12
r2p8_w128_di32,1,424,specific_cloud_ice_water_content,825.0,4.550229323514479e-12,5.0583694257346435e-12
r2p8_w128_di32,1,424,specific_cloud_ice_water_content,850.0,3.961986983271616e-12,4.3048662583229785e-12
r2p8_w128_di32,1,424,specific_cloud_ice_water_content,875.0,3.203053258355219e-12,3.4170922294907244e-12
r2p8_w128_di32,1,424,specific_cloud_ice_water_content,900.0,2.611289247265449e-12,3.10237126816656e-12
r2p8_w128_di32,1,424,specific_cloud_ice_water_content,925.0,2.0978291394259484e-12,2.515334230337272e-12
r2p8_w128_di32,1,424,specific_cloud_ice_water_content,950.0,1.5283444514611215e-12,1.9006918303835333e-12
r2p8_w128_di32,1,424,specific_cloud_ice_water_content,975.0,1.052711194566144e-12,1.1581888014256137e-12
r2p8_w128_di32,1,424,specific_cloud_ice_water_content,1000.0,8.760627932093284e-13,1.052851798151262e-12
r2p8_w128_di32,1,424,specific_cloud_liquid_water_content,1.0,6.960850716230101e-12,1.0158022208201957e-11
r2p8_w128_di32,1,424,specific_cloud_liquid_water_content,2.0,6.97905872942246e-12,1.0233247936149278e-11
r2p8_w128_di32,1,424,specific_cloud_liquid_water_content,3.0,6.894158364596004e-12,1.0081667010741299e-11
r2p8_w128_di32,1,424,specific_cloud_liquid_water_content,5.0,6.959709655962159e-12,1.0237669778480288e-11
r2p8_w128_di32,1,424,specific_cloud_liquid_water_content,7.0,7.049454723725454e-12,1.0299627934130029e-11
r2p8_w128_di32,1,424,specific_cloud_liquid_water_content,10.0,6.904741347396527e-12,1.010756527396694e-11
r2p8_w128_di32,1,424,specific_cloud_liquid_water_content,20.0,5.3435425763698175e-12,7.964315041453936e-12
r2p8_w128_di32,1,424,specific_cloud_liquid_water_content,30.0,3.906649930766201e-12,8.132360687580837e-12
r2p8_w128_di32,1,424,specific_cloud_liquid_water_content,50.0,3.665392761854649e-12,1.2523336163067661e-11
r2p8_w128_di32,1,424,specific_cloud_liquid_water_content,70.0,2.4087816302428625e-12,2.2497005917315223e-11
r2p8_w128_di32,1,424,specific_cloud_liquid_water_content,100.0,2.305795471391585e-12,1.9856906917359307e-11
r2p8_w128_di32,1,424,specific_cloud_liquid_water_content,125.0,1.980715439158574e-12,1.3395984314664378e-11
r2p8_w128_di32,1,424,specific_cloud_liquid_water_content,150.0,2.2718102831329924e-12,6.725779308193768e-12
r2p8_w128_di32,1,424,specific_cloud_liquid_water_content,175.0,2.7887149269078502e-12,3.324291957799666e-12
r2p8_w128_di32,1,424,specific_cloud_liquid_water_content,200.0,3.3221211096406432e-12,4.069741362681407e-12
r2p8_w128_di32,1,424,specific_cloud_liquid_water_content,225.0,2.8765502800703413e-12,3.675942906220548e-12
r2p8_w128_di32,1,424,specific_cloud_liquid_water_content,250.0,3.164678334531436e-12,3.655920280916176e-12
r2p8_w128_di32,1,424,specific_cloud_liquid_water_content,300.0,5.122975064937647e-12,6.4519580337380666e-12
r2p8_w128_di32,1,424,specific_cloud_liquid_water_content,350.0,7.957461985959718e-12,9.659890804700782e-12
r2p8_w128_di32,1,424,specific_cloud_liquid_water_content,400.0,1.552316402925363e-11,1.7609438458765428e-11
r2p8_w128_di32,1,424,specific_cloud_liquid_water_content,450.0,3.5263638976948825e-11,3.929154123695932e-11
r2p8_w128_di32,1,424,specific_cloud_liquid_water_content,500.0,7.745687769108952e-11,8.69797056020022e-11
r2p8_w128_di32,1,424,specific_cloud_liquid_water_content,550.0,1.3065076468198478e-10,1.3629892924976528e-10
r2p8_w128_di32,1,424,specific_cloud_liquid_water_content,600.0,1.0494442934458747e-10,1.159879406533375e-10
r2p8_w128_di32,1,424,specific_cloud_liquid_water_content,650.0,1.0600061239225198e-10,1.1441225192340498e-10
r2p8_w128_di32,1,424,specific_cloud_liquid_water_content,700.0,1.2998984417027117e-10,1.3830493869289577e-10
r2p8_w128_di32,1,424,specific_cloud_liquid_water_content,750.0,1.6661817846583605e-10,1.7654469919189295e-10
r2p8_w128_di32,1,424,specific_cloud_liquid_water_content,775.0,1.8760434774014486e-10,1.9950193942442826e-10
r2p8_w128_di32,1,424,specific_cloud_liquid_water_content,800.0,2.1662372748966472e-10,2.727837858707768e-10
r2p8_w128_di32,1,424,specific_cloud_liquid_water_content,825.0,2.838498005084331e-10,3.5119646068716115e-10
r2p8_w128_di32,1,424,specific_cloud_liquid_water_content,850.0,3.367170732005296e-10,5.733917990470901e-10
r2p8_w128_di32,1,424,specific_cloud_liquid_water_content,875.0,3.45171796013947e-10,1.1287833766967602e-09
r2p8_w128_di32,1,424,specific_cloud_liquid_water_content,900.0,3.08558149439639e-10,5.004314617144607e-10
r2p8_w128_di32,1,424,specific_cloud_liquid_water_content,925.0,2.4837554240315123e-10,3.6117410845205583e-10
r2p8_w128_di32,1,424,specific_cloud_liquid_water_content,950.0,1.717761228553055e-10,2.6810422344402543e-10
r2p8_w128_di32,1,424,specific_cloud_liquid_water_content,975.0,1.0367759170511923e-10,2.1257439806119543e-10
r2p8_w128_di32,1,424,specific_cloud_liquid_water_content,1000.0,6.08969232715158e-11,7.361936519188012e-11
r2p8_w128_di32,2,848,temperature,1.0,75.19899358061171,356.39302470938037
r2p8_w128_di32,2,848,temperature,2.0,49.46142185905955,869.954874968119
r2p8_w128_di32,2,848,temperature,3.0,32.390100264139605,1080.833722364288
r2p8_w128_di32,2,848,temperature,5.0,18.356825226852575,842.2697779914358
r2p8_w128_di32,2,848,temperature,7.0,12.234180402919598,602.2704542861362
r2p8_w128_di32,2,848,temperature,10.0,6.932305318301486,423.3062412746993
r2p8_w128_di32,2,848,temperature,20.0,5.231110039609405,59.91361601262568
r2p8_w128_di32,2,848,temperature,30.0,3.8718095885928965,5.353859254175036
r2p8_w128_di32,2,848,temperature,50.0,0.38092296676537424,36.725298322435094
r2p8_w128_di32,2,848,temperature,70.0,0.37079606127902814,2.9501265543842643
r2p8_w128_di32,2,848,temperature,100.0,0.2558116016416615,0.780072886304757
r2p8_w128_di32,2,848,temperature,125.0,0.16940880641597242,1.6758685388106251
r2p8_w128_di32,2,848,temperature,150.0,0.1361507817232322,0.7786839502783576
r2p8_w128_di32,2,848,temperature,175.0,0.12455395877975778,0.3683804228543416
r2p8_w128_di32,2,848,temperature,200.0,0.12989476659556026,0.17570782372939217
r2p8_w128_di32,2,848,temperature,225.0,0.13519545711090475,0.1795241199459407
r2p8_w128_di32,2,848,temperature,250.0,0.13230877116680964,0.17069878760482027
r2p8_w128_di32,2,848,temperature,300.0,0.12216572812230317,0.18050779783234153
r2p8_w128_di32,2,848,temperature,350.0,0.11342368134108606,0.15915589195346505
r2p8_w128_di32,2,848,temperature,400.0,0.11115286237595418,0.12956873162607965
r2p8_w128_di32,2,848,temperature,450.0,0.11125911449136602,0.12590907875614887
r2p8_w128_di32,2,848,temperature,500.0,0.11108228455192035,0.12472831223838518
r2p8_w128_di32,2,848,temperature,550.0,0.11616847624176556,0.13287780250573075
r2p8_w128_di32,2,848,temperature,600.0,0.12294365673028317,0.14149886964727512
r2p8_w128_di32,2,848,temperature,650.0,0.13241656982304714,0.15488037538180235
r2p8_w128_di32,2,848,temperature,700.0,0.14335038165251415,0.16526103378673598
r2p8_w128_di32,2,848,temperature,750.0,0.16344922613544563,0.19159664340650093
r2p8_w128_di32,2,848,temperature,775.0,0.17411779215450549,0.19634188992256152
r2p8_w128_di32,2,848,temperature,800.0,0.1904199641799599,0.23234599525576194
r2p8_w128_di32,2,848,temperature,825.0,0.21654968975540698,0.2690704425483225
r2p8_w128_di32,2,848,temperature,850.0,0.23338040444244634,0.3130257472754344
r2p8_w128_di32,2,848,temperature,875.0,0.2383985525041921,0.3328806519098708
r2p8_w128_di32,2,848,temperature,900.0,0.23817769453902424,0.31343906351790807
r2p8_w128_di32,2,848,temperature,925.0,0.24131919994591847,0.3196915082607892
r2p8_w128_di32,2,848,temperature,950.0,0.25338859005072684,0.3326515120636557
r2p8_w128_di32,2,848,temperature,975.0,0.28011338818319065,0.35892529766174525
r2p8_w128_di32,2,848,temperature,1000.0,0.29223923702625065,0.38803110958374654
r2p8_w128_di32,2,848,geopotential,1.0,904225144.566323,31957390.035738833
r2p8_w128_di32,2,848,geopotential,2.0,421705871.6151203,6308375.1553264605
r2p8_w128_di32,2,848,geopotential,3.0,239814309.2783505,3428669.3310996564
r2p8_w128_di32,2,848,geopotential,5.0,90220112.5718213,1617230.659621993
r2p8_w128_di32,2,848,geopotential,7.0,35922425.003436424,702678.810459622
r2p8_w128_di32,2,848,geopotential,10.0,7552648.180412371,273155.699742268
r2p8_w128_di32,2,848,geopotential,20.0,1870461.121821306,793772.7199312715
r2p8_w128_di32,2,848,geopotential,30.0,3139592.8699312713,480134.6963917526
r2p8_w128_di32,2,848,geopotential,50.0,3545.1752452312876,51185.032372207905
r2p8_w128_di32,2,848,geopotential,70.0,3058.496623308634,84657.75758429983
r2p8_w128_di32,2,848,geopotential,100.0,1947.3920830900317,6012.316725059063
r2p8_w128_di32,2,848,geopotential,125.0,1600.7544679412317,2081.479704782807
r2p8_w128_di32,2,848,geopotential,150.0,1447.6305559610582,1874.866818268766
r2p8_w128_di32,2,848,geopotential,175.0,1401.25583080803,2790.940673995919
r2p8_w128_di32,2,848,geopotential,200.0,1392.0184857240656,2143.417567218374
r2p8_w128_di32,2,848,geopotential,225.0,1334.66822119644,1877.3535339145726
r2p8_w128_di32,2,848,geopotential,250.0,1327.4334120707824,1648.05676131101
r2p8_w128_di32,2,848,geopotential,300.0,1326.4102626734993,1968.5134801700763
r2p8_w128_di32,2,848,geopotential,350.0,1262.2029262057695,1652.4420570399752
r2p8_w128_di32,2,848,geopotential,400.0,1164.8296497043466,1554.7475444990334
r2p8_w128_di32,2,848,geopotential,450.0,1068.8698042512349,1430.7606594229892
r2p8_w128_di32,2,848,geopotential,500.0,984.3614905078796,1312.1630480160009
r2p8_w128_di32,2,848,geopotential,550.0,916.9645822636451,1320.492525185916
r2p8_w128_di32,2,848,geopotential,600.0,874.5392489403794,1213.549115934077
r2p8_w128_di32,2,848,geopotential,650.0,845.6806461714388,1248.022570926627
r2p8_w128_di32,2,848,geopotential,700.0,839.1996944886303,1191.7495132288982
r2p8_w128_di32,2,848,geopotential,750.0,838.9861821859563,1214.4185241489477
r2p8_w128_di32,2,848,geopotential,775.0,849.8817782372544,1270.4470791216977
r2p8_w128_di32,2,848,geopotential,800.0,859.8848000018457,1287.8627442664706
r2p8_w128_di32,2,848,geopotential,825.0,876.5115020856824,1267.9333614808177
r2p8_w128_di32,2,848,geopotential,850.0,896.7007591011597,1299.7429153075334
r2p8_w128_di32,2,848,geopotential,875.0,920.5010710306593,1348.5395072805923
r2p8_w128_di32,2,848,geopotential,900.0,960.3472132731958,1427.0388173526096
r2p8_w128_di32,2,848,geopotential,925.0,1007.6959030937903,1503.1905031394303
r2p8_w128_di32,2,848,geopotential,950.0,1060.872597857603,1620.9295157625913
r2p8_w128_di32,2,848,geopotential,975.0,1143.3865640017584,1811.089555563386
r2p8_w128_di32,2,848,geopotential,1000.0,1260.156984435406,2175.3851222716658
r2p8_w128_di32,2,848,u_component_of_wind,1.0,722.9386758601133,1534.786237138571
r2p8_w128_di32,2,848,u_component_of_wind,2.0,455.2801186682842,659.4151389839723
r2p8_w128_di32,2,848,u_component_of_wind,3.0,285.6802493013467,412.44288377270254
r2p8_w128_di32,2,848,u_component_of_wind,5.0,139.57897599472622,195.0590045076875
r2p8_w128_di32,2,848,u_component_of_wind,7.0,94.83603440379768,143.26901102492081
r2p8_w128_di32,2,848,u_component_of_wind,10.0,68.12114248111895,114.20082278956252
r2p8_w128_di32,2,848,u_component_of_wind,20.0,26.779242006282217,45.593667588119246
r2p8_w128_di32,2,848,u_component_of_wind,30.0,26.19292216612301,35.612940944265254
r2p8_w128_di32,2,848,u_component_of_wind,50.0,1.1315817461390676,5.280235303308546
r2p8_w128_di32,2,848,u_component_of_wind,70.0,1.12226303430767,2.524748611532126
r2p8_w128_di32,2,848,u_component_of_wind,100.0,1.3048216249115279,2.6195283086029524
r2p8_w128_di32,2,848,u_component_of_wind,125.0,1.4188450351613493,2.1040700375009647
r2p8_w128_di32,2,848,u_component_of_wind,150.0,1.4963557155271576,2.4908450703440663
r2p8_w128_di32,2,848,u_component_of_wind,175.0,1.5222772715427622,3.178741308422023
r2p8_w128_di32,2,848,u_component_of_wind,200.0,1.596340423883851,2.057272851098444
r2p8_w128_di32,2,848,u_component_of_wind,225.0,1.7501107596859489,2.8362716853413796
r2p8_w128_di32,2,848,u_component_of_wind,250.0,1.88050915801648,2.5544245471659397
r2p8_w128_di32,2,848,u_component_of_wind,300.0,1.9726522819283083,2.9634924334758748
r2p8_w128_di32,2,848,u_component_of_wind,350.0,1.807396195352692,2.6109589138391502
r2p8_w128_di32,2,848,u_component_of_wind,400.0,1.59124540152009,2.082706973970551
r2p8_w128_di32,2,848,u_component_of_wind,450.0,1.4034066351418644,1.7098801604660925
r2p8_w128_di32,2,848,u_component_of_wind,500.0,1.2501135787603372,1.4177872723320506
r2p8_w128_di32,2,848,u_component_of_wind,550.0,1.1626420173448386,1.29784015523609
r2p8_w128_di32,2,848,u_component_of_wind,600.0,1.0861500463125222,1.1936249728055344
r2p8_w128_di32,2,848,u_component_of_wind,650.0,1.0444742619786476,1.2097027019536781
r2p8_w128_di32,2,848,u_component_of_wind,700.0,1.003151554831934,1.136036855330582
r2p8_w128_di32,2,848,u_component_of_wind,750.0,0.9663509646232186,1.0858608981997697
r2p8_w128_di32,2,848,u_component_of_wind,775.0,0.9445383881785206,1.0959454388552925
r2p8_w128_di32,2,848,u_component_of_wind,800.0,0.92787974003664,1.0504553296312025
r2p8_w128_di32,2,848,u_component_of_wind,825.0,0.9099692950543669,1.0283804179057223
r2p8_w128_di32,2,848,u_component_of_wind,850.0,0.8807123280472772,0.996601073971319
r2p8_w128_di32,2,848,u_component_of_wind,875.0,0.8459510380050161,0.9745131360706185
r2p8_w128_di32,2,848,u_component_of_wind,900.0,0.8174166316838608,0.9600563279951561
r2p8_w128_di32,2,848,u_component_of_wind,925.0,0.8008179622417463,0.9399554775752562
r2p8_w128_di32,2,848,u_component_of_wind,950.0,0.7643924616456441,0.9225140295487498
r2p8_w128_di32,2,848,u_component_of_wind,975.0,0.679763151218801,0.8728384212529946
r2p8_w128_di32,2,848,u_component_of_wind,1000.0,0.5664272328627479,0.8052691775498931
r2p8_w128_di32,2,848,v_component_of_wind,1.0,119.05225657564668,138.77703860568016
r2p8_w128_di32,2,848,v_component_of_wind,2.0,72.77250083844686,86.99057996821978
r2p8_w128_di32,2,848,v_component_of_wind,3.0,52.03747801108868,65.92171458870276
r2p8_w128_di32,2,848,v_component_of_wind,5.0,32.71310249145088,41.51212925337434
r2p8_w128_di32,2,848,v_component_of_wind,7.0,24.73936256133404,30.599356852528157
r2p8_w128_di32,2,848,v_component_of_wind,10.0,17.121713023497065,20.749480660428706
r2p8_w128_di32,2,848,v_component_of_wind,20.0,9.852611001660325,10.793041412773002
r2p8_w128_di32,2,848,v_component_of_wind,30.0,8.196863597856764,9.849708650857723
r2p8_w128_di32,2,848,v_component_of_wind,50.0,1.1579218097159134,5.733804697515219
r2p8_w128_di32,2,848,v_component_of_wind,70.0,1.2083303110706027,31.75849705201244
r2p8_w128_di32,2,848,v_component_of_wind,100.0,1.358649160648949,3.931107232660772
r2p8_w128_di32,2,848,v_component_of_wind,125.0,1.464807457694483,4.487527264106724
r2p8_w128_di32,2,848,v_component_of_wind,150.0,1.4900461818754058,2.892188737318688
r2p8_w128_di32,2,848,v_component_of_wind,175.0,1.4851046708850926,2.087820383363573
r2p8_w128_di32,2,848,v_component_of_wind,200.0,1.5519517937067038,1.9355298235654013
r2p8_w128_di32,2,848,v_component_of_wind,225.0,1.7551270650424498,2.5008244992941107
r2p8_w128_di32,2,848,v_component_of_wind,250.0,1.9538696924845378,3.3472168404621767
r2p8_w128_di32,2,848,v_component_of_wind,300.0,2.199929283328892,3.663862431581897
r2p8_w128_di32,2,848,v_component_of_wind,350.0,2.0805937891563597,2.905881259367638
r2p8_w128_di32,2,848,v_component_of_wind,400.0,1.842572056304958,2.269213430660287
r2p8_w128_di32,2,848,v_component_of_wind,450.0,1.6110221734161638,2.000483573261405
r2p8_w128_di32,2,848,v_component_of_wind,500.0,1.4217242776323429,1.8282574857633138
r2p8_w128_di32,2,848,v_component_of_wind,550.0,1.3090241281027646,1.5005120247090395
r2p8_w128_di32,2,848,v_component_of_wind,600.0,1.2139677363163008,1.413760773340861
r2p8_w128_di32,2,848,v_component_of_wind,650.0,1.158326429722645,1.528815600060925
r2p8_w128_di32,2,848,v_component_of_wind,700.0,1.1124399000017093,1.361494971550617
r2p8_w128_di32,2,848,v_component_of_wind,750.0,1.0738952532257002,1.275530515134949
r2p8_w128_di32,2,848,v_component_of_wind,775.0,1.0539147950939296,1.4297614940662975
r2p8_w128_di32,2,848,v_component_of_wind,800.0,1.0374182451221952,1.731614131698084
r2p8_w128_di32,2,848,v_component_of_wind,825.0,1.0209088774071526,1.504595542199833
r2p8_w128_di32,2,848,v_component_of_wind,850.0,0.9962723830311568,1.3826643688162576
r2p8_w128_di32,2,848,v_component_of_wind,875.0,0.9674795301099823,1.39130769619827
r2p8_w128_di32,2,848,v_component_of_wind,900.0,0.9479510768582321,1.2581039259933524
r2p8_w128_di32,2,848,v_component_of_wind,925.0,0.9261941030263081,1.1520989923542717
r2p8_w128_di32,2,848,v_component_of_wind,950.0,0.8840874612126564,1.097077074534295
r2p8_w128_di32,2,848,v_component_of_wind,975.0,0.7781730204513393,1.0202341622913007
r2p8_w128_di32,2,848,v_component_of_wind,1000.0,0.6346544354846797,0.8345379396402549
r2p8_w128_di32,2,848,specific_humidity,1.0,7.979712329664615e-13,1.3553602628737202e-13
r2p8_w128_di32,2,848,specific_humidity,2.0,5.29086877704512e-13,5.576347964971113e-14
r2p8_w128_di32,2,848,specific_humidity,3.0,3.6428078088250586e-13,3.125756978296603e-14
r2p8_w128_di32,2,848,specific_humidity,5.0,1.8613657648499995e-13,5.2983448736582894e-14
r2p8_w128_di32,2,848,specific_humidity,7.0,1.1637544761544083e-13,9.35634110954419e-14
r2p8_w128_di32,2,848,specific_humidity,10.0,6.511209778552283e-14,1.5060376522127413e-13
r2p8_w128_di32,2,848,specific_humidity,20.0,1.788848140050651e-14,1.4850557913685963e-13
r2p8_w128_di32,2,848,specific_humidity,30.0,1.002146847301838e-14,2.4079931862397282e-14
r2p8_w128_di32,2,848,specific_humidity,50.0,1.5086202651576535e-16,1.0998139215677168e-13
r2p8_w128_di32,2,848,specific_humidity,70.0,6.555352921912525e-16,7.0323553813369526e-15
r2p8_w128_di32,2,848,specific_humidity,100.0,7.841293617331244e-15,1.5822540676294316e-14
r2p8_w128_di32,2,848,specific_humidity,125.0,5.6395601411281255e-14,2.3459706572037306e-13
r2p8_w128_di32,2,848,specific_humidity,150.0,4.4888748201515315e-13,1.8992516640715117e-12
r2p8_w128_di32,2,848,specific_humidity,175.0,3.1129370728082507e-12,1.0303269061776176e-11
r2p8_w128_di32,2,848,specific_humidity,200.0,1.7224567795719864e-11,2.6731564849698856e-11
r2p8_w128_di32,2,848,specific_humidity,225.0,7.266019820229885e-11,1.21610289025812e-10
r2p8_w128_di32,2,848,specific_humidity,250.0,2.260142254336237e-10,3.5353146663482516e-10
r2p8_w128_di32,2,848,specific_humidity,300.0,1.1943600377511298e-09,2.069820072266985e-09
r2p8_w128_di32,2,848,specific_humidity,350.0,4.1034687231203145e-09,5.674500537726e-09
r2p8_w128_di32,2,848,specific_humidity,400.0,1.0218196281929792e-08,1.6038787223881734e-08
r2p8_w128_di32,2,848,specific_humidity,450.0,2.1221508844362654e-08,2.9051266312020606e-08
r2p8_w128_di32,2,848,specific_humidity,500.0,3.633391267640685e-08,4.764134644021953e-08
r2p8_w128_di32,2,848,specific_humidity,550.0,5.825099867052357e-08,6.844096833095502e-08
r2p8_w128_di32,2,848,specific_humidity,600.0,7.987532751446492e-08,1.0836740505880114e-07
r2p8_w128_di32,2,848,specific_humidity,650.0,1.1199283436752987e-07,1.781773078031576e-07
r2p8_w128_di32,2,848,specific_humidity,700.0,1.436713131456084e-07,2.2010661532820455e-07
r2p8_w128_di32,2,848,specific_humidity,750.0,1.7886858791580598e-07,2.5844925501812596e-07
r2p8_w128_di32,2,848,specific_humidity,775.0,1.9098260635633102e-07,2.592060857796085e-07
r2p8_w128_di32,2,848,specific_humidity,800.0,2.0336908329278867e-07,2.542631665821781e-07
r2p8_w128_di32,2,848,specific_humidity,825.0,2.1300108063225765e-07,2.5969395239178033e-07
r2p8_w128_di32,2,848,specific_humidity,850.0,2.108220350025642e-07,2.7585007211447626e-07
r2p8_w128_di32,2,848,specific_humidity,875.0,1.9530405060497688e-07,2.3758729896145923e-07
r2p8_w128_di32,2,848,specific_humidity,900.0,1.7737926227155216e-07,2.1380656279692118e-07
r2p8_w128_di32,2,848,specific_humidity,925.0,1.493074445703311e-07,1.7969734169801586e-07
r2p8_w128_di32,2,848,specific_humidity,950.0,1.1990993478272445e-07,1.5698063625298648e-07
r2p8_w128_di32,2,848,specific_humidity,975.0,1.1499239043863894e-07,1.3461338670829473e-07
r2p8_w128_di32,2,848,specific_humidity,1000.0,1.1164597994239398e-07,1.3779505952674504e-07
r2p8_w128_di32,2,848,specific_cloud_ice_water_content,1.0,2.0656094913948557e-12,2.3744676226903832e-12
r2p8_w128_di32,2,848,specific_cloud_ice_water_content,2.0,2.0234545277697125e-12,2.3300006810173237e-12
r2p8_w128_di32,2,848,specific_cloud_ice_water_content,3.0,2.0223645892362894e-12,2.327050074357787e-12
r2p8_w128_di32,2,848,specific_cloud_ice_water_content,5.0,2.00482062520991e-12,2.3218771074919276e-12
r2p8_w128_di32,2,848,specific_cloud_ice_water_content,7.0,2.0152753867592816e-12,2.327292067090436e-12
r2p8_w128_di32,2,848,specific_cloud_ice_water_content,10.0,2.037115150627534e-12,2.3345836730489714e-12
r2p8_w128_di32,2,848,specific_cloud_ice_water_content,20.0,1.436444092610472e-12,1.7336116485565136e-12
r2p8_w128_di32,2,848,specific_cloud_ice_water_content,30.0,1.0323275304599433e-12,1.277149809654001e-12
r2p8_w128_di32,2,848,specific_cloud_ice_water_content,50.0,6.04867116940882e-13,1.0367153312272366e-12
r2p8_w128_di32,2,848,specific_cloud_ice_water_content,70.0,5.007802197102933e-13,8.275400835486823e-13
r2p8_w128_di32,2,848,specific_cloud_ice_water_content,100.0,1.41792414577202e-12,1.812594462180376e-12
r2p8_w128_di32,2,848,specific_cloud_ice_water_content,125.0,7.433379552119128e-12,8.337733993791734e-12
r2p8_w128_di32,2,848,specific_cloud_ice_water_content,150.0,2.0437429827850873e-11,2.1437338602735542e-11
r2p8_w128_di32,2,848,specific_cloud_ice_water_content,175.0,3.4651052583181316e-11,3.569572902642319e-11
r2p8_w128_di32,2,848,specific_cloud_ice_water_content,200.0,4.9533701323312176e-11,5.074176052128303e-11
r2p8_w128_di32,2,848,specific_cloud_ice_water_content,225.0,6.440855524445746e-11,6.667766435397304e-11
r2p8_w128_di32,2,848,specific_cloud_ice_water_content,250.0,7.128898804799967e-11,7.479118521286145e-11
r2p8_w128_di32,2,848,specific_cloud_ice_water_content,300.0,6.805355274630973e-11,7.373427757537389e-11
r2p8_w128_di32,2,848,specific_cloud_ice_water_content,350.0,6.064485854360536e-11,6.676413688557103e-11
r2p8_w128_di32,2,848,specific_cloud_ice_water_content,400.0,4.579369841041881e-11,5.1470797815257165e-11
r2p8_w128_di32,2,848,specific_cloud_ice_water_content,450.0,3.341729136034257e-11,3.803702127396133e-11
r2p8_w128_di32,2,848,specific_cloud_ice_water_content,500.0,2.3787024569424588e-11,2.7105954824381612e-11
r2p8_w128_di32,2,848,specific_cloud_ice_water_content,550.0,1.584411670627491e-11,1.8722856471455266e-11
r2p8_w128_di32,2,848,specific_cloud_ice_water_content,600.0,1.1052950666157134e-11,1.2857734529739386e-11
r2p8_w128_di32,2,848,specific_cloud_ice_water_content,650.0,8.164465710032475e-12,9.535690878035476e-12
r2p8_w128_di32,2,848,specific_cloud_ice_water_content,700.0,6.09391010173955e-12,6.857843329519957e-12
r2p8_w128_di32,2,848,specific_cloud_ice_water_content,750.0,4.78754874018024e-12,5.586210015705816e-12
r2p8_w128_di32,2,848,specific_cloud_ice_water_content,775.0,4.713934288971145e-12,5.5774439396511e-12
r2p8_w128_di32,2,848,specific_cloud_ice_water_content,800.0,4.707491983358201e-12,5.495248177128978e-12
r2p8_w128_di32,2,848,specific_cloud_ice_water_content,825.0,4.550229323514479e-12,5.07690593936858e-12
r2p8_w128_di32,2,848,specific_cloud_ice_water_content,850.0,3.961986983271616e-12,4.325626192371383e-12
r2p8_w128_di32,2,848,specific_cloud_ice_water_content,875.0,3.203053258355219e-12,3.462429167624825e-12
r2p8_w128_di32,2,848,specific_cloud_ice_water_content,900.0,2.611289247265449e-12,3.050808453676859e-12
r2p8_w128_di32,2,848,specific_cloud_ice_water_content,925.0,2.0978291394259484e-12,2.569839594411314e-12
r2p8_w128_di32,2,848,specific_cloud_ice_water_content,950.0,1.5283444514611215e-12,1.83545688506825e-12
r2p8_w128_di32,2,848,specific_cloud_ice_water_content,975.0,1.052711194566144e-12,1.2254277856266834e-12
r2p8_w128_di32,2,848,specific_cloud_ice_water_content,1000.0,8.760627932093284e-13,9.782340387703718e-13
r2p8_w128_di32,2,848,specific_cloud_liquid_water_content,1.0,6.960850716230101e-12,1.0037351498356162e-11
r2p8_w128_di32,2,848,specific_cloud_liquid_water_content,2.0,6.97905872942246e-12,9.912324938398686e-12
r2p8_w128_di32,2,848,specific_cloud_liquid_water_content,3.0,6.894158364596004e-12,1.002725998656138e-11
r2p8_w128_di32,2,848,specific_cloud_liquid_water_content,5.0,6.959709655962159e-12,9.968367259573788e-12
r2p8_w128_di32,2,848,specific_cloud_liquid_water_content,7.0,7.049454723725454e-12,9.883824762239176e-12
r2p8_w128_di32,2,848,specific_cloud_liquid_water_content,10.0,6.904741347396527e-12,1.002103325625685e-11
r2p8_w128_di32,2,848,specific_cloud_liquid_water_content,20.0,5.3435425763698175e-12,7.30496123332516e-12
r2p8_w128_di32,2,848,specific_cloud_liquid_water_content,30.0,3.906649930766201e-12,5.505064372212751e-12
r2p8_w128_di32,2,848,specific_cloud_liquid_water_content,50.0,3.665392761854649e-12,9.112163835262777e-12
r2p8_w128_di32,2,848,specific_cloud_liquid_water_content,70.0,2.4087816302428625e-12,1.3194761181314687e-11
r2p8_w128_di32,2,848,specific_cloud_liquid_water_content,100.0,2.305795471391585e-12,1.1041227898199841e-11
r2p8_w128_di32,2,848,specific_cloud_liquid_water_content,125.0,1.980715439158574e-12,7.55607476555792e-12
r2p8_w128_di32,2,848,specific_cloud_liquid_water_content,150.0,2.2718102831329924e-12,5.028098945788028e-12
r2p8_w128_di32,2,848,specific_cloud_liquid_water_content,175.0,2.7887149269078502e-12,4.093731832616817e-12
r2p8_w128_di32,2,848,specific_cloud_liquid_water_content,200.0,3.3221211096406432e-12,4.17620567757145e-12
r2p8_w128_di32,2,848,specific_cloud_liquid_water_content,225.0,2.8765502800703413e-12,3.5085427663473357e-12
r2p8_w128_di32,2,848,specific_cloud_liquid_water_content,250.0,3.164678334531436e-12,3.951022502140886e-12
r2p8_w128_di32,2,848,specific_cloud_liquid_water_content,300.0,5.122975064937647e-12,6.2553487524651175e-12
r2p8_w128_di32,2,848,specific_cloud_liquid_water_content,350.0,7.957461985959718e-12,9.664093449519416e-12
r2p8_w128_di32,2,848,specific_cloud_liquid_water_content,400.0,1.552316402925363e-11,1.7318289041642317e-11
r2p8_w128_di32,2,848,specific_cloud_liquid_water_content,450.0,3.5263638976948825e-11,3.900836339939436e-11
r2p8_w128_di32,2,848,specific_cloud_liquid_water_content,500.0,7.745687769108952e-11,8.41465683405538e-11
r2p8_w128_di32,2,848,specific_cloud_liquid_water_content,550.0,1.3065076468198478e-10,1.3494813935649996e-10
r2p8_w128_di32,2,848,specific_cloud_liquid_water_content,600.0,1.0494442934458747e-10,1.1211274615337623e-10
r2p8_w128_di32,2,848,specific_cloud_liquid_water_content,650.0,1.0600061239225198e-10,1.131726948505359e-10
r2p8_w128_di32,2,848,specific_cloud_liquid_water_content,700.0,1.2998984417027117e-10,1.3788445021590667e-10
r2p8_w128_di32,2,848,specific_cloud_liquid_water_content,750.0,1.6661817846583605e-10,1.7719572552763546e-10
r2p8_w128_di32,2,848,specific_cloud_liquid_water_content,775.0,1.8760434774014486e-10,2.0241206499183231e-10
r2p8_w128_di32,2,848,specific_cloud_liquid_water_content,800.0,2.1662372748966472e-10,2.654991245563663e-10
r2p8_w128_di32,2,848,specific_cloud_liquid_water_content,825.0,2.838498005084331e-10,3.4880868313034516e-10
r2p8_w128_di32,2,848,specific_cloud_liquid_water_content,850.0,3.367170732005296e-10,5.256269810394215e-10
r2p8_w128_di32,2,848,specific_cloud_liquid_water_content,875.0,3.45171796013947e-10,7.182557836389912e-10
r2p8_w128_di32,2,848,specific_cloud_liquid_water_content,900.0,3.08558149439639e-10,5.744738373815474e-10
r2p8_w128_di32,2,848,specific_cloud_liquid_water_content,925.0,2.4837554240315123e-10,3.614740617177941e-10
r2p8_w128_di32,2,848,specific_cloud_liquid_water_content,950.0,1.717761228553055e-10,2.834384445839284e-10
r2p8_w128_di32,2,848,specific_cloud_liquid_water_content,975.0,1.0367759170511923e-10,2.253888017230939e-10
r2p8_w128_di32,2,848,specific_cloud_liquid_water_content,1000.0,6.08969232715158e-11,7.90496762859978e-11
r2p8_w128_di32,3,1272,temperature,1.0,75.19899358061171,355.0857601205098
r2p8_w128_di32,3,1272,temperature,2.0,49.46142185905955,867.9431516876745
r2p8_w128_di32,3,1272,temperature,3.0,32.390100264139605,1080.3224504084112
r2p8_w128_di32,3,1272,temperature,5.0,18.356825226852575,834.1477632188305
r2p8_w128_di32,3,1272,temperature,7.0,12.234180402919598,593.7467482733972
r2p8_w128_di32,3,1272,temperature,10.0,6.932305318301486,414.4055475923204
r2p8_w128_di32,3,1272,temperature,20.0,5.231110039609405,58.3446528641219
r2p8_w128_di32,3,1272,temperature,30.0,3.8718095885928965,5.180110720834372
r2p8_w128_di32,3,1272,temperature,50.0,0.38092296676537424,33.824595579167
r2p8_w128_di32,3,1272,temperature,70.0,0.37079606127902814,4.708286785505892
r2p8_w128_di32,3,1272,temperature,100.0,0.2558116016416615,1.027825766003009
r2p8_w128_di32,3,1272,temperature,125.0,0.16940880641597242,1.5717854878337112
r2p8_w128_di32,3,1272,temperature,150.0,0.1361507817232322,0.7583102071203317
r2p8_w128_di32,3,1272,temperature,175.0,0.12455395877975778,0.3209645533479776
r2p8_w128_di32,3,1272,temperature,200.0,0.12989476659556026,0.17022370334548229
r2p8_w128_di32,3,1272,temperature,225.0,0.13519545711090475,0.17994315477785786
r2p8_w128_di32,3,1272,temperature,250.0,0.13230877116680964,0.18117937235180864
r2p8_w128_di32,3,1272,temperature,300.0,0.12216572812230317,0.1989870301329393
r2p8_w128_di32,3,1272,temperature,350.0,0.11342368134108606,0.15776211219964567
r2p8_w128_di32,3,1272,temperature,400.0,0.11115286237595418,0.1309348749438512
r2p8_w128_di32,3,1272,temperature,450.0,0.11125911449136602,0.12960415886542231
r2p8_w128_di32,3,1272,temperature,500.0,0.11108228455192035,0.12549678863528668
r2p8_w128_di32,3,1272,temperature,550.0,0.11616847624176556,0.1364439453507207
r2p8_w128_di32,3,1272,temperature,600.0,0.12294365673028317,0.14066043307691095
r2p8_w128_di32,3,1272,temperature,650.0,0.13241656982304714,0.15454652790761075
r2p8_w128_di32,3,1272,temperature,700.0,0.14335038165251415,0.1687189316933917
r2p8_w128_di32,3,1272,temperature,750.0,0.16344922613544563,0.19423766934994569
r2p8_w128_di32,3,1272,temperature,775.0,0.17411779215450549,0.19688744314552584
r2p8_w128_di32,3,1272,temperature,800.0,0.1904199641799599,0.23414240960812652
r2p8_w128_di32,3,1272,temperature,825.0,0.21654968975540698,0.26109732666990604
r2p8_w128_di32,3,1272,temperature,850.0,0.23338040444244634,0.345853429705007
r2p8_w128_di32,3,1272,temperature,875.0,0.2383985525041921,0.3363506816301968
r2p8_w128_di32,3,1272,temperature,900.0,0.23817769453902424,0.3089363445531052
r2p8_w128_di32,3,1272,temperature,925.0,0.24131919994591847,0.3177921315136644
r2p8_w128_di32,3,1272,temperature,950.0,0.25338859005072684,0.331429812455505
r2p8_w128_di32,3,1272,temperature,975.0,0.28011338818319065,0.35834634592852643
r2p8_w128_di32,3,1272,temperature,1000.0,0.29223923702625065,0.3822683376135285
r2p8_w128_di32,3,1272,geopotential,1.0,904225144.566323,26155781.56426117
r2p8_w128_di32,3,1272,geopotential,2.0,421705871.6151203,4989881.329896907
r2p8_w128_di32,3,1272,geopotential,3.0,239814309.2783505,2670278.7778350515
r2p8_w128_di32,3,1272,geopotential,5.0,90220112.5718213,1298436.5152920962
r2p8_w128_di32,3,1272,geopotential,7.0,35922425.003436424,592747.5073238831
r2p8_w128_di32,3,1272,geopotential,10.0,7552648.180412371,313984.8316365979
r2p8_w128_di32,3,1272,geopotential,20.0,1870461.121821306,859272.7211340206
r2p8_w128_di32,3,1272,geopotential,30.0,3139592.8699312713,491169.37141323026
r2p8_w128_di32,3,1272,geopotential,50.0,3545.1752452312876,49590.52308580327
r2p8_w128_di32,3,1272,geopotential,70.0,3058.496623308634,72547.62035277062
r2p8_w128_di32,3,1272,geopotential,100.0,1947.3920830900317,4876.757849918116
r2p8_w128_di32,3,1272,geopotential,125.0,1600.7544679412317,2226.3003640296124
r2p8_w128_di32,3,1272,geopotential,150.0,1447.6305559610582,1711.8425352535708
r2p8_w128_di32,3,1272,geopotential,175.0,1401.25583080803,2410.513503493476
r2p8_w128_di32,3,1272,geopotential,200.0,1392.0184857240656,2279.5037506208387
r2p8_w128_di32,3,1272,geopotential,225.0,1334.66822119644,2088.4626749254994
r2p8_w128_di32,3,1272,geopotential,250.0,1327.4334120707824,1742.5383355733866
r2p8_w128_di32,3,1272,geopotential,300.0,1326.4102626734993,1864.3598389510846
r2p8_w128_di32,3,1272,geopotential,350.0,1262.2029262057695,1700.889460004564
r2p8_w128_di32,3,1272,geopotential,400.0,1164.8296497043466,1510.5450592565373
r2p8_w128_di32,3,1272,geopotential,450.0,1068.8698042512349,1407.270745744738
r2p8_w128_di32,3,1272,geopotential,500.0,984.3614905078796,1282.3215402924318
r2p8_w128_di32,3,1272,geopotential,550.0,916.9645822636451,1280.1396597216628
r2p8_w128_di32,3,1272,geopotential,600.0,874.5392489403794,1192.3333042629806
r2p8_w128_di32,3,1272,geopotential,650.0,845.6806461714388,1227.3638673133457
r2p8_w128_di32,3,1272,geopotential,700.0,839.1996944886303,1187.7539514286002
r2p8_w128_di32,3,1272,geopotential,750.0,838.9861821859563,1219.990043467099
r2p8_w128_di32,3,1272,geopotential,775.0,849.8817782372544,1286.7514894675553
r2p8_w128_di32,3,1272,geopotential,800.0,859.8848000018457,1289.5888705853336
r2p8_w128_di32,3,1272,geopotential,825.0,876.5115020856824,1243.645028885779
r2p8_w128_di32,3,1272,geopotential,850.0,896.7007591011597,1272.1479829034445
r2p8_w128_di32,3,1272,geopotential,875.0,920.5010710306593,1313.047287689943
r2p8_w128_di32,3,1272,geopotential,900.0,960.3472132731958,1379.145666420009
r2p8_w128_di32,3,1272,geopotential,925.0,1007.6959030937903,1444.6604042498925
r2p8_w128_di32,3,1272,geopotential,950.0,1060.872597857603,1555.916551979301
r2p8_w128_di32,3,1272,geopotential,975.0,1143.3865640017584,1769.6412124476483
r2p8_w128_di32,3,1272,geopotential,1000.0,1260.156984435406,2180.664640215582
r2p8_w128_di32,3,1272,u_component_of_wind,1.0,722.9386758601133,1608.1458435268337
r2p8_w128_di32,3,1272,u_component_of_wind,2.0,455.2801186682842,693.8012006936614
r2p8_w128_di32,3,1272,u_component_of_wind,3.0,285.6802493013467,438.9155789195057
r2p8_w128_di32,3,1272,u_component_of_wind,5.0,139.57897599472622,176.2656113614741
r2p8_w128_di32,3,1272,u_component_of_wind,7.0,94.83603440379768,120.8346528934859
r2p8_w128_di32,3,1272,u_component_of_wind,10.0,68.12114248111895,104.23838148870828
r2p8_w128_di32,3,1272,u_component_of_wind,20.0,26.779242006282217,46.24189408292475
r2p8_w128_di32,3,1272,u_component_of_wind,30.0,26.19292216612301,34.49133655639858
r2p8_w128_di32,3,1272,u_component_of_wind,50.0,1.1315817461390676,9.47705750875047
r2p8_w128_di32,3,1272,u_component_of_wind,70.0,1.12226303430767,2.4080131058840406
r2p8_w128_di32,3,1272,u_component_of_wind,100.0,1.3048216249115279,2.4369078405943934
r2p8_w128_di32,3,1272,u_component_of_wind,125.0,1.4188450351613493,2.1083725093566263
r2p8_w128_di32,3,1272,u_component_of_wind,150.0,1.4963557155271576,2.505335814928271
r2p8_w128_di32,3,1272,u_component_of_wind,175.0,1.5222772715427622,2.473138168095723
r2p8_w128_di32,3,1272,u_component_of_wind,200.0,1.596340423883851,2.2982866480588093
r2p8_w128_di32,3,1272,u_component_of_wind,225.0,1.7501107596859489,2.3671137965421907
r2p8_w128_di32,3,1272,u_component_of_wind,250.0,1.88050915801648,2.6453442671044995
r2p8_w128_di32,3,1272,u_component_of_wind,300.0,1.9726522819283083,3.4664014542635364
r2p8_w128_di32,3,1272,u_component_of_wind,350.0,1.807396195352692,3.163633447496342
r2p8_w128_di32,3,1272,u_component_of_wind,400.0,1.59124540152009,2.178384709358215
r2p8_w128_di32,3,1272,u_component_of_wind,450.0,1.4034066351418644,1.818005544623149
r2p8_w128_di32,3,1272,u_component_of_wind,500.0,1.2501135787603372,1.464970271693882
r2p8_w128_di32,3,1272,u_component_of_wind,550.0,1.1626420173448386,1.3096621496570888
r2p8_w128_di32,3,1272,u_component_of_wind,600.0,1.0861500463125222,1.2090402196363075
r2p8_w128_di32,3,1272,u_component_of_wind,650.0,1.0444742619786476,1.372091745060334
r2p8_w128_di32,3,1272,u_component_of_wind,700.0,1.003151554831934,1.1924674547415008
r2p8_w128_di32,3,1272,u_component_of_wind,750.0,0.9663509646232186,1.0725147022414454
r2p8_w128_di32,3,1272,u_component_of_wind,775.0,0.9445383881785206,1.0568753308037302
r2p8_w128_di32,3,1272,u_component_of_wind,800.0,0.92787974003664,1.0335026384628925
r2p8_w128_di32,3,1272,u_component_of_wind,825.0,0.9099692950543669,1.0202157540419667
r2p8_w128_di32,3,1272,u_component_of_wind,850.0,0.8807123280472772,0.9974972150989414
r2p8_w128_di32,3,1272,u_component_of_wind,875.0,0.8459510380050161,0.9777407478221094
r2p8_w128_di32,3,1272,u_component_of_wind,900.0,0.8174166316838608,0.977124466887864
r2p8_w128_di32,3,1272,u_component_of_wind,925.0,0.8008179622417463,0.9622573502694618
r2p8_w128_di32,3,1272,u_component_of_wind,950.0,0.7643924616456441,0.9485717247441872
r2p8_w128_di32,3,1272,u_component_of_wind,975.0,0.679763151218801,0.9014050590213631
r2p8_w128_di32,3,1272,u_component_of_wind,1000.0,0.5664272328627479,0.8088847283645184
r2p8_w128_di32,3,1272,v_component_of_wind,1.0,119.05225657564668,138.86873068793122
r2p8_w128_di32,3,1272,v_component_of_wind,2.0,72.77250083844686,89.79677677220086
r2p8_w128_di32,3,1272,v_component_of_wind,3.0,52.03747801108868,70.09132429299895
r2p8_w128_di32,3,1272,v_component_of_wind,5.0,32.71310249145088,43.986783801730965
r2p8_w128_di32,3,1272,v_component_of_wind,7.0,24.73936256133404,33.058658110890605
r2p8_w128_di32,3,1272,v_component_of_wind,10.0,17.121713023497065,23.170221223863948
r2p8_w128_di32,3,1272,v_component_of_wind,20.0,9.852611001660325,12.288323418790942
r2p8_w128_di32,3,1272,v_component_of_wind,30.0,8.196863597856764,10.157720672961362
r2p8_w128_di32,3,1272,v_component_of_wind,50.0,1.1579218097159134,5.057163696190745
r2p8_w128_di32,3,1272,v_component_of_wind,70.0,1.2083303110706027,40.34754006821675
r2p8_w128_di32,3,1272,v_component_of_wind,100.0,1.358649160648949,3.837093729825364
r2p8_w128_di32,3,1272,v_component_of_wind,125.0,1.464807457694483,4.820003775304945
r2p8_w128_di32,3,1272,v_component_of_wind,150.0,1.4900461818754058,3.6802978764694583
r2p8_w128_di32,3,1272,v_component_of_wind,175.0,1.4851046708850926,2.240106156191875
r2p8_w128_di32,3,1272,v_component_of_wind,200.0,1.5519517937067038,2.0161185598865
r2p8_w128_di32,3,1272,v_component_of_wind,225.0,1.7551270650424498,2.625552608712842
r2p8_w128_di32,3,1272,v_component_of_wind,250.0,1.9538696924845378,3.4212833779784004
r2p8_w128_di32,3,1272,v_component_of_wind,300.0,2.199929283328892,3.9600818894573093
r2p8_w128_di32,3,1272,v_component_of_wind,350.0,2.0805937891563597,3.226263512450805
r2p8_w128_di32,3,1272,v_component_of_wind,400.0,1.842572056304958,2.3638449045391017
r2p8_w128_di32,3,1272,v_component_of_wind,450.0,1.6110221734161638,2.107207354155603
r2p8_w128_di32,3,1272,v_component_of_wind,500.0,1.4217242776323429,1.9254258026372117
r2p8_w128_di32,3,1272,v_component_of_wind,550.0,1.3090241281027646,1.5418556077373806
r2p8_w128_di32,3,1272,v_component_of_wind,600.0,1.2139677363163008,1.4720150546109962
r2p8_w128_di32,3,1272,v_component_of_wind,650.0,1.158326429722645,1.7229324290842534
r2p8_w128_di32,3,1272,v_component_of_wind,700.0,1.1124399000017093,1.3368983486673676
r2p8_w128_di32,3,1272,v_component_of_wind,750.0,1.0738952532257002,1.28536238866983
r2p8_w128_di32,3,1272,v_component_of_wind,775.0,1.0539147950939296,1.431335358521373
r2p8_w128_di32,3,1272,v_component_of_wind,800.0,1.0374182451221952,1.715274387782382
r2p8_w128_di32,3,1272,v_component_of_wind,825.0,1.0209088774071526,1.5818815522177523
r2p8_w128_di32,3,1272,v_component_of_wind,850.0,0.9962723830311568,1.4055775168835092
r2p8_w128_di32,3,1272,v_component_of_wind,875.0,0.9674795301099823,1.392513368219854
r2p8_w128_di32,3,1272,v_component_of_wind,900.0,0.9479510768582321,1.2814124883245357
r2p8_w128_di32,3,1272,v_component_of_wind,925.0,0.9261941030263081,1.1463965060784644
r2p8_w128_di32,3,1272,v_component_of_wind,950.0,0.8840874612126564,1.1015394540996486
r2p8_w128_di32,3,1272,v_component_of_wind,975.0,0.7781730204513393,1.0607206407691194
r2p8_w128_di32,3,1272,v_component_of_wind,1000.0,0.6346544354846797,0.8327729926486196
r2p8_w128_di32,3,1272,specific_humidity,1.0,7.979712329664615e-13,1.0829847139021643e-13
r2p8_w128_di32,3,1272,specific_humidity,2.0,5.29086877704512e-13,4.503361860175975e-14
r2p8_w128_di32,3,1272,specific_humidity,3.0,3.6428078088250586e-13,3.1905480302709834e-14
r2p8_w128_di32,3,1272,specific_humidity,5.0,1.8613657648499995e-13,7.028339249074945e-14
r2p8_w128_di32,3,1272,specific_humidity,7.0,1.1637544761544083e-13,1.190977824281981e-13
r2p8_w128_di32,3,1272,specific_humidity,10.0,6.511209778552283e-14,1.851462945645281e-13
r2p8_w128_di32,3,1272,specific_humidity,20.0,1.788848140050651e-14,1.7833747033676012e-13
r2p8_w128_di32,3,1272,specific_humidity,30.0,1.002146847301838e-14,3.0341195841066085e-14
r2p8_w128_di32,3,1272,specific_humidity,50.0,1.5086202651576535e-16,1.0752504545937592e-13
r2p8_w128_di32,3,1272,specific_humidity,70.0,6.555352921912525e-16,9.801479721261763e-15
r2p8_w128_di32,3,1272,specific_humidity,100.0,7.841293617331244e-15,1.9820234534742737e-14
r2p8_w128_di32,3,1272,specific_humidity,125.0,5.6395601411281255e-14,2.1719250220590693e-13
r2p8_w128_di32,3,1272,specific_humidity,150.0,4.4888748201515315e-13,1.7757713349067076e-12
r2p8_w128_di32,3,1272,specific_humidity,175.0,3.1129370728082507e-12,1.2042696578162852e-11
r2p8_w128_di32,3,1272,specific_humidity,200.0,1.7224567795719864e-11,3.169723919788073e-11
r2p8_w128_di32,3,1272,specific_humidity,225.0,7.266019820229885e-11,1.2425332382408869e-10
r2p8_w128_di32,3,1272,specific_humidity,250.0,2.260142254336237e-10,3.934859312761475e-10
r2p8_w128_di32,3,1272,specific_humidity,300.0,1.1943600377511298e-09,2.558648449432527e-09
r2p8_w128_di32,3,1272,specific_humidity,350.0,4.1034687231203145e-09,6.574960417581974e-09
r2p8_w128_di32,3,1272,specific_humidity,400.0,1.0218196281929792e-08,1.7230266648511786e-08
r2p8_w128_di32,3,1272,specific_humidity,450.0,2.1221508844362654e-08,3.051671342901661e-08
r2p8_w128_di32,3,1272,specific_humidity,500.0,3.633391267640685e-08,4.684084350022507e-08
r2p8_w128_di32,3,1272,specific_humidity,550.0,5.825099867052357e-08,6.769866029140551e-08
r2p8_w128_di32,3,1272,specific_humidity,600.0,7.987532751446492e-08,1.0379552466578626e-07
r2p8_w128_di32,3,1272,specific_humidity,650.0,1.1199283436752987e-07,1.636460049653938e-07
r2p8_w128_di32,3,1272,specific_humidity,700.0,1.436713131456084e-07,2.1960757664993499e-07
r2p8_w128_di32,3,1272,specific_humidity,750.0,1.7886858791580598e-07,2.580464635092355e-07
r2p8_w128_di32,3,1272,specific_humidity,775.0,1.9098260635633102e-07,2.563046016102254e-07
r2p8_w128_di32,3,1272,specific_humidity,800.0,2.0336908329278867e-07,2.657511451860083e-07
r2p8_w128_di32,3,1272,specific_humidity,825.0,2.1300108063225765e-07,2.674933470321038e-07
r2p8_w128_di32,3,1272,specific_humidity,850.0,2.108220350025642e-07,2.772533754702395e-07
r2p8_w128_di32,3,1272,specific_humidity,875.0,1.9530405060497688e-07,2.4652545197384144e-07
r2p8_w128_di32,3,1272,specific_humidity,900.0,1.7737926227155216e-07,2.1604175412669308e-07
r2p8_w128_di32,3,1272,specific_humidity,925.0,1.493074445703311e-07,1.7893194706527172e-07
r2p8_w128_di32,3,1272,specific_humidity,950.0,1.1990993478272445e-07,1.532931960337619e-07
r2p8_w128_di32,3,1272,specific_humidity,975.0,1.1499239043863894e-07,1.3215113513788655e-07
r2p8_w128_di32,3,1272,specific_humidity,1000.0,1.1164597994239398e-07,1.3934061717149814e-07
r2p8_w128_di32,3,1272,specific_cloud_ice_water_content,1.0,2.0656094913948557e-12,2.249402077356314e-12
r2p8_w128_di32,3,1272,specific_cloud_ice_water_content,2.0,2.0234545277697125e-12,2.2445124134868284e-12
r2p8_w128_di32,3,1272,specific_cloud_ice_water_content,3.0,2.0223645892362894e-12,2.2518227052785993e-12
r2p8_w128_di32,3,1272,specific_cloud_ice_water_content,5.0,2.00482062520991e-12,2.2456331199640475e-12
r2p8_w128_di32,3,1272,specific_cloud_ice_water_content,7.0,2.0152753867592816e-12,2.245375878952432e-12
r2p8_w128_di32,3,1272,specific_cloud_ice_water_content,10.0,2.037115150627534e-12,2.23964777203478e-12
r2p8_w128_di32,3,1272,specific_cloud_ice_water_content,20.0,1.436444092610472e-12,1.7178514360009286e-12
r2p8_w128_di32,3,1272,specific_cloud_ice_water_content,30.0,1.0323275304599433e-12,1.3846558837409685e-12
r2p8_w128_di32,3,1272,specific_cloud_ice_water_content,50.0,6.04867116940882e-13,1.0515002516932258e-12
r2p8_w128_di32,3,1272,specific_cloud_ice_water_content,70.0,5.007802197102933e-13,8.465749123729188e-13
r2p8_w128_di32,3,1272,specific_cloud_ice_water_content,100.0,1.41792414577202e-12,1.8585606980437503e-12
r2p8_w128_di32,3,1272,specific_cloud_ice_water_content,125.0,7.433379552119128e-12,8.348594400530294e-12
r2p8_w128_di32,3,1272,specific_cloud_ice_water_content,150.0,2.0437429827850873e-11,2.191010825870501e-11
r2p8_w128_di32,3,1272,specific_cloud_ice_water_content,175.0,3.4651052583181316e-11,3.8227994414517775e-11
r2p8_w128_di32,3,1272,specific_cloud_ice_water_content,200.0,4.9533701323312176e-11,5.855291139187414e-11
r2p8_w128_di32,3,1272,specific_cloud_ice_water_content,225.0,6.440855524445746e-11,8.276131802356045e-11
r2p8_w128_di32,3,1272,specific_cloud_ice_water_content,250.0,7.128898804799967e-11,1.0628564150644225e-10
r2p8_w128_di32,3,1272,specific_cloud_ice_water_content,300.0,6.805355274630973e-11,1.0667713686920272e-10
r2p8_w128_di32,3,1272,specific_cloud_ice_water_content,350.0,6.064485854360536e-11,8.489206003632474e-11
r2p8_w128_di32,3,1272,specific_cloud_ice_water_content,400.0,4.579369841041881e-11,5.633130310531667e-11
r2p8_w128_di32,3,1272,specific_cloud_ice_water_content,450.0,3.341729136034257e-11,3.928121034703573e-11
r2p8_w128_di32,3,1272,specific_cloud_ice_water_content,500.0,2.3787024569424588e-11,2.7533267746446217e-11
r2p8_w128_di32,3,1272,specific_cloud_ice_water_content,550.0,1.584411670627491e-11,1.877708625995106e-11
r2p8_w128_di32,3,1272,specific_cloud_ice_water_content,600.0,1.1052950666157134e-11,1.2947083638225478e-11
r2p8_w128_di32,3,1272,specific_cloud_ice_water_content,650.0,8.164465710032475e-12,9.60134473746068e-12
r2p8_w128_di32,3,1272,specific_cloud_ice_water_content,700.0,6.09391010173955e-12,6.862494073382622e-12
r2p8_w128_di32,3,1272,specific_cloud_ice_water_content,750.0,4.78754874018024e-12,5.538329910958943e-12
r2p8_w128_di32,3,1272,specific_cloud_ice_water_content,775.0,4.713934288971145e-12,5.26712971828055e-12
r2p8_w128_di32,3,1272,specific_cloud_ice_water_content,800.0,4.707491983358201e-12,5.403265405947502e-12
r2p8_w128_di32,3,1272,specific_cloud_ice_water_content,825.0,4.550229323514479e-12,5.1037820146528254e-12
r2p8_w128_di32,3,1272,specific_cloud_ice_water_content,850.0,3.961986983271616e-12,4.325373688764395e-12
r2p8_w128_di32,3,1272,specific_cloud_ice_water_content,875.0,3.203053258355219e-12,3.4698042078213057e-12
r2p8_w128_di32,3,1272,specific_cloud_ice_water_content,900.0,2.611289247265449e-12,3.0167969811534342e-12
r2p8_w128_di32,3,1272,specific_cloud_ice_water_content,925.0,2.0978291394259484e-12,2.5350465674120653e-12
r2p8_w128_di32,3,1272,specific_cloud_ice_water_content,950.0,1.5283444514611215e-12,1.8836914251178224e-12
r2p8_w128_di32,3,1272,specific_cloud_ice_water_content,975.0,1.052711194566144e-12,1.2288029141431297e-12
r2p8_w128_di32,3,1272,specific_cloud_ice_water_content,1000.0,8.760627932093284e-13,1.0213434787348442e-12
r2p8_w128_di32,3,1272,specific_cloud_liquid_water_content,1.0,6.960850716230101e-12,1.0781864392799214e-11
r2p8_w128_di32,3,1272,specific_cloud_liquid_water_content,2.0,6.97905872942246e-12,1.0752488460270793e-11
r2p8_w128_di32,3,1272,specific_cloud_liquid_water_content,3.0,6.894158364596004e-12,1.07227929606796e-11
r2p8_w128_di32,3,1272,specific_cloud_liquid_water_content,5.0,6.959709655962159e-12,1.0778220229386985e-11
r2p8_w128_di32,3,1272,specific_cloud_liquid_water_content,7.0,7.049454723725454e-12,1.0792581355864574e-11
r2p8_w128_di32,3,1272,specific_cloud_liquid_water_content,10.0,6.904741347396527e-12,1.0682378825296563e-11
r2p8_w128_di32,3,1272,specific_cloud_liquid_water_content,20.0,5.3435425763698175e-12,8.20505762804424e-12
r2p8_w128_di32,3,1272,specific_cloud_liquid_water_content,30.0,3.906649930766201e-12,6.700114123546996e-12
r2p8_w128_di32,3,1272,specific_cloud_liquid_water_content,50.0,3.665392761854649e-12,1.128256627288541e-11
r2p8_w128_di32,3,1272,specific_cloud_liquid_water_content,70.0,2.4087816302428625e-12,1.1601428627194134e-11
r2p8_w128_di32,3,1272,specific_cloud_liquid_water_content,100.0,2.305795471391585e-12,9.512145423837052e-12
r2p8_w128_di32,3,1272,specific_cloud_liquid_water_content,125.0,1.980715439158574e-12,8.695511127556995e-12
r2p8_w128_di32,3,1272,specific_cloud_liquid_water_content,150.0,2.2718102831329924e-12,5.3685094686476445e-12
r2p8_w128_di32,3,1272,specific_cloud_liquid_water_content,175.0,2.7887149269078502e-12,3.926834594444415e-12
r2p8_w128_di32,3,1272,specific_cloud_liquid_water_content,200.0,3.3221211096406432e-12,4.779709613614911e-12
r2p8_w128_di32,3,1272,specific_cloud_liquid_water_content,225.0,2.8765502800703413e-12,3.590267354873543e-12
r2p8_w128_di32,3,1272,specific_cloud_liquid_water_content,250.0,3.164678334531436e-12,4.298227468301728e-12
r2p8_w128_di32,3,1272,specific_cloud_liquid_water_content,300.0,5.122975064937647e-12,6.240758577809147e-12
r2p8_w128_di32,3,1272,specific_cloud_liquid_water_content,350.0,7.957461985959718e-12,9.838402774070573e-12
r2p8_w128_di32,3,1272,specific_cloud_liquid_water_content,400.0,1.552316402925363e-11,1.8016188203022892e-11
r2p8_w128_di32,3,1272,specific_cloud_liquid_water_content,450.0,3.5263638976948825e-11,3.959536816764122e-11
r2p8_w128_di32,3,1272,specific_cloud_liquid_water_content,500.0,7.745687769108952e-11,8.53614423442604e-11
r2p8_w128_di32,3,1272,specific_cloud_liquid_water_content,550.0,1.3065076468198478e-10,1.351800183389145e-10
r2p8_w128_di32,3,1272,specific_cloud_liquid_water_content,600.0,1.0494442934458747e-10,1.1279397752766546e-10
r2p8_w128_di32,3,1272,specific_cloud_liquid_water_content,650.0,1.0600061239225198e-10,1.141351633002629e-10
r2p8_w128_di32,3,1272,specific_cloud_liquid_water_content,700.0,1.2998984417027117e-10,1.390290034634269e-10
r2p8_w128_di32,3,1272,specific_cloud_liquid_water_content,750.0,1.6661817846583605e-10,1.7728391955589003e-10
r2p8_w128_di32,3,1272,specific_cloud_liquid_water_content,775.0,1.8760434774014486e-10,2.008025368357932e-10
r2p8_w128_di32,3,1272,specific_cloud_liquid_water_content,800.0,2.1662372748966472e-10,2.652714445204114e-10
r2p8_w128_di32,3,1272,specific_cloud_liquid_water_content,825.0,2.838498005084331e-10,3.573721627903609e-10
r2p8_w128_di32,3,1272,specific_cloud_liquid_water_content,850.0,3.367170732005296e-10,5.900499072350911e-10
r2p8_w128_di32,3,1272,specific_cloud_liquid_water_content,875.0,3.45171796013947e-10,8.890517269685505e-10
r2p8_w128_di32,3,1272,specific_cloud_liquid_water_content,900.0,3.08558149439639e-10,5.855680583606281e-10
r2p8_w128_di32,3,1272,specific_cloud_liquid_water_content,925.0,2.4837554240315123e-10,3.6377856851318994e-10
r2p8_w128_di32,3,1272,specific_cloud_liquid_water_content,950.0,1.717761228553055e-10,3.095962453852316e-10
r2p8_w128_di32,3,1272,specific_cloud_liquid_water_content,975.0,1.0367759170511923e-10,2.451985088051329e-10
r2p8_w128_di32,3,1272,specific_cloud_liquid_water_content,1000.0,6.08969232715158e-11,8.332898345425896e-11
r2p8_w128_di32,4,1696,temperature,1.0,75.19899358061171,328.02015781468134
r2p8_w128_di32,4,1696,temperature,2.0,49.46142185905955,808.2222782095683
r2p8_w128_di32,4,1696,temperature,3.0,32.390100264139605,1013.9597234247476
r2p8_w128_di32,4,1696,temperature,5.0,18.356825226852575,782.3809543465421
r2p8_w128_di32,4,1696,temperature,7.0,12.234180402919598,555.6092067443218
r2p8_w128_di32,4,1696,temperature,10.0,6.932305318301486,386.8936053194131
r2p8_w128_di32,4,1696,temperature,20.0,5.231110039609405,55.21503758905679
r2p8_w128_di32,4,1696,temperature,30.0,3.8718095885928965,5.045426075073452
r2p8_w128_di32,4,1696,temperature,50.0,0.38092296676537424,31.35188796184317
r2p8_w128_di32,4,1696,temperature,70.0,0.37079606127902814,3.6428905691887503
r2p8_w128_di32,4,1696,temperature,100.0,0.2558116016416615,1.1700785424701128
r2p8_w128_di32,4,1696,temperature,125.0,0.16940880641597242,1.7423333569490622
r2p8_w128_di32,4,1696,temperature,150.0,0.1361507817232322,0.8254590778006721
r2p8_w128_di32,4,1696,temperature,175.0,0.12455395877975778,0.3471593973562889
r2p8_w128_di32,4,1696,temperature,200.0,0.12989476659556026,0.17210468484978494
r2p8_w128_di32,4,1696,temperature,225.0,0.13519545711090475,0.1968981534037803
r2p8_w128_di32,4,1696,temperature,250.0,0.13230877116680964,0.18627947114689652
r2p8_w128_di32,4,1696,temperature,300.0,0.12216572812230317,0.18089116622287382
r2p8_w128_di32,4,1696,temperature,350.0,0.11342368134108606,0.1518404263657393
r2p8_w128_di32,4,1696,temperature,400.0,0.11115286237595418,0.13504368525088037
r2p8_w128_di32,4,1696,temperature,450.0,0.11125911449136602,0.12818457048988013
r2p8_w128_di32,4,1696,temperature,500.0,0.11108228455192035,0.1271215478835237
r2p8_w128_di32,4,1696,temperature,550.0,0.11616847624176556,0.13645963006208034
r2p8_w128_di32,4,1696,temperature,600.0,0.12294365673028317,0.14393848415297741
r2p8_w128_di32,4,1696,temperature,650.0,0.13241656982304714,0.15742031741900134
r2p8_w128_di32,4,1696,temperature,700.0,0.14335038165251415,0.17319512044134008
r2p8_w128_di32,4,1696,temperature,750.0,0.16344922613544563,0.2002947454804817
r2p8_w128_di32,4,1696,temperature,775.0,0.17411779215450549,0.20292138926352013
r2p8_w128_di32,4,1696,temperature,800.0,0.1904199641799599,0.2385081174549778
r2p8_w128_di32,4,1696,temperature,825.0,0.21654968975540698,0.26876130919276237
r2p8_w128_di32,4,1696,temperature,850.0,0.23338040444244634,0.3365841299193012
r2p8_w128_di32,4,1696,temperature,875.0,0.2383985525041921,0.3470567534060003
r2p8_w128_di32,4,1696,temperature,900.0,0.23817769453902424,0.31761054758148916
r2p8_w128_di32,4,1696,temperature,925.0,0.24131919994591847,0.3234019614372057
r2p8_w128_di32,4,1696,temperature,950.0,0.25338859005072684,0.33733227832620494
r2p8_w128_di32,4,1696,temperature,975.0,0.28011338818319065,0.36609282948307154
r2p8_w128_di32,4,1696,temperature,1000.0,0.29223923702625065,0.39519151600775443
r2p8_w128_di32,4,1696,geopotential,1.0,904225144.566323,29174249.87216495
r2p8_w128_di32,4,1696,geopotential,2.0,421705871.6151203,5532885.667010309
r2p8_w128_di32,4,1696,geopotential,3.0,239814309.2783505,2969264.5945017184
r2p8_w128_di32,4,1696,geopotential,5.0,90220112.5718213,1332281.792654639
r2p8_w128_di32,4,1696,geopotential,7.0,35922425.003436424,579154.6402276632
r2p8_w128_di32,4,1696,geopotential,10.0,7552648.180412371,298303.29390034365
r2p8_w128_di32,4,1696,geopotential,20.0,1870461.121821306,881786.9948453609
r2p8_w128_di32,4,1696,geopotential,30.0,3139592.8699312713,479541.7164304124
r2p8_w128_di32,4,1696,geopotential,50.0,3545.1752452312876,49459.156711769756
r2p8_w128_di32,4,1696,geopotential,70.0,3058.496623308634,73924.51761436855
r2p8_w128_di32,4,1696,geopotential,100.0,1947.3920830900317,5333.783943097616
r2p8_w128_di32,4,1696,geopotential,125.0,1600.7544679412317,2088.694330316393
r2p8_w128_di32,4,1696,geopotential,150.0,1447.6305559610582,1717.9227082662155
r2p8_w128_di32,4,1696,geopotential,175.0,1401.25583080803,2823.8282391000857
r2p8_w128_di32,4,1696,geopotential,200.0,1392.0184857240656,2169.356611009316
r2p8_w128_di32,4,1696,geopotential,225.0,1334.66822119644,1933.624090806889
r2p8_w128_di32,4,1696,geopotential,250.0,1327.4334120707824,1603.644534605885
r2p8_w128_di32,4,1696,geopotential,300.0,1326.4102626734993,1947.784486499275
r2p8_w128_di32,4,1696,geopotential,350.0,1262.2029262057695,1617.3135703594824
r2p8_w128_di32,4,1696,geopotential,400.0,1164.8296497043466,1496.2630802324957
r2p8_w128_di32,4,1696,geopotential,450.0,1068.8698042512349,1359.858959541452
r2p8_w128_di32,4,1696,geopotential,500.0,984.3614905078796,1250.0476901863858
r2p8_w128_di32,4,1696,geopotential,550.0,916.9645822636451,1217.6991809543465
r2p8_w128_di32,4,1696,geopotential,600.0,874.5392489403794,1136.2552840924345
r2p8_w128_di32,4,1696,geopotential,650.0,845.6806461714388,1173.756011774122
r2p8_w128_di32,4,1696,geopotential,700.0,839.1996944886303,1122.37220790378
r2p8_w128_di32,4,1696,geopotential,750.0,838.9861821859563,1166.2810021679015
r2p8_w128_di32,4,1696,geopotential,775.0,849.8817782372544,1218.150702890088
r2p8_w128_di32,4,1696,geopotential,800.0,859.8848000018457,1222.3915464840395
r2p8_w128_di32,4,1696,geopotential,825.0,876.5115020856824,1207.3232020846756
r2p8_w128_di32,4,1696,geopotential,850.0,896.7007591011597,1240.4605271172277
r2p8_w128_di32,4,1696,geopotential,875.0,920.5010710306593,1292.1016356163418
r2p8_w128_di32,4,1696,geopotential,900.0,960.3472132731958,1363.2852825151685
r2p8_w128_di32,4,1696,geopotential,925.0,1007.6959030937903,1436.585038710132
r2p8_w128_di32,4,1696,geopotential,950.0,1060.872597857603,1558.4664462689273
r2p8_w128_di32,4,1696,geopotential,975.0,1143.3865640017584,1789.9994344495005
r2p8_w128_di32,4,1696,geopotential,1000.0,1260.156984435406,2236.1859489100084
r2p8_w128_di32,4,1696,u_component_of_wind,1.0,722.9386758601133,1540.4933244318486
r2p8_w128_di32,4,1696,u_component_of_wind,2.0,455.2801186682842,665.8094851988698
r2p8_w128_di32,4,1696,u_component_of_wind,3.0,285.6802493013467,416.9565297864147
r2p8_w128_di32,4,1696,u_component_of_wind,5.0,139.57897599472622,175.35072712849097
r2p8_w128_di32,4,1696,u_component_of_wind,7.0,94.83603440379768,119.59695001713598
r2p8_w128_di32,4,1696,u_component_of_wind,10.0,68.12114248111895,100.73097267281968
r2p8_w128_di32,4,1696,u_component_of_wind,20.0,26.779242006282217,47.76729433774129
r2p8_w128_di32,4,1696,u_component_of_wind,30.0,26.19292216612301,34.23200061575244
r2p8_w128_di32,4,1696,u_component_of_wind,50.0,1.1315817461390676,7.351826232569324
r2p8_w128_di32,4,1696,u_component_of_wind,70.0,1.12226303430767,2.059719517058933
r2p8_w128_di32,4,1696,u_component_of_wind,100.0,1.3048216249115279,2.87088826095935
r2p8_w128_di32,4,1696,u_component_of_wind,125.0,1.4188450351613493,2.457569117890191
r2p8_w128_di32,4,1696,u_component_of_wind,150.0,1.4963557155271576,2.5212960967493223
r2p8_w128_di32,4,1696,u_component_of_wind,175.0,1.5222772715427622,2.546544262224047
r2p8_w128_di32,4,1696,u_component_of_wind,200.0,1.596340423883851,2.3463512388701293
r2p8_w128_di32,4,1696,u_component_of_wind,225.0,1.7501107596859489,2.391490881057949
r2p8_w128_di32,4,1696,u_component_of_wind,250.0,1.88050915801648,2.5538864454452934
r2p8_w128_di32,4,1696,u_component_of_wind,300.0,1.9726522819283083,3.294157781797586
r2p8_w128_di32,4,1696,u_component_of_wind,350.0,1.807396195352692,3.2400508955991554
r2p8_w128_di32,4,1696,u_component_of_wind,400.0,1.59124540152009,2.18447677269834
r2p8_w128_di32,4,1696,u_component_of_wind,450.0,1.4034066351418644,1.8266453229274946
r2p8_w128_di32,4,1696,u_component_of_wind,500.0,1.2501135787603372,1.4962478695046861
r2p8_w128_di32,4,1696,u_component_of_wind,550.0,1.1626420173448386,1.3240374629030522
r2p8_w128_di32,4,1696,u_component_of_wind,600.0,1.0861500463125222,1.2204371375726262
r2p8_w128_di32,4,1696,u_component_of_wind,650.0,1.0444742619786476,1.3275476975539295
r2p8_w128_di32,4,1696,u_component_of_wind,700.0,1.003151554831934,1.2139900008427729
r2p8_w128_di32,4,1696,u_component_of_wind,750.0,0.9663509646232186,1.103780798567939
r2p8_w128_di32,4,1696,u_component_of_wind,775.0,0.9445383881785206,1.0683981256796322
r2p8_w128_di32,4,1696,u_component_of_wind,800.0,0.92787974003664,1.0436282372146948
r2p8_w128_di32,4,1696,u_component_of_wind,825.0,0.9099692950543669,1.0329001479951787
r2p8_w128_di32,4,1696,u_component_of_wind,850.0,0.8807123280472772,1.0060615679242766
r2p8_w128_di32,4,1696,u_component_of_wind,875.0,0.8459510380050161,0.9790717411287052
r2p8_w128_di32,4,1696,u_component_of_wind,900.0,0.8174166316838608,0.9685028228153478
r2p8_w128_di32,4,1696,u_component_of_wind,925.0,0.8008179622417463,0.9622699972690176
r2p8_w128_di32,4,1696,u_component_of_wind,950.0,0.7643924616456441,0.9508175100657539
r2p8_w128_di32,4,1696,u_component_of_wind,975.0,0.679763151218801,0.8988442817094809
r2p8_w128_di32,4,1696,u_component_of_wind,1000.0,0.5664272328627479,0.819994888723511
r2p8_w128_di32,4,1696,v_component_of_wind,1.0,119.05225657564668,135.70857589040017
r2p8_w128_di32,4,1696,v_component_of_wind,2.0,72.77250083844686,87.49170743804618
r2p8_w128_di32,4,1696,v_component_of_wind,3.0,52.03747801108868,67.85593314154451
r2p8_w128_di32,4,1696,v_component_of_wind,5.0,32.71310249145088,42.919802063355334
r2p8_w128_di32,4,1696,v_component_of_wind,7.0,24.73936256133404,31.55768156412131
r2p8_w128_di32,4,1696,v_component_of_wind,10.0,17.121713023497065,21.402725519265505
r2p8_w128_di32,4,1696,v_component_of_wind,20.0,9.852611001660325,11.254243296200467
r2p8_w128_di32,4,1696,v_component_of_wind,30.0,8.196863597856764,10.344146067170342
r2p8_w128_di32,4,1696,v_component_of_wind,50.0,1.1579218097159134,5.780010995995958
r2p8_w128_di32,4,1696,v_component_of_wind,70.0,1.2083303110706027,35.533109339815645
r2p8_w128_di32,4,1696,v_component_of_wind,100.0,1.358649160648949,3.8730928203084622
r2p8_w128_di32,4,1696,v_component_of_wind,125.0,1.464807457694483,5.148969631916059
r2p8_w128_di32,4,1696,v_component_of_wind,150.0,1.4900461818754058,3.4568466209464055
r2p8_w128_di32,4,1696,v_component_of_wind,175.0,1.4851046708850926,2.3703880967143474
r2p8_w128_di32,4,1696,v_component_of_wind,200.0,1.5519517937067038,2.051806844796512
r2p8_w128_di32,4,1696,v_component_of_wind,225.0,1.7551270650424498,2.8179931060555057
r2p8_w128_di32,4,1696,v_component_of_wind,250.0,1.9538696924845378,3.8749731724204888
r2p8_w128_di32,4,1696,v_component_of_wind,300.0,2.199929283328892,3.991888434944284
r2p8_w128_di32,4,1696,v_component_of_wind,350.0,2.0805937891563597,3.2702443781587265
r2p8_w128_di32,4,1696,v_component_of_wind,400.0,1.842572056304958,2.381771442324845
r2p8_w128_di32,4,1696,v_component_of_wind,450.0,1.6110221734161638,2.165481278740663
r2p8_w128_di32,4,1696,v_component_of_wind,500.0,1.4217242776323429,1.921861610134033
r2p8_w128_di32,4,1696,v_component_of_wind,550.0,1.3090241281027646,1.5723152067243438
r2p8_w128_di32,4,1696,v_component_of_wind,600.0,1.2139677363163008,1.5043337796561906
r2p8_w128_di32,4,1696,v_component_of_wind,650.0,1.158326429722645,1.6327382791492948
r2p8_w128_di32,4,1696,v_component_of_wind,700.0,1.1124399000017093,1.3605282969081525
r2p8_w128_di32,4,1696,v_component_of_wind,750.0,1.0738952532257002,1.320509738815609
r2p8_w128_di32,4,1696,v_component_of_wind,775.0,1.0539147950939296,1.441538330943314
r2p8_w128_di32,4,1696,v_component_of_wind,800.0,1.0374182451221952,1.67744431651335
r2p8_w128_di32,4,1696,v_component_of_wind,825.0,1.0209088774071526,1.4933278849854092
r2p8_w128_di32,4,1696,v_component_of_wind,850.0,0.9962723830311568,1.3961752242648724
r2p8_w128_di32,4,1696,v_component_of_wind,875.0,0.9674795301099823,1.403799275843958
r2p8_w128_di32,4,1696,v_component_of_wind,900.0,0.9479510768582321,1.2653421215175353
r2p8_w128_di32,4,1696,v_component_of_wind,925.0,0.9261941030263081,1.1730422718008768
r2p8_w128_di32,4,1696,v_component_of_wind,950.0,0.8840874612126564,1.1314915796325788
r2p8_w128_di32,4,1696,v_component_of_wind,975.0,0.7781730204513393,1.0769078558662912
r2p8_w128_di32,4,1696,v_component_of_wind,1000.0,0.6346544354846797,0.86261420462959
r2p8_w128_di32,4,1696,specific_humidity,1.0,7.979712329664615e-13,1.0851768134436999e-13
r2p8_w128_di32,4,1696,specific_humidity,2.0,5.29086877704512e-13,4.468536813105166e-14
r2p8_w128_di32,4,1696,specific_humidity,3.0,3.6428078088250586e-13,3.2622969719837576e-14
r2p8_w128_di32,4,1696,specific_humidity,5.0,1.8613657648499995e-13,7.308064817921294e-14
r2p8_w128_di32,4,1696,specific_humidity,7.0,1.1637544761544083e-13,1.2366383674892472e-13
r2p8_w128_di32,4,1696,specific_humidity,10.0,6.511209778552283e-14,1.9226704999800274e-13
r2p8_w128_di32,4,1696,specific_humidity,20.0,1.788848140050651e-14,1.8443644186197538e-13
r2p8_w128_di32,4,1696,specific_humidity,30.0,1.002146847301838e-14,3.0702802316807724e-14
r2p8_w128_di32,4,1696,specific_humidity,50.0,1.5086202651576535e-16,1.154311947344168e-13
r2p8_w128_di32,4,1696,specific_humidity,70.0,6.555352921912525e-16,6.365494282824753e-15
r2p8_w128_di32,4,1696,specific_humidity,100.0,7.841293617331244e-15,1.428782202192666e-14
r2p8_w128_di32,4,1696,specific_humidity,125.0,5.6395601411281255e-14,1.6659433919046438e-13
r2p8_w128_di32,4,1696,specific_humidity,150.0,4.4888748201515315e-13,1.3817638981417814e-12
r2p8_w128_di32,4,1696,specific_humidity,175.0,3.1129370728082507e-12,9.269544466138925e-12
r2p8_w128_di32,4,1696,specific_humidity,200.0,1.7224567795719864e-11,2.681779608543421e-11
r2p8_w128_di32,4,1696,specific_humidity,225.0,7.266019820229885e-11,1.0802931177522929e-10
r2p8_w128_di32,4,1696,specific_humidity,250.0,2.260142254336237e-10,3.5799345193115187e-10
r2p8_w128_di32,4,1696,specific_humidity,300.0,1.1943600377511298e-09,2.3013287222417617e-09
r2p8_w128_di32,4,1696,specific_humidity,350.0,4.1034687231203145e-09,6.556728015205262e-09
r2p8_w128_di32,4,1696,specific_humidity,400.0,1.0218196281929792e-08,1.7653247327020517e-08
r2p8_w128_di32,4,1696,specific_humidity,450.0,2.1221508844362654e-08,3.111123414300438e-08
r2p8_w128_di32,4,1696,specific_humidity,500.0,3.633391267640685e-08,4.6970966829824044e-08
r2p8_w128_di32,4,1696,specific_humidity,550.0,5.825099867052357e-08,6.841164294057629e-08
r2p8_w128_di32,4,1696,specific_humidity,600.0,7.987532751446492e-08,1.0482837859157858e-07
r2p8_w128_di32,4,1696,specific_humidity,650.0,1.1199283436752987e-07,1.6021191898944317e-07
r2p8_w128_di32,4,1696,specific_humidity,700.0,1.436713131456084e-07,2.2428952984056192e-07
r2p8_w128_di32,4,1696,specific_humidity,750.0,1.7886858791580598e-07,2.561052961308886e-07
r2p8_w128_di32,4,1696,specific_humidity,775.0,1.9098260635633102e-07,2.600765564097402e-07
r2p8_w128_di32,4,1696,specific_humidity,800.0,2.0336908329278867e-07,2.714216870429285e-07
r2p8_w128_di32,4,1696,specific_humidity,825.0,2.1300108063225765e-07,2.700340358350897e-07
r2p8_w128_di32,4,1696,specific_humidity,850.0,2.108220350025642e-07,2.768728635538002e-07
r2p8_w128_di32,4,1696,specific_humidity,875.0,1.9530405060497688e-07,2.471065721680365e-07
r2p8_w128_di32,4,1696,specific_humidity,900.0,1.7737926227155216e-07,2.185946267402641e-07
r2p8_w128_di32,4,1696,specific_humidity,925.0,1.493074445703311e-07,1.8089206893047232e-07
r2p8_w128_di32,4,1696,specific_humidity,950.0,1.1990993478272445e-07,1.517786925005629e-07
r2p8_w128_di32,4,1696,specific_humidity,975.0,1.1499239043863894e-07,1.3317026005949108e-07
r2p8_w128_di32,4,1696,specific_humidity,1000.0,1.1164597994239398e-07,1.4062030316868207e-07
r2p8_w128_di32,4,1696,specific_cloud_ice_water_content,1.0,2.0656094913948557e-12,2.4495604426525437e-12
r2p8_w128_di32,4,1696,specific_cloud_ice_water_content,2.0,2.0234545277697125e-12,2.4059663221783912e-12
r2p8_w128_di32,4,1696,specific_cloud_ice_water_content,3.0,2.0223645892362894e-12,2.402915726296149e-12
r2p8_w128_di32,4,1696,specific_cloud_ice_water_content,5.0,2.00482062520991e-12,2.4028471913060377e-12
r2p8_w128_di32,4,1696,specific_cloud_ice_water_content,7.0,2.0152753867592816e-12,2.405096430784365e-12
r2p8_w128_di32,4,1696,specific_cloud_ice_water_content,10.0,2.037115150627534e-12,2.4127822013860742e-12
r2p8_w128_di32,4,1696,specific_cloud_ice_water_content,20.0,1.436444092610472e-12,1.7689306963217015e-12
r2p8_w128_di32,4,1696,specific_cloud_ice_water_content,30.0,1.0323275304599433e-12,1.3013942173238917e-12
r2p8_w128_di32,4,1696,specific_cloud_ice_water_content,50.0,6.04867116940882e-13,1.1544904311461887e-12
r2p8_w128_di32,4,1696,specific_cloud_ice_water_content,70.0,5.007802197102933e-13,8.54995187919681e-13
r2p8_w128_di32,4,1696,specific_cloud_ice_water_content,100.0,1.41792414577202e-12,1.9054834741053933e-12
r2p8_w128_di32,4,1696,specific_cloud_ice_water_content,125.0,7.433379552119128e-12,8.327893247378229e-12
r2p8_w128_di32,4,1696,specific_cloud_ice_water_content,150.0,2.0437429827850873e-11,2.235005410180095e-11
r2p8_w128_di32,4,1696,specific_cloud_ice_water_content,175.0,3.4651052583181316e-11,4.011964618864762e-11
r2p8_w128_di32,4,1696,specific_cloud_ice_water_content,200.0,4.9533701323312176e-11,6.463095679347686e-11
r2p8_w128_di32,4,1696,specific_cloud_ice_water_content,225.0,6.440855524445746e-11,9.624004453953607e-11
r2p8_w128_di32,4,1696,specific_cloud_ice_water_content,250.0,7.128898804799967e-11,1.3677882339060946e-10
r2p8_w128_di32,4,1696,specific_cloud_ice_water_content,300.0,6.805355274630973e-11,1.3663657296096086e-10
r2p8_w128_di32,4,1696,specific_cloud_ice_water_content,350.0,6.064485854360536e-11,9.807601277026539e-11
r2p8_w128_di32,4,1696,specific_cloud_ice_water_content,400.0,4.579369841041881e-11,5.999729657583059e-11
r2p8_w128_di32,4,1696,specific_cloud_ice_water_content,450.0,3.341729136034257e-11,4.060452094592655e-11
r2p8_w128_di32,4,1696,specific_cloud_ice_water_content,500.0,2.3787024569424588e-11,2.8370118155719052e-11
r2p8_w128_di32,4,1696,specific_cloud_ice_water_content,550.0,1.584411670627491e-11,1.9400467276956038e-11
r2p8_w128_di32,4,1696,specific_cloud_ice_water_content,600.0,1.1052950666157134e-11,1.337979222570989e-11
r2p8_w128_di32,4,1696,specific_cloud_ice_water_content,650.0,8.164465710032475e-12,1.0123983683232242e-11
r2p8_w128_di32,4,1696,specific_cloud_ice_water_content,700.0,6.09391010173955e-12,7.0753989362588374e-12
r2p8_w128_di32,4,1696,specific_cloud_ice_water_content,750.0,4.78754874018024e-12,5.623495835123952e-12
r2p8_w128_di32,4,1696,specific_cloud_ice_water_content,775.0,4.713934288971145e-12,5.333176094808719e-12
r2p8_w128_di32,4,1696,specific_cloud_ice_water_content,800.0,4.707491983358201e-12,5.52820393181823e-12
r2p8_w128_di32,4,1696,specific_cloud_ice_water_content,825.0,4.550229323514479e-12,5.1497800162613145e-12
r2p8_w128_di32,4,1696,specific_cloud_ice_water_content,850.0,3.961986983271616e-12,4.359000887847146e-12
r2p8_w128_di32,4,1696,specific_cloud_ice_water_content,875.0,3.203053258355219e-12,3.504261087139654e-12
r2p8_w128_di32,4,1696,specific_cloud_ice_water_content,900.0,2.611289247265449e-12,3.031434991554411e-12
r2p8_w128_di32,4,1696,specific_cloud_ice_water_content,925.0,2.0978291394259484e-12,2.6069888152349953e-12
r2p8_w128_di32,4,1696,specific_cloud_ice_water_content,950.0,1.5283444514611215e-12,1.9348634248137427e-12
r2p8_w128_di32,4,1696,specific_cloud_ice_water_content,975.0,1.052711194566144e-12,1.2766392408927149e-12
r2p8_w128_di32,4,1696,specific_cloud_ice_water_content,1000.0,8.760627932093284e-13,1.0599549566574714e-12
r2p8_w128_di32,4,1696,specific_cloud_liquid_water_content,1.0,6.960850716230101e-12,1.1263773606316841e-11
r2p8_w128_di32,4,1696,specific_cloud_liquid_water_content,2.0,6.97905872942246e-12,1.1098950426632158e-11
r2p8_w128_di32,4,1696,specific_cloud_liquid_water_content,3.0,6.894158364596004e-12,1.128491551350894e-11
r2p8_w128_di32,4,1696,specific_cloud_liquid_water_content,5.0,6.959709655962159e-12,1.1146509713944271e-11
r2p8_w128_di32,4,1696,specific_cloud_liquid_water_content,7.0,7.049454723725454e-12,1.1033765055809199e-11
r2p8_w128_di32,4,1696,specific_cloud_liquid_water_content,10.0,6.904741347396527e-12,1.1239489901497035e-11
r2p8_w128_di32,4,1696,specific_cloud_liquid_water_content,20.0,5.3435425763698175e-12,8.796820415215063e-12
r2p8_w128_di32,4,1696,specific_cloud_liquid_water_content,30.0,3.906649930766201e-12,6.6869033482420675e-12
r2p8_w128_di32,4,1696,specific_cloud_liquid_water_content,50.0,3.665392761854649e-12,9.96173593810342e-12
r2p8_w128_di32,4,1696,specific_cloud_liquid_water_content,70.0,2.4087816302428625e-12,1.5683305586103588e-11
r2p8_w128_di32,4,1696,specific_cloud_liquid_water_content,100.0,2.305795471391585e-12,1.0536670045561124e-11
r2p8_w128_di32,4,1696,specific_cloud_liquid_water_content,125.0,1.980715439158574e-12,6.490535912160853e-12
r2p8_w128_di32,4,1696,specific_cloud_liquid_water_content,150.0,2.2718102831329924e-12,6.207771361733802e-12
r2p8_w128_di32,4,1696,specific_cloud_liquid_water_content,175.0,2.7887149269078502e-12,4.4761715671488164e-12
r2p8_w128_di32,4,1696,specific_cloud_liquid_water_content,200.0,3.3221211096406432e-12,5.169878706954641e-12
r2p8_w128_di32,4,1696,specific_cloud_liquid_water_content,225.0,2.8765502800703413e-12,3.743166375935623e-12
r2p8_w128_di32,4,1696,specific_cloud_liquid_water_content,250.0,3.164678334531436e-12,4.591580972763454e-12
r2p8_w128_di32,4,1696,specific_cloud_liquid_water_content,300.0,5.122975064937647e-12,6.553553562394107e-12
r2p8_w128_di32,4,1696,specific_cloud_liquid_water_content,350.0,7.957461985959718e-12,1.042013976476592e-11
r2p8_w128_di32,4,1696,specific_cloud_liquid_water_content,400.0,1.552316402925363e-11,1.8961009999353048e-11
r2p8_w128_di32,4,1696,specific_cloud_liquid_water_content,450.0,3.5263638976948825e-11,4.0260834237872046e-11
r2p8_w128_di32,4,1696,specific_cloud_liquid_water_content,500.0,7.745687769108952e-11,8.595960434958307e-11
r2p8_w128_di32,4,1696,specific_cloud_liquid_water_content,550.0,1.3065076468198478e-10,1.3569835834423465e-10
r2p8_w128_di32,4,1696,specific_cloud_liquid_water_content,600.0,1.0494442934458747e-10,1.1294086850833503e-10
r2p8_w128_di32,4,1696,specific_cloud_liquid_water_content,650.0,1.0600061239225198e-10,1.1456532174826151e-10
r2p8_w128_di32,4,1696,specific_cloud_liquid_water_content,700.0,1.2998984417027117e-10,1.3941884236437354e-10
r2p8_w128_di32,4,1696,specific_cloud_liquid_water_content,750.0,1.6661817846583605e-10,1.7807137524264866e-10
r2p8_w128_di32,4,1696,specific_cloud_liquid_water_content,775.0,1.8760434774014486e-10,2.0221720457918516e-10
r2p8_w128_di32,4,1696,specific_cloud_liquid_water_content,800.0,2.1662372748966472e-10,2.724694883709524e-10
r2p8_w128_di32,4,1696,specific_cloud_liquid_water_content,825.0,2.838498005084331e-10,3.6849460636361554e-10
r2p8_w128_di32,4,1696,specific_cloud_liquid_water_content,850.0,3.367170732005296e-10,6.116412183528695e-10
r2p8_w128_di32,4,1696,specific_cloud_liquid_water_content,875.0,3.45171796013947e-10,8.816561653712921e-10
r2p8_w128_di32,4,1696,specific_cloud_liquid_water_content,900.0,3.08558149439639e-10,6.263594405646939e-10
r2p8_w128_di32,4,1696,specific_cloud_liquid_water_content,925.0,2.4837554240315123e-10,3.7139841608779126e-10
r2p8_w128_di32,4,1696,specific_cloud_liquid_water_content,950.0,1.717761228553055e-10,3.449219002626614e-10
r2p8_w128_di32,4,1696,specific_cloud_liquid_water_content,975.0,1.0367759170511923e-10,2.9431151463039096e-10
r2p8_w128_di32,4,1696,specific_cloud_liquid_water_content,1000.0,6.08969232715158e-11,8.980344516176157e-11
r2p8_w128_di32,5,2120,temperature,1.0,75.19899358061171,333.87261048411995
r2p8_w128_di32,5,2120,temperature,2.0,49.46142185905955,812.1949631943326
r2p8_w128_di32,5,2120,temperature,3.0,32.390100264139605,1019.3385511050928
r2p8_w128_di32,5,2120,temperature,5.0,18.356825226852575,786.0625850716817
r2p8_w128_di32,5,2120,temperature,7.0,12.234180402919598,556.8597937724844
r2p8_w128_di32,5,2120,temperature,10.0,6.932305318301486,384.097052064876
r2p8_w128_di32,5,2120,temperature,20.0,5.231110039609405,51.48106330792928
r2p8_w128_di32,5,2120,temperature,30.0,3.8718095885928965,5.360025966126485
r2p8_w128_di32,5,2120,temperature,50.0,0.38092296676537424,31.632190211450112
r2p8_w128_di32,5,2120,temperature,70.0,0.37079606127902814,4.454085033783798
r2p8_w128_di32,5,2120,temperature,100.0,0.2558116016416615,1.3362749525361863
r2p8_w128_di32,5,2120,temperature,125.0,0.16940880641597242,1.7937371670994973
r2p8_w128_di32,5,2120,temperature,150.0,0.1361507817232322,0.7357960109448515
r2p8_w128_di32,5,2120,temperature,175.0,0.12455395877975778,0.2970638213288743
r2p8_w128_di32,5,2120,temperature,200.0,0.12989476659556026,0.17945317338217576
r2p8_w128_di32,5,2120,temperature,225.0,0.13519545711090475,0.19628669684080732
r2p8_w128_di32,5,2120,temperature,250.0,0.13230877116680964,0.19100042043887464
r2p8_w128_di32,5,2120,temperature,300.0,0.12216572812230317,0.18900422051395338
r2p8_w128_di32,5,2120,temperature,350.0,0.11342368134108606,0.16229124739510087
r2p8_w128_di32,5,2120,temperature,400.0,0.11115286237595418,0.13789059784506605
r2p8_w128_di32,5,2120,temperature,450.0,0.11125911449136602,0.13562291087358677
r2p8_w128_di32,5,2120,temperature,500.0,0.11108228455192035,0.13212854694767096
r2p8_w128_di32,5,2120,temperature,550.0,0.11616847624176556,0.14193181680240172
r2p8_w128_di32,5,2120,temperature,600.0,0.12294365673028317,0.1476190444478874
r2p8_w128_di32,5,2120,temperature,650.0,0.13241656982304714,0.16218629604864776
r2p8_w128_di32,5,2120,temperature,700.0,0.14335038165251415,0.17708529507376483
r2p8_w128_di32,5,2120,temperature,750.0,0.16344922613544563,0.20366135475152136
r2p8_w128_di32,5,2120,temperature,775.0,0.17411779215450549,0.20367150247301843
r2p8_w128_di32,5,2120,temperature,800.0,0.1904199641799599,0.2432539969375453
r2p8_w128_di32,5,2120,temperature,825.0,0.21654968975540698,0.27527337952987435
r2p8_w128_di32,5,2120,temperature,850.0,0.23338040444244634,0.3367646023784716
r2p8_w128_di32,5,2120,temperature,875.0,0.2383985525041921,0.36207494875000107
r2p8_w128_di32,5,2120,temperature,900.0,0.23817769453902424,0.3211823343513758
r2p8_w128_di32,5,2120,temperature,925.0,0.24131919994591847,0.32931176929949074
r2p8_w128_di32,5,2120,temperature,950.0,0.25338859005072684,0.34217498607651886
r2p8_w128_di32,5,2120,temperature,975.0,0.28011338818319065,0.37174088190920984
r2p8_w128_di32,5,2120,temperature,1000.0,0.29223923702625065,0.4086980617537941
r2p8_w128_di32,5,2120,geopotential,1.0,904225144.566323,24370962.77113402
r2p8_w128_di32,5,2120,geopotential,2.0,421705871.6151203,4443418.655841924
r2p8_w128_di32,5,2120,geopotential,3.0,239814309.2783505,2404011.930498282
r2p8_w128_di32,5,2120,geopotential,5.0,90220112.5718213,1200698.0015893471
r2p8_w128_di32,5,2120,geopotential,7.0,35922425.003436424,557798.0593427835
r2p8_w128_di32,5,2120,geopotential,10.0,7552648.180412371,292292.70612113405
r2p8_w128_di32,5,2120,geopotential,20.0,1870461.121821306,798040.5862972508
r2p8_w128_di32,5,2120,geopotential,30.0,3139592.8699312713,426568.1671606529
r2p8_w128_di32,5,2120,geopotential,50.0,3545.1752452312876,57446.148024054986
r2p8_w128_di32,5,2120,geopotential,70.0,3058.496623308634,74261.26345844072
r2p8_w128_di32,5,2120,geopotential,100.0,1947.3920830900317,4833.94578735771
r2p8_w128_di32,5,2120,geopotential,125.0,1600.7544679412317,2458.5998233965583
r2p8_w128_di32,5,2120,geopotential,150.0,1447.6305559610582,1828.871058303466
r2p8_w128_di32,5,2120,geopotential,175.0,1401.25583080803,2187.008858613214
r2p8_w128_di32,5,2120,geopotential,200.0,1392.0184857240656,2748.8367544062767
r2p8_w128_di32,5,2120,geopotential,225.0,1334.66822119644,2568.5255725978577
r2p8_w128_di32,5,2120,geopotential,250.0,1327.4334120707824,1985.56166715327
r2p8_w128_di32,5,2120,geopotential,300.0,1326.4102626734993,1840.4347945695072
r2p8_w128_di32,5,2120,geopotential,350.0,1262.2029262057695,1977.023664441715
r2p8_w128_di32,5,2120,geopotential,400.0,1164.8296497043466,1535.1509322648196
r2p8_w128_di32,5,2120,geopotential,450.0,1068.8698042512349,1478.5453666555923
r2p8_w128_di32,5,2120,geopotential,500.0,984.3614905078796,1321.6767188842355
r2p8_w128_di32,5,2120,geopotential,550.0,916.9645822636451,1254.7871791774055
r2p8_w128_di32,5,2120,geopotential,600.0,874.5392489403794,1193.235391875067
r2p8_w128_di32,5,2120,geopotential,650.0,845.6806461714388,1212.4592478958602
r2p8_w128_di32,5,2120,geopotential,700.0,839.1996944886303,1198.0621886577803
r2p8_w128_di32,5,2120,geopotential,750.0,838.9861821859563,1227.3821034434734
r2p8_w128_di32,5,2120,geopotential,775.0,849.8817782372544,1278.4451608140034
r2p8_w128_di32,5,2120,geopotential,800.0,859.8848000018457,1285.004353169969
r2p8_w128_di32,5,2120,geopotential,825.0,876.5115020856824,1271.918430477811
r2p8_w128_di32,5,2120,geopotential,850.0,896.7007591011597,1314.5976223975113
r2p8_w128_di32,5,2120,geopotential,875.0,920.5010710306593,1366.3797825554393
r2p8_w128_di32,5,2120,geopotential,900.0,960.3472132731958,1434.7229731294299
r2p8_w128_di32,5,2120,geopotential,925.0,1007.6959030937903,1507.35177471777
r2p8_w128_di32,5,2120,geopotential,950.0,1060.872597857603,1633.9452668599656
r2p8_w128_di32,5,2120,geopotential,975.0,1143.3865640017584,1894.735873570393
r2p8_w128_di32,5,2120,geopotential,1000.0,1260.156984435406,2401.365602179983
r2p8_w128_di32,5,2120,u_component_of_wind,1.0,722.9386758601133,1551.1808602559197
r2p8_w128_di32,5,2120,u_component_of_wind,2.0,455.2801186682842,666.292362844985
r2p8_w128_di32,5,2120,u_component_of_wind,3.0,285.6802493013467,421.44032691352555
r2p8_w128_di32,5,2120,u_component_of_wind,5.0,139.57897599472622,179.58251007709308
r2p8_w128_di32,5,2120,u_component_of_wind,7.0,94.83603440379768,120.66697777030394
r2p8_w128_di32,5,2120,u_component_of_wind,10.0,68.12114248111895,100.7282289590213
r2p8_w128_di32,5,2120,u_component_of_wind,20.0,26.779242006282217,46.438867645001494
r2p8_w128_di32,5,2120,u_component_of_wind,30.0,26.19292216612301,34.13758259343937
r2p8_w128_di32,5,2120,u_component_of_wind,50.0,1.1315817461390676,8.237804078564201
r2p8_w128_di32,5,2120,u_component_of_wind,70.0,1.12226303430767,2.088306710974048
r2p8_w128_di32,5,2120,u_component_of_wind,100.0,1.3048216249115279,2.730800455788157
r2p8_w128_di32,5,2120,u_component_of_wind,125.0,1.4188450351613493,2.0880703473009197
r2p8_w128_di32,5,2120,u_component_of_wind,150.0,1.4963557155271576,2.685089661493334
r2p8_w128_di32,5,2120,u_component_of_wind,175.0,1.5222772715427622,2.459047896345866
r2p8_w128_di32,5,2120,u_component_of_wind,200.0,1.596340423883851,2.4494188624149333
r2p8_w128_di32,5,2120,u_component_of_wind,225.0,1.7501107596859489,2.6074175818269607
r2p8_w128_di32,5,2120,u_component_of_wind,250.0,1.88050915801648,2.6688754198067786
r2p8_w128_di32,5,2120,u_component_of_wind,300.0,1.9726522819283083,3.967320872664042
r2p8_w128_di32,5,2120,u_component_of_wind,350.0,1.807396195352692,3.866438257243625
r2p8_w128_di32,5,2120,u_component_of_wind,400.0,1.59124540152009,2.3339571639024923
r2p8_w128_di32,5,2120,u_component_of_wind,450.0,1.4034066351418644,1.8896775672525885
r2p8_w128_di32,5,2120,u_component_of_wind,500.0,1.2501135787603372,1.5311994560805382
r2p8_w128_di32,5,2120,u_component_of_wind,550.0,1.1626420173448386,1.3283834545882707
r2p8_w128_di32,5,2120,u_component_of_wind,600.0,1.0861500463125222,1.2283524877426961
r2p8_w128_di32,5,2120,u_component_of_wind,650.0,1.0444742619786476,1.4147966040778406
r2p8_w128_di32,5,2120,u_component_of_wind,700.0,1.003151554831934,1.2460770529979692
r2p8_w128_di32,5,2120,u_component_of_wind,750.0,0.9663509646232186,1.0908354961585343
r2p8_w128_di32,5,2120,u_component_of_wind,775.0,0.9445383881785206,1.0986651919961385
r2p8_w128_di32,5,2120,u_component_of_wind,800.0,0.92787974003664,1.0769279907249503
r2p8_w128_di32,5,2120,u_component_of_wind,825.0,0.9099692950543669,1.0615477808562341
r2p8_w128_di32,5,2120,u_component_of_wind,850.0,0.8807123280472772,1.024940429930015
r2p8_w128_di32,5,2120,u_component_of_wind,875.0,0.8459510380050161,1.002556672784471
r2p8_w128_di32,5,2120,u_component_of_wind,900.0,0.8174166316838608,0.9927485789630012
r2p8_w128_di32,5,2120,u_component_of_wind,925.0,0.8008179622417463,0.9870426087445
r2p8_w128_di32,5,2120,u_component_of_wind,950.0,0.7643924616456441,0.9920548602887446
r2p8_w128_di32,5,2120,u_component_of_wind,975.0,0.679763151218801,0.9261737020564653
r2p8_w128_di32,5,2120,u_component_of_wind,1000.0,0.5664272328627479,0.8357004478215352
r2p8_w128_di32,5,2120,v_component_of_wind,1.0,119.05225657564668,139.9931948317695
r2p8_w128_di32,5,2120,v_component_of_wind,2.0,72.77250083844686,90.38163333381574
r2p8_w128_di32,5,2120,v_component_of_wind,3.0,52.03747801108868,69.82832765087639
r2p8_w128_di32,5,2120,v_component_of_wind,5.0,32.71310249145088,43.53831128779146
r2p8_w128_di32,5,2120,v_component_of_wind,7.0,24.73936256133404,32.035571422773536
r2p8_w128_di32,5,2120,v_component_of_wind,10.0,17.121713023497065,21.857842992671166
r2p8_w128_di32,5,2120,v_component_of_wind,20.0,9.852611001660325,11.787822765337232
r2p8_w128_di32,5,2120,v_component_of_wind,30.0,8.196863597856764,10.733720894122042
r2p8_w128_di32,5,2120,v_component_of_wind,50.0,1.1579218097159134,5.298089302036771
r2p8_w128_di32,5,2120,v_component_of_wind,70.0,1.2083303110706027,36.24042743276485
r2p8_w128_di32,5,2120,v_component_of_wind,100.0,1.358649160648949,3.460583473808577
r2p8_w128_di32,5,2120,v_component_of_wind,125.0,1.464807457694483,3.978901829998108
r2p8_w128_di32,5,2120,v_component_of_wind,150.0,1.4900461818754058,4.309232850910462
r2p8_w128_di32,5,2120,v_component_of_wind,175.0,1.4851046708850926,2.5495990701557436
r2p8_w128_di32,5,2120,v_component_of_wind,200.0,1.5519517937067038,2.0711546119545745
r2p8_w128_di32,5,2120,v_component_of_wind,225.0,1.7551270650424498,2.8921518835415134
r2p8_w128_di32,5,2120,v_component_of_wind,250.0,1.9538696924845378,3.5250531088445602
r2p8_w128_di32,5,2120,v_component_of_wind,300.0,2.199929283328892,3.9712266795823665
r2p8_w128_di32,5,2120,v_component_of_wind,350.0,2.0805937891563597,3.589049235242339
r2p8_w128_di32,5,2120,v_component_of_wind,400.0,1.842572056304958,2.4891957577151533
r2p8_w128_di32,5,2120,v_component_of_wind,450.0,1.6110221734161638,2.2236380330475747
r2p8_w128_di32,5,2120,v_component_of_wind,500.0,1.4217242776323429,1.992559820843726
r2p8_w128_di32,5,2120,v_component_of_wind,550.0,1.3090241281027646,1.5953897378698656
r2p8_w128_di32,5,2120,v_component_of_wind,600.0,1.2139677363163008,1.487982717822098
r2p8_w128_di32,5,2120,v_component_of_wind,650.0,1.158326429722645,1.561913183054973
r2p8_w128_di32,5,2120,v_component_of_wind,700.0,1.1124399000017093,1.3443352468644632
r2p8_w128_di32,5,2120,v_component_of_wind,750.0,1.0738952532257002,1.3118171752932966
r2p8_w128_di32,5,2120,v_component_of_wind,775.0,1.0539147950939296,1.4476532305229162
r2p8_w128_di32,5,2120,v_component_of_wind,800.0,1.0374182451221952,1.6568794291453672
r2p8_w128_di32,5,2120,v_component_of_wind,825.0,1.0209088774071526,1.4290980556166868
r2p8_w128_di32,5,2120,v_component_of_wind,850.0,0.9962723830311568,1.38227068001462
r2p8_w128_di32,5,2120,v_component_of_wind,875.0,0.9674795301099823,1.3905848951274178
r2p8_w128_di32,5,2120,v_component_of_wind,900.0,0.9479510768582321,1.2643989256157497
r2p8_w128_di32,5,2120,v_component_of_wind,925.0,0.9261941030263081,1.196278302243485
r2p8_w128_di32,5,2120,v_component_of_wind,950.0,0.8840874612126564,1.1608418335619661
r2p8_w128_di32,5,2120,v_component_of_wind,975.0,0.7781730204513393,1.1236360547468833
r2p8_w128_di32,5,2120,v_component_of_wind,1000.0,0.6346544354846797,0.8853238418749517
r2p8_w128_di32,5,2120,specific_humidity,1.0,7.979712329664615e-13,1.0795796902153565e-13
r2p8_w128_di32,5,2120,specific_humidity,2.0,5.29086877704512e-13,4.4831350387609816e-14
r2p8_w128_di32,5,2120,specific_humidity,3.0,3.6428078088250586e-13,3.307348397964085e-14
r2p8_w128_di32,5,2120,specific_humidity,5.0,1.8613657648499995e-13,7.41368452209655e-14
r2p8_w128_di32,5,2120,specific_humidity,7.0,1.1637544761544083e-13,1.2468550836215496e-13
r2p8_w128_di32,5,2120,specific_humidity,10.0,6.511209778552283e-14,1.937567855769424e-13
r2p8_w128_di32,5,2120,specific_humidity,20.0,1.788848140050651e-14,1.8263929337810948e-13
r2p8_w128_di32,5,2120,specific_humidity,30.0,1.002146847301838e-14,2.8702755369810245e-14
r2p8_w128_di32,5,2120,specific_humidity,50.0,1.5086202651576535e-16,1.2362065990168942e-13
r2p8_w128_di32,5,2120,specific_humidity,70.0,6.555352921912525e-16,1.3408537435947487e-14
r2p8_w128_di32,5,2120,specific_humidity,100.0,7.841293617331244e-15,2.073689466142328e-14
r2p8_w128_di32,5,2120,specific_humidity,125.0,5.6395601411281255e-14,2.025777619877229e-13
r2p8_w128_di32,5,2120,specific_humidity,150.0,4.4888748201515315e-13,1.5233196978638342e-12
r2p8_w128_di32,5,2120,specific_humidity,175.0,3.1129370728082507e-12,8.818582925393879e-12
r2p8_w128_di32,5,2120,specific_humidity,200.0,1.7224567795719864e-11,2.802691654549892e-11
r2p8_w128_di32,5,2120,specific_humidity,225.0,7.266019820229885e-11,1.1711395751613578e-10
r2p8_w128_di32,5,2120,specific_humidity,250.0,2.260142254336237e-10,3.85925275623624e-10
r2p8_w128_di32,5,2120,specific_humidity,300.0,1.1943600377511298e-09,2.542326711427856e-09
r2p8_w128_di32,5,2120,specific_humidity,350.0,4.1034687231203145e-09,6.679695768634463e-09
r2p8_w128_di32,5,2120,specific_humidity,400.0,1.0218196281929792e-08,1.9046185759049643e-08
r2p8_w128_di32,5,2120,specific_humidity,450.0,2.1221508844362654e-08,3.224632812530928e-08
r2p8_w128_di32,5,2120,specific_humidity,500.0,3.633391267640685e-08,4.777788000314013e-08
r2p8_w128_di32,5,2120,specific_humidity,550.0,5.825099867052357e-08,6.973380512390249e-08
r2p8_w128_di32,5,2120,specific_humidity,600.0,7.987532751446492e-08,1.0693086140043124e-07
r2p8_w128_di32,5,2120,specific_humidity,650.0,1.1199283436752987e-07,1.6374881717850874e-07
r2p8_w128_di32,5,2120,specific_humidity,700.0,1.436713131456084e-07,2.304349136364468e-07
r2p8_w128_di32,5,2120,specific_humidity,750.0,1.7886858791580598e-07,2.5976768391224936e-07
r2p8_w128_di32,5,2120,specific_humidity,775.0,1.9098260635633102e-07,2.5983701024356113e-07
r2p8_w128_di32,5,2120,specific_humidity,800.0,2.0336908329278867e-07,2.729817881349986e-07
r2p8_w128_di32,5,2120,specific_humidity,825.0,2.1300108063225765e-07,2.7514172977573997e-07
r2p8_w128_di32,5,2120,specific_humidity,850.0,2.108220350025642e-07,2.7781715227829535e-07
r2p8_w128_di32,5,2120,specific_humidity,875.0,1.9530405060497688e-07,2.534877530819877e-07
r2p8_w128_di32,5,2120,specific_humidity,900.0,1.7737926227155216e-07,2.294128116335651e-07
r2p8_w128_di32,5,2120,specific_humidity,925.0,1.493074445703311e-07,1.8405762419306452e-07
r2p8_w128_di32,5,2120,specific_humidity,950.0,1.1990993478272445e-07,1.5122307627338554e-07
r2p8_w128_di32,5,2120,specific_humidity,975.0,1.1499239043863894e-07,1.3692442143316662e-07
r2p8_w128_di32,5,2120,specific_humidity,1000.0,1.1164597994239398e-07,1.4620321298423082e-07
r2p8_w128_di32,5,2120,specific_cloud_ice_water_content,1.0,2.0656094913948557e-12,2.365182491887315e-12
r2p8_w128_di32,5,2120,specific_cloud_ice_water_content,2.0,2.0234545277697125e-12,2.3468123821989366e-12
r2p8_w128_di32,5,2120,specific_cloud_ice_water_content,3.0,2.0223645892362894e-12,2.35273406212537e-12
r2p8_w128_di32,5,2120,specific_cloud_ice_water_content,5.0,2.00482062520991e-12,2.350860535585038e-12
r2p8_w128_di32,5,2120,specific_cloud_ice_water_content,7.0,2.0152753867592816e-12,2.3506813417796255e-12
r2p8_w128_di32,5,2120,specific_cloud_ice_water_content,10.0,2.037115150627534e-12,2.350249179538829e-12
r2p8_w128_di32,5,2120,specific_cloud_ice_water_content,20.0,1.436444092610472e-12,1.7531176615853044e-12
r2p8_w128_di32,5,2120,specific_cloud_ice_water_content,30.0,1.0323275304599433e-12,1.3274858756895466e-12
r2p8_w128_di32,5,2120,specific_cloud_ice_water_content,50.0,6.04867116940882e-13,1.2227030056120214e-12
r2p8_w128_di32,5,2120,specific_cloud_ice_water_content,70.0,5.007802197102933e-13,9.241974530525378e-13
r2p8_w128_di32,5,2120,specific_cloud_ice_water_content,100.0,1.41792414577202e-12,1.9488918300618744e-12
r2p8_w128_di32,5,2120,specific_cloud_ice_water_content,125.0,7.433379552119128e-12,8.500610345182196e-12
r2p8_w128_di32,5,2120,specific_cloud_ice_water_content,150.0,2.0437429827850873e-11,2.2743630947635815e-11
r2p8_w128_di32,5,2120,specific_cloud_ice_water_content,175.0,3.4651052583181316e-11,4.063904570583889e-11
r2p8_w128_di32,5,2120,specific_cloud_ice_water_content,200.0,4.9533701323312176e-11,6.582078884652069e-11
r2p8_w128_di32,5,2120,specific_cloud_ice_water_content,225.0,6.440855524445746e-11,1.0074048460167579e-10
r2p8_w128_di32,5,2120,specific_cloud_ice_water_content,250.0,7.128898804799967e-11,1.479178441101635e-10
r2p8_w128_di32,5,2120,specific_cloud_ice_water_content,300.0,6.805355274630973e-11,1.500609444455786e-10
r2p8_w128_di32,5,2120,specific_cloud_ice_water_content,350.0,6.064485854360536e-11,1.0550257019198752e-10
r2p8_w128_di32,5,2120,specific_cloud_ice_water_content,400.0,4.579369841041881e-11,6.228684224324267e-11
r2p8_w128_di32,5,2120,specific_cloud_ice_water_content,450.0,3.341729136034257e-11,4.1631320819337275e-11
r2p8_w128_di32,5,2120,specific_cloud_ice_water_content,500.0,2.3787024569424588e-11,2.892311519629914e-11
r2p8_w128_di32,5,2120,specific_cloud_ice_water_content,550.0,1.584411670627491e-11,1.95630552648458e-11
r2p8_w128_di32,5,2120,specific_cloud_ice_water_content,600.0,1.1052950666157134e-11,1.3458136191236394e-11
r2p8_w128_di32,5,2120,specific_cloud_ice_water_content,650.0,8.164465710032475e-12,9.95091592173334e-12
r2p8_w128_di32,5,2120,specific_cloud_ice_water_content,700.0,6.09391010173955e-12,7.169072411115837e-12
r2p8_w128_di32,5,2120,specific_cloud_ice_water_content,750.0,4.78754874018024e-12,5.694746423957825e-12
r2p8_w128_di32,5,2120,specific_cloud_ice_water_content,775.0,4.713934288971145e-12,5.407187882492581e-12
r2p8_w128_di32,5,2120,specific_cloud_ice_water_content,800.0,4.707491983358201e-12,5.626218514916054e-12
r2p8_w128_di32,5,2120,specific_cloud_ice_water_content,825.0,4.550229323514479e-12,5.231201636822755e-12
r2p8_w128_di32,5,2120,specific_cloud_ice_water_content,850.0,3.961986983271616e-12,4.395000331417418e-12
r2p8_w128_di32,5,2120,specific_cloud_ice_water_content,875.0,3.203053258355219e-12,3.5230231459729934e-12
r2p8_w128_di32,5,2120,specific_cloud_ice_water_content,900.0,2.611289247265449e-12,3.0601611644779395e-12
r2p8_w128_di32,5,2120,specific_cloud_ice_water_content,925.0,2.0978291394259484e-12,2.631928617659695e-12
r2p8_w128_di32,5,2120,specific_cloud_ice_water_content,950.0,1.5283444514611215e-12,1.9366754987749383e-12
r2p8_w128_di32,5,2120,specific_cloud_ice_water_content,975.0,1.052711194566144e-12,1.2393177136672364e-12
r2p8_w128_di32,5,2120,specific_cloud_ice_water_content,1000.0,8.760627932093284e-13,1.1045147311855155e-12
r2p8_w128_di32,5,2120,specific_cloud_liquid_water_content,1.0,6.960850716230101e-12,1.1136251133375628e-11
r2p8_w128_di32,5,2120,specific_cloud_liquid_water_content,2.0,6.97905872942246e-12,1.1090072334832823e-11
r2p8_w128_di32,5,2120,specific_cloud_liquid_water_content,3.0,6.894158364596004e-12,1.1135726176841678e-11
r2p8_w128_di32,5,2120,specific_cloud_liquid_water_content,5.0,6.959709655962159e-12,1.1112251934532253e-11
r2p8_w128_di32,5,2120,specific_cloud_liquid_water_content,7.0,7.049454723725454e-12,1.1084854361132699e-11
r2p8_w128_di32,5,2120,specific_cloud_liquid_water_content,10.0,6.904741347396527e-12,1.1092712790222477e-11
r2p8_w128_di32,5,2120,specific_cloud_liquid_water_content,20.0,5.3435425763698175e-12,8.713777424775584e-12
r2p8_w128_di32,5,2120,specific_cloud_liquid_water_content,30.0,3.906649930766201e-12,6.917253955220678e-12
r2p8_w128_di32,5,2120,specific_cloud_liquid_water_content,50.0,3.665392761854649e-12,1.0659696837755993e-11
r2p8_w128_di32,5,2120,specific_cloud_liquid_water_content,70.0,2.4087816302428625e-12,1.1901100186358557e-11
r2p8_w128_di32,5,2120,specific_cloud_liquid_water_content,100.0,2.305795471391585e-12,7.985716488017223e-12
r2p8_w128_di32,5,2120,specific_cloud_liquid_water_content,125.0,1.980715439158574e-12,6.6426194334575654e-12
r2p8_w128_di32,5,2120,specific_cloud_liquid_water_content,150.0,2.2718102831329924e-12,6.11104458488555e-12
r2p8_w128_di32,5,2120,specific_cloud_liquid_water_content,175.0,2.7887149269078502e-12,4.344523265895301e-12
r2p8_w128_di32,5,2120,specific_cloud_liquid_water_content,200.0,3.3221211096406432e-12,5.352724648950135e-12
r2p8_w128_di32,5,2120,specific_cloud_liquid_water_content,225.0,2.8765502800703413e-12,3.8177225663439886e-12
r2p8_w128_di32,5,2120,specific_cloud_liquid_water_content,250.0,3.164678334531436e-12,4.80203030356093e-12
r2p8_w128_di32,5,2120,specific_cloud_liquid_water_content,300.0,5.122975064937647e-12,6.593968962754195e-12
r2p8_w128_di32,5,2120,specific_cloud_liquid_water_content,350.0,7.957461985959718e-12,1.028736021382107e-11
r2p8_w128_di32,5,2120,specific_cloud_liquid_water_content,400.0,1.552316402925363e-11,1.950646775286907e-11
r2p8_w128_di32,5,2120,specific_cloud_liquid_water_content,450.0,3.5263638976948825e-11,4.0850595207504765e-11
r2p8_w128_di32,5,2120,specific_cloud_liquid_water_content,500.0,7.745687769108952e-11,8.654165698543543e-11
r2p8_w128_di32,5,2120,specific_cloud_liquid_water_content,550.0,1.3065076468198478e-10,1.3661891397672034e-10
r2p8_w128_di32,5,2120,specific_cloud_liquid_water_content,600.0,1.0494442934458747e-10,1.1389440514706293e-10
r2p8_w128_di32,5,2120,specific_cloud_liquid_water_content,650.0,1.0600061239225198e-10,1.1529943095162297e-10
r2p8_w128_di32,5,2120,specific_cloud_liquid_water_content,700.0,1.2998984417027117e-10,1.40668975403653e-10
r2p8_w128_di32,5,2120,specific_cloud_liquid_water_content,750.0,1.6661817846583605e-10,1.790006453580688e-10
r2p8_w128_di32,5,2120,specific_cloud_liquid_water_content,775.0,1.8760434774014486e-10,2.0432995442634555e-10
r2p8_w128_di32,5,2120,specific_cloud_liquid_water_content,800.0,2.1662372748966472e-10,2.782679077997871e-10
r2p8_w128_di32,5,2120,specific_cloud_liquid_water_content,825.0,2.838498005084331e-10,3.911527546307525e-10
r2p8_w128_di32,5,2120,specific_cloud_liquid_water_content,850.0,3.367170732005296e-10,6.561742386750205e-10
r2p8_w128_di32,5,2120,specific_cloud_liquid_water_content,875.0,3.45171796013947e-10,9.212158591890999e-10
r2p8_w128_di32,5,2120,specific_cloud_liquid_water_content,900.0,3.08558149439639e-10,7.133395629438472e-10
r2p8_w128_di32,5,2120,specific_cloud_liquid_water_content,925.0,2.4837554240315123e-10,3.958086310978574e-10
r2p8_w128_di32,5,2120,specific_cloud_liquid_water_content,950.0,1.717761228553055e-10,3.9195556384352184e-10
r2p8_w128_di32,5,2120,specific_cloud_liquid_water_content,975.0,1.0367759170511923e-10,2.9767375401191745e-10
r2p8_w128_di32,5,2120,specific_cloud_liquid_water_content,1000.0,6.08969232715158e-11,9.04632830581872e-11
r2p8_w128_di32,6,2544,temperature,1.0,75.19899358061171,335.8828310202897
r2p8_w128_di32,6,2544,temperature,2.0,49.46142185905955,825.6331983848127
r2p8_w128_di32,6,2544,temperature,3.0,32.390100264139605,1035.0692420566204
r2p8_w128_di32,6,2544,temperature,5.0,18.356825226852575,789.3026871409203
r2p8_w128_di32,6,2544,temperature,7.0,12.234180402919598,552.0825829155257
r2p8_w128_di32,6,2544,temperature,10.0,6.932305318301486,378.9962026694386
r2p8_w128_di32,6,2544,temperature,20.0,5.231110039609405,49.755306880990254
r2p8_w128_di32,6,2544,temperature,30.0,3.8718095885928965,5.483684090650368
r2p8_w128_di32,6,2544,temperature,50.0,0.38092296676537424,32.599554221818536
r2p8_w128_di32,6,2544,temperature,70.0,0.37079606127902814,4.923825647085393
r2p8_w128_di32,6,2544,temperature,100.0,0.2558116016416615,1.7468669779931556
r2p8_w128_di32,6,2544,temperature,125.0,0.16940880641597242,2.0229388984208256
r2p8_w128_di32,6,2544,temperature,150.0,0.1361507817232322,0.8255792188480547
r2p8_w128_di32,6,2544,temperature,175.0,0.12455395877975778,0.3159686885338878
r2p8_w128_di32,6,2544,temperature,200.0,0.12989476659556026,0.1753878680189041
r2p8_w128_di32,6,2544,temperature,225.0,0.13519545711090475,0.19877360936292668
r2p8_w128_di32,6,2544,temperature,250.0,0.13230877116680964,0.1890850598050147
r2p8_w128_di32,6,2544,temperature,300.0,0.12216572812230317,0.19291312526591456
r2p8_w128_di32,6,2544,temperature,350.0,0.11342368134108606,0.15906875624074968
r2p8_w128_di32,6,2544,temperature,400.0,0.11115286237595418,0.13750453146360175
r2p8_w128_di32,6,2544,temperature,450.0,0.11125911449136602,0.1321377578213862
r2p8_w128_di32,6,2544,temperature,500.0,0.11108228455192035,0.1307785921182829
r2p8_w128_di32,6,2544,temperature,550.0,0.11616847624176556,0.13775883937619396
r2p8_w128_di32,6,2544,temperature,600.0,0.12294365673028317,0.14792850954118872
r2p8_w128_di32,6,2544,temperature,650.0,0.13241656982304714,0.1606556615315352
r2p8_w128_di32,6,2544,temperature,700.0,0.14335038165251415,0.17417079629152502
r2p8_w128_di32,6,2544,temperature,750.0,0.16344922613544563,0.19638784555430264
r2p8_w128_di32,6,2544,temperature,775.0,0.17411779215450549,0.2012592364832298
r2p8_w128_di32,6,2544,temperature,800.0,0.1904199641799599,0.2434550487503563
r2p8_w128_di32,6,2544,temperature,825.0,0.21654968975540698,0.27057554875452494
r2p8_w128_di32,6,2544,temperature,850.0,0.23338040444244634,0.348213448250007
r2p8_w128_di32,6,2544,temperature,875.0,0.2383985525041921,0.3728271045226002
r2p8_w128_di32,6,2544,temperature,900.0,0.23817769453902424,0.32649803245600145
r2p8_w128_di32,6,2544,temperature,925.0,0.24131919994591847,0.32722788930348923
r2p8_w128_di32,6,2544,temperature,950.0,0.25338859005072684,0.33818467977325534
r2p8_w128_di32,6,2544,temperature,975.0,0.28011338818319065,0.36259793450742245
r2p8_w128_di32,6,2544,temperature,1000.0,0.29223923702625065,0.3961066372410948
r2p8_w128_di32,6,2544,geopotential,1.0,904225144.566323,22695783.249484535
r2p8_w128_di32,6,2544,geopotential,2.0,421705871.6151203,4193385.9869415807
r2p8_w128_di32,6,2544,geopotential,3.0,239814309.2783505,2269104.4045532644
r2p8_w128_di32,6,2544,geopotential,5.0,90220112.5718213,1096867.8729810996
r2p8_w128_di32,6,2544,geopotential,7.0,35922425.003436424,515346.44862542953
r2p8_w128_di32,6,2544,geopotential,10.0,7552648.180412371,276379.54596219934
r2p8_w128_di32,6,2544,geopotential,20.0,1870461.121821306,738820.7933419244
r2p8_w128_di32,6,2544,geopotential,30.0,3139592.8699312713,378390.4568943299
r2p8_w128_di32,6,2544,geopotential,50.0,3545.1752452312876,55865.39107066151
r2p8_w128_di32,6,2544,geopotential,70.0,3058.496623308634,70053.2108032646
r2p8_w128_di32,6,2544,geopotential,100.0,1947.3920830900317,5679.65522477717
r2p8_w128_di32,6,2544,geopotential,125.0,1600.7544679412317,2043.0194986140195
r2p8_w128_di32,6,2544,geopotential,150.0,1447.6305559610582,1736.1495278269974
r2p8_w128_di32,6,2544,geopotential,175.0,1401.25583080803,2851.9151102911565
r2p8_w128_di32,6,2544,geopotential,200.0,1392.0184857240656,2112.238364475945
r2p8_w128_di32,6,2544,geopotential,225.0,1334.66822119644,1899.1232647558259
r2p8_w128_di32,6,2544,geopotential,250.0,1327.4334120707824,1626.2864936120732
r2p8_w128_di32,6,2544,geopotential,300.0,1326.4102626734993,1992.999666341146
r2p8_w128_di32,6,2544,geopotential,350.0,1262.2029262057695,1668.526224142907
r2p8_w128_di32,6,2544,geopotential,400.0,1164.8296497043466,1539.076629198212
r2p8_w128_di32,6,2544,geopotential,450.0,1068.8698042512349,1376.7707949504
r2p8_w128_di32,6,2544,geopotential,500.0,984.3614905078796,1285.7521750328876
r2p8_w128_di32,6,2544,geopotential,550.0,916.9645822636451,1216.7062415683392
r2p8_w128_di32,6,2544,geopotential,600.0,874.5392489403794,1137.8331182211125
r2p8_w128_di32,6,2544,geopotential,650.0,845.6806461714388,1178.8955372603898
r2p8_w128_di32,6,2544,geopotential,700.0,839.1996944886303,1132.187284803882
r2p8_w128_di32,6,2544,geopotential,750.0,838.9861821859563,1178.9184564020215
r2p8_w128_di32,6,2544,geopotential,775.0,849.8817782372544,1212.528546499141
r2p8_w128_di32,6,2544,geopotential,800.0,859.8848000018457,1203.0727625896022
r2p8_w128_di32,6,2544,geopotential,825.0,876.5115020856824,1204.5402927254484
r2p8_w128_di32,6,2544,geopotential,850.0,896.7007591011597,1247.5150802979354
r2p8_w128_di32,6,2544,geopotential,875.0,920.5010710306593,1300.6650316795533
r2p8_w128_di32,6,2544,geopotential,900.0,960.3472132731958,1373.7584275078527
r2p8_w128_di32,6,2544,geopotential,925.0,1007.6959030937903,1449.5416774474468
r2p8_w128_di32,6,2544,geopotential,950.0,1060.872597857603,1574.9520085809977
r2p8_w128_di32,6,2544,geopotential,975.0,1143.3865640017584,1828.2789999630852
r2p8_w128_di32,6,2544,geopotential,1000.0,1260.156984435406,2349.9301624416075
r2p8_w128_di32,6,2544,u_component_of_wind,1.0,722.9386758601133,1494.2520284646155
r2p8_w128_di32,6,2544,u_component_of_wind,2.0,455.2801186682842,638.320296496624
r2p8_w128_di32,6,2544,u_component_of_wind,3.0,285.6802493013467,398.8277103909102
r2p8_w128_di32,6,2544,u_component_of_wind,5.0,139.57897599472622,198.02560028390786
r2p8_w128_di32,6,2544,u_component_of_wind,7.0,94.83603440379768,133.87357100653895
r2p8_w128_di32,6,2544,u_component_of_wind,10.0,68.12114248111895,106.42131347918429
r2p8_w128_di32,6,2544,u_component_of_wind,20.0,26.779242006282217,50.343653412127416
r2p8_w128_di32,6,2544,u_component_of_wind,30.0,26.19292216612301,35.54843528196984
r2p8_w128_di32,6,2544,u_component_of_wind,50.0,1.1315817461390676,4.586727511841817
r2p8_w128_di32,6,2544,u_component_of_wind,70.0,1.12226303430767,2.5351390698521405
r2p8_w128_di32,6,2544,u_component_of_wind,100.0,1.3048216249115279,3.418946015056466
r2p8_w128_di32,6,2544,u_component_of_wind,125.0,1.4188450351613493,2.292331017087825
r2p8_w128_di32,6,2544,u_component_of_wind,150.0,1.4963557155271576,2.468893599837916
r2p8_w128_di32,6,2544,u_component_of_wind,175.0,1.5222772715427622,2.393904143264613
r2p8_w128_di32,6,2544,u_component_of_wind,200.0,1.596340423883851,2.4636093650896527
r2p8_w128_di32,6,2544,u_component_of_wind,225.0,1.7501107596859489,2.5890069817349675
r2p8_w128_di32,6,2544,u_component_of_wind,250.0,1.88050915801648,2.6396792379851193
r2p8_w128_di32,6,2544,u_component_of_wind,300.0,1.9726522819283083,3.723567085331658
r2p8_w128_di32,6,2544,u_component_of_wind,350.0,1.807396195352692,4.220556550501138
r2p8_w128_di32,6,2544,u_component_of_wind,400.0,1.59124540152009,2.297874905891025
r2p8_w128_di32,6,2544,u_component_of_wind,450.0,1.4034066351418644,1.9318665889530247
r2p8_w128_di32,6,2544,u_component_of_wind,500.0,1.2501135787603372,1.5469773908660993
r2p8_w128_di32,6,2544,u_component_of_wind,550.0,1.1626420173448386,1.3466267395674978
r2p8_w128_di32,6,2544,u_component_of_wind,600.0,1.0861500463125222,1.2531442291957815
r2p8_w128_di32,6,2544,u_component_of_wind,650.0,1.0444742619786476,1.5233799198648774
r2p8_w128_di32,6,2544,u_component_of_wind,700.0,1.003151554831934,1.3351643396407058
r2p8_w128_di32,6,2544,u_component_of_wind,750.0,0.9663509646232186,1.0805034831627127
r2p8_w128_di32,6,2544,u_component_of_wind,775.0,0.9445383881785206,1.0789957576191302
r2p8_w128_di32,6,2544,u_component_of_wind,800.0,0.92787974003664,1.0676436541416392
r2p8_w128_di32,6,2544,u_component_of_wind,825.0,0.9099692950543669,1.0459848874623014
r2p8_w128_di32,6,2544,u_component_of_wind,850.0,0.8807123280472772,1.0165363569439891
r2p8_w128_di32,6,2544,u_component_of_wind,875.0,0.8459510380050161,0.999576527105574
r2p8_w128_di32,6,2544,u_component_of_wind,900.0,0.8174166316838608,0.9908314846225621
r2p8_w128_di32,6,2544,u_component_of_wind,925.0,0.8008179622417463,0.9808318670262995
r2p8_w128_di32,6,2544,u_component_of_wind,950.0,0.7643924616456441,0.9872590297276211
r2p8_w128_di32,6,2544,u_component_of_wind,975.0,0.679763151218801,0.9405285172036423
r2p8_w128_di32,6,2544,u_component_of_wind,1000.0,0.5664272328627479,0.8554667220492543
r2p8_w128_di32,6,2544,v_component_of_wind,1.0,119.05225657564668,138.6970918845475
r2p8_w128_di32,6,2544,v_component_of_wind,2.0,72.77250083844686,93.0346979278879
r2p8_w128_di32,6,2544,v_component_of_wind,3.0,52.03747801108868,73.40139129743544
r2p8_w128_di32,6,2544,v_component_of_wind,5.0,32.71310249145088,45.97555439611481
r2p8_w128_di32,6,2544,v_component_of_wind,7.0,24.73936256133404,33.10294986082516
r2p8_w128_di32,6,2544,v_component_of_wind,10.0,17.121713023497065,21.864347502456088
r2p8_w128_di32,6,2544,v_component_of_wind,20.0,9.852611001660325,11.153289126366683
r2p8_w128_di32,6,2544,v_component_of_wind,30.0,8.196863597856764,11.717839545810346
r2p8_w128_di32,6,2544,v_component_of_wind,50.0,1.1579218097159134,6.6017208413979445
r2p8_w128_di32,6,2544,v_component_of_wind,70.0,1.2083303110706027,34.99067372063181
r2p8_w128_di32,6,2544,v_component_of_wind,100.0,1.358649160648949,3.0892089797868763
r2p8_w128_di32,6,2544,v_component_of_wind,125.0,1.464807457694483,4.041361711770808
r2p8_w128_di32,6,2544,v_component_of_wind,150.0,1.4900461818754058,3.0896807219154647
r2p8_w128_di32,6,2544,v_component_of_wind,175.0,1.4851046708850926,2.4214419146993316
r2p8_w128_di32,6,2544,v_component_of_wind,200.0,1.5519517937067038,2.188198070427806
r2p8_w128_di32,6,2544,v_component_of_wind,225.0,1.7551270650424498,2.890901362855
r2p8_w128_di32,6,2544,v_component_of_wind,250.0,1.9538696924845378,3.5047457852314428
r2p8_w128_di32,6,2544,v_component_of_wind,300.0,2.199929283328892,3.755346735564294
r2p8_w128_di32,6,2544,v_component_of_wind,350.0,2.0805937891563597,3.477126052371415
r2p8_w128_di32,6,2544,v_component_of_wind,400.0,1.842572056304958,2.4936163396769784
r2p8_w128_di32,6,2544,v_component_of_wind,450.0,1.6110221734161638,2.223639103473257
r2p8_w128_di32,6,2544,v_component_of_wind,500.0,1.4217242776323429,1.9524139348583942
r2p8_w128_di32,6,2544,v_component_of_wind,550.0,1.3090241281027646,1.6210333997031667
r2p8_w128_di32,6,2544,v_component_of_wind,600.0,1.2139677363163008,1.4922355419172044
r2p8_w128_di32,6,2544,v_component_of_wind,650.0,1.158326429722645,1.5781823662138477
r2p8_w128_di32,6,2544,v_component_of_wind,700.0,1.1124399000017093,1.4004181562830083
r2p8_w128_di32,6,2544,v_component_of_wind,750.0,1.0738952532257002,1.3163649710592944
r2p8_w128_di32,6,2544,v_component_of_wind,775.0,1.0539147950939296,1.4277431297957692
r2p8_w128_di32,6,2544,v_component_of_wind,800.0,1.0374182451221952,1.6618179984928407
r2p8_w128_di32,6,2544,v_component_of_wind,825.0,1.0209088774071526,1.443190797333865
r2p8_w128_di32,6,2544,v_component_of_wind,850.0,0.9962723830311568,1.419765198599432
r2p8_w128_di32,6,2544,v_component_of_wind,875.0,0.9674795301099823,1.378666599673504
r2p8_w128_di32,6,2544,v_component_of_wind,900.0,0.9479510768582321,1.342934209702351
r2p8_w128_di32,6,2544,v_component_of_wind,925.0,0.9261941030263081,1.2247119053532578
r2p8_w128_di32,6,2544,v_component_of_wind,950.0,0.8840874612126564,1.1969099795695433
r2p8_w128_di32,6,2544,v_component_of_wind,975.0,0.7781730204513393,1.1012272182608798
r2p8_w128_di32,6,2544,v_component_of_wind,1000.0,0.6346544354846797,0.894890875791766
r2p8_w128_di32,6,2544,specific_humidity,1.0,7.979712329664615e-13,1.075665846467073e-13
r2p8_w128_di32,6,2544,specific_humidity,2.0,5.29086877704512e-13,4.477134574638658e-14
r2p8_w128_di32,6,2544,specific_humidity,3.0,3.6428078088250586e-13,3.4156943928299875e-14
r2p8_w128_di32,6,2544,specific_humidity,5.0,1.8613657648499995e-13,7.759885384510338e-14
r2p8_w128_di32,6,2544,specific_humidity,7.0,1.1637544761544083e-13,1.2962576023410792e-13
r2p8_w128_di32,6,2544,specific_humidity,10.0,6.511209778552283e-14,2.0037423481091523e-13
r2p8_w128_di32,6,2544,specific_humidity,20.0,1.788848140050651e-14,1.8947048714639657e-13
r2p8_w128_di32,6,2544,specific_humidity,30.0,1.002146847301838e-14,2.993361407259127e-14
r2p8_w128_di32,6,2544,specific_humidity,50.0,1.5086202651576535e-16,1.240743829836837e-13
r2p8_w128_di32,6,2544,specific_humidity,70.0,6.555352921912525e-16,7.550614969796172e-15
r2p8_w128_di32,6,2544,specific_humidity,100.0,7.841293617331244e-15,1.5135313682638775e-14
r2p8_w128_di32,6,2544,specific_humidity,125.0,5.6395601411281255e-14,1.5172366353941e-13
r2p8_w128_di32,6,2544,specific_humidity,150.0,4.4888748201515315e-13,1.283939185446433e-12
r2p8_w128_di32,6,2544,specific_humidity,175.0,3.1129370728082507e-12,6.581200646555562e-12
r2p8_w128_di32,6,2544,specific_humidity,200.0,1.7224567795719864e-11,2.6038358717406954e-11
r2p8_w128_di32,6,2544,specific_humidity,225.0,7.266019820229885e-11,1.104729028616738e-10
r2p8_w128_di32,6,2544,specific_humidity,250.0,2.260142254336237e-10,4.0159969219930446e-10
r2p8_w128_di32,6,2544,specific_humidity,300.0,1.1943600377511298e-09,2.541925446457769e-09
r2p8_w128_di32,6,2544,specific_humidity,350.0,4.1034687231203145e-09,7.071023070926764e-09
r2p8_w128_di32,6,2544,specific_humidity,400.0,1.0218196281929792e-08,2.0227505448694355e-08
r2p8_w128_di32,6,2544,specific_humidity,450.0,2.1221508844362654e-08,3.148827194741848e-08
r2p8_w128_di32,6,2544,specific_humidity,500.0,3.633391267640685e-08,4.676144440521344e-08
r2p8_w128_di32,6,2544,specific_humidity,550.0,5.825099867052357e-08,7.008936578522855e-08
r2p8_w128_di32,6,2544,specific_humidity,600.0,7.987532751446492e-08,1.0852602371347636e-07
r2p8_w128_di32,6,2544,specific_humidity,650.0,1.1199283436752987e-07,1.5221089413510549e-07
r2p8_w128_di32,6,2544,specific_humidity,700.0,1.436713131456084e-07,2.2443102102130394e-07
r2p8_w128_di32,6,2544,specific_humidity,750.0,1.7886858791580598e-07,2.450318530913906e-07
r2p8_w128_di32,6,2544,specific_humidity,775.0,1.9098260635633102e-07,2.505265966253328e-07
r2p8_w128_di32,6,2544,specific_humidity,800.0,2.0336908329278867e-07,2.7394814437325124e-07
r2p8_w128_di32,6,2544,specific_humidity,825.0,2.1300108063225765e-07,2.842480203372139e-07
r2p8_w128_di32,6,2544,specific_humidity,850.0,2.108220350025642e-07,2.841093080476021e-07
r2p8_w128_di32,6,2544,specific_humidity,875.0,1.9530405060497688e-07,2.5376425001958994e-07
r2p8_w128_di32,6,2544,specific_humidity,900.0,1.7737926227155216e-07,2.3043875486466052e-07
r2p8_w128_di32,6,2544,specific_humidity,925.0,1.493074445703311e-07,1.8269059663707656e-07
r2p8_w128_di32,6,2544,specific_humidity,950.0,1.1990993478272445e-07,1.5100610688232556e-07
r2p8_w128_di32,6,2544,specific_humidity,975.0,1.1499239043863894e-07,1.3263535290556338e-07
r2p8_w128_di32,6,2544,specific_humidity,1000.0,1.1164597994239398e-07,1.4097241749995977e-07
r2p8_w128_di32,6,2544,specific_cloud_ice_water_content,1.0,2.0656094913948557e-12,2.4049548079001735e-12
r2p8_w128_di32,6,2544,specific_cloud_ice_water_content,2.0,2.0234545277697125e-12,2.4085933440423236e-12
r2p8_w128_di32,6,2544,specific_cloud_ice_water_content,3.0,2.0223645892362894e-12,2.4234300907134387e-12
r2p8_w128_di32,6,2544,specific_cloud_ice_water_content,5.0,2.00482062520991e-12,2.417731811725122e-12
r2p8_w128_di32,6,2544,specific_cloud_ice_water_content,7.0,2.0152753867592816e-12,2.4151907437700807e-12
r2p8_w128_di32,6,2544,specific_cloud_ice_water_content,10.0,2.037115150627534e-12,2.4080662422038677e-12
r2p8_w128_di32,6,2544,specific_cloud_ice_water_content,20.0,1.436444092610472e-12,1.8487801933306675e-12
r2p8_w128_di32,6,2544,specific_cloud_ice_water_content,30.0,1.0323275304599433e-12,1.6557632356284647e-12
r2p8_w128_di32,6,2544,specific_cloud_ice_water_content,50.0,6.04867116940882e-13,1.2586347669488604e-12
r2p8_w128_di32,6,2544,specific_cloud_ice_water_content,70.0,5.007802197102933e-13,1.269151755927973e-12
r2p8_w128_di32,6,2544,specific_cloud_ice_water_content,100.0,1.41792414577202e-12,1.970892473139089e-12
r2p8_w128_di32,6,2544,specific_cloud_ice_water_content,125.0,7.433379552119128e-12,8.35622970819002e-12
r2p8_w128_di32,6,2544,specific_cloud_ice_water_content,150.0,2.0437429827850873e-11,2.2768304060320113e-11
r2p8_w128_di32,6,2544,specific_cloud_ice_water_content,175.0,3.4651052583181316e-11,4.1889687288545275e-11
r2p8_w128_di32,6,2544,specific_cloud_ice_water_content,200.0,4.9533701323312176e-11,6.803715954269576e-11
r2p8_w128_di32,6,2544,specific_cloud_ice_water_content,225.0,6.440855524445746e-11,1.0408903896072852e-10
r2p8_w128_di32,6,2544,specific_cloud_ice_water_content,250.0,7.128898804799967e-11,1.5067649103884765e-10
r2p8_w128_di32,6,2544,specific_cloud_ice_water_content,300.0,6.805355274630973e-11,1.4695699526503963e-10
r2p8_w128_di32,6,2544,specific_cloud_ice_water_content,350.0,6.064485854360536e-11,1.026664000711612e-10
r2p8_w128_di32,6,2544,specific_cloud_ice_water_content,400.0,4.579369841041881e-11,6.261284433368571e-11
r2p8_w128_di32,6,2544,specific_cloud_ice_water_content,450.0,3.341729136034257e-11,4.294260493685185e-11
r2p8_w128_di32,6,2544,specific_cloud_ice_water_content,500.0,2.3787024569424588e-11,2.981985456815645e-11
r2p8_w128_di32,6,2544,specific_cloud_ice_water_content,550.0,1.584411670627491e-11,1.982521870573989e-11
r2p8_w128_di32,6,2544,specific_cloud_ice_water_content,600.0,1.1052950666157134e-11,1.3668154160984946e-11
r2p8_w128_di32,6,2544,specific_cloud_ice_water_content,650.0,8.164465710032475e-12,1.005196223008145e-11
r2p8_w128_di32,6,2544,specific_cloud_ice_water_content,700.0,6.09391010173955e-12,7.185678676328526e-12
r2p8_w128_di32,6,2544,specific_cloud_ice_water_content,750.0,4.78754874018024e-12,5.654897378919962e-12
r2p8_w128_di32,6,2544,specific_cloud_ice_water_content,775.0,4.713934288971145e-12,5.395229934616127e-12
r2p8_w128_di32,6,2544,specific_cloud_ice_water_content,800.0,4.707491983358201e-12,5.58089427692501e-12
r2p8_w128_di32,6,2544,specific_cloud_ice_water_content,825.0,4.550229323514479e-12,5.240950456230327e-12
r2p8_w128_di32,6,2544,specific_cloud_ice_water_content,850.0,3.961986983271616e-12,4.434090667721318e-12
r2p8_w128_di32,6,2544,specific_cloud_ice_water_content,875.0,3.203053258355219e-12,3.553530919250594e-12
r2p8_w128_di32,6,2544,specific_cloud_ice_water_content,900.0,2.611289247265449e-12,3.0701033481760614e-12
r2p8_w128_di32,6,2544,specific_cloud_ice_water_content,925.0,2.0978291394259484e-12,2.6823338000561664e-12
r2p8_w128_di32,6,2544,specific_cloud_ice_water_content,950.0,1.5283444514611215e-12,1.9278875304056333e-12
r2p8_w128_di32,6,2544,specific_cloud_ice_water_content,975.0,1.052711194566144e-12,1.2368367177778232e-12
r2p8_w128_di32,6,2544,specific_cloud_ice_water_content,1000.0,8.760627932093284e-13,1.10979405090745e-12
r2p8_w128_di32,6,2544,specific_cloud_liquid_water_content,1.0,6.960850716230101e-12,1.1597999117630247e-11
r2p8_w128_di32,6,2544,specific_cloud_liquid_water_content,2.0,6.97905872942246e-12,1.1596563817560347e-11
r2p8_w128_di32,6,2544,specific_cloud_liquid_water_content,3.0,6.894158364596004e-12,1.1578721805089986e-11
r2p8_w128_di32,6,2544,specific_cloud_liquid_water_content,5.0,6.959709655962159e-12,1.1619820940448818e-11
r2p8_w128_di32,6,2544,specific_cloud_liquid_water_content,7.0,7.049454723725454e-12,1.1624937506148961e-11
r2p8_w128_di32,6,2544,specific_cloud_liquid_water_content,10.0,6.904741347396527e-12,1.1543787371450855e-11
r2p8_w128_di32,6,2544,specific_cloud_liquid_water_content,20.0,5.3435425763698175e-12,8.906341419427105e-12
r2p8_w128_di32,6,2544,specific_cloud_liquid_water_content,30.0,3.906649930766201e-12,6.834854107846731e-12
r2p8_w128_di32,6,2544,specific_cloud_liquid_water_content,50.0,3.665392761854649e-12,1.114883724965998e-11
r2p8_w128_di32,6,2544,specific_cloud_liquid_water_content,70.0,2.4087816302428625e-12,1.2455863646971989e-11
r2p8_w128_di32,6,2544,specific_cloud_liquid_water_content,100.0,2.305795471391585e-12,8.980650493260224e-12
r2p8_w128_di32,6,2544,specific_cloud_liquid_water_content,125.0,1.980715439158574e-12,6.753915829978909e-12
r2p8_w128_di32,6,2544,specific_cloud_liquid_water_content,150.0,2.2718102831329924e-12,6.083598861583163e-12
r2p8_w128_di32,6,2544,specific_cloud_liquid_water_content,175.0,2.7887149269078502e-12,4.6955859858298835e-12
r2p8_w128_di32,6,2544,specific_cloud_liquid_water_content,200.0,3.3221211096406432e-12,5.5806868150255935e-12
r2p8_w128_di32,6,2544,specific_cloud_liquid_water_content,225.0,2.8765502800703413e-12,3.865179775164633e-12
r2p8_w128_di32,6,2544,specific_cloud_liquid_water_content,250.0,3.164678334531436e-12,4.8629259246881996e-12
r2p8_w128_di32,6,2544,specific_cloud_liquid_water_content,300.0,5.122975064937647e-12,6.680493477338156e-12
r2p8_w128_di32,6,2544,specific_cloud_liquid_water_content,350.0,7.957461985959718e-12,1.095163686017034e-11
r2p8_w128_di32,6,2544,specific_cloud_liquid_water_content,400.0,1.552316402925363e-11,2.0171020613991522e-11
r2p8_w128_di32,6,2544,specific_cloud_liquid_water_content,450.0,3.5263638976948825e-11,4.1476825837476114e-11
r2p8_w128_di32,6,2544,specific_cloud_liquid_water_content,500.0,7.745687769108952e-11,8.665126331479362e-11
r2p8_w128_di32,6,2544,specific_cloud_liquid_water_content,550.0,1.3065076468198478e-10,1.3771382363984646e-10
r2p8_w128_di32,6,2544,specific_cloud_liquid_water_content,600.0,1.0494442934458747e-10,1.1449628530503276e-10
r2p8_w128_di32,6,2544,specific_cloud_liquid_water_content,650.0,1.0600061239225198e-10,1.1609066499725978e-10
r2p8_w128_di32,6,2544,specific_cloud_liquid_water_content,700.0,1.2998984417027117e-10,1.4094787224054945e-10
r2p8_w128_di32,6,2544,specific_cloud_liquid_water_content,750.0,1.6661817846583605e-10,1.799208604506253e-10
r2p8_w128_di32,6,2544,specific_cloud_liquid_water_content,775.0,1.8760434774014486e-10,2.0427416059745294e-10
r2p8_w128_di32,6,2544,specific_cloud_liquid_water_content,800.0,2.1662372748966472e-10,2.7490358328779594e-10
r2p8_w128_di32,6,2544,specific_cloud_liquid_water_content,825.0,2.838498005084331e-10,3.9815889088990987e-10
r2p8_w128_di32,6,2544,specific_cloud_liquid_water_content,850.0,3.367170732005296e-10,6.812350461515848e-10
r2p8_w128_di32,6,2544,specific_cloud_liquid_water_content,875.0,3.45171796013947e-10,1.0258762455030868e-09
r2p8_w128_di32,6,2544,specific_cloud_liquid_water_content,900.0,3.08558149439639e-10,7.997042377675389e-10
r2p8_w128_di32,6,2544,specific_cloud_liquid_water_content,925.0,2.4837554240315123e-10,4.198163822114262e-10
r2p8_w128_di32,6,2544,specific_cloud_liquid_water_content,950.0,1.717761228553055e-10,4.027440524263492e-10
r2p8_w128_di32,6,2544,specific_cloud_liquid_water_content,975.0,1.0367759170511923e-10,2.9590225916724917e-10
r2p8_w128_di32,6,2544,specific_cloud_liquid_water_content,1000.0,6.08969232715158e-11,9.753295964870303e-11
r2p8_w128_di32,7,2968,temperature,1.0,75.19899358061171,318.10615712588594
r2p8_w128_di32,7,2968,temperature,2.0,49.46142185905955,778.8554431613778
r2p8_w128_di32,7,2968,temperature,3.0,32.390100264139605,977.5996716266645
r2p8_w128_di32,7,2968,temperature,5.0,18.356825226852575,748.826358294405
r2p8_w128_di32,7,2968,temperature,7.0,12.234180402919598,527.1755334179016
r2p8_w128_di32,7,2968,temperature,10.0,6.932305318301486,360.81834595146046
r2p8_w128_di32,7,2968,temperature,20.0,5.231110039609405,45.6221715841916
r2p8_w128_di32,7,2968,temperature,30.0,3.8718095885928965,5.452318865654805
r2p8_w128_di32,7,2968,temperature,50.0,0.38092296676537424,30.80081326723918
r2p8_w128_di32,7,2968,temperature,70.0,0.37079606127902814,4.857393114673313
r2p8_w128_di32,7,2968,temperature,100.0,0.2558116016416615,1.7382324053249818
r2p8_w128_di32,7,2968,temperature,125.0,0.16940880641597242,2.0175427832554296
r2p8_w128_di32,7,2968,temperature,150.0,0.1361507817232322,0.6561283344665344
r2p8_w128_di32,7,2968,temperature,175.0,0.12455395877975778,0.2908954153355864
r2p8_w128_di32,7,2968,temperature,200.0,0.12989476659556026,0.18039744683762188
r2p8_w128_di32,7,2968,temperature,225.0,0.13519545711090475,0.1961537090158954
r2p8_w128_di32,7,2968,temperature,250.0,0.13230877116680964,0.19568878203323206
r2p8_w128_di32,7,2968,temperature,300.0,0.12216572812230317,0.18244536227172184
r2p8_w128_di32,7,2968,temperature,350.0,0.11342368134108606,0.15622084308223627
r2p8_w128_di32,7,2968,temperature,400.0,0.11115286237595418,0.14079537000955175
r2p8_w128_di32,7,2968,temperature,450.0,0.11125911449136602,0.13178099329324114
r2p8_w128_di32,7,2968,temperature,500.0,0.11108228455192035,0.13159519591691976
r2p8_w128_di32,7,2968,temperature,550.0,0.11616847624176556,0.13782552182162341
r2p8_w128_di32,7,2968,temperature,600.0,0.12294365673028317,0.14939421432739272
r2p8_w128_di32,7,2968,temperature,650.0,0.13241656982304714,0.16187185558564066
r2p8_w128_di32,7,2968,temperature,700.0,0.14335038165251415,0.17472243137990487
r2p8_w128_di32,7,2968,temperature,750.0,0.16344922613544563,0.19587681860858222
r2p8_w128_di32,7,2968,temperature,775.0,0.17411779215450549,0.20054612636975816
r2p8_w128_di32,7,2968,temperature,800.0,0.1904199641799599,0.24659034700942614
r2p8_w128_di32,7,2968,temperature,825.0,0.21654968975540698,0.27429672794038895
r2p8_w128_di32,7,2968,temperature,850.0,0.23338040444244634,0.35366973698753673
r2p8_w128_di32,7,2968,temperature,875.0,0.2383985525041921,0.3665370565099815
r2p8_w128_di32,7,2968,temperature,900.0,0.23817769453902424,0.3247715550189985
r2p8_w128_di32,7,2968,temperature,925.0,0.24131919994591847,0.3260056584561404
r2p8_w128_di32,7,2968,temperature,950.0,0.25338859005072684,0.3391775387668937
r2p8_w128_di32,7,2968,temperature,975.0,0.28011338818319065,0.3643860673167042
r2p8_w128_di32,7,2968,temperature,1000.0,0.29223923702625065,0.39662181849741857
r2p8_w128_di32,7,2968,geopotential,1.0,904225144.566323,23782179.701718215
r2p8_w128_di32,7,2968,geopotential,2.0,421705871.6151203,4313091.626460481
r2p8_w128_di32,7,2968,geopotential,3.0,239814309.2783505,2384129.399742268
r2p8_w128_di32,7,2968,geopotential,5.0,90220112.5718213,1210851.2954896907
r2p8_w128_di32,7,2968,geopotential,7.0,35922425.003436424,563136.2609321306
r2p8_w128_di32,7,2968,geopotential,10.0,7552648.180412371,261591.04845360824
r2p8_w128_di32,7,2968,geopotential,20.0,1870461.121821306,731807.550386598
r2p8_w128_di32,7,2968,geopotential,30.0,3139592.8699312713,389267.1773195876
r2p8_w128_di32,7,2968,geopotential,50.0,3545.1752452312876,55367.80153565292
r2p8_w128_di32,7,2968,geopotential,70.0,3058.496623308634,63352.14761866409
r2p8_w128_di32,7,2968,geopotential,100.0,1947.3920830900317,6585.527848475086
r2p8_w128_di32,7,2968,geopotential,125.0,1600.7544679412317,1997.2563838159097
r2p8_w128_di32,7,2968,geopotential,150.0,1447.6305559610582,1829.7177051452427
r2p8_w128_di32,7,2968,geopotential,175.0,1401.25583080803,3149.0781546995813
r2p8_w128_di32,7,2968,geopotential,200.0,1392.0184857240656,1926.5048885175042
r2p8_w128_di32,7,2968,geopotential,225.0,1334.66822119644,1786.0281335575064
r2p8_w128_di32,7,2968,geopotential,250.0,1327.4334120707824,1622.007765685406
r2p8_w128_di32,7,2968,geopotential,300.0,1326.4102626734993,2177.6882929955973
r2p8_w128_di32,7,2968,geopotential,350.0,1262.2029262057695,1655.5757333447434
r2p8_w128_di32,7,2968,geopotential,400.0,1164.8296497043466,1526.8426578272658
r2p8_w128_di32,7,2968,geopotential,450.0,1068.8698042512349,1365.4674744281572
r2p8_w128_di32,7,2968,geopotential,500.0,984.3614905078796,1265.1884026491355
r2p8_w128_di32,7,2968,geopotential,550.0,916.9645822636451,1206.130218484885
r2p8_w128_di32,7,2968,geopotential,600.0,874.5392489403794,1125.1617518474147
r2p8_w128_di32,7,2968,geopotential,650.0,845.6806461714388,1157.038722045479
r2p8_w128_di32,7,2968,geopotential,700.0,839.1996944886303,1139.9898921166907
r2p8_w128_di32,7,2968,geopotential,750.0,838.9861821859563,1158.6338459028002
r2p8_w128_di32,7,2968,geopotential,775.0,849.8817782372544,1196.160841941178
r2p8_w128_di32,7,2968,geopotential,800.0,859.8848000018457,1194.2320387168438
r2p8_w128_di32,7,2968,geopotential,825.0,876.5115020856824,1194.8637210387135
r2p8_w128_di32,7,2968,geopotential,850.0,896.7007591011597,1238.9603153189432
r2p8_w128_di32,7,2968,geopotential,875.0,920.5010710306593,1309.859605675137
r2p8_w128_di32,7,2968,geopotential,900.0,960.3472132731958,1370.3452356921848
r2p8_w128_di32,7,2968,geopotential,925.0,1007.6959030937903,1456.1870163330916
r2p8_w128_di32,7,2968,geopotential,950.0,1060.872597857603,1580.3434889121563
r2p8_w128_di32,7,2968,geopotential,975.0,1143.3865640017584,1839.526262735583
r2p8_w128_di32,7,2968,geopotential,1000.0,1260.156984435406,2337.3391454742537
r2p8_w128_di32,7,2968,u_component_of_wind,1.0,722.9386758601133,1480.762279644209
r2p8_w128_di32,7,2968,u_component_of_wind,2.0,455.2801186682842,637.5107130332501
r2p8_w128_di32,7,2968,u_component_of_wind,3.0,285.6802493013467,405.42503166067644
r2p8_w128_di32,7,2968,u_component_of_wind,5.0,139.57897599472622,184.7792202611969
r2p8_w128_di32,7,2968,u_component_of_wind,7.0,94.83603440379768,121.84963279802774
r2p8_w128_di32,7,2968,u_component_of_wind,10.0,68.12114248111895,97.88637840559393
r2p8_w128_di32,7,2968,u_component_of_wind,20.0,26.779242006282217,47.263252503437684
r2p8_w128_di32,7,2968,u_component_of_wind,30.0,26.19292216612301,35.06433423622367
r2p8_w128_di32,7,2968,u_component_of_wind,50.0,1.1315817461390676,6.2571906535486175
r2p8_w128_di32,7,2968,u_component_of_wind,70.0,1.12226303430767,2.403189688286011
r2p8_w128_di32,7,2968,u_component_of_wind,100.0,1.3048216249115279,2.6642152456893133
r2p8_w128_di32,7,2968,u_component_of_wind,125.0,1.4188450351613493,2.2172264172858798
r2p8_w128_di32,7,2968,u_component_of_wind,150.0,1.4963557155271576,2.629645625176708
r2p8_w128_di32,7,2968,u_component_of_wind,175.0,1.5222772715427622,2.5025316032757052
r2p8_w128_di32,7,2968,u_component_of_wind,200.0,1.596340423883851,2.5330375041338997
r2p8_w128_di32,7,2968,u_component_of_wind,225.0,1.7501107596859489,2.7129485121297674
r2p8_w128_di32,7,2968,u_component_of_wind,250.0,1.88050915801648,2.7980043479257435
r2p8_w128_di32,7,2968,u_component_of_wind,300.0,1.9726522819283083,3.549535170781244
r2p8_w128_di32,7,2968,u_component_of_wind,350.0,1.807396195352692,3.9235033916853546
r2p8_w128_di32,7,2968,u_component_of_wind,400.0,1.59124540152009,2.3101778141002067
r2p8_w128_di32,7,2968,u_component_of_wind,450.0,1.4034066351418644,1.949329050136186
r2p8_w128_di32,7,2968,u_component_of_wind,500.0,1.2501135787603372,1.5486222618633938
r2p8_w128_di32,7,2968,u_component_of_wind,550.0,1.1626420173448386,1.349943480458866
r2p8_w128_di32,7,2968,u_component_of_wind,600.0,1.0861500463125222,1.2432626446907462
r2p8_w128_di32,7,2968,u_component_of_wind,650.0,1.0444742619786476,1.4184908022995257
r2p8_w128_di32,7,2968,u_component_of_wind,700.0,1.003151554831934,1.3217768945235158
r2p8_w128_di32,7,2968,u_component_of_wind,750.0,0.9663509646232186,1.0902212088460366
r2p8_w128_di32,7,2968,u_component_of_wind,775.0,0.9445383881785206,1.1100878191977432
r2p8_w128_di32,7,2968,u_component_of_wind,800.0,0.92787974003664,1.0617634750723428
r2p8_w128_di32,7,2968,u_component_of_wind,825.0,0.9099692950543669,1.0409691344831409
r2p8_w128_di32,7,2968,u_component_of_wind,850.0,0.8807123280472772,1.0159689205618658
r2p8_w128_di32,7,2968,u_component_of_wind,875.0,0.8459510380050161,0.9970232952091702
r2p8_w128_di32,7,2968,u_component_of_wind,900.0,0.8174166316838608,0.9846911772829561
r2p8_w128_di32,7,2968,u_component_of_wind,925.0,0.8008179622417463,0.9888127927517972
r2p8_w128_di32,7,2968,u_component_of_wind,950.0,0.7643924616456441,0.988916816211648
r2p8_w128_di32,7,2968,u_component_of_wind,975.0,0.679763151218801,0.9447538796978718
r2p8_w128_di32,7,2968,u_component_of_wind,1000.0,0.5664272328627479,0.8569733022824186
r2p8_w128_di32,7,2968,v_component_of_wind,1.0,119.05225657564668,140.0359278990231
r2p8_w128_di32,7,2968,v_component_of_wind,2.0,72.77250083844686,91.57247086882181
r2p8_w128_di32,7,2968,v_component_of_wind,3.0,52.03747801108868,70.81708397095146
r2p8_w128_di32,7,2968,v_component_of_wind,5.0,32.71310249145088,43.59543731269967
r2p8_w128_di32,7,2968,v_component_of_wind,7.0,24.73936256133404,31.303852896673984
r2p8_w128_di32,7,2968,v_component_of_wind,10.0,17.121713023497065,20.681242436150097
r2p8_w128_di32,7,2968,v_component_of_wind,20.0,9.852611001660325,10.816467114084775
r2p8_w128_di32,7,2968,v_component_of_wind,30.0,8.196863597856764,12.220591136106512
r2p8_w128_di32,7,2968,v_component_of_wind,50.0,1.1579218097159134,6.722686622069054
r2p8_w128_di32,7,2968,v_component_of_wind,70.0,1.2083303110706027,38.28750128860736
r2p8_w128_di32,7,2968,v_component_of_wind,100.0,1.358649160648949,3.649166360999301
r2p8_w128_di32,7,2968,v_component_of_wind,125.0,1.464807457694483,3.659895885605173
r2p8_w128_di32,7,2968,v_component_of_wind,150.0,1.4900461818754058,2.9895267374327092
r2p8_w128_di32,7,2968,v_component_of_wind,175.0,1.4851046708850926,2.4506965091548016
r2p8_w128_di32,7,2968,v_component_of_wind,200.0,1.5519517937067038,2.237264322497181
r2p8_w128_di32,7,2968,v_component_of_wind,225.0,1.7551270650424498,2.9090539199789776
r2p8_w128_di32,7,2968,v_component_of_wind,250.0,1.9538696924845378,3.730113635931638
r2p8_w128_di32,7,2968,v_component_of_wind,300.0,2.199929283328892,3.876434890019525
r2p8_w128_di32,7,2968,v_component_of_wind,350.0,2.0805937891563597,3.7003547226030804
r2p8_w128_di32,7,2968,v_component_of_wind,400.0,1.842572056304958,2.494920615723862
r2p8_w128_di32,7,2968,v_component_of_wind,450.0,1.6110221734161638,2.2263933726602403
r2p8_w128_di32,7,2968,v_component_of_wind,500.0,1.4217242776323429,1.92496397937696
r2p8_w128_di32,7,2968,v_component_of_wind,550.0,1.3090241281027646,1.6212542243839538
r2p8_w128_di32,7,2968,v_component_of_wind,600.0,1.2139677363163008,1.5059901112953002
r2p8_w128_di32,7,2968,v_component_of_wind,650.0,1.158326429722645,1.5981502968011443
r2p8_w128_di32,7,2968,v_component_of_wind,700.0,1.1124399000017093,1.4054935664655417
r2p8_w128_di32,7,2968,v_component_of_wind,750.0,1.0738952532257002,1.3371294283375297
r2p8_w128_di32,7,2968,v_component_of_wind,775.0,1.0539147950939296,1.4435196019529886
r2p8_w128_di32,7,2968,v_component_of_wind,800.0,1.0374182451221952,1.7173687217161828
r2p8_w128_di32,7,2968,v_component_of_wind,825.0,1.0209088774071526,1.4262002722913867
r2p8_w128_di32,7,2968,v_component_of_wind,850.0,0.9962723830311568,1.3986241447966532
r2p8_w128_di32,7,2968,v_component_of_wind,875.0,0.9674795301099823,1.3910338126507003
r2p8_w128_di32,7,2968,v_component_of_wind,900.0,0.9479510768582321,1.2760159671921092
r2p8_w128_di32,7,2968,v_component_of_wind,925.0,0.9261941030263081,1.2006086777165994
r2p8_w128_di32,7,2968,v_component_of_wind,950.0,0.8840874612126564,1.2262603551661435
r2p8_w128_di32,7,2968,v_component_of_wind,975.0,0.7781730204513393,1.111990258374165
r2p8_w128_di32,7,2968,v_component_of_wind,1000.0,0.6346544354846797,0.8895847053871941
r2p8_w128_di32,7,2968,specific_humidity,1.0,7.979712329664615e-13,1.1449881016934417e-13
r2p8_w128_di32,7,2968,specific_humidity,2.0,5.29086877704512e-13,4.6646651099569537e-14
r2p8_w128_di32,7,2968,specific_humidity,3.0,3.6428078088250586e-13,3.2214844391982675e-14
r2p8_w128_di32,7,2968,specific_humidity,5.0,1.8613657648499995e-13,6.986237863097844e-14
r2p8_w128_di32,7,2968,specific_humidity,7.0,1.1637544761544083e-13,1.1854665895890495e-13
r2p8_w128_di32,7,2968,specific_humidity,10.0,6.511209778552283e-14,1.8583284589950372e-13
r2p8_w128_di32,7,2968,specific_humidity,20.0,1.788848140050651e-14,1.744132857168514e-13
r2p8_w128_di32,7,2968,specific_humidity,30.0,1.002146847301838e-14,2.555464793170691e-14
r2p8_w128_di32,7,2968,specific_humidity,50.0,1.5086202651576535e-16,1.351506480968454e-13
r2p8_w128_di32,7,2968,specific_humidity,70.0,6.555352921912525e-16,1.9888479510087515e-14
r2p8_w128_di32,7,2968,specific_humidity,100.0,7.841293617331244e-15,2.0315131603047964e-14
r2p8_w128_di32,7,2968,specific_humidity,125.0,5.6395601411281255e-14,1.9419423794192677e-13
r2p8_w128_di32,7,2968,specific_humidity,150.0,4.4888748201515315e-13,1.4195939387643864e-12
r2p8_w128_di32,7,2968,specific_humidity,175.0,3.1129370728082507e-12,9.381261096143637e-12
r2p8_w128_di32,7,2968,specific_humidity,200.0,1.7224567795719864e-11,2.7834293910636537e-11
r2p8_w128_di32,7,2968,specific_humidity,225.0,7.266019820229885e-11,1.1495954571540147e-10
r2p8_w128_di32,7,2968,specific_humidity,250.0,2.260142254336237e-10,3.827699825292375e-10
r2p8_w128_di32,7,2968,specific_humidity,300.0,1.1943600377511298e-09,2.470984916260736e-09
r2p8_w128_di32,7,2968,specific_humidity,350.0,4.1034687231203145e-09,7.032370287776177e-09
r2p8_w128_di32,7,2968,specific_humidity,400.0,1.0218196281929792e-08,1.8428539302427536e-08
r2p8_w128_di32,7,2968,specific_humidity,450.0,2.1221508844362654e-08,3.1677384064907694e-08
r2p8_w128_di32,7,2968,specific_humidity,500.0,3.633391267640685e-08,4.753451691370399e-08
r2p8_w128_di32,7,2968,specific_humidity,550.0,5.825099867052357e-08,7.084852641634162e-08
r2p8_w128_di32,7,2968,specific_humidity,600.0,7.987532751446492e-08,1.0921772348584982e-07
r2p8_w128_di32,7,2968,specific_humidity,650.0,1.1199283436752987e-07,1.5203307609806376e-07
r2p8_w128_di32,7,2968,specific_humidity,700.0,1.436713131456084e-07,2.2498685475269373e-07
r2p8_w128_di32,7,2968,specific_humidity,750.0,1.7886858791580598e-07,2.4581302885387864e-07
r2p8_w128_di32,7,2968,specific_humidity,775.0,1.9098260635633102e-07,2.441301232690024e-07
r2p8_w128_di32,7,2968,specific_humidity,800.0,2.0336908329278867e-07,2.672516060848744e-07
r2p8_w128_di32,7,2968,specific_humidity,825.0,2.1300108063225765e-07,2.8062381713223975e-07
r2p8_w128_di32,7,2968,specific_humidity,850.0,2.108220350025642e-07,2.8281521046127575e-07
r2p8_w128_di32,7,2968,specific_humidity,875.0,1.9530405060497688e-07,2.48716680427662e-07
r2p8_w128_di32,7,2968,specific_humidity,900.0,1.7737926227155216e-07,2.2931627017740701e-07
r2p8_w128_di32,7,2968,specific_humidity,925.0,1.493074445703311e-07,1.8377716000480293e-07
r2p8_w128_di32,7,2968,specific_humidity,950.0,1.1990993478272445e-07,1.507371032844635e-07
r2p8_w128_di32,7,2968,specific_humidity,975.0,1.1499239043863894e-07,1.3257119466655169e-07
r2p8_w128_di32,7,2968,specific_humidity,1000.0,1.1164597994239398e-07,1.4351226006363948e-07
r2p8_w128_di32,7,2968,specific_cloud_ice_water_content,1.0,2.0656094913948557e-12,2.473366584358727e-12
r2p8_w128_di32,7,2968,specific_cloud_ice_water_content,2.0,2.0234545277697125e-12,2.4656812706867584e-12
r2p8_w128_di32,7,2968,specific_cloud_ice_water_content,3.0,2.0223645892362894e-12,2.4761037167520784e-12
r2p8_w128_di32,7,2968,specific_cloud_ice_water_content,5.0,2.00482062520991e-12,2.4728593425705405e-12
r2p8_w128_di32,7,2968,specific_cloud_ice_water_content,7.0,2.0152753867592816e-12,2.4725209685121472e-12
r2p8_w128_di32,7,2968,specific_cloud_ice_water_content,10.0,2.037115150627534e-12,2.4669272599664374e-12
r2p8_w128_di32,7,2968,specific_cloud_ice_water_content,20.0,1.436444092610472e-12,1.858080519432101e-12
r2p8_w128_di32,7,2968,specific_cloud_ice_water_content,30.0,1.0323275304599433e-12,1.4897807952373075e-12
r2p8_w128_di32,7,2968,specific_cloud_ice_water_content,50.0,6.04867116940882e-13,1.162663214857077e-12
r2p8_w128_di32,7,2968,specific_cloud_ice_water_content,70.0,5.007802197102933e-13,9.937708868632323e-13
r2p8_w128_di32,7,2968,specific_cloud_ice_water_content,100.0,1.41792414577202e-12,1.9729042214474776e-12
r2p8_w128_di32,7,2968,specific_cloud_ice_water_content,125.0,7.433379552119128e-12,8.411052570847926e-12
r2p8_w128_di32,7,2968,specific_cloud_ice_water_content,150.0,2.0437429827850873e-11,2.2960468103445934e-11
r2p8_w128_di32,7,2968,specific_cloud_ice_water_content,175.0,3.4651052583181316e-11,4.219157110956012e-11
r2p8_w128_di32,7,2968,specific_cloud_ice_water_content,200.0,4.9533701323312176e-11,6.86585657361887e-11
r2p8_w128_di32,7,2968,specific_cloud_ice_water_content,225.0,6.440855524445746e-11,1.0505839208083801e-10
r2p8_w128_di32,7,2968,specific_cloud_ice_water_content,250.0,7.128898804799967e-11,1.511756060779516e-10
r2p8_w128_di32,7,2968,specific_cloud_ice_water_content,300.0,6.805355274630973e-11,1.4647828640173022e-10
r2p8_w128_di32,7,2968,specific_cloud_ice_water_content,350.0,6.064485854360536e-11,1.0222376622634925e-10
r2p8_w128_di32,7,2968,specific_cloud_ice_water_content,400.0,4.579369841041881e-11,6.270001334424067e-11
r2p8_w128_di32,7,2968,specific_cloud_ice_water_content,450.0,3.341729136034257e-11,4.3096091683121775e-11
r2p8_w128_di32,7,2968,specific_cloud_ice_water_content,500.0,2.3787024569424588e-11,2.969580328225578e-11
r2p8_w128_di32,7,2968,specific_cloud_ice_water_content,550.0,1.584411670627491e-11,1.9728693821196062e-11
r2p8_w128_di32,7,2968,specific_cloud_ice_water_content,600.0,1.1052950666157134e-11,1.361045553418073e-11
r2p8_w128_di32,7,2968,specific_cloud_ice_water_content,650.0,8.164465710032475e-12,1.001880669068738e-11
r2p8_w128_di32,7,2968,specific_cloud_ice_water_content,700.0,6.09391010173955e-12,7.193074234697171e-12
r2p8_w128_di32,7,2968,specific_cloud_ice_water_content,750.0,4.78754874018024e-12,5.657099138837915e-12
r2p8_w128_di32,7,2968,specific_cloud_ice_water_content,775.0,4.713934288971145e-12,5.400506030941664e-12
r2p8_w128_di32,7,2968,specific_cloud_ice_water_content,800.0,4.707491983358201e-12,5.610501593845318e-12
r2p8_w128_di32,7,2968,specific_cloud_ice_water_content,825.0,4.550229323514479e-12,5.255101782210496e-12
r2p8_w128_di32,7,2968,specific_cloud_ice_water_content,850.0,3.961986983271616e-12,4.387268198095345e-12
r2p8_w128_di32,7,2968,specific_cloud_ice_water_content,875.0,3.203053258355219e-12,3.56524142581276e-12
r2p8_w128_di32,7,2968,specific_cloud_ice_water_content,900.0,2.611289247265449e-12,3.0865858033128705e-12
r2p8_w128_di32,7,2968,specific_cloud_ice_water_content,925.0,2.0978291394259484e-12,2.679153955948591e-12
r2p8_w128_di32,7,2968,specific_cloud_ice_water_content,950.0,1.5283444514611215e-12,1.929664470329707e-12
r2p8_w128_di32,7,2968,specific_cloud_ice_water_content,975.0,1.052711194566144e-12,1.2580358108595596e-12
r2p8_w128_di32,7,2968,specific_cloud_ice_water_content,1000.0,8.760627932093284e-13,1.1019991957818004e-12
r2p8_w128_di32,7,2968,specific_cloud_liquid_water_content,1.0,6.960850716230101e-12,1.1764924647443586e-11
r2p8_w128_di32,7,2968,specific_cloud_liquid_water_content,2.0,6.97905872942246e-12,1.176539119029414e-11
r2p8_w128_di32,7,2968,specific_cloud_liquid_water_content,3.0,6.894158364596004e-12,1.1748112363251815e-11
r2p8_w128_di32,7,2968,specific_cloud_liquid_water_content,5.0,6.959709655962159e-12,1.1786601723385398e-11
r2p8_w128_di32,7,2968,specific_cloud_liquid_water_content,7.0,7.049454723725454e-12,1.1793366731827148e-11
r2p8_w128_di32,7,2968,specific_cloud_liquid_water_content,10.0,6.904741347396527e-12,1.1704536123842276e-11
r2p8_w128_di32,7,2968,specific_cloud_liquid_water_content,20.0,5.3435425763698175e-12,9.092754773157078e-12
r2p8_w128_di32,7,2968,specific_cloud_liquid_water_content,30.0,3.906649930766201e-12,7.10734249470298e-12
r2p8_w128_di32,7,2968,specific_cloud_liquid_water_content,50.0,3.665392761854649e-12,1.0948767774783927e-11
r2p8_w128_di32,7,2968,specific_cloud_liquid_water_content,70.0,2.4087816302428625e-12,1.2250114019775694e-11
r2p8_w128_di32,7,2968,specific_cloud_liquid_water_content,100.0,2.305795471391585e-12,7.846352716623066e-12
r2p8_w128_di32,7,2968,specific_cloud_liquid_water_content,125.0,1.980715439158574e-12,7.188243165733055e-12
r2p8_w128_di32,7,2968,specific_cloud_liquid_water_content,150.0,2.2718102831329924e-12,5.965262487151817e-12
r2p8_w128_di32,7,2968,specific_cloud_liquid_water_content,175.0,2.7887149269078502e-12,4.625705365054917e-12
r2p8_w128_di32,7,2968,specific_cloud_liquid_water_content,200.0,3.3221211096406432e-12,5.654709824015652e-12
r2p8_w128_di32,7,2968,specific_cloud_liquid_water_content,225.0,2.8765502800703413e-12,3.859429973398767e-12
r2p8_w128_di32,7,2968,specific_cloud_liquid_water_content,250.0,3.164678334531436e-12,4.837307512299602e-12
r2p8_w128_di32,7,2968,specific_cloud_liquid_water_content,300.0,5.122975064937647e-12,6.806399529281269e-12
r2p8_w128_di32,7,2968,specific_cloud_liquid_water_content,350.0,7.957461985959718e-12,1.0614747709275507e-11
r2p8_w128_di32,7,2968,specific_cloud_liquid_water_content,400.0,1.552316402925363e-11,2.0302726722520374e-11
r2p8_w128_di32,7,2968,specific_cloud_liquid_water_content,450.0,3.5263638976948825e-11,4.1456646931917395e-11
r2p8_w128_di32,7,2968,specific_cloud_liquid_water_content,500.0,7.745687769108952e-11,8.677951679126574e-11
r2p8_w128_di32,7,2968,specific_cloud_liquid_water_content,550.0,1.3065076468198478e-10,1.3782822173565373e-10
r2p8_w128_di32,7,2968,specific_cloud_liquid_water_content,600.0,1.0494442934458747e-10,1.1465778342994793e-10
r2p8_w128_di32,7,2968,specific_cloud_liquid_water_content,650.0,1.0600061239225198e-10,1.1575376278914308e-10
r2p8_w128_di32,7,2968,specific_cloud_liquid_water_content,700.0,1.2998984417027117e-10,1.4107229346129842e-10
r2p8_w128_di32,7,2968,specific_cloud_liquid_water_content,750.0,1.6661817846583605e-10,1.80216012574062e-10
r2p8_w128_di32,7,2968,specific_cloud_liquid_water_content,775.0,1.8760434774014486e-10,2.0466525321584254e-10
r2p8_w128_di32,7,2968,specific_cloud_liquid_water_content,800.0,2.1662372748966472e-10,2.779774100097792e-10
r2p8_w128_di32,7,2968,specific_cloud_liquid_water_content,825.0,2.838498005084331e-10,4.115482303170894e-10
r2p8_w128_di32,7,2968,specific_cloud_liquid_water_content,850.0,3.367170732005296e-10,6.817888519500557e-10
r2p8_w128_di32,7,2968,specific_cloud_liquid_water_content,875.0,3.45171796013947e-10,1.027751352369352e-09
r2p8_w128_di32,7,2968,specific_cloud_liquid_water_content,900.0,3.08558149439639e-10,8.250559624962088e-10
r2p8_w128_di32,7,2968,specific_cloud_liquid_water_content,925.0,2.4837554240315123e-10,4.3435601682798496e-10
r2p8_w128_di32,7,2968,specific_cloud_liquid_water_content,950.0,1.717761228553055e-10,4.2478506180290364e-10
r2p8_w128_di32,7,2968,specific_cloud_liquid_water_content,975.0,1.0367759170511923e-10,3.3927303545795255e-10
r2p8_w128_di32,7,2968,specific_cloud_liquid_water_content,1000.0,6.08969232715158e-11,1.041899066307106e-10
r2p8_w128_di32,8,3392,temperature,1.0,75.19899358061171,321.8789924123443
r2p8_w128_di32,8,3392,temperature,2.0,49.46142185905955,783.4372034236737
r2p8_w128_di32,8,3392,temperature,3.0,32.390100264139605,984.3159631473502
r2p8_w128_di32,8,3392,temperature,5.0,18.356825226852575,750.0629180593589
r2p8_w128_di32,8,3392,temperature,7.0,12.234180402919598,525.3562236563037
r2p8_w128_di32,8,3392,temperature,10.0,6.932305318301486,356.585445778968
r2p8_w128_di32,8,3392,temperature,20.0,5.231110039609405,43.48981333729328
r2p8_w128_di32,8,3392,temperature,30.0,3.8718095885928965,5.785318557175574
r2p8_w128_di32,8,3392,temperature,50.0,0.38092296676537424,31.793704458282576
r2p8_w128_di32,8,3392,temperature,70.0,0.37079606127902814,4.866524392714616
r2p8_w128_di32,8,3392,temperature,100.0,0.2558116016416615,1.519249175832034
r2p8_w128_di32,8,3392,temperature,125.0,0.16940880641597242,1.8831677730960126
r2p8_w128_di32,8,3392,temperature,150.0,0.1361507817232322,0.7655552027971064
r2p8_w128_di32,8,3392,temperature,175.0,0.12455395877975778,0.3053640601868482
r2p8_w128_di32,8,3392,temperature,200.0,0.12989476659556026,0.17299111169023612
r2p8_w128_di32,8,3392,temperature,225.0,0.13519545711090475,0.1958678155215745
r2p8_w128_di32,8,3392,temperature,250.0,0.13230877116680964,0.1950677676606424
r2p8_w128_di32,8,3392,temperature,300.0,0.12216572812230317,0.18835509712343773
r2p8_w128_di32,8,3392,temperature,350.0,0.11342368134108606,0.16807179886758122
r2p8_w128_di32,8,3392,temperature,400.0,0.11115286237595418,0.14079521381875493
r2p8_w128_di32,8,3392,temperature,450.0,0.11125911449136602,0.13413389681540813
r2p8_w128_di32,8,3392,temperature,500.0,0.11108228455192035,0.13210934386220585
r2p8_w128_di32,8,3392,temperature,550.0,0.11616847624176556,0.13982274587109325
r2p8_w128_di32,8,3392,temperature,600.0,0.12294365673028317,0.15018133698255337
r2p8_w128_di32,8,3392,temperature,650.0,0.13241656982304714,0.16243488965780056
r2p8_w128_di32,8,3392,temperature,700.0,0.14335038165251415,0.1759616526029364
r2p8_w128_di32,8,3392,temperature,750.0,0.16344922613544563,0.19726642724574636
r2p8_w128_di32,8,3392,temperature,775.0,0.17411779215450549,0.20217295815444894
r2p8_w128_di32,8,3392,temperature,800.0,0.1904199641799599,0.24690250112223872
r2p8_w128_di32,8,3392,temperature,825.0,0.21654968975540698,0.28191390769792996
r2p8_w128_di32,8,3392,temperature,850.0,0.23338040444244634,0.33883172703772474
r2p8_w128_di32,8,3392,temperature,875.0,0.2383985525041921,0.3755631353232459
r2p8_w128_di32,8,3392,temperature,900.0,0.23817769453902424,0.3271512757052261
r2p8_w128_di32,8,3392,temperature,925.0,0.24131919994591847,0.32837178792125993
r2p8_w128_di32,8,3392,temperature,950.0,0.25338859005072684,0.34605702768076735
r2p8_w128_di32,8,3392,temperature,975.0,0.28011338818319065,0.3679160497647381
r2p8_w128_di32,8,3392,temperature,1000.0,0.29223923702625065,0.4045710802692728
r2p8_w128_di32,8,3392,geopotential,1.0,904225144.566323,22795929.868041236
r2p8_w128_di32,8,3392,geopotential,2.0,421705871.6151203,4111148.601718213
r2p8_w128_di32,8,3392,geopotential,3.0,239814309.2783505,2287954.215549828
r2p8_w128_di32,8,3392,geopotential,5.0,90220112.5718213,1185215.7509879726
r2p8_w128_di32,8,3392,geopotential,7.0,35922425.003436424,555801.3201030928
r2p8_w128_di32,8,3392,geopotential,10.0,7552648.180412371,255144.39179553263
r2p8_w128_di32,8,3392,geopotential,20.0,1870461.121821306,696817.4941151203
r2p8_w128_di32,8,3392,geopotential,30.0,3139592.8699312713,354716.7142611684
r2p8_w128_di32,8,3392,geopotential,50.0,3545.1752452312876,46723.05237462414
r2p8_w128_di32,8,3392,geopotential,70.0,3058.496623308634,71559.97998013317
r2p8_w128_di32,8,3392,geopotential,100.0,1947.3920830900317,5945.809383054124
r2p8_w128_di32,8,3392,geopotential,125.0,1600.7544679412317,2039.9647862804713
r2p8_w128_di32,8,3392,geopotential,150.0,1447.6305559610582,1775.916305741248
r2p8_w128_di32,8,3392,geopotential,175.0,1401.25583080803,3016.2656466454573
r2p8_w128_di32,8,3392,geopotential,200.0,1392.0184857240656,2163.4164160659634
r2p8_w128_di32,8,3392,geopotential,225.0,1334.66822119644,2043.7188551230938
r2p8_w128_di32,8,3392,geopotential,250.0,1327.4334120707824,1678.767584417284
r2p8_w128_di32,8,3392,geopotential,300.0,1326.4102626734993,1920.139733676976
r2p8_w128_di32,8,3392,geopotential,350.0,1262.2029262057695,1834.8872106388262
r2p8_w128_di32,8,3392,geopotential,400.0,1164.8296497043466,1481.3364665972
r2p8_w128_di32,8,3392,geopotential,450.0,1068.8698042512349,1402.30466447024
r2p8_w128_di32,8,3392,geopotential,500.0,984.3614905078796,1272.5159377265222
r2p8_w128_di32,8,3392,geopotential,550.0,916.9645822636451,1213.171083053117
r2p8_w128_di32,8,3392,geopotential,600.0,874.5392489403794,1132.28318009524
r2p8_w128_di32,8,3392,geopotential,650.0,845.6806461714388,1160.9650138514148
r2p8_w128_di32,8,3392,geopotential,700.0,839.1996944886303,1156.829630449957
r2p8_w128_di32,8,3392,geopotential,750.0,838.9861821859563,1160.552510285787
r2p8_w128_di32,8,3392,geopotential,775.0,849.8817782372544,1199.365410768699
r2p8_w128_di32,8,3392,geopotential,800.0,859.8848000018457,1200.949572795855
r2p8_w128_di32,8,3392,geopotential,825.0,876.5115020856824,1199.4281743315078
r2p8_w128_di32,8,3392,geopotential,850.0,896.7007591011597,1242.6271608123254
r2p8_w128_di32,8,3392,geopotential,875.0,920.5010710306593,1315.7326799425473
r2p8_w128_di32,8,3392,geopotential,900.0,960.3472132731958,1384.6521225552378
r2p8_w128_di32,8,3392,geopotential,925.0,1007.6959030937903,1471.0586613291318
r2p8_w128_di32,8,3392,geopotential,950.0,1060.872597857603,1596.5760654934493
r2p8_w128_di32,8,3392,geopotential,975.0,1143.3865640017584,1890.8996827010847
r2p8_w128_di32,8,3392,geopotential,1000.0,1260.156984435406,2499.4628318131176
r2p8_w128_di32,8,3392,u_component_of_wind,1.0,722.9386758601133,1415.6542462430868
r2p8_w128_di32,8,3392,u_component_of_wind,2.0,455.2801186682842,606.356906830568
r2p8_w128_di32,8,3392,u_component_of_wind,3.0,285.6802493013467,381.5411552402981
r2p8_w128_di32,8,3392,u_component_of_wind,5.0,139.57897599472622,193.73980870459908
r2p8_w128_di32,8,3392,u_component_of_wind,7.0,94.83603440379768,127.08144158432164
r2p8_w128_di32,8,3392,u_component_of_wind,10.0,68.12114248111895,101.16950035226304
r2p8_w128_di32,8,3392,u_component_of_wind,20.0,26.779242006282217,50.244397839156214
r2p8_w128_di32,8,3392,u_component_of_wind,30.0,26.19292216612301,35.41245556336498
r2p8_w128_di32,8,3392,u_component_of_wind,50.0,1.1315817461390676,6.715594406062385
r2p8_w128_di32,8,3392,u_component_of_wind,70.0,1.12226303430767,2.505383203201687
r2p8_w128_di32,8,3392,u_component_of_wind,100.0,1.3048216249115279,2.890777083033139
r2p8_w128_di32,8,3392,u_component_of_wind,125.0,1.4188450351613493,2.0913489479379557
r2p8_w128_di32,8,3392,u_component_of_wind,150.0,1.4963557155271576,2.4741698759118305
r2p8_w128_di32,8,3392,u_component_of_wind,175.0,1.5222772715427622,2.6076264143809422
r2p8_w128_di32,8,3392,u_component_of_wind,200.0,1.596340423883851,2.312438909622402
r2p8_w128_di32,8,3392,u_component_of_wind,225.0,1.7501107596859489,2.65040298057176
r2p8_w128_di32,8,3392,u_component_of_wind,250.0,1.88050915801648,2.7178453666647684
r2p8_w128_di32,8,3392,u_component_of_wind,300.0,1.9726522819283083,3.578238781702887
r2p8_w128_di32,8,3392,u_component_of_wind,350.0,1.807396195352692,3.9070656722353907
r2p8_w128_di32,8,3392,u_component_of_wind,400.0,1.59124540152009,2.3040967865088553
r2p8_w128_di32,8,3392,u_component_of_wind,450.0,1.4034066351418644,1.9860416255046411
r2p8_w128_di32,8,3392,u_component_of_wind,500.0,1.2501135787603372,1.5773069855273794
r2p8_w128_di32,8,3392,u_component_of_wind,550.0,1.1626420173448386,1.360399476850975
r2p8_w128_di32,8,3392,u_component_of_wind,600.0,1.0861500463125222,1.2526448217454236
r2p8_w128_di32,8,3392,u_component_of_wind,650.0,1.0444742619786476,1.4667353195832766
r2p8_w128_di32,8,3392,u_component_of_wind,700.0,1.003151554831934,1.3369232698814155
r2p8_w128_di32,8,3392,u_component_of_wind,750.0,0.9663509646232186,1.1031357582082453
r2p8_w128_di32,8,3392,u_component_of_wind,775.0,0.9445383881785206,1.0672011526999194
r2p8_w128_di32,8,3392,u_component_of_wind,800.0,0.92787974003664,1.0640146563143256
r2p8_w128_di32,8,3392,u_component_of_wind,825.0,0.9099692950543669,1.048217950326061
r2p8_w128_di32,8,3392,u_component_of_wind,850.0,0.8807123280472772,1.0253925257532048
r2p8_w128_di32,8,3392,u_component_of_wind,875.0,0.8459510380050161,1.0009993002177104
r2p8_w128_di32,8,3392,u_component_of_wind,900.0,0.8174166316838608,0.9898692041328273
r2p8_w128_di32,8,3392,u_component_of_wind,925.0,0.8008179622417463,0.9970770719534753
r2p8_w128_di32,8,3392,u_component_of_wind,950.0,0.7643924616456441,1.0011377780707842
r2p8_w128_di32,8,3392,u_component_of_wind,975.0,0.679763151218801,0.9680975810359024
r2p8_w128_di32,8,3392,u_component_of_wind,1000.0,0.5664272328627479,0.8861060627547326
r2p8_w128_di32,8,3392,v_component_of_wind,1.0,119.05225657564668,138.84963833523778
r2p8_w128_di32,8,3392,v_component_of_wind,2.0,72.77250083844686,93.19664373496144
r2p8_w128_di32,8,3392,v_component_of_wind,3.0,52.03747801108868,73.8480218474398
r2p8_w128_di32,8,3392,v_component_of_wind,5.0,32.71310249145088,46.59293909892184
r2p8_w128_di32,8,3392,v_component_of_wind,7.0,24.73936256133404,33.247569706185985
r2p8_w128_di32,8,3392,v_component_of_wind,10.0,17.121713023497065,21.709402512357
r2p8_w128_di32,8,3392,v_component_of_wind,20.0,9.852611001660325,10.981458519742251
r2p8_w128_di32,8,3392,v_component_of_wind,30.0,8.196863597856764,11.780904687966677
r2p8_w128_di32,8,3392,v_component_of_wind,50.0,1.1579218097159134,6.09360223619389
r2p8_w128_di32,8,3392,v_component_of_wind,70.0,1.2083303110706027,36.42868730997302
r2p8_w128_di32,8,3392,v_component_of_wind,100.0,1.358649160648949,3.094141032687577
r2p8_w128_di32,8,3392,v_component_of_wind,125.0,1.464807457694483,3.6002846126294217
r2p8_w128_di32,8,3392,v_component_of_wind,150.0,1.4900461818754058,3.3896410458686015
r2p8_w128_di32,8,3392,v_component_of_wind,175.0,1.4851046708850926,2.4626873884823723
r2p8_w128_di32,8,3392,v_component_of_wind,200.0,1.5519517937067038,2.24504762547942
r2p8_w128_di32,8,3392,v_component_of_wind,225.0,1.7551270650424498,3.221693300791213
r2p8_w128_di32,8,3392,v_component_of_wind,250.0,1.9538696924845378,3.5380411728141232
r2p8_w128_di32,8,3392,v_component_of_wind,300.0,2.199929283328892,4.069278329836134
r2p8_w128_di32,8,3392,v_component_of_wind,350.0,2.0805937891563597,3.6811171085973786
r2p8_w128_di32,8,3392,v_component_of_wind,400.0,1.842572056304958,2.541048966896083
r2p8_w128_di32,8,3392,v_component_of_wind,450.0,1.6110221734161638,2.235474298254321
r2p8_w128_di32,8,3392,v_component_of_wind,500.0,1.4217242776323429,1.9532352479462771
r2p8_w128_di32,8,3392,v_component_of_wind,550.0,1.3090241281027646,1.6329195337197215
r2p8_w128_di32,8,3392,v_component_of_wind,600.0,1.2139677363163008,1.5442349211047195
r2p8_w128_di32,8,3392,v_component_of_wind,650.0,1.158326429722645,1.6512841151752014
r2p8_w128_di32,8,3392,v_component_of_wind,700.0,1.1124399000017093,1.4593778236215467
r2p8_w128_di32,8,3392,v_component_of_wind,750.0,1.0738952532257002,1.3304932725798224
r2p8_w128_di32,8,3392,v_component_of_wind,775.0,1.0539147950939296,1.4238610775610017
r2p8_w128_di32,8,3392,v_component_of_wind,800.0,1.0374182451221952,1.6793991948321103
r2p8_w128_di32,8,3392,v_component_of_wind,825.0,1.0209088774071526,1.391237289061661
r2p8_w128_di32,8,3392,v_component_of_wind,850.0,0.9962723830311568,1.4278162676853823
r2p8_w128_di32,8,3392,v_component_of_wind,875.0,0.9674795301099823,1.4179396078758633
r2p8_w128_di32,8,3392,v_component_of_wind,900.0,0.9479510768582321,1.2963630987606507
r2p8_w128_di32,8,3392,v_component_of_wind,925.0,0.9261941030263081,1.258816654002134
r2p8_w128_di32,8,3392,v_component_of_wind,950.0,0.8840874612126564,1.1979759617769432
r2p8_w128_di32,8,3392,v_component_of_wind,975.0,0.7781730204513393,1.1919030639723813
r2p8_w128_di32,8,3392,v_component_of_wind,1000.0,0.6346544354846797,0.9549039856674745
r2p8_w128_di32,8,3392,specific_humidity,1.0,7.979712329664615e-13,1.306750249509736e-13
r2p8_w128_di32,8,3392,specific_humidity,2.0,5.29086877704512e-13,5.3265016206691047e-14
r2p8_w128_di32,8,3392,specific_humidity,3.0,3.6428078088250586e-13,3.200744163584169e-14
r2p8_w128_di32,8,3392,specific_humidity,5.0,1.8613657648499995e-13,5.987408128791591e-14
r2p8_w128_di32,8,3392,specific_humidity,7.0,1.1637544761544083e-13,1.0370318494836915e-13
r2p8_w128_di32,8,3392,specific_humidity,10.0,6.511209778552283e-14,1.6643120903248691e-13
r2p8_w128_di32,8,3392,specific_humidity,20.0,1.788848140050651e-14,1.6006383264099797e-13
r2p8_w128_di32,8,3392,specific_humidity,30.0,1.002146847301838e-14,2.3934616599168213e-14
r2p8_w128_di32,8,3392,specific_humidity,50.0,1.5086202651576535e-16,1.2532023308682611e-13
r2p8_w128_di32,8,3392,specific_humidity,70.0,6.555352921912525e-16,1.6178736089590044e-14
r2p8_w128_di32,8,3392,specific_humidity,100.0,7.841293617331244e-15,1.906660066857084e-14
r2p8_w128_di32,8,3392,specific_humidity,125.0,5.6395601411281255e-14,1.9230333396938252e-13
r2p8_w128_di32,8,3392,specific_humidity,150.0,4.4888748201515315e-13,1.3799095190961669e-12
r2p8_w128_di32,8,3392,specific_humidity,175.0,3.1129370728082507e-12,7.44175819609084e-12
r2p8_w128_di32,8,3392,specific_humidity,200.0,1.7224567795719864e-11,2.632376909878e-11
r2p8_w128_di32,8,3392,specific_humidity,225.0,7.266019820229885e-11,1.1673184312541496e-10
r2p8_w128_di32,8,3392,specific_humidity,250.0,2.260142254336237e-10,3.7504034757499057e-10
r2p8_w128_di32,8,3392,specific_humidity,300.0,1.1943600377511298e-09,2.5219154070133473e-09
r2p8_w128_di32,8,3392,specific_humidity,350.0,4.1034687231203145e-09,7.276849432303351e-09
r2p8_w128_di32,8,3392,specific_humidity,400.0,1.0218196281929792e-08,1.9087815931135096e-08
r2p8_w128_di32,8,3392,specific_humidity,450.0,2.1221508844362654e-08,3.17936686822763e-08
r2p8_w128_di32,8,3392,specific_humidity,500.0,3.633391267640685e-08,4.70468340903697e-08
r2p8_w128_di32,8,3392,specific_humidity,550.0,5.825099867052357e-08,7.14482985526886e-08
r2p8_w128_di32,8,3392,specific_humidity,600.0,7.987532751446492e-08,1.1090161308695465e-07
r2p8_w128_di32,8,3392,specific_humidity,650.0,1.1199283436752987e-07,1.520692362722696e-07
r2p8_w128_di32,8,3392,specific_humidity,700.0,1.436713131456084e-07,2.1762022267523076e-07
r2p8_w128_di32,8,3392,specific_humidity,750.0,1.7886858791580598e-07,2.4525028244510916e-07
r2p8_w128_di32,8,3392,specific_humidity,775.0,1.9098260635633102e-07,2.499262715695345e-07
r2p8_w128_di32,8,3392,specific_humidity,800.0,2.0336908329278867e-07,2.826466550739878e-07
r2p8_w128_di32,8,3392,specific_humidity,825.0,2.1300108063225765e-07,2.8114895853308916e-07
r2p8_w128_di32,8,3392,specific_humidity,850.0,2.108220350025642e-07,2.7804014683246527e-07
r2p8_w128_di32,8,3392,specific_humidity,875.0,1.9530405060497688e-07,2.518614834667941e-07
r2p8_w128_di32,8,3392,specific_humidity,900.0,1.7737926227155216e-07,2.2593671317507997e-07
r2p8_w128_di32,8,3392,specific_humidity,925.0,1.493074445703311e-07,1.8614082756018567e-07
r2p8_w128_di32,8,3392,specific_humidity,950.0,1.1990993478272445e-07,1.5189992789036957e-07
r2p8_w128_di32,8,3392,specific_humidity,975.0,1.1499239043863894e-07,1.3457754829518702e-07
r2p8_w128_di32,8,3392,specific_humidity,1000.0,1.1164597994239398e-07,1.446561257875821e-07
r2p8_w128_di32,8,3392,specific_cloud_ice_water_content,1.0,2.0656094913948557e-12,2.6077920594174554e-12
r2p8_w128_di32,8,3392,specific_cloud_ice_water_content,2.0,2.0234545277697125e-12,2.5703832372255946e-12
r2p8_w128_di32,8,3392,specific_cloud_ice_water_content,3.0,2.0223645892362894e-12,2.5757362888055386e-12
r2p8_w128_di32,8,3392,specific_cloud_ice_water_content,5.0,2.00482062520991e-12,2.5739657485058757e-12
r2p8_w128_di32,8,3392,specific_cloud_ice_water_content,7.0,2.0152753867592816e-12,2.5760507975994514e-12
r2p8_w128_di32,8,3392,specific_cloud_ice_water_content,10.0,2.037115150627534e-12,2.5774347598395543e-12
r2p8_w128_di32,8,3392,specific_cloud_ice_water_content,20.0,1.436444092610472e-12,1.8761354121301787e-12
r2p8_w128_di32,8,3392,specific_cloud_ice_water_content,30.0,1.0323275304599433e-12,1.3782380127663056e-12
r2p8_w128_di32,8,3392,specific_cloud_ice_water_content,50.0,6.04867116940882e-13,1.213134513913948e-12
r2p8_w128_di32,8,3392,specific_cloud_ice_water_content,70.0,5.007802197102933e-13,9.727683555742665e-13
r2p8_w128_di32,8,3392,specific_cloud_ice_water_content,100.0,1.41792414577202e-12,2.0365851571361913e-12
r2p8_w128_di32,8,3392,specific_cloud_ice_water_content,125.0,7.433379552119128e-12,8.395431780581442e-12
r2p8_w128_di32,8,3392,specific_cloud_ice_water_content,150.0,2.0437429827850873e-11,2.346984641223707e-11
r2p8_w128_di32,8,3392,specific_cloud_ice_water_content,175.0,3.4651052583181316e-11,4.382105128244204e-11
r2p8_w128_di32,8,3392,specific_cloud_ice_water_content,200.0,4.9533701323312176e-11,7.152177116113641e-11
r2p8_w128_di32,8,3392,specific_cloud_ice_water_content,225.0,6.440855524445746e-11,1.0888092201898885e-10
r2p8_w128_di32,8,3392,specific_cloud_ice_water_content,250.0,7.128898804799967e-11,1.5351138577189841e-10
r2p8_w128_di32,8,3392,specific_cloud_ice_water_content,300.0,6.805355274630973e-11,1.42880541638303e-10
r2p8_w128_di32,8,3392,specific_cloud_ice_water_content,350.0,6.064485854360536e-11,9.97595528473713e-11
r2p8_w128_di32,8,3392,specific_cloud_ice_water_content,400.0,4.579369841041881e-11,6.327521300209505e-11
r2p8_w128_di32,8,3392,specific_cloud_ice_water_content,450.0,3.341729136034257e-11,4.3934454674693424e-11
r2p8_w128_di32,8,3392,specific_cloud_ice_water_content,500.0,2.3787024569424588e-11,3.013361893440159e-11
r2p8_w128_di32,8,3392,specific_cloud_ice_water_content,550.0,1.584411670627491e-11,1.98542099737697e-11
r2p8_w128_di32,8,3392,specific_cloud_ice_water_content,600.0,1.1052950666157134e-11,1.3682487533675295e-11
r2p8_w128_di32,8,3392,specific_cloud_ice_water_content,650.0,8.164465710032475e-12,1.0101632786743057e-11
r2p8_w128_di32,8,3392,specific_cloud_ice_water_content,700.0,6.09391010173955e-12,7.282189967138066e-12
r2p8_w128_di32,8,3392,specific_cloud_ice_water_content,750.0,4.78754874018024e-12,5.671379130927445e-12
r2p8_w128_di32,8,3392,specific_cloud_ice_water_content,775.0,4.713934288971145e-12,5.4720377683765024e-12
r2p8_w128_di32,8,3392,specific_cloud_ice_water_content,800.0,4.707491983358201e-12,5.669967518327773e-12
r2p8_w128_di32,8,3392,specific_cloud_ice_water_content,825.0,4.550229323514479e-12,5.255747520356773e-12
r2p8_w128_di32,8,3392,specific_cloud_ice_water_content,850.0,3.961986983271616e-12,4.426728611721411e-12
r2p8_w128_di32,8,3392,specific_cloud_ice_water_content,875.0,3.203053258355219e-12,3.5741607715420157e-12
r2p8_w128_di32,8,3392,specific_cloud_ice_water_content,900.0,2.611289247265449e-12,3.129207228864611e-12
r2p8_w128_di32,8,3392,specific_cloud_ice_water_content,925.0,2.0978291394259484e-12,2.6742945977280367e-12
r2p8_w128_di32,8,3392,specific_cloud_ice_water_content,950.0,1.5283444514611215e-12,2.0405048003741086e-12
r2p8_w128_di32,8,3392,specific_cloud_ice_water_content,975.0,1.052711194566144e-12,1.2557143123243188e-12
r2p8_w128_di32,8,3392,specific_cloud_ice_water_content,1000.0,8.760627932093284e-13,1.170991346892793e-12
r2p8_w128_di32,8,3392,specific_cloud_liquid_water_content,1.0,6.960850716230101e-12,1.2020538657141748e-11
r2p8_w128_di32,8,3392,specific_cloud_liquid_water_content,2.0,6.97905872942246e-12,1.1996969963609995e-11
r2p8_w128_di32,8,3392,specific_cloud_liquid_water_content,3.0,6.894158364596004e-12,1.2018269566107932e-11
r2p8_w128_di32,8,3392,specific_cloud_liquid_water_content,5.0,6.959709655962159e-12,1.1995691010411397e-11
r2p8_w128_di32,8,3392,specific_cloud_liquid_water_content,7.0,7.049454723725454e-12,1.1983961225765901e-11
r2p8_w128_di32,8,3392,specific_cloud_liquid_water_content,10.0,6.904741347396527e-12,1.1977236353221811e-11
r2p8_w128_di32,8,3392,specific_cloud_liquid_water_content,20.0,5.3435425763698175e-12,9.261494020149916e-12
r2p8_w128_di32,8,3392,specific_cloud_liquid_water_content,30.0,3.906649930766201e-12,6.932189708849685e-12
r2p8_w128_di32,8,3392,specific_cloud_liquid_water_content,50.0,3.665392761854649e-12,1.0151521709322799e-11
r2p8_w128_di32,8,3392,specific_cloud_liquid_water_content,70.0,2.4087816302428625e-12,1.3016562764405428e-11
r2p8_w128_di32,8,3392,specific_cloud_liquid_water_content,100.0,2.305795471391585e-12,8.366448762845814e-12
r2p8_w128_di32,8,3392,specific_cloud_liquid_water_content,125.0,1.980715439158574e-12,6.8819991771719e-12
r2p8_w128_di32,8,3392,specific_cloud_liquid_water_content,150.0,2.2718102831329924e-12,5.927575797877568e-12
r2p8_w128_di32,8,3392,specific_cloud_liquid_water_content,175.0,2.7887149269078502e-12,4.6545994238905194e-12
r2p8_w128_di32,8,3392,specific_cloud_liquid_water_content,200.0,3.3221211096406432e-12,5.572134776128005e-12
r2p8_w128_di32,8,3392,specific_cloud_liquid_water_content,225.0,2.8765502800703413e-12,3.918839534122343e-12
r2p8_w128_di32,8,3392,specific_cloud_liquid_water_content,250.0,3.164678334531436e-12,4.782389426363098e-12
r2p8_w128_di32,8,3392,specific_cloud_liquid_water_content,300.0,5.122975064937647e-12,6.7482175420487186e-12
r2p8_w128_di32,8,3392,specific_cloud_liquid_water_content,350.0,7.957461985959718e-12,1.051144236145368e-11
r2p8_w128_di32,8,3392,specific_cloud_liquid_water_content,400.0,1.552316402925363e-11,2.0178718835705108e-11
r2p8_w128_di32,8,3392,specific_cloud_liquid_water_content,450.0,3.5263638976948825e-11,4.163441418181639e-11
r2p8_w128_di32,8,3392,specific_cloud_liquid_water_content,500.0,7.745687769108952e-11,8.756680862951727e-11
r2p8_w128_di32,8,3392,specific_cloud_liquid_water_content,550.0,1.3065076468198478e-10,1.381374606769042e-10
r2p8_w128_di32,8,3392,specific_cloud_liquid_water_content,600.0,1.0494442934458747e-10,1.1592460742769384e-10
r2p8_w128_di32,8,3392,specific_cloud_liquid_water_content,650.0,1.0600061239225198e-10,1.1671026173467405e-10
r2p8_w128_di32,8,3392,specific_cloud_liquid_water_content,700.0,1.2998984417027117e-10,1.4165608121406918e-10
r2p8_w128_di32,8,3392,specific_cloud_liquid_water_content,750.0,1.6661817846583605e-10,1.8060683464712434e-10
r2p8_w128_di32,8,3392,specific_cloud_liquid_water_content,775.0,1.8760434774014486e-10,2.0596470374011663e-10
r2p8_w128_di32,8,3392,specific_cloud_liquid_water_content,800.0,2.1662372748966472e-10,2.8272122302686933e-10
r2p8_w128_di32,8,3392,specific_cloud_liquid_water_content,825.0,2.838498005084331e-10,4.0230089280890826e-10
r2p8_w128_di32,8,3392,specific_cloud_liquid_water_content,850.0,3.367170732005296e-10,6.727914854861202e-10
r2p8_w128_di32,8,3392,specific_cloud_liquid_water_content,875.0,3.45171796013947e-10,1.042321885160346e-09
r2p8_w128_di32,8,3392,specific_cloud_liquid_water_content,900.0,3.08558149439639e-10,8.165229433023394e-10
r2p8_w128_di32,8,3392,specific_cloud_liquid_water_content,925.0,2.4837554240315123e-10,4.5242860719761726e-10
r2p8_w128_di32,8,3392,specific_cloud_liquid_water_content,950.0,1.717761228553055e-10,4.4589323064306496e-10
r2p8_w128_di32,8,3392,specific_cloud_liquid_water_content,975.0,1.0367759170511923e-10,3.2592604543081933e-10
r2p8_w128_di32,8,3392,specific_cloud_liquid_water_content,1000.0,6.08969232715158e-11,1.0408093055083236e-10
r2p8_w256_di16,0,0,temperature,1.0,75.19899358061171,75.19899358061171
r2p8_w256_di16,0,0,temperature,2.0,49.46142185905955,49.46142185905955
r2p8_w256_di16,0,0,temperature,3.0,32.390100264139605,32.390100264139605
r2p8_w256_di16,0,0,temperature,5.0,18.356825226852575,18.356825226852575
r2p8_w256_di16,0,0,temperature,7.0,12.234180402919598,12.234180402919598
r2p8_w256_di16,0,0,temperature,10.0,6.932305318301486,6.932305318301486
r2p8_w256_di16,0,0,temperature,20.0,5.231110039609405,5.231110039609405
r2p8_w256_di16,0,0,temperature,30.0,3.8718095885928965,3.8718095885928965
r2p8_w256_di16,0,0,temperature,50.0,0.38092296676537424,0.38092296676537424
r2p8_w256_di16,0,0,temperature,70.0,0.37079606127902814,0.37079606127902814
r2p8_w256_di16,0,0,temperature,100.0,0.2558116016416615,0.2558116016416615
r2p8_w256_di16,0,0,temperature,125.0,0.16940880641597242,0.16940880641597242
r2p8_w256_di16,0,0,temperature,150.0,0.1361507817232322,0.1361507817232322
r2p8_w256_di16,0,0,temperature,175.0,0.12455395877975778,0.12455395877975778
r2p8_w256_di16,0,0,temperature,200.0,0.12989476659556026,0.12989476659556026
r2p8_w256_di16,0,0,temperature,225.0,0.13519545711090475,0.13519545711090475
r2p8_w256_di16,0,0,temperature,250.0,0.13230877116680964,0.13230877116680964
r2p8_w256_di16,0,0,temperature,300.0,0.12216572812230317,0.12216572812230317
r2p8_w256_di16,0,0,temperature,350.0,0.11342368134108606,0.11342368134108606
r2p8_w256_di16,0,0,temperature,400.0,0.11115286237595418,0.11115286237595418
r2p8_w256_di16,0,0,temperature,450.0,0.11125911449136602,0.11125911449136602
r2p8_w256_di16,0,0,temperature,500.0,0.11108228455192035,0.11108228455192035
r2p8_w256_di16,0,0,temperature,550.0,0.11616847624176556,0.11616847624176556
r2p8_w256_di16,0,0,temperature,600.0,0.12294365673028317,0.12294365673028317
r2p8_w256_di16,0,0,temperature,650.0,0.13241656982304714,0.13241656982304714
r2p8_w256_di16,0,0,temperature,700.0,0.14335038165251415,0.14335038165251415
r2p8_w256_di16,0,0,temperature,750.0,0.16344922613544563,0.16344922613544563
r2p8_w256_di16,0,0,temperature,775.0,0.17411779215450549,0.17411779215450549
r2p8_w256_di16,0,0,temperature,800.0,0.1904199641799599,0.1904199641799599
r2p8_w256_di16,0,0,temperature,825.0,0.21654968975540698,0.21654968975540698
r2p8_w256_di16,0,0,temperature,850.0,0.23338040444244634,0.23338040444244634
r2p8_w256_di16,0,0,temperature,875.0,0.2383985525041921,0.2383985525041921
r2p8_w256_di16,0,0,temperature,900.0,0.23817769453902424,0.23817769453902424
r2p8_w256_di16,0,0,temperature,925.0,0.24131919994591847,0.24131919994591847
r2p8_w256_di16,0,0,temperature,950.0,0.25338859005072684,0.25338859005072684
r2p8_w256_di16,0,0,temperature,975.0,0.28011338818319065,0.28011338818319065
r2p8_w256_di16,0,0,temperature,1000.0,0.29223923702625065,0.29223923702625065
r2p8_w256_di16,0,0,geopotential,1.0,904225144.566323,904225144.566323
r2p8_w256_di16,0,0,geopotential,2.0,421705871.6151203,421705871.6151203
r2p8_w256_di16,0,0,geopotential,3.0,239814309.2783505,239814309.2783505
r2p8_w256_di16,0,0,geopotential,5.0,90220112.5718213,90220112.5718213
r2p8_w256_di16,0,0,geopotential,7.0,35922425.003436424,35922425.003436424
r2p8_w256_di16,0,0,geopotential,10.0,7552648.180412371,7552648.180412371
r2p8_w256_di16,0,0,geopotential,20.0,1870461.121821306,1870461.121821306
r2p8_w256_di16,0,0,geopotential,30.0,3139592.8699312713,3139592.8699312713
r2p8_w256_di16,0,0,geopotential,50.0,3545.1752452312876,3545.1752452312876
r2p8_w256_di16,0,0,geopotential,70.0,3058.496623308634,3058.496623308634
r2p8_w256_di16,0,0,geopotential,100.0,1947.3920830900317,1947.3920830900317
r2p8_w256_di16,0,0,geopotential,125.0,1600.7544679412317,1600.7544679412317
r2p8_w256_di16,0,0,geopotential,150.0,1447.6305559610582,1447.6305559610582
r2p8_w256_di16,0,0,geopotential,175.0,1401.25583080803,1401.25583080803
r2p8_w256_di16,0,0,geopotential,200.0,1392.0184857240656,1392.0184857240656
r2p8_w256_di16,0,0,geopotential,225.0,1334.66822119644,1334.66822119644
r2p8_w256_di16,0,0,geopotential,250.0,1327.4334120707824,1327.4334120707824
r2p8_w256_di16,0,0,geopotential,300.0,1326.4102626734993,1326.4102626734993
r2p8_w256_di16,0,0,geopotential,350.0,1262.2029262057695,1262.2029262057695
r2p8_w256_di16,0,0,geopotential,400.0,1164.8296497043466,1164.8296497043466
r2p8_w256_di16,0,0,geopotential,450.0,1068.8698042512349,1068.8698042512349
r2p8_w256_di16,0,0,geopotential,500.0,984.3614905078796,984.3614905078796
r2p8_w256_di16,0,0,geopotential,550.0,916.9645822636451,916.9645822636451
r2p8_w256_di16,0,0,geopotential,600.0,874.5392489403794,874.5392489403794
r2p8_w256_di16,0,0,geopotential,650.0,845.6806461714388,845.6806461714388
r2p8_w256_di16,0,0,geopotential,700.0,839.1996944886303,839.1996944886303
r2p8_w256_di16,0,0,geopotential,750.0,838.9861821859563,838.9861821859563
r2p8_w256_di16,0,0,geopotential,775.0,849.8817782372544,849.8817782372544
r2p8_w256_di16,0,0,geopotential,800.0,859.8848000018457,859.8848000018457
r2p8_w256_di16,0,0,geopotential,825.0,876.5115020856824,876.5115020856824
r2p8_w256_di16,0,0,geopotential,850.0,896.7007591011597,896.7007591011597
r2p8_w256_di16,0,0,geopotential,875.0,920.5010710306593,920.5010710306593
r2p8_w256_di16,0,0,geopotential,900.0,960.3472132731958,960.3472132731958
r2p8_w256_di16,0,0,geopotential,925.0,1007.6959030937903,1007.6959030937903
r2p8_w256_di16,0,0,geopotential,950.0,1060.872597857603,1060.872597857603
r2p8_w256_di16,0,0,geopotential,975.0,1143.3865640017584,1143.3865640017584
r2p8_w256_di16,0,0,geopotential,1000.0,1260.156984435406,1260.156984435406
r2p8_w256_di16,0,0,u_component_of_wind,1.0,722.9386758601133,722.9386758601133
r2p8_w256_di16,0,0,u_component_of_wind,2.0,455.2801186682842,455.2801186682842
r2p8_w256_di16,0,0,u_component_of_wind,3.0,285.6802493013467,285.6802493013467
r2p8_w256_di16,0,0,u_component_of_wind,5.0,139.57897599472622,139.57897599472622
r2p8_w256_di16,0,0,u_component_of_wind,7.0,94.83603440379768,94.83603440379768
r2p8_w256_di16,0,0,u_component_of_wind,10.0,68.12114248111895,68.12114248111895
r2p8_w256_di16,0,0,u_component_of_wind,20.0,26.779242006282217,26.779242006282217
r2p8_w256_di16,0,0,u_component_of_wind,30.0,26.19292216612301,26.19292216612301
r2p8_w256_di16,0,0,u_component_of_wind,50.0,1.1315817461390676,1.1315817461390676
r2p8_w256_di16,0,0,u_component_of_wind,70.0,1.12226303430767,1.12226303430767
r2p8_w256_di16,0,0,u_component_of_wind,100.0,1.3048216249115279,1.3048216249115279
r2p8_w256_di16,0,0,u_component_of_wind,125.0,1.4188450351613493,1.4188450351613493
r2p8_w256_di16,0,0,u_component_of_wind,150.0,1.4963557155271576,1.4963557155271576
r2p8_w256_di16,0,0,u_component_of_wind,175.0,1.5222772715427622,1.5222772715427622
r2p8_w256_di16,0,0,u_component_of_wind,200.0,1.596340423883851,1.596340423883851
r2p8_w256_di16,0,0,u_component_of_wind,225.0,1.7501107596859489,1.7501107596859489
r2p8_w256_di16,0,0,u_component_of_wind,250.0,1.88050915801648,1.88050915801648
r2p8_w256_di16,0,0,u_component_of_wind,300.0,1.9726522819283083,1.9726522819283083
r2p8_w256_di16,0,0,u_component_of_wind,350.0,1.807396195352692,1.807396195352692
r2p8_w256_di16,0,0,u_component_of_wind,400.0,1.59124540152009,1.59124540152009
r2p8_w256_di16,0,0,u_component_of_wind,450.0,1.4034066351418644,1.4034066351418644
r2p8_w256_di16,0,0,u_component_of_wind,500.0,1.2501135787603372,1.2501135787603372
r2p8_w256_di16,0,0,u_component_of_wind,550.0,1.1626420173448386,1.1626420173448386
r2p8_w256_di16,0,0,u_component_of_wind,600.0,1.0861500463125222,1.0861500463125222
r2p8_w256_di16,0,0,u_component_of_wind,650.0,1.0444742619786476,1.0444742619786476
r2p8_w256_di16,0,0,u_component_of_wind,700.0,1.003151554831934,1.003151554831934
r2p8_w256_di16,0,0,u_component_of_wind,750.0,0.9663509646232186,0.9663509646232186
r2p8_w256_di16,0,0,u_component_of_wind,775.0,0.9445383881785206,0.9445383881785206
r2p8_w256_di16,0,0,u_component_of_wind,800.0,0.92787974003664,0.92787974003664
r2p8_w256_di16,0,0,u_component_of_wind,825.0,0.9099692950543669,0.9099692950543669
r2p8_w256_di16,0,0,u_component_of_wind,850.0,0.8807123280472772,0.8807123280472772
r2p8_w256_di16,0,0,u_component_of_wind,875.0,0.8459510380050161,0.8459510380050161
r2p8_w256_di16,0,0,u_component_of_wind,900.0,0.8174166316838608,0.8174166316838608
r2p8_w256_di16,0,0,u_component_of_wind,925.0,0.8008179622417463,0.8008179622417463
r2p8_w256_di16,0,0,u_component_of_wind,950.0,0.7643924616456441,0.7643924616456441
r2p8_w256_di16,0,0,u_component_of_wind,975.0,0.679763151218801,0.679763151218801
r2p8_w256_di16,0,0,u_component_of_wind,1000.0,0.5664272328627479,0.5664272328627479
r2p8_w256_di16,0,0,v_component_of_wind,1.0,119.05225657564668,119.05225657564668
r2p8_w256_di16,0,0,v_component_of_wind,2.0,72.77250083844686,72.77250083844686
r2p8_w256_di16,0,0,v_component_of_wind,3.0,52.03747801108868,52.03747801108868
r2p8_w256_di16,0,0,v_component_of_wind,5.0,32.71310249145088,32.71310249145088
r2p8_w256_di16,0,0,v_component_of_wind,7.0,24.73936256133404,24.73936256133404
r2p8_w256_di16,0,0,v_component_of_wind,10.0,17.121713023497065,17.121713023497065
r2p8_w256_di16,0,0,v_component_of_wind,20.0,9.852611001660325,9.852611001660325
r2p8_w256_di16,0,0,v_component_of_wind,30.0,8.196863597856764,8.196863597856764
r2p8_w256_di16,0,0,v_component_of_wind,50.0,1.1579218097159134,1.1579218097159134
r2p8_w256_di16,0,0,v_component_of_wind,70.0,1.2083303110706027,1.2083303110706027
r2p8_w256_di16,0,0,v_component_of_wind,100.0,1.358649160648949,1.358649160648949
r2p8_w256_di16,0,0,v_component_of_wind,125.0,1.464807457694483,1.464807457694483
r2p8_w256_di16,0,0,v_component_of_wind,150.0,1.4900461818754058,1.4900461818754058
r2p8_w256_di16,0,0,v_component_of_wind,175.0,1.4851046708850926,1.4851046708850926
r2p8_w256_di16,0,0,v_component_of_wind,200.0,1.5519517937067038,1.5519517937067038
r2p8_w256_di16,0,0,v_component_of_wind,225.0,1.7551270650424498,1.7551270650424498
r2p8_w256_di16,0,0,v_component_of_wind,250.0,1.9538696924845378,1.9538696924845378
r2p8_w256_di16,0,0,v_component_of_wind,300.0,2.199929283328892,2.199929283328892
r2p8_w256_di16,0,0,v_component_of_wind,350.0,2.0805937891563597,2.0805937891563597
r2p8_w256_di16,0,0,v_component_of_wind,400.0,1.842572056304958,1.842572056304958
r2p8_w256_di16,0,0,v_component_of_wind,450.0,1.6110221734161638,1.6110221734161638
r2p8_w256_di16,0,0,v_component_of_wind,500.0,1.4217242776323429,1.4217242776323429
r2p8_w256_di16,0,0,v_component_of_wind,550.0,1.3090241281027646,1.3090241281027646
r2p8_w256_di16,0,0,v_component_of_wind,600.0,1.2139677363163008,1.2139677363163008
r2p8_w256_di16,0,0,v_component_of_wind,650.0,1.158326429722645,1.158326429722645
r2p8_w256_di16,0,0,v_component_of_wind,700.0,1.1124399000017093,1.1124399000017093
r2p8_w256_di16,0,0,v_component_of_wind,750.0,1.0738952532257002,1.0738952532257002
r2p8_w256_di16,0,0,v_component_of_wind,775.0,1.0539147950939296,1.0539147950939296
r2p8_w256_di16,0,0,v_component_of_wind,800.0,1.0374182451221952,1.0374182451221952
r2p8_w256_di16,0,0,v_component_of_wind,825.0,1.0209088774071526,1.0209088774071526
r2p8_w256_di16,0,0,v_component_of_wind,850.0,0.9962723830311568,0.9962723830311568
r2p8_w256_di16,0,0,v_component_of_wind,875.0,0.9674795301099823,0.9674795301099823
r2p8_w256_di16,0,0,v_component_of_wind,900.0,0.9479510768582321,0.9479510768582321
r2p8_w256_di16,0,0,v_component_of_wind,925.0,0.9261941030263081,0.9261941030263081
r2p8_w256_di16,0,0,v_component_of_wind,950.0,0.8840874612126564,0.8840874612126564
r2p8_w256_di16,0,0,v_component_of_wind,975.0,0.7781730204513393,0.7781730204513393
r2p8_w256_di16,0,0,v_component_of_wind,1000.0,0.6346544354846797,0.6346544354846797
r2p8_w256_di16,0,0,specific_humidity,1.0,7.979712329664615e-13,7.979712329664615e-13
r2p8_w256_di16,0,0,specific_humidity,2.0,5.29086877704512e-13,5.29086877704512e-13
r2p8_w256_di16,0,0,specific_humidity,3.0,3.6428078088250586e-13,3.6428078088250586e-13
r2p8_w256_di16,0,0,specific_humidity,5.0,1.8613657648499995e-13,1.8613657648499995e-13
r2p8_w256_di16,0,0,specific_humidity,7.0,1.1637544761544083e-13,1.1637544761544083e-13
r2p8_w256_di16,0,0,specific_humidity,10.0,6.511209778552283e-14,6.511209778552283e-14
r2p8_w256_di16,0,0,specific_humidity,20.0,1.788848140050651e-14,1.788848140050651e-14
r2p8_w256_di16,0,0,specific_humidity,30.0,1.002146847301838e-14,1.002146847301838e-14
r2p8_w256_di16,0,0,specific_humidity,50.0,1.5086202651576535e-16,1.5086202651576535e-16
r2p8_w256_di16,0,0,specific_humidity,70.0,6.555352921912525e-16,6.555352921912525e-16
r2p8_w256_di16,0,0,specific_humidity,100.0,7.841293617331244e-15,7.841293617331244e-15
r2p8_w256_di16,0,0,specific_humidity,125.0,5.6395601411281255e-14,5.6395601411281255e-14
r2p8_w256_di16,0,0,specific_humidity,150.0,4.4888748201515315e-13,4.4888748201515315e-13
r2p8_w256_di16,0,0,specific_humidity,175.0,3.1129370728082507e-12,3.1129370728082507e-12
r2p8_w256_di16,0,0,specific_humidity,200.0,1.7224567795719864e-11,1.7224567795719864e-11
r2p8_w256_di16,0,0,specific_humidity,225.0,7.266019820229885e-11,7.266019820229885e-11
r2p8_w256_di16,0,0,specific_humidity,250.0,2.260142254336237e-10,2.260142254336237e-10
r2p8_w256_di16,0,0,specific_humidity,300.0,1.1943600377511298e-09,1.1943600377511298e-09
r2p8_w256_di16,0,0,specific_humidity,350.0,4.1034687231203145e-09,4.1034687231203145e-09
r2p8_w256_di16,0,0,specific_humidity,400.0,1.0218196281929792e-08,1.0218196281929792e-08
r2p8_w256_di16,0,0,specific_humidity,450.0,2.1221508844362654e-08,2.1221508844362654e-08
r2p8_w256_di16,0,0,specific_humidity,500.0,3.633391267640685e-08,3.633391267640685e-08
r2p8_w256_di16,0,0,specific_humidity,550.0,5.825099867052357e-08,5.825099867052357e-08
r2p8_w256_di16,0,0,specific_humidity,600.0,7.987532751446492e-08,7.987532751446492e-08
r2p8_w256_di16,0,0,specific_humidity,650.0,1.1199283436752987e-07,1.1199283436752987e-07
r2p8_w256_di16,0,0,specific_humidity,700.0,1.436713131456084e-07,1.436713131456084e-07
r2p8_w256_di16,0,0,specific_humidity,750.0,1.7886858791580598e-07,1.7886858791580598e-07
r2p8_w256_di16,0,0,specific_humidity,775.0,1.9098260635633102e-07,1.9098260635633102e-07
r2p8_w256_di16,0,0,specific_humidity,800.0,2.0336908329278867e-07,2.0336908329278867e-07
r2p8_w256_di16,0,0,specific_humidity,825.0,2.1300108063225765e-07,2.1300108063225765e-07
r2p8_w256_di16,0,0,specific_humidity,850.0,2.108220350025642e-07,2.108220350025642e-07
r2p8_w256_di16,0,0,specific_humidity,875.0,1.9530405060497688e-07,1.9530405060497688e-07
r2p8_w256_di16,0,0,specific_humidity,900.0,1.7737926227155216e-07,1.7737926227155216e-07
r2p8_w256_di16,0,0,specific_humidity,925.0,1.493074445703311e-07,1.493074445703311e-07
r2p8_w256_di16,0,0,specific_humidity,950.0,1.1990993478272445e-07,1.1990993478272445e-07
r2p8_w256_di16,0,0,specific_humidity,975.0,1.1499239043863894e-07,1.1499239043863894e-07
r2p8_w256_di16,0,0,specific_humidity,1000.0,1.1164597994239398e-07,1.1164597994239398e-07
r2p8_w256_di16,0,0,specific_cloud_ice_water_content,1.0,2.0656094913948557e-12,2.0656094913948557e-12
r2p8_w256_di16,0,0,specific_cloud_ice_water_content,2.0,2.0234545277697125e-12,2.0234545277697125e-12
r2p8_w256_di16,0,0,specific_cloud_ice_water_content,3.0,2.0223645892362894e-12,2.0223645892362894e-12
r2p8_w256_di16,0,0,specific_cloud_ice_water_content,5.0,2.00482062520991e-12,2.00482062520991e-12
r2p8_w256_di16,0,0,specific_cloud_ice_water_content,7.0,2.0152753867592816e-12,2.0152753867592816e-12
r2p8_w256_di16,0,0,specific_cloud_ice_water_content,10.0,2.037115150627534e-12,2.037115150627534e-12
r2p8_w256_di16,0,0,specific_cloud_ice_water_content,20.0,1.436444092610472e-12,1.436444092610472e-12
r2p8_w256_di16,0,0,specific_cloud_ice_water_content,30.0,1.0323275304599433e-12,1.0323275304599433e-12
r2p8_w256_di16,0,0,specific_cloud_ice_water_content,50.0,6.04867116940882e-13,6.04867116940882e-13
r2p8_w256_di16,0,0,specific_cloud_ice_water_content,70.0,5.007802197102933e-13,5.007802197102933e-13
r2p8_w256_di16,0,0,specific_cloud_ice_water_content,100.0,1.41792414577202e-12,1.41792414577202e-12
r2p8_w256_di16,0,0,specific_cloud_ice_water_content,125.0,7.433379552119128e-12,7.433379552119128e-12
r2p8_w256_di16,0,0,specific_cloud_ice_water_content,150.0,2.0437429827850873e-11,2.0437429827850873e-11
r2p8_w256_di16,0,0,specific_cloud_ice_water_content,175.0,3.4651052583181316e-11,3.4651052583181316e-11
r2p8_w256_di16,0,0,specific_cloud_ice_water_content,200.0,4.9533701323312176e-11,4.9533701323312176e-11
r2p8_w256_di16,0,0,specific_cloud_ice_water_content,225.0,6.440855524445746e-11,6.440855524445746e-11
r2p8_w256_di16,0,0,specific_cloud_ice_water_content,250.0,7.128898804799967e-11,7.128898804799967e-11
r2p8_w256_di16,0,0,specific_cloud_ice_water_content,300.0,6.805355274630973e-11,6.805355274630973e-11
r2p8_w256_di16,0,0,specific_cloud_ice_water_content,350.0,6.064485854360536e-11,6.064485854360536e-11
r2p8_w256_di16,0,0,specific_cloud_ice_water_content,400.0,4.579369841041881e-11,4.579369841041881e-11
r2p8_w256_di16,0,0,specific_cloud_ice_water_content,450.0,3.341729136034257e-11,3.341729136034257e-11
r2p8_w256_di16,0,0,specific_cloud_ice_water_content,500.0,2.3787024569424588e-11,2.3787024569424588e-11
r2p8_w256_di16,0,0,specific_cloud_ice_water_content,550.0,1.584411670627491e-11,1.584411670627491e-11
r2p8_w256_di16,0,0,specific_cloud_ice_water_content,600.0,1.1052950666157134e-11,1.1052950666157134e-11
r2p8_w256_di16,0,0,specific_cloud_ice_water_content,650.0,8.164465710032475e-12,8.164465710032475e-12
r2p8_w256_di16,0,0,specific_cloud_ice_water_content,700.0,6.09391010173955e-12,6.09391010173955e-12
r2p8_w256_di16,0,0,specific_cloud_ice_water_content,750.0,4.78754874018024e-12,4.78754874018024e-12
r2p8_w256_di16,0,0,specific_cloud_ice_water_content,775.0,4.713934288971145e-12,4.713934288971145e-12
r2p8_w256_di16,0,0,specific_cloud_ice_water_content,800.0,4.707491983358201e-12,4.707491983358201e-12
r2p8_w256_di16,0,0,specific_cloud_ice_water_content,825.0,4.550229323514479e-12,4.550229323514479e-12
r2p8_w256_di16,0,0,specific_cloud_ice_water_content,850.0,3.961986983271616e-12,3.961986983271616e-12
r2p8_w256_di16,0,0,specific_cloud_ice_water_content,875.0,3.203053258355219e-12,3.203053258355219e-12
r2p8_w256_di16,0,0,specific_cloud_ice_water_content,900.0,2.611289247265449e-12,2.611289247265449e-12
r2p8_w256_di16,0,0,specific_cloud_ice_water_content,925.0,2.0978291394259484e-12,2.0978291394259484e-12
r2p8_w256_di16,0,0,specific_cloud_ice_water_content,950.0,1.5283444514611215e-12,1.5283444514611215e-12
r2p8_w256_di16,0,0,specific_cloud_ice_water_content,975.0,1.052711194566144e-12,1.052711194566144e-12
r2p8_w256_di16,0,0,specific_cloud_ice_water_content,1000.0,8.760627932093284e-13,8.760627932093284e-13
r2p8_w256_di16,0,0,specific_cloud_liquid_water_content,1.0,6.960850716230101e-12,6.960850716230101e-12
r2p8_w256_di16,0,0,specific_cloud_liquid_water_content,2.0,6.97905872942246e-12,6.97905872942246e-12
r2p8_w256_di16,0,0,specific_cloud_liquid_water_content,3.0,6.894158364596004e-12,6.894158364596004e-12
r2p8_w256_di16,0,0,specific_cloud_liquid_water_content,5.0,6.959709655962159e-12,6.959709655962159e-12
r2p8_w256_di16,0,0,specific_cloud_liquid_water_content,7.0,7.049454723725454e-12,7.049454723725454e-12
r2p8_w256_di16,0,0,specific_cloud_liquid_water_content,10.0,6.904741347396527e-12,6.904741347396527e-12
r2p8_w256_di16,0,0,specific_cloud_liquid_water_content,20.0,5.3435425763698175e-12,5.3435425763698175e-12
r2p8_w256_di16,0,0,specific_cloud_liquid_water_content,30.0,3.906649930766201e-12,3.906649930766201e-12
r2p8_w256_di16,0,0,specific_cloud_liquid_water_content,50.0,3.665392761854649e-12,3.665392761854649e-12
r2p8_w256_di16,0,0,specific_cloud_liquid_water_content,70.0,2.4087816302428625e-12,2.4087816302428625e-12
r2p8_w256_di16,0,0,specific_cloud_liquid_water_content,100.0,2.305795471391585e-12,2.305795471391585e-12
r2p8_w256_di16,0,0,specific_cloud_liquid_water_content,125.0,1.980715439158574e-12,1.980715439158574e-12
r2p8_w256_di16,0,0,specific_cloud_liquid_water_content,150.0,2.2718102831329924e-12,2.2718102831329924e-12
r2p8_w256_di16,0,0,specific_cloud_liquid_water_content,175.0,2.7887149269078502e-12,2.7887149269078502e-12
r2p8_w256_di16,0,0,specific_cloud_liquid_water_content,200.0,3.3221211096406432e-12,3.3221211096406432e-12
r2p8_w256_di16,0,0,specific_cloud_liquid_water_content,225.0,2.8765502800703413e-12,2.8765502800703413e-12
r2p8_w256_di16,0,0,specific_cloud_liquid_water_content,250.0,3.164678334531436e-12,3.164678334531436e-12
r2p8_w256_di16,0,0,specific_cloud_liquid_water_content,300.0,5.122975064937647e-12,5.122975064937647e-12
r2p8_w256_di16,0,0,specific_cloud_liquid_water_content,350.0,7.957461985959718e-12,7.957461985959718e-12
r2p8_w256_di16,0,0,specific_cloud_liquid_water_content,400.0,1.552316402925363e-11,1.552316402925363e-11
r2p8_w256_di16,0,0,specific_cloud_liquid_water_content,450.0,3.5263638976948825e-11,3.5263638976948825e-11
r2p8_w256_di16,0,0,specific_cloud_liquid_water_content,500.0,7.745687769108952e-11,7.745687769108952e-11
r2p8_w256_di16,0,0,specific_cloud_liquid_water_content,550.0,1.3065076468198478e-10,1.3065076468198478e-10
r2p8_w256_di16,0,0,specific_cloud_liquid_water_content,600.0,1.0494442934458747e-10,1.0494442934458747e-10
r2p8_w256_di16,0,0,specific_cloud_liquid_water_content,650.0,1.0600061239225198e-10,1.0600061239225198e-10
r2p8_w256_di16,0,0,specific_cloud_liquid_water_content,700.0,1.2998984417027117e-10,1.2998984417027117e-10
r2p8_w256_di16,0,0,specific_cloud_liquid_water_content,750.0,1.6661817846583605e-10,1.6661817846583605e-10
r2p8_w256_di16,0,0,specific_cloud_liquid_water_content,775.0,1.8760434774014486e-10,1.8760434774014486e-10
r2p8_w256_di16,0,0,specific_cloud_liquid_water_content,800.0,2.1662372748966472e-10,2.1662372748966472e-10
r2p8_w256_di16,0,0,specific_cloud_liquid_water_content,825.0,2.838498005084331e-10,2.838498005084331e-10
r2p8_w256_di16,0,0,specific_cloud_liquid_water_content,850.0,3.367170732005296e-10,3.367170732005296e-10
r2p8_w256_di16,0,0,specific_cloud_liquid_water_content,875.0,3.45171796013947e-10,3.45171796013947e-10
r2p8_w256_di16,0,0,specific_cloud_liquid_water_content,900.0,3.08558149439639e-10,3.08558149439639e-10
r2p8_w256_di16,0,0,specific_cloud_liquid_water_content,925.0,2.4837554240315123e-10,2.4837554240315123e-10
r2p8_w256_di16,0,0,specific_cloud_liquid_water_content,950.0,1.717761228553055e-10,1.717761228553055e-10
r2p8_w256_di16,0,0,specific_cloud_liquid_water_content,975.0,1.0367759170511923e-10,1.0367759170511923e-10
r2p8_w256_di16,0,0,specific_cloud_liquid_water_content,1000.0,6.08969232715158e-11,6.08969232715158e-11
r2p8_w256_di16,1,424,temperature,1.0,75.19899358061171,379.078473005262
r2p8_w256_di16,1,424,temperature,2.0,49.46142185905955,924.6854957816527
r2p8_w256_di16,1,424,temperature,3.0,32.390100264139605,1137.322614217542
r2p8_w256_di16,1,424,temperature,5.0,18.356825226852575,875.3194315802191
r2p8_w256_di16,1,424,temperature,7.0,12.234180402919598,623.7874270095039
r2p8_w256_di16,1,424,temperature,10.0,6.932305318301486,447.76171919045987
r2p8_w256_di16,1,424,temperature,20.0,5.231110039609405,71.13089034614694
r2p8_w256_di16,1,424,temperature,30.0,3.8718095885928965,5.310336872146712
r2p8_w256_di16,1,424,temperature,50.0,0.38092296676537424,38.374954881700866
r2p8_w256_di16,1,424,temperature,70.0,0.37079606127902814,2.8871396384288355
r2p8_w256_di16,1,424,temperature,100.0,0.2558116016416615,0.8142766486738146
r2p8_w256_di16,1,424,temperature,125.0,0.16940880641597242,1.9747833402705766
r2p8_w256_di16,1,424,temperature,150.0,0.1361507817232322,1.062877012732922
r2p8_w256_di16,1,424,temperature,175.0,0.12455395877975778,0.439994061976364
r2p8_w256_di16,1,424,temperature,200.0,0.12989476659556026,0.15756565801466454
r2p8_w256_di16,1,424,temperature,225.0,0.13519545711090475,0.1648328446491887
r2p8_w256_di16,1,424,temperature,250.0,0.13230877116680964,0.16219223699823687
r2p8_w256_di16,1,424,temperature,300.0,0.12216572812230317,0.16971026990831511
r2p8_w256_di16,1,424,temperature,350.0,0.11342368134108606,0.14894274905887256
r2p8_w256_di16,1,424,temperature,400.0,0.11115286237595418,0.1271975036902526
r2p8_w256_di16,1,424,temperature,450.0,0.11125911449136602,0.12621535888754626
r2p8_w256_di16,1,424,temperature,500.0,0.11108228455192035,0.12677121429201663
r2p8_w256_di16,1,424,temperature,550.0,0.11616847624176556,0.13060977174244387
r2p8_w256_di16,1,424,temperature,600.0,0.12294365673028317,0.1446800619927059
r2p8_w256_di16,1,424,temperature,650.0,0.13241656982304714,0.15670640693907065
r2p8_w256_di16,1,424,temperature,700.0,0.14335038165251415,0.1629028838473497
r2p8_w256_di16,1,424,temperature,750.0,0.16344922613544563,0.18676186971033562
r2p8_w256_di16,1,424,temperature,775.0,0.17411779215450549,0.1962871757876832
r2p8_w256_di16,1,424,temperature,800.0,0.1904199641799599,0.23250979249624862
r2p8_w256_di16,1,424,temperature,825.0,0.21654968975540698,0.2757787872425879
r2p8_w256_di16,1,424,temperature,850.0,0.23338040444244634,0.3369578201541376
r2p8_w256_di16,1,424,temperature,875.0,0.2383985525041921,0.3205940317452159
r2p8_w256_di16,1,424,temperature,900.0,0.23817769453902424,0.30225237434877156
r2p8_w256_di16,1,424,temperature,925.0,0.24131919994591847,0.3103278412442027
r2p8_w256_di16,1,424,temperature,950.0,0.25338859005072684,0.327646092348492
r2p8_w256_di16,1,424,temperature,975.0,0.28011338818319065,0.36959157183612745
r2p8_w256_di16,1,424,temperature,1000.0,0.29223923702625065,0.3796029661017185
r2p8_w256_di16,1,424,geopotential,1.0,904225144.566323,33119169.57388316
r2p8_w256_di16,1,424,geopotential,2.0,421705871.6151203,6865012.49209622
r2p8_w256_di16,1,424,geopotential,3.0,239814309.2783505,3757141.8424398624
r2p8_w256_di16,1,424,geopotential,5.0,90220112.5718213,1759839.951718213
r2p8_w256_di16,1,424,geopotential,7.0,35922425.003436424,755381.981121134
r2p8_w256_di16,1,424,geopotential,10.0,7552648.180412371,274879.06842783507
r2p8_w256_di16,1,424,geopotential,20.0,1870461.121821306,830465.9245704467
r2p8_w256_di16,1,424,geopotential,30.0,3139592.8699312713,561785.277169244
r2p8_w256_di16,1,424,geopotential,50.0,3545.1752452312876,83794.52012457045
r2p8_w256_di16,1,424,geopotential,70.0,3058.496623308634,53015.8283290378
r2p8_w256_di16,1,424,geopotential,100.0,1947.3920830900317,9457.278522672359
r2p8_w256_di16,1,424,geopotential,125.0,1600.7544679412317,1855.600933271585
r2p8_w256_di16,1,424,geopotential,150.0,1447.6305559610582,1744.5114990234374
r2p8_w256_di16,1,424,geopotential,175.0,1401.25583080803,2274.6418682714507
r2p8_w256_di16,1,424,geopotential,200.0,1392.0184857240656,1736.9788964340366
r2p8_w256_di16,1,424,geopotential,225.0,1334.66822119644,1709.4079094011759
r2p8_w256_di16,1,424,geopotential,250.0,1327.4334120707824,1678.796718489919
r2p8_w256_di16,1,424,geopotential,300.0,1326.4102626734993,1842.9355480495597
r2p8_w256_di16,1,424,geopotential,350.0,1262.2029262057695,1670.3406975710104
r2p8_w256_di16,1,424,geopotential,400.0,1164.8296497043466,1603.4287216763316
r2p8_w256_di16,1,424,geopotential,450.0,1068.8698042512349,1464.0421355257329
r2p8_w256_di16,1,424,geopotential,500.0,984.3614905078796,1352.3224673136813
r2p8_w256_di16,1,424,geopotential,550.0,916.9645822636451,1301.8557426321547
r2p8_w256_di16,1,424,geopotential,600.0,874.5392489403794,1244.482368935916
r2p8_w256_di16,1,424,geopotential,650.0,845.6806461714388,1200.2242357811158
r2p8_w256_di16,1,424,geopotential,700.0,839.1996944886303,1184.6672005879511
r2p8_w256_di16,1,424,geopotential,750.0,838.9861821859563,1192.1900330638557
r2p8_w256_di16,1,424,geopotential,775.0,849.8817782372544,1196.9682524900666
r2p8_w256_di16,1,424,geopotential,800.0,859.8848000018457,1224.311153744832
r2p8_w256_di16,1,424,geopotential,825.0,876.5115020856824,1269.2347039186668
r2p8_w256_di16,1,424,geopotential,850.0,896.7007591011597,1345.861169517491
r2p8_w256_di16,1,424,geopotential,875.0,920.5010710306593,1394.325166074353
r2p8_w256_di16,1,424,geopotential,900.0,960.3472132731958,1449.5335421952186
r2p8_w256_di16,1,424,geopotential,925.0,1007.6959030937903,1480.0463548378436
r2p8_w256_di16,1,424,geopotential,950.0,1060.872597857603,1591.1338081071467
r2p8_w256_di16,1,424,geopotential,975.0,1143.3865640017584,1762.0752209850193
r2p8_w256_di16,1,424,geopotential,1000.0,1260.156984435406,1982.9213146511222
r2p8_w256_di16,1,424,u_component_of_wind,1.0,722.9386758601133,1700.5813974491919
r2p8_w256_di16,1,424,u_component_of_wind,2.0,455.2801186682842,754.8695555382168
r2p8_w256_di16,1,424,u_component_of_wind,3.0,285.6802493013467,480.1838616964334
r2p8_w256_di16,1,424,u_component_of_wind,5.0,139.57897599472622,177.59942347470837
r2p8_w256_di16,1,424,u_component_of_wind,7.0,94.83603440379768,122.91649482700834
r2p8_w256_di16,1,424,u_component_of_wind,10.0,68.12114248111895,96.12325861298342
r2p8_w256_di16,1,424,u_component_of_wind,20.0,26.779242006282217,44.481957403491045
r2p8_w256_di16,1,424,u_component_of_wind,30.0,26.19292216612301,35.05520680614354
r2p8_w256_di16,1,424,u_component_of_wind,50.0,1.1315817461390676,4.035381447408617
r2p8_w256_di16,1,424,u_component_of_wind,70.0,1.12226303430767,1.715867323318298
r2p8_w256_di16,1,424,u_component_of_wind,100.0,1.3048216249115279,2.5948660834138746
r2p8_w256_di16,1,424,u_component_of_wind,125.0,1.4188450351613493,1.8636212071192633
r2p8_w256_di16,1,424,u_component_of_wind,150.0,1.4963557155271576,2.106547217598486
r2p8_w256_di16,1,424,u_component_of_wind,175.0,1.5222772715427622,2.4552593344265654
r2p8_w256_di16,1,424,u_component_of_wind,200.0,1.596340423883851,2.0206683240805297
r2p8_w256_di16,1,424,u_component_of_wind,225.0,1.7501107596859489,3.104728279572582
r2p8_w256_di16,1,424,u_component_of_wind,250.0,1.88050915801648,2.6821952999252634
r2p8_w256_di16,1,424,u_component_of_wind,300.0,1.9726522819283083,3.0122092573093795
r2p8_w256_di16,1,424,u_component_of_wind,350.0,1.807396195352692,2.915156315610171
r2p8_w256_di16,1,424,u_component_of_wind,400.0,1.59124540152009,2.2112404189978268
r2p8_w256_di16,1,424,u_component_of_wind,450.0,1.4034066351418644,1.7274971463016628
r2p8_w256_di16,1,424,u_component_of_wind,500.0,1.2501135787603372,1.4462390239705745
r2p8_w256_di16,1,424,u_component_of_wind,550.0,1.1626420173448386,1.3266608107130962
r2p8_w256_di16,1,424,u_component_of_wind,600.0,1.0861500463125222,1.206657954507677
r2p8_w256_di16,1,424,u_component_of_wind,650.0,1.0444742619786476,1.237535514208869
r2p8_w256_di16,1,424,u_component_of_wind,700.0,1.003151554831934,1.1499266431913344
r2p8_w256_di16,1,424,u_component_of_wind,750.0,0.9663509646232186,1.0796415156924848
r2p8_w256_di16,1,424,u_component_of_wind,775.0,0.9445383881785206,1.0369061783826639
r2p8_w256_di16,1,424,u_component_of_wind,800.0,0.92787974003664,1.0349684900024911
r2p8_w256_di16,1,424,u_component_of_wind,825.0,0.9099692950543669,1.0101223131225692
r2p8_w256_di16,1,424,u_component_of_wind,850.0,0.8807123280472772,0.9835660881602887
r2p8_w256_di16,1,424,u_component_of_wind,875.0,0.8459510380050161,0.9625483673462754
r2p8_w256_di16,1,424,u_component_of_wind,900.0,0.8174166316838608,0.9350800617863633
r2p8_w256_di16,1,424,u_component_of_wind,925.0,0.8008179622417463,0.9260651243511344
r2p8_w256_di16,1,424,u_component_of_wind,950.0,0.7643924616456441,0.9064687981228648
r2p8_w256_di16,1,424,u_component_of_wind,975.0,0.679763151218801,0.8315566105940907
r2p8_w256_di16,1,424,u_component_of_wind,1000.0,0.5664272328627479,0.7090014566670578
r2p8_w256_di16,1,424,v_component_of_wind,1.0,119.05225657564668,132.53073408775722
r2p8_w256_di16,1,424,v_component_of_wind,2.0,72.77250083844686,87.36268627782867
r2p8_w256_di16,1,424,v_component_of_wind,3.0,52.03747801108868,68.08104262466694
r2p8_w256_di16,1,424,v_component_of_wind,5.0,32.71310249145088,43.60637895249829
r2p8_w256_di16,1,424,v_component_of_wind,7.0,24.73936256133404,34.44068351430991
r2p8_w256_di16,1,424,v_component_of_wind,10.0,17.121713023497065,25.14974495602637
r2p8_w256_di16,1,424,v_component_of_wind,20.0,9.852611001660325,12.980024110984147
r2p8_w256_di16,1,424,v_component_of_wind,30.0,8.196863597856764,9.909805200845515
r2p8_w256_di16,1,424,v_component_of_wind,50.0,1.1579218097159134,7.7745871042467884
r2p8_w256_di16,1,424,v_component_of_wind,70.0,1.2083303110706027,35.8002372951442
r2p8_w256_di16,1,424,v_component_of_wind,100.0,1.358649160648949,2.9410924201159134
r2p8_w256_di16,1,424,v_component_of_wind,125.0,1.464807457694483,5.249876527687938
r2p8_w256_di16,1,424,v_component_of_wind,150.0,1.4900461818754058,2.08646654599311
r2p8_w256_di16,1,424,v_component_of_wind,175.0,1.4851046708850926,1.9535848019458995
r2p8_w256_di16,1,424,v_component_of_wind,200.0,1.5519517937067038,1.807734661003978
r2p8_w256_di16,1,424,v_component_of_wind,225.0,1.7551270650424498,2.283500930124132
r2p8_w256_di16,1,424,v_component_of_wind,250.0,1.9538696924845378,3.0462290780241137
r2p8_w256_di16,1,424,v_component_of_wind,300.0,2.199929283328892,3.760197560484057
r2p8_w256_di16,1,424,v_component_of_wind,350.0,2.0805937891563597,2.9529158277609913
r2p8_w256_di16,1,424,v_component_of_wind,400.0,1.842572056304958,2.2241148089215517
r2p8_w256_di16,1,424,v_component_of_wind,450.0,1.6110221734161638,1.933714070270971
r2p8_w256_di16,1,424,v_component_of_wind,500.0,1.4217242776323429,1.7436390871854173
r2p8_w256_di16,1,424,v_component_of_wind,550.0,1.3090241281027646,1.4946239509943016
r2p8_w256_di16,1,424,v_component_of_wind,600.0,1.2139677363163008,1.3802755862986509
r2p8_w256_di16,1,424,v_component_of_wind,650.0,1.158326429722645,1.4925031666903152
r2p8_w256_di16,1,424,v_component_of_wind,700.0,1.1124399000017093,1.3455476882531472
r2p8_w256_di16,1,424,v_component_of_wind,750.0,1.0738952532257002,1.2915797680513965
r2p8_w256_di16,1,424,v_component_of_wind,775.0,1.0539147950939296,1.480395559183101
r2p8_w256_di16,1,424,v_component_of_wind,800.0,1.0374182451221952,1.8191684958041738
r2p8_w256_di16,1,424,v_component_of_wind,825.0,1.0209088774071526,1.4679211578827953
r2p8_w256_di16,1,424,v_component_of_wind,850.0,0.9962723830311568,1.3421455146520818
r2p8_w256_di16,1,424,v_component_of_wind,875.0,0.9674795301099823,1.408500930861509
r2p8_w256_di16,1,424,v_component_of_wind,900.0,0.9479510768582321,1.180710185598262
r2p8_w256_di16,1,424,v_component_of_wind,925.0,0.9261941030263081,1.1151772736683745
r2p8_w256_di16,1,424,v_component_of_wind,950.0,0.8840874612126564,1.0823996799508322
r2p8_w256_di16,1,424,v_component_of_wind,975.0,0.7781730204513393,0.9918615005679966
r2p8_w256_di16,1,424,v_component_of_wind,1000.0,0.6346544354846797,0.8198228351438988
r2p8_w256_di16,1,424,specific_humidity,1.0,7.979712329664615e-13,1.1126386950609513e-13
r2p8_w256_di16,1,424,specific_humidity,2.0,5.29086877704512e-13,4.6898450274954946e-14
r2p8_w256_di16,1,424,specific_humidity,3.0,3.6428078088250586e-13,3.225129555136595e-14
r2p8_w256_di16,1,424,specific_humidity,5.0,1.8613657648499995e-13,6.830217771866632e-14
r2p8_w256_di16,1,424,specific_humidity,7.0,1.1637544761544083e-13,1.1534819655718276e-13
r2p8_w256_di16,1,424,specific_humidity,10.0,6.511209778552283e-14,1.7704115573612246e-13
r2p8_w256_di16,1,424,specific_humidity,20.0,1.788848140050651e-14,1.7117977843593846e-13
r2p8_w256_di16,1,424,specific_humidity,30.0,1.002146847301838e-14,2.924111968433858e-14
r2p8_w256_di16,1,424,specific_humidity,50.0,1.5086202651576535e-16,1.0605785232512147e-13
r2p8_w256_di16,1,424,specific_humidity,70.0,6.555352921912525e-16,7.386075218592153e-15
r2p8_w256_di16,1,424,specific_humidity,100.0,7.841293617331244e-15,1.51776851948161e-14
r2p8_w256_di16,1,424,specific_humidity,125.0,5.6395601411281255e-14,1.318957430847549e-13
r2p8_w256_di16,1,424,specific_humidity,150.0,4.4888748201515315e-13,7.784998787887269e-13
r2p8_w256_di16,1,424,specific_humidity,175.0,3.1129370728082507e-12,5.469747235624011e-12
r2p8_w256_di16,1,424,specific_humidity,200.0,1.7224567795719864e-11,3.020507568409227e-11
r2p8_w256_di16,1,424,specific_humidity,225.0,7.266019820229885e-11,1.1304054231896819e-10
r2p8_w256_di16,1,424,specific_humidity,250.0,2.260142254336237e-10,3.5697858478893793e-10
r2p8_w256_di16,1,424,specific_humidity,300.0,1.1943600377511298e-09,2.316733646847656e-09
r2p8_w256_di16,1,424,specific_humidity,350.0,4.1034687231203145e-09,5.653562100487656e-09
r2p8_w256_di16,1,424,specific_humidity,400.0,1.0218196281929792e-08,1.4360028246766717e-08
r2p8_w256_di16,1,424,specific_humidity,450.0,2.1221508844362654e-08,2.6424268540967506e-08
r2p8_w256_di16,1,424,specific_humidity,500.0,3.633391267640685e-08,4.5138807062509535e-08
r2p8_w256_di16,1,424,specific_humidity,550.0,5.825099867052357e-08,6.897223826301117e-08
r2p8_w256_di16,1,424,specific_humidity,600.0,7.987532751446492e-08,1.0517585298112266e-07
r2p8_w256_di16,1,424,specific_humidity,650.0,1.1199283436752987e-07,1.7112440815969368e-07
r2p8_w256_di16,1,424,specific_humidity,700.0,1.436713131456084e-07,2.3170131561476682e-07
r2p8_w256_di16,1,424,specific_humidity,750.0,1.7886858791580598e-07,2.762989251739695e-07
r2p8_w256_di16,1,424,specific_humidity,775.0,1.9098260635633102e-07,2.809256765289776e-07
r2p8_w256_di16,1,424,specific_humidity,800.0,2.0336908329278867e-07,2.689646238653437e-07
r2p8_w256_di16,1,424,specific_humidity,825.0,2.1300108063225765e-07,2.761639075698468e-07
r2p8_w256_di16,1,424,specific_humidity,850.0,2.108220350025642e-07,2.8583432245581757e-07
r2p8_w256_di16,1,424,specific_humidity,875.0,1.9530405060497688e-07,2.417917655974762e-07
r2p8_w256_di16,1,424,specific_humidity,900.0,1.7737926227155216e-07,2.2143321385224898e-07
r2p8_w256_di16,1,424,specific_humidity,925.0,1.493074445703311e-07,1.788745000904123e-07
r2p8_w256_di16,1,424,specific_humidity,950.0,1.1990993478272445e-07,1.539057100082395e-07
r2p8_w256_di16,1,424,specific_humidity,975.0,1.1499239043863894e-07,1.3828344853188958e-07
r2p8_w256_di16,1,424,specific_humidity,1000.0,1.1164597994239398e-07,1.3273126195426938e-07
r2p8_w256_di16,1,424,specific_cloud_ice_water_content,1.0,2.0656094913948557e-12,2.1772515050412295e-12
r2p8_w256_di16,1,424,specific_cloud_ice_water_content,2.0,2.0234545277697125e-12,2.159363600565633e-12
r2p8_w256_di16,1,424,specific_cloud_ice_water_content,3.0,2.0223645892362894e-12,2.1719657649050277e-12
r2p8_w256_di16,1,424,specific_cloud_ice_water_content,5.0,2.00482062520991e-12,2.1609484406545986e-12
r2p8_w256_di16,1,424,specific_cloud_ice_water_content,7.0,2.0152753867592816e-12,2.1637619105679225e-12
r2p8_w256_di16,1,424,specific_cloud_ice_water_content,10.0,2.037115150627534e-12,2.1582035178774307e-12
r2p8_w256_di16,1,424,specific_cloud_ice_water_content,20.0,1.436444092610472e-12,1.6553439360492768e-12
r2p8_w256_di16,1,424,specific_cloud_ice_water_content,30.0,1.0323275304599433e-12,1.2997970033957405e-12
r2p8_w256_di16,1,424,specific_cloud_ice_water_content,50.0,6.04867116940882e-13,9.313114177384621e-13
r2p8_w256_di16,1,424,specific_cloud_ice_water_content,70.0,5.007802197102933e-13,9.107870073124863e-13
r2p8_w256_di16,1,424,specific_cloud_ice_water_content,100.0,1.41792414577202e-12,1.8875323193614917e-12
r2p8_w256_di16,1,424,specific_cloud_ice_water_content,125.0,7.433379552119128e-12,8.158088629053524e-12
r2p8_w256_di16,1,424,specific_cloud_ice_water_content,150.0,2.0437429827850873e-11,2.1191460956564074e-11
r2p8_w256_di16,1,424,specific_cloud_ice_water_content,175.0,3.4651052583181316e-11,3.560890150303991e-11
r2p8_w256_di16,1,424,specific_cloud_ice_water_content,200.0,4.9533701323312176e-11,4.983378144800719e-11
r2p8_w256_di16,1,424,specific_cloud_ice_water_content,225.0,6.440855524445746e-11,6.464202674236721e-11
r2p8_w256_di16,1,424,specific_cloud_ice_water_content,250.0,7.128898804799967e-11,7.180966129097024e-11
r2p8_w256_di16,1,424,specific_cloud_ice_water_content,300.0,6.805355274630973e-11,7.03140102390312e-11
r2p8_w256_di16,1,424,specific_cloud_ice_water_content,350.0,6.064485854360536e-11,6.387348729588948e-11
r2p8_w256_di16,1,424,specific_cloud_ice_water_content,400.0,4.579369841041881e-11,4.9955764811184754e-11
r2p8_w256_di16,1,424,specific_cloud_ice_water_content,450.0,3.341729136034257e-11,3.7430553670161644e-11
r2p8_w256_di16,1,424,specific_cloud_ice_water_content,500.0,2.3787024569424588e-11,2.6646500645307156e-11
r2p8_w256_di16,1,424,specific_cloud_ice_water_content,550.0,1.584411670627491e-11,1.840090953797179e-11
r2p8_w256_di16,1,424,specific_cloud_ice_water_content,600.0,1.1052950666157134e-11,1.2602427818257307e-11
r2p8_w256_di16,1,424,specific_cloud_ice_water_content,650.0,8.164465710032475e-12,9.280814268884583e-12
r2p8_w256_di16,1,424,specific_cloud_ice_water_content,700.0,6.09391010173955e-12,6.820059084106806e-12
r2p8_w256_di16,1,424,specific_cloud_ice_water_content,750.0,4.78754874018024e-12,5.29311406015422e-12
r2p8_w256_di16,1,424,specific_cloud_ice_water_content,775.0,4.713934288971145e-12,5.140884934902164e-12
r2p8_w256_di16,1,424,specific_cloud_ice_water_content,800.0,4.707491983358201e-12,5.5017375986661036e-12
r2p8_w256_di16,1,424,specific_cloud_ice_water_content,825.0,4.550229323514479e-12,4.974127732580422e-12
r2p8_w256_di16,1,424,specific_cloud_ice_water_content,850.0,3.961986983271616e-12,4.395441493803012e-12
r2p8_w256_di16,1,424,specific_cloud_ice_water_content,875.0,3.203053258355219e-12,3.4293518071805634e-12
r2p8_w256_di16,1,424,specific_cloud_ice_water_content,900.0,2.611289247265449e-12,3.0259982936650866e-12
r2p8_w256_di16,1,424,specific_cloud_ice_water_content,925.0,2.0978291394259484e-12,2.4626692098087416e-12
r2p8_w256_di16,1,424,specific_cloud_ice_water_content,950.0,1.5283444514611215e-12,1.870261571078407e-12
r2p8_w256_di16,1,424,specific_cloud_ice_water_content,975.0,1.052711194566144e-12,1.1564257550866576e-12
r2p8_w256_di16,1,424,specific_cloud_ice_water_content,1000.0,8.760627932093284e-13,9.992502600678002e-13
r2p8_w256_di16,1,424,specific_cloud_liquid_water_content,1.0,6.960850716230101e-12,1.0090609470915716e-11
r2p8_w256_di16,1,424,specific_cloud_liquid_water_content,2.0,6.97905872942246e-12,1.0128990329759062e-11
r2p8_w256_di16,1,424,specific_cloud_liquid_water_content,3.0,6.894158364596004e-12,1.0015882865833426e-11
r2p8_w256_di16,1,424,specific_cloud_liquid_water_content,5.0,6.959709655962159e-12,1.0118728664840156e-11
r2p8_w256_di16,1,424,specific_cloud_liquid_water_content,7.0,7.049454723725454e-12,1.0170589502438532e-11
r2p8_w256_di16,1,424,specific_cloud_liquid_water_content,10.0,6.904741347396527e-12,1.0040717928963139e-11
r2p8_w256_di16,1,424,specific_cloud_liquid_water_content,20.0,5.3435425763698175e-12,7.338463572854133e-12
r2p8_w256_di16,1,424,specific_cloud_liquid_water_content,30.0,3.906649930766201e-12,6.698012667605699e-12
r2p8_w256_di16,1,424,specific_cloud_liquid_water_content,50.0,3.665392761854649e-12,1.0053613252851647e-11
r2p8_w256_di16,1,424,specific_cloud_liquid_water_content,70.0,2.4087816302428625e-12,1.5133636861692374e-11
r2p8_w256_di16,1,424,specific_cloud_liquid_water_content,100.0,2.305795471391585e-12,1.3306760346506895e-11
r2p8_w256_di16,1,424,specific_cloud_liquid_water_content,125.0,1.980715439158574e-12,1.159028681604251e-11
r2p8_w256_di16,1,424,specific_cloud_liquid_water_content,150.0,2.2718102831329924e-12,5.31554893171567e-12
r2p8_w256_di16,1,424,specific_cloud_liquid_water_content,175.0,2.7887149269078502e-12,3.2365224239802776e-12
r2p8_w256_di16,1,424,specific_cloud_liquid_water_content,200.0,3.3221211096406432e-12,4.145889033265034e-12
r2p8_w256_di16,1,424,specific_cloud_liquid_water_content,225.0,2.8765502800703413e-12,3.5802857875873922e-12
r2p8_w256_di16,1,424,specific_cloud_liquid_water_content,250.0,3.164678334531436e-12,3.672208471762859e-12
r2p8_w256_di16,1,424,specific_cloud_liquid_water_content,300.0,5.122975064937647e-12,6.256227041768754e-12
r2p8_w256_di16,1,424,specific_cloud_liquid_water_content,350.0,7.957461985959718e-12,9.406787377428039e-12
r2p8_w256_di16,1,424,specific_cloud_liquid_water_content,400.0,1.552316402925363e-11,1.7676982415065938e-11
r2p8_w256_di16,1,424,specific_cloud_liquid_water_content,450.0,3.5263638976948825e-11,3.9025397914182034e-11
r2p8_w256_di16,1,424,specific_cloud_liquid_water_content,500.0,7.745687769108952e-11,8.531093278829158e-11
r2p8_w256_di16,1,424,specific_cloud_liquid_water_content,550.0,1.3065076468198478e-10,1.3516995256481253e-10
r2p8_w256_di16,1,424,specific_cloud_liquid_water_content,600.0,1.0494442934458747e-10,1.1326361466230688e-10
r2p8_w256_di16,1,424,specific_cloud_liquid_water_content,650.0,1.0600061239225198e-10,1.1383675240995396e-10
r2p8_w256_di16,1,424,specific_cloud_liquid_water_content,700.0,1.2998984417027117e-10,1.3737246696229038e-10
r2p8_w256_di16,1,424,specific_cloud_liquid_water_content,750.0,1.6661817846583605e-10,1.7593831882501197e-10
r2p8_w256_di16,1,424,specific_cloud_liquid_water_content,775.0,1.8760434774014486e-10,1.9857085665531546e-10
r2p8_w256_di16,1,424,specific_cloud_liquid_water_content,800.0,2.1662372748966472e-10,2.7301100561246236e-10
r2p8_w256_di16,1,424,specific_cloud_liquid_water_content,825.0,2.838498005084331e-10,3.503992180792245e-10
r2p8_w256_di16,1,424,specific_cloud_liquid_water_content,850.0,3.367170732005296e-10,5.406510875496632e-10
r2p8_w256_di16,1,424,specific_cloud_liquid_water_content,875.0,3.45171796013947e-10,8.631297940598567e-10
r2p8_w256_di16,1,424,specific_cloud_liquid_water_content,900.0,3.08558149439639e-10,4.820132512296359e-10
r2p8_w256_di16,1,424,specific_cloud_liquid_water_content,925.0,2.4837554240315123e-10,3.488566324800669e-10
r2p8_w256_di16,1,424,specific_cloud_liquid_water_content,950.0,1.717761228553055e-10,2.7029452764396904e-10
r2p8_w256_di16,1,424,specific_cloud_liquid_water_content,975.0,1.0367759170511923e-10,2.1358355228567978e-10
r2p8_w256_di16,1,424,specific_cloud_liquid_water_content,1000.0,6.08969232715158e-11,7.306570706904771e-11
r2p8_w256_di16,2,848,temperature,1.0,75.19899358061171,358.73690892380125
r2p8_w256_di16,2,848,temperature,2.0,49.46142185905955,876.0546875838971
r2p8_w256_di16,2,848,temperature,3.0,32.390100264139605,1086.3303592223072
r2p8_w256_di16,2,848,temperature,5.0,18.356825226852575,842.5700116029719
r2p8_w256_di16,2,848,temperature,7.0,12.234180402919598,599.9508026018176
r2p8_w256_di16,2,848,temperature,10.0,6.932305318301486,416.580094799553
r2p8_w256_di16,2,848,temperature,20.0,5.231110039609405,56.51440484744986
r2p8_w256_di16,2,848,temperature,30.0,3.8718095885928965,5.450597304576861
r2p8_w256_di16,2,848,temperature,50.0,0.38092296676537424,36.63897819387954
r2p8_w256_di16,2,848,temperature,70.0,0.37079606127902814,2.8772582258965143
r2p8_w256_di16,2,848,temperature,100.0,0.2558116016416615,0.9216232924117256
r2p8_w256_di16,2,848,temperature,125.0,0.16940880641597242,1.938365469191902
r2p8_w256_di16,2,848,temperature,150.0,0.1361507817232322,1.0817949127495494
r2p8_w256_di16,2,848,temperature,175.0,0.12455395877975778,0.3611324527624137
r2p8_w256_di16,2,848,temperature,200.0,0.12989476659556026,0.17912553702433084
r2p8_w256_di16,2,848,temperature,225.0,0.13519545711090475,0.1908245307166142
r2p8_w256_di16,2,848,temperature,250.0,0.13230877116680964,0.182463609194223
r2p8_w256_di16,2,848,temperature,300.0,0.12216572812230317,0.18226931847862363
r2p8_w256_di16,2,848,temperature,350.0,0.11342368134108606,0.1609938581630946
r2p8_w256_di16,2,848,temperature,400.0,0.11115286237595418,0.13083342505791754
r2p8_w256_di16,2,848,temperature,450.0,0.11125911449136602,0.12770353055901543
r2p8_w256_di16,2,848,temperature,500.0,0.11108228455192035,0.12521421989726855
r2p8_w256_di16,2,848,temperature,550.0,0.11616847624176556,0.1355913603582333
r2p8_w256_di16,2,848,temperature,600.0,0.12294365673028317,0.14122705600925328
r2p8_w256_di16,2,848,temperature,650.0,0.13241656982304714,0.1560178224471017
r2p8_w256_di16,2,848,temperature,700.0,0.14335038165251415,0.17126439341769595
r2p8_w256_di16,2,848,temperature,750.0,0.16344922613544563,0.19962321593589388
r2p8_w256_di16,2,848,temperature,775.0,0.17411779215450549,0.19798373236893788
r2p8_w256_di16,2,848,temperature,800.0,0.1904199641799599,0.23610338999848185
r2p8_w256_di16,2,848,temperature,825.0,0.21654968975540698,0.2772097037215413
r2p8_w256_di16,2,848,temperature,850.0,0.23338040444244634,0.31646879202721456
r2p8_w256_di16,2,848,temperature,875.0,0.2383985525041921,0.34446055541947945
r2p8_w256_di16,2,848,temperature,900.0,0.23817769453902424,0.3181348530697249
r2p8_w256_di16,2,848,temperature,925.0,0.24131919994591847,0.3280851877739339
r2p8_w256_di16,2,848,temperature,950.0,0.25338859005072684,0.3421241505039517
r2p8_w256_di16,2,848,temperature,975.0,0.28011338818319065,0.36415655524869966
r2p8_w256_di16,2,848,temperature,1000.0,0.29223923702625065,0.3926342984245405
r2p8_w256_di16,2,848,geopotential,1.0,904225144.566323,28400569.657731958
r2p8_w256_di16,2,848,geopotential,2.0,421705871.6151203,5462561.381271478
r2p8_w256_di16,2,848,geopotential,3.0,239814309.2783505,3036351.0176975946
r2p8_w256_di16,2,848,geopotential,5.0,90220112.5718213,1486121.1892611685
r2p8_w256_di16,2,848,geopotential,7.0,35922425.003436424,679089.0634879725
r2p8_w256_di16,2,848,geopotential,10.0,7552648.180412371,274443.5280927835
r2p8_w256_di16,2,848,geopotential,20.0,1870461.121821306,699114.1566580756
r2p8_w256_di16,2,848,geopotential,30.0,3139592.8699312713,398553.1760524055
r2p8_w256_di16,2,848,geopotential,50.0,3545.1752452312876,62612.231333225944
r2p8_w256_di16,2,848,geopotential,70.0,3058.496623308634,113578.09005047251
r2p8_w256_di16,2,848,geopotential,100.0,1947.3920830900317,5205.543430351965
r2p8_w256_di16,2,848,geopotential,125.0,1600.7544679412317,2535.056125496671
r2p8_w256_di16,2,848,geopotential,150.0,1447.6305559610582,1788.2046801170532
r2p8_w256_di16,2,848,geopotential,175.0,1401.25583080803,2424.551662924855
r2p8_w256_di16,2,848,geopotential,200.0,1392.0184857240656,2513.725486267719
r2p8_w256_di16,2,848,geopotential,225.0,1334.66822119644,2178.786643158693
r2p8_w256_di16,2,848,geopotential,250.0,1327.4334120707824,1752.0334934929392
r2p8_w256_di16,2,848,geopotential,300.0,1326.4102626734993,1884.211524863751
r2p8_w256_di16,2,848,geopotential,350.0,1262.2029262057695,1744.7457064808848
r2p8_w256_di16,2,848,geopotential,400.0,1164.8296497043466,1509.4543655028458
r2p8_w256_di16,2,848,geopotential,450.0,1068.8698042512349,1430.496908642746
r2p8_w256_di16,2,848,geopotential,500.0,984.3614905078796,1302.81665899008
r2p8_w256_di16,2,848,geopotential,550.0,916.9645822636451,1282.0738201547733
r2p8_w256_di16,2,848,geopotential,600.0,874.5392489403794,1203.5879221283692
r2p8_w256_di16,2,848,geopotential,650.0,845.6806461714388,1233.3758339793412
r2p8_w256_di16,2,848,geopotential,700.0,839.1996944886303,1189.591005976831
r2p8_w256_di16,2,848,geopotential,750.0,838.9861821859563,1205.0807020259476
r2p8_w256_di16,2,848,geopotential,775.0,849.8817782372544,1261.3337492113671
r2p8_w256_di16,2,848,geopotential,800.0,859.8848000018457,1280.14323285814
r2p8_w256_di16,2,848,geopotential,825.0,876.5115020856824,1270.5150485848233
r2p8_w256_di16,2,848,geopotential,850.0,896.7007591011597,1310.5696828101509
r2p8_w256_di16,2,848,geopotential,875.0,920.5010710306593,1364.550082848408
r2p8_w256_di16,2,848,geopotential,900.0,960.3472132731958,1448.861547809614
r2p8_w256_di16,2,848,geopotential,925.0,1007.6959030937903,1529.5761732593025
r2p8_w256_di16,2,848,geopotential,950.0,1060.872597857603,1660.2595192191527
r2p8_w256_di16,2,848,geopotential,975.0,1143.3865640017584,1885.0557972072327
r2p8_w256_di16,2,848,geopotential,1000.0,1260.156984435406,2308.590197040781
r2p8_w256_di16,2,848,u_component_of_wind,1.0,722.9386758601133,1488.3366473116007
r2p8_w256_di16,2,848,u_component_of_wind,2.0,455.2801186682842,644.4431398791546
r2p8_w256_di16,2,848,u_component_of_wind,3.0,285.6802493013467,405.37589093499986
r2p8_w256_di16,2,848,u_component_of_wind,5.0,139.57897599472622,197.75460076872835
r2p8_w256_di16,2,848,u_component_of_wind,7.0,94.83603440379768,142.4255820074442
r2p8_w256_di16,2,848,u_component_of_wind,10.0,68.12114248111895,116.6081202477524
r2p8_w256_di16,2,848,u_component_of_wind,20.0,26.779242006282217,47.6110853005111
r2p8_w256_di16,2,848,u_component_of_wind,30.0,26.19292216612301,35.903693028741685
r2p8_w256_di16,2,848,u_component_of_wind,50.0,1.1315817461390676,5.883579471922412
r2p8_w256_di16,2,848,u_component_of_wind,70.0,1.12226303430767,2.3550628156596445
r2p8_w256_di16,2,848,u_component_of_wind,100.0,1.3048216249115279,2.4793636362986877
r2p8_w256_di16,2,848,u_component_of_wind,125.0,1.4188450351613493,2.052570336217323
r2p8_w256_di16,2,848,u_component_of_wind,150.0,1.4963557155271576,2.4537191219755874
r2p8_w256_di16,2,848,u_component_of_wind,175.0,1.5222772715427622,3.5655789190141607
r2p8_w256_di16,2,848,u_component_of_wind,200.0,1.596340423883851,2.1458452418907403
r2p8_w256_di16,2,848,u_component_of_wind,225.0,1.7501107596859489,2.7840621454199566
r2p8_w256_di16,2,848,u_component_of_wind,250.0,1.88050915801648,2.5511698332029518
r2p8_w256_di16,2,848,u_component_of_wind,300.0,1.9726522819283083,3.0867106703138845
r2p8_w256_di16,2,848,u_component_of_wind,350.0,1.807396195352692,2.8123741613630577
r2p8_w256_di16,2,848,u_component_of_wind,400.0,1.59124540152009,2.0523017901325553
r2p8_w256_di16,2,848,u_component_of_wind,450.0,1.4034066351418644,1.7461861259748845
r2p8_w256_di16,2,848,u_component_of_wind,500.0,1.2501135787603372,1.4361855390145606
r2p8_w256_di16,2,848,u_component_of_wind,550.0,1.1626420173448386,1.3157849350336082
r2p8_w256_di16,2,848,u_component_of_wind,600.0,1.0861500463125222,1.2240230253062296
r2p8_w256_di16,2,848,u_component_of_wind,650.0,1.0444742619786476,1.2432029899862624
r2p8_w256_di16,2,848,u_component_of_wind,700.0,1.003151554831934,1.1575461373706044
r2p8_w256_di16,2,848,u_component_of_wind,750.0,0.9663509646232186,1.101908561249369
r2p8_w256_di16,2,848,u_component_of_wind,775.0,0.9445383881785206,1.0904257813679803
r2p8_w256_di16,2,848,u_component_of_wind,800.0,0.92787974003664,1.054109803098174
r2p8_w256_di16,2,848,u_component_of_wind,825.0,0.9099692950543669,1.033340095244732
r2p8_w256_di16,2,848,u_component_of_wind,850.0,0.8807123280472772,0.9973676239092325
r2p8_w256_di16,2,848,u_component_of_wind,875.0,0.8459510380050161,0.9717127731165935
r2p8_w256_di16,2,848,u_component_of_wind,900.0,0.8174166316838608,0.9703397811073617
r2p8_w256_di16,2,848,u_component_of_wind,925.0,0.8008179622417463,0.9540883960183134
r2p8_w256_di16,2,848,u_component_of_wind,950.0,0.7643924616456441,0.9375673674226217
r2p8_w256_di16,2,848,u_component_of_wind,975.0,0.679763151218801,0.9071887998646477
r2p8_w256_di16,2,848,u_component_of_wind,1000.0,0.5664272328627479,0.8511761565798337
r2p8_w256_di16,2,848,v_component_of_wind,1.0,119.05225657564668,138.81298547594
r2p8_w256_di16,2,848,v_component_of_wind,2.0,72.77250083844686,87.64868417851294
r2p8_w256_di16,2,848,v_component_of_wind,3.0,52.03747801108868,66.73262565062218
r2p8_w256_di16,2,848,v_component_of_wind,5.0,32.71310249145088,41.69411831360912
r2p8_w256_di16,2,848,v_component_of_wind,7.0,24.73936256133404,30.47741763452484
r2p8_w256_di16,2,848,v_component_of_wind,10.0,17.121713023497065,20.527261027437714
r2p8_w256_di16,2,848,v_component_of_wind,20.0,9.852611001660325,10.894837608534036
r2p8_w256_di16,2,848,v_component_of_wind,30.0,8.196863597856764,10.454070522203478
r2p8_w256_di16,2,848,v_component_of_wind,50.0,1.1579218097159134,5.888280720399417
r2p8_w256_di16,2,848,v_component_of_wind,70.0,1.2083303110706027,34.608112230333674
r2p8_w256_di16,2,848,v_component_of_wind,100.0,1.358649160648949,4.116114651788141
r2p8_w256_di16,2,848,v_component_of_wind,125.0,1.464807457694483,5.591377752834989
r2p8_w256_di16,2,848,v_component_of_wind,150.0,1.4900461818754058,3.130412074216862
r2p8_w256_di16,2,848,v_component_of_wind,175.0,1.4851046708850926,2.2327148061437705
r2p8_w256_di16,2,848,v_component_of_wind,200.0,1.5519517937067038,2.072670781079846
r2p8_w256_di16,2,848,v_component_of_wind,225.0,1.7551270650424498,2.775760908634802
r2p8_w256_di16,2,848,v_component_of_wind,250.0,1.9538696924845378,3.8496844503068433
r2p8_w256_di16,2,848,v_component_of_wind,300.0,2.199929283328892,4.45481426838747
r2p8_w256_di16,2,848,v_component_of_wind,350.0,2.0805937891563597,3.0946114636778423
r2p8_w256_di16,2,848,v_component_of_wind,400.0,1.842572056304958,2.292543808783043
r2p8_w256_di16,2,848,v_component_of_wind,450.0,1.6110221734161638,2.0317373558418037
r2p8_w256_di16,2,848,v_component_of_wind,500.0,1.4217242776323429,1.858980369977525
r2p8_w256_di16,2,848,v_component_of_wind,550.0,1.3090241281027646,1.5183144983147427
r2p8_w256_di16,2,848,v_component_of_wind,600.0,1.2139677363163008,1.4483640635546131
r2p8_w256_di16,2,848,v_component_of_wind,650.0,1.158326429722645,1.5992750007262344
r2p8_w256_di16,2,848,v_component_of_wind,700.0,1.1124399000017093,1.4676183190132743
r2p8_w256_di16,2,848,v_component_of_wind,750.0,1.0738952532257002,1.3333282713218244
r2p8_w256_di16,2,848,v_component_of_wind,775.0,1.0539147950939296,1.5224455216496262
r2p8_w256_di16,2,848,v_component_of_wind,800.0,1.0374182451221952,1.8286718409495666
r2p8_w256_di16,2,848,v_component_of_wind,825.0,1.0209088774071526,1.5990666929389192
r2p8_w256_di16,2,848,v_component_of_wind,850.0,0.9962723830311568,1.4368705463573286
r2p8_w256_di16,2,848,v_component_of_wind,875.0,0.9674795301099823,1.4563519296777208
r2p8_w256_di16,2,848,v_component_of_wind,900.0,0.9479510768582321,1.3044389861555854
r2p8_w256_di16,2,848,v_component_of_wind,925.0,0.9261941030263081,1.1786272257054384
r2p8_w256_di16,2,848,v_component_of_wind,950.0,0.8840874612126564,1.1184428314163104
r2p8_w256_di16,2,848,v_component_of_wind,975.0,0.7781730204513393,1.0637467628492112
r2p8_w256_di16,2,848,v_component_of_wind,1000.0,0.6346544354846797,0.8735696917956637
r2p8_w256_di16,2,848,specific_humidity,1.0,7.979712329664615e-13,1.3558427756403814e-13
r2p8_w256_di16,2,848,specific_humidity,2.0,5.29086877704512e-13,5.614637434604008e-14
r2p8_w256_di16,2,848,specific_humidity,3.0,3.6428078088250586e-13,3.1615643124192534e-14
r2p8_w256_di16,2,848,specific_humidity,5.0,1.8613657648499995e-13,5.336335017856838e-14
r2p8_w256_di16,2,848,specific_humidity,7.0,1.1637544761544083e-13,9.37845803235433e-14
r2p8_w256_di16,2,848,specific_humidity,10.0,6.511209778552283e-14,1.5093946212928725e-13
r2p8_w256_di16,2,848,specific_humidity,20.0,1.788848140050651e-14,1.4594143505631125e-13
r2p8_w256_di16,2,848,specific_humidity,30.0,1.002146847301838e-14,2.1529729192600897e-14
r2p8_w256_di16,2,848,specific_humidity,50.0,1.5086202651576535e-16,1.208431755619719e-13
r2p8_w256_di16,2,848,specific_humidity,70.0,6.555352921912525e-16,9.816994536172924e-15
r2p8_w256_di16,2,848,specific_humidity,100.0,7.841293617331244e-15,1.7652857973728394e-14
r2p8_w256_di16,2,848,specific_humidity,125.0,5.6395601411281255e-14,2.773236589853036e-13
r2p8_w256_di16,2,848,specific_humidity,150.0,4.4888748201515315e-13,1.9733473038768775e-12
r2p8_w256_di16,2,848,specific_humidity,175.0,3.1129370728082507e-12,9.564711667958997e-12
r2p8_w256_di16,2,848,specific_humidity,200.0,1.7224567795719864e-11,3.021846999314096e-11
r2p8_w256_di16,2,848,specific_humidity,225.0,7.266019820229885e-11,1.3275005615574512e-10
r2p8_w256_di16,2,848,specific_humidity,250.0,2.260142254336237e-10,3.790825432291707e-10
r2p8_w256_di16,2,848,specific_humidity,300.0,1.1943600377511298e-09,2.159992673306339e-09
r2p8_w256_di16,2,848,specific_humidity,350.0,4.1034687231203145e-09,6.057291765078626e-09
r2p8_w256_di16,2,848,specific_humidity,400.0,1.0218196281929792e-08,1.633261653115866e-08
r2p8_w256_di16,2,848,specific_humidity,450.0,2.1221508844362654e-08,2.9044895820257633e-08
r2p8_w256_di16,2,848,specific_humidity,500.0,3.633391267640685e-08,4.71726288619908e-08
r2p8_w256_di16,2,848,specific_humidity,550.0,5.825099867052357e-08,6.85906152017951e-08
r2p8_w256_di16,2,848,specific_humidity,600.0,7.987532751446492e-08,1.0814220367609687e-07
r2p8_w256_di16,2,848,specific_humidity,650.0,1.1199283436752987e-07,1.7947170855438447e-07
r2p8_w256_di16,2,848,specific_humidity,700.0,1.436713131456084e-07,2.305026469944299e-07
r2p8_w256_di16,2,848,specific_humidity,750.0,1.7886858791580598e-07,2.601548255977401e-07
r2p8_w256_di16,2,848,specific_humidity,775.0,1.9098260635633102e-07,2.6297917400954803e-07
r2p8_w256_di16,2,848,specific_humidity,800.0,2.0336908329278867e-07,2.584511904681698e-07
r2p8_w256_di16,2,848,specific_humidity,825.0,2.1300108063225765e-07,2.594846697790056e-07
r2p8_w256_di16,2,848,specific_humidity,850.0,2.108220350025642e-07,2.7345882557776497e-07
r2p8_w256_di16,2,848,specific_humidity,875.0,1.9530405060497688e-07,2.4186888159659146e-07
r2p8_w256_di16,2,848,specific_humidity,900.0,1.7737926227155216e-07,2.155212073930639e-07
r2p8_w256_di16,2,848,specific_humidity,925.0,1.493074445703311e-07,1.841363487339637e-07
r2p8_w256_di16,2,848,specific_humidity,950.0,1.1990993478272445e-07,1.5893268679221984e-07
r2p8_w256_di16,2,848,specific_humidity,975.0,1.1499239043863894e-07,1.3446914359797884e-07
r2p8_w256_di16,2,848,specific_humidity,1000.0,1.1164597994239398e-07,1.3957918988924582e-07
r2p8_w256_di16,2,848,specific_cloud_ice_water_content,1.0,2.0656094913948557e-12,2.288020694060978e-12
r2p8_w256_di16,2,848,specific_cloud_ice_water_content,2.0,2.0234545277697125e-12,2.2870714956997917e-12
r2p8_w256_di16,2,848,specific_cloud_ice_water_content,3.0,2.0223645892362894e-12,2.2996208783203522e-12
r2p8_w256_di16,2,848,specific_cloud_ice_water_content,5.0,2.00482062520991e-12,2.289803675785488e-12
r2p8_w256_di16,2,848,specific_cloud_ice_water_content,7.0,2.0152753867592816e-12,2.2894918805521466e-12
r2p8_w256_di16,2,848,specific_cloud_ice_water_content,10.0,2.037115150627534e-12,2.283431708589527e-12
r2p8_w256_di16,2,848,specific_cloud_ice_water_content,20.0,1.436444092610472e-12,1.7548874772206285e-12
r2p8_w256_di16,2,848,specific_cloud_ice_water_content,30.0,1.0323275304599433e-12,1.4291510977554218e-12
r2p8_w256_di16,2,848,specific_cloud_ice_water_content,50.0,6.04867116940882e-13,1.0096941735224245e-12
r2p8_w256_di16,2,848,specific_cloud_ice_water_content,70.0,5.007802197102933e-13,8.380955040670912e-13
r2p8_w256_di16,2,848,specific_cloud_ice_water_content,100.0,1.41792414577202e-12,1.8358443952808733e-12
r2p8_w256_di16,2,848,specific_cloud_ice_water_content,125.0,7.433379552119128e-12,8.377518871348608e-12
r2p8_w256_di16,2,848,specific_cloud_ice_water_content,150.0,2.0437429827850873e-11,2.1588013468361143e-11
r2p8_w256_di16,2,848,specific_cloud_ice_water_content,175.0,3.4651052583181316e-11,3.6751638930251974e-11
r2p8_w256_di16,2,848,specific_cloud_ice_water_content,200.0,4.9533701323312176e-11,5.334543474910573e-11
r2p8_w256_di16,2,848,specific_cloud_ice_water_content,225.0,6.440855524445746e-11,7.16421651277443e-11
r2p8_w256_di16,2,848,specific_cloud_ice_water_content,250.0,7.128898804799967e-11,8.331742038846201e-11
r2p8_w256_di16,2,848,specific_cloud_ice_water_content,300.0,6.805355274630973e-11,8.345521912899782e-11
r2p8_w256_di16,2,848,specific_cloud_ice_water_content,350.0,6.064485854360536e-11,7.272475797639677e-11
r2p8_w256_di16,2,848,specific_cloud_ice_water_content,400.0,4.579369841041881e-11,5.36236889085102e-11
r2p8_w256_di16,2,848,specific_cloud_ice_water_content,450.0,3.341729136034257e-11,3.8845110932532566e-11
r2p8_w256_di16,2,848,specific_cloud_ice_water_content,500.0,2.3787024569424588e-11,2.738117257508047e-11
r2p8_w256_di16,2,848,specific_cloud_ice_water_content,550.0,1.584411670627491e-11,1.8868549343597593e-11
r2p8_w256_di16,2,848,specific_cloud_ice_water_content,600.0,1.1052950666157134e-11,1.2987100021187595e-11
r2p8_w256_di16,2,848,specific_cloud_ice_water_content,650.0,8.164465710032475e-12,9.679598592448355e-12
r2p8_w256_di16,2,848,specific_cloud_ice_water_content,700.0,6.09391010173955e-12,6.950785741233563e-12
r2p8_w256_di16,2,848,specific_cloud_ice_water_content,750.0,4.78754874018024e-12,5.604779675523861e-12
r2p8_w256_di16,2,848,specific_cloud_ice_water_content,775.0,4.713934288971145e-12,5.33637855321266e-12
r2p8_w256_di16,2,848,specific_cloud_ice_water_content,800.0,4.707491983358201e-12,5.504130668926242e-12
r2p8_w256_di16,2,848,specific_cloud_ice_water_content,825.0,4.550229323514479e-12,5.157228108882444e-12
r2p8_w256_di16,2,848,specific_cloud_ice_water_content,850.0,3.961986983271616e-12,4.33484781888242e-12
r2p8_w256_di16,2,848,specific_cloud_ice_water_content,875.0,3.203053258355219e-12,3.5166208437689495e-12
r2p8_w256_di16,2,848,specific_cloud_ice_water_content,900.0,2.611289247265449e-12,3.0707974004575827e-12
r2p8_w256_di16,2,848,specific_cloud_ice_water_content,925.0,2.0978291394259484e-12,2.5812296892017186e-12
r2p8_w256_di16,2,848,specific_cloud_ice_water_content,950.0,1.5283444514611215e-12,1.8620781071191903e-12
r2p8_w256_di16,2,848,specific_cloud_ice_water_content,975.0,1.052711194566144e-12,1.2617417329983228e-12
r2p8_w256_di16,2,848,specific_cloud_ice_water_content,1000.0,8.760627932093284e-13,9.985613105409571e-13
r2p8_w256_di16,2,848,specific_cloud_liquid_water_content,1.0,6.960850716230101e-12,1.070584374898146e-11
r2p8_w256_di16,2,848,specific_cloud_liquid_water_content,2.0,6.97905872942246e-12,1.05623840376365e-11
r2p8_w256_di16,2,848,specific_cloud_liquid_water_content,3.0,6.894158364596004e-12,1.0709595668527793e-11
r2p8_w256_di16,2,848,specific_cloud_liquid_water_content,5.0,6.959709655962159e-12,1.0602781110732481e-11
r2p8_w256_di16,2,848,specific_cloud_liquid_water_content,7.0,7.049454723725454e-12,1.0506038730016758e-11
r2p8_w256_di16,2,848,specific_cloud_liquid_water_content,10.0,6.904741347396527e-12,1.0681989195673611e-11
r2p8_w256_di16,2,848,specific_cloud_liquid_water_content,20.0,5.3435425763698175e-12,7.781064702033196e-12
r2p8_w256_di16,2,848,specific_cloud_liquid_water_content,30.0,3.906649930766201e-12,5.875271207879915e-12
r2p8_w256_di16,2,848,specific_cloud_liquid_water_content,50.0,3.665392761854649e-12,1.0471903546076126e-11
r2p8_w256_di16,2,848,specific_cloud_liquid_water_content,70.0,2.4087816302428625e-12,2.170876477578452e-11
r2p8_w256_di16,2,848,specific_cloud_liquid_water_content,100.0,2.305795471391585e-12,1.6057247037003322e-11
r2p8_w256_di16,2,848,specific_cloud_liquid_water_content,125.0,1.980715439158574e-12,9.051298244225701e-12
r2p8_w256_di16,2,848,specific_cloud_liquid_water_content,150.0,2.2718102831329924e-12,6.6132790696158375e-12
r2p8_w256_di16,2,848,specific_cloud_liquid_water_content,175.0,2.7887149269078502e-12,4.479182792259715e-12
r2p8_w256_di16,2,848,specific_cloud_liquid_water_content,200.0,3.3221211096406432e-12,4.454981993511186e-12
r2p8_w256_di16,2,848,specific_cloud_liquid_water_content,225.0,2.8765502800703413e-12,3.6032898956917675e-12
r2p8_w256_di16,2,848,specific_cloud_liquid_water_content,250.0,3.164678334531436e-12,4.2074156788346245e-12
r2p8_w256_di16,2,848,specific_cloud_liquid_water_content,300.0,5.122975064937647e-12,6.231009289996429e-12
r2p8_w256_di16,2,848,specific_cloud_liquid_water_content,350.0,7.957461985959718e-12,9.887115929096167e-12
r2p8_w256_di16,2,848,specific_cloud_liquid_water_content,400.0,1.552316402925363e-11,1.7710619825768326e-11
r2p8_w256_di16,2,848,specific_cloud_liquid_water_content,450.0,3.5263638976948825e-11,3.9541867004137957e-11
r2p8_w256_di16,2,848,specific_cloud_liquid_water_content,500.0,7.745687769108952e-11,8.544998517235086e-11
r2p8_w256_di16,2,848,specific_cloud_liquid_water_content,550.0,1.3065076468198478e-10,1.3567595192616204e-10
r2p8_w256_di16,2,848,specific_cloud_liquid_water_content,600.0,1.0494442934458747e-10,1.139614827906171e-10
r2p8_w256_di16,2,848,specific_cloud_liquid_water_content,650.0,1.0600061239225198e-10,1.1410915545318419e-10
r2p8_w256_di16,2,848,specific_cloud_liquid_water_content,700.0,1.2998984417027117e-10,1.3913508509697684e-10
r2p8_w256_di16,2,848,specific_cloud_liquid_water_content,750.0,1.6661817846583605e-10,1.7840684450956173e-10
r2p8_w256_di16,2,848,specific_cloud_liquid_water_content,775.0,1.8760434774014486e-10,2.0345695071426038e-10
r2p8_w256_di16,2,848,specific_cloud_liquid_water_content,800.0,2.1662372748966472e-10,2.6957531818680195e-10
r2p8_w256_di16,2,848,specific_cloud_liquid_water_content,825.0,2.838498005084331e-10,3.5090195445790643e-10
r2p8_w256_di16,2,848,specific_cloud_liquid_water_content,850.0,3.367170732005296e-10,5.512760016902214e-10
r2p8_w256_di16,2,848,specific_cloud_liquid_water_content,875.0,3.45171796013947e-10,7.777228094061728e-10
r2p8_w256_di16,2,848,specific_cloud_liquid_water_content,900.0,3.08558149439639e-10,5.702845660004359e-10
r2p8_w256_di16,2,848,specific_cloud_liquid_water_content,925.0,2.4837554240315123e-10,3.628402565039611e-10
r2p8_w256_di16,2,848,specific_cloud_liquid_water_content,950.0,1.717761228553055e-10,2.979300777828316e-10
r2p8_w256_di16,2,848,specific_cloud_liquid_water_content,975.0,1.0367759170511923e-10,2.3472201778640134e-10
r2p8_w256_di16,2,848,specific_cloud_liquid_water_content,1000.0,6.08969232715158e-11,7.926170160025651e-11
r2p8_w256_di16,3,1272,temperature,1.0,75.19899358061171,350.7791373655968
r2p8_w256_di16,3,1272,temperature,2.0,49.46142185905955,856.976913861147
r2p8_w256_di16,3,1272,temperature,3.0,32.390100264139605,1070.5257833893766
r2p8_w256_di16,3,1272,temperature,5.0,18.356825226852575,821.3102980361361
r2p8_w256_di16,3,1272,temperature,7.0,12.234180402919598,580.5279779283452
r2p8_w256_di16,3,1272,temperature,10.0,6.932305318301486,398.11481918911755
r2p8_w256_di16,3,1272,temperature,20.0,5.231110039609405,53.4766551014484
r2p8_w256_di16,3,1272,temperature,30.0,3.8718095885928965,5.273310153508923
r2p8_w256_di16,3,1272,temperature,50.0,0.38092296676537424,33.348872469872546
r2p8_w256_di16,3,1272,temperature,70.0,0.37079606127902814,5.23244305967875
r2p8_w256_di16,3,1272,temperature,100.0,0.2558116016416615,1.369946013611207
r2p8_w256_di16,3,1272,temperature,125.0,0.16940880641597242,1.890036349525976
r2p8_w256_di16,3,1272,temperature,150.0,0.1361507817232322,0.9447031841245304
r2p8_w256_di16,3,1272,temperature,175.0,0.12455395877975778,0.3252456219335602
r2p8_w256_di16,3,1272,temperature,200.0,0.12989476659556026,0.1795849706811184
r2p8_w256_di16,3,1272,temperature,225.0,0.13519545711090475,0.18771785850991907
r2p8_w256_di16,3,1272,temperature,250.0,0.13230877116680964,0.191736674400949
r2p8_w256_di16,3,1272,temperature,300.0,0.12216572812230317,0.19520022130708925
r2p8_w256_di16,3,1272,temperature,350.0,0.11342368134108606,0.15700203924859102
r2p8_w256_di16,3,1272,temperature,400.0,0.11115286237595418,0.1326042160084567
r2p8_w256_di16,3,1272,temperature,450.0,0.11125911449136602,0.13042805580441486
r2p8_w256_di16,3,1272,temperature,500.0,0.11108228455192035,0.1272424979871491
r2p8_w256_di16,3,1272,temperature,550.0,0.11616847624176556,0.13815928785661652
r2p8_w256_di16,3,1272,temperature,600.0,0.12294365673028317,0.14395689488583824
r2p8_w256_di16,3,1272,temperature,650.0,0.13241656982304714,0.1616512831390109
r2p8_w256_di16,3,1272,temperature,700.0,0.14335038165251415,0.17328969167475028
r2p8_w256_di16,3,1272,temperature,750.0,0.16344922613544563,0.19625010480176133
r2p8_w256_di16,3,1272,temperature,775.0,0.17411779215450549,0.19988686643105602
r2p8_w256_di16,3,1272,temperature,800.0,0.1904199641799599,0.23702012954913465
r2p8_w256_di16,3,1272,temperature,825.0,0.21654968975540698,0.26242143248569516
r2p8_w256_di16,3,1272,temperature,850.0,0.23338040444244634,0.3393185364626527
r2p8_w256_di16,3,1272,temperature,875.0,0.2383985525041921,0.349464721470764
r2p8_w256_di16,3,1272,temperature,900.0,0.23817769453902424,0.31513510882035156
r2p8_w256_di16,3,1272,temperature,925.0,0.24131919994591847,0.32285936993012315
r2p8_w256_di16,3,1272,temperature,950.0,0.25338859005072684,0.34000750653112877
r2p8_w256_di16,3,1272,temperature,975.0,0.28011338818319065,0.3620380905280818
r2p8_w256_di16,3,1272,temperature,1000.0,0.29223923702625065,0.3887405475185499
r2p8_w256_di16,3,1272,geopotential,1.0,904225144.566323,23283360.841237113
r2p8_w256_di16,3,1272,geopotential,2.0,421705871.6151203,4369314.331271478
r2p8_w256_di16,3,1272,geopotential,3.0,239814309.2783505,2331775.2682130584
r2p8_w256_di16,3,1272,geopotential,5.0,90220112.5718213,1143768.4986254296
r2p8_w256_di16,3,1272,geopotential,7.0,35922425.003436424,535028.5114261168
r2p8_w256_di16,3,1272,geopotential,10.0,7552648.180412371,306584.5724226804
r2p8_w256_di16,3,1272,geopotential,20.0,1870461.121821306,805770.162628866
r2p8_w256_di16,3,1272,geopotential,30.0,3139592.8699312713,426593.7114475945
r2p8_w256_di16,3,1272,geopotential,50.0,3545.1752452312876,51477.1472508591
r2p8_w256_di16,3,1272,geopotential,70.0,3058.496623308634,74913.80873335482
r2p8_w256_di16,3,1272,geopotential,100.0,1947.3920830900317,4519.212261228791
r2p8_w256_di16,3,1272,geopotential,125.0,1600.7544679412317,2421.4588417498926
r2p8_w256_di16,3,1272,geopotential,150.0,1447.6305559610582,1768.5784022799883
r2p8_w256_di16,3,1272,geopotential,175.0,1401.25583080803,2435.0707807298377
r2p8_w256_di16,3,1272,geopotential,200.0,1392.0184857240656,2597.96373572071
r2p8_w256_di16,3,1272,geopotential,225.0,1334.66822119644,2301.561758768927
r2p8_w256_di16,3,1272,geopotential,250.0,1327.4334120707824,1781.5054585984483
r2p8_w256_di16,3,1272,geopotential,300.0,1326.4102626734993,1862.4196753013584
r2p8_w256_di16,3,1272,geopotential,350.0,1262.2029262057695,1732.811534344126
r2p8_w256_di16,3,1272,geopotential,400.0,1164.8296497043466,1493.8736543740604
r2p8_w256_di16,3,1272,geopotential,450.0,1068.8698042512349,1396.1403736442226
r2p8_w256_di16,3,1272,geopotential,500.0,984.3614905078796,1274.0712449326138
r2p8_w256_di16,3,1272,geopotential,550.0,916.9645822636451,1227.4002510621376
r2p8_w256_di16,3,1272,geopotential,600.0,874.5392489403794,1152.2687147212603
r2p8_w256_di16,3,1272,geopotential,650.0,845.6806461714388,1204.5995308892425
r2p8_w256_di16,3,1272,geopotential,700.0,839.1996944886303,1159.5764606069454
r2p8_w256_di16,3,1272,geopotential,750.0,838.9861821859563,1222.967438604086
r2p8_w256_di16,3,1272,geopotential,775.0,849.8817782372544,1283.0415599495275
r2p8_w256_di16,3,1272,geopotential,800.0,859.8848000018457,1266.6991445429956
r2p8_w256_di16,3,1272,geopotential,825.0,876.5115020856824,1238.6719956440613
r2p8_w256_di16,3,1272,geopotential,850.0,896.7007591011597,1265.731320725274
r2p8_w256_di16,3,1272,geopotential,875.0,920.5010710306593,1305.5396564077266
r2p8_w256_di16,3,1272,geopotential,900.0,960.3472132731958,1376.8482486475784
r2p8_w256_di16,3,1272,geopotential,925.0,1007.6959030937903,1445.7167106287586
r2p8_w256_di16,3,1272,geopotential,950.0,1060.872597857603,1564.221222364288
r2p8_w256_di16,3,1272,geopotential,975.0,1143.3865640017584,1791.657989858516
r2p8_w256_di16,3,1272,geopotential,1000.0,1260.156984435406,2284.6253346656194
r2p8_w256_di16,3,1272,u_component_of_wind,1.0,722.9386758601133,1536.894530494926
r2p8_w256_di16,3,1272,u_component_of_wind,2.0,455.2801186682842,652.2171648687513
r2p8_w256_di16,3,1272,u_component_of_wind,3.0,285.6802493013467,415.81096978990485
r2p8_w256_di16,3,1272,u_component_of_wind,5.0,139.57897599472622,177.42919891462293
r2p8_w256_di16,3,1272,u_component_of_wind,7.0,94.83603440379768,123.66366858203796
r2p8_w256_di16,3,1272,u_component_of_wind,10.0,68.12114248111895,110.2976145138036
r2p8_w256_di16,3,1272,u_component_of_wind,20.0,26.779242006282217,48.38439773218738
r2p8_w256_di16,3,1272,u_component_of_wind,30.0,26.19292216612301,34.60856224007623
r2p8_w256_di16,3,1272,u_component_of_wind,50.0,1.1315817461390676,9.912572746997846
r2p8_w256_di16,3,1272,u_component_of_wind,70.0,1.12226303430767,2.484954231219603
r2p8_w256_di16,3,1272,u_component_of_wind,100.0,1.3048216249115279,2.8398655014759075
r2p8_w256_di16,3,1272,u_component_of_wind,125.0,1.4188450351613493,2.3395518298001634
r2p8_w256_di16,3,1272,u_component_of_wind,150.0,1.4963557155271576,2.8262553079021755
r2p8_w256_di16,3,1272,u_component_of_wind,175.0,1.5222772715427622,2.7565574474760757
r2p8_w256_di16,3,1272,u_component_of_wind,200.0,1.596340423883851,2.5400296109648504
r2p8_w256_di16,3,1272,u_component_of_wind,225.0,1.7501107596859489,2.710898384113902
r2p8_w256_di16,3,1272,u_component_of_wind,250.0,1.88050915801648,2.7085111915450737
r2p8_w256_di16,3,1272,u_component_of_wind,300.0,1.9726522819283083,3.549389104253238
r2p8_w256_di16,3,1272,u_component_of_wind,350.0,1.807396195352692,3.486621133568361
r2p8_w256_di16,3,1272,u_component_of_wind,400.0,1.59124540152009,2.2892777519947063
r2p8_w256_di16,3,1272,u_component_of_wind,450.0,1.4034066351418644,1.8923645453764402
r2p8_w256_di16,3,1272,u_component_of_wind,500.0,1.2501135787603372,1.509936088466972
r2p8_w256_di16,3,1272,u_component_of_wind,550.0,1.1626420173448386,1.322213883989865
r2p8_w256_di16,3,1272,u_component_of_wind,600.0,1.0861500463125222,1.225840663582189
r2p8_w256_di16,3,1272,u_component_of_wind,650.0,1.0444742619786476,1.404728508159467
r2p8_w256_di16,3,1272,u_component_of_wind,700.0,1.003151554831934,1.2487628808545903
r2p8_w256_di16,3,1272,u_component_of_wind,750.0,0.9663509646232186,1.1189050300014798
r2p8_w256_di16,3,1272,u_component_of_wind,775.0,0.9445383881785206,1.0666554612802066
r2p8_w256_di16,3,1272,u_component_of_wind,800.0,0.92787974003664,1.051672296753454
r2p8_w256_di16,3,1272,u_component_of_wind,825.0,0.9099692950543669,1.0414128308853332
r2p8_w256_di16,3,1272,u_component_of_wind,850.0,0.8807123280472772,1.0354412882598405
r2p8_w256_di16,3,1272,u_component_of_wind,875.0,0.8459510380050161,1.0203336982792595
r2p8_w256_di16,3,1272,u_component_of_wind,900.0,0.8174166316838608,0.9783897207774657
r2p8_w256_di16,3,1272,u_component_of_wind,925.0,0.8008179622417463,0.9770402709233392
r2p8_w256_di16,3,1272,u_component_of_wind,950.0,0.7643924616456441,0.9891138888716288
r2p8_w256_di16,3,1272,u_component_of_wind,975.0,0.679763151218801,0.9943682072908199
r2p8_w256_di16,3,1272,u_component_of_wind,1000.0,0.5664272328627479,0.8959180856078761
r2p8_w256_di16,3,1272,v_component_of_wind,1.0,119.05225657564668,140.25534889771765
r2p8_w256_di16,3,1272,v_component_of_wind,2.0,72.77250083844686,94.08132779884994
r2p8_w256_di16,3,1272,v_component_of_wind,3.0,52.03747801108868,75.06615702573376
r2p8_w256_di16,3,1272,v_component_of_wind,5.0,32.71310249145088,47.203539575006545
r2p8_w256_di16,3,1272,v_component_of_wind,7.0,24.73936256133404,35.58200030376002
r2p8_w256_di16,3,1272,v_component_of_wind,10.0,17.121713023497065,24.915225335085104
r2p8_w256_di16,3,1272,v_component_of_wind,20.0,9.852611001660325,13.006703351207616
r2p8_w256_di16,3,1272,v_component_of_wind,30.0,8.196863597856764,10.91498193445894
r2p8_w256_di16,3,1272,v_component_of_wind,50.0,1.1579218097159134,5.322073569084771
r2p8_w256_di16,3,1272,v_component_of_wind,70.0,1.2083303110706027,44.600647544205394
r2p8_w256_di16,3,1272,v_component_of_wind,100.0,1.358649160648949,3.592930193701151
r2p8_w256_di16,3,1272,v_component_of_wind,125.0,1.464807457694483,4.533200830282624
r2p8_w256_di16,3,1272,v_component_of_wind,150.0,1.4900461818754058,3.837833352596899
r2p8_w256_di16,3,1272,v_component_of_wind,175.0,1.4851046708850926,2.306974820091143
r2p8_w256_di16,3,1272,v_component_of_wind,200.0,1.5519517937067038,2.101524431517034
r2p8_w256_di16,3,1272,v_component_of_wind,225.0,1.7551270650424498,2.6336200123390383
r2p8_w256_di16,3,1272,v_component_of_wind,250.0,1.9538696924845378,3.7139420873111058
r2p8_w256_di16,3,1272,v_component_of_wind,300.0,2.199929283328892,4.417912330660214
r2p8_w256_di16,3,1272,v_component_of_wind,350.0,2.0805937891563597,3.3940903724264033
r2p8_w256_di16,3,1272,v_component_of_wind,400.0,1.842572056304958,2.444536721665425
r2p8_w256_di16,3,1272,v_component_of_wind,450.0,1.6110221734161638,2.1596483873747467
r2p8_w256_di16,3,1272,v_component_of_wind,500.0,1.4217242776323429,1.9079743862971408
r2p8_w256_di16,3,1272,v_component_of_wind,550.0,1.3090241281027646,1.5727064625913745
r2p8_w256_di16,3,1272,v_component_of_wind,600.0,1.2139677363163008,1.4505983423940914
r2p8_w256_di16,3,1272,v_component_of_wind,650.0,1.158326429722645,1.6185684655540178
r2p8_w256_di16,3,1272,v_component_of_wind,700.0,1.1124399000017093,1.3564832518600516
r2p8_w256_di16,3,1272,v_component_of_wind,750.0,1.0738952532257002,1.3164870761923773
r2p8_w256_di16,3,1272,v_component_of_wind,775.0,1.0539147950939296,1.4898073754359766
r2p8_w256_di16,3,1272,v_component_of_wind,800.0,1.0374182451221952,1.7293321007305813
r2p8_w256_di16,3,1272,v_component_of_wind,825.0,1.0209088774071526,1.5561485083242461
r2p8_w256_di16,3,1272,v_component_of_wind,850.0,0.9962723830311568,1.4264202757799338
r2p8_w256_di16,3,1272,v_component_of_wind,875.0,0.9674795301099823,1.373040828590131
r2p8_w256_di16,3,1272,v_component_of_wind,900.0,0.9479510768582321,1.298488375984926
r2p8_w256_di16,3,1272,v_component_of_wind,925.0,0.9261941030263081,1.1701672509363836
r2p8_w256_di16,3,1272,v_component_of_wind,950.0,0.8840874612126564,1.139696526650301
r2p8_w256_di16,3,1272,v_component_of_wind,975.0,0.7781730204513393,1.0730414300849758
r2p8_w256_di16,3,1272,v_component_of_wind,1000.0,0.6346544354846797,0.8631270101799589
r2p8_w256_di16,3,1272,specific_humidity,1.0,7.979712329664615e-13,1.0567904709862249e-13
r2p8_w256_di16,3,1272,specific_humidity,2.0,5.29086877704512e-13,4.4457258569381426e-14
r2p8_w256_di16,3,1272,specific_humidity,3.0,3.6428078088250586e-13,3.288177458713478e-14
r2p8_w256_di16,3,1272,specific_humidity,5.0,1.8613657648499995e-13,7.366052153484989e-14
r2p8_w256_di16,3,1272,specific_humidity,7.0,1.1637544761544083e-13,1.2319221708909827e-13
r2p8_w256_di16,3,1272,specific_humidity,10.0,6.511209778552283e-14,1.9023189125912244e-13
r2p8_w256_di16,3,1272,specific_humidity,20.0,1.788848140050651e-14,1.7978681557516397e-13
r2p8_w256_di16,3,1272,specific_humidity,30.0,1.002146847301838e-14,2.8061288634292702e-14
r2p8_w256_di16,3,1272,specific_humidity,50.0,1.5086202651576535e-16,1.1894163761529492e-13
r2p8_w256_di16,3,1272,specific_humidity,70.0,6.555352921912525e-16,1.413519671533156e-14
r2p8_w256_di16,3,1272,specific_humidity,100.0,7.841293617331244e-15,1.8023385117544047e-14
r2p8_w256_di16,3,1272,specific_humidity,125.0,5.6395601411281255e-14,1.8681244318454035e-13
r2p8_w256_di16,3,1272,specific_humidity,150.0,4.4888748201515315e-13,1.6102517421368434e-12
r2p8_w256_di16,3,1272,specific_humidity,175.0,3.1129370728082507e-12,9.732479773530928e-12
r2p8_w256_di16,3,1272,specific_humidity,200.0,1.7224567795719864e-11,3.621561347155324e-11
r2p8_w256_di16,3,1272,specific_humidity,225.0,7.266019820229885e-11,1.29041234508659e-10
r2p8_w256_di16,3,1272,specific_humidity,250.0,2.260142254336237e-10,4.068927822205728e-10
r2p8_w256_di16,3,1272,specific_humidity,300.0,1.1943600377511298e-09,2.4927925675545283e-09
r2p8_w256_di16,3,1272,specific_humidity,350.0,4.1034687231203145e-09,7.295332158153353e-09
r2p8_w256_di16,3,1272,specific_humidity,400.0,1.0218196281929792e-08,1.877917189266761e-08
r2p8_w256_di16,3,1272,specific_humidity,450.0,2.1221508844362654e-08,3.206944898381154e-08
r2p8_w256_di16,3,1272,specific_humidity,500.0,3.633391267640685e-08,4.662634471997533e-08
r2p8_w256_di16,3,1272,specific_humidity,550.0,5.825099867052357e-08,6.864409814663391e-08
r2p8_w256_di16,3,1272,specific_humidity,600.0,7.987532751446492e-08,1.0451975838803521e-07
r2p8_w256_di16,3,1272,specific_humidity,650.0,1.1199283436752987e-07,1.5698888972206687e-07
r2p8_w256_di16,3,1272,specific_humidity,700.0,1.436713131456084e-07,2.2560350382218686e-07
r2p8_w256_di16,3,1272,specific_humidity,750.0,1.7886858791580598e-07,2.5715912236770124e-07
r2p8_w256_di16,3,1272,specific_humidity,775.0,1.9098260635633102e-07,2.5163947535104655e-07
r2p8_w256_di16,3,1272,specific_humidity,800.0,2.0336908329278867e-07,2.675400200499026e-07
r2p8_w256_di16,3,1272,specific_humidity,825.0,2.1300108063225765e-07,2.6800159424655973e-07
r2p8_w256_di16,3,1272,specific_humidity,850.0,2.108220350025642e-07,2.766506900354241e-07
r2p8_w256_di16,3,1272,specific_humidity,875.0,1.9530405060497688e-07,2.536407819531204e-07
r2p8_w256_di16,3,1272,specific_humidity,900.0,1.7737926227155216e-07,2.22210880451712e-07
r2p8_w256_di16,3,1272,specific_humidity,925.0,1.493074445703311e-07,1.814457590594226e-07
r2p8_w256_di16,3,1272,specific_humidity,950.0,1.1990993478272445e-07,1.5354281348639567e-07
r2p8_w256_di16,3,1272,specific_humidity,975.0,1.1499239043863894e-07,1.3337608600150093e-07
r2p8_w256_di16,3,1272,specific_humidity,1000.0,1.1164597994239398e-07,1.397539470693359e-07
r2p8_w256_di16,3,1272,specific_cloud_ice_water_content,1.0,2.0656094913948557e-12,2.5204188549198053e-12
r2p8_w256_di16,3,1272,specific_cloud_ice_water_content,2.0,2.0234545277697125e-12,2.478722727293401e-12
r2p8_w256_di16,3,1272,specific_cloud_ice_water_content,3.0,2.0223645892362894e-12,2.477484698665715e-12
r2p8_w256_di16,3,1272,specific_cloud_ice_water_content,5.0,2.00482062520991e-12,2.475257329221808e-12
r2p8_w256_di16,3,1272,specific_cloud_ice_water_content,7.0,2.0152753867592816e-12,2.4774052301487055e-12
r2p8_w256_di16,3,1272,specific_cloud_ice_water_content,10.0,2.037115150627534e-12,2.482875869899856e-12
r2p8_w256_di16,3,1272,specific_cloud_ice_water_content,20.0,1.436444092610472e-12,1.8120542882541805e-12
r2p8_w256_di16,3,1272,specific_cloud_ice_water_content,30.0,1.0323275304599433e-12,1.33714303880641e-12
r2p8_w256_di16,3,1272,specific_cloud_ice_water_content,50.0,6.04867116940882e-13,1.1027732998512935e-12
r2p8_w256_di16,3,1272,specific_cloud_ice_water_content,70.0,5.007802197102933e-13,8.7178468143663e-13
r2p8_w256_di16,3,1272,specific_cloud_ice_water_content,100.0,1.41792414577202e-12,1.9476161984712527e-12
r2p8_w256_di16,3,1272,specific_cloud_ice_water_content,125.0,7.433379552119128e-12,8.542305039873357e-12
r2p8_w256_di16,3,1272,specific_cloud_ice_water_content,150.0,2.0437429827850873e-11,2.220448309368475e-11
r2p8_w256_di16,3,1272,specific_cloud_ice_water_content,175.0,3.4651052583181316e-11,3.882154329950702e-11
r2p8_w256_di16,3,1272,specific_cloud_ice_water_content,200.0,4.9533701323312176e-11,6.020751617052154e-11
r2p8_w256_di16,3,1272,specific_cloud_ice_water_content,225.0,6.440855524445746e-11,8.676477094306154e-11
r2p8_w256_di16,3,1272,specific_cloud_ice_water_content,250.0,7.128898804799967e-11,1.1492368368994837e-10
r2p8_w256_di16,3,1272,specific_cloud_ice_water_content,300.0,6.805355274630973e-11,1.206003394371713e-10
r2p8_w256_di16,3,1272,specific_cloud_ice_water_content,350.0,6.064485854360536e-11,9.252365273803825e-11
r2p8_w256_di16,3,1272,specific_cloud_ice_water_content,400.0,4.579369841041881e-11,5.978578856684266e-11
r2p8_w256_di16,3,1272,specific_cloud_ice_water_content,450.0,3.341729136034257e-11,4.124313552595843e-11
r2p8_w256_di16,3,1272,specific_cloud_ice_water_content,500.0,2.3787024569424588e-11,2.8439167171222068e-11
r2p8_w256_di16,3,1272,specific_cloud_ice_water_content,550.0,1.584411670627491e-11,1.923056874168595e-11
r2p8_w256_di16,3,1272,specific_cloud_ice_water_content,600.0,1.1052950666157134e-11,1.3242589213656848e-11
r2p8_w256_di16,3,1272,specific_cloud_ice_water_content,650.0,8.164465710032475e-12,9.765957738108628e-12
r2p8_w256_di16,3,1272,specific_cloud_ice_water_content,700.0,6.09391010173955e-12,7.018675715851168e-12
r2p8_w256_di16,3,1272,specific_cloud_ice_water_content,750.0,4.78754874018024e-12,5.6569123755874785e-12
r2p8_w256_di16,3,1272,specific_cloud_ice_water_content,775.0,4.713934288971145e-12,5.344866039085478e-12
r2p8_w256_di16,3,1272,specific_cloud_ice_water_content,800.0,4.707491983358201e-12,5.538514095671099e-12
r2p8_w256_di16,3,1272,specific_cloud_ice_water_content,825.0,4.550229323514479e-12,5.213482611030748e-12
r2p8_w256_di16,3,1272,specific_cloud_ice_water_content,850.0,3.961986983271616e-12,4.414433836730694e-12
r2p8_w256_di16,3,1272,specific_cloud_ice_water_content,875.0,3.203053258355219e-12,3.5362319206827377e-12
r2p8_w256_di16,3,1272,specific_cloud_ice_water_content,900.0,2.611289247265449e-12,3.0301775499701348e-12
r2p8_w256_di16,3,1272,specific_cloud_ice_water_content,925.0,2.0978291394259484e-12,2.5647956252492964e-12
r2p8_w256_di16,3,1272,specific_cloud_ice_water_content,950.0,1.5283444514611215e-12,1.904330167345449e-12
r2p8_w256_di16,3,1272,specific_cloud_ice_water_content,975.0,1.052711194566144e-12,1.2354009613370502e-12
r2p8_w256_di16,3,1272,specific_cloud_ice_water_content,1000.0,8.760627932093284e-13,1.0544305473712599e-12
r2p8_w256_di16,3,1272,specific_cloud_liquid_water_content,1.0,6.960850716230101e-12,1.0972350921364024e-11
r2p8_w256_di16,3,1272,specific_cloud_liquid_water_content,2.0,6.97905872942246e-12,1.0927942006340266e-11
r2p8_w256_di16,3,1272,specific_cloud_liquid_water_content,3.0,6.894158364596004e-12,1.093578116509634e-11
r2p8_w256_di16,3,1272,specific_cloud_liquid_water_content,5.0,6.959709655962159e-12,1.0965292109185684e-11
r2p8_w256_di16,3,1272,specific_cloud_liquid_water_content,7.0,7.049454723725454e-12,1.095578403318199e-11
r2p8_w256_di16,3,1272,specific_cloud_liquid_water_content,10.0,6.904741347396527e-12,1.0882759357552355e-11
r2p8_w256_di16,3,1272,specific_cloud_liquid_water_content,20.0,5.3435425763698175e-12,8.379177047170583e-12
r2p8_w256_di16,3,1272,specific_cloud_liquid_water_content,30.0,3.906649930766201e-12,6.6587319582169975e-12
r2p8_w256_di16,3,1272,specific_cloud_liquid_water_content,50.0,3.665392761854649e-12,1.120846173069973e-11
r2p8_w256_di16,3,1272,specific_cloud_liquid_water_content,70.0,2.4087816302428625e-12,1.3717605876616874e-11
r2p8_w256_di16,3,1272,specific_cloud_liquid_water_content,100.0,2.305795471391585e-12,1.149414179838405e-11
r2p8_w256_di16,3,1272,specific_cloud_liquid_water_content,125.0,1.980715439158574e-12,6.3570651955203074e-12
r2p8_w256_di16,3,1272,specific_cloud_liquid_water_content,150.0,2.2718102831329924e-12,6.169789725951518e-12
r2p8_w256_di16,3,1272,specific_cloud_liquid_water_content,175.0,2.7887149269078502e-12,4.6465550187332424e-12
r2p8_w256_di16,3,1272,specific_cloud_liquid_water_content,200.0,3.3221211096406432e-12,5.279367995533316e-12
r2p8_w256_di16,3,1272,specific_cloud_liquid_water_content,225.0,2.8765502800703413e-12,3.784325814544773e-12
r2p8_w256_di16,3,1272,specific_cloud_liquid_water_content,250.0,3.164678334531436e-12,4.350967518750251e-12
r2p8_w256_di16,3,1272,specific_cloud_liquid_water_content,300.0,5.122975064937647e-12,6.4828950755171395e-12
r2p8_w256_di16,3,1272,specific_cloud_liquid_water_content,350.0,7.957461985959718e-12,1.0161321559555842e-11
r2p8_w256_di16,3,1272,specific_cloud_liquid_water_content,400.0,1.552316402925363e-11,1.8799379430386922e-11
r2p8_w256_di16,3,1272,specific_cloud_liquid_water_content,450.0,3.5263638976948825e-11,4.0766190229032433e-11
r2p8_w256_di16,3,1272,specific_cloud_liquid_water_content,500.0,7.745687769108952e-11,8.665040686214141e-11
r2p8_w256_di16,3,1272,specific_cloud_liquid_water_content,550.0,1.3065076468198478e-10,1.3646007765442771e-10
r2p8_w256_di16,3,1272,specific_cloud_liquid_water_content,600.0,1.0494442934458747e-10,1.134611948256864e-10
r2p8_w256_di16,3,1272,specific_cloud_liquid_water_content,650.0,1.0600061239225198e-10,1.1474821986549327e-10
r2p8_w256_di16,3,1272,specific_cloud_liquid_water_content,700.0,1.2998984417027117e-10,1.3968963361462135e-10
r2p8_w256_di16,3,1272,specific_cloud_liquid_water_content,750.0,1.6661817846583605e-10,1.7940556689156193e-10
r2p8_w256_di16,3,1272,specific_cloud_liquid_water_content,775.0,1.8760434774014486e-10,2.0136054089875685e-10
r2p8_w256_di16,3,1272,specific_cloud_liquid_water_content,800.0,2.1662372748966472e-10,2.6582909104196357e-10
r2p8_w256_di16,3,1272,specific_cloud_liquid_water_content,825.0,2.838498005084331e-10,3.5759256203331787e-10
r2p8_w256_di16,3,1272,specific_cloud_liquid_water_content,850.0,3.367170732005296e-10,5.950571856566953e-10
r2p8_w256_di16,3,1272,specific_cloud_liquid_water_content,875.0,3.45171796013947e-10,8.798561235451212e-10
r2p8_w256_di16,3,1272,specific_cloud_liquid_water_content,900.0,3.08558149439639e-10,6.403854304416818e-10
r2p8_w256_di16,3,1272,specific_cloud_liquid_water_content,925.0,2.4837554240315123e-10,3.8327951652498966e-10
r2p8_w256_di16,3,1272,specific_cloud_liquid_water_content,950.0,1.717761228553055e-10,3.3785927957583053e-10
r2p8_w256_di16,3,1272,specific_cloud_liquid_water_content,975.0,1.0367759170511923e-10,2.31588709664086e-10
r2p8_w256_di16,3,1272,specific_cloud_liquid_water_content,1000.0,6.08969232715158e-11,8.015701725415471e-11
r2p8_w256_di16,4,1696,temperature,1.0,75.19899358061171,318.2726905848972
r2p8_w256_di16,4,1696,temperature,2.0,49.46142185905955,777.242691637806
r2p8_w256_di16,4,1696,temperature,3.0,32.390100264139605,983.3979074799319
r2p8_w256_di16,4,1696,temperature,5.0,18.356825226852575,754.6242733670264
r2p8_w256_di16,4,1696,temperature,7.0,12.234180402919598,533.9393400107052
r2p8_w256_di16,4,1696,temperature,10.0,6.932305318301486,365.4158910587481
r2p8_w256_di16,4,1696,temperature,20.0,5.231110039609405,49.961788182733805
r2p8_w256_di16,4,1696,temperature,30.0,3.8718095885928965,5.047052592018626
r2p8_w256_di16,4,1696,temperature,50.0,0.38092296676537424,30.61911074058297
r2p8_w256_di16,4,1696,temperature,70.0,0.37079606127902814,3.999691656283087
r2p8_w256_di16,4,1696,temperature,100.0,0.2558116016416615,1.4718252662940534
r2p8_w256_di16,4,1696,temperature,125.0,0.16940880641597242,1.7976767313029758
r2p8_w256_di16,4,1696,temperature,150.0,0.1361507817232322,0.8572067428700293
r2p8_w256_di16,4,1696,temperature,175.0,0.12455395877975778,0.3150843141517279
r2p8_w256_di16,4,1696,temperature,200.0,0.12989476659556026,0.1907230065553049
r2p8_w256_di16,4,1696,temperature,225.0,0.13519545711090475,0.20721325936800836
r2p8_w256_di16,4,1696,temperature,250.0,0.13230877116680964,0.19673514199215933
r2p8_w256_di16,4,1696,temperature,300.0,0.12216572812230317,0.18055655063222772
r2p8_w256_di16,4,1696,temperature,350.0,0.11342368134108606,0.1619379360600026
r2p8_w256_di16,4,1696,temperature,400.0,0.11115286237595418,0.13788881769397415
r2p8_w256_di16,4,1696,temperature,450.0,0.11125911449136602,0.1305933104552764
r2p8_w256_di16,4,1696,temperature,500.0,0.11108228455192035,0.12905761319951914
r2p8_w256_di16,4,1696,temperature,550.0,0.11616847624176556,0.13739854667297344
r2p8_w256_di16,4,1696,temperature,600.0,0.12294365673028317,0.14727556172412695
r2p8_w256_di16,4,1696,temperature,650.0,0.13241656982304714,0.15987421246021474
r2p8_w256_di16,4,1696,temperature,700.0,0.14335038165251415,0.17605895157327356
r2p8_w256_di16,4,1696,temperature,750.0,0.16344922613544563,0.19804573441084308
r2p8_w256_di16,4,1696,temperature,775.0,0.17411779215450549,0.20231516718659615
r2p8_w256_di16,4,1696,temperature,800.0,0.1904199641799599,0.2425482448024029
r2p8_w256_di16,4,1696,temperature,825.0,0.21654968975540698,0.27031631557802155
r2p8_w256_di16,4,1696,temperature,850.0,0.23338040444244634,0.32841159596885605
r2p8_w256_di16,4,1696,temperature,875.0,0.2383985525041921,0.35767828150303504
r2p8_w256_di16,4,1696,temperature,900.0,0.23817769453902424,0.3334274060537725
r2p8_w256_di16,4,1696,temperature,925.0,0.24131919994591847,0.3290226116418019
r2p8_w256_di16,4,1696,temperature,950.0,0.25338859005072684,0.34532220460909746
r2p8_w256_di16,4,1696,temperature,975.0,0.28011338818319065,0.3723431438719694
r2p8_w256_di16,4,1696,temperature,1000.0,0.29223923702625065,0.4150288410203154
r2p8_w256_di16,4,1696,geopotential,1.0,904225144.566323,28183115.971134022
r2p8_w256_di16,4,1696,geopotential,2.0,421705871.6151203,5307718.688659794
r2p8_w256_di16,4,1696,geopotential,3.0,239814309.2783505,2838207.002405498
r2p8_w256_di16,4,1696,geopotential,5.0,90220112.5718213,1263382.2710051546
r2p8_w256_di16,4,1696,geopotential,7.0,35922425.003436424,544526.4793599657
r2p8_w256_di16,4,1696,geopotential,10.0,7552648.180412371,309322.00803264603
r2p8_w256_di16,4,1696,geopotential,20.0,1870461.121821306,899269.3777491408
r2p8_w256_di16,4,1696,geopotential,30.0,3139592.8699312713,461682.0830111684
r2p8_w256_di16,4,1696,geopotential,50.0,3545.1752452312876,41500.421901847076
r2p8_w256_di16,4,1696,geopotential,70.0,3058.496623308634,60593.54248550258
r2p8_w256_di16,4,1696,geopotential,100.0,1947.3920830900317,4633.490941795532
r2p8_w256_di16,4,1696,geopotential,125.0,1600.7544679412317,2213.458176949098
r2p8_w256_di16,4,1696,geopotential,150.0,1447.6305559610582,1814.733177704172
r2p8_w256_di16,4,1696,geopotential,175.0,1401.25583080803,3051.730252295425
r2p8_w256_di16,4,1696,geopotential,200.0,1392.0184857240656,2429.232693701675
r2p8_w256_di16,4,1696,geopotential,225.0,1334.66822119644,2040.5790483717246
r2p8_w256_di16,4,1696,geopotential,250.0,1327.4334120707824,1638.8344738308097
r2p8_w256_di16,4,1696,geopotential,300.0,1326.4102626734993,2109.6097191459944
r2p8_w256_di16,4,1696,geopotential,350.0,1262.2029262057695,1630.7789943419782
r2p8_w256_di16,4,1696,geopotential,400.0,1164.8296497043466,1597.3107267504295
r2p8_w256_di16,4,1696,geopotential,450.0,1068.8698042512349,1399.6722620593723
r2p8_w256_di16,4,1696,geopotential,500.0,984.3614905078796,1319.274375763464
r2p8_w256_di16,4,1696,geopotential,550.0,916.9645822636451,1272.8362300912129
r2p8_w256_di16,4,1696,geopotential,600.0,874.5392489403794,1205.4945059130691
r2p8_w256_di16,4,1696,geopotential,650.0,845.6806461714388,1277.2878939389363
r2p8_w256_di16,4,1696,geopotential,700.0,839.1996944886303,1181.222528600529
r2p8_w256_di16,4,1696,geopotential,750.0,838.9861821859563,1253.3555003372664
r2p8_w256_di16,4,1696,geopotential,775.0,849.8817782372544,1298.6249401394034
r2p8_w256_di16,4,1696,geopotential,800.0,859.8848000018457,1284.2568488157083
r2p8_w256_di16,4,1696,geopotential,825.0,876.5115020856824,1281.3747465467945
r2p8_w256_di16,4,1696,geopotential,850.0,896.7007591011597,1321.8989402535035
r2p8_w256_di16,4,1696,geopotential,875.0,920.5010710306593,1368.5000218132518
r2p8_w256_di16,4,1696,geopotential,900.0,960.3472132731958,1447.638983091374
r2p8_w256_di16,4,1696,geopotential,925.0,1007.6959030937903,1541.0905824222107
r2p8_w256_di16,4,1696,geopotential,950.0,1060.872597857603,1686.6619432586986
r2p8_w256_di16,4,1696,geopotential,975.0,1143.3865640017584,1957.1403066943192
r2p8_w256_di16,4,1696,geopotential,1000.0,1260.156984435406,2541.3757453420317
r2p8_w256_di16,4,1696,u_component_of_wind,1.0,722.9386758601133,1474.8447314285331
r2p8_w256_di16,4,1696,u_component_of_wind,2.0,455.2801186682842,644.9873001990039
r2p8_w256_di16,4,1696,u_component_of_wind,3.0,285.6802493013467,408.0604767789546
r2p8_w256_di16,4,1696,u_component_of_wind,5.0,139.57897599472622,179.13442980579495
r2p8_w256_di16,4,1696,u_component_of_wind,7.0,94.83603440379768,118.41046418652093
r2p8_w256_di16,4,1696,u_component_of_wind,10.0,68.12114248111895,101.29321546521793
r2p8_w256_di16,4,1696,u_component_of_wind,20.0,26.779242006282217,49.24038346674025
r2p8_w256_di16,4,1696,u_component_of_wind,30.0,26.19292216612301,34.75113524800723
r2p8_w256_di16,4,1696,u_component_of_wind,50.0,1.1315817461390676,8.978319859258907
r2p8_w256_di16,4,1696,u_component_of_wind,70.0,1.12226303430767,2.1060833679441733
r2p8_w256_di16,4,1696,u_component_of_wind,100.0,1.3048216249115279,3.2640738946875345
r2p8_w256_di16,4,1696,u_component_of_wind,125.0,1.4188450351613493,2.656106165102667
r2p8_w256_di16,4,1696,u_component_of_wind,150.0,1.4963557155271576,2.56111425353899
r2p8_w256_di16,4,1696,u_component_of_wind,175.0,1.5222772715427622,2.607263702051746
r2p8_w256_di16,4,1696,u_component_of_wind,200.0,1.596340423883851,2.5815668981099864
r2p8_w256_di16,4,1696,u_component_of_wind,225.0,1.7501107596859489,2.491526410342082
r2p8_w256_di16,4,1696,u_component_of_wind,250.0,1.88050915801648,2.6438429768552485
r2p8_w256_di16,4,1696,u_component_of_wind,300.0,1.9726522819283083,3.553955937087331
r2p8_w256_di16,4,1696,u_component_of_wind,350.0,1.807396195352692,3.611066451515119
r2p8_w256_di16,4,1696,u_component_of_wind,400.0,1.59124540152009,2.1851867658575785
r2p8_w256_di16,4,1696,u_component_of_wind,450.0,1.4034066351418644,1.889074343176642
r2p8_w256_di16,4,1696,u_component_of_wind,500.0,1.2501135787603372,1.5168872172070533
r2p8_w256_di16,4,1696,u_component_of_wind,550.0,1.1626420173448386,1.3426418097977786
r2p8_w256_di16,4,1696,u_component_of_wind,600.0,1.0861500463125222,1.2347609028373796
r2p8_w256_di16,4,1696,u_component_of_wind,650.0,1.0444742619786476,1.3689678987686578
r2p8_w256_di16,4,1696,u_component_of_wind,700.0,1.003151554831934,1.2429084484519828
r2p8_w256_di16,4,1696,u_component_of_wind,750.0,0.9663509646232186,1.1131041318690245
r2p8_w256_di16,4,1696,u_component_of_wind,775.0,0.9445383881785206,1.0602842752876152
r2p8_w256_di16,4,1696,u_component_of_wind,800.0,0.92787974003664,1.049277291142244
r2p8_w256_di16,4,1696,u_component_of_wind,825.0,0.9099692950543669,1.0417179535754357
r2p8_w256_di16,4,1696,u_component_of_wind,850.0,0.8807123280472772,1.0188695611412992
r2p8_w256_di16,4,1696,u_component_of_wind,875.0,0.8459510380050161,1.0016876469772706
r2p8_w256_di16,4,1696,u_component_of_wind,900.0,0.8174166316838608,0.9861082700929281
r2p8_w256_di16,4,1696,u_component_of_wind,925.0,0.8008179622417463,0.9847482862751099
r2p8_w256_di16,4,1696,u_component_of_wind,950.0,0.7643924616456441,0.9857129777829672
r2p8_w256_di16,4,1696,u_component_of_wind,975.0,0.679763151218801,0.9263232937793142
r2p8_w256_di16,4,1696,u_component_of_wind,1000.0,0.5664272328627479,0.867423724308866
r2p8_w256_di16,4,1696,v_component_of_wind,1.0,119.05225657564668,135.5053015561448
r2p8_w256_di16,4,1696,v_component_of_wind,2.0,72.77250083844686,89.41764377449796
r2p8_w256_di16,4,1696,v_component_of_wind,3.0,52.03747801108868,69.86998499185358
r2p8_w256_di16,4,1696,v_component_of_wind,5.0,32.71310249145088,42.87200162828583
r2p8_w256_di16,4,1696,v_component_of_wind,7.0,24.73936256133404,31.664100142279032
r2p8_w256_di16,4,1696,v_component_of_wind,10.0,17.121713023497065,21.625668052463595
r2p8_w256_di16,4,1696,v_component_of_wind,20.0,9.852611001660325,11.301655208941588
r2p8_w256_di16,4,1696,v_component_of_wind,30.0,8.196863597856764,11.67525863975184
r2p8_w256_di16,4,1696,v_component_of_wind,50.0,1.1579218097159134,6.802511984376154
r2p8_w256_di16,4,1696,v_component_of_wind,70.0,1.2083303110706027,38.21997046454256
r2p8_w256_di16,4,1696,v_component_of_wind,100.0,1.358649160648949,3.8089885285629848
r2p8_w256_di16,4,1696,v_component_of_wind,125.0,1.464807457694483,4.596470623737348
r2p8_w256_di16,4,1696,v_component_of_wind,150.0,1.4900461818754058,3.012823409968635
r2p8_w256_di16,4,1696,v_component_of_wind,175.0,1.4851046708850926,2.2604726242445587
r2p8_w256_di16,4,1696,v_component_of_wind,200.0,1.5519517937067038,2.1696912695042454
r2p8_w256_di16,4,1696,v_component_of_wind,225.0,1.7551270650424498,2.8478794333861046
r2p8_w256_di16,4,1696,v_component_of_wind,250.0,1.9538696924845378,3.976269825381512
r2p8_w256_di16,4,1696,v_component_of_wind,300.0,2.199929283328892,4.1303390983044075
r2p8_w256_di16,4,1696,v_component_of_wind,350.0,2.0805937891563597,3.365263775042242
r2p8_w256_di16,4,1696,v_component_of_wind,400.0,1.842572056304958,2.4866527317315854
r2p8_w256_di16,4,1696,v_component_of_wind,450.0,1.6110221734161638,2.207269722735349
r2p8_w256_di16,4,1696,v_component_of_wind,500.0,1.4217242776323429,1.9058361574546578
r2p8_w256_di16,4,1696,v_component_of_wind,550.0,1.3090241281027646,1.5778960536845361
r2p8_w256_di16,4,1696,v_component_of_wind,600.0,1.2139677363163008,1.5410112490768695
r2p8_w256_di16,4,1696,v_component_of_wind,650.0,1.158326429722645,1.6657606382140588
r2p8_w256_di16,4,1696,v_component_of_wind,700.0,1.1124399000017093,1.3787567799853295
r2p8_w256_di16,4,1696,v_component_of_wind,750.0,1.0738952532257002,1.3436059248816106
r2p8_w256_di16,4,1696,v_component_of_wind,775.0,1.0539147950939296,1.4568181409868588
r2p8_w256_di16,4,1696,v_component_of_wind,800.0,1.0374182451221952,1.649886834990118
r2p8_w256_di16,4,1696,v_component_of_wind,825.0,1.0209088774071526,1.4417128314676972
r2p8_w256_di16,4,1696,v_component_of_wind,850.0,0.9962723830311568,1.4308831184590396
r2p8_w256_di16,4,1696,v_component_of_wind,875.0,0.9674795301099823,1.40180842425815
r2p8_w256_di16,4,1696,v_component_of_wind,900.0,0.9479510768582321,1.2591821867166106
r2p8_w256_di16,4,1696,v_component_of_wind,925.0,0.9261941030263081,1.2093952074902983
r2p8_w256_di16,4,1696,v_component_of_wind,950.0,0.8840874612126564,1.15879000032071
r2p8_w256_di16,4,1696,v_component_of_wind,975.0,0.7781730204513393,1.1145453058567243
r2p8_w256_di16,4,1696,v_component_of_wind,1000.0,0.6346544354846797,0.9070516352800979
r2p8_w256_di16,4,1696,specific_humidity,1.0,7.979712329664615e-13,1.0846932470728398e-13
r2p8_w256_di16,4,1696,specific_humidity,2.0,5.29086877704512e-13,4.464506002955596e-14
r2p8_w256_di16,4,1696,specific_humidity,3.0,3.6428078088250586e-13,3.2460563591651745e-14
r2p8_w256_di16,4,1696,specific_humidity,5.0,1.8613657648499995e-13,7.280168278791507e-14
r2p8_w256_di16,4,1696,specific_humidity,7.0,1.1637544761544083e-13,1.227776262027399e-13
r2p8_w256_di16,4,1696,specific_humidity,10.0,6.511209778552283e-14,1.9143347344344898e-13
r2p8_w256_di16,4,1696,specific_humidity,20.0,1.788848140050651e-14,1.831734069960534e-13
r2p8_w256_di16,4,1696,specific_humidity,30.0,1.002146847301838e-14,2.9711218792533156e-14
r2p8_w256_di16,4,1696,specific_humidity,50.0,1.5086202651576535e-16,1.1518448558725799e-13
r2p8_w256_di16,4,1696,specific_humidity,70.0,6.555352921912525e-16,8.205207486210046e-15
r2p8_w256_di16,4,1696,specific_humidity,100.0,7.841293617331244e-15,1.3931493449230089e-14
r2p8_w256_di16,4,1696,specific_humidity,125.0,5.6395601411281255e-14,1.4801756930683805e-13
r2p8_w256_di16,4,1696,specific_humidity,150.0,4.4888748201515315e-13,1.2761770961772012e-12
r2p8_w256_di16,4,1696,specific_humidity,175.0,3.1129370728082507e-12,7.798955924018409e-12
r2p8_w256_di16,4,1696,specific_humidity,200.0,1.7224567795719864e-11,2.8286163383890352e-11
r2p8_w256_di16,4,1696,specific_humidity,225.0,7.266019820229885e-11,1.2328441990078724e-10
r2p8_w256_di16,4,1696,specific_humidity,250.0,2.260142254336237e-10,3.7319624324793994e-10
r2p8_w256_di16,4,1696,specific_humidity,300.0,1.1943600377511298e-09,2.506697841127057e-09
r2p8_w256_di16,4,1696,specific_humidity,350.0,4.1034687231203145e-09,7.3551217725735375e-09
r2p8_w256_di16,4,1696,specific_humidity,400.0,1.0218196281929792e-08,1.9773254817846034e-08
r2p8_w256_di16,4,1696,specific_humidity,450.0,2.1221508844362654e-08,3.159871966131793e-08
r2p8_w256_di16,4,1696,specific_humidity,500.0,3.633391267640685e-08,4.752779402448653e-08
r2p8_w256_di16,4,1696,specific_humidity,550.0,5.825099867052357e-08,6.938823824859662e-08
r2p8_w256_di16,4,1696,specific_humidity,600.0,7.987532751446492e-08,1.0865607098570188e-07
r2p8_w256_di16,4,1696,specific_humidity,650.0,1.1199283436752987e-07,1.5415543062874842e-07
r2p8_w256_di16,4,1696,specific_humidity,700.0,1.436713131456084e-07,2.20143146894064e-07
r2p8_w256_di16,4,1696,specific_humidity,750.0,1.7886858791580598e-07,2.436170607137514e-07
r2p8_w256_di16,4,1696,specific_humidity,775.0,1.9098260635633102e-07,2.4850513880663385e-07
r2p8_w256_di16,4,1696,specific_humidity,800.0,2.0336908329278867e-07,2.658394264339178e-07
r2p8_w256_di16,4,1696,specific_humidity,825.0,2.1300108063225765e-07,2.8410566162041744e-07
r2p8_w256_di16,4,1696,specific_humidity,850.0,2.108220350025642e-07,2.775212997951953e-07
r2p8_w256_di16,4,1696,specific_humidity,875.0,1.9530405060497688e-07,2.545814433935754e-07
r2p8_w256_di16,4,1696,specific_humidity,900.0,1.7737926227155216e-07,2.2111421917293306e-07
r2p8_w256_di16,4,1696,specific_humidity,925.0,1.493074445703311e-07,1.842625738039171e-07
r2p8_w256_di16,4,1696,specific_humidity,950.0,1.1990993478272445e-07,1.5618265409886302e-07
r2p8_w256_di16,4,1696,specific_humidity,975.0,1.1499239043863894e-07,1.3411525287567758e-07
r2p8_w256_di16,4,1696,specific_humidity,1000.0,1.1164597994239398e-07,1.4115303568092882e-07
r2p8_w256_di16,4,1696,specific_cloud_ice_water_content,1.0,2.0656094913948557e-12,2.638200232145789e-12
r2p8_w256_di16,4,1696,specific_cloud_ice_water_content,2.0,2.0234545277697125e-12,2.583547937440426e-12
r2p8_w256_di16,4,1696,specific_cloud_ice_water_content,3.0,2.0223645892362894e-12,2.5796532125961505e-12
r2p8_w256_di16,4,1696,specific_cloud_ice_water_content,5.0,2.00482062520991e-12,2.580499392973016e-12
r2p8_w256_di16,4,1696,specific_cloud_ice_water_content,7.0,2.0152753867592816e-12,2.5837661590963297e-12
r2p8_w256_di16,4,1696,specific_cloud_ice_water_content,10.0,2.037115150627534e-12,2.5910831982768787e-12
r2p8_w256_di16,4,1696,specific_cloud_ice_water_content,20.0,1.436444092610472e-12,1.871734465616462e-12
r2p8_w256_di16,4,1696,specific_cloud_ice_water_content,30.0,1.0323275304599433e-12,1.281220560346908e-12
r2p8_w256_di16,4,1696,specific_cloud_ice_water_content,50.0,6.04867116940882e-13,1.2033784639583614e-12
r2p8_w256_di16,4,1696,specific_cloud_ice_water_content,70.0,5.007802197102933e-13,8.815449155929306e-13
r2p8_w256_di16,4,1696,specific_cloud_ice_water_content,100.0,1.41792414577202e-12,2.0147679335703e-12
r2p8_w256_di16,4,1696,specific_cloud_ice_water_content,125.0,7.433379552119128e-12,8.403127694099392e-12
r2p8_w256_di16,4,1696,specific_cloud_ice_water_content,150.0,2.0437429827850873e-11,2.218638004258906e-11
r2p8_w256_di16,4,1696,specific_cloud_ice_water_content,175.0,3.4651052583181316e-11,3.91548216053048e-11
r2p8_w256_di16,4,1696,specific_cloud_ice_water_content,200.0,4.9533701323312176e-11,6.035056996909175e-11
r2p8_w256_di16,4,1696,specific_cloud_ice_water_content,225.0,6.440855524445746e-11,8.806703599954355e-11
r2p8_w256_di16,4,1696,specific_cloud_ice_water_content,250.0,7.128898804799967e-11,1.1803352184536208e-10
r2p8_w256_di16,4,1696,specific_cloud_ice_water_content,300.0,6.805355274630973e-11,1.240808131165751e-10
r2p8_w256_di16,4,1696,specific_cloud_ice_water_content,350.0,6.064485854360536e-11,9.553627641280933e-11
r2p8_w256_di16,4,1696,specific_cloud_ice_water_content,400.0,4.579369841041881e-11,6.226205934461897e-11
r2p8_w256_di16,4,1696,specific_cloud_ice_water_content,450.0,3.341729136034257e-11,4.300892262606906e-11
r2p8_w256_di16,4,1696,specific_cloud_ice_water_content,500.0,2.3787024569424588e-11,2.9481396005481334e-11
r2p8_w256_di16,4,1696,specific_cloud_ice_water_content,550.0,1.584411670627491e-11,1.9913720661122302e-11
r2p8_w256_di16,4,1696,specific_cloud_ice_water_content,600.0,1.1052950666157134e-11,1.370839517215733e-11
r2p8_w256_di16,4,1696,specific_cloud_ice_water_content,650.0,8.164465710032475e-12,1.040825197930057e-11
r2p8_w256_di16,4,1696,specific_cloud_ice_water_content,700.0,6.09391010173955e-12,7.189216030551065e-12
r2p8_w256_di16,4,1696,specific_cloud_ice_water_content,750.0,4.78754874018024e-12,5.731327927462904e-12
r2p8_w256_di16,4,1696,specific_cloud_ice_water_content,775.0,4.713934288971145e-12,5.503416467473872e-12
r2p8_w256_di16,4,1696,specific_cloud_ice_water_content,800.0,4.707491983358201e-12,5.648691450841117e-12
r2p8_w256_di16,4,1696,specific_cloud_ice_water_content,825.0,4.550229323514479e-12,5.232008644639809e-12
r2p8_w256_di16,4,1696,specific_cloud_ice_water_content,850.0,3.961986983271616e-12,4.481561486371624e-12
r2p8_w256_di16,4,1696,specific_cloud_ice_water_content,875.0,3.203053258355219e-12,3.5490684197106944e-12
r2p8_w256_di16,4,1696,specific_cloud_ice_water_content,900.0,2.611289247265449e-12,3.0592032869852182e-12
r2p8_w256_di16,4,1696,specific_cloud_ice_water_content,925.0,2.0978291394259484e-12,2.629087463109619e-12
r2p8_w256_di16,4,1696,specific_cloud_ice_water_content,950.0,1.5283444514611215e-12,1.950847563568002e-12
r2p8_w256_di16,4,1696,specific_cloud_ice_water_content,975.0,1.052711194566144e-12,1.2735913418050314e-12
r2p8_w256_di16,4,1696,specific_cloud_ice_water_content,1000.0,8.760627932093284e-13,1.070331448012668e-12
r2p8_w256_di16,4,1696,specific_cloud_liquid_water_content,1.0,6.960850716230101e-12,1.0693268258623555e-11
r2p8_w256_di16,4,1696,specific_cloud_liquid_water_content,2.0,6.97905872942246e-12,1.066973795970861e-11
r2p8_w256_di16,4,1696,specific_cloud_liquid_water_content,3.0,6.894158364596004e-12,1.068779468623593e-11
r2p8_w256_di16,4,1696,specific_cloud_liquid_water_content,5.0,6.959709655962159e-12,1.069127203720801e-11
r2p8_w256_di16,4,1696,specific_cloud_liquid_water_content,7.0,7.049454723725454e-12,1.0673541162688342e-11
r2p8_w256_di16,4,1696,specific_cloud_liquid_water_content,10.0,6.904741347396527e-12,1.0655624933859456e-11
r2p8_w256_di16,4,1696,specific_cloud_liquid_water_content,20.0,5.3435425763698175e-12,8.186609132997807e-12
r2p8_w256_di16,4,1696,specific_cloud_liquid_water_content,30.0,3.906649930766201e-12,6.778475352850773e-12
r2p8_w256_di16,4,1696,specific_cloud_liquid_water_content,50.0,3.665392761854649e-12,1.0547190365499922e-11
r2p8_w256_di16,4,1696,specific_cloud_liquid_water_content,70.0,2.4087816302428625e-12,1.5689512547117865e-11
r2p8_w256_di16,4,1696,specific_cloud_liquid_water_content,100.0,2.305795471391585e-12,9.748918264753995e-12
r2p8_w256_di16,4,1696,specific_cloud_liquid_water_content,125.0,1.980715439158574e-12,6.1854956309320564e-12
r2p8_w256_di16,4,1696,specific_cloud_liquid_water_content,150.0,2.2718102831329924e-12,5.931054501158998e-12
r2p8_w256_di16,4,1696,specific_cloud_liquid_water_content,175.0,2.7887149269078502e-12,4.6403353864879685e-12
r2p8_w256_di16,4,1696,specific_cloud_liquid_water_content,200.0,3.3221211096406432e-12,5.562683773122794e-12
r2p8_w256_di16,4,1696,specific_cloud_liquid_water_content,225.0,2.8765502800703413e-12,3.848106322094242e-12
r2p8_w256_di16,4,1696,specific_cloud_liquid_water_content,250.0,3.164678334531436e-12,4.569545238570111e-12
r2p8_w256_di16,4,1696,specific_cloud_liquid_water_content,300.0,5.122975064937647e-12,6.622373504383435e-12
r2p8_w256_di16,4,1696,specific_cloud_liquid_water_content,350.0,7.957461985959718e-12,1.0501210465224198e-11
r2p8_w256_di16,4,1696,specific_cloud_liquid_water_content,400.0,1.552316402925363e-11,1.9510797686450472e-11
r2p8_w256_di16,4,1696,specific_cloud_liquid_water_content,450.0,3.5263638976948825e-11,4.0680636148269114e-11
r2p8_w256_di16,4,1696,specific_cloud_liquid_water_content,500.0,7.745687769108952e-11,8.694056374262268e-11
r2p8_w256_di16,4,1696,specific_cloud_liquid_water_content,550.0,1.3065076468198478e-10,1.3713745867702616e-10
r2p8_w256_di16,4,1696,specific_cloud_liquid_water_content,600.0,1.0494442934458747e-10,1.1457989014915724e-10
r2p8_w256_di16,4,1696,specific_cloud_liquid_water_content,650.0,1.0600061239225198e-10,1.1523269092937047e-10
r2p8_w256_di16,4,1696,specific_cloud_liquid_water_content,700.0,1.2998984417027117e-10,1.4029616025147824e-10
r2p8_w256_di16,4,1696,specific_cloud_liquid_water_content,750.0,1.6661817846583605e-10,1.7980429634212618e-10
r2p8_w256_di16,4,1696,specific_cloud_liquid_water_content,775.0,1.8760434774014486e-10,2.05611866927276e-10
r2p8_w256_di16,4,1696,specific_cloud_liquid_water_content,800.0,2.1662372748966472e-10,2.771702737599993e-10
r2p8_w256_di16,4,1696,specific_cloud_liquid_water_content,825.0,2.838498005084331e-10,3.7534043849312313e-10
r2p8_w256_di16,4,1696,specific_cloud_liquid_water_content,850.0,3.367170732005296e-10,5.775655720581458e-10
r2p8_w256_di16,4,1696,specific_cloud_liquid_water_content,875.0,3.45171796013947e-10,8.164715533294971e-10
r2p8_w256_di16,4,1696,specific_cloud_liquid_water_content,900.0,3.08558149439639e-10,7.699481943192872e-10
r2p8_w256_di16,4,1696,specific_cloud_liquid_water_content,925.0,2.4837554240315123e-10,4.054905421553877e-10
r2p8_w256_di16,4,1696,specific_cloud_liquid_water_content,950.0,1.717761228553055e-10,4.0402810190630407e-10
r2p8_w256_di16,4,1696,specific_cloud_liquid_water_content,975.0,1.0367759170511923e-10,2.738839155278704e-10
r2p8_w256_di16,4,1696,specific_cloud_liquid_water_content,1000.0,6.08969232715158e-11,8.594312994898793e-11
r2p8_w256_di16,5,2120,temperature,1.0,75.19899358061171,306.39269846493437
r2p8_w256_di16,5,2120,temperature,2.0,49.46142185905955,745.752963036606
r2p8_w256_di16,5,2120,temperature,3.0,32.390100264139605,942.3085853183393
r2p8_w256_di16,5,2120,temperature,5.0,18.356825226852575,720.0279890447138
r2p8_w256_di16,5,2120,temperature,7.0,12.234180402919598,509.6322378466629
r2p8_w256_di16,5,2120,temperature,10.0,6.932305318301486,348.74155235683793
r2p8_w256_di16,5,2120,temperature,20.0,5.231110039609405,46.52800465482207
r2p8_w256_di16,5,2120,temperature,30.0,3.8718095885928965,5.139637072225616
r2p8_w256_di16,5,2120,temperature,50.0,0.38092296676537424,31.369707738083253
r2p8_w256_di16,5,2120,temperature,70.0,0.37079606127902814,3.6808912077310567
r2p8_w256_di16,5,2120,temperature,100.0,0.2558116016416615,1.624583663563548
r2p8_w256_di16,5,2120,temperature,125.0,0.16940880641597242,1.5737331383826396
r2p8_w256_di16,5,2120,temperature,150.0,0.1361507817232322,0.601480292516066
r2p8_w256_di16,5,2120,temperature,175.0,0.12455395877975778,0.3159164350364626
r2p8_w256_di16,5,2120,temperature,200.0,0.12989476659556026,0.19268869005937347
r2p8_w256_di16,5,2120,temperature,225.0,0.13519545711090475,0.20582921850107788
r2p8_w256_di16,5,2120,temperature,250.0,0.13230877116680964,0.18872274229002162
r2p8_w256_di16,5,2120,temperature,300.0,0.12216572812230317,0.17900259826601167
r2p8_w256_di16,5,2120,temperature,350.0,0.11342368134108606,0.16545395591005016
r2p8_w256_di16,5,2120,temperature,400.0,0.11115286237595418,0.14051023262370493
r2p8_w256_di16,5,2120,temperature,450.0,0.11125911449136602,0.13507764387581356
r2p8_w256_di16,5,2120,temperature,500.0,0.11108228455192035,0.13389603453608312
r2p8_w256_di16,5,2120,temperature,550.0,0.11616847624176556,0.14361716845805703
r2p8_w256_di16,5,2120,temperature,600.0,0.12294365673028317,0.1532883226154596
r2p8_w256_di16,5,2120,temperature,650.0,0.13241656982304714,0.1706356710891953
r2p8_w256_di16,5,2120,temperature,700.0,0.14335038165251415,0.1790622746719118
r2p8_w256_di16,5,2120,temperature,750.0,0.16344922613544563,0.20516531131521534
r2p8_w256_di16,5,2120,temperature,775.0,0.17411779215450549,0.20437689857794247
r2p8_w256_di16,5,2120,temperature,800.0,0.1904199641799599,0.24789716761136793
r2p8_w256_di16,5,2120,temperature,825.0,0.21654968975540698,0.2801654664101879
r2p8_w256_di16,5,2120,temperature,850.0,0.23338040444244634,0.3466654448574761
r2p8_w256_di16,5,2120,temperature,875.0,0.2383985525041921,0.3859413778249341
r2p8_w256_di16,5,2120,temperature,900.0,0.23817769453902424,0.3303584738285681
r2p8_w256_di16,5,2120,temperature,925.0,0.24131919994591847,0.3251089116859272
r2p8_w256_di16,5,2120,temperature,950.0,0.25338859005072684,0.34241979906649117
r2p8_w256_di16,5,2120,temperature,975.0,0.28011338818319065,0.3696499696711904
r2p8_w256_di16,5,2120,temperature,1000.0,0.29223923702625065,0.4117183174873955
r2p8_w256_di16,5,2120,geopotential,1.0,904225144.566323,28232499.529896908
r2p8_w256_di16,5,2120,geopotential,2.0,421705871.6151203,5370741.1604811
r2p8_w256_di16,5,2120,geopotential,3.0,239814309.2783505,2956803.8223367697
r2p8_w256_di16,5,2120,geopotential,5.0,90220112.5718213,1439326.92959622
r2p8_w256_di16,5,2120,geopotential,7.0,35922425.003436424,630280.833483677
r2p8_w256_di16,5,2120,geopotential,10.0,7552648.180412371,269802.4525128866
r2p8_w256_di16,5,2120,geopotential,20.0,1870461.121821306,762304.4582474227
r2p8_w256_di16,5,2120,geopotential,30.0,3139592.8699312713,417054.7939647766
r2p8_w256_di16,5,2120,geopotential,50.0,3545.1752452312876,61057.279134450175
r2p8_w256_di16,5,2120,geopotential,70.0,3058.496623308634,52783.65255449957
r2p8_w256_di16,5,2120,geopotential,100.0,1947.3920830900317,4056.221576661834
r2p8_w256_di16,5,2120,geopotential,125.0,1600.7544679412317,2237.7859313755102
r2p8_w256_di16,5,2120,geopotential,150.0,1447.6305559610582,1796.0900320990388
r2p8_w256_di16,5,2120,geopotential,175.0,1401.25583080803,2078.1152854683473
r2p8_w256_di16,5,2120,geopotential,200.0,1392.0184857240656,2699.533497016618
r2p8_w256_di16,5,2120,geopotential,225.0,1334.66822119644,2443.564097317306
r2p8_w256_di16,5,2120,geopotential,250.0,1327.4334120707824,1871.1035880282163
r2p8_w256_di16,5,2120,geopotential,300.0,1326.4102626734993,1803.6238792183474
r2p8_w256_di16,5,2120,geopotential,350.0,1262.2029262057695,2074.5438288632945
r2p8_w256_di16,5,2120,geopotential,400.0,1164.8296497043466,1560.7953723186479
r2p8_w256_di16,5,2120,geopotential,450.0,1068.8698042512349,1546.5789346072272
r2p8_w256_di16,5,2120,geopotential,500.0,984.3614905078796,1335.4299943537237
r2p8_w256_di16,5,2120,geopotential,550.0,916.9645822636451,1230.304358036002
r2p8_w256_di16,5,2120,geopotential,600.0,874.5392489403794,1155.6222775803399
r2p8_w256_di16,5,2120,geopotential,650.0,845.6806461714388,1138.558756762108
r2p8_w256_di16,5,2120,geopotential,700.0,839.1996944886303,1173.7180310855617
r2p8_w256_di16,5,2120,geopotential,750.0,838.9861821859563,1162.4418537991974
r2p8_w256_di16,5,2120,geopotential,775.0,849.8817782372544,1187.0258196329332
r2p8_w256_di16,5,2120,geopotential,800.0,859.8848000018457,1194.0744882275558
r2p8_w256_di16,5,2120,geopotential,825.0,876.5115020856824,1212.4947969102368
r2p8_w256_di16,5,2120,geopotential,850.0,896.7007591011597,1281.9667576530956
r2p8_w256_di16,5,2120,geopotential,875.0,920.5010710306593,1340.9905097253543
r2p8_w256_di16,5,2120,geopotential,900.0,960.3472132731958,1395.390162223475
r2p8_w256_di16,5,2120,geopotential,925.0,1007.6959030937903,1476.9250752137698
r2p8_w256_di16,5,2120,geopotential,950.0,1060.872597857603,1617.949541921714
r2p8_w256_di16,5,2120,geopotential,975.0,1143.3865640017584,1839.447021484375
r2p8_w256_di16,5,2120,geopotential,1000.0,1260.156984435406,2379.1663585964347
r2p8_w256_di16,5,2120,u_component_of_wind,1.0,722.9386758601133,1485.7548719897713
r2p8_w256_di16,5,2120,u_component_of_wind,2.0,455.2801186682842,643.5074866645524
r2p8_w256_di16,5,2120,u_component_of_wind,3.0,285.6802493013467,410.1379883756343
r2p8_w256_di16,5,2120,u_component_of_wind,5.0,139.57897599472622,185.25577747567823
r2p8_w256_di16,5,2120,u_component_of_wind,7.0,94.83603440379768,122.70883459766296
r2p8_w256_di16,5,2120,u_component_of_wind,10.0,68.12114248111895,104.57065016494174
r2p8_w256_di16,5,2120,u_component_of_wind,20.0,26.779242006282217,47.92458184101328
r2p8_w256_di16,5,2120,u_component_of_wind,30.0,26.19292216612301,34.85512032131968
r2p8_w256_di16,5,2120,u_component_of_wind,50.0,1.1315817461390676,8.258488898916342
r2p8_w256_di16,5,2120,u_component_of_wind,70.0,1.12226303430767,2.2268375721993725
r2p8_w256_di16,5,2120,u_component_of_wind,100.0,1.3048216249115279,2.782747177078142
r2p8_w256_di16,5,2120,u_component_of_wind,125.0,1.4188450351613493,2.2634721579010955
r2p8_w256_di16,5,2120,u_component_of_wind,150.0,1.4963557155271576,2.3570357960933674
r2p8_w256_di16,5,2120,u_component_of_wind,175.0,1.5222772715427622,2.265615554937382
r2p8_w256_di16,5,2120,u_component_of_wind,200.0,1.596340423883851,2.668844644392479
r2p8_w256_di16,5,2120,u_component_of_wind,225.0,1.7501107596859489,2.6067550260176775
r2p8_w256_di16,5,2120,u_component_of_wind,250.0,1.88050915801648,2.719260501861572
r2p8_w256_di16,5,2120,u_component_of_wind,300.0,1.9726522819283083,3.4301163009761537
r2p8_w256_di16,5,2120,u_component_of_wind,350.0,1.807396195352692,3.6119730710163966
r2p8_w256_di16,5,2120,u_component_of_wind,400.0,1.59124540152009,2.2792977428927865
r2p8_w256_di16,5,2120,u_component_of_wind,450.0,1.4034066351418644,1.9169570635274513
r2p8_w256_di16,5,2120,u_component_of_wind,500.0,1.2501135787603372,1.5477496288076709
r2p8_w256_di16,5,2120,u_component_of_wind,550.0,1.1626420173448386,1.3531680108755315
r2p8_w256_di16,5,2120,u_component_of_wind,600.0,1.0861500463125222,1.2454073799434806
r2p8_w256_di16,5,2120,u_component_of_wind,650.0,1.0444742619786476,1.4164714248729326
r2p8_w256_di16,5,2120,u_component_of_wind,700.0,1.003151554831934,1.3136495547605953
r2p8_w256_di16,5,2120,u_component_of_wind,750.0,0.9663509646232186,1.0959007855133502
r2p8_w256_di16,5,2120,u_component_of_wind,775.0,0.9445383881785206,1.1175716356313516
r2p8_w256_di16,5,2120,u_component_of_wind,800.0,0.92787974003664,1.0765891567947938
r2p8_w256_di16,5,2120,u_component_of_wind,825.0,0.9099692950543669,1.0734805579857318
r2p8_w256_di16,5,2120,u_component_of_wind,850.0,0.8807123280472772,1.0353265035603054
r2p8_w256_di16,5,2120,u_component_of_wind,875.0,0.8459510380050161,1.0178755121132763
r2p8_w256_di16,5,2120,u_component_of_wind,900.0,0.8174166316838608,1.0019323942997203
r2p8_w256_di16,5,2120,u_component_of_wind,925.0,0.8008179622417463,0.993106612675788
r2p8_w256_di16,5,2120,u_component_of_wind,950.0,0.7643924616456441,0.9938979262338881
r2p8_w256_di16,5,2120,u_component_of_wind,975.0,0.679763151218801,0.9324053611542351
r2p8_w256_di16,5,2120,u_component_of_wind,1000.0,0.5664272328627479,0.8645646587679886
r2p8_w256_di16,5,2120,v_component_of_wind,1.0,119.05225657564668,137.7613485224878
r2p8_w256_di16,5,2120,v_component_of_wind,2.0,72.77250083844686,90.8164158168937
r2p8_w256_di16,5,2120,v_component_of_wind,3.0,52.03747801108868,71.03690813726575
r2p8_w256_di16,5,2120,v_component_of_wind,5.0,32.71310249145088,43.99174788039165
r2p8_w256_di16,5,2120,v_component_of_wind,7.0,24.73936256133404,32.52015648674719
r2p8_w256_di16,5,2120,v_component_of_wind,10.0,17.121713023497065,22.353271100938933
r2p8_w256_di16,5,2120,v_component_of_wind,20.0,9.852611001660325,12.146107435718026
r2p8_w256_di16,5,2120,v_component_of_wind,30.0,8.196863597856764,11.170800618699326
r2p8_w256_di16,5,2120,v_component_of_wind,50.0,1.1579218097159134,5.291724840799968
r2p8_w256_di16,5,2120,v_component_of_wind,70.0,1.2083303110706027,35.68579257427622
r2p8_w256_di16,5,2120,v_component_of_wind,100.0,1.358649160648949,3.860300181247934
r2p8_w256_di16,5,2120,v_component_of_wind,125.0,1.464807457694483,3.766619985292048
r2p8_w256_di16,5,2120,v_component_of_wind,150.0,1.4900461818754058,2.981784342818244
r2p8_w256_di16,5,2120,v_component_of_wind,175.0,1.4851046708850926,2.292504407040442
r2p8_w256_di16,5,2120,v_component_of_wind,200.0,1.5519517937067038,2.0890446715338533
r2p8_w256_di16,5,2120,v_component_of_wind,225.0,1.7551270650424498,2.635157255126848
r2p8_w256_di16,5,2120,v_component_of_wind,250.0,1.9538696924845378,3.4425700744812433
r2p8_w256_di16,5,2120,v_component_of_wind,300.0,2.199929283328892,4.057698817761084
r2p8_w256_di16,5,2120,v_component_of_wind,350.0,2.0805937891563597,3.4382876166773007
r2p8_w256_di16,5,2120,v_component_of_wind,400.0,1.842572056304958,2.5142516166483824
r2p8_w256_di16,5,2120,v_component_of_wind,450.0,1.6110221734161638,2.215972588971718
r2p8_w256_di16,5,2120,v_component_of_wind,500.0,1.4217242776323429,1.8473106584188455
r2p8_w256_di16,5,2120,v_component_of_wind,550.0,1.3090241281027646,1.5984504434251294
r2p8_w256_di16,5,2120,v_component_of_wind,600.0,1.2139677363163008,1.4957974489611858
r2p8_w256_di16,5,2120,v_component_of_wind,650.0,1.158326429722645,1.6373545769563655
r2p8_w256_di16,5,2120,v_component_of_wind,700.0,1.1124399000017093,1.3821002739811272
r2p8_w256_di16,5,2120,v_component_of_wind,750.0,1.0738952532257002,1.349579856035226
r2p8_w256_di16,5,2120,v_component_of_wind,775.0,1.0539147950939296,1.444691347174628
r2p8_w256_di16,5,2120,v_component_of_wind,800.0,1.0374182451221952,1.6335023288464627
r2p8_w256_di16,5,2120,v_component_of_wind,825.0,1.0209088774071526,1.413119663897249
r2p8_w256_di16,5,2120,v_component_of_wind,850.0,0.9962723830311568,1.3949126433670727
r2p8_w256_di16,5,2120,v_component_of_wind,875.0,0.9674795301099823,1.3496031923392384
r2p8_w256_di16,5,2120,v_component_of_wind,900.0,0.9479510768582321,1.2710000531779941
r2p8_w256_di16,5,2120,v_component_of_wind,925.0,0.9261941030263081,1.2143026224116689
r2p8_w256_di16,5,2120,v_component_of_wind,950.0,0.8840874612126564,1.1804472990462052
r2p8_w256_di16,5,2120,v_component_of_wind,975.0,0.7781730204513393,1.1392840347748852
r2p8_w256_di16,5,2120,v_component_of_wind,1000.0,0.6346544354846797,0.913470287421315
r2p8_w256_di16,5,2120,specific_humidity,1.0,7.979712329664615e-13,1.1376538190038665e-13
r2p8_w256_di16,5,2120,specific_humidity,2.0,5.29086877704512e-13,4.6789473532609615e-14
r2p8_w256_di16,5,2120,specific_humidity,3.0,3.6428078088250586e-13,3.199478269875516e-14
r2p8_w256_di16,5,2120,specific_humidity,5.0,1.8613657648499995e-13,6.88080273106936e-14
r2p8_w256_di16,5,2120,specific_humidity,7.0,1.1637544761544083e-13,1.1647026105350966e-13
r2p8_w256_di16,5,2120,specific_humidity,10.0,6.511209778552283e-14,1.8250704159606683e-13
r2p8_w256_di16,5,2120,specific_humidity,20.0,1.788848140050651e-14,1.7568727371659204e-13
r2p8_w256_di16,5,2120,specific_humidity,30.0,1.002146847301838e-14,2.879076908119732e-14
r2p8_w256_di16,5,2120,specific_humidity,50.0,1.5086202651576535e-16,1.1002759906964553e-13
r2p8_w256_di16,5,2120,specific_humidity,70.0,6.555352921912525e-16,1.7097735937249755e-14
r2p8_w256_di16,5,2120,specific_humidity,100.0,7.841293617331244e-15,1.9571543340383953e-14
r2p8_w256_di16,5,2120,specific_humidity,125.0,5.6395601411281255e-14,1.6201550340686127e-13
r2p8_w256_di16,5,2120,specific_humidity,150.0,4.4888748201515315e-13,1.3867185087020238e-12
r2p8_w256_di16,5,2120,specific_humidity,175.0,3.1129370728082507e-12,7.728145762399088e-12
r2p8_w256_di16,5,2120,specific_humidity,200.0,1.7224567795719864e-11,3.4292490491961205e-11
r2p8_w256_di16,5,2120,specific_humidity,225.0,7.266019820229885e-11,1.1945904294400563e-10
r2p8_w256_di16,5,2120,specific_humidity,250.0,2.260142254336237e-10,4.016103191510858e-10
r2p8_w256_di16,5,2120,specific_humidity,300.0,1.1943600377511298e-09,2.955253279814818e-09
r2p8_w256_di16,5,2120,specific_humidity,350.0,4.1034687231203145e-09,8.04102597504291e-09
r2p8_w256_di16,5,2120,specific_humidity,400.0,1.0218196281929792e-08,2.040269299670596e-08
r2p8_w256_di16,5,2120,specific_humidity,450.0,2.1221508844362654e-08,3.1854744594225456e-08
r2p8_w256_di16,5,2120,specific_humidity,500.0,3.633391267640685e-08,4.787784540602955e-08
r2p8_w256_di16,5,2120,specific_humidity,550.0,5.825099867052357e-08,7.13199339994902e-08
r2p8_w256_di16,5,2120,specific_humidity,600.0,7.987532751446492e-08,1.1019716311597522e-07
r2p8_w256_di16,5,2120,specific_humidity,650.0,1.1199283436752987e-07,1.5551261634254217e-07
r2p8_w256_di16,5,2120,specific_humidity,700.0,1.436713131456084e-07,2.1904109301101432e-07
r2p8_w256_di16,5,2120,specific_humidity,750.0,1.7886858791580598e-07,2.5079755759018575e-07
r2p8_w256_di16,5,2120,specific_humidity,775.0,1.9098260635633102e-07,2.5165798452538485e-07
r2p8_w256_di16,5,2120,specific_humidity,800.0,2.0336908329278867e-07,2.6773729847534243e-07
r2p8_w256_di16,5,2120,specific_humidity,825.0,2.1300108063225765e-07,2.8030739589709257e-07
r2p8_w256_di16,5,2120,specific_humidity,850.0,2.108220350025642e-07,2.791870982554963e-07
r2p8_w256_di16,5,2120,specific_humidity,875.0,1.9530405060497688e-07,2.5783605349221986e-07
r2p8_w256_di16,5,2120,specific_humidity,900.0,1.7737926227155216e-07,2.2653030205133744e-07
r2p8_w256_di16,5,2120,specific_humidity,925.0,1.493074445703311e-07,1.8411886456757716e-07
r2p8_w256_di16,5,2120,specific_humidity,950.0,1.1990993478272445e-07,1.5188239151496316e-07
r2p8_w256_di16,5,2120,specific_humidity,975.0,1.1499239043863894e-07,1.3884700256648482e-07
r2p8_w256_di16,5,2120,specific_humidity,1000.0,1.1164597994239398e-07,1.4350351664726293e-07
r2p8_w256_di16,5,2120,specific_cloud_ice_water_content,1.0,2.0656094913948557e-12,2.4954976253626717e-12
r2p8_w256_di16,5,2120,specific_cloud_ice_water_content,2.0,2.0234545277697125e-12,2.476571906397684e-12
r2p8_w256_di16,5,2120,specific_cloud_ice_water_content,3.0,2.0223645892362894e-12,2.4838538020776284e-12
r2p8_w256_di16,5,2120,specific_cloud_ice_water_content,5.0,2.00482062520991e-12,2.482859033991234e-12
r2p8_w256_di16,5,2120,specific_cloud_ice_water_content,7.0,2.0152753867592816e-12,2.4847393035984386e-12
r2p8_w256_di16,5,2120,specific_cloud_ice_water_content,10.0,2.037115150627534e-12,2.478705849507005e-12
r2p8_w256_di16,5,2120,specific_cloud_ice_water_content,20.0,1.436444092610472e-12,1.8364486381039016e-12
r2p8_w256_di16,5,2120,specific_cloud_ice_water_content,30.0,1.0323275304599433e-12,1.3968930307409132e-12
r2p8_w256_di16,5,2120,specific_cloud_ice_water_content,50.0,6.04867116940882e-13,1.1045282827439685e-12
r2p8_w256_di16,5,2120,specific_cloud_ice_water_content,70.0,5.007802197102933e-13,8.95496424155928e-13
r2p8_w256_di16,5,2120,specific_cloud_ice_water_content,100.0,1.41792414577202e-12,2.0741595501890543e-12
r2p8_w256_di16,5,2120,specific_cloud_ice_water_content,125.0,7.433379552119128e-12,8.556079380337889e-12
r2p8_w256_di16,5,2120,specific_cloud_ice_water_content,150.0,2.0437429827850873e-11,2.269055390435031e-11
r2p8_w256_di16,5,2120,specific_cloud_ice_water_content,175.0,3.4651052583181316e-11,3.995772414381266e-11
r2p8_w256_di16,5,2120,specific_cloud_ice_water_content,200.0,4.9533701323312176e-11,6.154085816976002e-11
r2p8_w256_di16,5,2120,specific_cloud_ice_water_content,225.0,6.440855524445746e-11,9.056913699348363e-11
r2p8_w256_di16,5,2120,specific_cloud_ice_water_content,250.0,7.128898804799967e-11,1.2346977635605766e-10
r2p8_w256_di16,5,2120,specific_cloud_ice_water_content,300.0,6.805355274630973e-11,1.314823061328015e-10
r2p8_w256_di16,5,2120,specific_cloud_ice_water_content,350.0,6.064485854360536e-11,1.0045839523930664e-10
r2p8_w256_di16,5,2120,specific_cloud_ice_water_content,400.0,4.579369841041881e-11,6.496317684105419e-11
r2p8_w256_di16,5,2120,specific_cloud_ice_water_content,450.0,3.341729136034257e-11,4.4796978986641716e-11
r2p8_w256_di16,5,2120,specific_cloud_ice_water_content,500.0,2.3787024569424588e-11,3.0437309413284797e-11
r2p8_w256_di16,5,2120,specific_cloud_ice_water_content,550.0,1.584411670627491e-11,2.0090306767016623e-11
r2p8_w256_di16,5,2120,specific_cloud_ice_water_content,600.0,1.1052950666157134e-11,1.3805070832785218e-11
r2p8_w256_di16,5,2120,specific_cloud_ice_water_content,650.0,8.164465710032475e-12,1.0010912219885795e-11
r2p8_w256_di16,5,2120,specific_cloud_ice_water_content,700.0,6.09391010173955e-12,7.263590440269989e-12
r2p8_w256_di16,5,2120,specific_cloud_ice_water_content,750.0,4.78754874018024e-12,5.765334337991691e-12
r2p8_w256_di16,5,2120,specific_cloud_ice_water_content,775.0,4.713934288971145e-12,5.546460145136944e-12
r2p8_w256_di16,5,2120,specific_cloud_ice_water_content,800.0,4.707491983358201e-12,5.732493650014325e-12
r2p8_w256_di16,5,2120,specific_cloud_ice_water_content,825.0,4.550229323514479e-12,5.282440432239858e-12
r2p8_w256_di16,5,2120,specific_cloud_ice_water_content,850.0,3.961986983271616e-12,4.540306489136613e-12
r2p8_w256_di16,5,2120,specific_cloud_ice_water_content,875.0,3.203053258355219e-12,3.5550797107723166e-12
r2p8_w256_di16,5,2120,specific_cloud_ice_water_content,900.0,2.611289247265449e-12,3.123672028041003e-12
r2p8_w256_di16,5,2120,specific_cloud_ice_water_content,925.0,2.0978291394259484e-12,2.690872484265552e-12
r2p8_w256_di16,5,2120,specific_cloud_ice_water_content,950.0,1.5283444514611215e-12,2.0196200417942656e-12
r2p8_w256_di16,5,2120,specific_cloud_ice_water_content,975.0,1.052711194566144e-12,1.2651289975746332e-12
r2p8_w256_di16,5,2120,specific_cloud_ice_water_content,1000.0,8.760627932093284e-13,1.074454945029493e-12
r2p8_w256_di16,5,2120,specific_cloud_liquid_water_content,1.0,6.960850716230101e-12,1.1217234096766392e-11
r2p8_w256_di16,5,2120,specific_cloud_liquid_water_content,2.0,6.97905872942246e-12,1.1254023122677564e-11
r2p8_w256_di16,5,2120,specific_cloud_liquid_water_content,3.0,6.894158364596004e-12,1.1224689043482655e-11
r2p8_w256_di16,5,2120,specific_cloud_liquid_water_content,5.0,6.959709655962159e-12,1.1290530670926824e-11
r2p8_w256_di16,5,2120,specific_cloud_liquid_water_content,7.0,7.049454723725454e-12,1.128038920863393e-11
r2p8_w256_di16,5,2120,specific_cloud_liquid_water_content,10.0,6.904741347396527e-12,1.1180851288249802e-11
r2p8_w256_di16,5,2120,specific_cloud_liquid_water_content,20.0,5.3435425763698175e-12,8.512344435190793e-12
r2p8_w256_di16,5,2120,specific_cloud_liquid_water_content,30.0,3.906649930766201e-12,6.845850464819394e-12
r2p8_w256_di16,5,2120,specific_cloud_liquid_water_content,50.0,3.665392761854649e-12,1.0336288197657666e-11
r2p8_w256_di16,5,2120,specific_cloud_liquid_water_content,70.0,2.4087816302428625e-12,1.2071324159925612e-11
r2p8_w256_di16,5,2120,specific_cloud_liquid_water_content,100.0,2.305795471391585e-12,8.856145145278102e-12
r2p8_w256_di16,5,2120,specific_cloud_liquid_water_content,125.0,1.980715439158574e-12,5.209052155887098e-12
r2p8_w256_di16,5,2120,specific_cloud_liquid_water_content,150.0,2.2718102831329924e-12,5.718750857075936e-12
r2p8_w256_di16,5,2120,specific_cloud_liquid_water_content,175.0,2.7887149269078502e-12,4.612247674813992e-12
r2p8_w256_di16,5,2120,specific_cloud_liquid_water_content,200.0,3.3221211096406432e-12,5.537429010041503e-12
r2p8_w256_di16,5,2120,specific_cloud_liquid_water_content,225.0,2.8765502800703413e-12,3.899727217778675e-12
r2p8_w256_di16,5,2120,specific_cloud_liquid_water_content,250.0,3.164678334531436e-12,4.7184639503274354e-12
r2p8_w256_di16,5,2120,specific_cloud_liquid_water_content,300.0,5.122975064937647e-12,6.7099857806016955e-12
r2p8_w256_di16,5,2120,specific_cloud_liquid_water_content,350.0,7.957461985959718e-12,1.0393402365422393e-11
r2p8_w256_di16,5,2120,specific_cloud_liquid_water_content,400.0,1.552316402925363e-11,1.989744303360895e-11
r2p8_w256_di16,5,2120,specific_cloud_liquid_water_content,450.0,3.5263638976948825e-11,4.108658709647913e-11
r2p8_w256_di16,5,2120,specific_cloud_liquid_water_content,500.0,7.745687769108952e-11,8.761126714570994e-11
r2p8_w256_di16,5,2120,specific_cloud_liquid_water_content,550.0,1.3065076468198478e-10,1.3882329036795707e-10
r2p8_w256_di16,5,2120,specific_cloud_liquid_water_content,600.0,1.0494442934458747e-10,1.1499964772455282e-10
r2p8_w256_di16,5,2120,specific_cloud_liquid_water_content,650.0,1.0600061239225198e-10,1.1602245680997519e-10
r2p8_w256_di16,5,2120,specific_cloud_liquid_water_content,700.0,1.2998984417027117e-10,1.42691732298815e-10
r2p8_w256_di16,5,2120,specific_cloud_liquid_water_content,750.0,1.6661817846583605e-10,1.807350138154347e-10
r2p8_w256_di16,5,2120,specific_cloud_liquid_water_content,775.0,1.8760434774014486e-10,2.045176586790211e-10
r2p8_w256_di16,5,2120,specific_cloud_liquid_water_content,800.0,2.1662372748966472e-10,2.787186336825208e-10
r2p8_w256_di16,5,2120,specific_cloud_liquid_water_content,825.0,2.838498005084331e-10,3.867892378854174e-10
r2p8_w256_di16,5,2120,specific_cloud_liquid_water_content,850.0,3.367170732005296e-10,6.532303187104008e-10
r2p8_w256_di16,5,2120,specific_cloud_liquid_water_content,875.0,3.45171796013947e-10,1.1292834452591116e-09
r2p8_w256_di16,5,2120,specific_cloud_liquid_water_content,900.0,3.08558149439639e-10,8.253223934742904e-10
r2p8_w256_di16,5,2120,specific_cloud_liquid_water_content,925.0,2.4837554240315123e-10,4.367326948347323e-10
r2p8_w256_di16,5,2120,specific_cloud_liquid_water_content,950.0,1.717761228553055e-10,4.554431239171013e-10
r2p8_w256_di16,5,2120,specific_cloud_liquid_water_content,975.0,1.0367759170511923e-10,2.6873958405122157e-10
r2p8_w256_di16,5,2120,specific_cloud_liquid_water_content,1000.0,6.08969232715158e-11,8.761162597236677e-11
r2p8_w256_di16,6,2544,temperature,1.0,75.19899358061171,328.2232423133457
r2p8_w256_di16,6,2544,temperature,2.0,49.46142185905955,798.6805354901605
r2p8_w256_di16,6,2544,temperature,3.0,32.390100264139605,1009.6950271658881
r2p8_w256_di16,6,2544,temperature,5.0,18.356825226852575,768.0360952265894
r2p8_w256_di16,6,2544,temperature,7.0,12.234180402919598,540.6960379793882
r2p8_w256_di16,6,2544,temperature,10.0,6.932305318301486,365.85095346981717
r2p8_w256_di16,6,2544,temperature,20.0,5.231110039609405,46.06657601320457
r2p8_w256_di16,6,2544,temperature,30.0,3.8718095885928965,5.713805645519925
r2p8_w256_di16,6,2544,temperature,50.0,0.38092296676537424,33.65516504897285
r2p8_w256_di16,6,2544,temperature,70.0,0.37079606127902814,5.201418602999134
r2p8_w256_di16,6,2544,temperature,100.0,0.2558116016416615,1.8801116345264657
r2p8_w256_di16,6,2544,temperature,125.0,0.16940880641597242,1.3570615403840631
r2p8_w256_di16,6,2544,temperature,150.0,0.1361507817232322,0.6594849348068237
r2p8_w256_di16,6,2544,temperature,175.0,0.12455395877975778,0.3161995438878069
r2p8_w256_di16,6,2544,temperature,200.0,0.12989476659556026,0.19408130888471897
r2p8_w256_di16,6,2544,temperature,225.0,0.13519545711090475,0.21737938787519318
r2p8_w256_di16,6,2544,temperature,250.0,0.13230877116680964,0.1995829397153199
r2p8_w256_di16,6,2544,temperature,300.0,0.12216572812230317,0.20521798859961662
r2p8_w256_di16,6,2544,temperature,350.0,0.11342368134108606,0.16825394033873614
r2p8_w256_di16,6,2544,temperature,400.0,0.11115286237595418,0.14376384241576867
r2p8_w256_di16,6,2544,temperature,450.0,0.11125911449136602,0.13515804822195027
r2p8_w256_di16,6,2544,temperature,500.0,0.11108228455192035,0.13383755053031895
r2p8_w256_di16,6,2544,temperature,550.0,0.11616847624176556,0.14137197972572957
r2p8_w256_di16,6,2544,temperature,600.0,0.12294365673028317,0.15581085585134546
r2p8_w256_di16,6,2544,temperature,650.0,0.13241656982304714,0.16901241443616008
r2p8_w256_di16,6,2544,temperature,700.0,0.14335038165251415,0.17850027346529093
r2p8_w256_di16,6,2544,temperature,750.0,0.16344922613544563,0.2008763840927701
r2p8_w256_di16,6,2544,temperature,775.0,0.17411779215450549,0.20304914522416811
r2p8_w256_di16,6,2544,temperature,800.0,0.1904199641799599,0.26010493498897225
r2p8_w256_di16,6,2544,temperature,825.0,0.21654968975540698,0.28744087326772433
r2p8_w256_di16,6,2544,temperature,850.0,0.23338040444244634,0.3593901505789806
r2p8_w256_di16,6,2544,temperature,875.0,0.2383985525041921,0.39578848085862256
r2p8_w256_di16,6,2544,temperature,900.0,0.23817769453902424,0.3480412492842199
r2p8_w256_di16,6,2544,temperature,925.0,0.24131919994591847,0.33654323738465197
r2p8_w256_di16,6,2544,temperature,950.0,0.25338859005072684,0.3525528408612582
r2p8_w256_di16,6,2544,temperature,975.0,0.28011338818319065,0.377005073458878
r2p8_w256_di16,6,2544,temperature,1000.0,0.29223923702625065,0.43496922498306456
r2p8_w256_di16,6,2544,geopotential,1.0,904225144.566323,18482931.623367697
r2p8_w256_di16,6,2544,geopotential,2.0,421705871.6151203,3357984.83556701
r2p8_w256_di16,6,2544,geopotential,3.0,239814309.2783505,1746899.4534364261
r2p8_w256_di16,6,2544,geopotential,5.0,90220112.5718213,854488.1595360825
r2p8_w256_di16,6,2544,geopotential,7.0,35922425.003436424,429829.7271370275
r2p8_w256_di16,6,2544,geopotential,10.0,7552648.180412371,308464.7331292955
r2p8_w256_di16,6,2544,geopotential,20.0,1870461.121821306,714219.5290378007
r2p8_w256_di16,6,2544,geopotential,30.0,3139592.8699312713,330603.22684707906
r2p8_w256_di16,6,2544,geopotential,50.0,3545.1752452312876,58682.61439808849
r2p8_w256_di16,6,2544,geopotential,70.0,3058.496623308634,48627.6441580756
r2p8_w256_di16,6,2544,geopotential,100.0,1947.3920830900317,4027.5648674089884
r2p8_w256_di16,6,2544,geopotential,125.0,1600.7544679412317,2173.3780500798703
r2p8_w256_di16,6,2544,geopotential,150.0,1447.6305559610582,1868.992168287559
r2p8_w256_di16,6,2544,geopotential,175.0,1401.25583080803,3032.5205927163875
r2p8_w256_di16,6,2544,geopotential,200.0,1392.0184857240656,2459.3537265423647
r2p8_w256_di16,6,2544,geopotential,225.0,1334.66822119644,2140.2480162525503
r2p8_w256_di16,6,2544,geopotential,250.0,1327.4334120707824,1704.7302217568729
r2p8_w256_di16,6,2544,geopotential,300.0,1326.4102626734993,2124.8773659827375
r2p8_w256_di16,6,2544,geopotential,350.0,1262.2029262057695,1797.462510235449
r2p8_w256_di16,6,2544,geopotential,400.0,1164.8296497043466,1582.2574363892022
r2p8_w256_di16,6,2544,geopotential,450.0,1068.8698042512349,1472.4090794304393
r2p8_w256_di16,6,2544,geopotential,500.0,984.3614905078796,1345.9012255272096
r2p8_w256_di16,6,2544,geopotential,550.0,916.9645822636451,1261.7312442530472
r2p8_w256_di16,6,2544,geopotential,600.0,874.5392489403794,1211.2419511618073
r2p8_w256_di16,6,2544,geopotential,650.0,845.6806461714388,1231.4363438137618
r2p8_w256_di16,6,2544,geopotential,700.0,839.1996944886303,1202.3619534521988
r2p8_w256_di16,6,2544,geopotential,750.0,838.9861821859563,1238.5678959272982
r2p8_w256_di16,6,2544,geopotential,775.0,849.8817782372544,1264.7184799771128
r2p8_w256_di16,6,2544,geopotential,800.0,859.8848000018457,1245.2589910448212
r2p8_w256_di16,6,2544,geopotential,825.0,876.5115020856824,1283.7404773830137
r2p8_w256_di16,6,2544,geopotential,850.0,896.7007591011597,1347.0558229217004
r2p8_w256_di16,6,2544,geopotential,875.0,920.5010710306593,1397.8036757007087
r2p8_w256_di16,6,2544,geopotential,900.0,960.3472132731958,1446.4893184281707
r2p8_w256_di16,6,2544,geopotential,925.0,1007.6959030937903,1547.5466599716763
r2p8_w256_di16,6,2544,geopotential,950.0,1060.872597857603,1708.4716605589563
r2p8_w256_di16,6,2544,geopotential,975.0,1143.3865640017584,1988.4589661693246
r2p8_w256_di16,6,2544,geopotential,1000.0,1260.156984435406,2777.4889529303587
r2p8_w256_di16,6,2544,u_component_of_wind,1.0,722.9386758601133,1484.4074825745677
r2p8_w256_di16,6,2544,u_component_of_wind,2.0,455.2801186682842,635.4535119545009
r2p8_w256_di16,6,2544,u_component_of_wind,3.0,285.6802493013467,403.1172979610482
r2p8_w256_di16,6,2544,u_component_of_wind,5.0,139.57897599472622,201.10934408391054
r2p8_w256_di16,6,2544,u_component_of_wind,7.0,94.83603440379768,129.5845034412502
r2p8_w256_di16,6,2544,u_component_of_wind,10.0,68.12114248111895,102.65412745262749
r2p8_w256_di16,6,2544,u_component_of_wind,20.0,26.779242006282217,50.974908575733096
r2p8_w256_di16,6,2544,u_component_of_wind,30.0,26.19292216612301,36.70458781842104
r2p8_w256_di16,6,2544,u_component_of_wind,50.0,1.1315817461390676,5.189373404053888
r2p8_w256_di16,6,2544,u_component_of_wind,70.0,1.12226303430767,2.2456706187159745
r2p8_w256_di16,6,2544,u_component_of_wind,100.0,1.3048216249115279,4.043453205410148
r2p8_w256_di16,6,2544,u_component_of_wind,125.0,1.4188450351613493,2.6242720630160723
r2p8_w256_di16,6,2544,u_component_of_wind,150.0,1.4963557155271576,2.5305849717654723
r2p8_w256_di16,6,2544,u_component_of_wind,175.0,1.5222772715427622,2.5722020836630226
r2p8_w256_di16,6,2544,u_component_of_wind,200.0,1.596340423883851,2.3931437837299203
r2p8_w256_di16,6,2544,u_component_of_wind,225.0,1.7501107596859489,2.610967855191313
r2p8_w256_di16,6,2544,u_component_of_wind,250.0,1.88050915801648,2.7644491606971244
r2p8_w256_di16,6,2544,u_component_of_wind,300.0,1.9726522819283083,3.7480836206285404
r2p8_w256_di16,6,2544,u_component_of_wind,350.0,1.807396195352692,4.027834410192221
r2p8_w256_di16,6,2544,u_component_of_wind,400.0,1.59124540152009,2.4332768163320533
r2p8_w256_di16,6,2544,u_component_of_wind,450.0,1.4034066351418644,1.9451923447376265
r2p8_w256_di16,6,2544,u_component_of_wind,500.0,1.2501135787603372,1.5724233355309136
r2p8_w256_di16,6,2544,u_component_of_wind,550.0,1.1626420173448386,1.3790770370116348
r2p8_w256_di16,6,2544,u_component_of_wind,600.0,1.0861500463125222,1.2679363981145355
r2p8_w256_di16,6,2544,u_component_of_wind,650.0,1.0444742619786476,1.5196390541148759
r2p8_w256_di16,6,2544,u_component_of_wind,700.0,1.003151554831934,1.362837403009028
r2p8_w256_di16,6,2544,u_component_of_wind,750.0,0.9663509646232186,1.1091144051748452
r2p8_w256_di16,6,2544,u_component_of_wind,775.0,0.9445383881785206,1.1038477400733844
r2p8_w256_di16,6,2544,u_component_of_wind,800.0,0.92787974003664,1.0873753338335306
r2p8_w256_di16,6,2544,u_component_of_wind,825.0,0.9099692950543669,1.0719849203460405
r2p8_w256_di16,6,2544,u_component_of_wind,850.0,0.8807123280472772,1.044367879158033
r2p8_w256_di16,6,2544,u_component_of_wind,875.0,0.8459510380050161,1.0267864610321333
r2p8_w256_di16,6,2544,u_component_of_wind,900.0,0.8174166316838608,1.0191585336763833
r2p8_w256_di16,6,2544,u_component_of_wind,925.0,0.8008179622417463,1.024990225370807
r2p8_w256_di16,6,2544,u_component_of_wind,950.0,0.7643924616456441,1.0401034224074321
r2p8_w256_di16,6,2544,u_component_of_wind,975.0,0.679763151218801,0.9971262265726463
r2p8_w256_di16,6,2544,u_component_of_wind,1000.0,0.5664272328627479,0.9805967530024421
r2p8_w256_di16,6,2544,v_component_of_wind,1.0,119.05225657564668,134.2369242088082
r2p8_w256_di16,6,2544,v_component_of_wind,2.0,72.77250083844686,91.59868822130551
r2p8_w256_di16,6,2544,v_component_of_wind,3.0,52.03747801108868,73.49361524811316
r2p8_w256_di16,6,2544,v_component_of_wind,5.0,32.71310249145088,45.580698635979616
r2p8_w256_di16,6,2544,v_component_of_wind,7.0,24.73936256133404,33.77345725252866
r2p8_w256_di16,6,2544,v_component_of_wind,10.0,17.121713023497065,22.783134476179928
r2p8_w256_di16,6,2544,v_component_of_wind,20.0,9.852611001660325,11.578664044252376
r2p8_w256_di16,6,2544,v_component_of_wind,30.0,8.196863597856764,12.694035106016598
r2p8_w256_di16,6,2544,v_component_of_wind,50.0,1.1579218097159134,6.9308648676397056
r2p8_w256_di16,6,2544,v_component_of_wind,70.0,1.2083303110706027,39.85168409839119
r2p8_w256_di16,6,2544,v_component_of_wind,100.0,1.358649160648949,5.4983138505535845
r2p8_w256_di16,6,2544,v_component_of_wind,125.0,1.464807457694483,5.1106483484051894
r2p8_w256_di16,6,2544,v_component_of_wind,150.0,1.4900461818754058,3.11346240764631
r2p8_w256_di16,6,2544,v_component_of_wind,175.0,1.4851046708850926,2.254112496818464
r2p8_w256_di16,6,2544,v_component_of_wind,200.0,1.5519517937067038,2.2166238539817
r2p8_w256_di16,6,2544,v_component_of_wind,225.0,1.7551270650424498,2.780811460239371
r2p8_w256_di16,6,2544,v_component_of_wind,250.0,1.9538696924845378,3.830359596730917
r2p8_w256_di16,6,2544,v_component_of_wind,300.0,2.199929283328892,4.077427541431283
r2p8_w256_di16,6,2544,v_component_of_wind,350.0,2.0805937891563597,3.866800515676282
r2p8_w256_di16,6,2544,v_component_of_wind,400.0,1.842572056304958,2.6972104489598485
r2p8_w256_di16,6,2544,v_component_of_wind,450.0,1.6110221734161638,2.32937074068076
r2p8_w256_di16,6,2544,v_component_of_wind,500.0,1.4217242776323429,1.877648145800194
r2p8_w256_di16,6,2544,v_component_of_wind,550.0,1.3090241281027646,1.6135912366749086
r2p8_w256_di16,6,2544,v_component_of_wind,600.0,1.2139677363163008,1.5233776927403977
r2p8_w256_di16,6,2544,v_component_of_wind,650.0,1.158326429722645,1.5883256335438731
r2p8_w256_di16,6,2544,v_component_of_wind,700.0,1.1124399000017093,1.429166010483024
r2p8_w256_di16,6,2544,v_component_of_wind,750.0,1.0738952532257002,1.3626911865886544
r2p8_w256_di16,6,2544,v_component_of_wind,775.0,1.0539147950939296,1.40080820924228
r2p8_w256_di16,6,2544,v_component_of_wind,800.0,1.0374182451221952,1.5717530485690665
r2p8_w256_di16,6,2544,v_component_of_wind,825.0,1.0209088774071526,1.466053710442638
r2p8_w256_di16,6,2544,v_component_of_wind,850.0,0.9962723830311568,1.4351900280955732
r2p8_w256_di16,6,2544,v_component_of_wind,875.0,0.9674795301099823,1.3659573966285208
r2p8_w256_di16,6,2544,v_component_of_wind,900.0,0.9479510768582321,1.3428730071615107
r2p8_w256_di16,6,2544,v_component_of_wind,925.0,0.9261941030263081,1.2708806257477332
r2p8_w256_di16,6,2544,v_component_of_wind,950.0,0.8840874612126564,1.2224077458234177
r2p8_w256_di16,6,2544,v_component_of_wind,975.0,0.7781730204513393,1.1863247995933717
r2p8_w256_di16,6,2544,v_component_of_wind,1000.0,0.6346544354846797,0.9492661031251101
r2p8_w256_di16,6,2544,specific_humidity,1.0,7.979712329664615e-13,1.0403167029122064e-13
r2p8_w256_di16,6,2544,specific_humidity,2.0,5.29086877704512e-13,4.290659123585535e-14
r2p8_w256_di16,6,2544,specific_humidity,3.0,3.6428078088250586e-13,3.316908141510537e-14
r2p8_w256_di16,6,2544,specific_humidity,5.0,1.8613657648499995e-13,7.82231637251028e-14
r2p8_w256_di16,6,2544,specific_humidity,7.0,1.1637544761544083e-13,1.2982899672567581e-13
r2p8_w256_di16,6,2544,specific_humidity,10.0,6.511209778552283e-14,2.0090783978528328e-13
r2p8_w256_di16,6,2544,specific_humidity,20.0,1.788848140050651e-14,1.8948314626860784e-13
r2p8_w256_di16,6,2544,specific_humidity,30.0,1.002146847301838e-14,2.981421027840316e-14
r2p8_w256_di16,6,2544,specific_humidity,50.0,1.5086202651576535e-16,1.243050018487328e-13
r2p8_w256_di16,6,2544,specific_humidity,70.0,6.555352921912525e-16,1.0484986359341776e-14
r2p8_w256_di16,6,2544,specific_humidity,100.0,7.841293617331244e-15,1.5963475530467406e-14
r2p8_w256_di16,6,2544,specific_humidity,125.0,5.6395601411281255e-14,1.6053251122079975e-13
r2p8_w256_di16,6,2544,specific_humidity,150.0,4.4888748201515315e-13,1.3664295955199497e-12
r2p8_w256_di16,6,2544,specific_humidity,175.0,3.1129370728082507e-12,7.105660282379646e-12
r2p8_w256_di16,6,2544,specific_humidity,200.0,1.7224567795719864e-11,3.0831239639877405e-11
r2p8_w256_di16,6,2544,specific_humidity,225.0,7.266019820229885e-11,1.2676643286053988e-10
r2p8_w256_di16,6,2544,specific_humidity,250.0,2.260142254336237e-10,4.3869959578001757e-10
r2p8_w256_di16,6,2544,specific_humidity,300.0,1.1943600377511298e-09,2.800536218964244e-09
r2p8_w256_di16,6,2544,specific_humidity,350.0,4.1034687231203145e-09,8.30284707912995e-09
r2p8_w256_di16,6,2544,specific_humidity,400.0,1.0218196281929792e-08,2.1890467258798446e-08
r2p8_w256_di16,6,2544,specific_humidity,450.0,2.1221508844362654e-08,3.299894882829677e-08
r2p8_w256_di16,6,2544,specific_humidity,500.0,3.633391267640685e-08,4.920479487470052e-08
r2p8_w256_di16,6,2544,specific_humidity,550.0,5.825099867052357e-08,7.337810918486966e-08
r2p8_w256_di16,6,2544,specific_humidity,600.0,7.987532751446492e-08,1.1527112182071487e-07
r2p8_w256_di16,6,2544,specific_humidity,650.0,1.1199283436752987e-07,1.550274845727344e-07
r2p8_w256_di16,6,2544,specific_humidity,700.0,1.436713131456084e-07,2.1801607493097814e-07
r2p8_w256_di16,6,2544,specific_humidity,750.0,1.7886858791580598e-07,2.4375171432465515e-07
r2p8_w256_di16,6,2544,specific_humidity,775.0,1.9098260635633102e-07,2.614808193253882e-07
r2p8_w256_di16,6,2544,specific_humidity,800.0,2.0336908329278867e-07,2.8158994880968715e-07
r2p8_w256_di16,6,2544,specific_humidity,825.0,2.1300108063225765e-07,2.962526959394806e-07
r2p8_w256_di16,6,2544,specific_humidity,850.0,2.108220350025642e-07,2.92427535270168e-07
r2p8_w256_di16,6,2544,specific_humidity,875.0,1.9530405060497688e-07,2.599830950952985e-07
r2p8_w256_di16,6,2544,specific_humidity,900.0,1.7737926227155216e-07,2.3592685722179992e-07
r2p8_w256_di16,6,2544,specific_humidity,925.0,1.493074445703311e-07,1.8637308034458234e-07
r2p8_w256_di16,6,2544,specific_humidity,950.0,1.1990993478272445e-07,1.535073624582574e-07
r2p8_w256_di16,6,2544,specific_humidity,975.0,1.1499239043863894e-07,1.3550466098467012e-07
r2p8_w256_di16,6,2544,specific_humidity,1000.0,1.1164597994239398e-07,1.4349788982759598e-07
r2p8_w256_di16,6,2544,specific_cloud_ice_water_content,1.0,2.0656094913948557e-12,2.5303752471060263e-12
r2p8_w256_di16,6,2544,specific_cloud_ice_water_content,2.0,2.0234545277697125e-12,2.5385925317646817e-12
r2p8_w256_di16,6,2544,specific_cloud_ice_water_content,3.0,2.0223645892362894e-12,2.5512445806558686e-12
r2p8_w256_di16,6,2544,specific_cloud_ice_water_content,5.0,2.00482062520991e-12,2.5503500333867054e-12
r2p8_w256_di16,6,2544,specific_cloud_ice_water_content,7.0,2.0152753867592816e-12,2.5483790192618355e-12
r2p8_w256_di16,6,2544,specific_cloud_ice_water_content,10.0,2.037115150627534e-12,2.5371445460077546e-12
r2p8_w256_di16,6,2544,specific_cloud_ice_water_content,20.0,1.436444092610472e-12,1.9242069451774536e-12
r2p8_w256_di16,6,2544,specific_cloud_ice_water_content,30.0,1.0323275304599433e-12,1.5198745924056448e-12
r2p8_w256_di16,6,2544,specific_cloud_ice_water_content,50.0,6.04867116940882e-13,1.198100835591816e-12
r2p8_w256_di16,6,2544,specific_cloud_ice_water_content,70.0,5.007802197102933e-13,1.142012896479904e-12
r2p8_w256_di16,6,2544,specific_cloud_ice_water_content,100.0,1.41792414577202e-12,2.0917880970370415e-12
r2p8_w256_di16,6,2544,specific_cloud_ice_water_content,125.0,7.433379552119128e-12,8.648076159560463e-12
r2p8_w256_di16,6,2544,specific_cloud_ice_water_content,150.0,2.0437429827850873e-11,2.2758231113047146e-11
r2p8_w256_di16,6,2544,specific_cloud_ice_water_content,175.0,3.4651052583181316e-11,4.063107761659206e-11
r2p8_w256_di16,6,2544,specific_cloud_ice_water_content,200.0,4.9533701323312176e-11,6.361232361786334e-11
r2p8_w256_di16,6,2544,specific_cloud_ice_water_content,225.0,6.440855524445746e-11,9.503050791155984e-11
r2p8_w256_di16,6,2544,specific_cloud_ice_water_content,250.0,7.128898804799967e-11,1.3227036397725003e-10
r2p8_w256_di16,6,2544,specific_cloud_ice_water_content,300.0,6.805355274630973e-11,1.4218528186167176e-10
r2p8_w256_di16,6,2544,specific_cloud_ice_water_content,350.0,6.064485854360536e-11,1.0598725992878718e-10
r2p8_w256_di16,6,2544,specific_cloud_ice_water_content,400.0,4.579369841041881e-11,6.755180538892106e-11
r2p8_w256_di16,6,2544,specific_cloud_ice_water_content,450.0,3.341729136034257e-11,4.662149043110679e-11
r2p8_w256_di16,6,2544,specific_cloud_ice_water_content,500.0,2.3787024569424588e-11,3.126484342872903e-11
r2p8_w256_di16,6,2544,specific_cloud_ice_water_content,550.0,1.584411670627491e-11,2.0558370307167362e-11
r2p8_w256_di16,6,2544,specific_cloud_ice_water_content,600.0,1.1052950666157134e-11,1.4023213403778504e-11
r2p8_w256_di16,6,2544,specific_cloud_ice_water_content,650.0,8.164465710032475e-12,1.0374567324805207e-11
r2p8_w256_di16,6,2544,specific_cloud_ice_water_content,700.0,6.09391010173955e-12,7.386183629390164e-12
r2p8_w256_di16,6,2544,specific_cloud_ice_water_content,750.0,4.78754874018024e-12,5.826754532940722e-12
r2p8_w256_di16,6,2544,specific_cloud_ice_water_content,775.0,4.713934288971145e-12,5.60838424491597e-12
r2p8_w256_di16,6,2544,specific_cloud_ice_water_content,800.0,4.707491983358201e-12,5.740245087798254e-12
r2p8_w256_di16,6,2544,specific_cloud_ice_water_content,825.0,4.550229323514479e-12,5.364697995478063e-12
r2p8_w256_di16,6,2544,specific_cloud_ice_water_content,850.0,3.961986983271616e-12,4.677531413399912e-12
r2p8_w256_di16,6,2544,specific_cloud_ice_water_content,875.0,3.203053258355219e-12,3.6610925215528685e-12
r2p8_w256_di16,6,2544,specific_cloud_ice_water_content,900.0,2.611289247265449e-12,3.2320652551383168e-12
r2p8_w256_di16,6,2544,specific_cloud_ice_water_content,925.0,2.0978291394259484e-12,2.767591991092818e-12
r2p8_w256_di16,6,2544,specific_cloud_ice_water_content,950.0,1.5283444514611215e-12,2.033985979819517e-12
r2p8_w256_di16,6,2544,specific_cloud_ice_water_content,975.0,1.052711194566144e-12,1.2527831553575693e-12
r2p8_w256_di16,6,2544,specific_cloud_ice_water_content,1000.0,8.760627932093284e-13,1.1784586004214495e-12
r2p8_w256_di16,6,2544,specific_cloud_liquid_water_content,1.0,6.960850716230101e-12,1.1758962781395969e-11
r2p8_w256_di16,6,2544,specific_cloud_liquid_water_content,2.0,6.97905872942246e-12,1.1845096263973138e-11
r2p8_w256_di16,6,2544,specific_cloud_liquid_water_content,3.0,6.894158364596004e-12,1.1781606462546217e-11
r2p8_w256_di16,6,2544,specific_cloud_liquid_water_content,5.0,6.959709655962159e-12,1.1921965269835881e-11
r2p8_w256_di16,6,2544,specific_cloud_liquid_water_content,7.0,7.049454723725454e-12,1.1902416194085175e-11
r2p8_w256_di16,6,2544,specific_cloud_liquid_water_content,10.0,6.904741347396527e-12,1.1742963715897614e-11
r2p8_w256_di16,6,2544,specific_cloud_liquid_water_content,20.0,5.3435425763698175e-12,8.896951664679219e-12
r2p8_w256_di16,6,2544,specific_cloud_liquid_water_content,30.0,3.906649930766201e-12,7.315272147997347e-12
r2p8_w256_di16,6,2544,specific_cloud_liquid_water_content,50.0,3.665392761854649e-12,1.3842604542101632e-11
r2p8_w256_di16,6,2544,specific_cloud_liquid_water_content,70.0,2.4087816302428625e-12,1.3785060501215747e-11
r2p8_w256_di16,6,2544,specific_cloud_liquid_water_content,100.0,2.305795471391585e-12,1.1059725568185882e-11
r2p8_w256_di16,6,2544,specific_cloud_liquid_water_content,125.0,1.980715439158574e-12,7.260252076117767e-12
r2p8_w256_di16,6,2544,specific_cloud_liquid_water_content,150.0,2.2718102831329924e-12,5.8584626587087424e-12
r2p8_w256_di16,6,2544,specific_cloud_liquid_water_content,175.0,2.7887149269078502e-12,4.808412824254161e-12
r2p8_w256_di16,6,2544,specific_cloud_liquid_water_content,200.0,3.3221211096406432e-12,5.779563799553579e-12
r2p8_w256_di16,6,2544,specific_cloud_liquid_water_content,225.0,2.8765502800703413e-12,3.91503363948963e-12
r2p8_w256_di16,6,2544,specific_cloud_liquid_water_content,250.0,3.164678334531436e-12,4.889259919750574e-12
r2p8_w256_di16,6,2544,specific_cloud_liquid_water_content,300.0,5.122975064937647e-12,6.877613226031158e-12
r2p8_w256_di16,6,2544,specific_cloud_liquid_water_content,350.0,7.957461985959718e-12,1.0326165658455721e-11
r2p8_w256_di16,6,2544,specific_cloud_liquid_water_content,400.0,1.552316402925363e-11,2.0914083650398348e-11
r2p8_w256_di16,6,2544,specific_cloud_liquid_water_content,450.0,3.5263638976948825e-11,4.2300927583894274e-11
r2p8_w256_di16,6,2544,specific_cloud_liquid_water_content,500.0,7.745687769108952e-11,8.964135996588565e-11
r2p8_w256_di16,6,2544,specific_cloud_liquid_water_content,550.0,1.3065076468198478e-10,1.4206473260094913e-10
r2p8_w256_di16,6,2544,specific_cloud_liquid_water_content,600.0,1.0494442934458747e-10,1.171011659632864e-10
r2p8_w256_di16,6,2544,specific_cloud_liquid_water_content,650.0,1.0600061239225198e-10,1.1798057877638017e-10
r2p8_w256_di16,6,2544,specific_cloud_liquid_water_content,700.0,1.2998984417027117e-10,1.4428614362858303e-10
r2p8_w256_di16,6,2544,specific_cloud_liquid_water_content,750.0,1.6661817846583605e-10,1.8363432912026436e-10
r2p8_w256_di16,6,2544,specific_cloud_liquid_water_content,775.0,1.8760434774014486e-10,2.0739620110062815e-10
r2p8_w256_di16,6,2544,specific_cloud_liquid_water_content,800.0,2.1662372748966472e-10,2.9038116386427735e-10
r2p8_w256_di16,6,2544,specific_cloud_liquid_water_content,825.0,2.838498005084331e-10,3.995092277234778e-10
r2p8_w256_di16,6,2544,specific_cloud_liquid_water_content,850.0,3.367170732005296e-10,6.633543373632142e-10
r2p8_w256_di16,6,2544,specific_cloud_liquid_water_content,875.0,3.45171796013947e-10,1.143504945181824e-09
r2p8_w256_di16,6,2544,specific_cloud_liquid_water_content,900.0,3.08558149439639e-10,9.04632533296766e-10
r2p8_w256_di16,6,2544,specific_cloud_liquid_water_content,925.0,2.4837554240315123e-10,4.6244743149395955e-10
r2p8_w256_di16,6,2544,specific_cloud_liquid_water_content,950.0,1.717761228553055e-10,4.759170906353634e-10
r2p8_w256_di16,6,2544,specific_cloud_liquid_water_content,975.0,1.0367759170511923e-10,2.6018059111338703e-10
r2p8_w256_di16,6,2544,specific_cloud_liquid_water_content,1000.0,6.08969232715158e-11,8.65936527237155e-11
r2p8_w256_di32,0,0,temperature,1.0,75.19899358061171,75.19899358061171
r2p8_w256_di32,0,0,temperature,2.0,49.46142185905955,49.46142185905955
r2p8_w256_di32,0,0,temperature,3.0,32.390100264139605,32.390100264139605
r2p8_w256_di32,0,0,temperature,5.0,18.356825226852575,18.356825226852575
r2p8_w256_di32,0,0,temperature,7.0,12.234180402919598,12.234180402919598
r2p8_w256_di32,0,0,temperature,10.0,6.932305318301486,6.932305318301486
r2p8_w256_di32,0,0,temperature,20.0,5.231110039609405,5.231110039609405
r2p8_w256_di32,0,0,temperature,30.0,3.8718095885928965,3.8718095885928965
r2p8_w256_di32,0,0,temperature,50.0,0.38092296676537424,0.38092296676537424
r2p8_w256_di32,0,0,temperature,70.0,0.37079606127902814,0.37079606127902814
r2p8_w256_di32,0,0,temperature,100.0,0.2558116016416615,0.2558116016416615
r2p8_w256_di32,0,0,temperature,125.0,0.16940880641597242,0.16940880641597242
r2p8_w256_di32,0,0,temperature,150.0,0.1361507817232322,0.1361507817232322
r2p8_w256_di32,0,0,temperature,175.0,0.12455395877975778,0.12455395877975778
r2p8_w256_di32,0,0,temperature,200.0,0.12989476659556026,0.12989476659556026
r2p8_w256_di32,0,0,temperature,225.0,0.13519545711090475,0.13519545711090475
r2p8_w256_di32,0,0,temperature,250.0,0.13230877116680964,0.13230877116680964
r2p8_w256_di32,0,0,temperature,300.0,0.12216572812230317,0.12216572812230317
r2p8_w256_di32,0,0,temperature,350.0,0.11342368134108606,0.11342368134108606
r2p8_w256_di32,0,0,temperature,400.0,0.11115286237595418,0.11115286237595418
r2p8_w256_di32,0,0,temperature,450.0,0.11125911449136602,0.11125911449136602
r2p8_w256_di32,0,0,temperature,500.0,0.11108228455192035,0.11108228455192035
r2p8_w256_di32,0,0,temperature,550.0,0.11616847624176556,0.11616847624176556
r2p8_w256_di32,0,0,temperature,600.0,0.12294365673028317,0.12294365673028317
r2p8_w256_di32,0,0,temperature,650.0,0.13241656982304714,0.13241656982304714
r2p8_w256_di32,0,0,temperature,700.0,0.14335038165251415,0.14335038165251415
r2p8_w256_di32,0,0,temperature,750.0,0.16344922613544563,0.16344922613544563
r2p8_w256_di32,0,0,temperature,775.0,0.17411779215450549,0.17411779215450549
r2p8_w256_di32,0,0,temperature,800.0,0.1904199641799599,0.1904199641799599
r2p8_w256_di32,0,0,temperature,825.0,0.21654968975540698,0.21654968975540698
r2p8_w256_di32,0,0,temperature,850.0,0.23338040444244634,0.23338040444244634
r2p8_w256_di32,0,0,temperature,875.0,0.2383985525041921,0.2383985525041921
r2p8_w256_di32,0,0,temperature,900.0,0.23817769453902424,0.23817769453902424
r2p8_w256_di32,0,0,temperature,925.0,0.24131919994591847,0.24131919994591847
r2p8_w256_di32,0,0,temperature,950.0,0.25338859005072684,0.25338859005072684
r2p8_w256_di32,0,0,temperature,975.0,0.28011338818319065,0.28011338818319065
r2p8_w256_di32,0,0,temperature,1000.0,0.29223923702625065,0.29223923702625065
r2p8_w256_di32,0,0,geopotential,1.0,904225144.566323,904225144.566323
r2p8_w256_di32,0,0,geopotential,2.0,421705871.6151203,421705871.6151203
r2p8_w256_di32,0,0,geopotential,3.0,239814309.2783505,239814309.2783505
r2p8_w256_di32,0,0,geopotential,5.0,90220112.5718213,90220112.5718213
r2p8_w256_di32,0,0,geopotential,7.0,35922425.003436424,35922425.003436424
r2p8_w256_di32,0,0,geopotential,10.0,7552648.180412371,7552648.180412371
r2p8_w256_di32,0,0,geopotential,20.0,1870461.121821306,1870461.121821306
r2p8_w256_di32,0,0,geopotential,30.0,3139592.8699312713,3139592.8699312713
r2p8_w256_di32,0,0,geopotential,50.0,3545.1752452312876,3545.1752452312876
r2p8_w256_di32,0,0,geopotential,70.0,3058.496623308634,3058.496623308634
r2p8_w256_di32,0,0,geopotential,100.0,1947.3920830900317,1947.3920830900317
r2p8_w256_di32,0,0,geopotential,125.0,1600.7544679412317,1600.7544679412317
r2p8_w256_di32,0,0,geopotential,150.0,1447.6305559610582,1447.6305559610582
r2p8_w256_di32,0,0,geopotential,175.0,1401.25583080803,1401.25583080803
r2p8_w256_di32,0,0,geopotential,200.0,1392.0184857240656,1392.0184857240656
r2p8_w256_di32,0,0,geopotential,225.0,1334.66822119644,1334.66822119644
r2p8_w256_di32,0,0,geopotential,250.0,1327.4334120707824,1327.4334120707824
r2p8_w256_di32,0,0,geopotential,300.0,1326.4102626734993,1326.4102626734993
r2p8_w256_di32,0,0,geopotential,350.0,1262.2029262057695,1262.2029262057695
r2p8_w256_di32,0,0,geopotential,400.0,1164.8296497043466,1164.8296497043466
r2p8_w256_di32,0,0,geopotential,450.0,1068.8698042512349,1068.8698042512349
r2p8_w256_di32,0,0,geopotential,500.0,984.3614905078796,984.3614905078796
r2p8_w256_di32,0,0,geopotential,550.0,916.9645822636451,916.9645822636451
r2p8_w256_di32,0,0,geopotential,600.0,874.5392489403794,874.5392489403794
r2p8_w256_di32,0,0,geopotential,650.0,845.6806461714388,845.6806461714388
r2p8_w256_di32,0,0,geopotential,700.0,839.1996944886303,839.1996944886303
r2p8_w256_di32,0,0,geopotential,750.0,838.9861821859563,838.9861821859563
r2p8_w256_di32,0,0,geopotential,775.0,849.8817782372544,849.8817782372544
r2p8_w256_di32,0,0,geopotential,800.0,859.8848000018457,859.8848000018457
r2p8_w256_di32,0,0,geopotential,825.0,876.5115020856824,876.5115020856824
r2p8_w256_di32,0,0,geopotential,850.0,896.7007591011597,896.7007591011597
r2p8_w256_di32,0,0,geopotential,875.0,920.5010710306593,920.5010710306593
r2p8_w256_di32,0,0,geopotential,900.0,960.3472132731958,960.3472132731958
r2p8_w256_di32,0,0,geopotential,925.0,1007.6959030937903,1007.6959030937903
r2p8_w256_di32,0,0,geopotential,950.0,1060.872597857603,1060.872597857603
r2p8_w256_di32,0,0,geopotential,975.0,1143.3865640017584,1143.3865640017584
r2p8_w256_di32,0,0,geopotential,1000.0,1260.156984435406,1260.156984435406
r2p8_w256_di32,0,0,u_component_of_wind,1.0,722.9386758601133,722.9386758601133
r2p8_w256_di32,0,0,u_component_of_wind,2.0,455.2801186682842,455.2801186682842
r2p8_w256_di32,0,0,u_component_of_wind,3.0,285.6802493013467,285.6802493013467
r2p8_w256_di32,0,0,u_component_of_wind,5.0,139.57897599472622,139.57897599472622
r2p8_w256_di32,0,0,u_component_of_wind,7.0,94.83603440379768,94.83603440379768
r2p8_w256_di32,0,0,u_component_of_wind,10.0,68.12114248111895,68.12114248111895
r2p8_w256_di32,0,0,u_component_of_wind,20.0,26.779242006282217,26.779242006282217
r2p8_w256_di32,0,0,u_component_of_wind,30.0,26.19292216612301,26.19292216612301
r2p8_w256_di32,0,0,u_component_of_wind,50.0,1.1315817461390676,1.1315817461390676
r2p8_w256_di32,0,0,u_component_of_wind,70.0,1.12226303430767,1.12226303430767
r2p8_w256_di32,0,0,u_component_of_wind,100.0,1.3048216249115279,1.3048216249115279
r2p8_w256_di32,0,0,u_component_of_wind,125.0,1.4188450351613493,1.4188450351613493
r2p8_w256_di32,0,0,u_component_of_wind,150.0,1.4963557155271576,1.4963557155271576
r2p8_w256_di32,0,0,u_component_of_wind,175.0,1.5222772715427622,1.5222772715427622
r2p8_w256_di32,0,0,u_component_of_wind,200.0,1.596340423883851,1.596340423883851
r2p8_w256_di32,0,0,u_component_of_wind,225.0,1.7501107596859489,1.7501107596859489
r2p8_w256_di32,0,0,u_component_of_wind,250.0,1.88050915801648,1.88050915801648
r2p8_w256_di32,0,0,u_component_of_wind,300.0,1.9726522819283083,1.9726522819283083
r2p8_w256_di32,0,0,u_component_of_wind,350.0,1.807396195352692,1.807396195352692
r2p8_w256_di32,0,0,u_component_of_wind,400.0,1.59124540152009,1.59124540152009
r2p8_w256_di32,0,0,u_component_of_wind,450.0,1.4034066351418644,1.4034066351418644
r2p8_w256_di32,0,0,u_component_of_wind,500.0,1.2501135787603372,1.2501135787603372
r2p8_w256_di32,0,0,u_component_of_wind,550.0,1.1626420173448386,1.1626420173448386
r2p8_w256_di32,0,0,u_component_of_wind,600.0,1.0861500463125222,1.0861500463125222
r2p8_w256_di32,0,0,u_component_of_wind,650.0,1.0444742619786476,1.0444742619786476
r2p8_w256_di32,0,0,u_component_of_wind,700.0,1.003151554831934,1.003151554831934
r2p8_w256_di32,0,0,u_component_of_wind,750.0,0.9663509646232186,0.9663509646232186
r2p8_w256_di32,0,0,u_component_of_wind,775.0,0.9445383881785206,0.9445383881785206
r2p8_w256_di32,0,0,u_component_of_wind,800.0,0.92787974003664,0.92787974003664
r2p8_w256_di32,0,0,u_component_of_wind,825.0,0.9099692950543669,0.9099692950543669
r2p8_w256_di32,0,0,u_component_of_wind,850.0,0.8807123280472772,0.8807123280472772
r2p8_w256_di32,0,0,u_component_of_wind,875.0,0.8459510380050161,0.8459510380050161
r2p8_w256_di32,0,0,u_component_of_wind,900.0,0.8174166316838608,0.8174166316838608
r2p8_w256_di32,0,0,u_component_of_wind,925.0,0.8008179622417463,0.8008179622417463
r2p8_w256_di32,0,0,u_component_of_wind,950.0,0.7643924616456441,0.7643924616456441
r2p8_w256_di32,0,0,u_component_of_wind,975.0,0.679763151218801,0.679763151218801
r2p8_w256_di32,0,0,u_component_of_wind,1000.0,0.5664272328627479,0.5664272328627479
r2p8_w256_di32,0,0,v_component_of_wind,1.0,119.05225657564668,119.05225657564668
r2p8_w256_di32,0,0,v_component_of_wind,2.0,72.77250083844686,72.77250083844686
r2p8_w256_di32,0,0,v_component_of_wind,3.0,52.03747801108868,52.03747801108868
r2p8_w256_di32,0,0,v_component_of_wind,5.0,32.71310249145088,32.71310249145088
r2p8_w256_di32,0,0,v_component_of_wind,7.0,24.73936256133404,24.73936256133404
r2p8_w256_di32,0,0,v_component_of_wind,10.0,17.121713023497065,17.121713023497065
r2p8_w256_di32,0,0,v_component_of_wind,20.0,9.852611001660325,9.852611001660325
r2p8_w256_di32,0,0,v_component_of_wind,30.0,8.196863597856764,8.196863597856764
r2p8_w256_di32,0,0,v_component_of_wind,50.0,1.1579218097159134,1.1579218097159134
r2p8_w256_di32,0,0,v_component_of_wind,70.0,1.2083303110706027,1.2083303110706027
r2p8_w256_di32,0,0,v_component_of_wind,100.0,1.358649160648949,1.358649160648949
r2p8_w256_di32,0,0,v_component_of_wind,125.0,1.464807457694483,1.464807457694483
r2p8_w256_di32,0,0,v_component_of_wind,150.0,1.4900461818754058,1.4900461818754058
r2p8_w256_di32,0,0,v_component_of_wind,175.0,1.4851046708850926,1.4851046708850926
r2p8_w256_di32,0,0,v_component_of_wind,200.0,1.5519517937067038,1.5519517937067038
r2p8_w256_di32,0,0,v_component_of_wind,225.0,1.7551270650424498,1.7551270650424498
r2p8_w256_di32,0,0,v_component_of_wind,250.0,1.9538696924845378,1.9538696924845378
r2p8_w256_di32,0,0,v_component_of_wind,300.0,2.199929283328892,2.199929283328892
r2p8_w256_di32,0,0,v_component_of_wind,350.0,2.0805937891563597,2.0805937891563597
r2p8_w256_di32,0,0,v_component_of_wind,400.0,1.842572056304958,1.842572056304958
r2p8_w256_di32,0,0,v_component_of_wind,450.0,1.6110221734161638,1.6110221734161638
r2p8_w256_di32,0,0,v_component_of_wind,500.0,1.4217242776323429,1.4217242776323429
r2p8_w256_di32,0,0,v_component_of_wind,550.0,1.3090241281027646,1.3090241281027646
r2p8_w256_di32,0,0,v_component_of_wind,600.0,1.2139677363163008,1.2139677363163008
r2p8_w256_di32,0,0,v_component_of_wind,650.0,1.158326429722645,1.158326429722645
r2p8_w256_di32,0,0,v_component_of_wind,700.0,1.1124399000017093,1.1124399000017093
r2p8_w256_di32,0,0,v_component_of_wind,750.0,1.0738952532257002,1.0738952532257002
r2p8_w256_di32,0,0,v_component_of_wind,775.0,1.0539147950939296,1.0539147950939296
r2p8_w256_di32,0,0,v_component_of_wind,800.0,1.0374182451221952,1.0374182451221952
r2p8_w256_di32,0,0,v_component_of_wind,825.0,1.0209088774071526,1.0209088774071526
r2p8_w256_di32,0,0,v_component_of_wind,850.0,0.9962723830311568,0.9962723830311568
r2p8_w256_di32,0,0,v_component_of_wind,875.0,0.9674795301099823,0.9674795301099823
r2p8_w256_di32,0,0,v_component_of_wind,900.0,0.9479510768582321,0.9479510768582321
r2p8_w256_di32,0,0,v_component_of_wind,925.0,0.9261941030263081,0.9261941030263081
r2p8_w256_di32,0,0,v_component_of_wind,950.0,0.8840874612126564,0.8840874612126564
r2p8_w256_di32,0,0,v_component_of_wind,975.0,0.7781730204513393,0.7781730204513393
r2p8_w256_di32,0,0,v_component_of_wind,1000.0,0.6346544354846797,0.6346544354846797
r2p8_w256_di32,0,0,specific_humidity,1.0,7.979712329664615e-13,7.979712329664615e-13
r2p8_w256_di32,0,0,specific_humidity,2.0,5.29086877704512e-13,5.29086877704512e-13
r2p8_w256_di32,0,0,specific_humidity,3.0,3.6428078088250586e-13,3.6428078088250586e-13
r2p8_w256_di32,0,0,specific_humidity,5.0,1.8613657648499995e-13,1.8613657648499995e-13
r2p8_w256_di32,0,0,specific_humidity,7.0,1.1637544761544083e-13,1.1637544761544083e-13
r2p8_w256_di32,0,0,specific_humidity,10.0,6.511209778552283e-14,6.511209778552283e-14
r2p8_w256_di32,0,0,specific_humidity,20.0,1.788848140050651e-14,1.788848140050651e-14
r2p8_w256_di32,0,0,specific_humidity,30.0,1.002146847301838e-14,1.002146847301838e-14
r2p8_w256_di32,0,0,specific_humidity,50.0,1.5086202651576535e-16,1.5086202651576535e-16
r2p8_w256_di32,0,0,specific_humidity,70.0,6.555352921912525e-16,6.555352921912525e-16
r2p8_w256_di32,0,0,specific_humidity,100.0,7.841293617331244e-15,7.841293617331244e-15
r2p8_w256_di32,0,0,specific_humidity,125.0,5.6395601411281255e-14,5.6395601411281255e-14
r2p8_w256_di32,0,0,specific_humidity,150.0,4.4888748201515315e-13,4.4888748201515315e-13
r2p8_w256_di32,0,0,specific_humidity,175.0,3.1129370728082507e-12,3.1129370728082507e-12
r2p8_w256_di32,0,0,specific_humidity,200.0,1.7224567795719864e-11,1.7224567795719864e-11
r2p8_w256_di32,0,0,specific_humidity,225.0,7.266019820229885e-11,7.266019820229885e-11
r2p8_w256_di32,0,0,specific_humidity,250.0,2.260142254336237e-10,2.260142254336237e-10
r2p8_w256_di32,0,0,specific_humidity,300.0,1.1943600377511298e-09,1.1943600377511298e-09
r2p8_w256_di32,0,0,specific_humidity,350.0,4.1034687231203145e-09,4.1034687231203145e-09
r2p8_w256_di32,0,0,specific_humidity,400.0,1.0218196281929792e-08,1.0218196281929792e-08
r2p8_w256_di32,0,0,specific_humidity,450.0,2.1221508844362654e-08,2.1221508844362654e-08
r2p8_w256_di32,0,0,specific_humidity,500.0,3.633391267640685e-08,3.633391267640685e-08
r2p8_w256_di32,0,0,specific_humidity,550.0,5.825099867052357e-08,5.825099867052357e-08
r2p8_w256_di32,0,0,specific_humidity,600.0,7.987532751446492e-08,7.987532751446492e-08
r2p8_w256_di32,0,0,specific_humidity,650.0,1.1199283436752987e-07,1.1199283436752987e-07
r2p8_w256_di32,0,0,specific_humidity,700.0,1.436713131456084e-07,1.436713131456084e-07
r2p8_w256_di32,0,0,specific_humidity,750.0,1.7886858791580598e-07,1.7886858791580598e-07
r2p8_w256_di32,0,0,specific_humidity,775.0,1.9098260635633102e-07,1.9098260635633102e-07
r2p8_w256_di32,0,0,specific_humidity,800.0,2.0336908329278867e-07,2.0336908329278867e-07
r2p8_w256_di32,0,0,specific_humidity,825.0,2.1300108063225765e-07,2.1300108063225765e-07
r2p8_w256_di32,0,0,specific_humidity,850.0,2.108220350025642e-07,2.108220350025642e-07
r2p8_w256_di32,0,0,specific_humidity,875.0,1.9530405060497688e-07,1.9530405060497688e-07
r2p8_w256_di32,0,0,specific_humidity,900.0,1.7737926227155216e-07,1.7737926227155216e-07
r2p8_w256_di32,0,0,specific_humidity,925.0,1.493074445703311e-07,1.493074445703311e-07
r2p8_w256_di32,0,0,specific_humidity,950.0,1.1990993478272445e-07,1.1990993478272445e-07
r2p8_w256_di32,0,0,specific_humidity,975.0,1.1499239043863894e-07,1.1499239043863894e-07
r2p8_w256_di32,0,0,specific_humidity,1000.0,1.1164597994239398e-07,1.1164597994239398e-07
r2p8_w256_di32,0,0,specific_cloud_ice_water_content,1.0,2.0656094913948557e-12,2.0656094913948557e-12
r2p8_w256_di32,0,0,specific_cloud_ice_water_content,2.0,2.0234545277697125e-12,2.0234545277697125e-12
r2p8_w256_di32,0,0,specific_cloud_ice_water_content,3.0,2.0223645892362894e-12,2.0223645892362894e-12
r2p8_w256_di32,0,0,specific_cloud_ice_water_content,5.0,2.00482062520991e-12,2.00482062520991e-12
r2p8_w256_di32,0,0,specific_cloud_ice_water_content,7.0,2.0152753867592816e-12,2.0152753867592816e-12
r2p8_w256_di32,0,0,specific_cloud_ice_water_content,10.0,2.037115150627534e-12,2.037115150627534e-12
r2p8_w256_di32,0,0,specific_cloud_ice_water_content,20.0,1.436444092610472e-12,1.436444092610472e-12
r2p8_w256_di32,0,0,specific_cloud_ice_water_content,30.0,1.0323275304599433e-12,1.0323275304599433e-12
r2p8_w256_di32,0,0,specific_cloud_ice_water_content,50.0,6.04867116940882e-13,6.04867116940882e-13
r2p8_w256_di32,0,0,specific_cloud_ice_water_content,70.0,5.007802197102933e-13,5.007802197102933e-13
r2p8_w256_di32,0,0,specific_cloud_ice_water_content,100.0,1.41792414577202e-12,1.41792414577202e-12
r2p8_w256_di32,0,0,specific_cloud_ice_water_content,125.0,7.433379552119128e-12,7.433379552119128e-12
r2p8_w256_di32,0,0,specific_cloud_ice_water_content,150.0,2.0437429827850873e-11,2.0437429827850873e-11
r2p8_w256_di32,0,0,specific_cloud_ice_water_content,175.0,3.4651052583181316e-11,3.4651052583181316e-11
r2p8_w256_di32,0,0,specific_cloud_ice_water_content,200.0,4.9533701323312176e-11,4.9533701323312176e-11
r2p8_w256_di32,0,0,specific_cloud_ice_water_content,225.0,6.440855524445746e-11,6.440855524445746e-11
r2p8_w256_di32,0,0,specific_cloud_ice_water_content,250.0,7.128898804799967e-11,7.128898804799967e-11
r2p8_w256_di32,0,0,specific_cloud_ice_water_content,300.0,6.805355274630973e-11,6.805355274630973e-11
r2p8_w256_di32,0,0,specific_cloud_ice_water_content,350.0,6.064485854360536e-11,6.064485854360536e-11
r2p8_w256_di32,0,0,specific_cloud_ice_water_content,400.0,4.579369841041881e-11,4.579369841041881e-11
r2p8_w256_di32,0,0,specific_cloud_ice_water_content,450.0,3.341729136034257e-11,3.341729136034257e-11
r2p8_w256_di32,0,0,specific_cloud_ice_water_content,500.0,2.3787024569424588e-11,2.3787024569424588e-11
r2p8_w256_di32,0,0,specific_cloud_ice_water_content,550.0,1.584411670627491e-11,1.584411670627491e-11
r2p8_w256_di32,0,0,specific_cloud_ice_water_content,600.0,1.1052950666157134e-11,1.1052950666157134e-11
r2p8_w256_di32,0,0,specific_cloud_ice_water_content,650.0,8.164465710032475e-12,8.164465710032475e-12
r2p8_w256_di32,0,0,specific_cloud_ice_water_content,700.0,6.09391010173955e-12,6.09391010173955e-12
r2p8_w256_di32,0,0,specific_cloud_ice_water_content,750.0,4.78754874018024e-12,4.78754874018024e-12
r2p8_w256_di32,0,0,specific_cloud_ice_water_content,775.0,4.713934288971145e-12,4.713934288971145e-12
r2p8_w256_di32,0,0,specific_cloud_ice_water_content,800.0,4.707491983358201e-12,4.707491983358201e-12
r2p8_w256_di32,0,0,specific_cloud_ice_water_content,825.0,4.550229323514479e-12,4.550229323514479e-12
r2p8_w256_di32,0,0,specific_cloud_ice_water_content,850.0,3.961986983271616e-12,3.961986983271616e-12
r2p8_w256_di32,0,0,specific_cloud_ice_water_content,875.0,3.203053258355219e-12,3.203053258355219e-12
r2p8_w256_di32,0,0,specific_cloud_ice_water_content,900.0,2.611289247265449e-12,2.611289247265449e-12
r2p8_w256_di32,0,0,specific_cloud_ice_water_content,925.0,2.0978291394259484e-12,2.0978291394259484e-12
r2p8_w256_di32,0,0,specific_cloud_ice_water_content,950.0,1.5283444514611215e-12,1.5283444514611215e-12
r2p8_w256_di32,0,0,specific_cloud_ice_water_content,975.0,1.052711194566144e-12,1.052711194566144e-12
r2p8_w256_di32,0,0,specific_cloud_ice_water_content,1000.0,8.760627932093284e-13,8.760627932093284e-13
r2p8_w256_di32,0,0,specific_cloud_liquid_water_content,1.0,6.960850716230101e-12,6.960850716230101e-12
r2p8_w256_di32,0,0,specific_cloud_liquid_water_content,2.0,6.97905872942246e-12,6.97905872942246e-12
r2p8_w256_di32,0,0,specific_cloud_liquid_water_content,3.0,6.894158364596004e-12,6.894158364596004e-12
r2p8_w256_di32,0,0,specific_cloud_liquid_water_content,5.0,6.959709655962159e-12,6.959709655962159e-12
r2p8_w256_di32,0,0,specific_cloud_liquid_water_content,7.0,7.049454723725454e-12,7.049454723725454e-12
r2p8_w256_di32,0,0,specific_cloud_liquid_water_content,10.0,6.904741347396527e-12,6.904741347396527e-12
r2p8_w256_di32,0,0,specific_cloud_liquid_water_content,20.0,5.3435425763698175e-12,5.3435425763698175e-12
r2p8_w256_di32,0,0,specific_cloud_liquid_water_content,30.0,3.906649930766201e-12,3.906649930766201e-12
r2p8_w256_di32,0,0,specific_cloud_liquid_water_content,50.0,3.665392761854649e-12,3.665392761854649e-12
r2p8_w256_di32,0,0,specific_cloud_liquid_water_content,70.0,2.4087816302428625e-12,2.4087816302428625e-12
r2p8_w256_di32,0,0,specific_cloud_liquid_water_content,100.0,2.305795471391585e-12,2.305795471391585e-12
r2p8_w256_di32,0,0,specific_cloud_liquid_water_content,125.0,1.980715439158574e-12,1.980715439158574e-12
r2p8_w256_di32,0,0,specific_cloud_liquid_water_content,150.0,2.2718102831329924e-12,2.2718102831329924e-12
r2p8_w256_di32,0,0,specific_cloud_liquid_water_content,175.0,2.7887149269078502e-12,2.7887149269078502e-12
r2p8_w256_di32,0,0,specific_cloud_liquid_water_content,200.0,3.3221211096406432e-12,3.3221211096406432e-12
r2p8_w256_di32,0,0,specific_cloud_liquid_water_content,225.0,2.8765502800703413e-12,2.8765502800703413e-12
r2p8_w256_di32,0,0,specific_cloud_liquid_water_content,250.0,3.164678334531436e-12,3.164678334531436e-12
r2p8_w256_di32,0,0,specific_cloud_liquid_water_content,300.0,5.122975064937647e-12,5.122975064937647e-12
r2p8_w256_di32,0,0,specific_cloud_liquid_water_content,350.0,7.957461985959718e-12,7.957461985959718e-12
r2p8_w256_di32,0,0,specific_cloud_liquid_water_content,400.0,1.552316402925363e-11,1.552316402925363e-11
r2p8_w256_di32,0,0,specific_cloud_liquid_water_content,450.0,3.5263638976948825e-11,3.5263638976948825e-11
r2p8_w256_di32,0,0,specific_cloud_liquid_water_content,500.0,7.745687769108952e-11,7.745687769108952e-11
r2p8_w256_di32,0,0,specific_cloud_liquid_water_content,550.0,1.3065076468198478e-10,1.3065076468198478e-10
r2p8_w256_di32,0,0,specific_cloud_liquid_water_content,600.0,1.0494442934458747e-10,1.0494442934458747e-10
r2p8_w256_di32,0,0,specific_cloud_liquid_water_content,650.0,1.0600061239225198e-10,1.0600061239225198e-10
r2p8_w256_di32,0,0,specific_cloud_liquid_water_content,700.0,1.2998984417027117e-10,1.2998984417027117e-10
r2p8_w256_di32,0,0,specific_cloud_liquid_water_content,750.0,1.6661817846583605e-10,1.6661817846583605e-10
r2p8_w256_di32,0,0,specific_cloud_liquid_water_content,775.0,1.8760434774014486e-10,1.8760434774014486e-10
r2p8_w256_di32,0,0,specific_cloud_liquid_water_content,800.0,2.1662372748966472e-10,2.1662372748966472e-10
r2p8_w256_di32,0,0,specific_cloud_liquid_water_content,825.0,2.838498005084331e-10,2.838498005084331e-10
r2p8_w256_di32,0,0,specific_cloud_liquid_water_content,850.0,3.367170732005296e-10,3.367170732005296e-10
r2p8_w256_di32,0,0,specific_cloud_liquid_water_content,875.0,3.45171796013947e-10,3.45171796013947e-10
r2p8_w256_di32,0,0,specific_cloud_liquid_water_content,900.0,3.08558149439639e-10,3.08558149439639e-10
r2p8_w256_di32,0,0,specific_cloud_liquid_water_content,925.0,2.4837554240315123e-10,2.4837554240315123e-10
r2p8_w256_di32,0,0,specific_cloud_liquid_water_content,950.0,1.717761228553055e-10,1.717761228553055e-10
r2p8_w256_di32,0,0,specific_cloud_liquid_water_content,975.0,1.0367759170511923e-10,1.0367759170511923e-10
r2p8_w256_di32,0,0,specific_cloud_liquid_water_content,1000.0,6.08969232715158e-11,6.08969232715158e-11
r2p8_w256_di32,1,424,temperature,1.0,75.19899358061171,378.5656160230079
r2p8_w256_di32,1,424,temperature,2.0,49.46142185905955,924.3418017410331
r2p8_w256_di32,1,424,temperature,3.0,32.390100264139605,1136.2297035243503
r2p8_w256_di32,1,424,temperature,5.0,18.356825226852575,873.8423565527008
r2p8_w256_di32,1,424,temperature,7.0,12.234180402919598,622.5475962635578
r2p8_w256_di32,1,424,temperature,10.0,6.932305318301486,447.4888012443621
r2p8_w256_di32,1,424,temperature,20.0,5.231110039609405,71.18677667834095
r2p8_w256_di32,1,424,temperature,30.0,3.8718095885928965,5.317272316385381
r2p8_w256_di32,1,424,temperature,50.0,0.38092296676537424,38.34671490069517
r2p8_w256_di32,1,424,temperature,70.0,0.37079606127902814,2.8855554339811973
r2p8_w256_di32,1,424,temperature,100.0,0.2558116016416615,0.8056500974389695
r2p8_w256_di32,1,424,temperature,125.0,0.16940880641597242,1.9914620775537393
r2p8_w256_di32,1,424,temperature,150.0,0.1361507817232322,1.0870408446108761
r2p8_w256_di32,1,424,temperature,175.0,0.12455395877975778,0.4480307927041529
r2p8_w256_di32,1,424,temperature,200.0,0.12989476659556026,0.1577313888677207
r2p8_w256_di32,1,424,temperature,225.0,0.13519545711090475,0.16505944426219488
r2p8_w256_di32,1,424,temperature,250.0,0.13230877116680964,0.1621523104736076
r2p8_w256_di32,1,424,temperature,300.0,0.12216572812230317,0.16939159487326122
r2p8_w256_di32,1,424,temperature,350.0,0.11342368134108606,0.1493306704147165
r2p8_w256_di32,1,424,temperature,400.0,0.11115286237595418,0.1270309592798813
r2p8_w256_di32,1,424,temperature,450.0,0.11125911449136602,0.12577565364616433
r2p8_w256_di32,1,424,temperature,500.0,0.11108228455192035,0.126519405094209
r2p8_w256_di32,1,424,temperature,550.0,0.11616847624176556,0.13029624436729143
r2p8_w256_di32,1,424,temperature,600.0,0.12294365673028317,0.1444059728756803
r2p8_w256_di32,1,424,temperature,650.0,0.13241656982304714,0.15655979481349697
r2p8_w256_di32,1,424,temperature,700.0,0.14335038165251415,0.16277581154276005
r2p8_w256_di32,1,424,temperature,750.0,0.16344922613544563,0.1869330923377034
r2p8_w256_di32,1,424,temperature,775.0,0.17411779215450549,0.19648020249052145
r2p8_w256_di32,1,424,temperature,800.0,0.1904199641799599,0.2327624283193313
r2p8_w256_di32,1,424,temperature,825.0,0.21654968975540698,0.27585587622373786
r2p8_w256_di32,1,424,temperature,850.0,0.23338040444244634,0.34032410248038697
r2p8_w256_di32,1,424,temperature,875.0,0.2383985525041921,0.321474146914646
r2p8_w256_di32,1,424,temperature,900.0,0.23817769453902424,0.3039350844125977
r2p8_w256_di32,1,424,temperature,925.0,0.24131919994591847,0.31128616534762366
r2p8_w256_di32,1,424,temperature,950.0,0.25338859005072684,0.3279218568732239
r2p8_w256_di32,1,424,temperature,975.0,0.28011338818319065,0.37050619408027413
r2p8_w256_di32,1,424,temperature,1000.0,0.29223923702625065,0.38051850427057327
r2p8_w256_di32,1,424,geopotential,1.0,904225144.566323,33112167.575257733
r2p8_w256_di32,1,424,geopotential,2.0,421705871.6151203,6872470.210652921
r2p8_w256_di32,1,424,geopotential,3.0,239814309.2783505,3770761.0704467352
r2p8_w256_di32,1,424,geopotential,5.0,90220112.5718213,1773461.4678694159
r2p8_w256_di32,1,424,geopotential,7.0,35922425.003436424,762957.6562929553
r2p8_w256_di32,1,424,geopotential,10.0,7552648.180412371,276396.2828178694
r2p8_w256_di32,1,424,geopotential,20.0,1870461.121821306,826109.7304553265
r2p8_w256_di32,1,424,geopotential,30.0,3139592.8699312713,561154.0821950171
r2p8_w256_di32,1,424,geopotential,50.0,3545.1752452312876,85100.42227502148
r2p8_w256_di32,1,424,geopotential,70.0,3058.496623308634,53323.187834246135
r2p8_w256_di32,1,424,geopotential,100.0,1947.3920830900317,9623.933909538768
r2p8_w256_di32,1,424,geopotential,125.0,1600.7544679412317,1859.8411198252254
r2p8_w256_di32,1,424,geopotential,150.0,1447.6305559610582,1745.028656572165
r2p8_w256_di32,1,424,geopotential,175.0,1401.25583080803,2234.8092798606635
r2p8_w256_di32,1,424,geopotential,200.0,1392.0184857240656,1742.4812167767398
r2p8_w256_di32,1,424,geopotential,225.0,1334.66822119644,1716.8927184009879
r2p8_w256_di32,1,424,geopotential,250.0,1327.4334120707824,1684.5470477861227
r2p8_w256_di32,1,424,geopotential,300.0,1326.4102626734993,1833.0544945366194
r2p8_w256_di32,1,424,geopotential,350.0,1262.2029262057695,1677.1687226495383
r2p8_w256_di32,1,424,geopotential,400.0,1164.8296497043466,1609.8371036699957
r2p8_w256_di32,1,424,geopotential,450.0,1068.8698042512349,1468.328068537237
r2p8_w256_di32,1,424,geopotential,500.0,984.3614905078796,1362.646686944601
r2p8_w256_di32,1,424,geopotential,550.0,916.9645822636451,1308.7281984519302
r2p8_w256_di32,1,424,geopotential,600.0,874.5392489403794,1259.114183395753
r2p8_w256_di32,1,424,geopotential,650.0,845.6806461714388,1212.2350261255638
r2p8_w256_di32,1,424,geopotential,700.0,839.1996944886303,1196.7815696480347
r2p8_w256_di32,1,424,geopotential,750.0,838.9861821859563,1205.4691425965823
r2p8_w256_di32,1,424,geopotential,775.0,849.8817782372544,1207.2263676489342
r2p8_w256_di32,1,424,geopotential,800.0,859.8848000018457,1234.6390580954012
r2p8_w256_di32,1,424,geopotential,825.0,876.5115020856824,1282.618336722777
r2p8_w256_di32,1,424,geopotential,850.0,896.7007591011597,1363.0222011081132
r2p8_w256_di32,1,424,geopotential,875.0,920.5010710306593,1412.7496522044808
r2p8_w256_di32,1,424,geopotential,900.0,960.3472132731958,1466.6641944701728
r2p8_w256_di32,1,424,geopotential,925.0,1007.6959030937903,1494.451234084716
r2p8_w256_di32,1,424,geopotential,950.0,1060.872597857603,1606.5914301606797
r2p8_w256_di32,1,424,geopotential,975.0,1143.3865640017584,1779.207385379752
r2p8_w256_di32,1,424,geopotential,1000.0,1260.156984435406,1992.5952841427727
r2p8_w256_di32,1,424,u_component_of_wind,1.0,722.9386758601133,1697.3702054472724
r2p8_w256_di32,1,424,u_component_of_wind,2.0,455.2801186682842,753.9285666134759
r2p8_w256_di32,1,424,u_component_of_wind,3.0,285.6802493013467,479.73429973379444
r2p8_w256_di32,1,424,u_component_of_wind,5.0,139.57897599472622,177.33402453026002
r2p8_w256_di32,1,424,u_component_of_wind,7.0,94.83603440379768,123.20529449305583
r2p8_w256_di32,1,424,u_component_of_wind,10.0,68.12114248111895,96.85955087720734
r2p8_w256_di32,1,424,u_component_of_wind,20.0,26.779242006282217,44.89744176176406
r2p8_w256_di32,1,424,u_component_of_wind,30.0,26.19292216612301,35.11608710665883
r2p8_w256_di32,1,424,u_component_of_wind,50.0,1.1315817461390676,4.051964117325459
r2p8_w256_di32,1,424,u_component_of_wind,70.0,1.12226303430767,1.7372859420645277
r2p8_w256_di32,1,424,u_component_of_wind,100.0,1.3048216249115279,2.589489343895535
r2p8_w256_di32,1,424,u_component_of_wind,125.0,1.4188450351613493,1.8632350389900076
r2p8_w256_di32,1,424,u_component_of_wind,150.0,1.4963557155271576,2.0988584259531344
r2p8_w256_di32,1,424,u_component_of_wind,175.0,1.5222772715427622,2.446514497180165
r2p8_w256_di32,1,424,u_component_of_wind,200.0,1.596340423883851,2.0367390281146336
r2p8_w256_di32,1,424,u_component_of_wind,225.0,1.7501107596859489,3.0573475567335935
r2p8_w256_di32,1,424,u_component_of_wind,250.0,1.88050915801648,2.6833276180876897
r2p8_w256_di32,1,424,u_component_of_wind,300.0,1.9726522819283083,3.0557584734716774
r2p8_w256_di32,1,424,u_component_of_wind,350.0,1.807396195352692,2.9288264123844527
r2p8_w256_di32,1,424,u_component_of_wind,400.0,1.59124540152009,2.2166438573004865
r2p8_w256_di32,1,424,u_component_of_wind,450.0,1.4034066351418644,1.7204902485883522
r2p8_w256_di32,1,424,u_component_of_wind,500.0,1.2501135787603372,1.4454758333586335
r2p8_w256_di32,1,424,u_component_of_wind,550.0,1.1626420173448386,1.3183221685927349
r2p8_w256_di32,1,424,u_component_of_wind,600.0,1.0861500463125222,1.2040676783040627
r2p8_w256_di32,1,424,u_component_of_wind,650.0,1.0444742619786476,1.239621504106882
r2p8_w256_di32,1,424,u_component_of_wind,700.0,1.003151554831934,1.1565982856291677
r2p8_w256_di32,1,424,u_component_of_wind,750.0,0.9663509646232186,1.0750822519518666
r2p8_w256_di32,1,424,u_component_of_wind,775.0,0.9445383881785206,1.0391209305766522
r2p8_w256_di32,1,424,u_component_of_wind,800.0,0.92787974003664,1.0383168692850984
r2p8_w256_di32,1,424,u_component_of_wind,825.0,0.9099692950543669,1.010312508471643
r2p8_w256_di32,1,424,u_component_of_wind,850.0,0.8807123280472772,0.9841870055985205
r2p8_w256_di32,1,424,u_component_of_wind,875.0,0.8459510380050161,0.9637666494575973
r2p8_w256_di32,1,424,u_component_of_wind,900.0,0.8174166316838608,0.9399019471558508
r2p8_w256_di32,1,424,u_component_of_wind,925.0,0.8008179622417463,0.928670423424121
r2p8_w256_di32,1,424,u_component_of_wind,950.0,0.7643924616456441,0.9090050899695694
r2p8_w256_di32,1,424,u_component_of_wind,975.0,0.679763151218801,0.8335890135814235
r2p8_w256_di32,1,424,u_component_of_wind,1000.0,0.5664272328627479,0.7127784460680592
r2p8_w256_di32,1,424,v_component_of_wind,1.0,119.05225657564668,132.25822360376313
r2p8_w256_di32,1,424,v_component_of_wind,2.0,72.77250083844686,87.3859900825212
r2p8_w256_di32,1,424,v_component_of_wind,3.0,52.03747801108868,68.23394894419667
r2p8_w256_di32,1,424,v_component_of_wind,5.0,32.71310249145088,43.82286547369154
r2p8_w256_di32,1,424,v_component_of_wind,7.0,24.73936256133404,34.64861752880398
r2p8_w256_di32,1,424,v_component_of_wind,10.0,17.121713023497065,25.299895474017692
r2p8_w256_di32,1,424,v_component_of_wind,20.0,9.852611001660325,13.007021089927438
r2p8_w256_di32,1,424,v_component_of_wind,30.0,8.196863597856764,10.04671118890297
r2p8_w256_di32,1,424,v_component_of_wind,50.0,1.1579218097159134,7.898894758650528
r2p8_w256_di32,1,424,v_component_of_wind,70.0,1.2083303110706027,37.032643411905084
r2p8_w256_di32,1,424,v_component_of_wind,100.0,1.358649160648949,2.9554235423963093
r2p8_w256_di32,1,424,v_component_of_wind,125.0,1.464807457694483,5.392650496590997
r2p8_w256_di32,1,424,v_component_of_wind,150.0,1.4900461818754058,2.102023733194751
r2p8_w256_di32,1,424,v_component_of_wind,175.0,1.4851046708850926,1.9647603712540722
r2p8_w256_di32,1,424,v_component_of_wind,200.0,1.5519517937067038,1.8198336787240201
r2p8_w256_di32,1,424,v_component_of_wind,225.0,1.7551270650424498,2.301808827603396
r2p8_w256_di32,1,424,v_component_of_wind,250.0,1.9538696924845378,3.0822367114299762
r2p8_w256_di32,1,424,v_component_of_wind,300.0,2.199929283328892,3.8007839378212736
r2p8_w256_di32,1,424,v_component_of_wind,350.0,2.0805937891563597,2.974972322306682
r2p8_w256_di32,1,424,v_component_of_wind,400.0,1.842572056304958,2.2386007489207684
r2p8_w256_di32,1,424,v_component_of_wind,450.0,1.6110221734161638,1.9354249592908879
r2p8_w256_di32,1,424,v_component_of_wind,500.0,1.4217242776323429,1.7450292737213606
r2p8_w256_di32,1,424,v_component_of_wind,550.0,1.3090241281027646,1.496526590245696
r2p8_w256_di32,1,424,v_component_of_wind,600.0,1.2139677363163008,1.383362089645412
r2p8_w256_di32,1,424,v_component_of_wind,650.0,1.158326429722645,1.5017884002108755
r2p8_w256_di32,1,424,v_component_of_wind,700.0,1.1124399000017093,1.34994956558103
r2p8_w256_di32,1,424,v_component_of_wind,750.0,1.0738952532257002,1.2972543719707896
r2p8_w256_di32,1,424,v_component_of_wind,775.0,1.0539147950939296,1.487052305211726
r2p8_w256_di32,1,424,v_component_of_wind,800.0,1.0374182451221952,1.8410534249138586
r2p8_w256_di32,1,424,v_component_of_wind,825.0,1.0209088774071526,1.4805351727606915
r2p8_w256_di32,1,424,v_component_of_wind,850.0,0.9962723830311568,1.3498653198845199
r2p8_w256_di32,1,424,v_component_of_wind,875.0,0.9674795301099823,1.4191413368965753
r2p8_w256_di32,1,424,v_component_of_wind,900.0,0.9479510768582321,1.1814102101981434
r2p8_w256_di32,1,424,v_component_of_wind,925.0,0.9261941030263081,1.116226788648625
r2p8_w256_di32,1,424,v_component_of_wind,950.0,0.8840874612126564,1.0828723248747205
r2p8_w256_di32,1,424,v_component_of_wind,975.0,0.7781730204513393,0.9961479624522102
r2p8_w256_di32,1,424,v_component_of_wind,1000.0,0.6346544354846797,0.8254231512751367
r2p8_w256_di32,1,424,specific_humidity,1.0,7.979712329664615e-13,1.1141617808058328e-13
r2p8_w256_di32,1,424,specific_humidity,2.0,5.29086877704512e-13,4.7139153145249667e-14
r2p8_w256_di32,1,424,specific_humidity,3.0,3.6428078088250586e-13,3.242395717433108e-14
r2p8_w256_di32,1,424,specific_humidity,5.0,1.8613657648499995e-13,6.834886695247569e-14
r2p8_w256_di32,1,424,specific_humidity,7.0,1.1637544761544083e-13,1.1524775642187285e-13
r2p8_w256_di32,1,424,specific_humidity,10.0,6.511209778552283e-14,1.766670138108014e-13
r2p8_w256_di32,1,424,specific_humidity,20.0,1.788848140050651e-14,1.7068270758186381e-13
r2p8_w256_di32,1,424,specific_humidity,30.0,1.002146847301838e-14,2.915206776437698e-14
r2p8_w256_di32,1,424,specific_humidity,50.0,1.5086202651576535e-16,1.0608124367961594e-13
r2p8_w256_di32,1,424,specific_humidity,70.0,6.555352921912525e-16,7.373106287822291e-15
r2p8_w256_di32,1,424,specific_humidity,100.0,7.841293617331244e-15,1.5140574695672227e-14
r2p8_w256_di32,1,424,specific_humidity,125.0,5.6395601411281255e-14,1.3180900869933077e-13
r2p8_w256_di32,1,424,specific_humidity,150.0,4.4888748201515315e-13,7.611857939761053e-13
r2p8_w256_di32,1,424,specific_humidity,175.0,3.1129370728082507e-12,5.40826958556043e-12
r2p8_w256_di32,1,424,specific_humidity,200.0,1.7224567795719864e-11,3.0617289025779315e-11
r2p8_w256_di32,1,424,specific_humidity,225.0,7.266019820229885e-11,1.136280148676209e-10
r2p8_w256_di32,1,424,specific_humidity,250.0,2.260142254336237e-10,3.5953999678209803e-10
r2p8_w256_di32,1,424,specific_humidity,300.0,1.1943600377511298e-09,2.3224485236058093e-09
r2p8_w256_di32,1,424,specific_humidity,350.0,4.1034687231203145e-09,5.6580673328718325e-09
r2p8_w256_di32,1,424,specific_humidity,400.0,1.0218196281929792e-08,1.431451753770513e-08
r2p8_w256_di32,1,424,specific_humidity,450.0,2.1221508844362654e-08,2.64310794190604e-08
r2p8_w256_di32,1,424,specific_humidity,500.0,3.633391267640685e-08,4.5284701745175103e-08
r2p8_w256_di32,1,424,specific_humidity,550.0,5.825099867052357e-08,6.896871965782541e-08
r2p8_w256_di32,1,424,specific_humidity,600.0,7.987532751446492e-08,1.0488630424760297e-07
r2p8_w256_di32,1,424,specific_humidity,650.0,1.1199283436752987e-07,1.7118859636358667e-07
r2p8_w256_di32,1,424,specific_humidity,700.0,1.436713131456084e-07,2.3170924557447213e-07
r2p8_w256_di32,1,424,specific_humidity,750.0,1.7886858791580598e-07,2.7579508847163704e-07
r2p8_w256_di32,1,424,specific_humidity,775.0,1.9098260635633102e-07,2.797869042586053e-07
r2p8_w256_di32,1,424,specific_humidity,800.0,2.0336908329278867e-07,2.692995722166437e-07
r2p8_w256_di32,1,424,specific_humidity,825.0,2.1300108063225765e-07,2.764203141875107e-07
r2p8_w256_di32,1,424,specific_humidity,850.0,2.108220350025642e-07,2.8571804565808165e-07
r2p8_w256_di32,1,424,specific_humidity,875.0,1.9530405060497688e-07,2.4285999799791247e-07
r2p8_w256_di32,1,424,specific_humidity,900.0,1.7737926227155216e-07,2.217057638934333e-07
r2p8_w256_di32,1,424,specific_humidity,925.0,1.493074445703311e-07,1.7879418818239107e-07
r2p8_w256_di32,1,424,specific_humidity,950.0,1.1990993478272445e-07,1.5354876070956016e-07
r2p8_w256_di32,1,424,specific_humidity,975.0,1.1499239043863894e-07,1.3891657476511694e-07
r2p8_w256_di32,1,424,specific_humidity,1000.0,1.1164597994239398e-07,1.32795417146005e-07
r2p8_w256_di32,1,424,specific_cloud_ice_water_content,1.0,2.0656094913948557e-12,2.1721861492275745e-12
r2p8_w256_di32,1,424,specific_cloud_ice_water_content,2.0,2.0234545277697125e-12,2.1548823947752195e-12
r2p8_w256_di32,1,424,specific_cloud_ice_water_content,3.0,2.0223645892362894e-12,2.167867200141749e-12
r2p8_w256_di32,1,424,specific_cloud_ice_water_content,5.0,2.00482062520991e-12,2.1566072944108106e-12
r2p8_w256_di32,1,424,specific_cloud_ice_water_content,7.0,2.0152753867592816e-12,2.1594398182645e-12
r2p8_w256_di32,1,424,specific_cloud_ice_water_content,10.0,2.037115150627534e-12,2.153556872373494e-12
r2p8_w256_di32,1,424,specific_cloud_ice_water_content,20.0,1.436444092610472e-12,1.6537232070800275e-12
r2p8_w256_di32,1,424,specific_cloud_ice_water_content,30.0,1.0323275304599433e-12,1.2973212642475201e-12
r2p8_w256_di32,1,424,specific_cloud_ice_water_content,50.0,6.04867116940882e-13,9.312490241761618e-13
r2p8_w256_di32,1,424,specific_cloud_ice_water_content,70.0,5.007802197102933e-13,9.175754165256413e-13
r2p8_w256_di32,1,424,specific_cloud_ice_water_content,100.0,1.41792414577202e-12,1.8762421880113904e-12
r2p8_w256_di32,1,424,specific_cloud_ice_water_content,125.0,7.433379552119128e-12,8.16050008887282e-12
r2p8_w256_di32,1,424,specific_cloud_ice_water_content,150.0,2.0437429827850873e-11,2.1177165195480473e-11
r2p8_w256_di32,1,424,specific_cloud_ice_water_content,175.0,3.4651052583181316e-11,3.562384681881047e-11
r2p8_w256_di32,1,424,specific_cloud_ice_water_content,200.0,4.9533701323312176e-11,4.9840979644322634e-11
r2p8_w256_di32,1,424,specific_cloud_ice_water_content,225.0,6.440855524445746e-11,6.465238606506432e-11
r2p8_w256_di32,1,424,specific_cloud_ice_water_content,250.0,7.128898804799967e-11,7.184723904974432e-11
r2p8_w256_di32,1,424,specific_cloud_ice_water_content,300.0,6.805355274630973e-11,7.029246506407055e-11
r2p8_w256_di32,1,424,specific_cloud_ice_water_content,350.0,6.064485854360536e-11,6.388559085860056e-11
r2p8_w256_di32,1,424,specific_cloud_ice_water_content,400.0,4.579369841041881e-11,4.9989947788843585e-11
r2p8_w256_di32,1,424,specific_cloud_ice_water_content,450.0,3.341729136034257e-11,3.7469601965352684e-11
r2p8_w256_di32,1,424,specific_cloud_ice_water_content,500.0,2.3787024569424588e-11,2.6667685728633935e-11
r2p8_w256_di32,1,424,specific_cloud_ice_water_content,550.0,1.584411670627491e-11,1.839246805520699e-11
r2p8_w256_di32,1,424,specific_cloud_ice_water_content,600.0,1.1052950666157134e-11,1.2610156196737629e-11
r2p8_w256_di32,1,424,specific_cloud_ice_water_content,650.0,8.164465710032475e-12,9.27225219154164e-12
r2p8_w256_di32,1,424,specific_cloud_ice_water_content,700.0,6.09391010173955e-12,6.847870931529046e-12
r2p8_w256_di32,1,424,specific_cloud_ice_water_content,750.0,4.78754874018024e-12,5.308397812129193e-12
r2p8_w256_di32,1,424,specific_cloud_ice_water_content,775.0,4.713934288971145e-12,5.152443541684825e-12
r2p8_w256_di32,1,424,specific_cloud_ice_water_content,800.0,4.707491983358201e-12,5.543531085859222e-12
r2p8_w256_di32,1,424,specific_cloud_ice_water_content,825.0,4.550229323514479e-12,4.9844204720003565e-12
r2p8_w256_di32,1,424,specific_cloud_ice_water_content,850.0,3.961986983271616e-12,4.391421735783581e-12
r2p8_w256_di32,1,424,specific_cloud_ice_water_content,875.0,3.203053258355219e-12,3.4221519701803444e-12
r2p8_w256_di32,1,424,specific_cloud_ice_water_content,900.0,2.611289247265449e-12,3.026418159339388e-12
r2p8_w256_di32,1,424,specific_cloud_ice_water_content,925.0,2.0978291394259484e-12,2.458429171565076e-12
r2p8_w256_di32,1,424,specific_cloud_ice_water_content,950.0,1.5283444514611215e-12,1.880526103060047e-12
r2p8_w256_di32,1,424,specific_cloud_ice_water_content,975.0,1.052711194566144e-12,1.1591373841388034e-12
r2p8_w256_di32,1,424,specific_cloud_ice_water_content,1000.0,8.760627932093284e-13,1.0007209639213418e-12
r2p8_w256_di32,1,424,specific_cloud_liquid_water_content,1.0,6.960850716230101e-12,1.0174122104055258e-11
r2p8_w256_di32,1,424,specific_cloud_liquid_water_content,2.0,6.97905872942246e-12,1.021981565394409e-11
r2p8_w256_di32,1,424,specific_cloud_liquid_water_content,3.0,6.894158364596004e-12,1.0094404289994773e-11
r2p8_w256_di32,1,424,specific_cloud_liquid_water_content,5.0,6.959709655962159e-12,1.020743185410703e-11
r2p8_w256_di32,1,424,specific_cloud_liquid_water_content,7.0,7.049454723725454e-12,1.0265281817352715e-11
r2p8_w256_di32,1,424,specific_cloud_liquid_water_content,10.0,6.904741347396527e-12,1.011988701660518e-11
r2p8_w256_di32,1,424,specific_cloud_liquid_water_content,20.0,5.3435425763698175e-12,7.468976807428541e-12
r2p8_w256_di32,1,424,specific_cloud_liquid_water_content,30.0,3.906649930766201e-12,6.913377805628468e-12
r2p8_w256_di32,1,424,specific_cloud_liquid_water_content,50.0,3.665392761854649e-12,1.025075936397636e-11
r2p8_w256_di32,1,424,specific_cloud_liquid_water_content,70.0,2.4087816302428625e-12,1.5268082493820606e-11
r2p8_w256_di32,1,424,specific_cloud_liquid_water_content,100.0,2.305795471391585e-12,1.3574930339567667e-11
r2p8_w256_di32,1,424,specific_cloud_liquid_water_content,125.0,1.980715439158574e-12,1.1646762874718472e-11
r2p8_w256_di32,1,424,specific_cloud_liquid_water_content,150.0,2.2718102831329924e-12,5.358779177547301e-12
r2p8_w256_di32,1,424,specific_cloud_liquid_water_content,175.0,2.7887149269078502e-12,3.2526339180397476e-12
r2p8_w256_di32,1,424,specific_cloud_liquid_water_content,200.0,3.3221211096406432e-12,4.12560804474391e-12
r2p8_w256_di32,1,424,specific_cloud_liquid_water_content,225.0,2.8765502800703413e-12,3.5891819163380027e-12
r2p8_w256_di32,1,424,specific_cloud_liquid_water_content,250.0,3.164678334531436e-12,3.662611166889071e-12
r2p8_w256_di32,1,424,specific_cloud_liquid_water_content,300.0,5.122975064937647e-12,6.238647068221313e-12
r2p8_w256_di32,1,424,specific_cloud_liquid_water_content,350.0,7.957461985959718e-12,9.414504870667582e-12
r2p8_w256_di32,1,424,specific_cloud_liquid_water_content,400.0,1.552316402925363e-11,1.7638548123758907e-11
r2p8_w256_di32,1,424,specific_cloud_liquid_water_content,450.0,3.5263638976948825e-11,3.916262714917356e-11
r2p8_w256_di32,1,424,specific_cloud_liquid_water_content,500.0,7.745687769108952e-11,8.574862695852733e-11
r2p8_w256_di32,1,424,specific_cloud_liquid_water_content,550.0,1.3065076468198478e-10,1.3534032664143862e-10
r2p8_w256_di32,1,424,specific_cloud_liquid_water_content,600.0,1.0494442934458747e-10,1.1365152542347509e-10
r2p8_w256_di32,1,424,specific_cloud_liquid_water_content,650.0,1.0600061239225198e-10,1.1392406245650816e-10
r2p8_w256_di32,1,424,specific_cloud_liquid_water_content,700.0,1.2998984417027117e-10,1.3742441661534624e-10
r2p8_w256_di32,1,424,specific_cloud_liquid_water_content,750.0,1.6661817846583605e-10,1.7597280478911544e-10
r2p8_w256_di32,1,424,specific_cloud_liquid_water_content,775.0,1.8760434774014486e-10,1.9862981925529551e-10
r2p8_w256_di32,1,424,specific_cloud_liquid_water_content,800.0,2.1662372748966472e-10,2.730653900685456e-10
r2p8_w256_di32,1,424,specific_cloud_liquid_water_content,825.0,2.838498005084331e-10,3.501281898621731e-10
r2p8_w256_di32,1,424,specific_cloud_liquid_water_content,850.0,3.367170732005296e-10,5.416260071219975e-10
r2p8_w256_di32,1,424,specific_cloud_liquid_water_content,875.0,3.45171796013947e-10,8.839387642997965e-10
r2p8_w256_di32,1,424,specific_cloud_liquid_water_content,900.0,3.08558149439639e-10,4.836896672993631e-10
r2p8_w256_di32,1,424,specific_cloud_liquid_water_content,925.0,2.4837554240315123e-10,3.4885476556946977e-10
r2p8_w256_di32,1,424,specific_cloud_liquid_water_content,950.0,1.717761228553055e-10,2.707508159252781e-10
r2p8_w256_di32,1,424,specific_cloud_liquid_water_content,975.0,1.0367759170511923e-10,2.1424833653089605e-10
r2p8_w256_di32,1,424,specific_cloud_liquid_water_content,1000.0,6.08969232715158e-11,7.314225598683452e-11
r2p8_w256_di32,2,848,temperature,1.0,75.19899358061171,358.0023137358046
r2p8_w256_di32,2,848,temperature,2.0,49.46142185905955,874.0680620435996
r2p8_w256_di32,2,848,temperature,3.0,32.390100264139605,1083.6611000087253
r2p8_w256_di32,2,848,temperature,5.0,18.356825226852575,840.6770165931728
r2p8_w256_di32,2,848,temperature,7.0,12.234180402919598,598.7402396605187
r2p8_w256_di32,2,848,temperature,10.0,6.932305318301486,415.5054927026283
r2p8_w256_di32,2,848,temperature,20.0,5.231110039609405,56.26678261511105
r2p8_w256_di32,2,848,temperature,30.0,3.8718095885928965,5.428618135812766
r2p8_w256_di32,2,848,temperature,50.0,0.38092296676537424,36.6637372544541
r2p8_w256_di32,2,848,temperature,70.0,0.37079606127902814,2.824740810492604
r2p8_w256_di32,2,848,temperature,100.0,0.2558116016416615,0.9058943371182865
r2p8_w256_di32,2,848,temperature,125.0,0.16940880641597242,1.8663319237043767
r2p8_w256_di32,2,848,temperature,150.0,0.1361507817232322,1.0586526086649943
r2p8_w256_di32,2,848,temperature,175.0,0.12455395877975778,0.36318827418936894
r2p8_w256_di32,2,848,temperature,200.0,0.12989476659556026,0.17778255866770074
r2p8_w256_di32,2,848,temperature,225.0,0.13519545711090475,0.19006634048375068
r2p8_w256_di32,2,848,temperature,250.0,0.13230877116680964,0.18031897307261568
r2p8_w256_di32,2,848,temperature,300.0,0.12216572812230317,0.18258865997963344
r2p8_w256_di32,2,848,temperature,350.0,0.11342368134108606,0.15993107006312235
r2p8_w256_di32,2,848,temperature,400.0,0.11115286237595418,0.1305034863682547
r2p8_w256_di32,2,848,temperature,450.0,0.11125911449136602,0.1274013631429869
r2p8_w256_di32,2,848,temperature,500.0,0.11108228455192035,0.12532938292755705
r2p8_w256_di32,2,848,temperature,550.0,0.11616847624176556,0.135552176751222
r2p8_w256_di32,2,848,temperature,600.0,0.12294365673028317,0.1413268481947712
r2p8_w256_di32,2,848,temperature,650.0,0.13241656982304714,0.1564059346402224
r2p8_w256_di32,2,848,temperature,700.0,0.14335038165251415,0.1712057112060052
r2p8_w256_di32,2,848,temperature,750.0,0.16344922613544563,0.19928002034880452
r2p8_w256_di32,2,848,temperature,775.0,0.17411779215450549,0.1979398658902375
r2p8_w256_di32,2,848,temperature,800.0,0.1904199641799599,0.2363368093557784
r2p8_w256_di32,2,848,temperature,825.0,0.21654968975540698,0.27649815795347865
r2p8_w256_di32,2,848,temperature,850.0,0.23338040444244634,0.3165986422410945
r2p8_w256_di32,2,848,temperature,875.0,0.2383985525041921,0.3447338347377646
r2p8_w256_di32,2,848,temperature,900.0,0.23817769453902424,0.3191861096219099
r2p8_w256_di32,2,848,temperature,925.0,0.24131919994591847,0.3288695980900342
r2p8_w256_di32,2,848,temperature,950.0,0.25338859005072684,0.3440106383508833
r2p8_w256_di32,2,848,temperature,975.0,0.28011338818319065,0.3665103801951785
r2p8_w256_di32,2,848,temperature,1000.0,0.29223923702625065,0.39382350852399345
r2p8_w256_di32,2,848,geopotential,1.0,904225144.566323,28592201.705841925
r2p8_w256_di32,2,848,geopotential,2.0,421705871.6151203,5508494.419243987
r2p8_w256_di32,2,848,geopotential,3.0,239814309.2783505,3056900.5948453606
r2p8_w256_di32,2,848,geopotential,5.0,90220112.5718213,1495622.2761168384
r2p8_w256_di32,2,848,geopotential,7.0,35922425.003436424,682745.8064862543
r2p8_w256_di32,2,848,geopotential,10.0,7552648.180412371,273632.96913659794
r2p8_w256_di32,2,848,geopotential,20.0,1870461.121821306,698068.1586340206
r2p8_w256_di32,2,848,geopotential,30.0,3139592.8699312713,397706.50968642614
r2p8_w256_di32,2,848,geopotential,50.0,3545.1752452312876,63493.23229972079
r2p8_w256_di32,2,848,geopotential,70.0,3058.496623308634,111088.81904531787
r2p8_w256_di32,2,848,geopotential,100.0,1947.3920830900317,5162.705454151901
r2p8_w256_di32,2,848,geopotential,125.0,1600.7544679412317,2521.36658436359
r2p8_w256_di32,2,848,geopotential,150.0,1447.6305559610582,1787.3778509919996
r2p8_w256_di32,2,848,geopotential,175.0,1401.25583080803,2437.8361364200764
r2p8_w256_di32,2,848,geopotential,200.0,1392.0184857240656,2531.2894755255315
r2p8_w256_di32,2,848,geopotential,225.0,1334.66822119644,2188.3608277625644
r2p8_w256_di32,2,848,geopotential,250.0,1327.4334120707824,1760.4324209521317
r2p8_w256_di32,2,848,geopotential,300.0,1326.4102626734993,1888.3946744623872
r2p8_w256_di32,2,848,geopotential,350.0,1262.2029262057695,1756.9228327695446
r2p8_w256_di32,2,848,geopotential,400.0,1164.8296497043466,1516.423754547224
r2p8_w256_di32,2,848,geopotential,450.0,1068.8698042512349,1440.289636398263
r2p8_w256_di32,2,848,geopotential,500.0,984.3614905078796,1309.1919100522175
r2p8_w256_di32,2,848,geopotential,550.0,916.9645822636451,1289.9413215139068
r2p8_w256_di32,2,848,geopotential,600.0,874.5392489403794,1212.632022273008
r2p8_w256_di32,2,848,geopotential,650.0,845.6806461714388,1240.4898060801922
r2p8_w256_di32,2,848,geopotential,700.0,839.1996944886303,1197.1991490314915
r2p8_w256_di32,2,848,geopotential,750.0,838.9861821859563,1211.03794863986
r2p8_w256_di32,2,848,geopotential,775.0,849.8817782372544,1267.4644186013343
r2p8_w256_di32,2,848,geopotential,800.0,859.8848000018457,1286.0240168935245
r2p8_w256_di32,2,848,geopotential,825.0,876.5115020856824,1277.0547618747987
r2p8_w256_di32,2,848,geopotential,850.0,896.7007591011597,1318.1238896215905
r2p8_w256_di32,2,848,geopotential,875.0,920.5010710306593,1374.0385232512483
r2p8_w256_di32,2,848,geopotential,900.0,960.3472132731958,1459.968931930909
r2p8_w256_di32,2,848,geopotential,925.0,1007.6959030937903,1542.3588189298755
r2p8_w256_di32,2,848,geopotential,950.0,1060.872597857603,1674.7017113334944
r2p8_w256_di32,2,848,geopotential,975.0,1143.3865640017584,1905.6566325708764
r2p8_w256_di32,2,848,geopotential,1000.0,1260.156984435406,2334.8449833715904
r2p8_w256_di32,2,848,u_component_of_wind,1.0,722.9386758601133,1483.3238987663767
r2p8_w256_di32,2,848,u_component_of_wind,2.0,455.2801186682842,642.9846288517168
r2p8_w256_di32,2,848,u_component_of_wind,3.0,285.6802493013467,405.00038191018643
r2p8_w256_di32,2,848,u_component_of_wind,5.0,139.57897599472622,199.2958301268902
r2p8_w256_di32,2,848,u_component_of_wind,7.0,94.83603440379768,143.07548215151652
r2p8_w256_di32,2,848,u_component_of_wind,10.0,68.12114248111895,116.59784130083327
r2p8_w256_di32,2,848,u_component_of_wind,20.0,26.779242006282217,47.67196472403929
r2p8_w256_di32,2,848,u_component_of_wind,30.0,26.19292216612301,35.94719674153016
r2p8_w256_di32,2,848,u_component_of_wind,50.0,1.1315817461390676,5.714687869147337
r2p8_w256_di32,2,848,u_component_of_wind,70.0,1.12226303430767,2.3282156556742297
r2p8_w256_di32,2,848,u_component_of_wind,100.0,1.3048216249115279,2.4761475419670447
r2p8_w256_di32,2,848,u_component_of_wind,125.0,1.4188450351613493,2.018311965834234
r2p8_w256_di32,2,848,u_component_of_wind,150.0,1.4963557155271576,2.4445270819352665
r2p8_w256_di32,2,848,u_component_of_wind,175.0,1.5222772715427622,3.4277329082751193
r2p8_w256_di32,2,848,u_component_of_wind,200.0,1.596340423883851,2.1826997010568574
r2p8_w256_di32,2,848,u_component_of_wind,225.0,1.7501107596859489,2.8050934778456016
r2p8_w256_di32,2,848,u_component_of_wind,250.0,1.88050915801648,2.5530228862238094
r2p8_w256_di32,2,848,u_component_of_wind,300.0,1.9726522819283083,3.1088546484196717
r2p8_w256_di32,2,848,u_component_of_wind,350.0,1.807396195352692,2.8702175735198345
r2p8_w256_di32,2,848,u_component_of_wind,400.0,1.59124540152009,2.069076238710856
r2p8_w256_di32,2,848,u_component_of_wind,450.0,1.4034066351418644,1.7528170438156914
r2p8_w256_di32,2,848,u_component_of_wind,500.0,1.2501135787603372,1.4415224727486418
r2p8_w256_di32,2,848,u_component_of_wind,550.0,1.1626420173448386,1.3219600840942147
r2p8_w256_di32,2,848,u_component_of_wind,600.0,1.0861500463125222,1.2336101082592077
r2p8_w256_di32,2,848,u_component_of_wind,650.0,1.0444742619786476,1.2644339421360764
r2p8_w256_di32,2,848,u_component_of_wind,700.0,1.003151554831934,1.1614367401476988
r2p8_w256_di32,2,848,u_component_of_wind,750.0,0.9663509646232186,1.1011840756816142
r2p8_w256_di32,2,848,u_component_of_wind,775.0,0.9445383881785206,1.0879736799964381
r2p8_w256_di32,2,848,u_component_of_wind,800.0,0.92787974003664,1.059188487152873
r2p8_w256_di32,2,848,u_component_of_wind,825.0,0.9099692950543669,1.0330538200758577
r2p8_w256_di32,2,848,u_component_of_wind,850.0,0.8807123280472772,0.9970903414631218
r2p8_w256_di32,2,848,u_component_of_wind,875.0,0.8459510380050161,0.9715611051448022
r2p8_w256_di32,2,848,u_component_of_wind,900.0,0.8174166316838608,0.9697170742598595
r2p8_w256_di32,2,848,u_component_of_wind,925.0,0.8008179622417463,0.9546644751148945
r2p8_w256_di32,2,848,u_component_of_wind,950.0,0.7643924616456441,0.9396143680995273
r2p8_w256_di32,2,848,u_component_of_wind,975.0,0.679763151218801,0.9070440074422516
r2p8_w256_di32,2,848,u_component_of_wind,1000.0,0.5664272328627479,0.8497809281463885
r2p8_w256_di32,2,848,v_component_of_wind,1.0,119.05225657564668,138.880821427283
r2p8_w256_di32,2,848,v_component_of_wind,2.0,72.77250083844686,87.78299767667895
r2p8_w256_di32,2,848,v_component_of_wind,3.0,52.03747801108868,66.7927071640172
r2p8_w256_di32,2,848,v_component_of_wind,5.0,32.71310249145088,41.54947986143971
r2p8_w256_di32,2,848,v_component_of_wind,7.0,24.73936256133404,30.411145441638645
r2p8_w256_di32,2,848,v_component_of_wind,10.0,17.121713023497065,20.51587206129356
r2p8_w256_di32,2,848,v_component_of_wind,20.0,9.852611001660325,10.905591055945433
r2p8_w256_di32,2,848,v_component_of_wind,30.0,8.196863597856764,10.545275026170659
r2p8_w256_di32,2,848,v_component_of_wind,50.0,1.1579218097159134,6.063968823455863
r2p8_w256_di32,2,848,v_component_of_wind,70.0,1.2083303110706027,34.95687699334318
r2p8_w256_di32,2,848,v_component_of_wind,100.0,1.358649160648949,4.1769182028229705
r2p8_w256_di32,2,848,v_component_of_wind,125.0,1.464807457694483,5.709155043703584
r2p8_w256_di32,2,848,v_component_of_wind,150.0,1.4900461818754058,3.171065423414879
r2p8_w256_di32,2,848,v_component_of_wind,175.0,1.4851046708850926,2.231586428032708
r2p8_w256_di32,2,848,v_component_of_wind,200.0,1.5519517937067038,2.091314252873057
r2p8_w256_di32,2,848,v_component_of_wind,225.0,1.7551270650424498,2.798417974501541
r2p8_w256_di32,2,848,v_component_of_wind,250.0,1.9538696924845378,3.84909461470404
r2p8_w256_di32,2,848,v_component_of_wind,300.0,2.199929283328892,4.491624100019842
r2p8_w256_di32,2,848,v_component_of_wind,350.0,2.0805937891563597,3.1176624153897525
r2p8_w256_di32,2,848,v_component_of_wind,400.0,1.842572056304958,2.2981011197329386
r2p8_w256_di32,2,848,v_component_of_wind,450.0,1.6110221734161638,2.026657154551896
r2p8_w256_di32,2,848,v_component_of_wind,500.0,1.4217242776323429,1.8487353945925473
r2p8_w256_di32,2,848,v_component_of_wind,550.0,1.3090241281027646,1.5193154628334176
r2p8_w256_di32,2,848,v_component_of_wind,600.0,1.2139677363163008,1.4522092318616782
r2p8_w256_di32,2,848,v_component_of_wind,650.0,1.158326429722645,1.6159545672308537
r2p8_w256_di32,2,848,v_component_of_wind,700.0,1.1124399000017093,1.4587567273693807
r2p8_w256_di32,2,848,v_component_of_wind,750.0,1.0738952532257002,1.3284858051444246
r2p8_w256_di32,2,848,v_component_of_wind,775.0,1.0539147950939296,1.5081657766066876
r2p8_w256_di32,2,848,v_component_of_wind,800.0,1.0374182451221952,1.82328976552511
r2p8_w256_di32,2,848,v_component_of_wind,825.0,1.0209088774071526,1.6038081233853736
r2p8_w256_di32,2,848,v_component_of_wind,850.0,0.9962723830311568,1.4367968710017778
r2p8_w256_di32,2,848,v_component_of_wind,875.0,0.9674795301099823,1.4532221527853373
r2p8_w256_di32,2,848,v_component_of_wind,900.0,0.9479510768582321,1.2966076199131733
r2p8_w256_di32,2,848,v_component_of_wind,925.0,0.9261941030263081,1.1766903143568137
r2p8_w256_di32,2,848,v_component_of_wind,950.0,0.8840874612126564,1.1193236315782946
r2p8_w256_di32,2,848,v_component_of_wind,975.0,0.7781730204513393,1.0691339187605684
r2p8_w256_di32,2,848,v_component_of_wind,1000.0,0.6346544354846797,0.8734622217125909
r2p8_w256_di32,2,848,specific_humidity,1.0,7.979712329664615e-13,1.3620574232382246e-13
r2p8_w256_di32,2,848,specific_humidity,2.0,5.29086877704512e-13,5.6407640585130115e-14
r2p8_w256_di32,2,848,specific_humidity,3.0,3.6428078088250586e-13,3.16379216741621e-14
r2p8_w256_di32,2,848,specific_humidity,5.0,1.8613657648499995e-13,5.301666540314641e-14
r2p8_w256_di32,2,848,specific_humidity,7.0,1.1637544761544083e-13,9.318928836254848e-14
r2p8_w256_di32,2,848,specific_humidity,10.0,6.511209778552283e-14,1.5008472815175138e-13
r2p8_w256_di32,2,848,specific_humidity,20.0,1.788848140050651e-14,1.4499455421452654e-13
r2p8_w256_di32,2,848,specific_humidity,30.0,1.002146847301838e-14,2.122051185833539e-14
r2p8_w256_di32,2,848,specific_humidity,50.0,1.5086202651576535e-16,1.2175752783299453e-13
r2p8_w256_di32,2,848,specific_humidity,70.0,6.555352921912525e-16,1.0256425645219856e-14
r2p8_w256_di32,2,848,specific_humidity,100.0,7.841293617331244e-15,1.7857498536799482e-14
r2p8_w256_di32,2,848,specific_humidity,125.0,5.6395601411281255e-14,2.772283119921579e-13
r2p8_w256_di32,2,848,specific_humidity,150.0,4.4888748201515315e-13,1.9807872626717286e-12
r2p8_w256_di32,2,848,specific_humidity,175.0,3.1129370728082507e-12,9.407500282010676e-12
r2p8_w256_di32,2,848,specific_humidity,200.0,1.7224567795719864e-11,3.03477637826855e-11
r2p8_w256_di32,2,848,specific_humidity,225.0,7.266019820229885e-11,1.3202672553926504e-10
r2p8_w256_di32,2,848,specific_humidity,250.0,2.260142254336237e-10,3.809082156793489e-10
r2p8_w256_di32,2,848,specific_humidity,300.0,1.1943600377511298e-09,2.1789241314638576e-09
r2p8_w256_di32,2,848,specific_humidity,350.0,4.1034687231203145e-09,6.0668273441251195e-09
r2p8_w256_di32,2,848,specific_humidity,400.0,1.0218196281929792e-08,1.6271988358191706e-08
r2p8_w256_di32,2,848,specific_humidity,450.0,2.1221508844362654e-08,2.9011082077920765e-08
r2p8_w256_di32,2,848,specific_humidity,500.0,3.633391267640685e-08,4.7223939150273224e-08
r2p8_w256_di32,2,848,specific_humidity,550.0,5.825099867052357e-08,6.8672130874205e-08
r2p8_w256_di32,2,848,specific_humidity,600.0,7.987532751446492e-08,1.0824145973758052e-07
r2p8_w256_di32,2,848,specific_humidity,650.0,1.1199283436752987e-07,1.792415911486887e-07
r2p8_w256_di32,2,848,specific_humidity,700.0,1.436713131456084e-07,2.300691131386506e-07
r2p8_w256_di32,2,848,specific_humidity,750.0,1.7886858791580598e-07,2.6022362844218515e-07
r2p8_w256_di32,2,848,specific_humidity,775.0,1.9098260635633102e-07,2.628142575777582e-07
r2p8_w256_di32,2,848,specific_humidity,800.0,2.0336908329278867e-07,2.5830276612883684e-07
r2p8_w256_di32,2,848,specific_humidity,825.0,2.1300108063225765e-07,2.594032359362133e-07
r2p8_w256_di32,2,848,specific_humidity,850.0,2.108220350025642e-07,2.734590711276608e-07
r2p8_w256_di32,2,848,specific_humidity,875.0,1.9530405060497688e-07,2.4208665579572346e-07
r2p8_w256_di32,2,848,specific_humidity,900.0,1.7737926227155216e-07,2.154501557565537e-07
r2p8_w256_di32,2,848,specific_humidity,925.0,1.493074445703311e-07,1.841878697042716e-07
r2p8_w256_di32,2,848,specific_humidity,950.0,1.1990993478272445e-07,1.5847021152482123e-07
r2p8_w256_di32,2,848,specific_humidity,975.0,1.1499239043863894e-07,1.3497281253897377e-07
r2p8_w256_di32,2,848,specific_humidity,1000.0,1.1164597994239398e-07,1.3990607120225225e-07
r2p8_w256_di32,2,848,specific_cloud_ice_water_content,1.0,2.0656094913948557e-12,2.2776082564112174e-12
r2p8_w256_di32,2,848,specific_cloud_ice_water_content,2.0,2.0234545277697125e-12,2.2799243328178616e-12
r2p8_w256_di32,2,848,specific_cloud_ice_water_content,3.0,2.0223645892362894e-12,2.2933901767807323e-12
r2p8_w256_di32,2,848,specific_cloud_ice_water_content,5.0,2.00482062520991e-12,2.282838184725688e-12
r2p8_w256_di32,2,848,specific_cloud_ice_water_content,7.0,2.0152753867592816e-12,2.2822034403149236e-12
r2p8_w256_di32,2,848,specific_cloud_ice_water_content,10.0,2.037115150627534e-12,2.2752839266552516e-12
r2p8_w256_di32,2,848,specific_cloud_ice_water_content,20.0,1.436444092610472e-12,1.7533879622778098e-12
r2p8_w256_di32,2,848,specific_cloud_ice_water_content,30.0,1.0323275304599433e-12,1.4260747223025958e-12
r2p8_w256_di32,2,848,specific_cloud_ice_water_content,50.0,6.04867116940882e-13,1.007371962059054e-12
r2p8_w256_di32,2,848,specific_cloud_ice_water_content,70.0,5.007802197102933e-13,8.354161915049579e-13
r2p8_w256_di32,2,848,specific_cloud_ice_water_content,100.0,1.41792414577202e-12,1.8512736738267256e-12
r2p8_w256_di32,2,848,specific_cloud_ice_water_content,125.0,7.433379552119128e-12,8.401970533168385e-12
r2p8_w256_di32,2,848,specific_cloud_ice_water_content,150.0,2.0437429827850873e-11,2.1568447131217665e-11
r2p8_w256_di32,2,848,specific_cloud_ice_water_content,175.0,3.4651052583181316e-11,3.6640083444731807e-11
r2p8_w256_di32,2,848,specific_cloud_ice_water_content,200.0,4.9533701323312176e-11,5.3014631839460804e-11
r2p8_w256_di32,2,848,specific_cloud_ice_water_content,225.0,6.440855524445746e-11,7.098238769149887e-11
r2p8_w256_di32,2,848,specific_cloud_ice_water_content,250.0,7.128898804799967e-11,8.209509310182375e-11
r2p8_w256_di32,2,848,specific_cloud_ice_water_content,300.0,6.805355274630973e-11,8.189207652252198e-11
r2p8_w256_di32,2,848,specific_cloud_ice_water_content,350.0,6.064485854360536e-11,7.18071881928789e-11
r2p8_w256_di32,2,848,specific_cloud_ice_water_content,400.0,4.579369841041881e-11,5.340151361869881e-11
r2p8_w256_di32,2,848,specific_cloud_ice_water_content,450.0,3.341729136034257e-11,3.8836134639885243e-11
r2p8_w256_di32,2,848,specific_cloud_ice_water_content,500.0,2.3787024569424588e-11,2.7376288586916213e-11
r2p8_w256_di32,2,848,specific_cloud_ice_water_content,550.0,1.584411670627491e-11,1.8876656356176982e-11
r2p8_w256_di32,2,848,specific_cloud_ice_water_content,600.0,1.1052950666157134e-11,1.2991200381702637e-11
r2p8_w256_di32,2,848,specific_cloud_ice_water_content,650.0,8.164465710032475e-12,9.677372904672808e-12
r2p8_w256_di32,2,848,specific_cloud_ice_water_content,700.0,6.09391010173955e-12,6.939341085515027e-12
r2p8_w256_di32,2,848,specific_cloud_ice_water_content,750.0,4.78754874018024e-12,5.605396226053468e-12
r2p8_w256_di32,2,848,specific_cloud_ice_water_content,775.0,4.713934288971145e-12,5.35006711115421e-12
r2p8_w256_di32,2,848,specific_cloud_ice_water_content,800.0,4.707491983358201e-12,5.502220471613296e-12
r2p8_w256_di32,2,848,specific_cloud_ice_water_content,825.0,4.550229323514479e-12,5.1587530489995894e-12
r2p8_w256_di32,2,848,specific_cloud_ice_water_content,850.0,3.961986983271616e-12,4.337145272645069e-12
r2p8_w256_di32,2,848,specific_cloud_ice_water_content,875.0,3.203053258355219e-12,3.515191189150939e-12
r2p8_w256_di32,2,848,specific_cloud_ice_water_content,900.0,2.611289247265449e-12,3.071311704835591e-12
r2p8_w256_di32,2,848,specific_cloud_ice_water_content,925.0,2.0978291394259484e-12,2.5846290531762115e-12
r2p8_w256_di32,2,848,specific_cloud_ice_water_content,950.0,1.5283444514611215e-12,1.8618697057269226e-12
r2p8_w256_di32,2,848,specific_cloud_ice_water_content,975.0,1.052711194566144e-12,1.2576203705557545e-12
r2p8_w256_di32,2,848,specific_cloud_ice_water_content,1000.0,8.760627932093284e-13,1.0011802158289764e-12
r2p8_w256_di32,2,848,specific_cloud_liquid_water_content,1.0,6.960850716230101e-12,1.0835708046752376e-11
r2p8_w256_di32,2,848,specific_cloud_liquid_water_content,2.0,6.97905872942246e-12,1.0689272969892165e-11
r2p8_w256_di32,2,848,specific_cloud_liquid_water_content,3.0,6.894158364596004e-12,1.0841603754857943e-11
r2p8_w256_di32,2,848,specific_cloud_liquid_water_content,5.0,6.959709655962159e-12,1.0729773318051333e-11
r2p8_w256_di32,2,848,specific_cloud_liquid_water_content,7.0,7.049454723725454e-12,1.0629756599680836e-11
r2p8_w256_di32,2,848,specific_cloud_liquid_water_content,10.0,6.904741347396527e-12,1.0812133231613964e-11
r2p8_w256_di32,2,848,specific_cloud_liquid_water_content,20.0,5.3435425763698175e-12,7.892775766019662e-12
r2p8_w256_di32,2,848,specific_cloud_liquid_water_content,30.0,3.906649930766201e-12,5.9272600135253885e-12
r2p8_w256_di32,2,848,specific_cloud_liquid_water_content,50.0,3.665392761854649e-12,1.049104181367435e-11
r2p8_w256_di32,2,848,specific_cloud_liquid_water_content,70.0,2.4087816302428625e-12,2.1353987952530222e-11
r2p8_w256_di32,2,848,specific_cloud_liquid_water_content,100.0,2.305795471391585e-12,1.539094838594214e-11
r2p8_w256_di32,2,848,specific_cloud_liquid_water_content,125.0,1.980715439158574e-12,8.682378698265878e-12
r2p8_w256_di32,2,848,specific_cloud_liquid_water_content,150.0,2.2718102831329924e-12,6.655692863968689e-12
r2p8_w256_di32,2,848,specific_cloud_liquid_water_content,175.0,2.7887149269078502e-12,4.49511129862584e-12
r2p8_w256_di32,2,848,specific_cloud_liquid_water_content,200.0,3.3221211096406432e-12,4.433985775073199e-12
r2p8_w256_di32,2,848,specific_cloud_liquid_water_content,225.0,2.8765502800703413e-12,3.5973721153164054e-12
r2p8_w256_di32,2,848,specific_cloud_liquid_water_content,250.0,3.164678334531436e-12,4.173693361167711e-12
r2p8_w256_di32,2,848,specific_cloud_liquid_water_content,300.0,5.122975064937647e-12,6.2170230152053764e-12
r2p8_w256_di32,2,848,specific_cloud_liquid_water_content,350.0,7.957461985959718e-12,9.841638932905753e-12
r2p8_w256_di32,2,848,specific_cloud_liquid_water_content,400.0,1.552316402925363e-11,1.772436774836153e-11
r2p8_w256_di32,2,848,specific_cloud_liquid_water_content,450.0,3.5263638976948825e-11,3.954343584512864e-11
r2p8_w256_di32,2,848,specific_cloud_liquid_water_content,500.0,7.745687769108952e-11,8.543177235230532e-11
r2p8_w256_di32,2,848,specific_cloud_liquid_water_content,550.0,1.3065076468198478e-10,1.3578604875186176e-10
r2p8_w256_di32,2,848,specific_cloud_liquid_water_content,600.0,1.0494442934458747e-10,1.1391852850978231e-10
r2p8_w256_di32,2,848,specific_cloud_liquid_water_content,650.0,1.0600061239225198e-10,1.140584861524321e-10
r2p8_w256_di32,2,848,specific_cloud_liquid_water_content,700.0,1.2998984417027117e-10,1.3912325953353887e-10
r2p8_w256_di32,2,848,specific_cloud_liquid_water_content,750.0,1.6661817846583605e-10,1.7836738152246445e-10
r2p8_w256_di32,2,848,specific_cloud_liquid_water_content,775.0,1.8760434774014486e-10,2.034894384533725e-10
r2p8_w256_di32,2,848,specific_cloud_liquid_water_content,800.0,2.1662372748966472e-10,2.702163208157849e-10
r2p8_w256_di32,2,848,specific_cloud_liquid_water_content,825.0,2.838498005084331e-10,3.5142517096048525e-10
r2p8_w256_di32,2,848,specific_cloud_liquid_water_content,850.0,3.367170732005296e-10,5.513493210858317e-10
r2p8_w256_di32,2,848,specific_cloud_liquid_water_content,875.0,3.45171796013947e-10,7.77473086025596e-10
r2p8_w256_di32,2,848,specific_cloud_liquid_water_content,900.0,3.08558149439639e-10,5.72643348490118e-10
r2p8_w256_di32,2,848,specific_cloud_liquid_water_content,925.0,2.4837554240315123e-10,3.6315543014525113e-10
r2p8_w256_di32,2,848,specific_cloud_liquid_water_content,950.0,1.717761228553055e-10,3.000215183774241e-10
r2p8_w256_di32,2,848,specific_cloud_liquid_water_content,975.0,1.0367759170511923e-10,2.371375247751791e-10
r2p8_w256_di32,2,848,specific_cloud_liquid_water_content,1000.0,6.08969232715158e-11,7.913922730437399e-11
r2p8_w256_di32,3,1272,temperature,1.0,75.19899358061171,352.0607869466146
r2p8_w256_di32,3,1272,temperature,2.0,49.46142185905955,859.5923786595924
r2p8_w256_di32,3,1272,temperature,3.0,32.390100264139605,1073.3076051902115
r2p8_w256_di32,3,1272,temperature,5.0,18.356825226852575,824.05657736657
r2p8_w256_di32,3,1272,temperature,7.0,12.234180402919598,582.3853327695447
r2p8_w256_di32,3,1272,temperature,10.0,6.932305318301486,398.9685837368785
r2p8_w256_di32,3,1272,temperature,20.0,5.231110039609405,53.50085478582743
r2p8_w256_di32,3,1272,temperature,30.0,3.8718095885928965,5.288573926584827
r2p8_w256_di32,3,1272,temperature,50.0,0.38092296676537424,33.39811122409257
r2p8_w256_di32,3,1272,temperature,70.0,0.37079606127902814,5.249467152992065
r2p8_w256_di32,3,1272,temperature,100.0,0.2558116016416615,1.3616233052257
r2p8_w256_di32,3,1272,temperature,125.0,0.16940880641597242,1.85174101201939
r2p8_w256_di32,3,1272,temperature,150.0,0.1361507817232322,0.9266099995354197
r2p8_w256_di32,3,1272,temperature,175.0,0.12455395877975778,0.32026757868294864
r2p8_w256_di32,3,1272,temperature,200.0,0.12989476659556026,0.18021903209055412
r2p8_w256_di32,3,1272,temperature,225.0,0.13519545711090475,0.1882397855782427
r2p8_w256_di32,3,1272,temperature,250.0,0.13230877116680964,0.19096570361111173
r2p8_w256_di32,3,1272,temperature,300.0,0.12216572812230317,0.1945522982844782
r2p8_w256_di32,3,1272,temperature,350.0,0.11342368134108606,0.15813105922589188
r2p8_w256_di32,3,1272,temperature,400.0,0.11115286237595418,0.13246189241147124
r2p8_w256_di32,3,1272,temperature,450.0,0.11125911449136602,0.13070029706991826
r2p8_w256_di32,3,1272,temperature,500.0,0.11108228455192035,0.12739305757370192
r2p8_w256_di32,3,1272,temperature,550.0,0.11616847624176556,0.1385745701357671
r2p8_w256_di32,3,1272,temperature,600.0,0.12294365673028317,0.14446291893310972
r2p8_w256_di32,3,1272,temperature,650.0,0.13241656982304714,0.16245077979011635
r2p8_w256_di32,3,1272,temperature,700.0,0.14335038165251415,0.17339921475378509
r2p8_w256_di32,3,1272,temperature,750.0,0.16344922613544563,0.19647014470854166
r2p8_w256_di32,3,1272,temperature,775.0,0.17411779215450549,0.2001615917662165
r2p8_w256_di32,3,1272,temperature,800.0,0.1904199641799599,0.2369116333137263
r2p8_w256_di32,3,1272,temperature,825.0,0.21654968975540698,0.26294529923458687
r2p8_w256_di32,3,1272,temperature,850.0,0.23338040444244634,0.3394558059595704
r2p8_w256_di32,3,1272,temperature,875.0,0.2383985525041921,0.35148861543419435
r2p8_w256_di32,3,1272,temperature,900.0,0.23817769453902424,0.31625892758574276
r2p8_w256_di32,3,1272,temperature,925.0,0.24131919994591847,0.3231193119103147
r2p8_w256_di32,3,1272,temperature,950.0,0.25338859005072684,0.34083902112806785
r2p8_w256_di32,3,1272,temperature,975.0,0.28011338818319065,0.36364405094757934
r2p8_w256_di32,3,1272,temperature,1000.0,0.29223923702625065,0.3906965636100966
r2p8_w256_di32,3,1272,geopotential,1.0,904225144.566323,22907329.063917525
r2p8_w256_di32,3,1272,geopotential,2.0,421705871.6151203,4294762.573195877
r2p8_w256_di32,3,1272,geopotential,3.0,239814309.2783505,2292760.4451890034
r2p8_w256_di32,3,1272,geopotential,5.0,90220112.5718213,1130804.3813573883
r2p8_w256_di32,3,1272,geopotential,7.0,35922425.003436424,531749.1839561856
r2p8_w256_di32,3,1272,geopotential,10.0,7552648.180412371,306517.70070876286
r2p8_w256_di32,3,1272,geopotential,20.0,1870461.121821306,801201.1506443298
r2p8_w256_di32,3,1272,geopotential,30.0,3139592.8699312713,425089.35262027493
r2p8_w256_di32,3,1272,geopotential,50.0,3545.1752452312876,52313.454247207905
r2p8_w256_di32,3,1272,geopotential,70.0,3058.496623308634,73955.34563466495
r2p8_w256_di32,3,1272,geopotential,100.0,1947.3920830900317,4430.315625503383
r2p8_w256_di32,3,1272,geopotential,125.0,1600.7544679412317,2460.1333148759663
r2p8_w256_di32,3,1272,geopotential,150.0,1447.6305559610582,1774.5317036736872
r2p8_w256_di32,3,1272,geopotential,175.0,1401.25583080803,2368.8369967011654
r2p8_w256_di32,3,1272,geopotential,200.0,1392.0184857240656,2644.3046859059546
r2p8_w256_di32,3,1272,geopotential,225.0,1334.66822119644,2337.53514517558
r2p8_w256_di32,3,1272,geopotential,250.0,1327.4334120707824,1803.8994895699097
r2p8_w256_di32,3,1272,geopotential,300.0,1326.4102626734993,1851.7292004772069
r2p8_w256_di32,3,1272,geopotential,350.0,1262.2029262057695,1755.5776638175205
r2p8_w256_di32,3,1272,geopotential,400.0,1164.8296497043466,1494.069796616597
r2p8_w256_di32,3,1272,geopotential,450.0,1068.8698042512349,1403.9419202037693
r2p8_w256_di32,3,1272,geopotential,500.0,984.3614905078796,1276.4407121691097
r2p8_w256_di32,3,1272,geopotential,550.0,916.9645822636451,1228.8527228810942
r2p8_w256_di32,3,1272,geopotential,600.0,874.5392489403794,1156.1348711675794
r2p8_w256_di32,3,1272,geopotential,650.0,845.6806461714388,1203.861867919083
r2p8_w256_di32,3,1272,geopotential,700.0,839.1996944886303,1162.6000200933606
r2p8_w256_di32,3,1272,geopotential,750.0,838.9861821859563,1223.2907785317332
r2p8_w256_di32,3,1272,geopotential,775.0,849.8817782372544,1282.816322059238
r2p8_w256_di32,3,1272,geopotential,800.0,859.8848000018457,1268.1993404427753
r2p8_w256_di32,3,1272,geopotential,825.0,876.5115020856824,1242.0895549341576
r2p8_w256_di32,3,1272,geopotential,850.0,896.7007591011597,1271.3417379372718
r2p8_w256_di32,3,1272,geopotential,875.0,920.5010710306593,1312.0766570520566
r2p8_w256_di32,3,1272,geopotential,900.0,960.3472132731958,1383.412275742993
r2p8_w256_di32,3,1272,geopotential,925.0,1007.6959030937903,1452.6312491610288
r2p8_w256_di32,3,1272,geopotential,950.0,1060.872597857603,1571.0802747798539
r2p8_w256_di32,3,1272,geopotential,975.0,1143.3865640017584,1796.285040723663
r2p8_w256_di32,3,1272,geopotential,1000.0,1260.156984435406,2286.2156246644117
r2p8_w256_di32,3,1272,u_component_of_wind,1.0,722.9386758601133,1548.3471695627952
r2p8_w256_di32,3,1272,u_component_of_wind,2.0,455.2801186682842,657.9126216088783
r2p8_w256_di32,3,1272,u_component_of_wind,3.0,285.6802493013467,419.7435384743812
r2p8_w256_di32,3,1272,u_component_of_wind,5.0,139.57897599472622,177.27713407536143
r2p8_w256_di32,3,1272,u_component_of_wind,7.0,94.83603440379768,123.32466024287378
r2p8_w256_di32,3,1272,u_component_of_wind,10.0,68.12114248111895,110.91347899289475
r2p8_w256_di32,3,1272,u_component_of_wind,20.0,26.779242006282217,48.545009046731536
r2p8_w256_di32,3,1272,u_component_of_wind,30.0,26.19292216612301,34.66768027630049
r2p8_w256_di32,3,1272,u_component_of_wind,50.0,1.1315817461390676,10.067082896019585
r2p8_w256_di32,3,1272,u_component_of_wind,70.0,1.12226303430767,2.4802018694861236
r2p8_w256_di32,3,1272,u_component_of_wind,100.0,1.3048216249115279,2.7874996880895084
r2p8_w256_di32,3,1272,u_component_of_wind,125.0,1.4188450351613493,2.336182962987841
r2p8_w256_di32,3,1272,u_component_of_wind,150.0,1.4963557155271576,2.8299281901919966
r2p8_w256_di32,3,1272,u_component_of_wind,175.0,1.5222772715427622,2.7378191270369436
r2p8_w256_di32,3,1272,u_component_of_wind,200.0,1.596340423883851,2.582249874265743
r2p8_w256_di32,3,1272,u_component_of_wind,225.0,1.7501107596859489,2.74559348350538
r2p8_w256_di32,3,1272,u_component_of_wind,250.0,1.88050915801648,2.721766741251208
r2p8_w256_di32,3,1272,u_component_of_wind,300.0,1.9726522819283083,3.564849286718467
r2p8_w256_di32,3,1272,u_component_of_wind,350.0,1.807396195352692,3.532480366533155
r2p8_w256_di32,3,1272,u_component_of_wind,400.0,1.59124540152009,2.327130190367551
r2p8_w256_di32,3,1272,u_component_of_wind,450.0,1.4034066351418644,1.899635713780459
r2p8_w256_di32,3,1272,u_component_of_wind,500.0,1.2501135787603372,1.5072943521938782
r2p8_w256_di32,3,1272,u_component_of_wind,550.0,1.1626420173448386,1.3230108954652477
r2p8_w256_di32,3,1272,u_component_of_wind,600.0,1.0861500463125222,1.2266817377195325
r2p8_w256_di32,3,1272,u_component_of_wind,650.0,1.0444742619786476,1.404267850528468
r2p8_w256_di32,3,1272,u_component_of_wind,700.0,1.003151554831934,1.2524361024607498
r2p8_w256_di32,3,1272,u_component_of_wind,750.0,0.9663509646232186,1.1345237814274032
r2p8_w256_di32,3,1272,u_component_of_wind,775.0,0.9445383881785206,1.0683015615669722
r2p8_w256_di32,3,1272,u_component_of_wind,800.0,0.92787974003664,1.054326523046723
r2p8_w256_di32,3,1272,u_component_of_wind,825.0,0.9099692950543669,1.0352245080921658
r2p8_w256_di32,3,1272,u_component_of_wind,850.0,0.8807123280472772,1.0329768963695802
r2p8_w256_di32,3,1272,u_component_of_wind,875.0,0.8459510380050161,1.0260053338873427
r2p8_w256_di32,3,1272,u_component_of_wind,900.0,0.8174166316838608,0.9839706556493883
r2p8_w256_di32,3,1272,u_component_of_wind,925.0,0.8008179622417463,0.9790402587746427
r2p8_w256_di32,3,1272,u_component_of_wind,950.0,0.7643924616456441,0.9862573712142473
r2p8_w256_di32,3,1272,u_component_of_wind,975.0,0.679763151218801,0.9901059192070847
r2p8_w256_di32,3,1272,u_component_of_wind,1000.0,0.5664272328627479,0.8957214384554179
r2p8_w256_di32,3,1272,v_component_of_wind,1.0,119.05225657564668,140.3032827895122
r2p8_w256_di32,3,1272,v_component_of_wind,2.0,72.77250083844686,93.32319181776538
r2p8_w256_di32,3,1272,v_component_of_wind,3.0,52.03747801108868,74.093697134326
r2p8_w256_di32,3,1272,v_component_of_wind,5.0,32.71310249145088,46.64641548366481
r2p8_w256_di32,3,1272,v_component_of_wind,7.0,24.73936256133404,34.94545033903876
r2p8_w256_di32,3,1272,v_component_of_wind,10.0,17.121713023497065,24.253241675989734
r2p8_w256_di32,3,1272,v_component_of_wind,20.0,9.852611001660325,12.55628121169572
r2p8_w256_di32,3,1272,v_component_of_wind,30.0,8.196863597856764,11.00294052006043
r2p8_w256_di32,3,1272,v_component_of_wind,50.0,1.1579218097159134,5.387084211434695
r2p8_w256_di32,3,1272,v_component_of_wind,70.0,1.2083303110706027,43.89695954994647
r2p8_w256_di32,3,1272,v_component_of_wind,100.0,1.358649160648949,3.666843297801067
r2p8_w256_di32,3,1272,v_component_of_wind,125.0,1.464807457694483,4.491559462039332
r2p8_w256_di32,3,1272,v_component_of_wind,150.0,1.4900461818754058,3.96517051011836
r2p8_w256_di32,3,1272,v_component_of_wind,175.0,1.4851046708850926,2.3139923572540284
r2p8_w256_di32,3,1272,v_component_of_wind,200.0,1.5519517937067038,2.104134754216958
r2p8_w256_di32,3,1272,v_component_of_wind,225.0,1.7551270650424498,2.6182296670179594
r2p8_w256_di32,3,1272,v_component_of_wind,250.0,1.9538696924845378,3.7218714460064866
r2p8_w256_di32,3,1272,v_component_of_wind,300.0,2.199929283328892,4.339702736634979
r2p8_w256_di32,3,1272,v_component_of_wind,350.0,2.0805937891563597,3.370329017245892
r2p8_w256_di32,3,1272,v_component_of_wind,400.0,1.842572056304958,2.4472951903785627
r2p8_w256_di32,3,1272,v_component_of_wind,450.0,1.6110221734161638,2.1587910312967202
r2p8_w256_di32,3,1272,v_component_of_wind,500.0,1.4217242776323429,1.9011692959828066
r2p8_w256_di32,3,1272,v_component_of_wind,550.0,1.3090241281027646,1.5722057256501976
r2p8_w256_di32,3,1272,v_component_of_wind,600.0,1.2139677363163008,1.4513127515406132
r2p8_w256_di32,3,1272,v_component_of_wind,650.0,1.158326429722645,1.60843243181091
r2p8_w256_di32,3,1272,v_component_of_wind,700.0,1.1124399000017093,1.354168626164243
r2p8_w256_di32,3,1272,v_component_of_wind,750.0,1.0738952532257002,1.3177131549189591
r2p8_w256_di32,3,1272,v_component_of_wind,775.0,1.0539147950939296,1.500189971923828
r2p8_w256_di32,3,1272,v_component_of_wind,800.0,1.0374182451221952,1.740521598845413
r2p8_w256_di32,3,1272,v_component_of_wind,825.0,1.0209088774071526,1.561270215093475
r2p8_w256_di32,3,1272,v_component_of_wind,850.0,0.9962723830311568,1.4267738547112114
r2p8_w256_di32,3,1272,v_component_of_wind,875.0,0.9674795301099823,1.3758780241012574
r2p8_w256_di32,3,1272,v_component_of_wind,900.0,0.9479510768582321,1.3075522508408195
r2p8_w256_di32,3,1272,v_component_of_wind,925.0,0.9261941030263081,1.1712678313664964
r2p8_w256_di32,3,1272,v_component_of_wind,950.0,0.8840874612126564,1.138548788827719
r2p8_w256_di32,3,1272,v_component_of_wind,975.0,0.7781730204513393,1.076020837854274
r2p8_w256_di32,3,1272,v_component_of_wind,1000.0,0.6346544354846797,0.8660554030506882
r2p8_w256_di32,3,1272,specific_humidity,1.0,7.979712329664615e-13,1.0485442897875129e-13
r2p8_w256_di32,3,1272,specific_humidity,2.0,5.29086877704512e-13,4.4126522689096726e-14
r2p8_w256_di32,3,1272,specific_humidity,3.0,3.6428078088250586e-13,3.295948269432127e-14
r2p8_w256_di32,3,1272,specific_humidity,5.0,1.8613657648499995e-13,7.431749303323881e-14
r2p8_w256_di32,3,1272,specific_humidity,7.0,1.1637544761544083e-13,1.240573041029333e-13
r2p8_w256_di32,3,1272,specific_humidity,10.0,6.511209778552283e-14,1.9123520924834954e-13
r2p8_w256_di32,3,1272,specific_humidity,20.0,1.788848140050651e-14,1.8014434629369492e-13
r2p8_w256_di32,3,1272,specific_humidity,30.0,1.002146847301838e-14,2.7900283432818317e-14
r2p8_w256_di32,3,1272,specific_humidity,50.0,1.5086202651576535e-16,1.1997617628189793e-13
r2p8_w256_di32,3,1272,specific_humidity,70.0,6.555352921912525e-16,1.4783144779301362e-14
r2p8_w256_di32,3,1272,specific_humidity,100.0,7.841293617331244e-15,1.810209143821397e-14
r2p8_w256_di32,3,1272,specific_humidity,125.0,5.6395601411281255e-14,1.845786455860573e-13
r2p8_w256_di32,3,1272,specific_humidity,150.0,4.4888748201515315e-13,1.6114883422257088e-12
r2p8_w256_di32,3,1272,specific_humidity,175.0,3.1129370728082507e-12,9.581082858170508e-12
r2p8_w256_di32,3,1272,specific_humidity,200.0,1.7224567795719864e-11,3.6000547294343624e-11
r2p8_w256_di32,3,1272,specific_humidity,225.0,7.266019820229885e-11,1.2729418636009003e-10
r2p8_w256_di32,3,1272,specific_humidity,250.0,2.260142254336237e-10,4.0599425491989944e-10
r2p8_w256_di32,3,1272,specific_humidity,300.0,1.1943600377511298e-09,2.5344566994928553e-09
r2p8_w256_di32,3,1272,specific_humidity,350.0,4.1034687231203145e-09,7.255202598913035e-09
r2p8_w256_di32,3,1272,specific_humidity,400.0,1.0218196281929792e-08,1.8947338628950358e-08
r2p8_w256_di32,3,1272,specific_humidity,450.0,2.1221508844362654e-08,3.207037941754847e-08
r2p8_w256_di32,3,1272,specific_humidity,500.0,3.633391267640685e-08,4.690634128565634e-08
r2p8_w256_di32,3,1272,specific_humidity,550.0,5.825099867052357e-08,6.880233966182875e-08
r2p8_w256_di32,3,1272,specific_humidity,600.0,7.987532751446492e-08,1.0459403182064754e-07
r2p8_w256_di32,3,1272,specific_humidity,650.0,1.1199283436752987e-07,1.5800301526986604e-07
r2p8_w256_di32,3,1272,specific_humidity,700.0,1.436713131456084e-07,2.267268499314089e-07
r2p8_w256_di32,3,1272,specific_humidity,750.0,1.7886858791580598e-07,2.5831909827836807e-07
r2p8_w256_di32,3,1272,specific_humidity,775.0,1.9098260635633102e-07,2.530267518904333e-07
r2p8_w256_di32,3,1272,specific_humidity,800.0,2.0336908329278867e-07,2.6832266475572347e-07
r2p8_w256_di32,3,1272,specific_humidity,825.0,2.1300108063225765e-07,2.6939847707956117e-07
r2p8_w256_di32,3,1272,specific_humidity,850.0,2.108220350025642e-07,2.7760222520193e-07
r2p8_w256_di32,3,1272,specific_humidity,875.0,1.9530405060497688e-07,2.539540559283426e-07
r2p8_w256_di32,3,1272,specific_humidity,900.0,1.7737926227155216e-07,2.226633216299344e-07
r2p8_w256_di32,3,1272,specific_humidity,925.0,1.493074445703311e-07,1.8188160344390805e-07
r2p8_w256_di32,3,1272,specific_humidity,950.0,1.1990993478272445e-07,1.5402344017596944e-07
r2p8_w256_di32,3,1272,specific_humidity,975.0,1.1499239043863894e-07,1.3323914940946206e-07
r2p8_w256_di32,3,1272,specific_humidity,1000.0,1.1164597994239398e-07,1.4019565072595715e-07
r2p8_w256_di32,3,1272,specific_cloud_ice_water_content,1.0,2.0656094913948557e-12,2.5113950976152306e-12
r2p8_w256_di32,3,1272,specific_cloud_ice_water_content,2.0,2.0234545277697125e-12,2.4683977704519625e-12
r2p8_w256_di32,3,1272,specific_cloud_ice_water_content,3.0,2.0223645892362894e-12,2.467534975626878e-12
r2p8_w256_di32,3,1272,specific_cloud_ice_water_content,5.0,2.00482062520991e-12,2.465030452513064e-12
r2p8_w256_di32,3,1272,specific_cloud_ice_water_content,7.0,2.0152753867592816e-12,2.4672458170445856e-12
r2p8_w256_di32,3,1272,specific_cloud_ice_water_content,10.0,2.037115150627534e-12,2.473176737652216e-12
r2p8_w256_di32,3,1272,specific_cloud_ice_water_content,20.0,1.436444092610472e-12,1.802674708911344e-12
r2p8_w256_di32,3,1272,specific_cloud_ice_water_content,30.0,1.0323275304599433e-12,1.3354152422273233e-12
r2p8_w256_di32,3,1272,specific_cloud_ice_water_content,50.0,6.04867116940882e-13,1.0925061408962248e-12
r2p8_w256_di32,3,1272,specific_cloud_ice_water_content,70.0,5.007802197102933e-13,8.782768558785714e-13
r2p8_w256_di32,3,1272,specific_cloud_ice_water_content,100.0,1.41792414577202e-12,1.970120156736415e-12
r2p8_w256_di32,3,1272,specific_cloud_ice_water_content,125.0,7.433379552119128e-12,8.544139473287521e-12
r2p8_w256_di32,3,1272,specific_cloud_ice_water_content,150.0,2.0437429827850873e-11,2.2196502969570254e-11
r2p8_w256_di32,3,1272,specific_cloud_ice_water_content,175.0,3.4651052583181316e-11,3.872669833667657e-11
r2p8_w256_di32,3,1272,specific_cloud_ice_water_content,200.0,4.9533701323312176e-11,5.99355022454391e-11
r2p8_w256_di32,3,1272,specific_cloud_ice_water_content,225.0,6.440855524445746e-11,8.627429698722459e-11
r2p8_w256_di32,3,1272,specific_cloud_ice_water_content,250.0,7.128898804799967e-11,1.140214801155947e-10
r2p8_w256_di32,3,1272,specific_cloud_ice_water_content,300.0,6.805355274630973e-11,1.1947087227495301e-10
r2p8_w256_di32,3,1272,specific_cloud_ice_water_content,350.0,6.064485854360536e-11,9.203319220693417e-11
r2p8_w256_di32,3,1272,specific_cloud_ice_water_content,400.0,4.579369841041881e-11,5.969506376183537e-11
r2p8_w256_di32,3,1272,specific_cloud_ice_water_content,450.0,3.341729136034257e-11,4.1252641747417543e-11
r2p8_w256_di32,3,1272,specific_cloud_ice_water_content,500.0,2.3787024569424588e-11,2.8452640185449823e-11
r2p8_w256_di32,3,1272,specific_cloud_ice_water_content,550.0,1.584411670627491e-11,1.9229550994325716e-11
r2p8_w256_di32,3,1272,specific_cloud_ice_water_content,600.0,1.1052950666157134e-11,1.3261889925291913e-11
r2p8_w256_di32,3,1272,specific_cloud_ice_water_content,650.0,8.164465710032475e-12,9.765255845741376e-12
r2p8_w256_di32,3,1272,specific_cloud_ice_water_content,700.0,6.09391010173955e-12,7.022753722576428e-12
r2p8_w256_di32,3,1272,specific_cloud_ice_water_content,750.0,4.78754874018024e-12,5.672442180501834e-12
r2p8_w256_di32,3,1272,specific_cloud_ice_water_content,775.0,4.713934288971145e-12,5.357214422098663e-12
r2p8_w256_di32,3,1272,specific_cloud_ice_water_content,800.0,4.707491983358201e-12,5.5412853380335e-12
r2p8_w256_di32,3,1272,specific_cloud_ice_water_content,825.0,4.550229323514479e-12,5.225694163705923e-12
r2p8_w256_di32,3,1272,specific_cloud_ice_water_content,850.0,3.961986983271616e-12,4.418707276299927e-12
r2p8_w256_di32,3,1272,specific_cloud_ice_water_content,875.0,3.203053258355219e-12,3.5431651750960044e-12
r2p8_w256_di32,3,1272,specific_cloud_ice_water_content,900.0,2.611289247265449e-12,3.0406242088407554e-12
r2p8_w256_di32,3,1272,specific_cloud_ice_water_content,925.0,2.0978291394259484e-12,2.5760627282942854e-12
r2p8_w256_di32,3,1272,specific_cloud_ice_water_content,950.0,1.5283444514611215e-12,1.904748594644868e-12
r2p8_w256_di32,3,1272,specific_cloud_ice_water_content,975.0,1.052711194566144e-12,1.2363420126081796e-12
r2p8_w256_di32,3,1272,specific_cloud_ice_water_content,1000.0,8.760627932093284e-13,1.0564925089570684e-12
r2p8_w256_di32,3,1272,specific_cloud_liquid_water_content,1.0,6.960850716230101e-12,1.1214800013261763e-11
r2p8_w256_di32,3,1272,specific_cloud_liquid_water_content,2.0,6.97905872942246e-12,1.1179485303795577e-11
r2p8_w256_di32,3,1272,specific_cloud_liquid_water_content,3.0,6.894158364596004e-12,1.1180397669983332e-11
r2p8_w256_di32,3,1272,specific_cloud_liquid_water_content,5.0,6.959709655962159e-12,1.1213523861254099e-11
r2p8_w256_di32,3,1272,specific_cloud_liquid_water_content,7.0,7.049454723725454e-12,1.120763667475406e-11
r2p8_w256_di32,3,1272,specific_cloud_liquid_water_content,10.0,6.904741347396527e-12,1.1124323568197249e-11
r2p8_w256_di32,3,1272,specific_cloud_liquid_water_content,20.0,5.3435425763698175e-12,8.548183570341701e-12
r2p8_w256_di32,3,1272,specific_cloud_liquid_water_content,30.0,3.906649930766201e-12,6.706500876428996e-12
r2p8_w256_di32,3,1272,specific_cloud_liquid_water_content,50.0,3.665392761854649e-12,1.104960144835875e-11
r2p8_w256_di32,3,1272,specific_cloud_liquid_water_content,70.0,2.4087816302428625e-12,1.342534565226673e-11
r2p8_w256_di32,3,1272,specific_cloud_liquid_water_content,100.0,2.305795471391585e-12,1.116603465378979e-11
r2p8_w256_di32,3,1272,specific_cloud_liquid_water_content,125.0,1.980715439158574e-12,6.405811379144371e-12
r2p8_w256_di32,3,1272,specific_cloud_liquid_water_content,150.0,2.2718102831329924e-12,6.052297774967909e-12
r2p8_w256_di32,3,1272,specific_cloud_liquid_water_content,175.0,2.7887149269078502e-12,4.5419979281322085e-12
r2p8_w256_di32,3,1272,specific_cloud_liquid_water_content,200.0,3.3221211096406432e-12,5.255809397972968e-12
r2p8_w256_di32,3,1272,specific_cloud_liquid_water_content,225.0,2.8765502800703413e-12,3.787883025687926e-12
r2p8_w256_di32,3,1272,specific_cloud_liquid_water_content,250.0,3.164678334531436e-12,4.334230344955334e-12
r2p8_w256_di32,3,1272,specific_cloud_liquid_water_content,300.0,5.122975064937647e-12,6.470853806368409e-12
r2p8_w256_di32,3,1272,specific_cloud_liquid_water_content,350.0,7.957461985959718e-12,1.0187204959599206e-11
r2p8_w256_di32,3,1272,specific_cloud_liquid_water_content,400.0,1.552316402925363e-11,1.8785800294599557e-11
r2p8_w256_di32,3,1272,specific_cloud_liquid_water_content,450.0,3.5263638976948825e-11,4.074769998199372e-11
r2p8_w256_di32,3,1272,specific_cloud_liquid_water_content,500.0,7.745687769108952e-11,8.684996317004577e-11
r2p8_w256_di32,3,1272,specific_cloud_liquid_water_content,550.0,1.3065076468198478e-10,1.3653683681950754e-10
r2p8_w256_di32,3,1272,specific_cloud_liquid_water_content,600.0,1.0494442934458747e-10,1.1343074443166646e-10
r2p8_w256_di32,3,1272,specific_cloud_liquid_water_content,650.0,1.0600061239225198e-10,1.1468611966460484e-10
r2p8_w256_di32,3,1272,specific_cloud_liquid_water_content,700.0,1.2998984417027117e-10,1.3978194616493235e-10
r2p8_w256_di32,3,1272,specific_cloud_liquid_water_content,750.0,1.6661817846583605e-10,1.7924680122199313e-10
r2p8_w256_di32,3,1272,specific_cloud_liquid_water_content,775.0,1.8760434774014486e-10,2.01376860290185e-10
r2p8_w256_di32,3,1272,specific_cloud_liquid_water_content,800.0,2.1662372748966472e-10,2.6660099906629015e-10
r2p8_w256_di32,3,1272,specific_cloud_liquid_water_content,825.0,2.838498005084331e-10,3.5709694752550295e-10
r2p8_w256_di32,3,1272,specific_cloud_liquid_water_content,850.0,3.367170732005296e-10,5.964162415562059e-10
r2p8_w256_di32,3,1272,specific_cloud_liquid_water_content,875.0,3.45171796013947e-10,8.953960079682969e-10
r2p8_w256_di32,3,1272,specific_cloud_liquid_water_content,900.0,3.08558149439639e-10,6.464510499260306e-10
r2p8_w256_di32,3,1272,specific_cloud_liquid_water_content,925.0,2.4837554240315123e-10,3.8502081763363946e-10
r2p8_w256_di32,3,1272,specific_cloud_liquid_water_content,950.0,1.717761228553055e-10,3.391142819016418e-10
r2p8_w256_di32,3,1272,specific_cloud_liquid_water_content,975.0,1.0367759170511923e-10,2.337639100905095e-10
r2p8_w256_di32,3,1272,specific_cloud_liquid_water_content,1000.0,6.08969232715158e-11,8.023113126995739e-11
r2p8_w256_di32,4,1696,temperature,1.0,75.19899358061171,317.485802006148
r2p8_w256_di32,4,1696,temperature,2.0,49.46142185905955,776.6778637863107
r2p8_w256_di32,4,1696,temperature,3.0,32.390100264139605,983.1330636879833
r2p8_w256_di32,4,1696,temperature,5.0,18.356825226852575,755.512925693997
r2p8_w256_di32,4,1696,temperature,7.0,12.234180402919598,535.3591367111993
r2p8_w256_di32,4,1696,temperature,10.0,6.932305318301486,367.73817858089694
r2p8_w256_di32,4,1696,temperature,20.0,5.231110039609405,50.76803282904871
r2p8_w256_di32,4,1696,temperature,30.0,3.8718095885928965,4.992225449519469
r2p8_w256_di32,4,1696,temperature,50.0,0.38092296676537424,30.692751444656004
r2p8_w256_di32,4,1696,temperature,70.0,0.37079606127902814,3.6618401710929738
r2p8_w256_di32,4,1696,temperature,100.0,0.2558116016416615,1.4314271114945822
r2p8_w256_di32,4,1696,temperature,125.0,0.16940880641597242,1.680458401486636
r2p8_w256_di32,4,1696,temperature,150.0,0.1361507817232322,0.825416827488601
r2p8_w256_di32,4,1696,temperature,175.0,0.12455395877975778,0.3303324127217748
r2p8_w256_di32,4,1696,temperature,200.0,0.12989476659556026,0.1871909683717485
r2p8_w256_di32,4,1696,temperature,225.0,0.13519545711090475,0.20993889788376915
r2p8_w256_di32,4,1696,temperature,250.0,0.13230877116680964,0.1936987003919595
r2p8_w256_di32,4,1696,temperature,300.0,0.12216572812230317,0.17859319385998848
r2p8_w256_di32,4,1696,temperature,350.0,0.11342368134108606,0.15741703541520535
r2p8_w256_di32,4,1696,temperature,400.0,0.11115286237595418,0.13809240661126232
r2p8_w256_di32,4,1696,temperature,450.0,0.11125911449136602,0.13038387837790952
r2p8_w256_di32,4,1696,temperature,500.0,0.11108228455192035,0.12878800728886397
r2p8_w256_di32,4,1696,temperature,550.0,0.11616847624176556,0.13726978757229868
r2p8_w256_di32,4,1696,temperature,600.0,0.12294365673028317,0.14723076890526768
r2p8_w256_di32,4,1696,temperature,650.0,0.13241656982304714,0.16029843413030978
r2p8_w256_di32,4,1696,temperature,700.0,0.14335038165251415,0.1751146893525861
r2p8_w256_di32,4,1696,temperature,750.0,0.16344922613544563,0.19790070726699435
r2p8_w256_di32,4,1696,temperature,775.0,0.17411779215450549,0.2029761741661124
r2p8_w256_di32,4,1696,temperature,800.0,0.1904199641799599,0.24141487936998152
r2p8_w256_di32,4,1696,temperature,825.0,0.21654968975540698,0.2701684831753629
r2p8_w256_di32,4,1696,temperature,850.0,0.23338040444244634,0.33091930925231616
r2p8_w256_di32,4,1696,temperature,875.0,0.2383985525041921,0.357307421976758
r2p8_w256_di32,4,1696,temperature,900.0,0.23817769453902424,0.3360968412402569
r2p8_w256_di32,4,1696,temperature,925.0,0.24131919994591847,0.3288506822385329
r2p8_w256_di32,4,1696,temperature,950.0,0.25338859005072684,0.3460978177507309
r2p8_w256_di32,4,1696,temperature,975.0,0.28011338818319065,0.3730954790647907
r2p8_w256_di32,4,1696,temperature,1000.0,0.29223923702625065,0.4131654709884801
r2p8_w256_di32,4,1696,geopotential,1.0,904225144.566323,28332150.782130584
r2p8_w256_di32,4,1696,geopotential,2.0,421705871.6151203,5335572.815979381
r2p8_w256_di32,4,1696,geopotential,3.0,239814309.2783505,2848781.4819587627
r2p8_w256_di32,4,1696,geopotential,5.0,90220112.5718213,1267034.7583333333
r2p8_w256_di32,4,1696,geopotential,7.0,35922425.003436424,549625.7270618557
r2p8_w256_di32,4,1696,geopotential,10.0,7552648.180412371,316554.27440936427
r2p8_w256_di32,4,1696,geopotential,20.0,1870461.121821306,909846.4034364261
r2p8_w256_di32,4,1696,geopotential,30.0,3139592.8699312713,467409.72373281786
r2p8_w256_di32,4,1696,geopotential,50.0,3545.1752452312876,41227.49953286083
r2p8_w256_di32,4,1696,geopotential,70.0,3058.496623308634,62334.69631121134
r2p8_w256_di32,4,1696,geopotential,100.0,1947.3920830900317,4787.191702910223
r2p8_w256_di32,4,1696,geopotential,125.0,1600.7544679412317,2155.9622330393577
r2p8_w256_di32,4,1696,geopotential,150.0,1447.6305559610582,1912.2454172036082
r2p8_w256_di32,4,1696,geopotential,175.0,1401.25583080803,3253.4827316231745
r2p8_w256_di32,4,1696,geopotential,200.0,1392.0184857240656,2358.0092227267237
r2p8_w256_di32,4,1696,geopotential,225.0,1334.66822119644,1957.5964398256283
r2p8_w256_di32,4,1696,geopotential,250.0,1327.4334120707824,1643.0604089481315
r2p8_w256_di32,4,1696,geopotential,300.0,1326.4102626734993,2168.255401464508
r2p8_w256_di32,4,1696,geopotential,350.0,1262.2029262057695,1616.6499869959462
r2p8_w256_di32,4,1696,geopotential,400.0,1164.8296497043466,1624.9330230817761
r2p8_w256_di32,4,1696,geopotential,450.0,1068.8698042512349,1406.8028685684467
r2p8_w256_di32,4,1696,geopotential,500.0,984.3614905078796,1334.903399049949
r2p8_w256_di32,4,1696,geopotential,550.0,916.9645822636451,1282.6162849347616
r2p8_w256_di32,4,1696,geopotential,600.0,874.5392489403794,1219.5442618143927
r2p8_w256_di32,4,1696,geopotential,650.0,845.6806461714388,1285.1459387500672
r2p8_w256_di32,4,1696,geopotential,700.0,839.1996944886303,1185.1415447641484
r2p8_w256_di32,4,1696,geopotential,750.0,838.9861821859563,1263.2354313906117
r2p8_w256_di32,4,1696,geopotential,775.0,849.8817782372544,1305.9380850146317
r2p8_w256_di32,4,1696,geopotential,800.0,859.8848000018457,1297.8749361962387
r2p8_w256_di32,4,1696,geopotential,825.0,876.5115020856824,1301.0808244318487
r2p8_w256_di32,4,1696,geopotential,850.0,896.7007591011597,1341.3464230462039
r2p8_w256_di32,4,1696,geopotential,875.0,920.5010710306593,1378.9149213128892
r2p8_w256_di32,4,1696,geopotential,900.0,960.3472132731958,1451.2982515000806
r2p8_w256_di32,4,1696,geopotential,925.0,1007.6959030937903,1545.5728930496268
r2p8_w256_di32,4,1696,geopotential,950.0,1060.872597857603,1694.3479576923594
r2p8_w256_di32,4,1696,geopotential,975.0,1143.3865640017584,1962.857451406787
r2p8_w256_di32,4,1696,geopotential,1000.0,1260.156984435406,2552.035315151149
r2p8_w256_di32,4,1696,u_component_of_wind,1.0,722.9386758601133,1490.043915487073
r2p8_w256_di32,4,1696,u_component_of_wind,2.0,455.2801186682842,649.5332252948145
r2p8_w256_di32,4,1696,u_component_of_wind,3.0,285.6802493013467,409.6204793294271
r2p8_w256_di32,4,1696,u_component_of_wind,5.0,139.57897599472622,176.12718478068453
r2p8_w256_di32,4,1696,u_component_of_wind,7.0,94.83603440379768,117.29774084189503
r2p8_w256_di32,4,1696,u_component_of_wind,10.0,68.12114248111895,101.15305492755064
r2p8_w256_di32,4,1696,u_component_of_wind,20.0,26.779242006282217,48.75141652294041
r2p8_w256_di32,4,1696,u_component_of_wind,30.0,26.19292216612301,34.6543739522036
r2p8_w256_di32,4,1696,u_component_of_wind,50.0,1.1315817461390676,8.97795927336126
r2p8_w256_di32,4,1696,u_component_of_wind,70.0,1.12226303430767,2.175742484695723
r2p8_w256_di32,4,1696,u_component_of_wind,100.0,1.3048216249115279,3.365143279521326
r2p8_w256_di32,4,1696,u_component_of_wind,125.0,1.4188450351613493,2.7817280859472007
r2p8_w256_di32,4,1696,u_component_of_wind,150.0,1.4963557155271576,2.743132343898524
r2p8_w256_di32,4,1696,u_component_of_wind,175.0,1.5222772715427622,2.7146310054149825
r2p8_w256_di32,4,1696,u_component_of_wind,200.0,1.596340423883851,2.6835344710300877
r2p8_w256_di32,4,1696,u_component_of_wind,225.0,1.7501107596859489,2.5238609131259198
r2p8_w256_di32,4,1696,u_component_of_wind,250.0,1.88050915801648,2.646630731644909
r2p8_w256_di32,4,1696,u_component_of_wind,300.0,1.9726522819283083,3.950011909458645
r2p8_w256_di32,4,1696,u_component_of_wind,350.0,1.807396195352692,3.91921832045329
r2p8_w256_di32,4,1696,u_component_of_wind,400.0,1.59124540152009,2.270236997833776
r2p8_w256_di32,4,1696,u_component_of_wind,450.0,1.4034066351418644,1.9084691123044777
r2p8_w256_di32,4,1696,u_component_of_wind,500.0,1.2501135787603372,1.5141886833197473
r2p8_w256_di32,4,1696,u_component_of_wind,550.0,1.1626420173448386,1.3353625680572798
r2p8_w256_di32,4,1696,u_component_of_wind,600.0,1.0861500463125222,1.232887189044166
r2p8_w256_di32,4,1696,u_component_of_wind,650.0,1.0444742619786476,1.4373921241956888
r2p8_w256_di32,4,1696,u_component_of_wind,700.0,1.003151554831934,1.2913305375993867
r2p8_w256_di32,4,1696,u_component_of_wind,750.0,0.9663509646232186,1.1326491892132973
r2p8_w256_di32,4,1696,u_component_of_wind,775.0,0.9445383881785206,1.0581116481335302
r2p8_w256_di32,4,1696,u_component_of_wind,800.0,0.92787974003664,1.0439715553395117
r2p8_w256_di32,4,1696,u_component_of_wind,825.0,0.9099692950543669,1.038170487897093
r2p8_w256_di32,4,1696,u_component_of_wind,850.0,0.8807123280472772,1.0181589490769245
r2p8_w256_di32,4,1696,u_component_of_wind,875.0,0.8459510380050161,0.999032985959266
r2p8_w256_di32,4,1696,u_component_of_wind,900.0,0.8174166316838608,0.9830262229204997
r2p8_w256_di32,4,1696,u_component_of_wind,925.0,0.8008179622417463,0.9782181380950299
r2p8_w256_di32,4,1696,u_component_of_wind,950.0,0.7643924616456441,0.9722639294834071
r2p8_w256_di32,4,1696,u_component_of_wind,975.0,0.679763151218801,0.9294159561498059
r2p8_w256_di32,4,1696,u_component_of_wind,1000.0,0.5664272328627479,0.8728809974857212
r2p8_w256_di32,4,1696,v_component_of_wind,1.0,119.05225657564668,135.419566282292
r2p8_w256_di32,4,1696,v_component_of_wind,2.0,72.77250083844686,90.08098811251192
r2p8_w256_di32,4,1696,v_component_of_wind,3.0,52.03747801108868,70.69220248087984
r2p8_w256_di32,4,1696,v_component_of_wind,5.0,32.71310249145088,43.37762882717696
r2p8_w256_di32,4,1696,v_component_of_wind,7.0,24.73936256133404,32.33325744052114
r2p8_w256_di32,4,1696,v_component_of_wind,10.0,17.121713023497065,22.359906056984183
r2p8_w256_di32,4,1696,v_component_of_wind,20.0,9.852611001660325,11.781537023852371
r2p8_w256_di32,4,1696,v_component_of_wind,30.0,8.196863597856764,11.288780990417061
r2p8_w256_di32,4,1696,v_component_of_wind,50.0,1.1579218097159134,6.582729544426567
r2p8_w256_di32,4,1696,v_component_of_wind,70.0,1.2083303110706027,37.17435428711147
r2p8_w256_di32,4,1696,v_component_of_wind,100.0,1.358649160648949,3.8697183749929738
r2p8_w256_di32,4,1696,v_component_of_wind,125.0,1.464807457694483,4.85130749453384
r2p8_w256_di32,4,1696,v_component_of_wind,150.0,1.4900461818754058,3.1947658025931656
r2p8_w256_di32,4,1696,v_component_of_wind,175.0,1.4851046708850926,2.242907912460799
r2p8_w256_di32,4,1696,v_component_of_wind,200.0,1.5519517937067038,2.149937679677485
r2p8_w256_di32,4,1696,v_component_of_wind,225.0,1.7551270650424498,2.8125125273806124
r2p8_w256_di32,4,1696,v_component_of_wind,250.0,1.9538696924845378,3.9962898672241525
r2p8_w256_di32,4,1696,v_component_of_wind,300.0,2.199929283328892,4.403504518954614
r2p8_w256_di32,4,1696,v_component_of_wind,350.0,2.0805937891563597,3.397071582263278
r2p8_w256_di32,4,1696,v_component_of_wind,400.0,1.842572056304958,2.4708393205072463
r2p8_w256_di32,4,1696,v_component_of_wind,450.0,1.6110221734161638,2.2048467226454482
r2p8_w256_di32,4,1696,v_component_of_wind,500.0,1.4217242776323429,1.9166844203300082
r2p8_w256_di32,4,1696,v_component_of_wind,550.0,1.3090241281027646,1.5743179952156092
r2p8_w256_di32,4,1696,v_component_of_wind,600.0,1.2139677363163008,1.5496192819064425
r2p8_w256_di32,4,1696,v_component_of_wind,650.0,1.158326429722645,1.6877410054616502
r2p8_w256_di32,4,1696,v_component_of_wind,700.0,1.1124399000017093,1.3940260642172955
r2p8_w256_di32,4,1696,v_component_of_wind,750.0,1.0738952532257002,1.353418833570382
r2p8_w256_di32,4,1696,v_component_of_wind,775.0,1.0539147950939296,1.4619951139201004
r2p8_w256_di32,4,1696,v_component_of_wind,800.0,1.0374182451221952,1.6512280637865624
r2p8_w256_di32,4,1696,v_component_of_wind,825.0,1.0209088774071526,1.4642599959553722
r2p8_w256_di32,4,1696,v_component_of_wind,850.0,0.9962723830311568,1.4281330289709608
r2p8_w256_di32,4,1696,v_component_of_wind,875.0,0.9674795301099823,1.3956916814817186
r2p8_w256_di32,4,1696,v_component_of_wind,900.0,0.9479510768582321,1.2865833980520975
r2p8_w256_di32,4,1696,v_component_of_wind,925.0,0.9261941030263081,1.208177562718539
r2p8_w256_di32,4,1696,v_component_of_wind,950.0,0.8840874612126564,1.1561104116570908
r2p8_w256_di32,4,1696,v_component_of_wind,975.0,0.7781730204513393,1.1135969081285484
r2p8_w256_di32,4,1696,v_component_of_wind,1000.0,0.6346544354846797,0.9121086764581424
r2p8_w256_di32,4,1696,specific_humidity,1.0,7.979712329664615e-13,1.0786216903866269e-13
r2p8_w256_di32,4,1696,specific_humidity,2.0,5.29086877704512e-13,4.433774451478972e-14
r2p8_w256_di32,4,1696,specific_humidity,3.0,3.6428078088250586e-13,3.234551706360018e-14
r2p8_w256_di32,4,1696,specific_humidity,5.0,1.8613657648499995e-13,7.289376348462797e-14
r2p8_w256_di32,4,1696,specific_humidity,7.0,1.1637544761544083e-13,1.23032068175061e-13
r2p8_w256_di32,4,1696,specific_humidity,10.0,6.511209778552283e-14,1.916330378335403e-13
r2p8_w256_di32,4,1696,specific_humidity,20.0,1.788848140050651e-14,1.8343998383598888e-13
r2p8_w256_di32,4,1696,specific_humidity,30.0,1.002146847301838e-14,2.9833988949472454e-14
r2p8_w256_di32,4,1696,specific_humidity,50.0,1.5086202651576535e-16,1.145898658874968e-13
r2p8_w256_di32,4,1696,specific_humidity,70.0,6.555352921912525e-16,7.902917570444009e-15
r2p8_w256_di32,4,1696,specific_humidity,100.0,7.841293617331244e-15,1.3484053200648261e-14
r2p8_w256_di32,4,1696,specific_humidity,125.0,5.6395601411281255e-14,1.3912166386089166e-13
r2p8_w256_di32,4,1696,specific_humidity,150.0,4.4888748201515315e-13,1.2530436601903019e-12
r2p8_w256_di32,4,1696,specific_humidity,175.0,3.1129370728082507e-12,7.906815769250416e-12
r2p8_w256_di32,4,1696,specific_humidity,200.0,1.7224567795719864e-11,2.7673029167429748e-11
r2p8_w256_di32,4,1696,specific_humidity,225.0,7.266019820229885e-11,1.2117131811102044e-10
r2p8_w256_di32,4,1696,specific_humidity,250.0,2.260142254336237e-10,3.7109173404071785e-10
r2p8_w256_di32,4,1696,specific_humidity,300.0,1.1943600377511298e-09,2.4593414286357433e-09
r2p8_w256_di32,4,1696,specific_humidity,350.0,4.1034687231203145e-09,7.30231305251917e-09
r2p8_w256_di32,4,1696,specific_humidity,400.0,1.0218196281929792e-08,1.9942467787408254e-08
r2p8_w256_di32,4,1696,specific_humidity,450.0,2.1221508844362654e-08,3.1554857020726894e-08
r2p8_w256_di32,4,1696,specific_humidity,500.0,3.633391267640685e-08,4.7562728573516373e-08
r2p8_w256_di32,4,1696,specific_humidity,550.0,5.825099867052357e-08,6.922333872088705e-08
r2p8_w256_di32,4,1696,specific_humidity,600.0,7.987532751446492e-08,1.0832060921233641e-07
r2p8_w256_di32,4,1696,specific_humidity,650.0,1.1199283436752987e-07,1.5363336809503354e-07
r2p8_w256_di32,4,1696,specific_humidity,700.0,1.436713131456084e-07,2.188735556483371e-07
r2p8_w256_di32,4,1696,specific_humidity,750.0,1.7886858791580598e-07,2.44488578376218e-07
r2p8_w256_di32,4,1696,specific_humidity,775.0,1.9098260635633102e-07,2.485608576145901e-07
r2p8_w256_di32,4,1696,specific_humidity,800.0,2.0336908329278867e-07,2.683635919489349e-07
r2p8_w256_di32,4,1696,specific_humidity,825.0,2.1300108063225765e-07,2.820276231908842e-07
r2p8_w256_di32,4,1696,specific_humidity,850.0,2.108220350025642e-07,2.766033931659867e-07
r2p8_w256_di32,4,1696,specific_humidity,875.0,1.9530405060497688e-07,2.5600221660720135e-07
r2p8_w256_di32,4,1696,specific_humidity,900.0,1.7737926227155216e-07,2.2100230021437256e-07
r2p8_w256_di32,4,1696,specific_humidity,925.0,1.493074445703311e-07,1.8381751916426906e-07
r2p8_w256_di32,4,1696,specific_humidity,950.0,1.1990993478272445e-07,1.5539071192913612e-07
r2p8_w256_di32,4,1696,specific_humidity,975.0,1.1499239043863894e-07,1.3525860835180067e-07
r2p8_w256_di32,4,1696,specific_humidity,1000.0,1.1164597994239398e-07,1.4219383432422816e-07
r2p8_w256_di32,4,1696,specific_cloud_ice_water_content,1.0,2.0656094913948557e-12,2.6046117792445117e-12
r2p8_w256_di32,4,1696,specific_cloud_ice_water_content,2.0,2.0234545277697125e-12,2.5512546872084907e-12
r2p8_w256_di32,4,1696,specific_cloud_ice_water_content,3.0,2.0223645892362894e-12,2.549063342039737e-12
r2p8_w256_di32,4,1696,specific_cloud_ice_water_content,5.0,2.00482062520991e-12,2.549408835319818e-12
r2p8_w256_di32,4,1696,specific_cloud_ice_water_content,7.0,2.0152753867592816e-12,2.552285312207971e-12
r2p8_w256_di32,4,1696,specific_cloud_ice_water_content,10.0,2.037115150627534e-12,2.5600468242047466e-12
r2p8_w256_di32,4,1696,specific_cloud_ice_water_content,20.0,1.436444092610472e-12,1.8526291593291084e-12
r2p8_w256_di32,4,1696,specific_cloud_ice_water_content,30.0,1.0323275304599433e-12,1.2788208609542701e-12
r2p8_w256_di32,4,1696,specific_cloud_ice_water_content,50.0,6.04867116940882e-13,1.2080035924083376e-12
r2p8_w256_di32,4,1696,specific_cloud_ice_water_content,70.0,5.007802197102933e-13,8.751439578368382e-13
r2p8_w256_di32,4,1696,specific_cloud_ice_water_content,100.0,1.41792414577202e-12,2.034730073061102e-12
r2p8_w256_di32,4,1696,specific_cloud_ice_water_content,125.0,7.433379552119128e-12,8.362126555192221e-12
r2p8_w256_di32,4,1696,specific_cloud_ice_water_content,150.0,2.0437429827850873e-11,2.216825666482633e-11
r2p8_w256_di32,4,1696,specific_cloud_ice_water_content,175.0,3.4651052583181316e-11,3.9175989213826084e-11
r2p8_w256_di32,4,1696,specific_cloud_ice_water_content,200.0,4.9533701323312176e-11,6.03589794685631e-11
r2p8_w256_di32,4,1696,specific_cloud_ice_water_content,225.0,6.440855524445746e-11,8.810069072230933e-11
r2p8_w256_di32,4,1696,specific_cloud_ice_water_content,250.0,7.128898804799967e-11,1.182163917587323e-10
r2p8_w256_di32,4,1696,specific_cloud_ice_water_content,300.0,6.805355274630973e-11,1.234521042856832e-10
r2p8_w256_di32,4,1696,specific_cloud_ice_water_content,350.0,6.064485854360536e-11,9.471665856651713e-11
r2p8_w256_di32,4,1696,specific_cloud_ice_water_content,400.0,4.579369841041881e-11,6.184538142679092e-11
r2p8_w256_di32,4,1696,specific_cloud_ice_water_content,450.0,3.341729136034257e-11,4.287657532499537e-11
r2p8_w256_di32,4,1696,specific_cloud_ice_water_content,500.0,2.3787024569424588e-11,2.945298823345123e-11
r2p8_w256_di32,4,1696,specific_cloud_ice_water_content,550.0,1.584411670627491e-11,1.9860235445748645e-11
r2p8_w256_di32,4,1696,specific_cloud_ice_water_content,600.0,1.1052950666157134e-11,1.3653619066779961e-11
r2p8_w256_di32,4,1696,specific_cloud_ice_water_content,650.0,8.164465710032475e-12,1.0405603003795699e-11
r2p8_w256_di32,4,1696,specific_cloud_ice_water_content,700.0,6.09391010173955e-12,7.192322226109087e-12
r2p8_w256_di32,4,1696,specific_cloud_ice_water_content,750.0,4.78754874018024e-12,5.73184507982765e-12
r2p8_w256_di32,4,1696,specific_cloud_ice_water_content,775.0,4.713934288971145e-12,5.546116652750109e-12
r2p8_w256_di32,4,1696,specific_cloud_ice_water_content,800.0,4.707491983358201e-12,5.6681554711921974e-12
r2p8_w256_di32,4,1696,specific_cloud_ice_water_content,825.0,4.550229323514479e-12,5.2392857224382636e-12
r2p8_w256_di32,4,1696,specific_cloud_ice_water_content,850.0,3.961986983271616e-12,4.481880630781836e-12
r2p8_w256_di32,4,1696,specific_cloud_ice_water_content,875.0,3.203053258355219e-12,3.549151813263115e-12
r2p8_w256_di32,4,1696,specific_cloud_ice_water_content,900.0,2.611289247265449e-12,3.0605736414820958e-12
r2p8_w256_di32,4,1696,specific_cloud_ice_water_content,925.0,2.0978291394259484e-12,2.6257484546954044e-12
r2p8_w256_di32,4,1696,specific_cloud_ice_water_content,950.0,1.5283444514611215e-12,1.9500159483854766e-12
r2p8_w256_di32,4,1696,specific_cloud_ice_water_content,975.0,1.052711194566144e-12,1.2834715475144277e-12
r2p8_w256_di32,4,1696,specific_cloud_ice_water_content,1000.0,8.760627932093284e-13,1.0770951643536844e-12
r2p8_w256_di32,4,1696,specific_cloud_liquid_water_content,1.0,6.960850716230101e-12,1.0952145729081458e-11
r2p8_w256_di32,4,1696,specific_cloud_liquid_water_content,2.0,6.97905872942246e-12,1.0957044299653163e-11
r2p8_w256_di32,4,1696,specific_cloud_liquid_water_content,3.0,6.894158364596004e-12,1.0937652683738957e-11
r2p8_w256_di32,4,1696,specific_cloud_liquid_water_content,5.0,6.959709655962159e-12,1.0977058285468306e-11
r2p8_w256_di32,4,1696,specific_cloud_liquid_water_content,7.0,7.049454723725454e-12,1.0981022708044321e-11
r2p8_w256_di32,4,1696,specific_cloud_liquid_water_content,10.0,6.904741347396527e-12,1.0900544228469868e-11
r2p8_w256_di32,4,1696,specific_cloud_liquid_water_content,20.0,5.3435425763698175e-12,8.254748249077931e-12
r2p8_w256_di32,4,1696,specific_cloud_liquid_water_content,30.0,3.906649930766201e-12,6.859586469981543e-12
r2p8_w256_di32,4,1696,specific_cloud_liquid_water_content,50.0,3.665392761854649e-12,1.1044428238870054e-11
r2p8_w256_di32,4,1696,specific_cloud_liquid_water_content,70.0,2.4087816302428625e-12,1.6279295572179856e-11
r2p8_w256_di32,4,1696,specific_cloud_liquid_water_content,100.0,2.305795471391585e-12,1.0264390694075981e-11
r2p8_w256_di32,4,1696,specific_cloud_liquid_water_content,125.0,1.980715439158574e-12,6.43189676061283e-12
r2p8_w256_di32,4,1696,specific_cloud_liquid_water_content,150.0,2.2718102831329924e-12,6.077117117389668e-12
r2p8_w256_di32,4,1696,specific_cloud_liquid_water_content,175.0,2.7887149269078502e-12,4.56727383457166e-12
r2p8_w256_di32,4,1696,specific_cloud_liquid_water_content,200.0,3.3221211096406432e-12,5.530329139462212e-12
r2p8_w256_di32,4,1696,specific_cloud_liquid_water_content,225.0,2.8765502800703413e-12,3.813518015863061e-12
r2p8_w256_di32,4,1696,specific_cloud_liquid_water_content,250.0,3.164678334531436e-12,4.545767522185875e-12
r2p8_w256_di32,4,1696,specific_cloud_liquid_water_content,300.0,5.122975064937647e-12,6.616321599033916e-12
r2p8_w256_di32,4,1696,specific_cloud_liquid_water_content,350.0,7.957461985959718e-12,1.0488881322887504e-11
r2p8_w256_di32,4,1696,specific_cloud_liquid_water_content,400.0,1.552316402925363e-11,1.946425638912143e-11
r2p8_w256_di32,4,1696,specific_cloud_liquid_water_content,450.0,3.5263638976948825e-11,4.057538545918664e-11
r2p8_w256_di32,4,1696,specific_cloud_liquid_water_content,500.0,7.745687769108952e-11,8.68059029105957e-11
r2p8_w256_di32,4,1696,specific_cloud_liquid_water_content,550.0,1.3065076468198478e-10,1.3697226352851497e-10
r2p8_w256_di32,4,1696,specific_cloud_liquid_water_content,600.0,1.0494442934458747e-10,1.1441792235412025e-10
r2p8_w256_di32,4,1696,specific_cloud_liquid_water_content,650.0,1.0600061239225198e-10,1.1531617302422333e-10
r2p8_w256_di32,4,1696,specific_cloud_liquid_water_content,700.0,1.2998984417027117e-10,1.4020263617029163e-10
r2p8_w256_di32,4,1696,specific_cloud_liquid_water_content,750.0,1.6661817846583605e-10,1.8002377749073115e-10
r2p8_w256_di32,4,1696,specific_cloud_liquid_water_content,775.0,1.8760434774014486e-10,2.045665750005681e-10
r2p8_w256_di32,4,1696,specific_cloud_liquid_water_content,800.0,2.1662372748966472e-10,2.749831032694607e-10
r2p8_w256_di32,4,1696,specific_cloud_liquid_water_content,825.0,2.838498005084331e-10,3.7426202377782543e-10
r2p8_w256_di32,4,1696,specific_cloud_liquid_water_content,850.0,3.367170732005296e-10,5.776994384774318e-10
r2p8_w256_di32,4,1696,specific_cloud_liquid_water_content,875.0,3.45171796013947e-10,8.334572093192855e-10
r2p8_w256_di32,4,1696,specific_cloud_liquid_water_content,900.0,3.08558149439639e-10,7.883826537764973e-10
r2p8_w256_di32,4,1696,specific_cloud_liquid_water_content,925.0,2.4837554240315123e-10,4.0238693045784945e-10
r2p8_w256_di32,4,1696,specific_cloud_liquid_water_content,950.0,1.717761228553055e-10,4.001128327664782e-10
r2p8_w256_di32,4,1696,specific_cloud_liquid_water_content,975.0,1.0367759170511923e-10,2.8136455588092933e-10
r2p8_w256_di32,4,1696,specific_cloud_liquid_water_content,1000.0,6.08969232715158e-11,8.642323195858678e-11
r2p8_w256_di32,5,2120,temperature,1.0,75.19899358061171,310.70902491828423
r2p8_w256_di32,5,2120,temperature,2.0,49.46142185905955,754.0803148826783
r2p8_w256_di32,5,2120,temperature,3.0,32.390100264139605,952.7585389232307
r2p8_w256_di32,5,2120,temperature,5.0,18.356825226852575,727.9738971723314
r2p8_w256_di32,5,2120,temperature,7.0,12.234180402919598,514.4050922406908
r2p8_w256_di32,5,2120,temperature,10.0,6.932305318301486,351.14087371301815
r2p8_w256_di32,5,2120,temperature,20.0,5.231110039609405,46.46363061334669
r2p8_w256_di32,5,2120,temperature,30.0,3.8718095885928965,5.197206743312456
r2p8_w256_di32,5,2120,temperature,50.0,0.38092296676537424,31.127791628231297
r2p8_w256_di32,5,2120,temperature,70.0,0.37079606127902814,4.081745394316735
r2p8_w256_di32,5,2120,temperature,100.0,0.2558116016416615,1.6581140348591756
r2p8_w256_di32,5,2120,temperature,125.0,0.16940880641597242,1.7045201803810408
r2p8_w256_di32,5,2120,temperature,150.0,0.1361507817232322,0.6511480135811154
r2p8_w256_di32,5,2120,temperature,175.0,0.12455395877975778,0.3291660384419038
r2p8_w256_di32,5,2120,temperature,200.0,0.12989476659556026,0.19172094404902246
r2p8_w256_di32,5,2120,temperature,225.0,0.13519545711090475,0.20742254851200326
r2p8_w256_di32,5,2120,temperature,250.0,0.13230877116680964,0.1911345586948788
r2p8_w256_di32,5,2120,temperature,300.0,0.12216572812230317,0.18138671244952279
r2p8_w256_di32,5,2120,temperature,350.0,0.11342368134108606,0.16664508448536045
r2p8_w256_di32,5,2120,temperature,400.0,0.11115286237595418,0.14075995178259526
r2p8_w256_di32,5,2120,temperature,450.0,0.11125911449136602,0.13546811884006685
r2p8_w256_di32,5,2120,temperature,500.0,0.11108228455192035,0.13406046748775796
r2p8_w256_di32,5,2120,temperature,550.0,0.11616847624176556,0.14365699407980614
r2p8_w256_di32,5,2120,temperature,600.0,0.12294365673028317,0.15286120394968086
r2p8_w256_di32,5,2120,temperature,650.0,0.13241656982304714,0.16925046392220403
r2p8_w256_di32,5,2120,temperature,700.0,0.14335038165251415,0.1805241500286712
r2p8_w256_di32,5,2120,temperature,750.0,0.16344922613544563,0.2056497550092612
r2p8_w256_di32,5,2120,temperature,775.0,0.17411779215450549,0.20561103578080836
r2p8_w256_di32,5,2120,temperature,800.0,0.1904199641799599,0.2489690229757545
r2p8_w256_di32,5,2120,temperature,825.0,0.21654968975540698,0.2807125813260521
r2p8_w256_di32,5,2120,temperature,850.0,0.23338040444244634,0.3433327098482663
r2p8_w256_di32,5,2120,temperature,875.0,0.2383985525041921,0.3846315177650386
r2p8_w256_di32,5,2120,temperature,900.0,0.23817769453902424,0.33199800916553773
r2p8_w256_di32,5,2120,temperature,925.0,0.24131919994591847,0.32967006185210446
r2p8_w256_di32,5,2120,temperature,950.0,0.25338859005072684,0.3473544095492445
r2p8_w256_di32,5,2120,temperature,975.0,0.28011338818319065,0.37669708628425075
r2p8_w256_di32,5,2120,temperature,1000.0,0.29223923702625065,0.427421235300831
r2p8_w256_di32,5,2120,geopotential,1.0,904225144.566323,26860117.396563575
r2p8_w256_di32,5,2120,geopotential,2.0,421705871.6151203,5037464.501890034
r2p8_w256_di32,5,2120,geopotential,3.0,239814309.2783505,2762554.3347079037
r2p8_w256_di32,5,2120,geopotential,5.0,90220112.5718213,1348432.245146048
r2p8_w256_di32,5,2120,geopotential,7.0,35922425.003436424,595251.2024484536
r2p8_w256_di32,5,2120,geopotential,10.0,7552648.180412371,271201.89359965635
r2p8_w256_di32,5,2120,geopotential,20.0,1870461.121821306,763545.5758591065
r2p8_w256_di32,5,2120,geopotential,30.0,3139592.8699312713,410217.0461554983
r2p8_w256_di32,5,2120,geopotential,50.0,3545.1752452312876,61494.96638208763
r2p8_w256_di32,5,2120,geopotential,70.0,3058.496623308634,55071.723818728526
r2p8_w256_di32,5,2120,geopotential,100.0,1947.3920830900317,4074.1440694802404
r2p8_w256_di32,5,2120,geopotential,125.0,1600.7544679412317,2285.2772877906195
r2p8_w256_di32,5,2120,geopotential,150.0,1447.6305559610582,1819.9370892396907
r2p8_w256_di32,5,2120,geopotential,175.0,1401.25583080803,2086.0788033921285
r2p8_w256_di32,5,2120,geopotential,200.0,1392.0184857240656,2817.377533609187
r2p8_w256_di32,5,2120,geopotential,225.0,1334.66822119644,2559.046691265303
r2p8_w256_di32,5,2120,geopotential,250.0,1327.4334120707824,1931.9945434150827
r2p8_w256_di32,5,2120,geopotential,300.0,1326.4102626734993,1811.4395103428371
r2p8_w256_di32,5,2120,geopotential,350.0,1262.2029262057695,2124.1178893833226
r2p8_w256_di32,5,2120,geopotential,400.0,1164.8296497043466,1574.1483403471327
r2p8_w256_di32,5,2120,geopotential,450.0,1068.8698042512349,1567.7243248798593
r2p8_w256_di32,5,2120,geopotential,500.0,984.3614905078796,1346.9787305694265
r2p8_w256_di32,5,2120,geopotential,550.0,916.9645822636451,1244.6443652595442
r2p8_w256_di32,5,2120,geopotential,600.0,874.5392489403794,1165.6476201742375
r2p8_w256_di32,5,2120,geopotential,650.0,845.6806461714388,1143.678641470683
r2p8_w256_di32,5,2120,geopotential,700.0,839.1996944886303,1186.1785329917043
r2p8_w256_di32,5,2120,geopotential,750.0,838.9861821859563,1164.827665873
r2p8_w256_di32,5,2120,geopotential,775.0,849.8817782372544,1190.1927377392747
r2p8_w256_di32,5,2120,geopotential,800.0,859.8848000018457,1196.9631865720978
r2p8_w256_di32,5,2120,geopotential,825.0,876.5115020856824,1216.1120287498657
r2p8_w256_di32,5,2120,geopotential,850.0,896.7007591011597,1282.9882722310595
r2p8_w256_di32,5,2120,geopotential,875.0,920.5010710306593,1340.6553857337979
r2p8_w256_di32,5,2120,geopotential,900.0,960.3472132731958,1399.3462189664547
r2p8_w256_di32,5,2120,geopotential,925.0,1007.6959030937903,1475.8562454276068
r2p8_w256_di32,5,2120,geopotential,950.0,1060.872597857603,1611.7739239355133
r2p8_w256_di32,5,2120,geopotential,975.0,1143.3865640017584,1834.3431925875216
r2p8_w256_di32,5,2120,geopotential,1000.0,1260.156984435406,2393.0523474414736
r2p8_w256_di32,5,2120,u_component_of_wind,1.0,722.9386758601133,1483.1187312489933
r2p8_w256_di32,5,2120,u_component_of_wind,2.0,455.2801186682842,639.9245823181782
r2p8_w256_di32,5,2120,u_component_of_wind,3.0,285.6802493013467,407.9620420685339
r2p8_w256_di32,5,2120,u_component_of_wind,5.0,139.57897599472622,186.83426659443126
r2p8_w256_di32,5,2120,u_component_of_wind,7.0,94.83603440379768,123.58934390929966
r2p8_w256_di32,5,2120,u_component_of_wind,10.0,68.12114248111895,104.59125094594005
r2p8_w256_di32,5,2120,u_component_of_wind,20.0,26.779242006282217,47.86834302423746
r2p8_w256_di32,5,2120,u_component_of_wind,30.0,26.19292216612301,35.039044079338154
r2p8_w256_di32,5,2120,u_component_of_wind,50.0,1.1315817461390676,8.700588249914425
r2p8_w256_di32,5,2120,u_component_of_wind,70.0,1.12226303430767,2.2188236833847674
r2p8_w256_di32,5,2120,u_component_of_wind,100.0,1.3048216249115279,2.7169361714235287
r2p8_w256_di32,5,2120,u_component_of_wind,125.0,1.4188450351613493,2.178108156915383
r2p8_w256_di32,5,2120,u_component_of_wind,150.0,1.4963557155271576,2.3869519172255527
r2p8_w256_di32,5,2120,u_component_of_wind,175.0,1.5222772715427622,2.214151091428147
r2p8_w256_di32,5,2120,u_component_of_wind,200.0,1.596340423883851,2.662024475209082
r2p8_w256_di32,5,2120,u_component_of_wind,225.0,1.7501107596859489,2.5741312204767337
r2p8_w256_di32,5,2120,u_component_of_wind,250.0,1.88050915801648,2.7491754608875287
r2p8_w256_di32,5,2120,u_component_of_wind,300.0,1.9726522819283083,3.5419576359778335
r2p8_w256_di32,5,2120,u_component_of_wind,350.0,1.807396195352692,3.6959249440747026
r2p8_w256_di32,5,2120,u_component_of_wind,400.0,1.59124540152009,2.317320953529725
r2p8_w256_di32,5,2120,u_component_of_wind,450.0,1.4034066351418644,1.926645560854489
r2p8_w256_di32,5,2120,u_component_of_wind,500.0,1.2501135787603372,1.554036574511184
r2p8_w256_di32,5,2120,u_component_of_wind,550.0,1.1626420173448386,1.3573210055885445
r2p8_w256_di32,5,2120,u_component_of_wind,600.0,1.0861500463125222,1.251054610706277
r2p8_w256_di32,5,2120,u_component_of_wind,650.0,1.0444742619786476,1.4154341636244783
r2p8_w256_di32,5,2120,u_component_of_wind,700.0,1.003151554831934,1.3149275762518657
r2p8_w256_di32,5,2120,u_component_of_wind,750.0,0.9663509646232186,1.108940161052848
r2p8_w256_di32,5,2120,u_component_of_wind,775.0,0.9445383881785206,1.1225208236589463
r2p8_w256_di32,5,2120,u_component_of_wind,800.0,0.92787974003664,1.0875998757958822
r2p8_w256_di32,5,2120,u_component_of_wind,825.0,0.9099692950543669,1.0907015446944746
r2p8_w256_di32,5,2120,u_component_of_wind,850.0,0.8807123280472772,1.048885683833119
r2p8_w256_di32,5,2120,u_component_of_wind,875.0,0.8459510380050161,1.0277538571570748
r2p8_w256_di32,5,2120,u_component_of_wind,900.0,0.8174166316838608,1.0145597015049859
r2p8_w256_di32,5,2120,u_component_of_wind,925.0,0.8008179622417463,1.0046952896921086
r2p8_w256_di32,5,2120,u_component_of_wind,950.0,0.7643924616456441,1.0085670846844048
r2p8_w256_di32,5,2120,u_component_of_wind,975.0,0.679763151218801,0.9340383505083851
r2p8_w256_di32,5,2120,u_component_of_wind,1000.0,0.5664272328627479,0.8670923962216197
r2p8_w256_di32,5,2120,v_component_of_wind,1.0,119.05225657564668,137.8892279608553
r2p8_w256_di32,5,2120,v_component_of_wind,2.0,72.77250083844686,90.54920705683863
r2p8_w256_di32,5,2120,v_component_of_wind,3.0,52.03747801108868,70.5709164281891
r2p8_w256_di32,5,2120,v_component_of_wind,5.0,32.71310249145088,43.622652900669586
r2p8_w256_di32,5,2120,v_component_of_wind,7.0,24.73936256133404,32.14652301880093
r2p8_w256_di32,5,2120,v_component_of_wind,10.0,17.121713023497065,21.972299347054918
r2p8_w256_di32,5,2120,v_component_of_wind,20.0,9.852611001660325,11.864974243452458
r2p8_w256_di32,5,2120,v_component_of_wind,30.0,8.196863597856764,11.352972254146826
r2p8_w256_di32,5,2120,v_component_of_wind,50.0,1.1579218097159134,5.40847823152837
r2p8_w256_di32,5,2120,v_component_of_wind,70.0,1.2083303110706027,36.46479064443267
r2p8_w256_di32,5,2120,v_component_of_wind,100.0,1.358649160648949,3.9716312223283694
r2p8_w256_di32,5,2120,v_component_of_wind,125.0,1.464807457694483,3.9774650611418627
r2p8_w256_di32,5,2120,v_component_of_wind,150.0,1.4900461818754058,3.06733079267941
r2p8_w256_di32,5,2120,v_component_of_wind,175.0,1.4851046708850926,2.335065925817719
r2p8_w256_di32,5,2120,v_component_of_wind,200.0,1.5519517937067038,2.082866387514724
r2p8_w256_di32,5,2120,v_component_of_wind,225.0,1.7551270650424498,2.6576498184826773
r2p8_w256_di32,5,2120,v_component_of_wind,250.0,1.9538696924845378,3.4900095749556814
r2p8_w256_di32,5,2120,v_component_of_wind,300.0,2.199929283328892,4.025533779707971
r2p8_w256_di32,5,2120,v_component_of_wind,350.0,2.0805937891563597,3.543732863357387
r2p8_w256_di32,5,2120,v_component_of_wind,400.0,1.842572056304958,2.5744548750906877
r2p8_w256_di32,5,2120,v_component_of_wind,450.0,1.6110221734161638,2.238349451068341
r2p8_w256_di32,5,2120,v_component_of_wind,500.0,1.4217242776323429,1.8660815977148992
r2p8_w256_di32,5,2120,v_component_of_wind,550.0,1.3090241281027646,1.6049001525767481
r2p8_w256_di32,5,2120,v_component_of_wind,600.0,1.2139677363163008,1.4852614955803782
r2p8_w256_di32,5,2120,v_component_of_wind,650.0,1.158326429722645,1.5740950589327467
r2p8_w256_di32,5,2120,v_component_of_wind,700.0,1.1124399000017093,1.3772165261593061
r2p8_w256_di32,5,2120,v_component_of_wind,750.0,1.0738952532257002,1.3466833677898158
r2p8_w256_di32,5,2120,v_component_of_wind,775.0,1.0539147950939296,1.4557795366470756
r2p8_w256_di32,5,2120,v_component_of_wind,800.0,1.0374182451221952,1.6513520618484603
r2p8_w256_di32,5,2120,v_component_of_wind,825.0,1.0209088774071526,1.410174075352777
r2p8_w256_di32,5,2120,v_component_of_wind,850.0,0.9962723830311568,1.410145681584414
r2p8_w256_di32,5,2120,v_component_of_wind,875.0,0.9674795301099823,1.3657166224574715
r2p8_w256_di32,5,2120,v_component_of_wind,900.0,0.9479510768582321,1.2719203720387724
r2p8_w256_di32,5,2120,v_component_of_wind,925.0,0.9261941030263081,1.2154140718204458
r2p8_w256_di32,5,2120,v_component_of_wind,950.0,0.8840874612126564,1.1782724061782417
r2p8_w256_di32,5,2120,v_component_of_wind,975.0,0.7781730204513393,1.1439123025055193
r2p8_w256_di32,5,2120,v_component_of_wind,1000.0,0.6346544354846797,0.918593814856408
r2p8_w256_di32,5,2120,specific_humidity,1.0,7.979712329664615e-13,1.1135614548494417e-13
r2p8_w256_di32,5,2120,specific_humidity,2.0,5.29086877704512e-13,4.581288997042397e-14
r2p8_w256_di32,5,2120,specific_humidity,3.0,3.6428078088250586e-13,3.225514411978634e-14
r2p8_w256_di32,5,2120,specific_humidity,5.0,1.8613657648499995e-13,7.089248273139276e-14
r2p8_w256_di32,5,2120,specific_humidity,7.0,1.1637544761544083e-13,1.1941534870018066e-13
r2p8_w256_di32,5,2120,specific_humidity,10.0,6.511209778552283e-14,1.8657802182500595e-13
r2p8_w256_di32,5,2120,specific_humidity,20.0,1.788848140050651e-14,1.7870722505289335e-13
r2p8_w256_di32,5,2120,specific_humidity,30.0,1.002146847301838e-14,2.9157382318042846e-14
r2p8_w256_di32,5,2120,specific_humidity,50.0,1.5086202651576535e-16,1.111516804614468e-13
r2p8_w256_di32,5,2120,specific_humidity,70.0,6.555352921912525e-16,1.7207189037535098e-14
r2p8_w256_di32,5,2120,specific_humidity,100.0,7.841293617331244e-15,2.061791005190663e-14
r2p8_w256_di32,5,2120,specific_humidity,125.0,5.6395601411281255e-14,1.6952185320065648e-13
r2p8_w256_di32,5,2120,specific_humidity,150.0,4.4888748201515315e-13,1.3710529931212616e-12
r2p8_w256_di32,5,2120,specific_humidity,175.0,3.1129370728082507e-12,7.559323969990538e-12
r2p8_w256_di32,5,2120,specific_humidity,200.0,1.7224567795719864e-11,3.411883331464422e-11
r2p8_w256_di32,5,2120,specific_humidity,225.0,7.266019820229885e-11,1.2019740460676734e-10
r2p8_w256_di32,5,2120,specific_humidity,250.0,2.260142254336237e-10,4.0378052213366066e-10
r2p8_w256_di32,5,2120,specific_humidity,300.0,1.1943600377511298e-09,2.982609742690644e-09
r2p8_w256_di32,5,2120,specific_humidity,350.0,4.1034687231203145e-09,8.021116814201401e-09
r2p8_w256_di32,5,2120,specific_humidity,400.0,1.0218196281929792e-08,2.0489493567560644e-08
r2p8_w256_di32,5,2120,specific_humidity,450.0,2.1221508844362654e-08,3.175394950328047e-08
r2p8_w256_di32,5,2120,specific_humidity,500.0,3.633391267640685e-08,4.7776677967494616e-08
r2p8_w256_di32,5,2120,specific_humidity,550.0,5.825099867052357e-08,7.131950399416523e-08
r2p8_w256_di32,5,2120,specific_humidity,600.0,7.987532751446492e-08,1.1079426765025321e-07
r2p8_w256_di32,5,2120,specific_humidity,650.0,1.1199283436752987e-07,1.5598386574813416e-07
r2p8_w256_di32,5,2120,specific_humidity,700.0,1.436713131456084e-07,2.1990483191531638e-07
r2p8_w256_di32,5,2120,specific_humidity,750.0,1.7886858791580598e-07,2.509373912187872e-07
r2p8_w256_di32,5,2120,specific_humidity,775.0,1.9098260635633102e-07,2.5293413184882377e-07
r2p8_w256_di32,5,2120,specific_humidity,800.0,2.0336908329278867e-07,2.679894828673826e-07
r2p8_w256_di32,5,2120,specific_humidity,825.0,2.1300108063225765e-07,2.8134956526767313e-07
r2p8_w256_di32,5,2120,specific_humidity,850.0,2.108220350025642e-07,2.7991484140936034e-07
r2p8_w256_di32,5,2120,specific_humidity,875.0,1.9530405060497688e-07,2.5500771729970676e-07
r2p8_w256_di32,5,2120,specific_humidity,900.0,1.7737926227155216e-07,2.271028110438228e-07
r2p8_w256_di32,5,2120,specific_humidity,925.0,1.493074445703311e-07,1.8445181341743454e-07
r2p8_w256_di32,5,2120,specific_humidity,950.0,1.1990993478272445e-07,1.5194116186223843e-07
r2p8_w256_di32,5,2120,specific_humidity,975.0,1.1499239043863894e-07,1.3803447243319787e-07
r2p8_w256_di32,5,2120,specific_humidity,1000.0,1.1164597994239398e-07,1.4258001646448444e-07
r2p8_w256_di32,5,2120,specific_cloud_ice_water_content,1.0,2.0656094913948557e-12,2.4801715073867657e-12
r2p8_w256_di32,5,2120,specific_cloud_ice_water_content,2.0,2.0234545277697125e-12,2.4667336016372784e-12
r2p8_w256_di32,5,2120,specific_cloud_ice_water_content,3.0,2.0223645892362894e-12,2.474900231327217e-12
r2p8_w256_di32,5,2120,specific_cloud_ice_water_content,5.0,2.00482062520991e-12,2.4738810879914856e-12
r2p8_w256_di32,5,2120,specific_cloud_ice_water_content,7.0,2.0152753867592816e-12,2.475185778435798e-12
r2p8_w256_di32,5,2120,specific_cloud_ice_water_content,10.0,2.037115150627534e-12,2.467923209125301e-12
r2p8_w256_di32,5,2120,specific_cloud_ice_water_content,20.0,1.436444092610472e-12,1.84453118713295e-12
r2p8_w256_di32,5,2120,specific_cloud_ice_water_content,30.0,1.0323275304599433e-12,1.4307031493352228e-12
r2p8_w256_di32,5,2120,specific_cloud_ice_water_content,50.0,6.04867116940882e-13,1.1243597218864242e-12
r2p8_w256_di32,5,2120,specific_cloud_ice_water_content,70.0,5.007802197102933e-13,9.066656526940572e-13
r2p8_w256_di32,5,2120,specific_cloud_ice_water_content,100.0,1.41792414577202e-12,2.095116152475783e-12
r2p8_w256_di32,5,2120,specific_cloud_ice_water_content,125.0,7.433379552119128e-12,8.583914176259018e-12
r2p8_w256_di32,5,2120,specific_cloud_ice_water_content,150.0,2.0437429827850873e-11,2.2626127428550346e-11
r2p8_w256_di32,5,2120,specific_cloud_ice_water_content,175.0,3.4651052583181316e-11,3.9908674776724674e-11
r2p8_w256_di32,5,2120,specific_cloud_ice_water_content,200.0,4.9533701323312176e-11,6.139530974464362e-11
r2p8_w256_di32,5,2120,specific_cloud_ice_water_content,225.0,6.440855524445746e-11,9.030827678357105e-11
r2p8_w256_di32,5,2120,specific_cloud_ice_water_content,250.0,7.128898804799967e-11,1.2311110866906012e-10
r2p8_w256_di32,5,2120,specific_cloud_ice_water_content,300.0,6.805355274630973e-11,1.3174802029691333e-10
r2p8_w256_di32,5,2120,specific_cloud_ice_water_content,350.0,6.064485854360536e-11,1.0098424669504224e-10
r2p8_w256_di32,5,2120,specific_cloud_ice_water_content,400.0,4.579369841041881e-11,6.508741982522531e-11
r2p8_w256_di32,5,2120,specific_cloud_ice_water_content,450.0,3.341729136034257e-11,4.4805616047257876e-11
r2p8_w256_di32,5,2120,specific_cloud_ice_water_content,500.0,2.3787024569424588e-11,3.0422875355097853e-11
r2p8_w256_di32,5,2120,specific_cloud_ice_water_content,550.0,1.584411670627491e-11,2.0068618773047162e-11
r2p8_w256_di32,5,2120,specific_cloud_ice_water_content,600.0,1.1052950666157134e-11,1.3825710181048327e-11
r2p8_w256_di32,5,2120,specific_cloud_ice_water_content,650.0,8.164465710032475e-12,1.0033798013589797e-11
r2p8_w256_di32,5,2120,specific_cloud_ice_water_content,700.0,6.09391010173955e-12,7.2641952632343245e-12
r2p8_w256_di32,5,2120,specific_cloud_ice_water_content,750.0,4.78754874018024e-12,5.786245577334038e-12
r2p8_w256_di32,5,2120,specific_cloud_ice_water_content,775.0,4.713934288971145e-12,5.5543159290714845e-12
r2p8_w256_di32,5,2120,specific_cloud_ice_water_content,800.0,4.707491983358201e-12,5.710427824777016e-12
r2p8_w256_di32,5,2120,specific_cloud_ice_water_content,825.0,4.550229323514479e-12,5.279659364099666e-12
r2p8_w256_di32,5,2120,specific_cloud_ice_water_content,850.0,3.961986983271616e-12,4.5602581590347255e-12
r2p8_w256_di32,5,2120,specific_cloud_ice_water_content,875.0,3.203053258355219e-12,3.555192231136667e-12
r2p8_w256_di32,5,2120,specific_cloud_ice_water_content,900.0,2.611289247265449e-12,3.1268774223601046e-12
r2p8_w256_di32,5,2120,specific_cloud_ice_water_content,925.0,2.0978291394259484e-12,2.6946246774332176e-12
r2p8_w256_di32,5,2120,specific_cloud_ice_water_content,950.0,1.5283444514611215e-12,2.0125374815645053e-12
r2p8_w256_di32,5,2120,specific_cloud_ice_water_content,975.0,1.052711194566144e-12,1.2430758694624986e-12
r2p8_w256_di32,5,2120,specific_cloud_ice_water_content,1000.0,8.760627932093284e-13,1.0751846253121362e-12
r2p8_w256_di32,5,2120,specific_cloud_liquid_water_content,1.0,6.960850716230101e-12,1.1633764078449434e-11
r2p8_w256_di32,5,2120,specific_cloud_liquid_water_content,2.0,6.97905872942246e-12,1.1704909027988746e-11
r2p8_w256_di32,5,2120,specific_cloud_liquid_water_content,3.0,6.894158364596004e-12,1.1648056403767141e-11
r2p8_w256_di32,5,2120,specific_cloud_liquid_water_content,5.0,6.959709655962159e-12,1.1743521590448865e-11
r2p8_w256_di32,5,2120,specific_cloud_liquid_water_content,7.0,7.049454723725454e-12,1.17440331979578e-11
r2p8_w256_di32,5,2120,specific_cloud_liquid_water_content,10.0,6.904741347396527e-12,1.160940273074514e-11
r2p8_w256_di32,5,2120,specific_cloud_liquid_water_content,20.0,5.3435425763698175e-12,8.844323822970754e-12
r2p8_w256_di32,5,2120,specific_cloud_liquid_water_content,30.0,3.906649930766201e-12,6.859662937009651e-12
r2p8_w256_di32,5,2120,specific_cloud_liquid_water_content,50.0,3.665392761854649e-12,1.017448033935617e-11
r2p8_w256_di32,5,2120,specific_cloud_liquid_water_content,70.0,2.4087816302428625e-12,1.1656864835390605e-11
r2p8_w256_di32,5,2120,specific_cloud_liquid_water_content,100.0,2.305795471391585e-12,8.4632106833437e-12
r2p8_w256_di32,5,2120,specific_cloud_liquid_water_content,125.0,1.980715439158574e-12,5.151784275527028e-12
r2p8_w256_di32,5,2120,specific_cloud_liquid_water_content,150.0,2.2718102831329924e-12,5.801113161099439e-12
r2p8_w256_di32,5,2120,specific_cloud_liquid_water_content,175.0,2.7887149269078502e-12,4.48005485980771e-12
r2p8_w256_di32,5,2120,specific_cloud_liquid_water_content,200.0,3.3221211096406432e-12,5.528979849485976e-12
r2p8_w256_di32,5,2120,specific_cloud_liquid_water_content,225.0,2.8765502800703413e-12,3.9072629981379835e-12
r2p8_w256_di32,5,2120,specific_cloud_liquid_water_content,250.0,3.164678334531436e-12,4.7345005809347935e-12
r2p8_w256_di32,5,2120,specific_cloud_liquid_water_content,300.0,5.122975064937647e-12,6.72988685499455e-12
r2p8_w256_di32,5,2120,specific_cloud_liquid_water_content,350.0,7.957461985959718e-12,1.0344576617007147e-11
r2p8_w256_di32,5,2120,specific_cloud_liquid_water_content,400.0,1.552316402925363e-11,1.9901884907525172e-11
r2p8_w256_di32,5,2120,specific_cloud_liquid_water_content,450.0,3.5263638976948825e-11,4.1125931804049355e-11
r2p8_w256_di32,5,2120,specific_cloud_liquid_water_content,500.0,7.745687769108952e-11,8.771440038124314e-11
r2p8_w256_di32,5,2120,specific_cloud_liquid_water_content,550.0,1.3065076468198478e-10,1.388748128569814e-10
r2p8_w256_di32,5,2120,specific_cloud_liquid_water_content,600.0,1.0494442934458747e-10,1.1512790052621154e-10
r2p8_w256_di32,5,2120,specific_cloud_liquid_water_content,650.0,1.0600061239225198e-10,1.1620975233080132e-10
r2p8_w256_di32,5,2120,specific_cloud_liquid_water_content,700.0,1.2998984417027117e-10,1.4272994858843623e-10
r2p8_w256_di32,5,2120,specific_cloud_liquid_water_content,750.0,1.6661817846583605e-10,1.810434411302414e-10
r2p8_w256_di32,5,2120,specific_cloud_liquid_water_content,775.0,1.8760434774014486e-10,2.0489180651849736e-10
r2p8_w256_di32,5,2120,specific_cloud_liquid_water_content,800.0,2.1662372748966472e-10,2.7987002433010297e-10
r2p8_w256_di32,5,2120,specific_cloud_liquid_water_content,825.0,2.838498005084331e-10,3.8647263901916447e-10
r2p8_w256_di32,5,2120,specific_cloud_liquid_water_content,850.0,3.367170732005296e-10,6.440637484011814e-10
r2p8_w256_di32,5,2120,specific_cloud_liquid_water_content,875.0,3.45171796013947e-10,1.065152699795132e-09
r2p8_w256_di32,5,2120,specific_cloud_liquid_water_content,900.0,3.08558149439639e-10,8.047008431879051e-10
r2p8_w256_di32,5,2120,specific_cloud_liquid_water_content,925.0,2.4837554240315123e-10,4.3487994774572695e-10
r2p8_w256_di32,5,2120,specific_cloud_liquid_water_content,950.0,1.717761228553055e-10,4.564346605522586e-10
r2p8_w256_di32,5,2120,specific_cloud_liquid_water_content,975.0,1.0367759170511923e-10,2.5352130254798033e-10
r2p8_w256_di32,5,2120,specific_cloud_liquid_water_content,1000.0,6.08969232715158e-11,8.628590551589137e-11
r2p8_w256_di32,6,2544,temperature,1.0,75.19899358061171,326.41979737167094
r2p8_w256_di32,6,2544,temperature,2.0,49.46142185905955,797.0643040817628
r2p8_w256_di32,6,2544,temperature,3.0,32.390100264139605,1007.6493229502255
r2p8_w256_di32,6,2544,temperature,5.0,18.356825226852575,765.4033180892262
r2p8_w256_di32,6,2544,temperature,7.0,12.234180402919598,538.2300946946816
r2p8_w256_di32,6,2544,temperature,10.0,6.932305318301486,364.3581936446252
r2p8_w256_di32,6,2544,temperature,20.0,5.231110039609405,45.877155115186554
r2p8_w256_di32,6,2544,temperature,30.0,3.8718095885928965,5.677021147377302
r2p8_w256_di32,6,2544,temperature,50.0,0.38092296676537424,33.25235607370068
r2p8_w256_di32,6,2544,temperature,70.0,0.37079606127902814,5.61584562091893
r2p8_w256_di32,6,2544,temperature,100.0,0.2558116016416615,1.9966097498267787
r2p8_w256_di32,6,2544,temperature,125.0,0.16940880641597242,1.5284810247290175
r2p8_w256_di32,6,2544,temperature,150.0,0.1361507817232322,0.7484005994813139
r2p8_w256_di32,6,2544,temperature,175.0,0.12455395877975778,0.32410512101609273
r2p8_w256_di32,6,2544,temperature,200.0,0.12989476659556026,0.19394507854664858
r2p8_w256_di32,6,2544,temperature,225.0,0.13519545711090475,0.21649852473916056
r2p8_w256_di32,6,2544,temperature,250.0,0.13230877116680964,0.20146642196219403
r2p8_w256_di32,6,2544,temperature,300.0,0.12216572812230317,0.2041508585009788
r2p8_w256_di32,6,2544,temperature,350.0,0.11342368134108606,0.16816004319084468
r2p8_w256_di32,6,2544,temperature,400.0,0.11115286237595418,0.14395031013951679
r2p8_w256_di32,6,2544,temperature,450.0,0.11125911449136602,0.1354095513417139
r2p8_w256_di32,6,2544,temperature,500.0,0.11108228455192035,0.13362889366154
r2p8_w256_di32,6,2544,temperature,550.0,0.11616847624176556,0.14164808892302497
r2p8_w256_di32,6,2544,temperature,600.0,0.12294365673028317,0.1553130669487301
r2p8_w256_di32,6,2544,temperature,650.0,0.13241656982304714,0.1689394657605702
r2p8_w256_di32,6,2544,temperature,700.0,0.14335038165251415,0.1798037911608457
r2p8_w256_di32,6,2544,temperature,750.0,0.16344922613544563,0.2011321714243938
r2p8_w256_di32,6,2544,temperature,775.0,0.17411779215450549,0.2030807192895011
r2p8_w256_di32,6,2544,temperature,800.0,0.1904199641799599,0.2608423918178401
r2p8_w256_di32,6,2544,temperature,825.0,0.21654968975540698,0.2848595472135904
r2p8_w256_di32,6,2544,temperature,850.0,0.23338040444244634,0.3542513756203078
r2p8_w256_di32,6,2544,temperature,875.0,0.2383985525041921,0.39479428208161055
r2p8_w256_di32,6,2544,temperature,900.0,0.23817769453902424,0.3474162139433766
r2p8_w256_di32,6,2544,temperature,925.0,0.24131919994591847,0.33633351706966913
r2p8_w256_di32,6,2544,temperature,950.0,0.25338859005072684,0.3539694843628153
r2p8_w256_di32,6,2544,temperature,975.0,0.28011338818319065,0.37570185499502623
r2p8_w256_di32,6,2544,temperature,1000.0,0.29223923702625065,0.4331467579115707
r2p8_w256_di32,6,2544,geopotential,1.0,904225144.566323,18499898.03436426
r2p8_w256_di32,6,2544,geopotential,2.0,421705871.6151203,3351165.95395189
r2p8_w256_di32,6,2544,geopotential,3.0,239814309.2783505,1736840.1609965635
r2p8_w256_di32,6,2544,geopotential,5.0,90220112.5718213,841386.9652920963
r2p8_w256_di32,6,2544,geopotential,7.0,35922425.003436424,423691.4520081615
r2p8_w256_di32,6,2544,geopotential,10.0,7552648.180412371,313255.19689647766
r2p8_w256_di32,6,2544,geopotential,20.0,1870461.121821306,720613.7736254296
r2p8_w256_di32,6,2544,geopotential,30.0,3139592.8699312713,326539.9260524055
r2p8_w256_di32,6,2544,geopotential,50.0,3545.1752452312876,59738.86619952749
r2p8_w256_di32,6,2544,geopotential,70.0,3058.496623308634,50501.834200493984
r2p8_w256_di32,6,2544,geopotential,100.0,1947.3920830900317,4031.384196131336
r2p8_w256_di32,6,2544,geopotential,125.0,1600.7544679412317,2235.503770168868
r2p8_w256_di32,6,2544,geopotential,150.0,1447.6305559610582,1855.3379728441796
r2p8_w256_di32,6,2544,geopotential,175.0,1401.25583080803,3093.1057459460912
r2p8_w256_di32,6,2544,geopotential,200.0,1392.0184857240656,2516.764657917875
r2p8_w256_di32,6,2544,geopotential,225.0,1334.66822119644,2198.287497231395
r2p8_w256_di32,6,2544,geopotential,250.0,1327.4334120707824,1720.3226710997906
r2p8_w256_di32,6,2544,geopotential,300.0,1326.4102626734993,2109.6010881456723
r2p8_w256_di32,6,2544,geopotential,350.0,1262.2029262057695,1812.4582056419138
r2p8_w256_di32,6,2544,geopotential,400.0,1164.8296497043466,1581.1249949661726
r2p8_w256_di32,6,2544,geopotential,450.0,1068.8698042512349,1475.4245194792338
r2p8_w256_di32,6,2544,geopotential,500.0,984.3614905078796,1347.9945893907056
r2p8_w256_di32,6,2544,geopotential,550.0,916.9645822636451,1264.0484661928158
r2p8_w256_di32,6,2544,geopotential,600.0,874.5392489403794,1207.5219928754564
r2p8_w256_di32,6,2544,geopotential,650.0,845.6806461714388,1230.1062069188279
r2p8_w256_di32,6,2544,geopotential,700.0,839.1996944886303,1198.7609351508806
r2p8_w256_di32,6,2544,geopotential,750.0,838.9861821859563,1236.6334236066366
r2p8_w256_di32,6,2544,geopotential,775.0,849.8817782372544,1265.7123752030311
r2p8_w256_di32,6,2544,geopotential,800.0,859.8848000018457,1240.8884859170291
r2p8_w256_di32,6,2544,geopotential,825.0,876.5115020856824,1275.6054262141593
r2p8_w256_di32,6,2544,geopotential,850.0,896.7007591011597,1333.848462333548
r2p8_w256_di32,6,2544,geopotential,875.0,920.5010710306593,1384.3597527048432
r2p8_w256_di32,6,2544,geopotential,900.0,960.3472132731958,1440.0466249446279
r2p8_w256_di32,6,2544,geopotential,925.0,1007.6959030937903,1534.963231834595
r2p8_w256_di32,6,2544,geopotential,950.0,1060.872597857603,1688.584184469636
r2p8_w256_di32,6,2544,geopotential,975.0,1143.3865640017584,1981.5509943486898
r2p8_w256_di32,6,2544,geopotential,1000.0,1260.156984435406,2784.7753859267614
r2p8_w256_di32,6,2544,u_component_of_wind,1.0,722.9386758601133,1462.5768325228871
r2p8_w256_di32,6,2544,u_component_of_wind,2.0,455.2801186682842,624.2671339107134
r2p8_w256_di32,6,2544,u_component_of_wind,3.0,285.6802493013467,395.89016708950817
r2p8_w256_di32,6,2544,u_component_of_wind,5.0,139.57897599472622,202.92187868098623
r2p8_w256_di32,6,2544,u_component_of_wind,7.0,94.83603440379768,132.6860514611313
r2p8_w256_di32,6,2544,u_component_of_wind,10.0,68.12114248111895,105.33994582395783
r2p8_w256_di32,6,2544,u_component_of_wind,20.0,26.779242006282217,51.20178051453686
r2p8_w256_di32,6,2544,u_component_of_wind,30.0,26.19292216612301,36.770828430595266
r2p8_w256_di32,6,2544,u_component_of_wind,50.0,1.1315817461390676,5.042264666508154
r2p8_w256_di32,6,2544,u_component_of_wind,70.0,1.12226303430767,2.2683702849850214
r2p8_w256_di32,6,2544,u_component_of_wind,100.0,1.3048216249115279,4.204291554742662
r2p8_w256_di32,6,2544,u_component_of_wind,125.0,1.4188450351613493,2.648221855147188
r2p8_w256_di32,6,2544,u_component_of_wind,150.0,1.4963557155271576,2.507801105885981
r2p8_w256_di32,6,2544,u_component_of_wind,175.0,1.5222772715427622,2.5545461938143594
r2p8_w256_di32,6,2544,u_component_of_wind,200.0,1.596340423883851,2.4365139621229925
r2p8_w256_di32,6,2544,u_component_of_wind,225.0,1.7501107596859489,2.705056742786132
r2p8_w256_di32,6,2544,u_component_of_wind,250.0,1.88050915801648,2.7559295759168276
r2p8_w256_di32,6,2544,u_component_of_wind,300.0,1.9726522819283083,3.721344075088239
r2p8_w256_di32,6,2544,u_component_of_wind,350.0,1.807396195352692,3.90408625274999
r2p8_w256_di32,6,2544,u_component_of_wind,400.0,1.59124540152009,2.445146726988435
r2p8_w256_di32,6,2544,u_component_of_wind,450.0,1.4034066351418644,1.9600373290248754
r2p8_w256_di32,6,2544,u_component_of_wind,500.0,1.2501135787603372,1.5767847064434457
r2p8_w256_di32,6,2544,u_component_of_wind,550.0,1.1626420173448386,1.376472555239176
r2p8_w256_di32,6,2544,u_component_of_wind,600.0,1.0861500463125222,1.274791576321592
r2p8_w256_di32,6,2544,u_component_of_wind,650.0,1.0444742619786476,1.4944833011561653
r2p8_w256_di32,6,2544,u_component_of_wind,700.0,1.003151554831934,1.3824202397844636
r2p8_w256_di32,6,2544,u_component_of_wind,750.0,0.9663509646232186,1.109825904672498
r2p8_w256_di32,6,2544,u_component_of_wind,775.0,0.9445383881785206,1.1134571306484262
r2p8_w256_di32,6,2544,u_component_of_wind,800.0,0.92787974003664,1.1012751641961718
r2p8_w256_di32,6,2544,u_component_of_wind,825.0,0.9099692950543669,1.0864658392991398
r2p8_w256_di32,6,2544,u_component_of_wind,850.0,0.8807123280472772,1.0560154451537378
r2p8_w256_di32,6,2544,u_component_of_wind,875.0,0.8459510380050161,1.0424707005523735
r2p8_w256_di32,6,2544,u_component_of_wind,900.0,0.8174166316838608,1.0275229382760747
r2p8_w256_di32,6,2544,u_component_of_wind,925.0,0.8008179622417463,1.0338816696425894
r2p8_w256_di32,6,2544,u_component_of_wind,950.0,0.7643924616456441,1.0514083101577365
r2p8_w256_di32,6,2544,u_component_of_wind,975.0,0.679763151218801,1.0038975090914986
r2p8_w256_di32,6,2544,u_component_of_wind,1000.0,0.5664272328627479,1.005614404907751
r2p8_w256_di32,6,2544,v_component_of_wind,1.0,119.05225657564668,134.58110722807265
r2p8_w256_di32,6,2544,v_component_of_wind,2.0,72.77250083844686,93.33824389218465
r2p8_w256_di32,6,2544,v_component_of_wind,3.0,52.03747801108868,75.46456495199826
r2p8_w256_di32,6,2544,v_component_of_wind,5.0,32.71310249145088,46.665433983294825
r2p8_w256_di32,6,2544,v_component_of_wind,7.0,24.73936256133404,34.87450714504596
r2p8_w256_di32,6,2544,v_component_of_wind,10.0,17.121713023497065,23.752565872874047
r2p8_w256_di32,6,2544,v_component_of_wind,20.0,9.852611001660325,11.950815163445228
r2p8_w256_di32,6,2544,v_component_of_wind,30.0,8.196863597856764,12.801916072622607
r2p8_w256_di32,6,2544,v_component_of_wind,50.0,1.1579218097159134,7.313233202839226
r2p8_w256_di32,6,2544,v_component_of_wind,70.0,1.2083303110706027,42.49601053454212
r2p8_w256_di32,6,2544,v_component_of_wind,100.0,1.358649160648949,5.504091721465907
r2p8_w256_di32,6,2544,v_component_of_wind,125.0,1.464807457694483,5.2653260168750675
r2p8_w256_di32,6,2544,v_component_of_wind,150.0,1.4900461818754058,3.282239178038135
r2p8_w256_di32,6,2544,v_component_of_wind,175.0,1.4851046708850926,2.3060944754643127
r2p8_w256_di32,6,2544,v_component_of_wind,200.0,1.5519517937067038,2.248871725203655
r2p8_w256_di32,6,2544,v_component_of_wind,225.0,1.7551270650424498,2.7993649638395537
r2p8_w256_di32,6,2544,v_component_of_wind,250.0,1.9538696924845378,3.8759432655019856
r2p8_w256_di32,6,2544,v_component_of_wind,300.0,2.199929283328892,4.314670711694305
r2p8_w256_di32,6,2544,v_component_of_wind,350.0,2.0805937891563597,4.049681660072091
r2p8_w256_di32,6,2544,v_component_of_wind,400.0,1.842572056304958,2.7279022210242414
r2p8_w256_di32,6,2544,v_component_of_wind,450.0,1.6110221734161638,2.322194235759093
r2p8_w256_di32,6,2544,v_component_of_wind,500.0,1.4217242776323429,1.874459452481614
r2p8_w256_di32,6,2544,v_component_of_wind,550.0,1.3090241281027646,1.6104897070586477
r2p8_w256_di32,6,2544,v_component_of_wind,600.0,1.2139677363163008,1.5114724754877515
r2p8_w256_di32,6,2544,v_component_of_wind,650.0,1.158326429722645,1.5907513797078345
r2p8_w256_di32,6,2544,v_component_of_wind,700.0,1.1124399000017093,1.4226623484359164
r2p8_w256_di32,6,2544,v_component_of_wind,750.0,1.0738952532257002,1.3639474937186618
r2p8_w256_di32,6,2544,v_component_of_wind,775.0,1.0539147950939296,1.42363420696193
r2p8_w256_di32,6,2544,v_component_of_wind,800.0,1.0374182451221952,1.5821919276542271
r2p8_w256_di32,6,2544,v_component_of_wind,825.0,1.0209088774071526,1.475716565073151
r2p8_w256_di32,6,2544,v_component_of_wind,850.0,0.9962723830311568,1.4395808040481253
r2p8_w256_di32,6,2544,v_component_of_wind,875.0,0.9674795301099823,1.360156647937814
r2p8_w256_di32,6,2544,v_component_of_wind,900.0,0.9479510768582321,1.3318106654583384
r2p8_w256_di32,6,2544,v_component_of_wind,925.0,0.9261941030263081,1.2743661046028136
r2p8_w256_di32,6,2544,v_component_of_wind,950.0,0.8840874612126564,1.2123046177769035
r2p8_w256_di32,6,2544,v_component_of_wind,975.0,0.7781730204513393,1.205861544731966
r2p8_w256_di32,6,2544,v_component_of_wind,1000.0,0.6346544354846797,0.9584962297141347
r2p8_w256_di32,6,2544,specific_humidity,1.0,7.979712329664615e-13,1.0232816834489205e-13
r2p8_w256_di32,6,2544,specific_humidity,2.0,5.29086877704512e-13,4.2342366480927274e-14
r2p8_w256_di32,6,2544,specific_humidity,3.0,3.6428078088250586e-13,3.339302298670035e-14
r2p8_w256_di32,6,2544,specific_humidity,5.0,1.8613657648499995e-13,7.947605170682686e-14
r2p8_w256_di32,6,2544,specific_humidity,7.0,1.1637544761544083e-13,1.3151525083175824e-13
r2p8_w256_di32,6,2544,specific_humidity,10.0,6.511209778552283e-14,2.0324910964132672e-13
r2p8_w256_di32,6,2544,specific_humidity,20.0,1.788848140050651e-14,1.914759211134938e-13
r2p8_w256_di32,6,2544,specific_humidity,30.0,1.002146847301838e-14,3.0183424082207037e-14
r2p8_w256_di32,6,2544,specific_humidity,50.0,1.5086202651576535e-16,1.2379533332919894e-13
r2p8_w256_di32,6,2544,specific_humidity,70.0,6.555352921912525e-16,1.01437870542806e-14
r2p8_w256_di32,6,2544,specific_humidity,100.0,7.841293617331244e-15,1.6592107726452157e-14
r2p8_w256_di32,6,2544,specific_humidity,125.0,5.6395601411281255e-14,1.690882650197707e-13
r2p8_w256_di32,6,2544,specific_humidity,150.0,4.4888748201515315e-13,1.330974892788776e-12
r2p8_w256_di32,6,2544,specific_humidity,175.0,3.1129370728082507e-12,6.755956367618015e-12
r2p8_w256_di32,6,2544,specific_humidity,200.0,1.7224567795719864e-11,3.0382864849927305e-11
r2p8_w256_di32,6,2544,specific_humidity,225.0,7.266019820229885e-11,1.2966421183703125e-10
r2p8_w256_di32,6,2544,specific_humidity,250.0,2.260142254336237e-10,4.560635149981061e-10
r2p8_w256_di32,6,2544,specific_humidity,300.0,1.1943600377511298e-09,2.8169805310847212e-09
r2p8_w256_di32,6,2544,specific_humidity,350.0,4.1034687231203145e-09,8.356177545709644e-09
r2p8_w256_di32,6,2544,specific_humidity,400.0,1.0218196281929792e-08,2.2198135151946337e-08
r2p8_w256_di32,6,2544,specific_humidity,450.0,2.1221508844362654e-08,3.305284779712823e-08
r2p8_w256_di32,6,2544,specific_humidity,500.0,3.633391267640685e-08,4.942871450179439e-08
r2p8_w256_di32,6,2544,specific_humidity,550.0,5.825099867052357e-08,7.307255237034944e-08
r2p8_w256_di32,6,2544,specific_humidity,600.0,7.987532751446492e-08,1.1518376544550766e-07
r2p8_w256_di32,6,2544,specific_humidity,650.0,1.1199283436752987e-07,1.5500314993930426e-07
r2p8_w256_di32,6,2544,specific_humidity,700.0,1.436713131456084e-07,2.1924044470737142e-07
r2p8_w256_di32,6,2544,specific_humidity,750.0,1.7886858791580598e-07,2.430027473618265e-07
r2p8_w256_di32,6,2544,specific_humidity,775.0,1.9098260635633102e-07,2.606227410782144e-07
r2p8_w256_di32,6,2544,specific_humidity,800.0,2.0336908329278867e-07,2.7802724048537836e-07
r2p8_w256_di32,6,2544,specific_humidity,825.0,2.1300108063225765e-07,2.9704322778687134e-07
r2p8_w256_di32,6,2544,specific_humidity,850.0,2.108220350025642e-07,2.94306247104304e-07
r2p8_w256_di32,6,2544,specific_humidity,875.0,1.9530405060497688e-07,2.573383789094993e-07
r2p8_w256_di32,6,2544,specific_humidity,900.0,1.7737926227155216e-07,2.3603902145678272e-07
r2p8_w256_di32,6,2544,specific_humidity,925.0,1.493074445703311e-07,1.859024753499754e-07
r2p8_w256_di32,6,2544,specific_humidity,950.0,1.1990993478272445e-07,1.5441629156801267e-07
r2p8_w256_di32,6,2544,specific_humidity,975.0,1.1499239043863894e-07,1.355227427492399e-07
r2p8_w256_di32,6,2544,specific_humidity,1000.0,1.1164597994239398e-07,1.4436502816368412e-07
r2p8_w256_di32,6,2544,specific_cloud_ice_water_content,1.0,2.0656094913948557e-12,2.5476996669733984e-12
r2p8_w256_di32,6,2544,specific_cloud_ice_water_content,2.0,2.0234545277697125e-12,2.5597090282384812e-12
r2p8_w256_di32,6,2544,specific_cloud_ice_water_content,3.0,2.0223645892362894e-12,2.571759275475387e-12
r2p8_w256_di32,6,2544,specific_cloud_ice_water_content,5.0,2.00482062520991e-12,2.571667554952219e-12
r2p8_w256_di32,6,2544,specific_cloud_ice_water_content,7.0,2.0152753867592816e-12,2.5689703820035556e-12
r2p8_w256_di32,6,2544,specific_cloud_ice_water_content,10.0,2.037115150627534e-12,2.5576024319121216e-12
r2p8_w256_di32,6,2544,specific_cloud_ice_water_content,20.0,1.436444092610472e-12,1.9465053730624103e-12
r2p8_w256_di32,6,2544,specific_cloud_ice_water_content,30.0,1.0323275304599433e-12,1.5162180028442686e-12
r2p8_w256_di32,6,2544,specific_cloud_ice_water_content,50.0,6.04867116940882e-13,1.2146670260841638e-12
r2p8_w256_di32,6,2544,specific_cloud_ice_water_content,70.0,5.007802197102933e-13,1.2721677718339349e-12
r2p8_w256_di32,6,2544,specific_cloud_ice_water_content,100.0,1.41792414577202e-12,2.1025938678847637e-12
r2p8_w256_di32,6,2544,specific_cloud_ice_water_content,125.0,7.433379552119128e-12,8.67511241763075e-12
r2p8_w256_di32,6,2544,specific_cloud_ice_water_content,150.0,2.0437429827850873e-11,2.280720368583445e-11
r2p8_w256_di32,6,2544,specific_cloud_ice_water_content,175.0,3.4651052583181316e-11,4.039488447108048e-11
r2p8_w256_di32,6,2544,specific_cloud_ice_water_content,200.0,4.9533701323312176e-11,6.29844021153641e-11
r2p8_w256_di32,6,2544,specific_cloud_ice_water_content,225.0,6.440855524445746e-11,9.376920241136672e-11
r2p8_w256_di32,6,2544,specific_cloud_ice_water_content,250.0,7.128898804799967e-11,1.2984229498663258e-10
r2p8_w256_di32,6,2544,specific_cloud_ice_water_content,300.0,6.805355274630973e-11,1.4028993665977133e-10
r2p8_w256_di32,6,2544,specific_cloud_ice_water_content,350.0,6.064485854360536e-11,1.0594142478134946e-10
r2p8_w256_di32,6,2544,specific_cloud_ice_water_content,400.0,4.579369841041881e-11,6.758858801483525e-11
r2p8_w256_di32,6,2544,specific_cloud_ice_water_content,450.0,3.341729136034257e-11,4.6538303289319335e-11
r2p8_w256_di32,6,2544,specific_cloud_ice_water_content,500.0,2.3787024569424588e-11,3.1281360439140194e-11
r2p8_w256_di32,6,2544,specific_cloud_ice_water_content,550.0,1.584411670627491e-11,2.055107385158369e-11
r2p8_w256_di32,6,2544,specific_cloud_ice_water_content,600.0,1.1052950666157134e-11,1.4001926530931806e-11
r2p8_w256_di32,6,2544,specific_cloud_ice_water_content,650.0,8.164465710032475e-12,1.041332546931308e-11
r2p8_w256_di32,6,2544,specific_cloud_ice_water_content,700.0,6.09391010173955e-12,7.390053446645561e-12
r2p8_w256_di32,6,2544,specific_cloud_ice_water_content,750.0,4.78754874018024e-12,5.835623222061917e-12
r2p8_w256_di32,6,2544,specific_cloud_ice_water_content,775.0,4.713934288971145e-12,5.609882030798499e-12
r2p8_w256_di32,6,2544,specific_cloud_ice_water_content,800.0,4.707491983358201e-12,5.7322188528261705e-12
r2p8_w256_di32,6,2544,specific_cloud_ice_water_content,825.0,4.550229323514479e-12,5.358489194673296e-12
r2p8_w256_di32,6,2544,specific_cloud_ice_water_content,850.0,3.961986983271616e-12,4.668570302116535e-12
r2p8_w256_di32,6,2544,specific_cloud_ice_water_content,875.0,3.203053258355219e-12,3.6542491392284674e-12
r2p8_w256_di32,6,2544,specific_cloud_ice_water_content,900.0,2.611289247265449e-12,3.2214539741394818e-12
r2p8_w256_di32,6,2544,specific_cloud_ice_water_content,925.0,2.0978291394259484e-12,2.761997263471581e-12
r2p8_w256_di32,6,2544,specific_cloud_ice_water_content,950.0,1.5283444514611215e-12,2.0244969655803265e-12
r2p8_w256_di32,6,2544,specific_cloud_ice_water_content,975.0,1.052711194566144e-12,1.2505224285895648e-12
r2p8_w256_di32,6,2544,specific_cloud_ice_water_content,1000.0,8.760627932093284e-13,1.1767630551312137e-12
r2p8_w256_di32,6,2544,specific_cloud_liquid_water_content,1.0,6.960850716230101e-12,1.1885734170338827e-11
r2p8_w256_di32,6,2544,specific_cloud_liquid_water_content,2.0,6.97905872942246e-12,1.1946114530009553e-11
r2p8_w256_di32,6,2544,specific_cloud_liquid_water_content,3.0,6.894158364596004e-12,1.1900327974501288e-11
r2p8_w256_di32,6,2544,specific_cloud_liquid_water_content,5.0,6.959709655962159e-12,1.2016145032383157e-11
r2p8_w256_di32,6,2544,specific_cloud_liquid_water_content,7.0,7.049454723725454e-12,1.1995207836868222e-11
r2p8_w256_di32,6,2544,specific_cloud_liquid_water_content,10.0,6.904741347396527e-12,1.1866544666997196e-11
r2p8_w256_di32,6,2544,specific_cloud_liquid_water_content,20.0,5.3435425763698175e-12,9.124152189086178e-12
r2p8_w256_di32,6,2544,specific_cloud_liquid_water_content,30.0,3.906649930766201e-12,7.532710431095447e-12
r2p8_w256_di32,6,2544,specific_cloud_liquid_water_content,50.0,3.665392761854649e-12,1.5517650146899873e-11
r2p8_w256_di32,6,2544,specific_cloud_liquid_water_content,70.0,2.4087816302428625e-12,1.4341591158017152e-11
r2p8_w256_di32,6,2544,specific_cloud_liquid_water_content,100.0,2.305795471391585e-12,1.0552198586094555e-11
r2p8_w256_di32,6,2544,specific_cloud_liquid_water_content,125.0,1.980715439158574e-12,7.125422744319083e-12
r2p8_w256_di32,6,2544,specific_cloud_liquid_water_content,150.0,2.2718102831329924e-12,5.744095405211857e-12
r2p8_w256_di32,6,2544,specific_cloud_liquid_water_content,175.0,2.7887149269078502e-12,4.89596824774209e-12
r2p8_w256_di32,6,2544,specific_cloud_liquid_water_content,200.0,3.3221211096406432e-12,5.7760625090994675e-12
r2p8_w256_di32,6,2544,specific_cloud_liquid_water_content,225.0,2.8765502800703413e-12,3.903890541304334e-12
r2p8_w256_di32,6,2544,specific_cloud_liquid_water_content,250.0,3.164678334531436e-12,5.013729068643915e-12
r2p8_w256_di32,6,2544,specific_cloud_liquid_water_content,300.0,5.122975064937647e-12,6.905096769285946e-12
r2p8_w256_di32,6,2544,specific_cloud_liquid_water_content,350.0,7.957461985959718e-12,1.0448840558118676e-11
r2p8_w256_di32,6,2544,specific_cloud_liquid_water_content,400.0,1.552316402925363e-11,2.0913158333397013e-11
r2p8_w256_di32,6,2544,specific_cloud_liquid_water_content,450.0,3.5263638976948825e-11,4.2276915007411885e-11
r2p8_w256_di32,6,2544,specific_cloud_liquid_water_content,500.0,7.745687769108952e-11,8.944747019957766e-11
r2p8_w256_di32,6,2544,specific_cloud_liquid_water_content,550.0,1.3065076468198478e-10,1.420617555627074e-10
r2p8_w256_di32,6,2544,specific_cloud_liquid_water_content,600.0,1.0494442934458747e-10,1.1694422586186023e-10
r2p8_w256_di32,6,2544,specific_cloud_liquid_water_content,650.0,1.0600061239225198e-10,1.1761713878998847e-10
r2p8_w256_di32,6,2544,specific_cloud_liquid_water_content,700.0,1.2998984417027117e-10,1.4433157681615022e-10
r2p8_w256_di32,6,2544,specific_cloud_liquid_water_content,750.0,1.6661817846583605e-10,1.8376202724438972e-10
r2p8_w256_di32,6,2544,specific_cloud_liquid_water_content,775.0,1.8760434774014486e-10,2.0751650997994373e-10
r2p8_w256_di32,6,2544,specific_cloud_liquid_water_content,800.0,2.1662372748966472e-10,2.9000903007810093e-10
r2p8_w256_di32,6,2544,specific_cloud_liquid_water_content,825.0,2.838498005084331e-10,4.003248711525638e-10
r2p8_w256_di32,6,2544,specific_cloud_liquid_water_content,850.0,3.367170732005296e-10,6.562638105720755e-10
r2p8_w256_di32,6,2544,specific_cloud_liquid_water_content,875.0,3.45171796013947e-10,1.1034978826469164e-09
r2p8_w256_di32,6,2544,specific_cloud_liquid_water_content,900.0,3.08558149439639e-10,8.95384251851026e-10
r2p8_w256_di32,6,2544,specific_cloud_liquid_water_content,925.0,2.4837554240315123e-10,4.608695695787603e-10
r2p8_w256_di32,6,2544,specific_cloud_liquid_water_content,950.0,1.717761228553055e-10,4.663786399455117e-10
r2p8_w256_di32,6,2544,specific_cloud_liquid_water_content,975.0,1.0367759170511923e-10,2.5073993291165555e-10
r2p8_w256_di32,6,2544,specific_cloud_liquid_water_content,1000.0,6.08969232715158e-11,8.546673485865852e-11
