recipe,run_id,field,pressure_hpa,baseline_contribution,residual_contribution
current_v2,r2p8_w128_di16,temperature,1.0,0.0002473744776671729,0.001048287924708236
current_v2,r2p8_w128_di16,temperature,2.0,0.00032541641380227546,0.005128107748884047
current_v2,r2p8_w128_di16,temperature,3.0,0.00031965124962543475,0.009657831652268568
current_v2,r2p8_w128_di16,temperature,5.0,0.00030193290004890664,0.01232230383797999
current_v2,r2p8_w128_di16,temperature,7.0,0.0002817187674632871,0.012143093940553087
current_v2,r2p8_w128_di16,temperature,10.0,0.00022804499412249437,0.011876926018086348
current_v2,r2p8_w128_di16,temperature,20.0,0.0003441650078355646,0.00299755484764476
current_v2,r2p8_w128_di16,temperature,30.0,0.00038210094071013735,0.0005398351091216472
current_v2,r2p8_w128_di16,temperature,50.0,6.265417603892186e-05,0.005053920507552798
current_v2,r2p8_w128_di16,temperature,70.0,8.538390494806237e-05,0.0011832562933746485
current_v2,r2p8_w128_di16,temperature,100.0,8.415173923474589e-05,0.0005931148157892581
current_v2,r2p8_w128_di16,temperature,125.0,6.966086348707334e-05,0.0008902461614481974
current_v2,r2p8_w128_di16,temperature,150.0,6.718220495948651e-05,0.0003430893617987775
current_v2,r2p8_w128_di16,temperature,175.0,7.170318441505575e-05,0.0001742607291064744
current_v2,r2p8_w128_di16,temperature,200.0,8.546031908439729e-05,0.0001183277188636546
current_v2,r2p8_w128_di16,temperature,225.0,0.00010006621570076687,0.00014704662146764063
current_v2,r2p8_w128_di16,temperature,250.0,0.00010881067454417813,0.0001645986634429337
current_v2,r2p8_w128_di16,temperature,300.0,0.00012056284929798597,0.00018299585790008163
current_v2,r2p8_w128_di16,temperature,350.0,0.0001305914208302596,0.00018141892180131286
current_v2,r2p8_w128_di16,temperature,400.0,0.00014625930457923934,0.0001875834760013872
current_v2,r2p8_w128_di16,temperature,450.0,0.00016469900311454153,0.00019582235830320407
current_v2,r2p8_w128_di16,temperature,500.0,0.0001827080432611217,0.0002178151475399869
current_v2,r2p8_w128_di16,temperature,550.0,0.00021018118735995515,0.00025078739828591183
current_v2,r2p8_w128_di16,temperature,600.0,0.0002426611437693391,0.0002974462371948574
current_v2,r2p8_w128_di16,temperature,650.0,0.00028313825682369236,0.00034765878080997097
current_v2,r2p8_w128_di16,temperature,700.0,0.00033009561325153037,0.0004027959994641739
current_v2,r2p8_w128_di16,temperature,750.0,0.00040326171276631735,0.00048339902747816045
current_v2,r2p8_w128_di16,temperature,775.0,0.0004439026233543328,0.0005112477203517102
current_v2,r2p8_w128_di16,temperature,800.0,0.0005011241382901216,0.0006508759969419568
current_v2,r2p8_w128_di16,temperature,825.0,0.0005876982150681043,0.0007435897957015684
current_v2,r2p8_w128_di16,temperature,850.0,0.0006525686032792613,0.000985584744307437
current_v2,r2p8_w128_di16,temperature,875.0,0.0006862060231511944,0.0010556375510751984
current_v2,r2p8_w128_di16,temperature,900.0,0.0007051580356220939,0.0009633203919968098
current_v2,r2p8_w128_di16,temperature,925.0,0.0007343049673355313,0.0009946162646166932
current_v2,r2p8_w128_di16,temperature,950.0,0.0007918693201016397,0.0010651019907045496
current_v2,r2p8_w128_di16,temperature,975.0,0.0008984240021454455,0.0011763268884130236
current_v2,r2p8_w128_di16,temperature,1000.0,0.0009613496767260123,0.0013166811924800535
current_v2,r2p8_w128_di16,geopotential,1.0,0.2885535428575429,0.007262149869224929
current_v2,r2p8_w128_di16,geopotential,2.0,0.2691469584834432,0.002609078760415447
current_v2,r2p8_w128_di16,geopotential,3.0,0.2295864113391545,0.0021529283096143677
current_v2,r2p8_w128_di16,geopotential,5.0,0.14395382252262315,0.001836640728927009
current_v2,r2p8_w128_di16,geopotential,7.0,0.08024417542493162,0.001207451602948771
current_v2,r2p8_w128_di16,geopotential,10.0,0.024101778275957553,0.0008345685601474425
current_v2,r2p8_w128_di16,geopotential,20.0,0.01193791584951541,0.004628447858641173
current_v2,r2p8_w128_di16,geopotential,30.0,0.030056916222963713,0.0036508312960690566
current_v2,r2p8_w128_di16,geopotential,50.0,5.656626907461578e-05,0.000904453516877179
current_v2,r2p8_w128_di16,geopotential,70.0,6.83212600830612e-05,0.0014059913249602736
current_v2,r2p8_w128_di16,geopotential,100.0,6.214457699111539e-05,0.0002213557280777025
current_v2,r2p8_w128_di16,geopotential,125.0,6.385347838556834e-05,8.095385532797917e-05
current_v2,r2p8_w128_di16,geopotential,150.0,6.929451027465572e-05,8.945983238824665e-05
current_v2,r2p8_w128_di16,geopotential,175.0,7.82537768669277e-05,0.00018404588565549093
current_v2,r2p8_w128_di16,geopotential,200.0,8.884333392136195e-05,0.00012245976412465746
current_v2,r2p8_w128_di16,geopotential,225.0,9.583092013343289e-05,0.00012819024477263104
current_v2,r2p8_w128_di16,geopotential,250.0,0.00010590161522309018,0.00013075484100202525
current_v2,r2p8_w128_di16,geopotential,300.0,0.00012698398663344001,0.0002167494387183706
current_v2,r2p8_w128_di16,geopotential,350.0,0.00014097660674075685,0.00018589563067948153
current_v2,r2p8_w128_di16,geopotential,400.0,0.00014868674298313935,0.0001975871699660642
current_v2,r2p8_w128_di16,geopotential,450.0,0.0001534925004869734,0.0001980710551806221
current_v2,r2p8_w128_di16,geopotential,500.0,0.00015706320971715698,0.00020385823082380022
current_v2,r2p8_w128_di16,geopotential,550.0,0.00016094040858183478,0.00021422041342624172
current_v2,r2p8_w128_di16,geopotential,600.0,0.00016744815644679405,0.00021800832911562953
current_v2,r2p8_w128_di16,geopotential,650.0,0.00017541615396172915,0.00024240593222590442
current_v2,r2p8_w128_di16,geopotential,700.0,0.00018746197935436956,0.0002576089532413819
current_v2,r2p8_w128_di16,geopotential,750.0,0.00020080102173582654,0.0002787432028163791
current_v2,r2p8_w128_di16,geopotential,775.0,0.000210189035587639,0.00029767993415919474
current_v2,r2p8_w128_di16,geopotential,800.0,0.00021952303844362765,0.0003073813428958629
current_v2,r2p8_w128_di16,geopotential,825.0,0.00023076046255630927,0.0003179204139360052
current_v2,r2p8_w128_di16,geopotential,850.0,0.00024322952629778755,0.00034036764390415374
current_v2,r2p8_w128_di16,geopotential,875.0,0.00025702903093818163,0.0003712501338694388
current_v2,r2p8_w128_di16,geopotential,900.0,0.0002758167413721179,0.00040025325662391937
current_v2,r2p8_w128_di16,geopotential,925.0,0.00029745483176797183,0.0004376656368693359
current_v2,r2p8_w128_di16,geopotential,950.0,0.0003216152672111645,0.0004899778344195569
current_v2,r2p8_w128_di16,geopotential,975.0,0.0003557521518394221,0.0005888063645446149
current_v2,r2p8_w128_di16,geopotential,1000.0,0.0004021374145703162,0.0007720683764206131
current_v2,r2p8_w128_di16,u_component_of_wind,1.0,0.0005132443891087077,0.0010537751776182186
current_v2,r2p8_w128_di16,u_component_of_wind,2.0,0.0006464447790902828,0.0009093108379693334
current_v2,r2p8_w128_di16,u_component_of_wind,3.0,0.0006084490569928357,0.0008695700983035524
current_v2,r2p8_w128_di16,u_component_of_wind,5.0,0.0004954647518791099,0.0006583905841272743
current_v2,r2p8_w128_di16,u_component_of_wind,7.0,0.0004712964589286031,0.0006061750394941997
current_v2,r2p8_w128_di16,u_component_of_wind,10.0,0.0004836204702842713,0.0006947379343127193
current_v2,r2p8_w128_di16,u_component_of_wind,20.0,0.00038023406896730427,0.0006738497415910609
current_v2,r2p8_w128_di16,u_component_of_wind,30.0,0.0005578635136361053,0.0007446478384063122
current_v2,r2p8_w128_di16,u_component_of_wind,50.0,4.016785945283719e-05,0.00023767450487301896
current_v2,r2p8_w128_di16,u_component_of_wind,70.0,5.577190116132733e-05,0.00012074119862377489
current_v2,r2p8_w128_di16,u_component_of_wind,100.0,9.263474215975357e-05,0.00019939122397641943
current_v2,r2p8_w128_di16,u_component_of_wind,125.0,0.0001259121758193442,0.0002007628392717812
current_v2,r2p8_w128_di16,u_component_of_wind,150.0,0.0001593488218424567,0.0002818571652716563
current_v2,r2p8_w128_di16,u_component_of_wind,175.0,0.00018912744831612468,0.0003107797901766131
current_v2,r2p8_w128_di16,u_component_of_wind,200.0,0.00022666176079046382,0.00036500157229242823
current_v2,r2p8_w128_di16,u_component_of_wind,225.0,0.00027955727979278236,0.00044470569550868373
current_v2,r2p8_w128_di16,u_component_of_wind,250.0,0.00033376301845380624,0.0004999132082674107
current_v2,r2p8_w128_di16,u_component_of_wind,300.0,0.00042014049808944496,0.0007611433695907393
current_v2,r2p8_w128_di16,u_component_of_wind,350.0,0.00044910114176890926,0.0009847392687769502
current_v2,r2p8_w128_di16,u_component_of_wind,400.0,0.0004518766541314276,0.000667248997093492
current_v2,r2p8_w128_di16,u_component_of_wind,450.0,0.0004483516683399461,0.0006248246738911568
current_v2,r2p8_w128_di16,u_component_of_wind,500.0,0.00044375394594238385,0.0005504835196671311
current_v2,r2p8_w128_di16,u_component_of_wind,550.0,0.00045397449553093616,0.0005287679486374259
current_v2,r2p8_w128_di16,u_component_of_wind,600.0,0.00046266199473951787,0.0005292658134417708
current_v2,r2p8_w128_di16,u_component_of_wind,650.0,0.00048198536318748257,0.000659448423490773
current_v2,r2p8_w128_di16,u_component_of_wind,700.0,0.0004985254587796141,0.0006538166796667619
current_v2,r2p8_w128_di16,u_component_of_wind,750.0,0.0005145397117022376,0.0005801773887680849
current_v2,r2p8_w128_di16,u_component_of_wind,775.0,0.0005196896492802469,0.0006116600873501608
current_v2,r2p8_w128_di16,u_component_of_wind,800.0,0.0005269924938898933,0.0006104882049002867
current_v2,r2p8_w128_di16,u_component_of_wind,825.0,0.0005329708262689119,0.0006138587396704452
current_v2,r2p8_w128_di16,u_component_of_wind,850.0,0.0005314663252373755,0.0006160841609260994
current_v2,r2p8_w128_di16,u_component_of_wind,875.0,0.0005255040073515257,0.0006255712386812547
current_v2,r2p8_w128_di16,u_component_of_wind,900.0,0.0005222864165767834,0.0006308563138991788
current_v2,r2p8_w128_di16,u_component_of_wind,925.0,0.0005258940887461332,0.0006537908351948428
current_v2,r2p8_w128_di16,u_component_of_wind,950.0,0.0005155404562034675,0.0006737842031160696
current_v2,r2p8_w128_di16,u_component_of_wind,975.0,0.00047052747208582555,0.0006595591190460642
current_v2,r2p8_w128_di16,u_component_of_wind,1000.0,0.00040213037318206766,0.0006080480685032008
current_v2,r2p8_w128_di16,v_component_of_wind,1.0,5.8649717411799116e-05,6.853790796433926e-05
current_v2,r2p8_w128_di16,v_component_of_wind,2.0,7.170106173936926e-05,9.02060232318065e-05
current_v2,r2p8_w128_di16,v_component_of_wind,3.0,7.690698557511322e-05,0.00010527990664272095
current_v2,r2p8_w128_di16,v_component_of_wind,5.0,8.057865840401754e-05,0.00010789060717045306
current_v2,r2p8_w128_di16,v_component_of_wind,7.0,8.531292629524186e-05,0.0001090124976509371
current_v2,r2p8_w128_di16,v_component_of_wind,10.0,8.4348139319864e-05,0.00010362369055525253
current_v2,r2p8_w128_di16,v_component_of_wind,20.0,9.707549764153543e-05,0.0001099278247729877
current_v2,r2p8_w128_di16,v_component_of_wind,30.0,0.00012114270169299669,0.00017400005950277575
current_v2,r2p8_w128_di16,v_component_of_wind,50.0,2.8521839492403233e-05,0.00015069846219193606
current_v2,r2p8_w128_di16,v_component_of_wind,70.0,4.166889668622402e-05,0.001347263262713557
current_v2,r2p8_w128_di16,v_component_of_wind,100.0,6.693227986226959e-05,0.00019419508651891652
current_v2,r2p8_w128_di16,v_component_of_wind,125.0,9.020255670956757e-05,0.00023415282709342674
current_v2,r2p8_w128_di16,v_component_of_wind,150.0,0.00011010810288844997,0.00023809535724887883
current_v2,r2p8_w128_di16,v_component_of_wind,175.0,0.0001280334372442003,0.00020848894488154828
current_v2,r2p8_w128_di16,v_component_of_wind,200.0,0.0001529102209654212,0.00022174713000447954
current_v2,r2p8_w128_di16,v_component_of_wind,225.0,0.00019454468625686836,0.0003238508420879587
current_v2,r2p8_w128_di16,v_component_of_wind,250.0,0.00024063782742674936,0.0004585381424291949
current_v2,r2p8_w128_di16,v_component_of_wind,300.0,0.00032513091589676644,0.0005823782476241851
current_v2,r2p8_w128_di16,v_component_of_wind,350.0,0.0003587431649290622,0.0006633106538937695
current_v2,r2p8_w128_di16,v_component_of_wind,400.0,0.0003630887267058052,0.0004998973841316703
current_v2,r2p8_w128_di16,v_component_of_wind,450.0,0.00035714315011867506,0.0005014699947563697
current_v2,r2p8_w128_di16,v_component_of_wind,500.0,0.0003501980114812467,0.0004809423431472983
current_v2,r2p8_w128_di16,v_component_of_wind,550.0,0.0003546815790758516,0.00044131119637553004
current_v2,r2p8_w128_di16,v_component_of_wind,600.0,0.0003588282998444107,0.0004463741616843256
current_v2,r2p8_w128_di16,v_component_of_wind,650.0,0.0003709134777142524,0.0005074625507778454
current_v2,r2p8_w128_di16,v_component_of_wind,700.0,0.0003836214566995874,0.000483503622108771
current_v2,r2p8_w128_di16,v_component_of_wind,750.0,0.00039678155858747095,0.000496454217161235
current_v2,r2p8_w128_di16,v_component_of_wind,775.0,0.00040237917461282265,0.0005595094251659544
current_v2,r2p8_w128_di16,v_component_of_wind,800.0,0.0004088576812817415,0.00067215427370743
current_v2,r2p8_w128_di16,v_component_of_wind,825.0,0.0004149246347937384,0.0005828799927946182
current_v2,r2p8_w128_di16,v_component_of_wind,850.0,0.000417181757646693,0.0005936704505514732
current_v2,r2p8_w128_di16,v_component_of_wind,875.0,0.00041704040157214043,0.0006000021808368444
current_v2,r2p8_w128_di16,v_component_of_wind,900.0,0.0004202974219664389,0.0005721806151878371
current_v2,r2p8_w128_di16,v_component_of_wind,925.0,0.0004220579032525107,0.0005518137847271522
current_v2,r2p8_w128_di16,v_component_of_wind,950.0,0.00041375869069373687,0.0005735027581157095
current_v2,r2p8_w128_di16,v_component_of_wind,975.0,0.00037377398984365034,0.0005394896621442342
current_v2,r2p8_w128_di16,v_component_of_wind,1000.0,0.00031265516801508856,0.0004414504189518488
current_v2,r2p8_w128_di16,specific_humidity,1.0,0.0003193761850655839,4.600429637332807e-05
current_v2,r2p8_w128_di16,specific_humidity,2.0,0.0004235183967834784,3.7463825744170425e-05
current_v2,r2p8_w128_di16,specific_humidity,3.0,0.00043739398611756185,3.878364823331646e-05
current_v2,r2p8_w128_di16,specific_humidity,5.0,0.0003724920601605349,0.00013986970263277007
current_v2,r2p8_w128_di16,specific_humidity,7.0,0.0003260428629287315,0.00033224886660254525
current_v2,r2p8_w128_di16,specific_humidity,10.0,0.0002606015423298014,0.0007445871691561607
current_v2,r2p8_w128_di16,specific_humidity,20.0,0.0001431920028761543,0.0013980571139477383
current_v2,r2p8_w128_di16,specific_humidity,30.0,0.00012032833653886591,0.00030853939888743543
current_v2,r2p8_w128_di16,specific_humidity,50.0,3.0190147492790447e-06,0.0026997439598592317
current_v2,r2p8_w128_di16,specific_humidity,70.0,1.8365781464845824e-05,0.0005647841183877317
current_v2,r2p8_w128_di16,specific_humidity,100.0,0.00012474112756005463,0.0003351633968767094
current_v2,r2p8_w128_di16,specific_humidity,125.0,0.0001307835372892985,0.0004666877855291733
current_v2,r2p8_w128_di16,specific_humidity,150.0,0.0001408079643430706,0.0004477908438312374
current_v2,r2p8_w128_di16,specific_humidity,175.0,0.00015497714654188986,0.000476976788063349
current_v2,r2p8_w128_di16,specific_humidity,200.0,0.00018253439588673093,0.0002994853689652439
current_v2,r2p8_w128_di16,specific_humidity,225.0,0.00021580166638824046,0.0003494402420133248
current_v2,r2p8_w128_di16,specific_humidity,250.0,0.00025111041755017095,0.00043909387737383666
current_v2,r2p8_w128_di16,specific_humidity,300.0,0.00031759920851300965,0.0006503889684274046
current_v2,r2p8_w128_di16,specific_humidity,350.0,0.00037681460587545983,0.000651875135560266
current_v2,r2p8_w128_di16,specific_humidity,400.0,0.00042213794438601953,0.0007647309940719025
current_v2,r2p8_w128_di16,specific_humidity,450.0,0.0004738315882244291,0.0007042256587877652
current_v2,r2p8_w128_di16,specific_humidity,500.0,0.0005134994477895943,0.0006725001635200881
current_v2,r2p8_w128_di16,specific_humidity,550.0,0.0005760696570501749,0.0007036889688709017
current_v2,r2p8_w128_di16,specific_humidity,600.0,0.0006321854456263913,0.00087110205982193
current_v2,r2p8_w128_di16,specific_humidity,650.0,0.0007065961512682477,0.0009686813278661996
current_v2,r2p8_w128_di16,specific_humidity,700.0,0.00074624712077829,0.0011763923233870921
current_v2,r2p8_w128_di16,specific_humidity,750.0,0.0007879604851365324,0.00108719030503467
current_v2,r2p8_w128_di16,specific_humidity,775.0,0.0008043809767393342,0.0010350995071010515
current_v2,r2p8_w128_di16,specific_humidity,800.0,0.0008399460724484402,0.0011031329551087921
current_v2,r2p8_w128_di16,specific_humidity,825.0,0.0008872250475365822,0.0011711815946611748
current_v2,r2p8_w128_di16,specific_humidity,850.0,0.0009320561998647515,0.0012512164828416396
current_v2,r2p8_w128_di16,specific_humidity,875.0,0.0009928074550391208,0.0012684706830456188
current_v2,r2p8_w128_di16,specific_humidity,900.0,0.001083613083695666,0.0014032123060258037
current_v2,r2p8_w128_di16,specific_humidity,925.0,0.001080297996011419,0.001331006142372906
current_v2,r2p8_w128_di16,specific_humidity,950.0,0.0010075326515181563,0.0012667289183604569
current_v2,r2p8_w128_di16,specific_humidity,975.0,0.0010256887710710988,0.0011871227659889098
current_v2,r2p8_w128_di16,specific_humidity,1000.0,0.0010157104346016851,0.0013123722980409565
current_v2,r2p8_w128_di16,specific_cloud_ice_water_content,1.0,9.669534665564703e-10,1.1335800823125406e-09
current_v2,r2p8_w128_di16,specific_cloud_ice_water_content,2.0,1.8944397578151427e-09,2.265826934170179e-09
current_v2,r2p8_w128_di16,specific_cloud_ice_water_content,3.0,2.8401289698766917e-09,3.4120028648889717e-09
current_v2,r2p8_w128_di16,specific_cloud_ice_water_content,5.0,4.692484850786202e-09,5.679935885017712e-09
current_v2,r2p8_w128_di16,specific_cloud_ice_water_content,7.0,6.60373738710938e-09,7.950592853279107e-09
current_v2,r2p8_w128_di16,specific_cloud_ice_water_content,10.0,9.536146908246988e-09,1.1322479173712011e-08
current_v2,r2p8_w128_di16,specific_cloud_ice_water_content,20.0,1.3448569052359497e-08,1.71841172057904e-08
current_v2,r2p8_w128_di16,specific_cloud_ice_water_content,30.0,1.4497600199017377e-08,2.0830378916976508e-08
current_v2,r2p8_w128_di16,specific_cloud_ice_water_content,50.0,1.4157524842878159e-08,2.7275061500133327e-08
current_v2,r2p8_w128_di16,specific_cloud_ice_water_content,70.0,1.6409772501814266e-08,3.315373623404926e-08
current_v2,r2p8_w128_di16,specific_cloud_ice_water_content,100.0,6.637588960425539e-08,9.339113217487712e-08
current_v2,r2p8_w128_di16,specific_cloud_ice_water_content,125.0,4.3496435909585587e-07,4.948122370959956e-07
current_v2,r2p8_w128_di16,specific_cloud_ice_water_content,150.0,1.4350759695259285e-06,1.620209347780188e-06
current_v2,r2p8_w128_di16,specific_cloud_ice_water_content,175.0,2.8386499197084195e-06,3.4844797714691396e-06
current_v2,r2p8_w128_di16,specific_cloud_ice_water_content,200.0,4.6375449381759154e-06,6.516989481351867e-06
current_v2,r2p8_w128_di16,specific_cloud_ice_water_content,225.0,6.783962368236908e-06,1.1344819926597944e-05
current_v2,r2p8_w128_di16,specific_cloud_ice_water_content,250.0,8.342953342417317e-06,1.843576236244437e-05
current_v2,r2p8_w128_di16,specific_cloud_ice_water_content,300.0,9.557172251244103e-06,2.1177671729331437e-05
current_v2,r2p8_w128_di16,specific_cloud_ice_water_content,350.0,9.936178546976955e-06,1.7039735635294105e-05
current_v2,r2p8_w128_di16,specific_cloud_ice_water_content,400.0,8.574781567263534e-06,1.1863944303968524e-05
current_v2,r2p8_w128_di16,specific_cloud_ice_water_content,450.0,7.0394886957916364e-06,9.14810491828453e-06
current_v2,r2p8_w128_di16,specific_cloud_ice_water_content,500.0,5.567593014070188e-06,6.973989072074019e-06
current_v2,r2p8_w128_di16,specific_cloud_ice_water_content,550.0,4.07932285032951e-06,5.089716901892199e-06
current_v2,r2p8_w128_di16,specific_cloud_ice_water_content,600.0,3.1044655012180074e-06,3.827966527074657e-06
current_v2,r2p8_w128_di16,specific_cloud_ice_water_content,650.0,2.4842682039258613e-06,3.0605792018984366e-06
current_v2,r2p8_w128_di16,specific_cloud_ice_water_content,700.0,1.996877562225462e-06,2.367828151176007e-06
current_v2,r2p8_w128_di16,specific_cloud_ice_water_content,750.0,1.6808610939542619e-06,1.9862416409390555e-06
current_v2,r2p8_w128_di16,specific_cloud_ice_water_content,775.0,1.7101829881884173e-06,1.9650694281818056e-06
current_v2,r2p8_w128_di16,specific_cloud_ice_water_content,800.0,1.7629375635749186e-06,2.101959944521558e-06
current_v2,r2p8_w128_di16,specific_cloud_ice_water_content,825.0,1.7572946572361806e-06,2.0331229629998882e-06
current_v2,r2p8_w128_di16,specific_cloud_ice_water_content,850.0,1.576483119841703e-06,1.7470012115619208e-06
current_v2,r2p8_w128_di16,specific_cloud_ice_water_content,875.0,1.311987107133571e-06,1.462154808661476e-06
current_v2,r2p8_w128_di16,specific_cloud_ice_water_content,900.0,1.1001574510393313e-06,1.3051316759621272e-06
current_v2,r2p8_w128_di16,specific_cloud_ice_water_content,925.0,9.083834286326398e-07,1.168546222662521e-06
current_v2,r2p8_w128_di16,specific_cloud_ice_water_content,950.0,6.79676420804846e-07,8.627774923382968e-07
current_v2,r2p8_w128_di16,specific_cloud_ice_water_content,975.0,4.804754606115303e-07,5.788704420180162e-07
current_v2,r2p8_w128_di16,specific_cloud_ice_water_content,1000.0,4.1010266356011305e-07,5.138645245300673e-07
current_v2,r2p8_w128_di16,specific_cloud_liquid_water_content,1.0,7.367327332618576e-10,1.2934427355542802e-09
current_v2,r2p8_w128_di16,specific_cloud_liquid_water_content,2.0,1.4773197236594671e-09,2.5872157933132138e-09
current_v2,r2p8_w128_di16,specific_cloud_liquid_water_content,3.0,2.189022150811756e-09,3.87680871660873e-09
current_v2,r2p8_w128_di16,specific_cloud_liquid_water_content,5.0,3.683059818517809e-09,6.4793857288194095e-09
current_v2,r2p8_w128_di16,specific_cloud_liquid_water_content,7.0,5.222773739046608e-09,9.072658271874268e-09
current_v2,r2p8_w128_di16,specific_cloud_liquid_water_content,10.0,7.3079414756757e-09,1.2874161072377467e-08
current_v2,r2p8_w128_di16,specific_cloud_liquid_water_content,20.0,1.1311154016495977e-08,2.0148771742129115e-08
current_v2,r2p8_w128_di16,specific_cloud_liquid_water_content,30.0,1.2404332500506004e-08,2.42211100629503e-08
current_v2,r2p8_w128_di16,specific_cloud_liquid_water_content,50.0,1.939716097315909e-08,6.649081765332842e-08
current_v2,r2p8_w128_di16,specific_cloud_liquid_water_content,70.0,1.7846091530860442e-08,9.11406127870768e-08
current_v2,r2p8_w128_di16,specific_cloud_liquid_water_content,100.0,2.4404416442267254e-08,8.31647172429266e-08
current_v2,r2p8_w128_di16,specific_cloud_liquid_water_content,125.0,2.6204733473029824e-08,9.344080958618893e-08
current_v2,r2p8_w128_di16,specific_cloud_liquid_water_content,150.0,3.606707863858249e-08,9.51715404482595e-08
current_v2,r2p8_w128_di16,specific_cloud_liquid_water_content,175.0,5.165231796748031e-08,8.604428171956689e-08
current_v2,r2p8_w128_di16,specific_cloud_liquid_water_content,200.0,7.032230578699211e-08,1.2169458437176925e-07
current_v2,r2p8_w128_di16,specific_cloud_liquid_water_content,225.0,6.850182376503042e-08,9.346752400100742e-08
current_v2,r2p8_w128_di16,specific_cloud_liquid_water_content,250.0,8.373696774170497e-08,1.2906495698141935e-07
current_v2,r2p8_w128_di16,specific_cloud_liquid_water_content,300.0,1.6266388639162088e-07,2.1712647150652747e-07
current_v2,r2p8_w128_di16,specific_cloud_liquid_water_content,350.0,2.9477473882695485e-07,3.9014933557224133e-07
current_v2,r2p8_w128_di16,specific_cloud_liquid_water_content,400.0,6.571853645836018e-07,8.6530748779326e-07
current_v2,r2p8_w128_di16,specific_cloud_liquid_water_content,450.0,1.6795281485930959e-06,1.9818238601187523e-06
current_v2,r2p8_w128_di16,specific_cloud_liquid_water_content,500.0,4.098997348153038e-06,4.604648387238766e-06
current_v2,r2p8_w128_di16,specific_cloud_liquid_water_content,550.0,7.605404070156079e-06,8.034852907809264e-06
current_v2,r2p8_w128_di16,specific_cloud_liquid_water_content,600.0,6.664357542222943e-06,7.3015948177681715e-06
current_v2,r2p8_w128_di16,specific_cloud_liquid_water_content,650.0,7.292381451889733e-06,7.984277111008978e-06
current_v2,r2p8_w128_di16,specific_cloud_liquid_water_content,700.0,9.630639155049255e-06,1.0474987587117614e-05
current_v2,r2p8_w128_di16,specific_cloud_liquid_water_content,750.0,1.3226084536386766e-05,1.433287128672873e-05
current_v2,r2p8_w128_di16,specific_cloud_liquid_water_content,775.0,1.5388356816938483e-05,1.6833118013958397e-05
current_v2,r2p8_w128_di16,specific_cloud_liquid_water_content,800.0,1.8341871982577753e-05,2.34827143954879e-05
current_v2,r2p8_w128_di16,specific_cloud_liquid_water_content,825.0,2.4785072184291057e-05,3.5629341124630205e-05
current_v2,r2p8_w128_di16,specific_cloud_liquid_water_content,850.0,3.029226235654559e-05,6.07486819801947e-05
current_v2,r2p8_w128_di16,specific_cloud_liquid_water_content,875.0,3.1966199129702025e-05,9.429190714998705e-05
current_v2,r2p8_w128_di16,specific_cloud_liquid_water_content,900.0,2.9391867232558847e-05,7.742288961677183e-05
current_v2,r2p8_w128_di16,specific_cloud_liquid_water_content,925.0,2.431634010385436e-05,4.2344266718567744e-05
current_v2,r2p8_w128_di16,specific_cloud_liquid_water_content,950.0,1.72716587495493e-05,4.2412620876151036e-05
current_v2,r2p8_w128_di16,specific_cloud_liquid_water_content,975.0,1.0698851612941216e-05,3.3511707425248147e-05
current_v2,r2p8_w128_di16,specific_cloud_liquid_water_content,1000.0,6.4452979309238815e-06,1.0830392638643815e-05
current_v2,r2p8_w128_di32,temperature,1.0,0.0002473744776671729,0.0010464414414154794
current_v2,r2p8_w128_di32,temperature,2.0,0.00032541641380227546,0.0051242429740820045
current_v2,r2p8_w128_di32,temperature,3.0,0.00031965124962543475,0.009647730433308774
current_v2,r2p8_w128_di32,temperature,5.0,0.00030193290004890664,0.012316689280361167
current_v2,r2p8_w128_di32,temperature,7.0,0.0002817187674632871,0.012139369801487776
current_v2,r2p8_w128_di32,temperature,10.0,0.00022804499412249437,0.01186947382313652
current_v2,r2p8_w128_di32,temperature,20.0,0.0003441650078355646,0.003001572164712266
current_v2,r2p8_w128_di32,temperature,30.0,0.00038210094071013735,0.0005380781680431563
current_v2,r2p8_w128_di32,temperature,50.0,6.265417603892186e-05,0.005066114989691812
current_v2,r2p8_w128_di32,temperature,70.0,8.538390494806237e-05,0.0011185209145842987
current_v2,r2p8_w128_di32,temperature,100.0,8.415173923474589e-05,0.0005718085862433525
current_v2,r2p8_w128_di32,temperature,125.0,6.966086348707334e-05,0.0008296131603911079
current_v2,r2p8_w128_di32,temperature,150.0,6.718220495948651e-05,0.00032375978962036656
current_v2,r2p8_w128_di32,temperature,175.0,7.170318441505575e-05,0.00016746258048970413
current_v2,r2p8_w128_di32,temperature,200.0,8.546031908439729e-05,0.0001186870223859042
current_v2,r2p8_w128_di32,temperature,225.0,0.00010006621570076687,0.00014518505278917856
current_v2,r2p8_w128_di32,temperature,250.0,0.00010881067454417813,0.0001609343657772075
current_v2,r2p8_w128_di32,temperature,300.0,0.00012056284929798597,0.00018005158568681245
current_v2,r2p8_w128_di32,temperature,350.0,0.0001305914208302596,0.0001798663360481679
current_v2,r2p8_w128_di32,temperature,400.0,0.00014625930457923934,0.00018526408032064893
current_v2,r2p8_w128_di32,temperature,450.0,0.00016469900311454153,0.00019507793636677778
current_v2,r2p8_w128_di32,temperature,500.0,0.0001827080432611217,0.00021644766056539374
current_v2,r2p8_w128_di32,temperature,550.0,0.00021018118735995515,0.00024936482780026325
current_v2,r2p8_w128_di32,temperature,600.0,0.0002426611437693391,0.00029486816920341115
current_v2,r2p8_w128_di32,temperature,650.0,0.00028313825682369236,0.00034612068768216826
current_v2,r2p8_w128_di32,temperature,700.0,0.00033009561325153037,0.000402336621213743
current_v2,r2p8_w128_di32,temperature,750.0,0.00040326171276631735,0.00048326702989156053
current_v2,r2p8_w128_di32,temperature,775.0,0.0004439026233543328,0.0005112800443543217
current_v2,r2p8_w128_di32,temperature,800.0,0.0005011241382901216,0.0006489465442024862
current_v2,r2p8_w128_di32,temperature,825.0,0.0005876982150681043,0.0007444189717268253
current_v2,r2p8_w128_di32,temperature,850.0,0.0006525686032792613,0.0009889166219205655
current_v2,r2p8_w128_di32,temperature,875.0,0.0006862060231511944,0.00105503969054678
current_v2,r2p8_w128_di32,temperature,900.0,0.0007051580356220939,0.000961531139845899
current_v2,r2p8_w128_di32,temperature,925.0,0.0007343049673355313,0.000991995571310547
current_v2,r2p8_w128_di32,temperature,950.0,0.0007918693201016397,0.001059969949708637
current_v2,r2p8_w128_di32,temperature,975.0,0.0008984240021454455,0.001168716674071116
current_v2,r2p8_w128_di32,temperature,1000.0,0.0009613496767260123,0.0013047264426234379
current_v2,r2p8_w128_di32,geopotential,1.0,0.2885535428575429,0.007589295944524859
current_v2,r2p8_w128_di32,geopotential,2.0,0.2691469584834432,0.0027527610567348406
current_v2,r2p8_w128_di32,geopotential,3.0,0.2295864113391545,0.002282448127724662
current_v2,r2p8_w128_di32,geopotential,5.0,0.14395382252262315,0.0019320157474120609
current_v2,r2p8_w128_di32,geopotential,7.0,0.08024417542493162,0.0012579441990482126
current_v2,r2p8_w128_di32,geopotential,10.0,0.024101778275957553,0.0008347812922172363
current_v2,r2p8_w128_di32,geopotential,20.0,0.01193791584951541,0.004670643423561269
current_v2,r2p8_w128_di32,geopotential,30.0,0.030056916222963713,0.0037266522331835133
current_v2,r2p8_w128_di32,geopotential,50.0,5.656626907461578e-05,0.0008834400104811965
current_v2,r2p8_w128_di32,geopotential,70.0,6.83212600830612e-05,0.0014151720756441068
current_v2,r2p8_w128_di32,geopotential,100.0,6.214457699111539e-05,0.00021015534664238516
current_v2,r2p8_w128_di32,geopotential,125.0,6.385347838556834e-05,7.96697932302566e-05
current_v2,r2p8_w128_di32,geopotential,150.0,6.929451027465572e-05,8.758407597243411e-05
current_v2,r2p8_w128_di32,geopotential,175.0,7.82537768669277e-05,0.00017586171122969453
current_v2,r2p8_w128_di32,geopotential,200.0,8.884333392136195e-05,0.00012295605052976933
current_v2,r2p8_w128_di32,geopotential,225.0,9.583092013343289e-05,0.00012823914299762114
current_v2,r2p8_w128_di32,geopotential,250.0,0.00010590161522309018,0.00012940253447314278
current_v2,r2p8_w128_di32,geopotential,300.0,0.00012698398663344001,0.00020848113035293195
current_v2,r2p8_w128_di32,geopotential,350.0,0.00014097660674075685,0.0001849127683554701
current_v2,r2p8_w128_di32,geopotential,400.0,0.00014868674298313935,0.0001948965094143055
current_v2,r2p8_w128_di32,geopotential,450.0,0.0001534925004869734,0.00019608469550877575
current_v2,r2p8_w128_di32,geopotential,500.0,0.00015706320971715698,0.00020187150492621727
current_v2,r2p8_w128_di32,geopotential,550.0,0.00016094040858183478,0.00021169310448430583
current_v2,r2p8_w128_di32,geopotential,600.0,0.00016744815644679405,0.0002154348663335616
current_v2,r2p8_w128_di32,geopotential,650.0,0.00017541615396172915,0.0002399998799515491
current_v2,r2p8_w128_di32,geopotential,700.0,0.00018746197935436956,0.000254653021812753
current_v2,r2p8_w128_di32,geopotential,750.0,0.00020080102173582654,0.00027730472745596024
current_v2,r2p8_w128_di32,geopotential,775.0,0.000210189035587639,0.00029582922480954864
current_v2,r2p8_w128_di32,geopotential,800.0,0.00021952303844362765,0.0003048797006033298
current_v2,r2p8_w128_di32,geopotential,825.0,0.00023076046255630927,0.00031457349719398706
current_v2,r2p8_w128_di32,geopotential,850.0,0.00024322952629778755,0.00033606720124969687
current_v2,r2p8_w128_di32,geopotential,875.0,0.00025702903093818163,0.0003657485478104237
current_v2,r2p8_w128_di32,geopotential,900.0,0.0002758167413721179,0.00039357027901815893
current_v2,r2p8_w128_di32,geopotential,925.0,0.00029745483176797183,0.00042984184944560205
current_v2,r2p8_w128_di32,geopotential,950.0,0.0003216152672111645,0.0004790985935955984
current_v2,r2p8_w128_di32,geopotential,975.0,0.0003557521518394221,0.0005723483385735832
current_v2,r2p8_w128_di32,geopotential,1000.0,0.0004021374145703162,0.0007458844416939185
current_v2,r2p8_w128_di32,u_component_of_wind,1.0,0.0005132443891087077,0.0010512550499076545
current_v2,r2p8_w128_di32,u_component_of_wind,2.0,0.0006464447790902828,0.0009051910276547917
current_v2,r2p8_w128_di32,u_component_of_wind,3.0,0.0006084490569928357,0.0008634845446416156
current_v2,r2p8_w128_di32,u_component_of_wind,5.0,0.0004954647518791099,0.0006559124751651477
current_v2,r2p8_w128_di32,u_component_of_wind,7.0,0.0004712964589286031,0.000605543032852061
current_v2,r2p8_w128_di32,u_component_of_wind,10.0,0.0004836204702842713,0.0006949363087235347
current_v2,r2p8_w128_di32,u_component_of_wind,20.0,0.00038023406896730427,0.0006710831836564335
current_v2,r2p8_w128_di32,u_component_of_wind,30.0,0.0005578635136361053,0.000746809103331017
current_v2,r2p8_w128_di32,u_component_of_wind,50.0,4.016785945283719e-05,0.00022211206425026486
current_v2,r2p8_w128_di32,u_component_of_wind,70.0,5.577190116132733e-05,0.00011942874326480175
current_v2,r2p8_w128_di32,u_component_of_wind,100.0,9.263474215975357e-05,0.00018914378381993662
current_v2,r2p8_w128_di32,u_component_of_wind,125.0,0.0001259121758193442,0.0001967627372236564
current_v2,r2p8_w128_di32,u_component_of_wind,150.0,0.0001593488218424567,0.00028003429758464434
current_v2,r2p8_w128_di32,u_component_of_wind,175.0,0.00018912744831612468,0.0003109140730694974
current_v2,r2p8_w128_di32,u_component_of_wind,200.0,0.00022666176079046382,0.0003596618450207123
current_v2,r2p8_w128_di32,u_component_of_wind,225.0,0.00027955727979278236,0.00043335798960906103
current_v2,r2p8_w128_di32,u_component_of_wind,250.0,0.00033376301845380624,0.000496605048543227
current_v2,r2p8_w128_di32,u_component_of_wind,300.0,0.00042014049808944496,0.0007559889289039691
current_v2,r2p8_w128_di32,u_component_of_wind,350.0,0.00044910114176890926,0.0009749106590353298
current_v2,r2p8_w128_di32,u_component_of_wind,400.0,0.0004518766541314276,0.0006560366821318302
current_v2,r2p8_w128_di32,u_component_of_wind,450.0,0.0004483516683399461,0.0006227595822837843
current_v2,r2p8_w128_di32,u_component_of_wind,500.0,0.00044375394594238385,0.0005497158417154349
current_v2,r2p8_w128_di32,u_component_of_wind,550.0,0.00045397449553093616,0.0005271097185478697
current_v2,r2p8_w128_di32,u_component_of_wind,600.0,0.00046266199473951787,0.0005295864752394756
current_v2,r2p8_w128_di32,u_component_of_wind,650.0,0.00048198536318748257,0.0006545798436740823
current_v2,r2p8_w128_di32,u_component_of_wind,700.0,0.0004985254587796141,0.0006568692771984078
current_v2,r2p8_w128_di32,u_component_of_wind,750.0,0.0005145397117022376,0.0005804952017376584
current_v2,r2p8_w128_di32,u_component_of_wind,775.0,0.0005196896492802469,0.0006107757488984671
current_v2,r2p8_w128_di32,u_component_of_wind,800.0,0.0005269924938898933,0.0006030322136169437
current_v2,r2p8_w128_di32,u_component_of_wind,825.0,0.0005329708262689119,0.0006096976867922083
current_v2,r2p8_w128_di32,u_component_of_wind,850.0,0.0005314663252373755,0.0006130869866665918
current_v2,r2p8_w128_di32,u_component_of_wind,875.0,0.0005255040073515257,0.0006193499529340504
current_v2,r2p8_w128_di32,u_component_of_wind,900.0,0.0005222864165767834,0.0006291660937989265
current_v2,r2p8_w128_di32,u_component_of_wind,925.0,0.0005258940887461332,0.0006493495777038028
current_v2,r2p8_w128_di32,u_component_of_wind,950.0,0.0005155404562034675,0.000666969722760748
current_v2,r2p8_w128_di32,u_component_of_wind,975.0,0.00047052747208582555,0.000653952278832775
current_v2,r2p8_w128_di32,u_component_of_wind,1000.0,0.00040213037318206766,0.0006084011793525533
current_v2,r2p8_w128_di32,v_component_of_wind,1.0,5.8649717411799116e-05,6.898708066579252e-05
current_v2,r2p8_w128_di32,v_component_of_wind,2.0,7.170106173936926e-05,9.022423808752181e-05
current_v2,r2p8_w128_di32,v_component_of_wind,3.0,7.690698557511322e-05,0.00010466165293536186
current_v2,r2p8_w128_di32,v_component_of_wind,5.0,8.057865840401754e-05,0.00010738394144079942
current_v2,r2p8_w128_di32,v_component_of_wind,7.0,8.531292629524186e-05,0.00010795036847976929
current_v2,r2p8_w128_di32,v_component_of_wind,10.0,8.4348139319864e-05,0.00010188374833624799
current_v2,r2p8_w128_di32,v_component_of_wind,20.0,9.707549764153543e-05,0.00010657214393779561
current_v2,r2p8_w128_di32,v_component_of_wind,30.0,0.00012114270169299669,0.00018061000779352846
current_v2,r2p8_w128_di32,v_component_of_wind,50.0,2.8521839492403233e-05,0.0001655927303863737
current_v2,r2p8_w128_di32,v_component_of_wind,70.0,4.166889668622402e-05,0.0013203327028448834
current_v2,r2p8_w128_di32,v_component_of_wind,100.0,6.693227986226959e-05,0.00017977195073312258
current_v2,r2p8_w128_di32,v_component_of_wind,125.0,9.020255670956757e-05,0.00022537566276446033
current_v2,r2p8_w128_di32,v_component_of_wind,150.0,0.00011010810288844997,0.00022091335546386406
current_v2,r2p8_w128_di32,v_component_of_wind,175.0,0.0001280334372442003,0.00021127876916766065
current_v2,r2p8_w128_di32,v_component_of_wind,200.0,0.0001529102209654212,0.00022043248132277299
current_v2,r2p8_w128_di32,v_component_of_wind,225.0,0.00019454468625686836,0.0003224501446834443
current_v2,r2p8_w128_di32,v_component_of_wind,250.0,0.00024063782742674936,0.0004593993510316377
current_v2,r2p8_w128_di32,v_component_of_wind,300.0,0.00032513091589676644,0.0005729042288944603
current_v2,r2p8_w128_di32,v_component_of_wind,350.0,0.0003587431649290622,0.0006380278186490113
current_v2,r2p8_w128_di32,v_component_of_wind,400.0,0.0003630887267058052,0.0004916375126955822
current_v2,r2p8_w128_di32,v_component_of_wind,450.0,0.00035714315011867506,0.000493563124526551
current_v2,r2p8_w128_di32,v_component_of_wind,500.0,0.0003501980114812467,0.00047415562876806905
current_v2,r2p8_w128_di32,v_component_of_wind,550.0,0.0003546815790758516,0.00043928067366714443
current_v2,r2p8_w128_di32,v_component_of_wind,600.0,0.0003588282998444107,0.0004451451582078399
current_v2,r2p8_w128_di32,v_component_of_wind,650.0,0.0003709134777142524,0.0005117516746117423
current_v2,r2p8_w128_di32,v_component_of_wind,700.0,0.0003836214566995874,0.00048468010273654055
current_v2,r2p8_w128_di32,v_component_of_wind,750.0,0.00039678155858747095,0.0004940410116127015
current_v2,r2p8_w128_di32,v_component_of_wind,775.0,0.00040237917461282265,0.0005511282717017012
current_v2,r2p8_w128_di32,v_component_of_wind,800.0,0.0004088576812817415,0.0006768335012621824
current_v2,r2p8_w128_di32,v_component_of_wind,825.0,0.0004149246347937384,0.0005796458953285385
current_v2,r2p8_w128_di32,v_component_of_wind,850.0,0.000417181757646693,0.0005856636314181561
current_v2,r2p8_w128_di32,v_component_of_wind,875.0,0.00041704040157214043,0.0005996171425726699
current_v2,r2p8_w128_di32,v_component_of_wind,900.0,0.0004202974219664389,0.0005657530575530844
current_v2,r2p8_w128_di32,v_component_of_wind,925.0,0.0004220579032525107,0.0005471060350189052
current_v2,r2p8_w128_di32,v_component_of_wind,950.0,0.00041375869069373687,0.000573897830561071
current_v2,r2p8_w128_di32,v_component_of_wind,975.0,0.00037377398984365034,0.0005341139217563066
current_v2,r2p8_w128_di32,v_component_of_wind,1000.0,0.00031265516801508856,0.0004382436150758568
current_v2,r2p8_w128_di32,specific_humidity,1.0,0.0003193761850655839,4.582645722983392e-05
current_v2,r2p8_w128_di32,specific_humidity,2.0,0.0004235183967834784,3.7339265631317435e-05
current_v2,r2p8_w128_di32,specific_humidity,3.0,0.00043739398611756185,3.868054470896591e-05
current_v2,r2p8_w128_di32,specific_humidity,5.0,0.0003724920601605349,0.00013980691332168607
current_v2,r2p8_w128_di32,specific_humidity,7.0,0.0003260428629287315,0.00033212581634285866
current_v2,r2p8_w128_di32,specific_humidity,10.0,0.0002606015423298014,0.0007437684616121133
current_v2,r2p8_w128_di32,specific_humidity,20.0,0.0001431920028761543,0.0013961267319672708
current_v2,r2p8_w128_di32,specific_humidity,30.0,0.00012032833653886591,0.00030683608718670924
current_v2,r2p8_w128_di32,specific_humidity,50.0,3.0190147492790447e-06,0.0027046023902887683
current_v2,r2p8_w128_di32,specific_humidity,70.0,1.8365781464845824e-05,0.0005572048471519099
current_v2,r2p8_w128_di32,specific_humidity,100.0,0.00012474112756005463,0.0003231778394887399
current_v2,r2p8_w128_di32,specific_humidity,125.0,0.0001307835372892985,0.000450343808062874
current_v2,r2p8_w128_di32,specific_humidity,150.0,0.0001408079643430706,0.00044530122618509675
current_v2,r2p8_w128_di32,specific_humidity,175.0,0.00015497714654188986,0.00046704485812045686
current_v2,r2p8_w128_di32,specific_humidity,200.0,0.00018253439588673093,0.00029496914324817565
current_v2,r2p8_w128_di32,specific_humidity,225.0,0.00021580166638824046,0.00034143123585707183
current_v2,r2p8_w128_di32,specific_humidity,250.0,0.00025111041755017095,0.0004252720379249728
current_v2,r2p8_w128_di32,specific_humidity,300.0,0.00031759920851300965,0.0006570739784006983
current_v2,r2p8_w128_di32,specific_humidity,350.0,0.00037681460587545983,0.000645770697445516
current_v2,r2p8_w128_di32,specific_humidity,400.0,0.00042213794438601953,0.0007613267083202957
current_v2,r2p8_w128_di32,specific_humidity,450.0,0.0004738315882244291,0.0007072892516759709
current_v2,r2p8_w128_di32,specific_humidity,500.0,0.0005134994477895943,0.0006717952025408272
current_v2,r2p8_w128_di32,specific_humidity,550.0,0.0005760696570501749,0.0007006521362325029
current_v2,r2p8_w128_di32,specific_humidity,600.0,0.0006321854456263913,0.000864420318124359
current_v2,r2p8_w128_di32,specific_humidity,650.0,0.0007065961512682477,0.0009592219719467322
current_v2,r2p8_w128_di32,specific_humidity,700.0,0.00074624712077829,0.0011686104242856368
current_v2,r2p8_w128_di32,specific_humidity,750.0,0.0007879604851365324,0.0010828673492143052
current_v2,r2p8_w128_di32,specific_humidity,775.0,0.0008043809767393342,0.001028227800626835
current_v2,r2p8_w128_di32,specific_humidity,800.0,0.0008399460724484402,0.0011037908599791893
current_v2,r2p8_w128_di32,specific_humidity,825.0,0.0008872250475365822,0.0011688977309508247
current_v2,r2p8_w128_di32,specific_humidity,850.0,0.0009320561998647515,0.0012503420980734673
current_v2,r2p8_w128_di32,specific_humidity,875.0,0.0009928074550391208,0.00126432490131419
current_v2,r2p8_w128_di32,specific_humidity,900.0,0.001083613083695666,0.001400897210994487
current_v2,r2p8_w128_di32,specific_humidity,925.0,0.001080297996011419,0.0013296999234272122
current_v2,r2p8_w128_di32,specific_humidity,950.0,0.0010075326515181563,0.0012665551888834845
current_v2,r2p8_w128_di32,specific_humidity,975.0,0.0010256887710710988,0.0011824850564532117
current_v2,r2p8_w128_di32,specific_humidity,1000.0,0.0010157104346016851,0.0013056170938302084
current_v2,r2p8_w128_di32,specific_cloud_ice_water_content,1.0,9.669534665564703e-10,1.1578327623171695e-09
current_v2,r2p8_w128_di32,specific_cloud_ice_water_content,2.0,1.8944397578151427e-09,2.308470216683884e-09
current_v2,r2p8_w128_di32,specific_cloud_ice_water_content,3.0,2.8401289698766917e-09,3.4773422067633763e-09
current_v2,r2p8_w128_di32,specific_cloud_ice_water_content,5.0,4.692484850786202e-09,5.7879765484660476e-09
current_v2,r2p8_w128_di32,specific_cloud_ice_water_content,7.0,6.60373738710938e-09,8.102058392262978e-09
current_v2,r2p8_w128_di32,specific_cloud_ice_water_content,10.0,9.536146908246988e-09,1.154818383149085e-08
current_v2,r2p8_w128_di32,specific_cloud_ice_water_content,20.0,1.3448569052359497e-08,1.7396099248837796e-08
current_v2,r2p8_w128_di32,specific_cloud_ice_water_content,30.0,1.4497600199017377e-08,2.0921893269036675e-08
current_v2,r2p8_w128_di32,specific_cloud_ice_water_content,50.0,1.4157524842878159e-08,2.7213303443174786e-08
current_v2,r2p8_w128_di32,specific_cloud_ice_water_content,70.0,1.6409772501814266e-08,3.256428835615413e-08
current_v2,r2p8_w128_di32,specific_cloud_ice_water_content,100.0,6.637588960425539e-08,9.23556280978758e-08
current_v2,r2p8_w128_di32,specific_cloud_ice_water_content,125.0,4.3496435909585587e-07,4.921729244137788e-07
current_v2,r2p8_w128_di32,specific_cloud_ice_water_content,150.0,1.4350759695259285e-06,1.6122387635947873e-06
current_v2,r2p8_w128_di32,specific_cloud_ice_water_content,175.0,2.8386499197084195e-06,3.4563770152264837e-06
current_v2,r2p8_w128_di32,specific_cloud_ice_water_content,200.0,4.6375449381759154e-06,6.428092037269965e-06
current_v2,r2p8_w128_di32,specific_cloud_ice_water_content,225.0,6.783962368236908e-06,1.1065489708732582e-05
current_v2,r2p8_w128_di32,specific_cloud_ice_water_content,250.0,8.342953342417317e-06,1.769208849094839e-05
current_v2,r2p8_w128_di32,specific_cloud_ice_water_content,300.0,9.557172251244103e-06,2.057083385782574e-05
current_v2,r2p8_w128_di32,specific_cloud_ice_water_content,350.0,9.936178546976955e-06,1.6748553321222797e-05
current_v2,r2p8_w128_di32,specific_cloud_ice_water_content,400.0,8.574781567263534e-06,1.1740456561608662e-05
current_v2,r2p8_w128_di32,specific_cloud_ice_water_content,450.0,7.0394886957916364e-06,9.078367431612978e-06
current_v2,r2p8_w128_di32,specific_cloud_ice_water_content,500.0,5.567593014070188e-06,6.950602279890214e-06
current_v2,r2p8_w128_di32,specific_cloud_ice_water_content,550.0,4.07932285032951e-06,5.079469730853482e-06
current_v2,r2p8_w128_di32,specific_cloud_ice_water_content,600.0,3.1044655012180074e-06,3.822797271598527e-06
current_v2,r2p8_w128_di32,specific_cloud_ice_water_content,650.0,2.4842682039258613e-06,3.0485035842973314e-06
current_v2,r2p8_w128_di32,specific_cloud_ice_water_content,700.0,1.996877562225462e-06,2.3570562077105216e-06
current_v2,r2p8_w128_di32,specific_cloud_ice_water_content,750.0,1.6808610939542619e-06,1.986151662912722e-06
current_v2,r2p8_w128_di32,specific_cloud_ice_water_content,775.0,1.7101829881884173e-06,1.9592665070741486e-06
current_v2,r2p8_w128_di32,specific_cloud_ice_water_content,800.0,1.7629375635749186e-06,2.1011111723660728e-06
current_v2,r2p8_w128_di32,specific_cloud_ice_water_content,825.0,1.7572946572361806e-06,2.0295157792518415e-06
current_v2,r2p8_w128_di32,specific_cloud_ice_water_content,850.0,1.576483119841703e-06,1.7457034320296917e-06
current_v2,r2p8_w128_di32,specific_cloud_ice_water_content,875.0,1.311987107133571e-06,1.460341248958832e-06
current_v2,r2p8_w128_di32,specific_cloud_ice_water_content,900.0,1.1001574510393313e-06,1.3004037717749054e-06
current_v2,r2p8_w128_di32,specific_cloud_ice_water_content,925.0,9.083834286326398e-07,1.160103546347557e-06
current_v2,r2p8_w128_di32,specific_cloud_ice_water_content,950.0,6.79676420804846e-07,8.5814912554434e-07
current_v2,r2p8_w128_di32,specific_cloud_ice_water_content,975.0,4.804754606115303e-07,5.741891339072509e-07
current_v2,r2p8_w128_di32,specific_cloud_ice_water_content,1000.0,4.1010266356011305e-07,5.158680464539672e-07
current_v2,r2p8_w128_di32,specific_cloud_liquid_water_content,1.0,7.367327332618576e-10,1.245193272311841e-09
current_v2,r2p8_w128_di32,specific_cloud_liquid_water_content,2.0,1.4773197236594671e-09,2.4904853091101953e-09
current_v2,r2p8_w128_di32,specific_cloud_liquid_water_content,3.0,2.189022150811756e-09,3.730241617342402e-09
current_v2,r2p8_w128_di32,specific_cloud_liquid_water_content,5.0,3.683059818517809e-09,6.237437834212665e-09
current_v2,r2p8_w128_di32,specific_cloud_liquid_water_content,7.0,5.222773739046608e-09,8.737425011857568e-09
current_v2,r2p8_w128_di32,specific_cloud_liquid_water_content,10.0,7.3079414756757e-09,1.2388017860889229e-08
current_v2,r2p8_w128_di32,specific_cloud_liquid_water_content,20.0,1.1311154016495977e-08,1.9247444986159716e-08
current_v2,r2p8_w128_di32,specific_cloud_liquid_water_content,30.0,1.2404332500506004e-08,2.2567117051183055e-08
current_v2,r2p8_w128_di32,specific_cloud_liquid_water_content,50.0,1.939716097315909e-08,5.794057304109248e-08
current_v2,r2p8_w128_di32,specific_cloud_liquid_water_content,70.0,1.7846091530860442e-08,9.075819058355427e-08
current_v2,r2p8_w128_di32,specific_cloud_liquid_water_content,100.0,2.4404416442267254e-08,8.304538013203163e-08
current_v2,r2p8_w128_di32,specific_cloud_liquid_water_content,125.0,2.6204733473029824e-08,9.509998066307798e-08
current_v2,r2p8_w128_di32,specific_cloud_liquid_water_content,150.0,3.606707863858249e-08,9.470403543490258e-08
current_v2,r2p8_w128_di32,specific_cloud_liquid_water_content,175.0,5.165231796748031e-08,8.567688411432963e-08
current_v2,r2p8_w128_di32,specific_cloud_liquid_water_content,200.0,7.032230578699211e-08,1.19698292410046e-07
current_v2,r2p8_w128_di32,specific_cloud_liquid_water_content,225.0,6.850182376503042e-08,9.190800448809595e-08
current_v2,r2p8_w128_di32,specific_cloud_liquid_water_content,250.0,8.373696774170497e-08,1.2799450692845675e-07
current_v2,r2p8_w128_di32,specific_cloud_liquid_water_content,300.0,1.6266388639162088e-07,2.161157030536023e-07
current_v2,r2p8_w128_di32,specific_cloud_liquid_water_content,350.0,2.9477473882695485e-07,3.932107320795875e-07
current_v2,r2p8_w128_di32,specific_cloud_liquid_water_content,400.0,6.571853645836018e-07,8.59531921629799e-07
current_v2,r2p8_w128_di32,specific_cloud_liquid_water_content,450.0,1.6795281485930959e-06,1.9744872458763052e-06
current_v2,r2p8_w128_di32,specific_cloud_liquid_water_content,500.0,4.098997348153038e-06,4.592348936321342e-06
current_v2,r2p8_w128_di32,specific_cloud_liquid_water_content,550.0,7.605404070156079e-06,8.02321608410406e-06
current_v2,r2p8_w128_di32,specific_cloud_liquid_water_content,600.0,6.664357542222943e-06,7.281191233428751e-06
current_v2,r2p8_w128_di32,specific_cloud_liquid_water_content,650.0,7.292381451889733e-06,7.963355791860034e-06
current_v2,r2p8_w128_di32,specific_cloud_liquid_water_content,700.0,9.630639155049255e-06,1.045171149909755e-05
current_v2,r2p8_w128_di32,specific_cloud_liquid_water_content,750.0,1.3226084536386766e-05,1.4305475061510161e-05
current_v2,r2p8_w128_di32,specific_cloud_liquid_water_content,775.0,1.5388356816938483e-05,1.678778751010898e-05
current_v2,r2p8_w128_di32,specific_cloud_liquid_water_content,800.0,1.8341871982577753e-05,2.353678478626129e-05
current_v2,r2p8_w128_di32,specific_cloud_liquid_water_content,825.0,2.4785072184291057e-05,3.593538746568103e-05
current_v2,r2p8_w128_di32,specific_cloud_liquid_water_content,850.0,3.029226235654559e-05,6.133614361091968e-05
current_v2,r2p8_w128_di32,specific_cloud_liquid_water_content,875.0,3.1966199129702025e-05,9.51795699443676e-05
current_v2,r2p8_w128_di32,specific_cloud_liquid_water_content,900.0,2.9391867232558847e-05,7.859113411802622e-05
current_v2,r2p8_w128_di32,specific_cloud_liquid_water_content,925.0,2.431634010385436e-05,4.2524108669691465e-05
current_v2,r2p8_w128_di32,specific_cloud_liquid_water_content,950.0,1.72716587495493e-05,4.271107431202993e-05
current_v2,r2p8_w128_di32,specific_cloud_liquid_water_content,975.0,1.0698851612941216e-05,3.5010764128555575e-05
current_v2,r2p8_w128_di32,specific_cloud_liquid_water_content,1000.0,6.4452979309238815e-06,1.1027403355757533e-05
current_v2,r2p8_w256_di16,temperature,1.0,0.0002473744776671729,0.0010079088797770091
current_v2,r2p8_w256_di16,temperature,2.0,0.00032541641380227546,0.004906455261327536
current_v2,r2p8_w256_di16,temperature,3.0,0.00031965124962543475,0.009299449968159465
current_v2,r2p8_w256_di16,temperature,5.0,0.00030193290004890664,0.011843014032083595
current_v2,r2p8_w256_di16,temperature,7.0,0.0002817187674632871,0.011735397197313426
current_v2,r2p8_w256_di16,temperature,10.0,0.00022804499412249437,0.011472195997549093
current_v2,r2p8_w256_di16,temperature,20.0,0.0003441650078355646,0.003061168860148846
current_v2,r2p8_w256_di16,temperature,30.0,0.00038210094071013735,0.0005072202325655321
current_v2,r2p8_w256_di16,temperature,50.0,6.265417603892186e-05,0.005159686741766226
current_v2,r2p8_w256_di16,temperature,70.0,8.538390494806237e-05,0.0008476058065002593
current_v2,r2p8_w256_di16,temperature,100.0,8.415173923474589e-05,0.0005344227352239323
current_v2,r2p8_w256_di16,temperature,125.0,6.966086348707334e-05,0.0006471187224330396
current_v2,r2p8_w256_di16,temperature,150.0,6.718220495948651e-05,0.0002967942712950443
current_v2,r2p8_w256_di16,temperature,175.0,7.170318441505575e-05,0.00018186667455061153
current_v2,r2p8_w256_di16,temperature,200.0,8.546031908439729e-05,0.00012677367100558551
current_v2,r2p8_w256_di16,temperature,225.0,0.00010006621570076687,0.00015234647343653483
current_v2,r2p8_w256_di16,temperature,250.0,0.00010881067454417813,0.00015520549991133748
current_v2,r2p8_w256_di16,temperature,300.0,0.00012056284929798597,0.0001766539945169341
current_v2,r2p8_w256_di16,temperature,350.0,0.0001305914208302596,0.00019049696377990448
current_v2,r2p8_w256_di16,temperature,400.0,0.00014625930457923934,0.0001848888830935095
current_v2,r2p8_w256_di16,temperature,450.0,0.00016469900311454153,0.00019995803483838082
current_v2,r2p8_w256_di16,temperature,500.0,0.0001827080432611217,0.00022023208058415995
current_v2,r2p8_w256_di16,temperature,550.0,0.00021018118735995515,0.0002598435333594983
current_v2,r2p8_w256_di16,temperature,600.0,0.0002426611437693391,0.0003025542007528699
current_v2,r2p8_w256_di16,temperature,650.0,0.00028313825682369236,0.0003648598251994716
current_v2,r2p8_w256_di16,temperature,700.0,0.00033009561325153037,0.00041233007112150027
current_v2,r2p8_w256_di16,temperature,750.0,0.00040326171276631735,0.0005061835919664865
current_v2,r2p8_w256_di16,temperature,775.0,0.0004439026233543328,0.0005210463543225606
current_v2,r2p8_w256_di16,temperature,800.0,0.0005011241382901216,0.000652385659182497
current_v2,r2p8_w256_di16,temperature,825.0,0.0005876982150681043,0.0007603462436147723
current_v2,r2p8_w256_di16,temperature,850.0,0.0006525686032792613,0.0009693315140876501
current_v2,r2p8_w256_di16,temperature,875.0,0.0006862060231511944,0.0011108930563060674
current_v2,r2p8_w256_di16,temperature,900.0,0.0007051580356220939,0.0009780719743363627
current_v2,r2p8_w256_di16,temperature,925.0,0.0007343049673355313,0.0009892668751309449
current_v2,r2p8_w256_di16,temperature,950.0,0.0007918693201016397,0.0010701024079860656
current_v2,r2p8_w256_di16,temperature,975.0,0.0008984240021454455,0.0011855998711597822
current_v2,r2p8_w256_di16,temperature,1000.0,0.0009613496767260123,0.0013543878612338157
current_v2,r2p8_w256_di16,geopotential,1.0,0.2885535428575429,0.009009468519935452
current_v2,r2p8_w256_di16,geopotential,2.0,0.2691469584834432,0.0034277889211370926
current_v2,r2p8_w256_di16,geopotential,3.0,0.2295864113391545,0.0028306984455182
current_v2,r2p8_w256_di16,geopotential,5.0,0.14395382252262315,0.0022965679667593143
current_v2,r2p8_w256_di16,geopotential,7.0,0.08024417542493162,0.0014079329492649184
current_v2,r2p8_w256_di16,geopotential,10.0,0.024101778275957553,0.0008609852981787625
current_v2,r2p8_w256_di16,geopotential,20.0,0.01193791584951541,0.0048652851228816575
current_v2,r2p8_w256_di16,geopotential,30.0,0.030056916222963713,0.003992677285127607
current_v2,r2p8_w256_di16,geopotential,50.0,5.656626907461578e-05,0.0009742205625699384
current_v2,r2p8_w256_di16,geopotential,70.0,6.83212600830612e-05,0.0011790909795510371
current_v2,r2p8_w256_di16,geopotential,100.0,6.214457699111539e-05,0.0001294408978119562
current_v2,r2p8_w256_di16,geopotential,125.0,6.385347838556834e-05,8.926441590020961e-05
current_v2,r2p8_w256_di16,geopotential,150.0,6.929451027465572e-05,8.597440572863123e-05
current_v2,r2p8_w256_di16,geopotential,175.0,7.82537768669277e-05,0.00011605330010226533
current_v2,r2p8_w256_di16,geopotential,200.0,8.884333392136195e-05,0.00017229336777478536
current_v2,r2p8_w256_di16,geopotential,225.0,9.583092013343289e-05,0.00017545112071926398
current_v2,r2p8_w256_di16,geopotential,250.0,0.00010590161522309018,0.00014927521111765627
current_v2,r2p8_w256_di16,geopotential,300.0,0.00012698398663344001,0.00017267006763559408
current_v2,r2p8_w256_di16,geopotential,350.0,0.00014097660674075685,0.00023170772501684658
current_v2,r2p8_w256_di16,geopotential,400.0,0.00014868674298313935,0.00019923048303797448
current_v2,r2p8_w256_di16,geopotential,450.0,0.0001534925004869734,0.00022209278300206899
current_v2,r2p8_w256_di16,geopotential,500.0,0.00015706320971715698,0.0002130791472127713
current_v2,r2p8_w256_di16,geopotential,550.0,0.00016094040858183478,0.00021593600462846256
current_v2,r2p8_w256_di16,geopotential,600.0,0.00016744815644679405,0.00022126715720553676
current_v2,r2p8_w256_di16,geopotential,650.0,0.00017541615396172915,0.00023616667988160685
current_v2,r2p8_w256_di16,geopotential,700.0,0.00018746197935436956,0.0002621872776908269
current_v2,r2p8_w256_di16,geopotential,750.0,0.00020080102173582654,0.00027821612985569404
current_v2,r2p8_w256_di16,geopotential,775.0,0.000210189035587639,0.0002935700049237363
current_v2,r2p8_w256_di16,geopotential,800.0,0.00021952303844362765,0.0003048394850112741
current_v2,r2p8_w256_di16,geopotential,825.0,0.00023076046255630927,0.0003192152603283878
current_v2,r2p8_w256_di16,geopotential,850.0,0.00024322952629778755,0.0003477326618973974
current_v2,r2p8_w256_di16,geopotential,875.0,0.00025702903093818163,0.00037444114354202754
current_v2,r2p8_w256_di16,geopotential,900.0,0.0002758167413721179,0.0004007633321582144
current_v2,r2p8_w256_di16,geopotential,925.0,0.00029745483176797183,0.0004359633782291192
current_v2,r2p8_w256_di16,geopotential,950.0,0.0003216152672111645,0.0004904993078051477
current_v2,r2p8_w256_di16,geopotential,975.0,0.0003557521518394221,0.0005723236902911184
current_v2,r2p8_w256_di16,geopotential,1000.0,0.0004021374145703162,0.0007592322606349905
current_v2,r2p8_w256_di16,u_component_of_wind,1.0,0.0005132443891087077,0.0010547995237304762
current_v2,r2p8_w256_di16,u_component_of_wind,2.0,0.0006464447790902828,0.0009137057551116166
current_v2,r2p8_w256_di16,u_component_of_wind,3.0,0.0006084490569928357,0.0008735223279374433
current_v2,r2p8_w256_di16,u_component_of_wind,5.0,0.0004954647518791099,0.0006576041023751997
current_v2,r2p8_w256_di16,u_component_of_wind,7.0,0.0004712964589286031,0.0006098129129221999
current_v2,r2p8_w256_di16,u_component_of_wind,10.0,0.0004836204702842713,0.0007423907475687987
current_v2,r2p8_w256_di16,u_component_of_wind,20.0,0.00038023406896730427,0.000680473270908704
current_v2,r2p8_w256_di16,u_component_of_wind,30.0,0.0005578635136361053,0.0007423532096789354
current_v2,r2p8_w256_di16,u_component_of_wind,50.0,4.016785945283719e-05,0.0002931523454457331
current_v2,r2p8_w256_di16,u_component_of_wind,70.0,5.577190116132733e-05,0.00011066475632582105
current_v2,r2p8_w256_di16,u_component_of_wind,100.0,9.263474215975357e-05,0.0001975588348177725
current_v2,r2p8_w256_di16,u_component_of_wind,125.0,0.0001259121758193442,0.00020086667250831733
current_v2,r2p8_w256_di16,u_component_of_wind,150.0,0.0001593488218424567,0.0002510037423155095
current_v2,r2p8_w256_di16,u_component_of_wind,175.0,0.00018912744831612468,0.0002814796591999157
current_v2,r2p8_w256_di16,u_component_of_wind,200.0,0.00022666176079046382,0.00037894487690497353
current_v2,r2p8_w256_di16,u_component_of_wind,225.0,0.00027955727979278236,0.00041639498668859487
current_v2,r2p8_w256_di16,u_component_of_wind,250.0,0.00033376301845380624,0.0004826291775202259
current_v2,r2p8_w256_di16,u_component_of_wind,300.0,0.00042014049808944496,0.0007305549296656163
current_v2,r2p8_w256_di16,u_component_of_wind,350.0,0.00044910114176890926,0.0008975017600915785
current_v2,r2p8_w256_di16,u_component_of_wind,400.0,0.0004518766541314276,0.0006472675109983122
current_v2,r2p8_w256_di16,u_component_of_wind,450.0,0.0004483516683399461,0.0006124175815758621
current_v2,r2p8_w256_di16,u_component_of_wind,500.0,0.00044375394594238385,0.0005494060904857092
current_v2,r2p8_w256_di16,u_component_of_wind,550.0,0.00045397449553093616,0.0005283688032830937
current_v2,r2p8_w256_di16,u_component_of_wind,600.0,0.00046266199473951787,0.000530500063556343
current_v2,r2p8_w256_di16,u_component_of_wind,650.0,0.00048198536318748257,0.0006536479846356566
current_v2,r2p8_w256_di16,u_component_of_wind,700.0,0.0004985254587796141,0.0006528303163978414
current_v2,r2p8_w256_di16,u_component_of_wind,750.0,0.0005145397117022376,0.0005835193329195155
current_v2,r2p8_w256_di16,u_component_of_wind,775.0,0.0005196896492802469,0.0006148933820911393
current_v2,r2p8_w256_di16,u_component_of_wind,800.0,0.0005269924938898933,0.000611452533101285
current_v2,r2p8_w256_di16,u_component_of_wind,825.0,0.0005329708262689119,0.0006287397041657734
current_v2,r2p8_w256_di16,u_component_of_wind,850.0,0.0005314663252373755,0.000624768336768698
current_v2,r2p8_w256_di16,u_component_of_wind,875.0,0.0005255040073515257,0.0006323033395022728
current_v2,r2p8_w256_di16,u_component_of_wind,900.0,0.0005222864165767834,0.00064018232075342
current_v2,r2p8_w256_di16,u_component_of_wind,925.0,0.0005258940887461332,0.0006521693087707148
current_v2,r2p8_w256_di16,u_component_of_wind,950.0,0.0005155404562034675,0.000670329203525354
current_v2,r2p8_w256_di16,u_component_of_wind,975.0,0.00047052747208582555,0.0006454047075592048
current_v2,r2p8_w256_di16,u_component_of_wind,1000.0,0.00040213037318206766,0.0006137906009496982
current_v2,r2p8_w256_di16,v_component_of_wind,1.0,5.8649717411799116e-05,6.786653469069942e-05
current_v2,r2p8_w256_di16,v_component_of_wind,2.0,7.170106173936926e-05,8.947931083479015e-05
current_v2,r2p8_w256_di16,v_component_of_wind,3.0,7.690698557511322e-05,0.00010498652881721361
current_v2,r2p8_w256_di16,v_component_of_wind,5.0,8.057865840401754e-05,0.00010836012469988987
current_v2,r2p8_w256_di16,v_component_of_wind,7.0,8.531292629524186e-05,0.00011214474760402068
current_v2,r2p8_w256_di16,v_component_of_wind,10.0,8.4348139319864e-05,0.00011012079775338215
current_v2,r2p8_w256_di16,v_component_of_wind,20.0,9.707549764153543e-05,0.00011967277934215665
current_v2,r2p8_w256_di16,v_component_of_wind,30.0,0.00012114270169299669,0.00016509497562663974
current_v2,r2p8_w256_di16,v_component_of_wind,50.0,2.8521839492403233e-05,0.00013034534407610731
current_v2,r2p8_w256_di16,v_component_of_wind,70.0,4.166889668622402e-05,0.001230613477820667
current_v2,r2p8_w256_di16,v_component_of_wind,100.0,6.693227986226959e-05,0.0001901732458221108
current_v2,r2p8_w256_di16,v_component_of_wind,125.0,9.020255670956757e-05,0.00023194774804878116
current_v2,r2p8_w256_di16,v_component_of_wind,150.0,0.00011010810288844997,0.00022034126100872213
current_v2,r2p8_w256_di16,v_component_of_wind,175.0,0.0001280334372442003,0.00019764077341478579
current_v2,r2p8_w256_di16,v_component_of_wind,200.0,0.0001529102209654212,0.00020582874156090442
current_v2,r2p8_w256_di16,v_component_of_wind,225.0,0.00019454468625686836,0.00029209043531571425
current_v2,r2p8_w256_di16,v_component_of_wind,250.0,0.00024063782742674936,0.0004239855864253573
current_v2,r2p8_w256_di16,v_component_of_wind,300.0,0.00032513091589676644,0.0005996934797893124
current_v2,r2p8_w256_di16,v_component_of_wind,350.0,0.0003587431649290622,0.0005928414005094255
current_v2,r2p8_w256_di16,v_component_of_wind,400.0,0.0003630887267058052,0.0004954468049130899
current_v2,r2p8_w256_di16,v_component_of_wind,450.0,0.00035714315011867506,0.0004912529715107148
current_v2,r2p8_w256_di16,v_component_of_wind,500.0,0.0003501980114812467,0.00045502812336447815
current_v2,r2p8_w256_di16,v_component_of_wind,550.0,0.0003546815790758516,0.00043310196034225393
current_v2,r2p8_w256_di16,v_component_of_wind,600.0,0.0003588282998444107,0.0004421323859979902
current_v2,r2p8_w256_di16,v_component_of_wind,650.0,0.0003709134777142524,0.0005243054660697105
current_v2,r2p8_w256_di16,v_component_of_wind,700.0,0.0003836214566995874,0.000476612996925827
current_v2,r2p8_w256_di16,v_component_of_wind,750.0,0.00039678155858747095,0.0004986411789881097
current_v2,r2p8_w256_di16,v_component_of_wind,775.0,0.00040237917461282265,0.0005515756258141638
current_v2,r2p8_w256_di16,v_component_of_wind,800.0,0.0004088576812817415,0.000643780822873306
current_v2,r2p8_w256_di16,v_component_of_wind,825.0,0.0004149246347937384,0.0005743295904971628
current_v2,r2p8_w256_di16,v_component_of_wind,850.0,0.000417181757646693,0.0005841094447895756
current_v2,r2p8_w256_di16,v_component_of_wind,875.0,0.00041704040157214043,0.0005817581031632755
current_v2,r2p8_w256_di16,v_component_of_wind,900.0,0.0004202974219664389,0.0005635291454873034
current_v2,r2p8_w256_di16,v_component_of_wind,925.0,0.0004220579032525107,0.0005533462377623426
current_v2,r2p8_w256_di16,v_component_of_wind,950.0,0.00041375869069373687,0.0005524570290058717
current_v2,r2p8_w256_di16,v_component_of_wind,975.0,0.00037377398984365034,0.0005472237229191247
current_v2,r2p8_w256_di16,v_component_of_wind,1000.0,0.00031265516801508856,0.000450010573287244
current_v2,r2p8_w256_di16,specific_humidity,1.0,0.0003193761850655839,4.553291333507558e-05
current_v2,r2p8_w256_di16,specific_humidity,2.0,0.0004235183967834784,3.745359100515666e-05
current_v2,r2p8_w256_di16,specific_humidity,3.0,0.00043739398611756185,3.8416316190834155e-05
current_v2,r2p8_w256_di16,specific_humidity,5.0,0.0003724920601605349,0.00013769697318252134
current_v2,r2p8_w256_di16,specific_humidity,7.0,0.0003260428629287315,0.0003263084888741943
current_v2,r2p8_w256_di16,specific_humidity,10.0,0.0002606015423298014,0.0007304574285096003
current_v2,r2p8_w256_di16,specific_humidity,20.0,0.0001431920028761543,0.0014063246414742342
current_v2,r2p8_w256_di16,specific_humidity,30.0,0.00012032833653886591,0.00034569238211482647
current_v2,r2p8_w256_di16,specific_humidity,50.0,3.0190147492790447e-06,0.0022018459518966995
current_v2,r2p8_w256_di16,specific_humidity,70.0,1.8365781464845824e-05,0.0004790180978343178
current_v2,r2p8_w256_di16,specific_humidity,100.0,0.00012474112756005463,0.0003113486760010576
current_v2,r2p8_w256_di16,specific_humidity,125.0,0.0001307835372892985,0.00037572009221742886
current_v2,r2p8_w256_di16,specific_humidity,150.0,0.0001408079643430706,0.0004349887515724055
current_v2,r2p8_w256_di16,specific_humidity,175.0,0.00015497714654188986,0.000384744666388461
current_v2,r2p8_w256_di16,specific_humidity,200.0,0.00018253439588673093,0.0003634087656487692
current_v2,r2p8_w256_di16,specific_humidity,225.0,0.00021580166638824046,0.00035479480068328776
current_v2,r2p8_w256_di16,specific_humidity,250.0,0.00025111041755017095,0.00044620437511304746
current_v2,r2p8_w256_di16,specific_humidity,300.0,0.00031759920851300965,0.000785848550486377
current_v2,r2p8_w256_di16,specific_humidity,350.0,0.00037681460587545983,0.000738393869949234
current_v2,r2p8_w256_di16,specific_humidity,400.0,0.00042213794438601953,0.0008428836765799972
current_v2,r2p8_w256_di16,specific_humidity,450.0,0.0004738315882244291,0.0007112493376149086
current_v2,r2p8_w256_di16,specific_humidity,500.0,0.0005134994477895943,0.0006766473889908363
current_v2,r2p8_w256_di16,specific_humidity,550.0,0.0005760696570501749,0.0007053140849290363
current_v2,r2p8_w256_di16,specific_humidity,600.0,0.0006321854456263913,0.0008721722452034351
current_v2,r2p8_w256_di16,specific_humidity,650.0,0.0007065961512682477,0.000981175417823844
current_v2,r2p8_w256_di16,specific_humidity,700.0,0.00074624712077829,0.0011377273675813304
current_v2,r2p8_w256_di16,specific_humidity,750.0,0.0007879604851365324,0.0011048254376075123
current_v2,r2p8_w256_di16,specific_humidity,775.0,0.0008043809767393342,0.001059933677726422
current_v2,r2p8_w256_di16,specific_humidity,800.0,0.0008399460724484402,0.0011057968393091962
current_v2,r2p8_w256_di16,specific_humidity,825.0,0.0008872250475365822,0.0011675797204125638
current_v2,r2p8_w256_di16,specific_humidity,850.0,0.0009320561998647515,0.0012343020312693945
current_v2,r2p8_w256_di16,specific_humidity,875.0,0.0009928074550391208,0.0013106822503669967
current_v2,r2p8_w256_di16,specific_humidity,900.0,0.001083613083695666,0.0013838776817439358
current_v2,r2p8_w256_di16,specific_humidity,925.0,0.001080297996011419,0.0013321722954283265
current_v2,r2p8_w256_di16,specific_humidity,950.0,0.0010075326515181563,0.0012761783840685252
current_v2,r2p8_w256_di16,specific_humidity,975.0,0.0010256887710710988,0.0012384628920095607
current_v2,r2p8_w256_di16,specific_humidity,1000.0,0.0010157104346016851,0.0013055375571473906
current_v2,r2p8_w256_di16,specific_cloud_ice_water_content,1.0,9.669534665564703e-10,1.1681927702863495e-09
current_v2,r2p8_w256_di16,specific_cloud_ice_water_content,2.0,1.8944397578151427e-09,2.3186665160601934e-09
current_v2,r2p8_w256_di16,specific_cloud_ice_water_content,3.0,2.8401289698766917e-09,3.488226193811121e-09
current_v2,r2p8_w256_di16,specific_cloud_ice_water_content,5.0,4.692484850786202e-09,5.811381945662184e-09
current_v2,r2p8_w256_di16,specific_cloud_ice_water_content,7.0,6.60373738710938e-09,8.142096061018924e-09
current_v2,r2p8_w256_di16,specific_cloud_ice_water_content,10.0,9.536146908246988e-09,1.1603321991449027e-08
current_v2,r2p8_w256_di16,specific_cloud_ice_water_content,20.0,1.3448569052359497e-08,1.719357330831998e-08
current_v2,r2p8_w256_di16,specific_cloud_ice_water_content,30.0,1.4497600199017377e-08,1.9617414623586618e-08
current_v2,r2p8_w256_di16,specific_cloud_ice_water_content,50.0,1.4157524842878159e-08,2.5852597703730686e-08
current_v2,r2p8_w256_di16,specific_cloud_ice_water_content,70.0,1.6409772501814266e-08,2.9343995505155266e-08
current_v2,r2p8_w256_di16,specific_cloud_ice_water_content,100.0,6.637588960425539e-08,9.709559306423828e-08
current_v2,r2p8_w256_di16,specific_cloud_ice_water_content,125.0,4.3496435909585587e-07,5.006591709024327e-07
current_v2,r2p8_w256_di16,specific_cloud_ice_water_content,150.0,1.4350759695259285e-06,1.5932858961507527e-06
current_v2,r2p8_w256_di16,specific_cloud_ice_water_content,175.0,2.8386499197084195e-06,3.27337796743286e-06
current_v2,r2p8_w256_di16,specific_cloud_ice_water_content,200.0,4.6375449381759154e-06,5.7617035726485825e-06
current_v2,r2p8_w256_di16,specific_cloud_ice_water_content,225.0,6.783962368236908e-06,9.53937951850366e-06
current_v2,r2p8_w256_di16,specific_cloud_ice_water_content,250.0,8.342953342417317e-06,1.4449674308439586e-05
current_v2,r2p8_w256_di16,specific_cloud_ice_water_content,300.0,9.557172251244103e-06,1.8464857638633266e-05
current_v2,r2p8_w256_di16,specific_cloud_ice_water_content,350.0,9.936178546976955e-06,1.6459311429896634e-05
current_v2,r2p8_w256_di16,specific_cloud_ice_water_content,400.0,8.574781567263534e-06,1.2164229584887547e-05
current_v2,r2p8_w256_di16,specific_cloud_ice_water_content,450.0,7.0394886957916364e-06,9.43666627424003e-06
current_v2,r2p8_w256_di16,specific_cloud_ice_water_content,500.0,5.567593014070188e-06,7.124159261204249e-06
current_v2,r2p8_w256_di16,specific_cloud_ice_water_content,550.0,4.07932285032951e-06,5.172572830204218e-06
current_v2,r2p8_w256_di16,specific_cloud_ice_water_content,600.0,3.1044655012180074e-06,3.877459272305434e-06
current_v2,r2p8_w256_di16,specific_cloud_ice_water_content,650.0,2.4842682039258613e-06,3.0461014837834368e-06
current_v2,r2p8_w256_di16,specific_cloud_ice_water_content,700.0,1.996877562225462e-06,2.3801632398450143e-06
current_v2,r2p8_w256_di16,specific_cloud_ice_water_content,750.0,1.6808610939542619e-06,2.024151983404128e-06
current_v2,r2p8_w256_di16,specific_cloud_ice_water_content,775.0,1.7101829881884173e-06,2.012217659380752e-06
current_v2,r2p8_w256_di16,specific_cloud_ice_water_content,800.0,1.7629375635749186e-06,2.1467967414896145e-06
current_v2,r2p8_w256_di16,specific_cloud_ice_water_content,825.0,1.7572946572361806e-06,2.0400739566192664e-06
current_v2,r2p8_w256_di16,specific_cloud_ice_water_content,850.0,1.576483119841703e-06,1.8065976995098558e-06
current_v2,r2p8_w256_di16,specific_cloud_ice_water_content,875.0,1.311987107133571e-06,1.4561789461268684e-06
current_v2,r2p8_w256_di16,specific_cloud_ice_water_content,900.0,1.1001574510393313e-06,1.3160284921615173e-06
current_v2,r2p8_w256_di16,specific_cloud_ice_water_content,925.0,9.083834286326398e-07,1.1651777977971572e-06
current_v2,r2p8_w256_di16,specific_cloud_ice_water_content,950.0,6.79676420804846e-07,8.981536351753373e-07
current_v2,r2p8_w256_di16,specific_cloud_ice_water_content,975.0,4.804754606115303e-07,5.774265786230018e-07
current_v2,r2p8_w256_di16,specific_cloud_ice_water_content,1000.0,4.1010266356011305e-07,5.029740316440387e-07
current_v2,r2p8_w256_di16,specific_cloud_liquid_water_content,1.0,7.367327332618576e-10,1.187226016386928e-09
current_v2,r2p8_w256_di16,specific_cloud_liquid_water_content,2.0,1.4773197236594671e-09,2.382239501295158e-09
current_v2,r2p8_w256_di16,specific_cloud_liquid_water_content,3.0,2.189022150811756e-09,3.5640451368568338e-09
current_v2,r2p8_w256_di16,specific_cloud_liquid_water_content,5.0,3.683059818517809e-09,5.97491844302072e-09
current_v2,r2p8_w256_di16,specific_cloud_liquid_water_content,7.0,5.222773739046608e-09,8.357372263805572e-09
current_v2,r2p8_w256_di16,specific_cloud_liquid_water_content,10.0,7.3079414756757e-09,1.1833752846659661e-08
current_v2,r2p8_w256_di16,specific_cloud_liquid_water_content,20.0,1.1311154016495977e-08,1.8018838966529568e-08
current_v2,r2p8_w256_di16,specific_cloud_liquid_water_content,30.0,1.2404332500506004e-08,2.173683313023587e-08
current_v2,r2p8_w256_di16,specific_cloud_liquid_water_content,50.0,1.939716097315909e-08,5.469936112329988e-08
current_v2,r2p8_w256_di16,specific_cloud_liquid_water_content,70.0,1.7846091530860442e-08,8.943357634027468e-08
current_v2,r2p8_w256_di16,specific_cloud_liquid_water_content,100.0,2.4404416442267254e-08,9.373297157329409e-08
current_v2,r2p8_w256_di16,specific_cloud_liquid_water_content,125.0,2.6204733473029824e-08,6.891541748978025e-08
current_v2,r2p8_w256_di16,specific_cloud_liquid_water_content,150.0,3.606707863858249e-08,9.079042973837824e-08
current_v2,r2p8_w256_di16,specific_cloud_liquid_water_content,175.0,5.165231796748031e-08,8.5427624734629e-08
current_v2,r2p8_w256_di16,specific_cloud_liquid_water_content,200.0,7.032230578699211e-08,1.1721570358639194e-07
current_v2,r2p8_w256_di16,specific_cloud_liquid_water_content,225.0,6.850182376503042e-08,9.286763794061565e-08
current_v2,r2p8_w256_di16,specific_cloud_liquid_water_content,250.0,8.373696774170497e-08,1.2484992727771713e-07
current_v2,r2p8_w256_di16,specific_cloud_liquid_water_content,300.0,1.6266388639162088e-07,2.130543960507557e-07
current_v2,r2p8_w256_di16,specific_cloud_liquid_water_content,350.0,2.9477473882695485e-07,3.850112567702072e-07
current_v2,r2p8_w256_di16,specific_cloud_liquid_water_content,400.0,6.571853645836018e-07,8.42373909833196e-07
current_v2,r2p8_w256_di16,specific_cloud_liquid_water_content,450.0,1.6795281485930959e-06,1.956862144677706e-06
current_v2,r2p8_w256_di16,specific_cloud_liquid_water_content,500.0,4.098997348153038e-06,4.636364928658602e-06
current_v2,r2p8_w256_di16,specific_cloud_liquid_water_content,550.0,7.605404070156079e-06,8.081140755723757e-06
current_v2,r2p8_w256_di16,specific_cloud_liquid_water_content,600.0,6.664357542222943e-06,7.302900874089444e-06
current_v2,r2p8_w256_di16,specific_cloud_liquid_water_content,650.0,7.292381451889733e-06,7.981840779954324e-06
current_v2,r2p8_w256_di16,specific_cloud_liquid_water_content,700.0,9.630639155049255e-06,1.0571691838136036e-05
current_v2,r2p8_w256_di16,specific_cloud_liquid_water_content,750.0,1.3226084536386766e-05,1.434667320575571e-05
current_v2,r2p8_w256_di16,specific_cloud_liquid_water_content,775.0,1.5388356816938483e-05,1.677568104959368e-05
current_v2,r2p8_w256_di16,specific_cloud_liquid_water_content,800.0,1.8341871982577753e-05,2.3599545255594228e-05
current_v2,r2p8_w256_di16,specific_cloud_liquid_water_content,825.0,2.4785072184291057e-05,3.3773492232594566e-05
current_v2,r2p8_w256_di16,specific_cloud_liquid_water_content,850.0,3.029226235654559e-05,5.876691534567309e-05
current_v2,r2p8_w256_di16,specific_cloud_liquid_water_content,875.0,3.1966199129702025e-05,0.00010458240795384663
current_v2,r2p8_w256_di16,specific_cloud_liquid_water_content,900.0,2.9391867232558847e-05,7.861651278709983e-05
current_v2,r2p8_w256_di16,specific_cloud_liquid_water_content,925.0,2.431634010385436e-05,4.275678862984944e-05
current_v2,r2p8_w256_di16,specific_cloud_liquid_water_content,950.0,1.72716587495493e-05,4.5793665551439454e-05
current_v2,r2p8_w256_di16,specific_cloud_liquid_water_content,975.0,1.0698851612941216e-05,2.7732170851395482e-05
current_v2,r2p8_w256_di16,specific_cloud_liquid_water_content,1000.0,6.4452979309238815e-06,9.272767401760704e-06
current_v2,r2p8_w256_di32,temperature,1.0,0.0002473744776671729,0.0010221078596659558
current_v2,r2p8_w256_di32,temperature,2.0,0.00032541641380227546,0.0049612425551576215
current_v2,r2p8_w256_di32,temperature,3.0,0.00031965124962543475,0.009402578419562638
current_v2,r2p8_w256_di32,temperature,5.0,0.00030193290004890664,0.011973708276151454
current_v2,r2p8_w256_di32,temperature,7.0,0.0002817187674632871,0.011845302604334206
current_v2,r2p8_w256_di32,temperature,10.0,0.00022804499412249437,0.01155112397192171
current_v2,r2p8_w256_di32,temperature,20.0,0.0003441650078355646,0.003056933561687783
current_v2,r2p8_w256_di32,temperature,30.0,0.00038210094071013735,0.000512901665608074
current_v2,r2p8_w256_di32,temperature,50.0,6.265417603892186e-05,0.005119896389274685
current_v2,r2p8_w256_di32,temperature,70.0,8.538390494806237e-05,0.0009399113058120032
current_v2,r2p8_w256_di32,temperature,100.0,8.415173923474589e-05,0.0005454529027839619
current_v2,r2p8_w256_di32,temperature,125.0,6.966086348707334e-05,0.0007008983863348203
current_v2,r2p8_w256_di32,temperature,150.0,6.718220495948651e-05,0.00032130232082571884
current_v2,r2p8_w256_di32,temperature,175.0,7.170318441505575e-05,0.00018949420987339542
current_v2,r2p8_w256_di32,temperature,200.0,8.546031908439729e-05,0.0001261369753820619
current_v2,r2p8_w256_di32,temperature,225.0,0.00010006621570076687,0.0001535257918921337
current_v2,r2p8_w256_di32,temperature,250.0,0.00010881067454417813,0.00015718897758583406
current_v2,r2p8_w256_di32,temperature,300.0,0.00012056284929798597,0.00017900682527363098
current_v2,r2p8_w256_di32,temperature,350.0,0.0001305914208302596,0.00019186837838264286
current_v2,r2p8_w256_di32,temperature,400.0,0.00014625930457923934,0.00018521747487122082
current_v2,r2p8_w256_di32,temperature,450.0,0.00016469900311454153,0.00020053605917566737
current_v2,r2p8_w256_di32,temperature,500.0,0.0001827080432611217,0.00022050253910112967
current_v2,r2p8_w256_di32,temperature,550.0,0.00021018118735995515,0.00025991558359265716
current_v2,r2p8_w256_di32,temperature,600.0,0.0002426611437693391,0.0003017111707696644
current_v2,r2p8_w256_di32,temperature,650.0,0.00028313825682369236,0.00036189792210438517
current_v2,r2p8_w256_di32,temperature,700.0,0.00033009561325153037,0.0004156963504956753
current_v2,r2p8_w256_di32,temperature,750.0,0.00040326171276631735,0.0005073788103023376
current_v2,r2p8_w256_di32,temperature,775.0,0.0004439026233543328,0.0005241927220912627
current_v2,r2p8_w256_di32,temperature,800.0,0.0005011241382901216,0.000655206450716956
current_v2,r2p8_w256_di32,temperature,825.0,0.0005876982150681043,0.0007618310895823064
current_v2,r2p8_w256_di32,temperature,850.0,0.0006525686032792613,0.000960012668782835
current_v2,r2p8_w256_di32,temperature,875.0,0.0006862060231511944,0.001107122775053938
current_v2,r2p8_w256_di32,temperature,900.0,0.0007051580356220939,0.0009829260794723246
current_v2,r2p8_w256_di32,temperature,925.0,0.0007343049673355313,0.0010031459166064758
current_v2,r2p8_w256_di32,temperature,950.0,0.0007918693201016397,0.0010855236552956467
current_v2,r2p8_w256_di32,temperature,975.0,0.0008984240021454455,0.0012082025249323671
current_v2,r2p8_w256_di32,temperature,1000.0,0.0009613496767260123,0.0014060441707118418
current_v2,r2p8_w256_di32,geopotential,1.0,0.2885535428575429,0.008571517832531069
current_v2,r2p8_w256_di32,geopotential,2.0,0.2691469584834432,0.0032150802996377672
current_v2,r2p8_w256_di32,geopotential,3.0,0.2295864113391545,0.0026447334451272586
current_v2,r2p8_w256_di32,geopotential,5.0,0.14395382252262315,0.0021515376864570807
current_v2,r2p8_w256_di32,geopotential,7.0,0.08024417542493162,0.0013296830936552243
current_v2,r2p8_w256_di32,geopotential,10.0,0.024101778275957553,0.0008654511500818046
current_v2,r2p8_w256_di32,geopotential,20.0,0.01193791584951541,0.0048732063716142165
current_v2,r2p8_w256_di32,geopotential,30.0,0.030056916222963713,0.003927216001539665
current_v2,r2p8_w256_di32,geopotential,50.0,5.656626907461578e-05,0.0009812042924448882
current_v2,r2p8_w256_di32,geopotential,70.0,6.83212600830612e-05,0.0012302023472837908
current_v2,r2p8_w256_di32,geopotential,100.0,6.214457699111539e-05,0.00013001284138598954
current_v2,r2p8_w256_di32,geopotential,125.0,6.385347838556834e-05,9.115882579380557e-05
current_v2,r2p8_w256_di32,geopotential,150.0,6.929451027465572e-05,8.711590418775911e-05
current_v2,r2p8_w256_di32,geopotential,175.0,7.82537768669277e-05,0.00011649803702336245
current_v2,r2p8_w256_di32,geopotential,200.0,8.884333392136195e-05,0.000179814582783262
current_v2,r2p8_w256_di32,geopotential,225.0,9.583092013343289e-05,0.00018374292495455664
current_v2,r2p8_w256_di32,geopotential,250.0,0.00010590161522309018,0.00015413305864014643
current_v2,r2p8_w256_di32,geopotential,300.0,0.00012698398663344001,0.00017341829978440788
current_v2,r2p8_w256_di32,geopotential,350.0,0.00014097660674075685,0.0002372446961794535
current_v2,r2p8_w256_di32,geopotential,400.0,0.00014868674298313935,0.00020093496275615821
current_v2,r2p8_w256_di32,geopotential,450.0,0.0001534925004869734,0.00022512932167332908
current_v2,r2p8_w256_di32,geopotential,500.0,0.00015706320971715698,0.00021492185708183982
current_v2,r2p8_w256_di32,geopotential,550.0,0.00016094040858183478,0.00021845289618552485
current_v2,r2p8_w256_di32,geopotential,600.0,0.00016744815644679405,0.00022318672572567555
current_v2,r2p8_w256_di32,geopotential,650.0,0.00017541615396172915,0.00023722867123377196
current_v2,r2p8_w256_di32,geopotential,700.0,0.00018746197935436956,0.00026497075293770633
current_v2,r2p8_w256_di32,geopotential,750.0,0.00020080102173582654,0.0002787871568122033
current_v2,r2p8_w256_di32,geopotential,775.0,0.000210189035587639,0.0002943532431519114
current_v2,r2p8_w256_di32,geopotential,800.0,0.00021952303844362765,0.00030557694752096295
current_v2,r2p8_w256_di32,geopotential,825.0,0.00023076046255630927,0.0003201675953771806
current_v2,r2p8_w256_di32,geopotential,850.0,0.00024322952629778755,0.00034800976574356077
current_v2,r2p8_w256_di32,geopotential,875.0,0.00025702903093818163,0.00037434758076335356
current_v2,r2p8_w256_di32,geopotential,900.0,0.0002758167413721179,0.0004018995384885522
current_v2,r2p8_w256_di32,geopotential,925.0,0.00029745483176797183,0.0004356478837909107
current_v2,r2p8_w256_di32,geopotential,950.0,0.0003216152672111645,0.0004886271143122113
current_v2,r2p8_w256_di32,geopotential,975.0,0.0003557521518394221,0.0005707357029111241
current_v2,r2p8_w256_di32,geopotential,1000.0,0.0004021374145703162,0.0007636635208986826
current_v2,r2p8_w256_di32,u_component_of_wind,1.0,0.0005132443891087077,0.0010529280127740143
current_v2,r2p8_w256_di32,u_component_of_wind,2.0,0.0006464447790902828,0.0009086184343349744
current_v2,r2p8_w256_di32,u_component_of_wind,3.0,0.0006084490569928357,0.0008688879310817403
current_v2,r2p8_w256_di32,u_component_of_wind,5.0,0.0004954647518791099,0.0006632072826759918
current_v2,r2p8_w256_di32,u_component_of_wind,7.0,0.0004712964589286031,0.0006141886986536174
current_v2,r2p8_w256_di32,u_component_of_wind,10.0,0.0004836204702842713,0.0007425370237777248
current_v2,r2p8_w256_di32,u_component_of_wind,20.0,0.00038023406896730427,0.0006796747509913342
current_v2,r2p8_w256_di32,u_component_of_wind,30.0,0.0005578635136361053,0.0007462704686767975
current_v2,r2p8_w256_di32,u_component_of_wind,50.0,4.016785945283719e-05,0.0003088455867452558
current_v2,r2p8_w256_di32,u_component_of_wind,70.0,5.577190116132733e-05,0.00011026650133114365
current_v2,r2p8_w256_di32,u_component_of_wind,100.0,9.263474215975357e-05,0.00019288664117052674
current_v2,r2p8_w256_di32,u_component_of_wind,125.0,0.0001259121758193442,0.0001932912430085239
current_v2,r2p8_w256_di32,u_component_of_wind,150.0,0.0001593488218424567,0.00025418955259598643
current_v2,r2p8_w256_di32,u_component_of_wind,175.0,0.00018912744831612468,0.00027508572537718133
current_v2,r2p8_w256_di32,u_component_of_wind,200.0,0.00022666176079046382,0.0003779765024847476
current_v2,r2p8_w256_di32,u_component_of_wind,225.0,0.00027955727979278236,0.0004111837845388485
current_v2,r2p8_w256_di32,u_component_of_wind,250.0,0.00033376301845380624,0.0004879386617240891
current_v2,r2p8_w256_di32,u_component_of_wind,300.0,0.00042014049808944496,0.0007543752369371535
current_v2,r2p8_w256_di32,u_component_of_wind,350.0,0.00044910114176890926,0.000918362152356969
current_v2,r2p8_w256_di32,u_component_of_wind,400.0,0.0004518766541314276,0.0006580652397442541
current_v2,r2p8_w256_di32,u_component_of_wind,450.0,0.0004483516683399461,0.000615512812363567
current_v2,r2p8_w256_di32,u_component_of_wind,500.0,0.00044375394594238385,0.0005516377776134163
current_v2,r2p8_w256_di32,u_component_of_wind,550.0,0.00045397449553093616,0.0005299904121242062
current_v2,r2p8_w256_di32,u_component_of_wind,600.0,0.00046266199473951787,0.0005329055886879674
current_v2,r2p8_w256_di32,u_component_of_wind,650.0,0.00048198536318748257,0.0006531693404327192
current_v2,r2p8_w256_di32,u_component_of_wind,700.0,0.0004985254587796141,0.0006534654480212127
current_v2,r2p8_w256_di32,u_component_of_wind,750.0,0.0005145397117022376,0.00059046223516945
current_v2,r2p8_w256_di32,u_component_of_wind,775.0,0.0005196896492802469,0.0006176164448835167
current_v2,r2p8_w256_di32,u_component_of_wind,800.0,0.0005269924938898933,0.0006177061040738954
current_v2,r2p8_w256_di32,u_component_of_wind,825.0,0.0005329708262689119,0.0006388260657230603
current_v2,r2p8_w256_di32,u_component_of_wind,850.0,0.0005314663252373755,0.0006329506362576215
current_v2,r2p8_w256_di32,u_component_of_wind,875.0,0.0005255040073515257,0.0006384397592763138
current_v2,r2p8_w256_di32,u_component_of_wind,900.0,0.0005222864165767834,0.0006482505135266299
current_v2,r2p8_w256_di32,u_component_of_wind,925.0,0.0005258940887461332,0.0006597795505557894
current_v2,r2p8_w256_di32,u_component_of_wind,950.0,0.0005155404562034675,0.0006802227462844647
current_v2,r2p8_w256_di32,u_component_of_wind,975.0,0.00047052747208582555,0.0006465350569180459
current_v2,r2p8_w256_di32,u_component_of_wind,1000.0,0.00040213037318206766,0.0006155851516894273
current_v2,r2p8_w256_di32,v_component_of_wind,1.0,5.8649717411799116e-05,6.79295330972558e-05
current_v2,r2p8_w256_di32,v_component_of_wind,2.0,7.170106173936926e-05,8.921603890759188e-05
current_v2,r2p8_w256_di32,v_component_of_wind,3.0,7.690698557511322e-05,0.00010429783786518162
current_v2,r2p8_w256_di32,v_component_of_wind,5.0,8.057865840401754e-05,0.00010745097829288969
current_v2,r2p8_w256_di32,v_component_of_wind,7.0,8.531292629524186e-05,0.00011085629094365724
current_v2,r2p8_w256_di32,v_component_of_wind,10.0,8.4348139319864e-05,0.0001082439928469583
current_v2,r2p8_w256_di32,v_component_of_wind,20.0,9.707549764153543e-05,0.0001169028462925054
current_v2,r2p8_w256_di32,v_component_of_wind,30.0,0.00012114270169299669,0.00016778731971054894
current_v2,r2p8_w256_di32,v_component_of_wind,50.0,2.8521839492403233e-05,0.00013322121559666944
current_v2,r2p8_w256_di32,v_component_of_wind,70.0,4.166889668622402e-05,0.0012574770510349771
current_v2,r2p8_w256_di32,v_component_of_wind,100.0,6.693227986226959e-05,0.00019565784477814123
current_v2,r2p8_w256_di32,v_component_of_wind,125.0,9.020255670956757e-05,0.0002449315421823564
current_v2,r2p8_w256_di32,v_component_of_wind,150.0,0.00011010810288844997,0.00022666279011913075
current_v2,r2p8_w256_di32,v_component_of_wind,175.0,0.0001280334372442003,0.0002013100700804882
current_v2,r2p8_w256_di32,v_component_of_wind,200.0,0.0001529102209654212,0.00020522000800836428
current_v2,r2p8_w256_di32,v_component_of_wind,225.0,0.00019454468625686836,0.00029458359730558
current_v2,r2p8_w256_di32,v_component_of_wind,250.0,0.00024063782742674936,0.0004298282094863785
current_v2,r2p8_w256_di32,v_component_of_wind,300.0,0.00032513091589676644,0.0005949397655616227
current_v2,r2p8_w256_di32,v_component_of_wind,350.0,0.0003587431649290622,0.0006110226869955179
current_v2,r2p8_w256_di32,v_component_of_wind,400.0,0.0003630887267058052,0.0005073101912750742
current_v2,r2p8_w256_di32,v_component_of_wind,450.0,0.00035714315011867506,0.0004962136467176612
current_v2,r2p8_w256_di32,v_component_of_wind,500.0,0.0003501980114812467,0.00045965176947751723
current_v2,r2p8_w256_di32,v_component_of_wind,550.0,0.0003546815790758516,0.0004348495180744007
current_v2,r2p8_w256_di32,v_component_of_wind,600.0,0.0003588282998444107,0.0004390181372480413
current_v2,r2p8_w256_di32,v_component_of_wind,650.0,0.0003709134777142524,0.0005040488089189903
current_v2,r2p8_w256_di32,v_component_of_wind,700.0,0.0003836214566995874,0.00047492884810121995
current_v2,r2p8_w256_di32,v_component_of_wind,750.0,0.00039678155858747095,0.0004975709890445802
current_v2,r2p8_w256_di32,v_component_of_wind,775.0,0.00040237917461282265,0.0005558090389159608
current_v2,r2p8_w256_di32,v_component_of_wind,800.0,0.0004088576812817415,0.0006508156020643709
current_v2,r2p8_w256_di32,v_component_of_wind,825.0,0.0004149246347937384,0.0005731324209081193
current_v2,r2p8_w256_di32,v_component_of_wind,850.0,0.000417181757646693,0.0005904881767761381
current_v2,r2p8_w256_di32,v_component_of_wind,875.0,0.00041704040157214043,0.0005887039439939164
current_v2,r2p8_w256_di32,v_component_of_wind,900.0,0.0004202974219664389,0.0005639371869279279
current_v2,r2p8_w256_di32,v_component_of_wind,925.0,0.0004220579032525107,0.0005538527212357391
current_v2,r2p8_w256_di32,v_component_of_wind,950.0,0.00041375869069373687,0.0005514391706706681
current_v2,r2p8_w256_di32,v_component_of_wind,975.0,0.00037377398984365034,0.0005494467913674038
current_v2,r2p8_w256_di32,v_component_of_wind,1000.0,0.00031265516801508856,0.00045253462277466413
current_v2,r2p8_w256_di32,specific_humidity,1.0,0.0003193761850655839,4.456865091171779e-05
current_v2,r2p8_w256_di32,specific_humidity,2.0,0.0004235183967834784,3.66718635635064e-05
current_v2,r2p8_w256_di32,specific_humidity,3.0,0.00043739398611756185,3.872893322811858e-05
current_v2,r2p8_w256_di32,specific_humidity,5.0,0.0003724920601605349,0.0001418683385387655
current_v2,r2p8_w256_di32,specific_humidity,7.0,0.0003260428629287315,0.00033455959068599833
current_v2,r2p8_w256_di32,specific_humidity,10.0,0.0002606015423298014,0.0007467509403840282
current_v2,r2p8_w256_di32,specific_humidity,20.0,0.0001431920028761543,0.0014304984852525407
current_v2,r2p8_w256_di32,specific_humidity,30.0,0.00012032833653886591,0.0003500943345607123
current_v2,r2p8_w256_di32,specific_humidity,50.0,3.0190147492790447e-06,0.0022243408125300697
current_v2,r2p8_w256_di32,specific_humidity,70.0,1.8365781464845824e-05,0.0004820845852003935
current_v2,r2p8_w256_di32,specific_humidity,100.0,0.00012474112756005463,0.0003279945279098971
current_v2,r2p8_w256_di32,specific_humidity,125.0,0.0001307835372892985,0.0003931276020838908
current_v2,r2p8_w256_di32,specific_humidity,150.0,0.0001408079643430706,0.0004300747578937286
current_v2,r2p8_w256_di32,specific_humidity,175.0,0.00015497714654188986,0.00037633988696850223
current_v2,r2p8_w256_di32,specific_humidity,200.0,0.00018253439588673093,0.0003615684693492823
current_v2,r2p8_w256_di32,specific_humidity,225.0,0.00021580166638824046,0.0003569877448186343
current_v2,r2p8_w256_di32,specific_humidity,250.0,0.00025111041755017095,0.00044861555820329
current_v2,r2p8_w256_di32,specific_humidity,300.0,0.00031759920851300965,0.0007931230657687298
current_v2,r2p8_w256_di32,specific_humidity,350.0,0.00037681460587545983,0.0007365656497484701
current_v2,r2p8_w256_di32,specific_humidity,400.0,0.00042213794438601953,0.0008464696236415199
current_v2,r2p8_w256_di32,specific_humidity,450.0,0.0004738315882244291,0.0007089988016148876
current_v2,r2p8_w256_di32,specific_humidity,500.0,0.0005134994477895943,0.0006752176154792101
current_v2,r2p8_w256_di32,specific_humidity,550.0,0.0005760696570501749,0.0007053098357502368
current_v2,r2p8_w256_di32,specific_humidity,600.0,0.0006321854456263913,0.00087689812308346
current_v2,r2p8_w256_di32,specific_humidity,650.0,0.0007065961512682477,0.0009841486726326447
current_v2,r2p8_w256_di32,specific_humidity,700.0,0.00074624712077829,0.0011422137421587542
current_v2,r2p8_w256_di32,specific_humidity,750.0,0.0007879604851365324,0.0011054414404075797
current_v2,r2p8_w256_di32,specific_humidity,775.0,0.0008043809767393342,0.0010653085634850026
current_v2,r2p8_w256_di32,specific_humidity,800.0,0.0008399460724484402,0.0011068384026108932
current_v2,r2p8_w256_di32,specific_humidity,825.0,0.0008872250475365822,0.0011719207273514973
current_v2,r2p8_w256_di32,specific_humidity,850.0,0.0009320561998647515,0.001237519432926561
current_v2,r2p8_w256_di32,specific_humidity,875.0,0.0009928074550391208,0.0012963046998423569
current_v2,r2p8_w256_di32,specific_humidity,900.0,0.001083613083695666,0.0013873751408783445
current_v2,r2p8_w256_di32,specific_humidity,925.0,0.001080297996011419,0.001334581308493316
current_v2,r2p8_w256_di32,specific_humidity,950.0,0.0010075326515181563,0.0012766722094473195
current_v2,r2p8_w256_di32,specific_humidity,975.0,0.0010256887710710988,0.0012312154464520814
current_v2,r2p8_w256_di32,specific_humidity,1000.0,0.0010157104346016851,0.001297135930598317
current_v2,r2p8_w256_di32,specific_cloud_ice_water_content,1.0,9.669534665564703e-10,1.1610183344161688e-09
current_v2,r2p8_w256_di32,specific_cloud_ice_water_content,2.0,1.8944397578151427e-09,2.309455564111588e-09
current_v2,r2p8_w256_di32,specific_cloud_ice_water_content,3.0,2.8401289698766917e-09,3.475652257046304e-09
current_v2,r2p8_w256_di32,specific_cloud_ice_water_content,5.0,4.692484850786202e-09,5.79036831770519e-09
current_v2,r2p8_w256_di32,specific_cloud_ice_water_content,7.0,6.60373738710938e-09,8.110790944807522e-09
current_v2,r2p8_w256_di32,specific_cloud_ice_water_content,10.0,9.536146908246988e-09,1.1552846622230095e-08
current_v2,r2p8_w256_di32,specific_cloud_ice_water_content,20.0,1.3448569052359497e-08,1.7269245859656818e-08
current_v2,r2p8_w256_di32,specific_cloud_ice_water_content,30.0,1.4497600199017377e-08,2.0092231124405155e-08
current_v2,r2p8_w256_di32,specific_cloud_ice_water_content,50.0,1.4157524842878159e-08,2.6316773259554387e-08
current_v2,r2p8_w256_di32,specific_cloud_ice_water_content,70.0,1.6409772501814266e-08,2.970999473850421e-08
current_v2,r2p8_w256_di32,specific_cloud_ice_water_content,100.0,6.637588960425539e-08,9.807661382528045e-08
current_v2,r2p8_w256_di32,specific_cloud_ice_water_content,125.0,4.3496435909585587e-07,5.022879285254972e-07
current_v2,r2p8_w256_di32,specific_cloud_ice_water_content,150.0,1.4350759695259285e-06,1.5887620128419706e-06
current_v2,r2p8_w256_di32,specific_cloud_ice_water_content,175.0,2.8386499197084195e-06,3.2693597942320684e-06
current_v2,r2p8_w256_di32,specific_cloud_ice_water_content,200.0,4.6375449381759154e-06,5.74807673846816e-06
current_v2,r2p8_w256_di32,specific_cloud_ice_water_content,225.0,6.783962368236908e-06,9.51190388942887e-06
current_v2,r2p8_w256_di32,specific_cloud_ice_water_content,250.0,8.342953342417317e-06,1.4407699659301462e-05
current_v2,r2p8_w256_di32,specific_cloud_ice_water_content,300.0,9.557172251244103e-06,1.8502173888429826e-05
current_v2,r2p8_w256_di32,specific_cloud_ice_water_content,350.0,9.936178546976955e-06,1.654546808974095e-05
current_v2,r2p8_w256_di32,specific_cloud_ice_water_content,400.0,8.574781567263534e-06,1.2187493827147242e-05
current_v2,r2p8_w256_di32,specific_cloud_ice_water_content,450.0,7.0394886957916364e-06,9.43848573038087e-06
current_v2,r2p8_w256_di32,specific_cloud_ice_water_content,500.0,5.567593014070188e-06,7.120780856684305e-06
current_v2,r2p8_w256_di32,specific_cloud_ice_water_content,550.0,4.07932285032951e-06,5.166988917396817e-06
current_v2,r2p8_w256_di32,specific_cloud_ice_water_content,600.0,3.1044655012180074e-06,3.883256295471469e-06
current_v2,r2p8_w256_di32,specific_cloud_ice_water_content,650.0,2.4842682039258613e-06,3.053065132488488e-06
current_v2,r2p8_w256_di32,specific_cloud_ice_water_content,700.0,1.996877562225462e-06,2.3803614427389513e-06
current_v2,r2p8_w256_di32,specific_cloud_ice_water_content,750.0,1.6808610939542619e-06,2.031493700438646e-06
current_v2,r2p8_w256_di32,specific_cloud_ice_water_content,775.0,1.7101829881884173e-06,2.0150676789204117e-06
current_v2,r2p8_w256_di32,specific_cloud_ice_water_content,800.0,1.7629375635749186e-06,2.138533163580642e-06
current_v2,r2p8_w256_di32,specific_cloud_ice_water_content,825.0,1.7572946572361806e-06,2.0389999112988803e-06
current_v2,r2p8_w256_di32,specific_cloud_ice_water_content,850.0,1.576483119841703e-06,1.8145365001365961e-06
current_v2,r2p8_w256_di32,specific_cloud_ice_water_content,875.0,1.311987107133571e-06,1.4562250444482775e-06
current_v2,r2p8_w256_di32,specific_cloud_ice_water_content,900.0,1.1001574510393313e-06,1.317378955130355e-06
current_v2,r2p8_w256_di32,specific_cloud_ice_water_content,925.0,9.083834286326398e-07,1.1668025518243463e-06
current_v2,r2p8_w256_di32,specific_cloud_ice_water_content,950.0,6.79676420804846e-07,8.950039206354859e-07
current_v2,r2p8_w256_di32,specific_cloud_ice_water_content,975.0,4.804754606115303e-07,5.67361160100896e-07
current_v2,r2p8_w256_di32,specific_cloud_ice_water_content,1000.0,4.1010266356011305e-07,5.033156149347948e-07
current_v2,r2p8_w256_di32,specific_cloud_liquid_water_content,1.0,7.367327332618576e-10,1.2313113727554994e-09
current_v2,r2p8_w256_di32,specific_cloud_liquid_water_content,2.0,1.4773197236594671e-09,2.477682633939041e-09
current_v2,r2p8_w256_di32,specific_cloud_liquid_water_content,3.0,2.189022150811756e-09,3.6984721921138787e-09
current_v2,r2p8_w256_di32,specific_cloud_liquid_water_content,5.0,3.683059818517809e-09,6.214640260213667e-09
current_v2,r2p8_w256_di32,specific_cloud_liquid_water_content,7.0,5.222773739046608e-09,8.700875383172608e-09
current_v2,r2p8_w256_di32,specific_cloud_liquid_water_content,10.0,7.3079414756757e-09,1.228732977276922e-08
current_v2,r2p8_w256_di32,specific_cloud_liquid_water_content,20.0,1.1311154016495977e-08,1.8721570300773626e-08
current_v2,r2p8_w256_di32,specific_cloud_liquid_water_content,30.0,1.2404332500506004e-08,2.178069200230116e-08
current_v2,r2p8_w256_di32,specific_cloud_liquid_water_content,50.0,1.939716097315909e-08,5.3843084881773165e-08
current_v2,r2p8_w256_di32,specific_cloud_liquid_water_content,70.0,1.7846091530860442e-08,8.636294013629759e-08
current_v2,r2p8_w256_di32,specific_cloud_liquid_water_content,100.0,2.4404416442267254e-08,8.957416494503579e-08
current_v2,r2p8_w256_di32,specific_cloud_liquid_water_content,125.0,2.6204733473029824e-08,6.815776426248156e-08
current_v2,r2p8_w256_di32,specific_cloud_liquid_water_content,150.0,3.606707863858249e-08,9.209800330003907e-08
current_v2,r2p8_w256_di32,specific_cloud_liquid_water_content,175.0,5.165231796748031e-08,8.2979160516476e-08
current_v2,r2p8_w256_di32,specific_cloud_liquid_water_content,200.0,7.032230578699211e-08,1.1703685369011959e-07
current_v2,r2p8_w256_di32,specific_cloud_liquid_water_content,225.0,6.850182376503042e-08,9.304709415045397e-08
current_v2,r2p8_w256_di32,specific_cloud_liquid_water_content,250.0,8.373696774170497e-08,1.2527425541446218e-07
current_v2,r2p8_w256_di32,specific_cloud_liquid_water_content,300.0,1.6266388639162088e-07,2.136862970862545e-07
current_v2,r2p8_w256_di32,specific_cloud_liquid_water_content,350.0,2.9477473882695485e-07,3.832025616196826e-07
current_v2,r2p8_w256_di32,specific_cloud_liquid_water_content,400.0,6.571853645836018e-07,8.425619683140421e-07
current_v2,r2p8_w256_di32,specific_cloud_liquid_water_content,450.0,1.6795281485930959e-06,1.9587360398166473e-06
current_v2,r2p8_w256_di32,specific_cloud_liquid_water_content,500.0,4.098997348153038e-06,4.641822746731426e-06
current_v2,r2p8_w256_di32,specific_cloud_liquid_water_content,550.0,7.605404070156079e-06,8.08413998525812e-06
current_v2,r2p8_w256_di32,specific_cloud_liquid_water_content,600.0,6.664357542222943e-06,7.311045440831597e-06
current_v2,r2p8_w256_di32,specific_cloud_liquid_water_content,650.0,7.292381451889733e-06,7.994725902385226e-06
current_v2,r2p8_w256_di32,specific_cloud_liquid_water_content,700.0,9.630639155049255e-06,1.0574523185999748e-05
current_v2,r2p8_w256_di32,specific_cloud_liquid_water_content,750.0,1.3226084536386766e-05,1.4371156113645596e-05
current_v2,r2p8_w256_di32,specific_cloud_liquid_water_content,775.0,1.5388356816938483e-05,1.6806370804580188e-05
current_v2,r2p8_w256_di32,specific_cloud_liquid_water_content,800.0,1.8341871982577753e-05,2.3697035360964994e-05
current_v2,r2p8_w256_di32,specific_cloud_liquid_water_content,825.0,2.4785072184291057e-05,3.374584780005432e-05
current_v2,r2p8_w256_di32,specific_cloud_liquid_water_content,850.0,3.029226235654559e-05,5.7942259211023314e-05
current_v2,r2p8_w256_di32,specific_cloud_liquid_water_content,875.0,3.1966199129702025e-05,9.864329139503376e-05
current_v2,r2p8_w256_di32,specific_cloud_liquid_water_content,900.0,2.9391867232558847e-05,7.665219674611697e-05
current_v2,r2p8_w256_di32,specific_cloud_liquid_water_content,925.0,2.431634010385436e-05,4.257540210776517e-05
current_v2,r2p8_w256_di32,specific_cloud_liquid_water_content,950.0,1.72716587495493e-05,4.5893361492465305e-05
current_v2,r2p8_w256_di32,specific_cloud_liquid_water_content,975.0,1.0698851612941216e-05,2.6161741876820717e-05
current_v2,r2p8_w256_di32,specific_cloud_liquid_water_content,1000.0,6.4452979309238815e-06,9.13245387866245e-06
6h_pooled_same_sample,r2p8_w128_di16,temperature,1.0,0.0002451553914795287,0.0010388842009436362
6h_pooled_same_sample,r2p8_w128_di16,temperature,2.0,0.0003224972481878142,0.005082105779798091
6h_pooled_same_sample,r2p8_w128_di16,temperature,3.0,0.0003167838007293471,0.009571195548882925
6h_pooled_same_sample,r2p8_w128_di16,temperature,5.0,0.0002992243945700377,0.012211765942136079
6h_pooled_same_sample,r2p8_w128_di16,temperature,7.0,0.00027919159395867427,0.012034163656827527
6h_pooled_same_sample,r2p8_w128_di16,temperature,10.0,0.00022599930411683626,0.011770383408165738
6h_pooled_same_sample,r2p8_w128_di16,temperature,20.0,0.0003410776569400292,0.0029706651190767874
6h_pooled_same_sample,r2p8_w128_di16,temperature,30.0,0.00037867328346832384,0.0005349924889550307
6h_pooled_same_sample,r2p8_w128_di16,temperature,50.0,6.209213334980796e-05,0.005008584039144561
6h_pooled_same_sample,r2p8_w128_di16,temperature,70.0,8.461796399124186e-05,0.0011726418285283456
6h_pooled_same_sample,r2p8_w128_di16,temperature,100.0,8.339685148737968e-05,0.000587794247120182
6h_pooled_same_sample,r2p8_w128_di16,temperature,125.0,6.903596692764931e-05,0.0008822601599046959
6h_pooled_same_sample,r2p8_w128_di16,temperature,150.0,6.657954334100839e-05,0.00034001166004443695
6h_pooled_same_sample,r2p8_w128_di16,temperature,175.0,7.1059967104822e-05,0.0001726975137713449
6h_pooled_same_sample,r2p8_w128_di16,temperature,200.0,8.469369265041648e-05,0.00011726625363481615
6h_pooled_same_sample,r2p8_w128_di16,temperature,225.0,9.916856627789407e-05,0.00014572753176317395
6h_pooled_same_sample,r2p8_w128_di16,temperature,250.0,0.00010783458247830987,0.00016312212219261792
6h_pooled_same_sample,r2p8_w128_di16,temperature,300.0,0.00011948133371018896,0.0001813542836176751
6h_pooled_same_sample,r2p8_w128_di16,temperature,350.0,0.00012941994339684724,0.00017979149350982898
6h_pooled_same_sample,r2p8_w128_di16,temperature,400.0,0.00014494727754368184,0.00018590074824163414
6h_pooled_same_sample,r2p8_w128_di16,temperature,450.0,0.0001632215617617518,0.00019406572320228147
6h_pooled_same_sample,r2p8_w128_di16,temperature,500.0,0.00018106905083556618,0.00021586122492871416
6h_pooled_same_sample,r2p8_w128_di16,temperature,550.0,0.00020829574560310318,0.00024853769630849015
6h_pooled_same_sample,r2p8_w128_di16,temperature,600.0,0.00024048433879942223,0.00029477797956880625
6h_pooled_same_sample,r2p8_w128_di16,temperature,650.0,0.0002805983497126748,0.0003445400888342102
6h_pooled_same_sample,r2p8_w128_di16,temperature,700.0,0.0003271344726242667,0.00039918269607378985
6h_pooled_same_sample,r2p8_w128_di16,temperature,750.0,0.00039964423166946193,0.0004790626702471583
6h_pooled_same_sample,r2p8_w128_di16,temperature,775.0,0.0004399205707617046,0.0005066615449087308
6h_pooled_same_sample,r2p8_w128_di16,temperature,800.0,0.0004966287769898709,0.0006450372784601483
6h_pooled_same_sample,r2p8_w128_di16,temperature,825.0,0.0005824262363099906,0.0007369193830523919
6h_pooled_same_sample,r2p8_w128_di16,temperature,850.0,0.000646714701180373,0.0009767435028282406
6h_pooled_same_sample,r2p8_w128_di16,temperature,875.0,0.0006800503747503847,0.0010461678970880913
6h_pooled_same_sample,r2p8_w128_di16,temperature,900.0,0.0006988323771640673,0.0009546788740992675
6h_pooled_same_sample,r2p8_w128_di16,temperature,925.0,0.0007277178447435024,0.000985694005394031
6h_pooled_same_sample,r2p8_w128_di16,temperature,950.0,0.0007847658133566108,0.001055547435447702
6h_pooled_same_sample,r2p8_w128_di16,temperature,975.0,0.0008903646408378034,0.0011657745841702882
6h_pooled_same_sample,r2p8_w128_di16,temperature,1000.0,0.0009527258372368424,0.0013048698323295752
6h_pooled_same_sample,r2p8_w128_di16,geopotential,1.0,0.287307030084931,0.007230778351554534
6h_pooled_same_sample,r2p8_w128_di16,geopotential,2.0,0.26798427956383325,0.0025978078885786253
6h_pooled_same_sample,r2p8_w128_di16,geopotential,3.0,0.22859462870041672,0.0021436279468121104
6h_pooled_same_sample,r2p8_w128_di16,geopotential,5.0,0.1433319612324662,0.0018287066862372721
6h_pooled_same_sample,r2p8_w128_di16,geopotential,7.0,0.07989753130265077,0.0012022355732633223
6h_pooled_same_sample,r2p8_w128_di16,geopotential,10.0,0.023997661812281097,0.0008309633354132667
6h_pooled_same_sample,r2p8_w128_di16,geopotential,20.0,0.011886345647197247,0.0046084535819602155
6h_pooled_same_sample,r2p8_w128_di16,geopotential,30.0,0.029927074358586585,0.0036350601923905695
6h_pooled_same_sample,r2p8_w128_di16,geopotential,50.0,5.632191034589513e-05,0.0009005463984621482
6h_pooled_same_sample,r2p8_w128_di16,geopotential,70.0,6.802612136290862e-05,0.0013999176301881056
6h_pooled_same_sample,r2p8_w128_di16,geopotential,100.0,6.187612071710516e-05,0.0002203995008915547
6h_pooled_same_sample,r2p8_w128_di16,geopotential,125.0,6.357763988573539e-05,8.060414548328558e-05
6h_pooled_same_sample,r2p8_w128_di16,geopotential,150.0,6.899516724364023e-05,8.907337785851414e-05
6h_pooled_same_sample,r2p8_w128_di16,geopotential,175.0,7.791573100062586e-05,0.00018325083200636803
6h_pooled_same_sample,r2p8_w128_di16,geopotential,200.0,8.845954258268111e-05,0.00012193075429653075
6h_pooled_same_sample,r2p8_w128_di16,geopotential,225.0,9.541694335541619e-05,0.00012763648003333546
6h_pooled_same_sample,r2p8_w128_di16,geopotential,250.0,0.00010544413438709511,0.0001301899975494868
6h_pooled_same_sample,r2p8_w128_di16,geopotential,300.0,0.00012643543276822581,0.00021581311008714573
6h_pooled_same_sample,r2p8_w128_di16,geopotential,350.0,0.00014036760662520956,0.00018509258637886415
6h_pooled_same_sample,r2p8_w128_di16,geopotential,400.0,0.0001480444361086123,0.00019673361977698013
6h_pooled_same_sample,r2p8_w128_di16,geopotential,450.0,0.00015282943338177553,0.0001972154146720277
6h_pooled_same_sample,r2p8_w128_di16,geopotential,500.0,0.000156384717624906,0.00020297759048922855
6h_pooled_same_sample,r2p8_w128_di16,geopotential,550.0,0.00016024516750823734,0.00021329500984656072
6h_pooled_same_sample,r2p8_w128_di16,geopotential,600.0,0.0001667248027714442,0.00021706656224599675
6h_pooled_same_sample,r2p8_w128_di16,geopotential,650.0,0.00017465837960113607,0.0002413587709688144
6h_pooled_same_sample,r2p8_w128_di16,geopotential,700.0,0.0001866521686366419,0.0002564961169636687
6h_pooled_same_sample,r2p8_w128_di16,geopotential,750.0,0.0001999335881362648,0.0002775390694027031
6h_pooled_same_sample,r2p8_w128_di16,geopotential,775.0,0.00020928104702188323,0.0002963939965948694
6h_pooled_same_sample,r2p8_w128_di16,geopotential,800.0,0.00021857472823196746,0.0003060534965412907
6h_pooled_same_sample,r2p8_w128_di16,geopotential,825.0,0.00022976360817309252,0.000316547040201894
6h_pooled_same_sample,r2p8_w128_di16,geopotential,850.0,0.0002421788072242872,0.00033889730113411255
6h_pooled_same_sample,r2p8_w128_di16,geopotential,875.0,0.00025591869984737726,0.00036964638286669826
6h_pooled_same_sample,r2p8_w128_di16,geopotential,900.0,0.0002746252498810907,0.00039852421600386533
6h_pooled_same_sample,r2p8_w128_di16,geopotential,925.0,0.000296169866615917,0.0004357749797625533
6h_pooled_same_sample,r2p8_w128_di16,geopotential,950.0,0.0003202259322043037,0.0004878611956049637
6h_pooled_same_sample,r2p8_w128_di16,geopotential,975.0,0.0003542153500494994,0.0005862627996771325
6h_pooled_same_sample,r2p8_w128_di16,geopotential,1000.0,0.00040040023463953824,0.0007687331441340595
6h_pooled_same_sample,r2p8_w128_di16,u_component_of_wind,1.0,0.0005081510534428488,0.0010433177214631102
6h_pooled_same_sample,r2p8_w128_di16,u_component_of_wind,2.0,0.0006400295891355195,0.0009002870173087237
6h_pooled_same_sample,r2p8_w128_di16,u_component_of_wind,3.0,0.0006024109290588478,0.0008609406568724533
6h_pooled_same_sample,r2p8_w128_di16,u_component_of_wind,5.0,0.0004905478578117355,0.0006518568463692745
6h_pooled_same_sample,r2p8_w128_di16,u_component_of_wind,7.0,0.0004666194062137694,0.0006001594784594831
6h_pooled_same_sample,r2p8_w128_di16,u_component_of_wind,10.0,0.0004788211165216009,0.0006878434926503272
6h_pooled_same_sample,r2p8_w128_di16,u_component_of_wind,20.0,0.0003764607013749006,0.0006671625902161852
6h_pooled_same_sample,r2p8_w128_di16,u_component_of_wind,30.0,0.0005523273866155676,0.0007372581007407022
6h_pooled_same_sample,r2p8_w128_di16,u_component_of_wind,50.0,3.976924157115391e-05,0.00023531587015976406
6h_pooled_same_sample,r2p8_w128_di16,u_component_of_wind,70.0,5.521843186021904e-05,0.00011954298688227494
6h_pooled_same_sample,r2p8_w128_di16,u_component_of_wind,100.0,9.171545332552143e-05,0.00019741250496050974
6h_pooled_same_sample,r2p8_w128_di16,u_component_of_wind,125.0,0.00012466264832430377,0.00019877050861733837
6h_pooled_same_sample,r2p8_w128_di16,u_component_of_wind,150.0,0.00015776747569464547,0.0002790600705872915
6h_pooled_same_sample,r2p8_w128_di16,u_component_of_wind,175.0,0.0001872505849770549,0.00030769567309102056
6h_pooled_same_sample,r2p8_w128_di16,u_component_of_wind,200.0,0.0002244124143683329,0.00036137936898012304
6h_pooled_same_sample,r2p8_w128_di16,u_component_of_wind,225.0,0.00027678300871640147,0.00044029252426354176
6h_pooled_same_sample,r2p8_w128_di16,u_component_of_wind,250.0,0.00033045082036278067,0.0004949521685998869
6h_pooled_same_sample,r2p8_w128_di16,u_component_of_wind,300.0,0.0004159711069981816,0.000753589933540711
6h_pooled_same_sample,r2p8_w128_di16,u_component_of_wind,350.0,0.00044464435098562984,0.0009749669113081361
6h_pooled_same_sample,r2p8_w128_di16,u_component_of_wind,400.0,0.00044739231971317235,0.0006606273501996864
6h_pooled_same_sample,r2p8_w128_di16,u_component_of_wind,450.0,0.0004439023151825373,0.000618624037578376
6h_pooled_same_sample,r2p8_w128_di16,u_component_of_wind,500.0,0.0004393502196714372,0.0005450206302450818
6h_pooled_same_sample,r2p8_w128_di16,u_component_of_wind,550.0,0.00044946934255012436,0.0005235205602413538
6h_pooled_same_sample,r2p8_w128_di16,u_component_of_wind,600.0,0.0004580706287371803,0.0005240134843339862
6h_pooled_same_sample,r2p8_w128_di16,u_component_of_wind,650.0,0.00047720223590379615,0.0006529041879444424
6h_pooled_same_sample,r2p8_w128_di16,u_component_of_wind,700.0,0.0004935781908631537,0.0006473283324307343
6h_pooled_same_sample,r2p8_w128_di16,u_component_of_wind,750.0,0.0005094335215115081,0.000574419823270157
6h_pooled_same_sample,r2p8_w128_di16,u_component_of_wind,775.0,0.0005145323521289747,0.0006055900937868739
6h_pooled_same_sample,r2p8_w128_di16,u_component_of_wind,800.0,0.0005217627247550946,0.0006044298408663329
6h_pooled_same_sample,r2p8_w128_di16,u_component_of_wind,825.0,0.0005276817293476346,0.0006077669271169904
6h_pooled_same_sample,r2p8_w128_di16,u_component_of_wind,850.0,0.0005261921586863581,0.0006099702637328638
6h_pooled_same_sample,r2p8_w128_di16,u_component_of_wind,875.0,0.0005202890096623287,0.0006193631936073591
6h_pooled_same_sample,r2p8_w128_di16,u_component_of_wind,900.0,0.0005171033496211685,0.000624595820785567
6h_pooled_same_sample,r2p8_w128_di16,u_component_of_wind,925.0,0.0005206752199664343,0.0006473027444342357
6h_pooled_same_sample,r2p8_w128_di16,u_component_of_wind,950.0,0.0005104243348225124,0.0006670977021320393
6h_pooled_same_sample,r2p8_w128_di16,u_component_of_wind,975.0,0.0004658580506441163,0.0006530137849789667
6h_pooled_same_sample,r2p8_w128_di16,u_component_of_wind,1000.0,0.00039813971100335357,0.0006020139198995656
6h_pooled_same_sample,r2p8_w128_di16,v_component_of_wind,1.0,5.8170461603254996e-05,6.797785086693263e-05
6h_pooled_same_sample,r2p8_w128_di16,v_component_of_wind,2.0,7.111515695015947e-05,8.946890526249109e-05
6h_pooled_same_sample,r2p8_w128_di16,v_component_of_wind,3.0,7.627854061099346e-05,0.00010441961252694136
6h_pooled_same_sample,r2p8_w128_di16,v_component_of_wind,5.0,7.992021038774376e-05,0.00010700897973121514
6h_pooled_same_sample,r2p8_w128_di16,v_component_of_wind,7.0,8.461579223773546e-05,0.0001081217026904723
6h_pooled_same_sample,r2p8_w128_di16,v_component_of_wind,10.0,8.365888901324955e-05,0.00010277693019914223
6h_pooled_same_sample,r2p8_w128_di16,v_component_of_wind,20.0,9.628224580392884e-05,0.00010902955022252113
6h_pooled_same_sample,r2p8_w128_di16,v_component_of_wind,30.0,0.00012015278484409784,0.0001725782190765344
6h_pooled_same_sample,r2p8_w128_di16,v_component_of_wind,50.0,2.828877345474237e-05,0.00014946703062616995
6h_pooled_same_sample,r2p8_w128_di16,v_component_of_wind,70.0,4.132839955079401e-05,0.0013362541091696445
6h_pooled_same_sample,r2p8_w128_di16,v_component_of_wind,100.0,6.638534314511772e-05,0.0001926082225524382
6h_pooled_same_sample,r2p8_w128_di16,v_component_of_wind,125.0,8.94654670669175e-05,0.00023223944869326117
6h_pooled_same_sample,r2p8_w128_di16,v_component_of_wind,150.0,0.00010920835519646114,0.00023614976248756533
6h_pooled_same_sample,r2p8_w128_di16,v_component_of_wind,175.0,0.00012698721279172224,0.00020678527873853607
6h_pooled_same_sample,r2p8_w128_di16,v_component_of_wind,200.0,0.0001516607160263113,0.00021993512468250243
6h_pooled_same_sample,r2p8_w128_di16,v_component_of_wind,225.0,0.00019295496553826112,0.0003212044969046939
6h_pooled_same_sample,r2p8_w128_di16,v_component_of_wind,250.0,0.00023867145688586582,0.000454791200791689
6h_pooled_same_sample,r2p8_w128_di16,v_component_of_wind,300.0,0.000322474110598171,0.000577619347321496
6h_pooled_same_sample,r2p8_w128_di16,v_component_of_wind,350.0,0.00035581169734226074,0.0006578904149262782
6h_pooled_same_sample,r2p8_w128_di16,v_component_of_wind,400.0,0.0003601217493874176,0.0004958124757025478
6h_pooled_same_sample,r2p8_w128_di16,v_component_of_wind,450.0,0.0003542247570431496,0.0004973722357491076
6h_pooled_same_sample,r2p8_w128_di16,v_component_of_wind,500.0,0.0003473363705637881,0.0004770123257201078
6h_pooled_same_sample,r2p8_w128_di16,v_component_of_wind,550.0,0.00035178330071310697,0.0004377050246227575
6h_pooled_same_sample,r2p8_w128_di16,v_component_of_wind,600.0,0.0003558961365781671,0.00044272661794137505
6h_pooled_same_sample,r2p8_w128_di16,v_component_of_wind,650.0,0.00036788256049066667,0.0005033158236355596
6h_pooled_same_sample,r2p8_w128_di16,v_component_of_wind,700.0,0.0003804866963031384,0.00047955267520614995
6h_pooled_same_sample,r2p8_w128_di16,v_component_of_wind,750.0,0.00039353926049861475,0.000492397444550036
6h_pooled_same_sample,r2p8_w128_di16,v_component_of_wind,775.0,0.0003990911356387152,0.0005549373973066688
6h_pooled_same_sample,r2p8_w128_di16,v_component_of_wind,800.0,0.0004055167032298552,0.0006666617691545056
6h_pooled_same_sample,r2p8_w128_di16,v_component_of_wind,825.0,0.00041153408066818797,0.0005781169924843257
6h_pooled_same_sample,r2p8_w128_di16,v_component_of_wind,850.0,0.0004137727594554997,0.0005888192760813547
6h_pooled_same_sample,r2p8_w128_di16,v_component_of_wind,875.0,0.0004136325584712492,0.0005950992666712709
6h_pooled_same_sample,r2p8_w128_di16,v_component_of_wind,900.0,0.000416862964143237,0.0005675050447764791
6h_pooled_same_sample,r2p8_w128_di16,v_component_of_wind,925.0,0.0004186090596672043,0.0005473046417468317
6h_pooled_same_sample,r2p8_w128_di16,v_component_of_wind,950.0,0.0004103776640732968,0.0005688163838214708
6h_pooled_same_sample,r2p8_w128_di16,v_component_of_wind,975.0,0.0003707196979626252,0.000535081225656523
6h_pooled_same_sample,r2p8_w128_di16,v_component_of_wind,1000.0,0.00031010030821430754,0.000437843109542642
6h_pooled_same_sample,r2p8_w128_di16,specific_humidity,1.0,0.0014843645263186763,0.00021381414390930976
6h_pooled_same_sample,r2p8_w128_di16,specific_humidity,2.0,0.003647573187067231,0.0003226590563886597
6h_pooled_same_sample,r2p8_w128_di16,specific_humidity,3.0,0.00403076239346366,0.00035740699630506097
6h_pooled_same_sample,r2p8_w128_di16,specific_humidity,5.0,0.003239979536272433,0.001216603044047109
6h_pooled_same_sample,r2p8_w128_di16,specific_humidity,7.0,0.002659069658259463,0.0027096832368541652
6h_pooled_same_sample,r2p8_w128_di16,specific_humidity,10.0,0.002290627059311612,0.006544748363487686
6h_pooled_same_sample,r2p8_w128_di16,specific_humidity,20.0,0.001431196422456499,0.013973506199242283
6h_pooled_same_sample,r2p8_w128_di16,specific_humidity,30.0,0.0014380467280448997,0.00368736147947748
6h_pooled_same_sample,r2p8_w128_di16,specific_humidity,50.0,2.6768621505747283e-05,0.023937751294907453
6h_pooled_same_sample,r2p8_w128_di16,specific_humidity,70.0,6.677046180959102e-05,0.0020533238119845036
6h_pooled_same_sample,r2p8_w128_di16,specific_humidity,100.0,0.00012504605180078398,0.00033598268916877004
6h_pooled_same_sample,r2p8_w128_di16,specific_humidity,125.0,0.00012909884135779088,0.0004606761190009456
6h_pooled_same_sample,r2p8_w128_di16,specific_humidity,150.0,0.00014106418335068876,0.00044860565942893613
6h_pooled_same_sample,r2p8_w128_di16,specific_humidity,175.0,0.00015488171151800128,0.0004766830654585725
6h_pooled_same_sample,r2p8_w128_di16,specific_humidity,200.0,0.00018282697075395625,0.00029996539845029117
6h_pooled_same_sample,r2p8_w128_di16,specific_humidity,225.0,0.00021761668028855407,0.0003523792318144605
6h_pooled_same_sample,r2p8_w128_di16,specific_humidity,250.0,0.00025208702789052394,0.0004408015867759896
6h_pooled_same_sample,r2p8_w128_di16,specific_humidity,300.0,0.0003212971414094149,0.000657961703803753
6h_pooled_same_sample,r2p8_w128_di16,specific_humidity,350.0,0.0003820914508169698,0.0006610038793985934
6h_pooled_same_sample,r2p8_w128_di16,specific_humidity,400.0,0.00042531109626838426,0.0007704793699893324
6h_pooled_same_sample,r2p8_w128_di16,specific_humidity,450.0,0.0004761089376426425,0.0007076103379315536
6h_pooled_same_sample,r2p8_w128_di16,specific_humidity,500.0,0.0005185051053022326,0.0006790557801040307
6h_pooled_same_sample,r2p8_w128_di16,specific_humidity,550.0,0.0005768950222297796,0.0007046971809248955
6h_pooled_same_sample,r2p8_w128_di16,specific_humidity,600.0,0.0006287692475665422,0.0008663948062980124
6h_pooled_same_sample,r2p8_w128_di16,specific_humidity,650.0,0.0006989876229570684,0.0009582507031106698
6h_pooled_same_sample,r2p8_w128_di16,specific_humidity,700.0,0.000733108522752233,0.0011556804902321414
6h_pooled_same_sample,r2p8_w128_di16,specific_humidity,750.0,0.0007776554074339717,0.0010729718501981795
6h_pooled_same_sample,r2p8_w128_di16,specific_humidity,775.0,0.0007933839363886807,0.001020948213900814
6h_pooled_same_sample,r2p8_w128_di16,specific_humidity,800.0,0.0008254084140659314,0.0010840400983434628
6h_pooled_same_sample,r2p8_w128_di16,specific_humidity,825.0,0.0008703311970425289,0.001148880864066915
6h_pooled_same_sample,r2p8_w128_di16,specific_humidity,850.0,0.0009138324846020862,0.0012267524935257932
6h_pooled_same_sample,r2p8_w128_di16,specific_humidity,875.0,0.0009762536370282218,0.0012473205267562798
6h_pooled_same_sample,r2p8_w128_di16,specific_humidity,900.0,0.0010695697571128297,0.0013850270617028313
6h_pooled_same_sample,r2p8_w128_di16,specific_humidity,925.0,0.0010745780185413098,0.001323958711779626
6h_pooled_same_sample,r2p8_w128_di16,specific_humidity,950.0,0.0009998960925554478,0.0012571277902379571
6h_pooled_same_sample,r2p8_w128_di16,specific_humidity,975.0,0.001015186301101773,0.0011749673036777822
6h_pooled_same_sample,r2p8_w128_di16,specific_humidity,1000.0,0.0010046822324118433,0.0012981230528249035
6h_pooled_same_sample,r2p8_w128_di16,specific_cloud_ice_water_content,1.0,9.46495414129706e-10,1.1095966730214261e-09
6h_pooled_same_sample,r2p8_w128_di16,specific_cloud_ice_water_content,2.0,1.8543586688846184e-09,2.2178883230451724e-09
6h_pooled_same_sample,r2p8_w128_di16,specific_cloud_ice_water_content,3.0,2.7800397211443525e-09,3.3398143512692297e-09
6h_pooled_same_sample,r2p8_w128_di16,specific_cloud_ice_water_content,5.0,4.59320489119202e-09,5.5597642013376635e-09
6h_pooled_same_sample,r2p8_w128_di16,specific_cloud_ice_water_content,7.0,6.464020626840465e-09,7.782380368354174e-09
6h_pooled_same_sample,r2p8_w128_di16,specific_cloud_ice_water_content,10.0,9.334388498824243e-09,1.108292692993998e-08
6h_pooled_same_sample,r2p8_w128_di16,specific_cloud_ice_water_content,20.0,1.3164034645840504e-08,1.682054896506039e-08
6h_pooled_same_sample,r2p8_w128_di16,specific_cloud_ice_water_content,30.0,1.4190871204094802e-08,2.0389665895417694e-08
6h_pooled_same_sample,r2p8_w128_di16,specific_cloud_ice_water_content,50.0,1.3857990898912608e-08,2.6697996876641067e-08
6h_pooled_same_sample,r2p8_w128_di16,specific_cloud_ice_water_content,70.0,1.6062587246510374e-08,3.2452295164258465e-08
6h_pooled_same_sample,r2p8_w128_di16,specific_cloud_ice_water_content,100.0,6.497155994790407e-08,9.141523494268396e-08
6h_pooled_same_sample,r2p8_w128_di16,specific_cloud_ice_water_content,125.0,4.2576172011691253e-07,4.843433830735117e-07
6h_pooled_same_sample,r2p8_w128_di16,specific_cloud_ice_water_content,150.0,1.4047137437970066e-06,1.585930213441633e-06
6h_pooled_same_sample,r2p8_w128_di16,specific_cloud_ice_water_content,175.0,2.778591963573843e-06,3.4107578476018217e-06
6h_pooled_same_sample,r2p8_w128_di16,specific_cloud_ice_water_content,200.0,4.539427354695348e-06,6.379108066076563e-06
6h_pooled_same_sample,r2p8_w128_di16,specific_cloud_ice_water_content,225.0,6.6404325474226385e-06,1.1104795014481882e-05
6h_pooled_same_sample,r2p8_w128_di16,specific_cloud_ice_water_content,250.0,8.166439598192322e-06,1.804571278303555e-05
6h_pooled_same_sample,r2p8_w128_di16,specific_cloud_ice_water_content,300.0,9.354969003900813e-06,2.0729610955467747e-05
6h_pooled_same_sample,r2p8_w128_di16,specific_cloud_ice_water_content,350.0,9.725956578013289e-06,1.667922210799223e-05
6h_pooled_same_sample,r2p8_w128_di16,specific_cloud_ice_water_content,400.0,8.393362981035338e-06,1.1612936160398645e-05
6h_pooled_same_sample,r2p8_w128_di16,specific_cloud_ice_water_content,450.0,6.890552646874014e-06,8.954556400701472e-06
6h_pooled_same_sample,r2p8_w128_di16,specific_cloud_ice_water_content,500.0,5.449798193830943e-06,6.826438813457888e-06
6h_pooled_same_sample,r2p8_w128_di16,specific_cloud_ice_water_content,550.0,3.993015697375253e-06,4.982032614263434e-06
6h_pooled_same_sample,r2p8_w128_di16,specific_cloud_ice_water_content,600.0,3.038783624915132e-06,3.7469773765029347e-06
6h_pooled_same_sample,r2p8_w128_di16,specific_cloud_ice_water_content,650.0,2.4317079816236945e-06,2.9958258379214886e-06
6h_pooled_same_sample,r2p8_w128_di16,specific_cloud_ice_water_content,700.0,1.954629173579293e-06,2.317731477313472e-06
6h_pooled_same_sample,r2p8_w128_di16,specific_cloud_ice_water_content,750.0,1.6452987369520327e-06,1.9442182788766994e-06
6h_pooled_same_sample,r2p8_w128_di16,specific_cloud_ice_water_content,775.0,1.6740002612612205e-06,1.92349401139661e-06
6h_pooled_same_sample,r2p8_w128_di16,specific_cloud_ice_water_content,800.0,1.7256386962062875e-06,2.0574883042293733e-06
6h_pooled_same_sample,r2p8_w128_di16,specific_cloud_ice_water_content,825.0,1.7201151781087733e-06,1.9901077222404397e-06
6h_pooled_same_sample,r2p8_w128_di16,specific_cloud_ice_water_content,850.0,1.5431291111627889e-06,1.710039513184611e-06
6h_pooled_same_sample,r2p8_w128_di16,specific_cloud_ice_water_content,875.0,1.2842291002084159e-06,1.4312196698298547e-06
6h_pooled_same_sample,r2p8_w128_di16,specific_cloud_ice_water_content,900.0,1.0768811718909556e-06,1.2775187109393635e-06
6h_pooled_same_sample,r2p8_w128_di16,specific_cloud_ice_water_content,925.0,8.891645556989182e-07,1.1438230268592506e-06
6h_pooled_same_sample,r2p8_w128_di16,specific_cloud_ice_water_content,950.0,6.652963535823982e-07,8.445235144775553e-07
6h_pooled_same_sample,r2p8_w128_di16,specific_cloud_ice_water_content,975.0,4.7030993300039334e-07,5.666231496087106e-07
6h_pooled_same_sample,r2p8_w128_di16,specific_cloud_ice_water_content,1000.0,4.0142602907702183e-07,5.029925769682801e-07
6h_pooled_same_sample,r2p8_w128_di16,specific_cloud_liquid_water_content,1.0,7.360278393111233e-10,1.2922051904870527e-09
6h_pooled_same_sample,r2p8_w128_di16,specific_cloud_liquid_water_content,2.0,1.4759062480671758e-09,2.5847403871318217e-09
6h_pooled_same_sample,r2p8_w128_di16,specific_cloud_liquid_water_content,3.0,2.18692772986035e-09,3.8730994487981475e-09
6h_pooled_same_sample,r2p8_w128_di16,specific_cloud_liquid_water_content,5.0,3.6795359265159282e-09,6.473186357461907e-09
6h_pooled_same_sample,r2p8_w128_di16,specific_cloud_liquid_water_content,7.0,5.2177766736950964e-09,9.063977699335286e-09
6h_pooled_same_sample,r2p8_w128_di16,specific_cloud_liquid_water_content,10.0,7.300949355594764e-09,1.286184328350915e-08
6h_pooled_same_sample,r2p8_w128_di16,specific_cloud_liquid_water_content,20.0,1.1300331687472059e-08,2.0129493723555313e-08
6h_pooled_same_sample,r2p8_w128_di16,specific_cloud_liquid_water_content,30.0,1.2392464236008256e-08,2.4197935697006427e-08
6h_pooled_same_sample,r2p8_w128_di16,specific_cloud_liquid_water_content,50.0,1.9378602083599693e-08,6.642720031555155e-08
6h_pooled_same_sample,r2p8_w128_di16,specific_cloud_liquid_water_content,70.0,1.782901667943005e-08,9.105341092442114e-08
6h_pooled_same_sample,r2p8_w128_di16,specific_cloud_liquid_water_content,100.0,2.4381066691747565e-08,8.308514658798975e-08
6h_pooled_same_sample,r2p8_w128_di16,specific_cloud_liquid_water_content,125.0,2.6179661208324062e-08,9.335140693247842e-08
6h_pooled_same_sample,r2p8_w128_di16,specific_cloud_liquid_water_content,150.0,3.603257024170371e-08,9.508048185928245e-08
6h_pooled_same_sample,r2p8_w128_di16,specific_cloud_liquid_water_content,175.0,5.160289786595248e-08,8.596195594396187e-08
6h_pooled_same_sample,r2p8_w128_di16,specific_cloud_liquid_water_content,200.0,7.025502254340462e-08,1.2157814896380116e-07
6h_pooled_same_sample,r2p8_w128_di16,specific_cloud_liquid_water_content,225.0,6.843628232916609e-08,9.337809578737736e-08
6h_pooled_same_sample,r2p8_w128_di16,specific_cloud_liquid_water_content,250.0,8.365684956675622e-08,1.289414697202722e-07
6h_pooled_same_sample,r2p8_w128_di16,specific_cloud_liquid_water_content,300.0,1.625082522188148e-07,2.16918728414088e-07
6h_pooled_same_sample,r2p8_w128_di16,specific_cloud_liquid_water_content,350.0,2.944927031295475e-07,3.897760470048796e-07
6h_pooled_same_sample,r2p8_w128_di16,specific_cloud_liquid_water_content,400.0,6.565565802672662e-07,8.64479575599146e-07
6h_pooled_same_sample,r2p8_w128_di16,specific_cloud_liquid_water_content,450.0,1.6779212032537872e-06,1.9799276831371304e-06
6h_pooled_same_sample,r2p8_w128_di16,specific_cloud_liquid_water_content,500.0,4.095075493857253e-06,4.600242734215788e-06
6h_pooled_same_sample,r2p8_w128_di16,specific_cloud_liquid_water_content,550.0,7.598127342680965e-06,8.027165290639497e-06
6h_pooled_same_sample,r2p8_w128_di16,specific_cloud_liquid_water_content,600.0,6.657981192829257e-06,7.294608770066763e-06
6h_pooled_same_sample,r2p8_w128_di16,specific_cloud_liquid_water_content,650.0,7.2854042193876225e-06,7.976637883942715e-06
6h_pooled_same_sample,r2p8_w128_di16,specific_cloud_liquid_water_content,700.0,9.621424715435525e-06,1.046496528859494e-05
6h_pooled_same_sample,r2p8_w128_di16,specific_cloud_liquid_water_content,750.0,1.3213430032846086e-05,1.4319157827545322e-05
6h_pooled_same_sample,r2p8_w128_di16,specific_cloud_liquid_water_content,775.0,1.5373633486289155e-05,1.6817012359187907e-05
6h_pooled_same_sample,r2p8_w128_di16,specific_cloud_liquid_water_content,800.0,1.832432277643835e-05,2.346024651456328e-05
6h_pooled_same_sample,r2p8_w128_di16,specific_cloud_liquid_water_content,825.0,2.47613582285206e-05,3.559525154791736e-05
6h_pooled_same_sample,r2p8_w128_di16,specific_cloud_liquid_water_content,850.0,3.0263279210385326e-05,6.069055862485888e-05
6h_pooled_same_sample,r2p8_w128_di16,specific_cloud_liquid_water_content,875.0,3.1935614387939936e-05,9.420169017990764e-05
6h_pooled_same_sample,r2p8_w128_di16,specific_cloud_liquid_water_content,900.0,2.9363745569874905e-05,7.734881264954166e-05
6h_pooled_same_sample,r2p8_w128_di16,specific_cloud_liquid_water_content,925.0,2.429307462334922e-05,4.230375240976808e-05
6h_pooled_same_sample,r2p8_w128_di16,specific_cloud_liquid_water_content,950.0,1.725513350610342e-05,4.237204116720012e-05
6h_pooled_same_sample,r2p8_w128_di16,specific_cloud_liquid_water_content,975.0,1.068861512494322e-05,3.347964396617223e-05
6h_pooled_same_sample,r2p8_w128_di16,specific_cloud_liquid_water_content,1000.0,6.43913117421949e-06,1.0820030294322211e-05
6h_pooled_same_sample,r2p8_w128_di32,temperature,1.0,0.0002451553914795287,0.0010370542816295458
6h_pooled_same_sample,r2p8_w128_di32,temperature,2.0,0.0003224972481878142,0.005078275674168319
6h_pooled_same_sample,r2p8_w128_di32,temperature,3.0,0.0003167838007293471,0.009561184943456442
6h_pooled_same_sample,r2p8_w128_di32,temperature,5.0,0.0002992243945700377,0.012206201750211317
6h_pooled_same_sample,r2p8_w128_di32,temperature,7.0,0.00027919159395867427,0.01203047292535397
6h_pooled_same_sample,r2p8_w128_di32,temperature,10.0,0.00022599930411683626,0.011762998063535462
6h_pooled_same_sample,r2p8_w128_di32,temperature,20.0,0.0003410776569400292,0.0029746463985833448
6h_pooled_same_sample,r2p8_w128_di32,temperature,30.0,0.00037867328346832384,0.0005332513086119098
6h_pooled_same_sample,r2p8_w128_di32,temperature,50.0,6.209213334980796e-05,0.005020669130019223
6h_pooled_same_sample,r2p8_w128_di32,temperature,70.0,8.461796399124186e-05,0.0011084871619694283
6h_pooled_same_sample,r2p8_w128_di32,temperature,100.0,8.339685148737968e-05,0.0005666791462636298
6h_pooled_same_sample,r2p8_w128_di32,temperature,125.0,6.903596692764931e-05,0.0008221710704767689
6h_pooled_same_sample,r2p8_w128_di32,temperature,150.0,6.657954334100839e-05,0.00032085548484310587
6h_pooled_same_sample,r2p8_w128_di32,temperature,175.0,7.1059967104822e-05,0.0001659603483159714
6h_pooled_same_sample,r2p8_w128_di32,temperature,200.0,8.469369265041648e-05,0.00011762233400530442
6h_pooled_same_sample,r2p8_w128_di32,temperature,225.0,9.916856627789407e-05,0.00014388266238764998
6h_pooled_same_sample,r2p8_w128_di32,temperature,250.0,0.00010783458247830987,0.00015949069530812226
6h_pooled_same_sample,r2p8_w128_di32,temperature,300.0,0.00011948133371018896,0.00017843642315820834
6h_pooled_same_sample,r2p8_w128_di32,temperature,350.0,0.00012941994339684724,0.00017825283531150874
6h_pooled_same_sample,r2p8_w128_di32,temperature,400.0,0.00014494727754368184,0.00018360215882582402
6h_pooled_same_sample,r2p8_w128_di32,temperature,450.0,0.0001632215617617518,0.00019332797914326793
6h_pooled_same_sample,r2p8_w128_di32,temperature,500.0,0.00018106905083556618,0.0002145060050702994
6h_pooled_same_sample,r2p8_w128_di32,temperature,550.0,0.00020829574560310318,0.00024712788706864763
6h_pooled_same_sample,r2p8_w128_di32,temperature,600.0,0.00024048433879942223,0.0002922230382763008
6h_pooled_same_sample,r2p8_w128_di32,temperature,650.0,0.0002805983497126748,0.00034301579325434937
6h_pooled_same_sample,r2p8_w128_di32,temperature,700.0,0.0003271344726242667,0.0003987274387009048
6h_pooled_same_sample,r2p8_w128_di32,temperature,750.0,0.00039964423166946193,0.0004789318567520782
6h_pooled_same_sample,r2p8_w128_di32,temperature,775.0,0.0004399205707617046,0.0005066935789471212
6h_pooled_same_sample,r2p8_w128_di32,temperature,800.0,0.0004966287769898709,0.0006431251339812721
6h_pooled_same_sample,r2p8_w128_di32,temperature,825.0,0.0005824262363099906,0.000737741120909079
6h_pooled_same_sample,r2p8_w128_di32,temperature,850.0,0.000646714701180373,0.0009800454916522752
6h_pooled_same_sample,r2p8_w128_di32,temperature,875.0,0.0006800503747503847,0.0010455753997000146
6h_pooled_same_sample,r2p8_w128_di32,temperature,900.0,0.0006988323771640673,0.0009529056725319564
6h_pooled_same_sample,r2p8_w128_di32,temperature,925.0,0.0007277178447435024,0.000983096821159526
6h_pooled_same_sample,r2p8_w128_di32,temperature,950.0,0.0007847658133566108,0.0010504614317042816
6h_pooled_same_sample,r2p8_w128_di32,temperature,975.0,0.0008903646408378034,0.0011582326376694703
6h_pooled_same_sample,r2p8_w128_di32,temperature,1000.0,0.0009527258372368424,0.001293022323205851
6h_pooled_same_sample,r2p8_w128_di32,geopotential,1.0,0.287307030084931,0.007556511199495226
6h_pooled_same_sample,r2p8_w128_di32,geopotential,2.0,0.26798427956383325,0.002740869496564801
6h_pooled_same_sample,r2p8_w128_di32,geopotential,3.0,0.22859462870041672,0.0022725882566038374
6h_pooled_same_sample,r2p8_w128_di32,geopotential,5.0,0.1433319612324662,0.0019236696973785484
6h_pooled_same_sample,r2p8_w128_di32,geopotential,7.0,0.07989753130265077,0.001252510048090237
6h_pooled_same_sample,r2p8_w128_di32,geopotential,10.0,0.023997661812281097,0.0008311751485089267
6h_pooled_same_sample,r2p8_w128_di32,geopotential,20.0,0.011886345647197247,0.004650466867674521
6h_pooled_same_sample,r2p8_w128_di32,geopotential,30.0,0.029927074358586585,0.0037105535931815812
6h_pooled_same_sample,r2p8_w128_di32,geopotential,50.0,5.632191034589513e-05,0.0008796236676077188
6h_pooled_same_sample,r2p8_w128_di32,geopotential,70.0,6.802612136290862e-05,0.0014090587212549528
6h_pooled_same_sample,r2p8_w128_di32,geopotential,100.0,6.187612071710516e-05,0.0002092475036083742
6h_pooled_same_sample,r2p8_w128_di32,geopotential,125.0,6.357763988573539e-05,7.932563036235557e-05
6h_pooled_same_sample,r2p8_w128_di32,geopotential,150.0,6.899516724364023e-05,8.720572445993527e-05
6h_pooled_same_sample,r2p8_w128_di32,geopotential,175.0,7.791573100062586e-05,0.00017510201212120216
6h_pooled_same_sample,r2p8_w128_di32,geopotential,200.0,8.845954258268111e-05,0.00012242489681064508
6h_pooled_same_sample,r2p8_w128_di32,geopotential,225.0,9.541694335541619e-05,0.0001276851670245233
6h_pooled_same_sample,r2p8_w128_di32,geopotential,250.0,0.00010544413438709511,0.00012884353280422634
6h_pooled_same_sample,r2p8_w128_di32,geopotential,300.0,0.00012643543276822581,0.00020758051970972183
6h_pooled_same_sample,r2p8_w128_di32,geopotential,350.0,0.00014036760662520956,0.0001841139698888441
6h_pooled_same_sample,r2p8_w128_di32,geopotential,400.0,0.0001480444361086123,0.00019405458251950272
6h_pooled_same_sample,r2p8_w128_di32,geopotential,450.0,0.00015282943338177553,0.00019523763580871147
6h_pooled_same_sample,r2p8_w128_di32,geopotential,500.0,0.000156384717624906,0.000200999446982222
6h_pooled_same_sample,r2p8_w128_di32,geopotential,550.0,0.00016024516750823734,0.00021077861854176512
6h_pooled_same_sample,r2p8_w128_di32,geopotential,600.0,0.0001667248027714442,0.0002145042164794952
6h_pooled_same_sample,r2p8_w128_di32,geopotential,650.0,0.00017465837960113607,0.0002389631125189877
6h_pooled_same_sample,r2p8_w128_di32,geopotential,700.0,0.0001866521686366419,0.00025355295476408565
6h_pooled_same_sample,r2p8_w128_di32,geopotential,750.0,0.0001999335881362648,0.00027610680806375174
6h_pooled_same_sample,r2p8_w128_di32,geopotential,775.0,0.00020928104702188323,0.00029455128206247585
6h_pooled_same_sample,r2p8_w128_di32,geopotential,800.0,0.00021857472823196746,0.0003035626610093999
6h_pooled_same_sample,r2p8_w128_di32,geopotential,825.0,0.00022976360817309252,0.0003132145816932646
6h_pooled_same_sample,r2p8_w128_di32,geopotential,850.0,0.0002421788072242872,0.0003346154358176555
6h_pooled_same_sample,r2p8_w128_di32,geopotential,875.0,0.00025591869984737726,0.00036416856292479364
6h_pooled_same_sample,r2p8_w128_di32,geopotential,900.0,0.0002746252498810907,0.000391870107968938
6h_pooled_same_sample,r2p8_w128_di32,geopotential,925.0,0.000296169866615917,0.000427984990055726
6h_pooled_same_sample,r2p8_w128_di32,geopotential,950.0,0.0003202259322043037,0.0004770289516485851
6h_pooled_same_sample,r2p8_w128_di32,geopotential,975.0,0.0003542153500494994,0.0005698758701805427
6h_pooled_same_sample,r2p8_w128_di32,geopotential,1000.0,0.00040040023463953824,0.0007426623205088635
6h_pooled_same_sample,r2p8_w128_di32,u_component_of_wind,1.0,0.0005081510534428488,0.0010408226030008169
6h_pooled_same_sample,r2p8_w128_di32,u_component_of_wind,2.0,0.0006400295891355195,0.000896208091175786
6h_pooled_same_sample,r2p8_w128_di32,u_component_of_wind,3.0,0.0006024109290588478,0.0008549154950397708
6h_pooled_same_sample,r2p8_w128_di32,u_component_of_wind,5.0,0.0004905478578117355,0.0006494033296696812
6h_pooled_same_sample,r2p8_w128_di32,u_component_of_wind,7.0,0.0004666194062137694,0.0005995337437260877
6h_pooled_same_sample,r2p8_w128_di32,u_component_of_wind,10.0,0.0004788211165216009,0.0006880398984327791
6h_pooled_same_sample,r2p8_w128_di32,u_component_of_wind,20.0,0.0003764607013749006,0.0006644234870545647
6h_pooled_same_sample,r2p8_w128_di32,u_component_of_wind,30.0,0.0005523273866155676,0.0007393979177003479
6h_pooled_same_sample,r2p8_w128_di32,u_component_of_wind,50.0,3.976924157115391e-05,0.00021990786811549952
6h_pooled_same_sample,r2p8_w128_di32,u_component_of_wind,70.0,5.521843186021904e-05,0.00011824355607034324
6h_pooled_same_sample,r2p8_w128_di32,u_component_of_wind,100.0,9.171545332552143e-05,0.00018726675837056234
6h_pooled_same_sample,r2p8_w128_di32,u_component_of_wind,125.0,0.00012466264832430377,0.00019481010278969084
6h_pooled_same_sample,r2p8_w128_di32,u_component_of_wind,150.0,0.00015776747569464547,0.00027725529267817376
6h_pooled_same_sample,r2p8_w128_di32,u_component_of_wind,175.0,0.0001872505849770549,0.00030782862338707157
6h_pooled_same_sample,r2p8_w128_di32,u_component_of_wind,200.0,0.0002244124143683329,0.0003560926321042812
6h_pooled_same_sample,r2p8_w128_di32,u_component_of_wind,225.0,0.00027678300871640147,0.0004290574307497741
6h_pooled_same_sample,r2p8_w128_di32,u_component_of_wind,250.0,0.00033045082036278067,0.0004916768383976016
6h_pooled_same_sample,r2p8_w128_di32,u_component_of_wind,300.0,0.0004159711069981816,0.000748486644502443
6h_pooled_same_sample,r2p8_w128_di32,u_component_of_wind,350.0,0.00044464435098562984,0.0009652358387429662
6h_pooled_same_sample,r2p8_w128_di32,u_component_of_wind,400.0,0.00044739231971317235,0.0006495263040310264
6h_pooled_same_sample,r2p8_w128_di32,u_component_of_wind,450.0,0.0004439023151825373,0.0006165794395311092
6h_pooled_same_sample,r2p8_w128_di32,u_component_of_wind,500.0,0.0004393502196714372,0.000544260570577334
6h_pooled_same_sample,r2p8_w128_di32,u_component_of_wind,550.0,0.00044946934255012436,0.0005218787860987825
6h_pooled_same_sample,r2p8_w128_di32,u_component_of_wind,600.0,0.0004580706287371803,0.0005243309639475198
6h_pooled_same_sample,r2p8_w128_di32,u_component_of_wind,650.0,0.00047720223590379615,0.0006480839229495961
6h_pooled_same_sample,r2p8_w128_di32,u_component_of_wind,700.0,0.0004935781908631537,0.0006503506365890646
6h_pooled_same_sample,r2p8_w128_di32,u_component_of_wind,750.0,0.0005094335215115081,0.0005747344823267656
6h_pooled_same_sample,r2p8_w128_di32,u_component_of_wind,775.0,0.0005145323521289747,0.0006047145313348255
6h_pooled_same_sample,r2p8_w128_di32,u_component_of_wind,800.0,0.0005217627247550946,0.0005970478413637744
6h_pooled_same_sample,r2p8_w128_di32,u_component_of_wind,825.0,0.0005276817293476346,0.0006036471677033912
6h_pooled_same_sample,r2p8_w128_di32,u_component_of_wind,850.0,0.0005261921586863581,0.0006070028328370961
6h_pooled_same_sample,r2p8_w128_di32,u_component_of_wind,875.0,0.0005202890096623287,0.0006132036466677408
6h_pooled_same_sample,r2p8_w128_di32,u_component_of_wind,900.0,0.0005171033496211685,0.0006229223740948297
6h_pooled_same_sample,r2p8_w128_di32,u_component_of_wind,925.0,0.0005206752199664343,0.0006429055611029146
6h_pooled_same_sample,r2p8_w128_di32,u_component_of_wind,950.0,0.0005104243348225124,0.0006603508473301081
6h_pooled_same_sample,r2p8_w128_di32,u_component_of_wind,975.0,0.0004658580506441163,0.0006474625859374801
6h_pooled_same_sample,r2p8_w128_di32,u_component_of_wind,1000.0,0.00039813971100335357,0.0006023635265467852
6h_pooled_same_sample,r2p8_w128_di32,v_component_of_wind,1.0,5.8170461603254996e-05,6.842335315639226e-05
6h_pooled_same_sample,r2p8_w128_di32,v_component_of_wind,2.0,7.111515695015947e-05,8.948697127562387e-05
6h_pooled_same_sample,r2p8_w128_di32,v_component_of_wind,3.0,7.627854061099346e-05,0.00010380641087598562
6h_pooled_same_sample,r2p8_w128_di32,v_component_of_wind,5.0,7.992021038774376e-05,0.00010650645421748485
6h_pooled_same_sample,r2p8_w128_di32,v_component_of_wind,7.0,8.461579223773546e-05,0.00010706825270135637
6h_pooled_same_sample,r2p8_w128_di32,v_component_of_wind,10.0,8.365888901324955e-05,0.00010105120590738078
6h_pooled_same_sample,r2p8_w128_di32,v_component_of_wind,20.0,9.628224580392884e-05,0.00010570129031283146
6h_pooled_same_sample,r2p8_w128_di32,v_component_of_wind,30.0,0.00012015278484409784,0.0001791341542150962
6h_pooled_same_sample,r2p8_w128_di32,v_component_of_wind,50.0,2.828877345474237e-05,0.0001642395903987907
6h_pooled_same_sample,r2p8_w128_di32,v_component_of_wind,70.0,4.132839955079401e-05,0.0013095436122068803
6h_pooled_same_sample,r2p8_w128_di32,v_component_of_wind,100.0,6.638534314511772e-05,0.00017830294533285407
6h_pooled_same_sample,r2p8_w128_di32,v_component_of_wind,125.0,8.94654670669175e-05,0.00022353400690913955
6h_pooled_same_sample,r2p8_w128_di32,v_component_of_wind,150.0,0.00010920835519646114,0.00021910816332546633
6h_pooled_same_sample,r2p8_w128_di32,v_component_of_wind,175.0,0.00012698721279172224,0.0002095523059924897
6h_pooled_same_sample,r2p8_w128_di32,v_component_of_wind,200.0,0.0001516607160263113,0.00021863121864448975
6h_pooled_same_sample,r2p8_w128_di32,v_component_of_wind,225.0,0.00019295496553826112,0.00031981524529048756
6h_pooled_same_sample,r2p8_w128_di32,v_component_of_wind,250.0,0.00023867145688586582,0.00045564537203328343
6h_pooled_same_sample,r2p8_w128_di32,v_component_of_wind,300.0,0.000322474110598171,0.0005682227454781068
6h_pooled_same_sample,r2p8_w128_di32,v_component_of_wind,350.0,0.00035581169734226074,0.0006328141782157029
6h_pooled_same_sample,r2p8_w128_di32,v_component_of_wind,400.0,0.0003601217493874176,0.00048762009975558175
6h_pooled_same_sample,r2p8_w128_di32,v_component_of_wind,450.0,0.0003542247570431496,0.0004895299764612043
6h_pooled_same_sample,r2p8_w128_di32,v_component_of_wind,500.0,0.0003473363705637881,0.0004702810689360848
6h_pooled_same_sample,r2p8_w128_di32,v_component_of_wind,550.0,0.00035178330071310697,0.00043569109431831367
6h_pooled_same_sample,r2p8_w128_di32,v_component_of_wind,600.0,0.0003558961365781671,0.0004415076572593105
6h_pooled_same_sample,r2p8_w128_di32,v_component_of_wind,650.0,0.00036788256049066667,0.0005075698989201765
6h_pooled_same_sample,r2p8_w128_di32,v_component_of_wind,700.0,0.0003804866963031384,0.0004807195422296365
6h_pooled_same_sample,r2p8_w128_di32,v_component_of_wind,750.0,0.00039353926049861475,0.0004900039584959415
6h_pooled_same_sample,r2p8_w128_di32,v_component_of_wind,775.0,0.0003990911356387152,0.000546624730386892
6h_pooled_same_sample,r2p8_w128_di32,v_component_of_wind,800.0,0.0004055167032298552,0.0006713027604297996
6h_pooled_same_sample,r2p8_w128_di32,v_component_of_wind,825.0,0.00041153408066818797,0.0005749093224259882
6h_pooled_same_sample,r2p8_w128_di32,v_component_of_wind,850.0,0.0004137727594554997,0.0005808778846218088
6h_pooled_same_sample,r2p8_w128_di32,v_component_of_wind,875.0,0.0004136325584712492,0.0005947173747449264
6h_pooled_same_sample,r2p8_w128_di32,v_component_of_wind,900.0,0.000416862964143237,0.0005611300098897829
6h_pooled_same_sample,r2p8_w128_di32,v_component_of_wind,925.0,0.0004186090596672043,0.0005426353613866465
6h_pooled_same_sample,r2p8_w128_di32,v_component_of_wind,950.0,0.0004103776640732968,0.0005692082279347516
6h_pooled_same_sample,r2p8_w128_di32,v_component_of_wind,975.0,0.0003707196979626252,0.000529749413098427
6h_pooled_same_sample,r2p8_w128_di32,v_component_of_wind,1000.0,0.00031010030821430754,0.0004346625100449871
6h_pooled_same_sample,r2p8_w128_di32,specific_humidity,1.0,0.0014843645263186763,0.00021298760101620264
6h_pooled_same_sample,r2p8_w128_di32,specific_humidity,2.0,0.003647573187067231,0.0003215862762419854
6h_pooled_same_sample,r2p8_w128_di32,specific_humidity,3.0,0.00403076239346366,0.00035645685564977977
6h_pooled_same_sample,r2p8_w128_di32,specific_humidity,5.0,0.003239979536272433,0.001216056895270351
6h_pooled_same_sample,r2p8_w128_di32,specific_humidity,7.0,0.002659069658259463,0.0027086796902375193
6h_pooled_same_sample,r2p8_w128_di32,specific_humidity,10.0,0.002290627059311612,0.006537552114235699
6h_pooled_same_sample,r2p8_w128_di32,specific_humidity,20.0,0.001431196422456499,0.013954212134427723
6h_pooled_same_sample,r2p8_w128_di32,specific_humidity,30.0,0.0014380467280448997,0.0036670051620170552
6h_pooled_same_sample,r2p8_w128_di32,specific_humidity,50.0,2.6768621505747283e-05,0.02398082941677199
6h_pooled_same_sample,r2p8_w128_di32,specific_humidity,70.0,6.677046180959102e-05,0.0020257686849911517
6h_pooled_same_sample,r2p8_w128_di32,specific_humidity,100.0,0.00012504605180078398,0.0003239678336089967
6h_pooled_same_sample,r2p8_w128_di32,specific_humidity,125.0,0.00012909884135779088,0.00044454267745463154
6h_pooled_same_sample,r2p8_w128_di32,specific_humidity,150.0,0.00014106418335068876,0.0004461115115890269
6h_pooled_same_sample,r2p8_w128_di32,specific_humidity,175.0,0.00015488171151800128,0.0004667572516043587
6h_pooled_same_sample,r2p8_w128_di32,specific_humidity,200.0,0.00018282697075395625,0.00029544193391046244
6h_pooled_same_sample,r2p8_w128_di32,specific_humidity,225.0,0.00021761668028855407,0.0003443028653929019
6h_pooled_same_sample,r2p8_w128_di32,specific_humidity,250.0,0.00025208702789052394,0.00042692599188575396
6h_pooled_same_sample,r2p8_w128_di32,specific_humidity,300.0,0.0003212971414094149,0.0006647245499857979
6h_pooled_same_sample,r2p8_w128_di32,specific_humidity,350.0,0.0003820914508169698,0.0006548139558146382
6h_pooled_same_sample,r2p8_w128_di32,specific_humidity,400.0,0.00042531109626838426,0.0007670494946978976
6h_pooled_same_sample,r2p8_w128_di32,specific_humidity,450.0,0.0004761089376426425,0.0007106886551894615
6h_pooled_same_sample,r2p8_w128_di32,specific_humidity,500.0,0.0005185051053022326,0.0006783439470760517
6h_pooled_same_sample,r2p8_w128_di32,specific_humidity,550.0,0.0005768950222297796,0.0007016559972572671
6h_pooled_same_sample,r2p8_w128_di32,specific_humidity,600.0,0.0006287692475665422,0.0008597491713364972
6h_pooled_same_sample,r2p8_w128_di32,specific_humidity,650.0,0.0006989876229570684,0.0009488932042097972
6h_pooled_same_sample,r2p8_w128_di32,specific_humidity,700.0,0.000733108522752233,0.001148035601031732
6h_pooled_same_sample,r2p8_w128_di32,specific_humidity,750.0,0.0007776554074339717,0.0010687054307098691
6h_pooled_same_sample,r2p8_w128_di32,specific_humidity,775.0,0.0007933839363886807,0.0010141704534988693
6h_pooled_same_sample,r2p8_w128_di32,specific_humidity,800.0,0.0008254084140659314,0.0010846866162968092
6h_pooled_same_sample,r2p8_w128_di32,specific_humidity,825.0,0.0008703311970425289,0.0011466404879160953
6h_pooled_same_sample,r2p8_w128_di32,specific_humidity,850.0,0.0009138324846020862,0.0012258952048716184
6h_pooled_same_sample,r2p8_w128_di32,specific_humidity,875.0,0.0009762536370282218,0.0012432438707308952
6h_pooled_same_sample,r2p8_w128_di32,specific_humidity,900.0,0.0010695697571128297,0.001382741969664358
6h_pooled_same_sample,r2p8_w128_di32,specific_humidity,925.0,0.0010745780185413098,0.001322659409020918
6h_pooled_same_sample,r2p8_w128_di32,specific_humidity,950.0,0.0009998960925554478,0.0012569553775375602
6h_pooled_same_sample,r2p8_w128_di32,specific_humidity,975.0,0.001015186301101773,0.0011703770816514523
6h_pooled_same_sample,r2p8_w128_di32,specific_humidity,1000.0,0.0010046822324118433,0.0012914411940828363
6h_pooled_same_sample,r2p8_w128_di32,specific_cloud_ice_water_content,1.0,9.46495414129706e-10,1.1333362336090563e-09
6h_pooled_same_sample,r2p8_w128_di32,specific_cloud_ice_water_content,2.0,1.8543586688846184e-09,2.2596293920196656e-09
6h_pooled_same_sample,r2p8_w128_di32,specific_cloud_ice_water_content,3.0,2.7800397211443525e-09,3.4037712939612243e-09
6h_pooled_same_sample,r2p8_w128_di32,specific_cloud_ice_water_content,5.0,4.59320489119202e-09,5.6655190241188965e-09
6h_pooled_same_sample,r2p8_w128_di32,specific_cloud_ice_water_content,7.0,6.464020626840465e-09,7.930641316792014e-09
6h_pooled_same_sample,r2p8_w128_di32,specific_cloud_ice_water_content,10.0,9.334388498824243e-09,1.1303856303404208e-08
6h_pooled_same_sample,r2p8_w128_di32,specific_cloud_ice_water_content,20.0,1.3164034645840504e-08,1.7028046056245896e-08
6h_pooled_same_sample,r2p8_w128_di32,specific_cloud_ice_water_content,30.0,1.4190871204094802e-08,2.0479244057705555e-08
6h_pooled_same_sample,r2p8_w128_di32,specific_cloud_ice_water_content,50.0,1.3857990898912608e-08,2.663754544881281e-08
6h_pooled_same_sample,r2p8_w128_di32,specific_cloud_ice_water_content,70.0,1.6062587246510374e-08,3.1875318367967465e-08
6h_pooled_same_sample,r2p8_w128_di32,specific_cloud_ice_water_content,100.0,6.497155994790407e-08,9.040163925882475e-08
6h_pooled_same_sample,r2p8_w128_di32,specific_cloud_ice_water_content,125.0,4.2576172011691253e-07,4.817599109245688e-07
6h_pooled_same_sample,r2p8_w128_di32,specific_cloud_ice_water_content,150.0,1.4047137437970066e-06,1.5781282647022767e-06
6h_pooled_same_sample,r2p8_w128_di32,specific_cloud_ice_water_content,175.0,2.778591963573843e-06,3.383249667706874e-06
6h_pooled_same_sample,r2p8_w128_di32,specific_cloud_ice_water_content,200.0,4.539427354695348e-06,6.292091445255071e-06
6h_pooled_same_sample,r2p8_w128_di32,specific_cloud_ice_water_content,225.0,6.6404325474226385e-06,1.0831374648992163e-05
6h_pooled_same_sample,r2p8_w128_di32,specific_cloud_ice_water_content,250.0,8.166439598192322e-06,1.7317772987250225e-05
6h_pooled_same_sample,r2p8_w128_di32,specific_cloud_ice_water_content,300.0,9.354969003900813e-06,2.0135612089580416e-05
6h_pooled_same_sample,r2p8_w128_di32,specific_cloud_ice_water_content,350.0,9.725956578013289e-06,1.639420040376726e-05
6h_pooled_same_sample,r2p8_w128_di32,specific_cloud_ice_water_content,400.0,8.393362981035338e-06,1.1492061076035921e-05
6h_pooled_same_sample,r2p8_w128_di32,specific_cloud_ice_water_content,450.0,6.890552646874014e-06,8.88629436575307e-06
6h_pooled_same_sample,r2p8_w128_di32,specific_cloud_ice_water_content,500.0,5.449798193830943e-06,6.8035468209073e-06
6h_pooled_same_sample,r2p8_w128_di32,specific_cloud_ice_water_content,550.0,3.993015697375253e-06,4.972002244931921e-06
6h_pooled_same_sample,r2p8_w128_di32,specific_cloud_ice_water_content,600.0,3.038783624915132e-06,3.7419174881299743e-06
6h_pooled_same_sample,r2p8_w128_di32,specific_cloud_ice_water_content,650.0,2.4317079816236945e-06,2.984005706883609e-06
6h_pooled_same_sample,r2p8_w128_di32,specific_cloud_ice_water_content,700.0,1.954629173579293e-06,2.307187438283699e-06
6h_pooled_same_sample,r2p8_w128_di32,specific_cloud_ice_water_content,750.0,1.6452987369520327e-06,1.944130204535748e-06
6h_pooled_same_sample,r2p8_w128_di32,specific_cloud_ice_water_content,775.0,1.6740002612612205e-06,1.9178138639987074e-06
6h_pooled_same_sample,r2p8_w128_di32,specific_cloud_ice_water_content,800.0,1.7256386962062875e-06,2.0566574897376806e-06
6h_pooled_same_sample,r2p8_w128_di32,specific_cloud_ice_water_content,825.0,1.7201151781087733e-06,1.9865768564919475e-06
6h_pooled_same_sample,r2p8_w128_di32,specific_cloud_ice_water_content,850.0,1.5431291111627889e-06,1.7087691910664425e-06
6h_pooled_same_sample,r2p8_w128_di32,specific_cloud_ice_water_content,875.0,1.2842291002084159e-06,1.4294444800185848e-06
6h_pooled_same_sample,r2p8_w128_di32,specific_cloud_ice_water_content,900.0,1.0768811718909556e-06,1.2728908360866196e-06
6h_pooled_same_sample,r2p8_w128_di32,specific_cloud_ice_water_content,925.0,8.891645556989182e-07,1.1355589741499172e-06
6h_pooled_same_sample,r2p8_w128_di32,specific_cloud_ice_water_content,950.0,6.652963535823982e-07,8.399930710830132e-07
6h_pooled_same_sample,r2p8_w128_di32,specific_cloud_ice_water_content,975.0,4.7030993300039334e-07,5.620408849887319e-07
6h_pooled_same_sample,r2p8_w128_di32,specific_cloud_ice_water_content,1000.0,4.0142602907702183e-07,5.049537099272762e-07
6h_pooled_same_sample,r2p8_w128_di32,specific_cloud_liquid_water_content,1.0,7.360278393111233e-10,1.2440018915498362e-09
6h_pooled_same_sample,r2p8_w128_di32,specific_cloud_liquid_water_content,2.0,1.4759062480671758e-09,2.4881024530899237e-09
6h_pooled_same_sample,r2p8_w128_di32,specific_cloud_liquid_water_content,3.0,2.18692772986035e-09,3.726672582559327e-09
6h_pooled_same_sample,r2p8_w128_di32,specific_cloud_liquid_water_content,5.0,3.6795359265159282e-09,6.23146995468334e-09
6h_pooled_same_sample,r2p8_w128_di32,specific_cloud_liquid_water_content,7.0,5.2177766736950964e-09,8.729065185074003e-09
6h_pooled_same_sample,r2p8_w128_di32,specific_cloud_liquid_water_content,10.0,7.300949355594764e-09,1.2376165205974513e-08
6h_pooled_same_sample,r2p8_w128_di32,specific_cloud_liquid_water_content,20.0,1.1300331687472059e-08,1.9229029342432632e-08
6h_pooled_same_sample,r2p8_w128_di32,specific_cloud_liquid_water_content,30.0,1.2392464236008256e-08,2.2545525198973012e-08
6h_pooled_same_sample,r2p8_w128_di32,specific_cloud_liquid_water_content,50.0,1.9378602083599693e-08,5.788513643892347e-08
6h_pooled_same_sample,r2p8_w128_di32,specific_cloud_liquid_water_content,70.0,1.782901667943005e-08,9.067135461627115e-08
6h_pooled_same_sample,r2p8_w128_di32,specific_cloud_liquid_water_content,100.0,2.4381066691747565e-08,8.29659236569103e-08
6h_pooled_same_sample,r2p8_w128_di32,specific_cloud_liquid_water_content,125.0,2.6179661208324062e-08,9.500899054134477e-08
6h_pooled_same_sample,r2p8_w128_di32,specific_cloud_liquid_water_content,150.0,3.603257024170371e-08,9.461342414715292e-08
6h_pooled_same_sample,r2p8_w128_di32,specific_cloud_liquid_water_content,175.0,5.160289786595248e-08,8.559490985880477e-08
6h_pooled_same_sample,r2p8_w128_di32,specific_cloud_liquid_water_content,200.0,7.025502254340462e-08,1.195837670219049e-07
6h_pooled_same_sample,r2p8_w128_di32,specific_cloud_liquid_water_content,225.0,6.843628232916609e-08,9.182006839748564e-08
6h_pooled_same_sample,r2p8_w128_di32,specific_cloud_liquid_water_content,250.0,8.365684956675622e-08,1.278720438565886e-07
6h_pooled_same_sample,r2p8_w128_di32,specific_cloud_liquid_water_content,300.0,1.625082522188148e-07,2.159089270480532e-07
6h_pooled_same_sample,r2p8_w128_di32,specific_cloud_liquid_water_content,350.0,2.944927031295475e-07,3.928345144176146e-07
6h_pooled_same_sample,r2p8_w128_di32,specific_cloud_liquid_water_content,400.0,6.565565802672662e-07,8.58709535403878e-07
6h_pooled_same_sample,r2p8_w128_di32,specific_cloud_liquid_water_content,450.0,1.6779212032537872e-06,1.9725980884484034e-06
6h_pooled_same_sample,r2p8_w128_di32,specific_cloud_liquid_water_content,500.0,4.095075493857253e-06,4.58795505121386e-06
6h_pooled_same_sample,r2p8_w128_di32,specific_cloud_liquid_water_content,550.0,7.598127342680965e-06,8.0155396008588e-06
6h_pooled_same_sample,r2p8_w128_di32,specific_cloud_liquid_water_content,600.0,6.657981192829257e-06,7.2742247075464825e-06
6h_pooled_same_sample,r2p8_w128_di32,specific_cloud_liquid_water_content,650.0,7.2854042193876225e-06,7.955736581973195e-06
6h_pooled_same_sample,r2p8_w128_di32,specific_cloud_liquid_water_content,700.0,9.621424715435525e-06,1.0441711470759032e-05
6h_pooled_same_sample,r2p8_w128_di32,specific_cloud_liquid_water_content,750.0,1.3213430032846086e-05,1.429178781459147e-05
6h_pooled_same_sample,r2p8_w128_di32,specific_cloud_liquid_water_content,775.0,1.5373633486289155e-05,1.677172522683063e-05
6h_pooled_same_sample,r2p8_w128_di32,specific_cloud_liquid_water_content,800.0,1.832432277643835e-05,2.3514265171662232e-05
6h_pooled_same_sample,r2p8_w128_di32,specific_cloud_liquid_water_content,825.0,2.47613582285206e-05,3.590100506878426e-05
6h_pooled_same_sample,r2p8_w128_di32,specific_cloud_liquid_water_content,850.0,3.0263279210385326e-05,6.127745818180718e-05
6h_pooled_same_sample,r2p8_w128_di32,specific_cloud_liquid_water_content,875.0,3.1935614387939936e-05,9.508850367289869e-05
6h_pooled_same_sample,r2p8_w128_di32,specific_cloud_liquid_water_content,900.0,2.9363745569874905e-05,7.851593939337235e-05
6h_pooled_same_sample,r2p8_w128_di32,specific_cloud_liquid_water_content,925.0,2.429307462334922e-05,4.2483422291024794e-05
6h_pooled_same_sample,r2p8_w128_di32,specific_cloud_liquid_water_content,950.0,1.725513350610342e-05,4.2670209047663826e-05
6h_pooled_same_sample,r2p8_w128_di32,specific_cloud_liquid_water_content,975.0,1.068861512494322e-05,3.497726639629718e-05
6h_pooled_same_sample,r2p8_w128_di32,specific_cloud_liquid_water_content,1000.0,6.43913117421949e-06,1.1016852514771595e-05
6h_pooled_same_sample,r2p8_w256_di16,temperature,1.0,0.0002451553914795287,0.0009988673784280852
6h_pooled_same_sample,r2p8_w256_di16,temperature,2.0,0.0003224972481878142,0.004862441637919888
6h_pooled_same_sample,r2p8_w256_di16,temperature,3.0,0.0003167838007293471,0.009216028747136028
6h_pooled_same_sample,r2p8_w256_di16,temperature,5.0,0.0002992243945700377,0.0117367756314753
6h_pooled_same_sample,r2p8_w256_di16,temperature,7.0,0.00027919159395867427,0.011630124179366463
6h_pooled_same_sample,r2p8_w256_di16,temperature,10.0,0.00022599930411683626,0.01136928404025995
6h_pooled_same_sample,r2p8_w256_di16,temperature,20.0,0.0003410776569400292,0.003033708478626617
6h_pooled_same_sample,r2p8_w256_di16,temperature,30.0,0.00037867328346832384,0.0005026701859204848
6h_pooled_same_sample,r2p8_w256_di16,temperature,50.0,6.209213334980796e-05,0.005113401491609461
6h_pooled_same_sample,r2p8_w256_di16,temperature,70.0,8.461796399124186e-05,0.0008400023125767576
6h_pooled_same_sample,r2p8_w256_di16,temperature,100.0,8.339685148737968e-05,0.0005296286670513294
6h_pooled_same_sample,r2p8_w256_di16,temperature,125.0,6.903596692764931e-05,0.0006413137087862836
6h_pooled_same_sample,r2p8_w256_di16,temperature,150.0,6.657954334100839e-05,0.00029413186216450786
6h_pooled_same_sample,r2p8_w256_di16,temperature,175.0,7.1059967104822e-05,0.00018023522966877117
6h_pooled_same_sample,r2p8_w256_di16,temperature,200.0,8.469369265041648e-05,0.00012563644090433012
6h_pooled_same_sample,r2p8_w256_di16,temperature,225.0,9.916856627789407e-05,0.00015097984112212863
6h_pooled_same_sample,r2p8_w256_di16,temperature,250.0,0.00010783458247830987,0.0001538132205446558
6h_pooled_same_sample,r2p8_w256_di16,temperature,300.0,0.00011948133371018896,0.00017506931026445383
6h_pooled_same_sample,r2p8_w256_di16,temperature,350.0,0.00012941994339684724,0.00018878810041979301
6h_pooled_same_sample,r2p8_w256_di16,temperature,400.0,0.00014494727754368184,0.0001832303273257889
6h_pooled_same_sample,r2p8_w256_di16,temperature,450.0,0.0001632215617617518,0.00019816430042647704
6h_pooled_same_sample,r2p8_w256_di16,temperature,500.0,0.00018106905083556618,0.00021825647674374285
6h_pooled_same_sample,r2p8_w256_di16,temperature,550.0,0.00020829574560310318,0.0002575125928305302
6h_pooled_same_sample,r2p8_w256_di16,temperature,600.0,0.00024048433879942223,0.00029984012186229115
6h_pooled_same_sample,r2p8_w256_di16,temperature,650.0,0.0002805983497126748,0.00036158683032076885
6h_pooled_same_sample,r2p8_w256_di16,temperature,700.0,0.0003271344726242667,0.00040863124182348703
6h_pooled_same_sample,r2p8_w256_di16,temperature,750.0,0.00039964423166946193,0.0005016428445622362
6h_pooled_same_sample,r2p8_w256_di16,temperature,775.0,0.0004399205707617046,0.0005163722797013492
6h_pooled_same_sample,r2p8_w256_di16,temperature,800.0,0.0004966287769898709,0.000646533398193565
6h_pooled_same_sample,r2p8_w256_di16,temperature,825.0,0.0005824262363099906,0.0007535255163394921
6h_pooled_same_sample,r2p8_w256_di16,temperature,850.0,0.000646714701180373,0.0009606360730929075
6h_pooled_same_sample,r2p8_w256_di16,temperature,875.0,0.0006800503747503847,0.0011009277298081764
6h_pooled_same_sample,r2p8_w256_di16,temperature,900.0,0.0006988323771640673,0.0009692981265682358
6h_pooled_same_sample,r2p8_w256_di16,temperature,925.0,0.0007277178447435024,0.0009803926028972077
6h_pooled_same_sample,r2p8_w256_di16,temperature,950.0,0.0007847658133566108,0.0010605029962144046
6h_pooled_same_sample,r2p8_w256_di16,temperature,975.0,0.0008903646408378034,0.0011749643831216704
6h_pooled_same_sample,r2p8_w256_di16,temperature,1000.0,0.0009527258372368424,0.0013422382513633075
6h_pooled_same_sample,r2p8_w256_di16,geopotential,1.0,0.287307030084931,0.008970548819025426
6h_pooled_same_sample,r2p8_w256_di16,geopotential,2.0,0.26798427956383325,0.0034129813307339336
6h_pooled_same_sample,r2p8_w256_di16,geopotential,3.0,0.22859462870041672,0.0028184702062361306
6h_pooled_same_sample,r2p8_w256_di16,geopotential,5.0,0.1433319612324662,0.0022866470998193786
6h_pooled_same_sample,r2p8_w256_di16,geopotential,7.0,0.07989753130265077,0.0014018508669350325
6h_pooled_same_sample,r2p8_w256_di16,geopotential,10.0,0.023997661812281097,0.0008572659566638995
6h_pooled_same_sample,r2p8_w256_di16,geopotential,20.0,0.011886345647197247,0.004844267740845686
6h_pooled_same_sample,r2p8_w256_di16,geopotential,30.0,0.029927074358586585,0.003975429452425425
6h_pooled_same_sample,r2p8_w256_di16,geopotential,50.0,5.632191034589513e-05,0.0009700120598339866
6h_pooled_same_sample,r2p8_w256_di16,geopotential,70.0,6.802612136290862e-05,0.0011739974639714782
6h_pooled_same_sample,r2p8_w256_di16,geopotential,100.0,6.187612071710516e-05,0.000128881730418539
6h_pooled_same_sample,r2p8_w256_di16,geopotential,125.0,6.357763988573539e-05,8.88788055436101e-05
6h_pooled_same_sample,r2p8_w256_di16,geopotential,150.0,6.899516724364023e-05,8.560300777663535e-05
6h_pooled_same_sample,r2p8_w256_di16,geopotential,175.0,7.791573100062586e-05,0.0001155519653432163
6h_pooled_same_sample,r2p8_w256_di16,geopotential,200.0,8.845954258268111e-05,0.00017154908343351282
6h_pooled_same_sample,r2p8_w256_di16,geopotential,225.0,9.541694335541619e-05,0.00017469319530694771
6h_pooled_same_sample,r2p8_w256_di16,geopotential,250.0,0.00010544413438709511,0.0001486303621393703
6h_pooled_same_sample,r2p8_w256_di16,geopotential,300.0,0.00012643543276822581,0.00017192415600122618
6h_pooled_same_sample,r2p8_w256_di16,geopotential,350.0,0.00014036760662520956,0.00023070677858629476
6h_pooled_same_sample,r2p8_w256_di16,geopotential,400.0,0.0001480444361086123,0.00019836983395586264
6h_pooled_same_sample,r2p8_w256_di16,geopotential,450.0,0.00015282943338177553,0.00022113337183707191
6h_pooled_same_sample,r2p8_w256_di16,geopotential,500.0,0.000156384717624906,0.0002121586737507314
6h_pooled_same_sample,r2p8_w256_di16,geopotential,550.0,0.00016024516750823734,0.00021500318992388263
6h_pooled_same_sample,r2p8_w256_di16,geopotential,600.0,0.0001667248027714442,0.00022031131263372923
6h_pooled_same_sample,r2p8_w256_di16,geopotential,650.0,0.00017465837960113607,0.0002351464713614741
6h_pooled_same_sample,r2p8_w256_di16,geopotential,700.0,0.0001866521686366419,0.00026105466366286716
6h_pooled_same_sample,r2p8_w256_di16,geopotential,750.0,0.0001999335881362648,0.00027701427332682446
6h_pooled_same_sample,r2p8_w256_di16,geopotential,775.0,0.00020928104702188323,0.000292301821704881
6h_pooled_same_sample,r2p8_w256_di16,geopotential,800.0,0.00021857472823196746,0.0003035226191433316
6h_pooled_same_sample,r2p8_w256_di16,geopotential,825.0,0.00022976360817309252,0.00031783629303077125
6h_pooled_same_sample,r2p8_w256_di16,geopotential,850.0,0.0002421788072242872,0.0003462305032331269
6h_pooled_same_sample,r2p8_w256_di16,geopotential,875.0,0.00025591869984737726,0.00037282360780361884
6h_pooled_same_sample,r2p8_w256_di16,geopotential,900.0,0.0002746252498810907,0.000399032088079966
6h_pooled_same_sample,r2p8_w256_di16,geopotential,925.0,0.000296169866615917,0.000434080074652348
6h_pooled_same_sample,r2p8_w256_di16,geopotential,950.0,0.0003202259322043037,0.0004883804162951646
6h_pooled_same_sample,r2p8_w256_di16,geopotential,975.0,0.0003542153500494994,0.0005698513283753666
6h_pooled_same_sample,r2p8_w256_di16,geopotential,1000.0,0.00040040023463953824,0.0007559524786545358
6h_pooled_same_sample,r2p8_w256_di16,u_component_of_wind,1.0,0.0005081510534428488,0.0010443319021674288
6h_pooled_same_sample,r2p8_w256_di16,u_component_of_wind,2.0,0.0006400295891355195,0.0009046383201637308
6h_pooled_same_sample,r2p8_w256_di16,u_component_of_wind,3.0,0.0006024109290588478,0.0008648536653622244
6h_pooled_same_sample,r2p8_w256_di16,u_component_of_wind,5.0,0.0004905478578117355,0.0006510781695063391
6h_pooled_same_sample,r2p8_w256_di16,u_component_of_wind,7.0,0.0004666194062137694,0.0006037612503520902
6h_pooled_same_sample,r2p8_w256_di16,u_component_of_wind,10.0,0.0004788211165216009,0.0007350234088256276
6h_pooled_same_sample,r2p8_w256_di16,u_component_of_wind,20.0,0.0003764607013749006,0.0006737203889407165
6h_pooled_same_sample,r2p8_w256_di16,u_component_of_wind,30.0,0.0005523273866155676,0.0007349862434543487
6h_pooled_same_sample,r2p8_w256_di16,u_component_of_wind,50.0,3.976924157115391e-05,0.00029024315963041054
6h_pooled_same_sample,r2p8_w256_di16,u_component_of_wind,70.0,5.521843186021904e-05,0.00010956654120197584
6h_pooled_same_sample,r2p8_w256_di16,u_component_of_wind,100.0,9.171545332552143e-05,0.00019559830006895567
6h_pooled_same_sample,r2p8_w256_di16,u_component_of_wind,125.0,0.00012466264832430377,0.00019887331143339997
6h_pooled_same_sample,r2p8_w256_di16,u_component_of_wind,150.0,0.00015776747569464547,0.00024851283088982444
6h_pooled_same_sample,r2p8_w256_di16,u_component_of_wind,175.0,0.0001872505849770549,0.0002786863108110391
6h_pooled_same_sample,r2p8_w256_di16,u_component_of_wind,200.0,0.0002244124143683329,0.0003751843029992628
6h_pooled_same_sample,r2p8_w256_di16,u_component_of_wind,225.0,0.00027678300871640147,0.00041226276531064883
6h_pooled_same_sample,r2p8_w256_di16,u_component_of_wind,250.0,0.00033045082036278067,0.00047783966115061345
6h_pooled_same_sample,r2p8_w256_di16,u_component_of_wind,300.0,0.0004159711069981816,0.0007233050472351495
6h_pooled_same_sample,r2p8_w256_di16,u_component_of_wind,350.0,0.00044464435098562984,0.0008885951303809565
6h_pooled_same_sample,r2p8_w256_di16,u_component_of_wind,400.0,0.00044739231971317235,0.0006408441564150414
6h_pooled_same_sample,r2p8_w256_di16,u_component_of_wind,450.0,0.0004439023151825373,0.0006063400707899065
6h_pooled_same_sample,r2p8_w256_di16,u_component_of_wind,500.0,0.0004393502196714372,0.0005439538932574639
6h_pooled_same_sample,r2p8_w256_di16,u_component_of_wind,550.0,0.00044946934255012436,0.0005231253759264646
6h_pooled_same_sample,r2p8_w256_di16,u_component_of_wind,600.0,0.0004580706287371803,0.0005252354859948732
6h_pooled_same_sample,r2p8_w256_di16,u_component_of_wind,650.0,0.00047720223590379615,0.0006471613114957064
6h_pooled_same_sample,r2p8_w256_di16,u_component_of_wind,700.0,0.0004935781908631537,0.0006463517576355384
6h_pooled_same_sample,r2p8_w256_di16,u_component_of_wind,750.0,0.0005094335215115081,0.0005777286026297245
6h_pooled_same_sample,r2p8_w256_di16,u_component_of_wind,775.0,0.0005145323521289747,0.0006087913019512197
6h_pooled_same_sample,r2p8_w256_di16,u_component_of_wind,800.0,0.0005217627247550946,0.0006053845992652564
6h_pooled_same_sample,r2p8_w256_di16,u_component_of_wind,825.0,0.0005276817293476346,0.0006225002158679466
6h_pooled_same_sample,r2p8_w256_di16,u_component_of_wind,850.0,0.0005261921586863581,0.0006185682595343626
6h_pooled_same_sample,r2p8_w256_di16,u_component_of_wind,875.0,0.0005202890096623287,0.0006260284863931695
6h_pooled_same_sample,r2p8_w256_di16,u_component_of_wind,900.0,0.0005171033496211685,0.0006338292781948679
6h_pooled_same_sample,r2p8_w256_di16,u_component_of_wind,925.0,0.0005206752199664343,0.0006456973097171861
6h_pooled_same_sample,r2p8_w256_di16,u_component_of_wind,950.0,0.0005104243348225124,0.000663676989272975
6h_pooled_same_sample,r2p8_w256_di16,u_component_of_wind,975.0,0.0004658580506441163,0.0006389998390683224
6h_pooled_same_sample,r2p8_w256_di16,u_component_of_wind,1000.0,0.00039813971100335357,0.0006076994645914125
6h_pooled_same_sample,r2p8_w256_di16,v_component_of_wind,1.0,5.8170461603254996e-05,6.73119637159084e-05
6h_pooled_same_sample,r2p8_w256_di16,v_component_of_wind,2.0,7.111515695015947e-05,8.87481311913999e-05
6h_pooled_same_sample,r2p8_w256_di16,v_component_of_wind,3.0,7.627854061099346e-05,0.00010412863203654793
6h_pooled_same_sample,r2p8_w256_di16,v_component_of_wind,5.0,7.992021038774376e-05,0.00010747466060102041
6h_pooled_same_sample,r2p8_w256_di16,v_component_of_wind,7.0,8.461579223773546e-05,0.00011122835748214553
6h_pooled_same_sample,r2p8_w256_di16,v_component_of_wind,10.0,8.365888901324955e-05,0.00010922094632538185
6h_pooled_same_sample,r2p8_w256_di16,v_component_of_wind,20.0,9.628224580392884e-05,0.00011869487395479312
6h_pooled_same_sample,r2p8_w256_di16,v_component_of_wind,30.0,0.00012015278484409784,0.00016374590303904363
6h_pooled_same_sample,r2p8_w256_di16,v_component_of_wind,50.0,2.828877345474237e-05,0.00012928022789103616
6h_pooled_same_sample,r2p8_w256_di16,v_component_of_wind,70.0,4.132839955079401e-05,0.0012205575272833916
6h_pooled_same_sample,r2p8_w256_di16,v_component_of_wind,100.0,6.638534314511772e-05,0.00018861924630238593
6h_pooled_same_sample,r2p8_w256_di16,v_component_of_wind,125.0,8.94654670669175e-05,0.00023005238843859586
6h_pooled_same_sample,r2p8_w256_di16,v_component_of_wind,150.0,0.00010920835519646114,0.00021854074373667948
6h_pooled_same_sample,r2p8_w256_di16,v_component_of_wind,175.0,0.00012698721279172224,0.00019602575303882854
6h_pooled_same_sample,r2p8_w256_di16,v_component_of_wind,200.0,0.0001516607160263113,0.00020414681325312122
6h_pooled_same_sample,r2p8_w256_di16,v_component_of_wind,225.0,0.00019295496553826112,0.00028970362010290857
6h_pooled_same_sample,r2p8_w256_di16,v_component_of_wind,250.0,0.00023867145688586582,0.00042052099078874723
6h_pooled_same_sample,r2p8_w256_di16,v_component_of_wind,300.0,0.000322474110598171,0.0005947930881724682
6h_pooled_same_sample,r2p8_w256_di16,v_component_of_wind,350.0,0.00035581169734226074,0.0005879970006166748
6h_pooled_same_sample,r2p8_w256_di16,v_component_of_wind,400.0,0.0003601217493874176,0.0004913982643649396
6h_pooled_same_sample,r2p8_w256_di16,v_component_of_wind,450.0,0.0003542247570431496,0.00048723870084666377
6h_pooled_same_sample,r2p8_w256_di16,v_component_of_wind,500.0,0.0003473363705637881,0.000451309863826377
6h_pooled_same_sample,r2p8_w256_di16,v_component_of_wind,550.0,0.00035178330071310697,0.00042956287031171774
6h_pooled_same_sample,r2p8_w256_di16,v_component_of_wind,600.0,0.0003558961365781671,0.00043851950389922015
6h_pooled_same_sample,r2p8_w256_di16,v_component_of_wind,650.0,0.00036788256049066667,0.0005200211071477221
6h_pooled_same_sample,r2p8_w256_di16,v_component_of_wind,700.0,0.0003804866963031384,0.0004727183567249115
6h_pooled_same_sample,r2p8_w256_di16,v_component_of_wind,750.0,0.00039353926049861475,0.0004945665356316651
6h_pooled_same_sample,r2p8_w256_di16,v_component_of_wind,775.0,0.0003990911356387152,0.0005470684289479498
6h_pooled_same_sample,r2p8_w256_di16,v_component_of_wind,800.0,0.0004055167032298552,0.0006385201718010253
6h_pooled_same_sample,r2p8_w256_di16,v_component_of_wind,825.0,0.00041153408066818797,0.0005696364597471559
6h_pooled_same_sample,r2p8_w256_di16,v_component_of_wind,850.0,0.0004137727594554997,0.0005793363980197959
6h_pooled_same_sample,r2p8_w256_di16,v_component_of_wind,875.0,0.0004136325584712492,0.000577004270367271
6h_pooled_same_sample,r2p8_w256_di16,v_component_of_wind,900.0,0.000416862964143237,0.0005589242705078996
6h_pooled_same_sample,r2p8_w256_di16,v_component_of_wind,925.0,0.0004186090596672043,0.0005488245723513804
6h_pooled_same_sample,r2p8_w256_di16,v_component_of_wind,950.0,0.0004103776640732968,0.0005479426297588461
6h_pooled_same_sample,r2p8_w256_di16,v_component_of_wind,975.0,0.0003707196979626252,0.0005427520876009063
6h_pooled_same_sample,r2p8_w256_di16,v_component_of_wind,1000.0,0.00031010030821430754,0.00044633331462903277
6h_pooled_same_sample,r2p8_w256_di16,specific_humidity,1.0,0.0014843645263186763,0.00021162329721187477
6h_pooled_same_sample,r2p8_w256_di16,specific_humidity,2.0,0.003647573187067231,0.00032257090919154437
6h_pooled_same_sample,r2p8_w256_di16,specific_humidity,3.0,0.00403076239346366,0.0003540218830439154
6h_pooled_same_sample,r2p8_w256_di16,specific_humidity,5.0,0.003239979536272433,0.001197704388989526
6h_pooled_same_sample,r2p8_w256_di16,specific_humidity,7.0,0.002659069658259463,0.002661235992727521
6h_pooled_same_sample,r2p8_w256_di16,specific_humidity,10.0,0.002290627059311612,0.006420551223375958
6h_pooled_same_sample,r2p8_w256_di16,specific_humidity,20.0,0.001431196422456499,0.014056139695393011
6h_pooled_same_sample,r2p8_w256_di16,specific_humidity,30.0,0.0014380467280448997,0.004131377639793963
6h_pooled_same_sample,r2p8_w256_di16,specific_humidity,50.0,2.6768621505747283e-05,0.019523051655961552
6h_pooled_same_sample,r2p8_w256_di16,specific_humidity,70.0,6.677046180959102e-05,0.0017415136768762455
6h_pooled_same_sample,r2p8_w256_di16,specific_humidity,100.0,0.00012504605180078398,0.0003121097542475726
6h_pooled_same_sample,r2p8_w256_di16,specific_humidity,125.0,0.00012909884135779088,0.0003708802314531172
6h_pooled_same_sample,r2p8_w256_di16,specific_humidity,150.0,0.00014106418335068876,0.0004357802720433742
6h_pooled_same_sample,r2p8_w256_di16,specific_humidity,175.0,0.00015488171151800128,0.00038450774038196854
6h_pooled_same_sample,r2p8_w256_di16,specific_humidity,200.0,0.00018282697075395625,0.00036399125461388567
6h_pooled_same_sample,r2p8_w256_di16,specific_humidity,225.0,0.00021761668028855407,0.0003577788253471225
6h_pooled_same_sample,r2p8_w256_di16,specific_humidity,250.0,0.00025208702789052394,0.0004479397384281082
6h_pooled_same_sample,r2p8_w256_di16,specific_humidity,300.0,0.0003212971414094149,0.000794998495223462
6h_pooled_same_sample,r2p8_w256_di16,specific_humidity,350.0,0.0003820914508169698,0.0007487342068064826
6h_pooled_same_sample,r2p8_w256_di16,specific_humidity,400.0,0.00042531109626838426,0.0008492195152804117
6h_pooled_same_sample,r2p8_w256_di16,specific_humidity,450.0,0.0004761089376426425,0.0007146677742609157
6h_pooled_same_sample,r2p8_w256_di16,specific_humidity,500.0,0.0005185051053022326,0.0006832434332527905
6h_pooled_same_sample,r2p8_w256_di16,specific_humidity,550.0,0.0005768950222297796,0.0007063246253719508
6h_pooled_same_sample,r2p8_w256_di16,specific_humidity,600.0,0.0006287692475665422,0.0008674592086213194
6h_pooled_same_sample,r2p8_w256_di16,specific_humidity,650.0,0.0006989876229570684,0.0009706102584589839
6h_pooled_same_sample,r2p8_w256_di16,specific_humidity,700.0,0.000733108522752233,0.0011176962785095159
6h_pooled_same_sample,r2p8_w256_di16,specific_humidity,750.0,0.0007776554074339717,0.0010903763475870422
6h_pooled_same_sample,r2p8_w256_di16,specific_humidity,775.0,0.0007933839363886807,0.0010454428658349924
6h_pooled_same_sample,r2p8_w256_di16,specific_humidity,800.0,0.0008254084140659314,0.001086657876442837
6h_pooled_same_sample,r2p8_w256_di16,specific_humidity,825.0,0.0008703311970425289,0.001145347573911171
6h_pooled_same_sample,r2p8_w256_di16,specific_humidity,850.0,0.0009138324846020862,0.00121016875607714
6h_pooled_same_sample,r2p8_w256_di16,specific_humidity,875.0,0.0009762536370282218,0.0012888282691820585
6h_pooled_same_sample,r2p8_w256_di16,specific_humidity,900.0,0.0010695697571128297,0.001365943008817001
6h_pooled_same_sample,r2p8_w256_di16,specific_humidity,925.0,0.0010745780185413098,0.0013251186902709653
6h_pooled_same_sample,r2p8_w256_di16,specific_humidity,950.0,0.0009998960925554478,0.0012665056340467877
6h_pooled_same_sample,r2p8_w256_di16,specific_humidity,975.0,0.001015186301101773,0.001225781735991959
6h_pooled_same_sample,r2p8_w256_di16,specific_humidity,1000.0,0.0010046822324118433,0.0012913625209794298
6h_pooled_same_sample,r2p8_w256_di16,specific_cloud_ice_water_content,1.0,9.46495414129706e-10,1.1434770525546635e-09
6h_pooled_same_sample,r2p8_w256_di16,specific_cloud_ice_water_content,2.0,1.8543586688846184e-09,2.269609965991999e-09
6h_pooled_same_sample,r2p8_w256_di16,specific_cloud_ice_water_content,3.0,2.7800397211443525e-09,3.4144250060419342e-09
6h_pooled_same_sample,r2p8_w256_di16,specific_cloud_ice_water_content,5.0,4.59320489119202e-09,5.688429228051378e-09
6h_pooled_same_sample,r2p8_w256_di16,specific_cloud_ice_water_content,7.0,6.464020626840465e-09,7.969831899566283e-09
6h_pooled_same_sample,r2p8_w256_di16,specific_cloud_ice_water_content,10.0,9.334388498824243e-09,1.1357827892884948e-08
6h_pooled_same_sample,r2p8_w256_di16,specific_cloud_ice_water_content,20.0,1.3164034645840504e-08,1.6829805002697512e-08
6h_pooled_same_sample,r2p8_w256_di16,specific_cloud_ice_water_content,30.0,1.4190871204094802e-08,1.9202364560964532e-08
6h_pooled_same_sample,r2p8_w256_di16,specific_cloud_ice_water_content,50.0,1.3857990898912608e-08,2.5305628467378006e-08
6h_pooled_same_sample,r2p8_w256_di16,specific_cloud_ice_water_content,70.0,1.6062587246510374e-08,2.8723157978616292e-08
6h_pooled_same_sample,r2p8_w256_di16,specific_cloud_ice_water_content,100.0,6.497155994790407e-08,9.504131971808658e-08
6h_pooled_same_sample,r2p8_w256_di16,specific_cloud_ice_water_content,125.0,4.2576172011691253e-07,4.900666119836068e-07
6h_pooled_same_sample,r2p8_w256_di16,specific_cloud_ice_water_content,150.0,1.4047137437970066e-06,1.5595763873464088e-06
6h_pooled_same_sample,r2p8_w256_di16,specific_cloud_ice_water_content,175.0,2.778591963573843e-06,3.204122372012286e-06
6h_pooled_same_sample,r2p8_w256_di16,specific_cloud_ice_water_content,200.0,4.539427354695348e-06,5.639801911572283e-06
6h_pooled_same_sample,r2p8_w256_di16,specific_cloud_ice_water_content,225.0,6.6404325474226385e-06,9.33755271601714e-06
6h_pooled_same_sample,r2p8_w256_di16,specific_cloud_ice_water_content,250.0,8.166439598192322e-06,1.4143959292385645e-05
6h_pooled_same_sample,r2p8_w256_di16,specific_cloud_ice_water_content,300.0,9.354969003900813e-06,1.807419248390854e-05
6h_pooled_same_sample,r2p8_w256_di16,specific_cloud_ice_water_content,350.0,9.725956578013289e-06,1.6111078068326074e-05
6h_pooled_same_sample,r2p8_w256_di16,specific_cloud_ice_water_content,400.0,8.393362981035338e-06,1.190686823795008e-05
6h_pooled_same_sample,r2p8_w256_di16,specific_cloud_ice_water_content,450.0,6.890552646874014e-06,9.237012599012208e-06
6h_pooled_same_sample,r2p8_w256_di16,specific_cloud_ice_water_content,500.0,5.449798193830943e-06,6.973431818050888e-06
6h_pooled_same_sample,r2p8_w256_di16,specific_cloud_ice_water_content,550.0,3.993015697375253e-06,5.063135541025841e-06
6h_pooled_same_sample,r2p8_w256_di16,specific_cloud_ice_water_content,600.0,3.038783624915132e-06,3.7954229925680424e-06
6h_pooled_same_sample,r2p8_w256_di16,specific_cloud_ice_water_content,650.0,2.4317079816236945e-06,2.981654428151679e-06
6h_pooled_same_sample,r2p8_w256_di16,specific_cloud_ice_water_content,700.0,1.954629173579293e-06,2.3298055897313905e-06
6h_pooled_same_sample,r2p8_w256_di16,specific_cloud_ice_water_content,750.0,1.6452987369520327e-06,1.9813265436818927e-06
6h_pooled_same_sample,r2p8_w256_di16,specific_cloud_ice_water_content,775.0,1.6740002612612205e-06,1.9696447168416727e-06
6h_pooled_same_sample,r2p8_w256_di16,specific_cloud_ice_water_content,800.0,1.7256386962062875e-06,2.101376478978527e-06
6h_pooled_same_sample,r2p8_w256_di16,specific_cloud_ice_water_content,825.0,1.7201151781087733e-06,1.9969116521211768e-06
6h_pooled_same_sample,r2p8_w256_di16,specific_cloud_ice_water_content,850.0,1.5431291111627889e-06,1.7683751048049991e-06
6h_pooled_same_sample,r2p8_w256_di16,specific_cloud_ice_water_content,875.0,1.2842291002084159e-06,1.4253702399657491e-06
6h_pooled_same_sample,r2p8_w256_di16,specific_cloud_ice_water_content,900.0,1.0768811718909556e-06,1.2881849807424667e-06
6h_pooled_same_sample,r2p8_w256_di16,specific_cloud_ice_water_content,925.0,8.891645556989182e-07,1.1405258685179485e-06
6h_pooled_same_sample,r2p8_w256_di16,specific_cloud_ice_water_content,950.0,6.652963535823982e-07,8.791511962874129e-07
6h_pooled_same_sample,r2p8_w256_di16,specific_cloud_ice_water_content,975.0,4.7030993300039334e-07,5.652098343569668e-07
6h_pooled_same_sample,r2p8_w256_di16,specific_cloud_ice_water_content,1000.0,4.0142602907702183e-07,4.923324966947726e-07
6h_pooled_same_sample,r2p8_w256_di16,specific_cloud_liquid_water_content,1.0,7.360278393111233e-10,1.186090097756843e-09
6h_pooled_same_sample,r2p8_w256_di16,specific_cloud_liquid_water_content,2.0,1.4759062480671758e-09,2.3799602131111955e-09
6h_pooled_same_sample,r2p8_w256_di16,specific_cloud_liquid_water_content,3.0,2.18692772986035e-09,3.560635116175398e-09
6h_pooled_same_sample,r2p8_w256_di16,specific_cloud_liquid_water_content,5.0,3.6795359265159282e-09,5.969201737794432e-09
6h_pooled_same_sample,r2p8_w256_di16,specific_cloud_liquid_water_content,7.0,5.2177766736950964e-09,8.349376065337901e-09
6h_pooled_same_sample,r2p8_w256_di16,specific_cloud_liquid_water_content,10.0,7.300949355594764e-09,1.1822430503536445e-08
6h_pooled_same_sample,r2p8_w256_di16,specific_cloud_liquid_water_content,20.0,1.1300331687472059e-08,1.8001598833149686e-08
6h_pooled_same_sample,r2p8_w256_di16,specific_cloud_liquid_water_content,30.0,1.2392464236008256e-08,2.1716035680238252e-08
6h_pooled_same_sample,r2p8_w256_di16,specific_cloud_liquid_water_content,50.0,1.9378602083599693e-08,5.464702566021528e-08
6h_pooled_same_sample,r2p8_w256_di16,specific_cloud_liquid_water_content,70.0,1.782901667943005e-08,8.934800774245269e-08
6h_pooled_same_sample,r2p8_w256_di16,specific_cloud_liquid_water_content,100.0,2.4381066691747565e-08,9.364328938372472e-08
6h_pooled_same_sample,r2p8_w256_di16,specific_cloud_liquid_water_content,125.0,2.6179661208324062e-08,6.884948033413661e-08
6h_pooled_same_sample,r2p8_w256_di16,specific_cloud_liquid_water_content,150.0,3.603257024170371e-08,9.070356292519377e-08
6h_pooled_same_sample,r2p8_w256_di16,specific_cloud_liquid_water_content,175.0,5.160289786595248e-08,8.534588896644287e-08
6h_pooled_same_sample,r2p8_w256_di16,specific_cloud_liquid_water_content,200.0,7.025502254340462e-08,1.171035534990417e-07
6h_pooled_same_sample,r2p8_w256_di16,specific_cloud_liquid_water_content,225.0,6.843628232916609e-08,9.27787836882554e-08
6h_pooled_same_sample,r2p8_w256_di16,specific_cloud_liquid_water_content,250.0,8.365684956675622e-08,1.2473047288874484e-07
6h_pooled_same_sample,r2p8_w256_di16,specific_cloud_liquid_water_content,300.0,1.625082522188148e-07,2.128505490541813e-07
6h_pooled_same_sample,r2p8_w256_di16,specific_cloud_liquid_water_content,350.0,2.944927031295475e-07,3.846428842334525e-07
6h_pooled_same_sample,r2p8_w256_di16,specific_cloud_liquid_water_content,400.0,6.565565802672662e-07,8.415679401151562e-07
6h_pooled_same_sample,r2p8_w256_di16,specific_cloud_liquid_water_content,450.0,1.6779212032537872e-06,1.954989850661263e-06
6h_pooled_same_sample,r2p8_w256_di16,specific_cloud_liquid_water_content,500.0,4.095075493857253e-06,4.631928929762316e-06
6h_pooled_same_sample,r2p8_w256_di16,specific_cloud_liquid_water_content,550.0,7.598127342680965e-06,8.073408851090552e-06
6h_pooled_same_sample,r2p8_w256_di16,specific_cloud_liquid_water_content,600.0,6.657981192829257e-06,7.295913576774492e-06
6h_pooled_same_sample,r2p8_w256_di16,specific_cloud_liquid_water_content,650.0,7.2854042193876225e-06,7.974203883930169e-06
6h_pooled_same_sample,r2p8_w256_di16,specific_cloud_liquid_water_content,700.0,9.621424715435525e-06,1.0561577014551729e-05
6h_pooled_same_sample,r2p8_w256_di16,specific_cloud_liquid_water_content,750.0,1.3213430032846086e-05,1.4332946541119641e-05
6h_pooled_same_sample,r2p8_w256_di16,specific_cloud_liquid_water_content,775.0,1.5373633486289155e-05,1.6759630349580736e-05
6h_pooled_same_sample,r2p8_w256_di16,specific_cloud_liquid_water_content,800.0,1.832432277643835e-05,2.3576965592794272e-05
6h_pooled_same_sample,r2p8_w256_di16,specific_cloud_liquid_water_content,825.0,2.47613582285206e-05,3.374117830205354e-05
6h_pooled_same_sample,r2p8_w256_di16,specific_cloud_liquid_water_content,850.0,3.0263279210385326e-05,5.871068811256636e-05
6h_pooled_same_sample,r2p8_w256_di16,specific_cloud_liquid_water_content,875.0,3.1935614387939936e-05,0.00010448234519921172
6h_pooled_same_sample,r2p8_w256_di16,specific_cloud_liquid_water_content,900.0,2.9363745569874905e-05,7.854129378054628e-05
6h_pooled_same_sample,r2p8_w256_di16,specific_cloud_liquid_water_content,925.0,2.429307462334922e-05,4.2715879626764216e-05
6h_pooled_same_sample,r2p8_w256_di16,specific_cloud_liquid_water_content,950.0,1.725513350610342e-05,4.5749850913685764e-05
6h_pooled_same_sample,r2p8_w256_di16,specific_cloud_liquid_water_content,975.0,1.068861512494322e-05,2.770563715933686e-05
6h_pooled_same_sample,r2p8_w256_di16,specific_cloud_liquid_water_content,1000.0,6.43913117421949e-06,9.263895368046215e-06
6h_pooled_same_sample,r2p8_w256_di32,temperature,1.0,0.0002451553914795287,0.001012938985596744
6h_pooled_same_sample,r2p8_w256_di32,temperature,2.0,0.0003224972481878142,0.004916737459354992
6h_pooled_same_sample,r2p8_w256_di32,temperature,3.0,0.0003167838007293471,0.009318232079164638
6h_pooled_same_sample,r2p8_w256_di32,temperature,5.0,0.0002992243945700377,0.011866297475728305
6h_pooled_same_sample,r2p8_w256_di32,temperature,7.0,0.00027919159395867427,0.011739043673964236
6h_pooled_same_sample,r2p8_w256_di32,temperature,10.0,0.00022599930411683626,0.011447503986951617
6h_pooled_same_sample,r2p8_w256_di32,temperature,20.0,0.0003410776569400292,0.0030295111731404316
6h_pooled_same_sample,r2p8_w256_di32,temperature,30.0,0.00037867328346832384,0.0005083006533593411
6h_pooled_same_sample,r2p8_w256_di32,temperature,50.0,6.209213334980796e-05,0.005073968080636092
6h_pooled_same_sample,r2p8_w256_di32,temperature,70.0,8.461796399124186e-05,0.0009314797803935068
6h_pooled_same_sample,r2p8_w256_di32,temperature,100.0,8.339685148737968e-05,0.0005405598878941767
6h_pooled_same_sample,r2p8_w256_di32,temperature,125.0,6.903596692764931e-05,0.0006946109392920808
6h_pooled_same_sample,r2p8_w256_di32,temperature,150.0,6.657954334100839e-05,0.0003184200609057538
6h_pooled_same_sample,r2p8_w256_di32,temperature,175.0,7.1059967104822e-05,0.00018779434177166525
6h_pooled_same_sample,r2p8_w256_di32,temperature,200.0,8.469369265041648e-05,0.00012500545679347834
6h_pooled_same_sample,r2p8_w256_di32,temperature,225.0,9.916856627789407e-05,0.00015214858043746885
6h_pooled_same_sample,r2p8_w256_di32,temperature,250.0,0.00010783458247830987,0.00015577890532494405
6h_pooled_same_sample,r2p8_w256_di32,temperature,300.0,0.00011948133371018896,0.0001774010348250577
6h_pooled_same_sample,r2p8_w256_di32,temperature,350.0,0.00012941994339684724,0.00019014721267335142
6h_pooled_same_sample,r2p8_w256_di32,temperature,400.0,0.00014494727754368184,0.0001835559714531113
6h_pooled_same_sample,r2p8_w256_di32,temperature,450.0,0.0001632215617617518,0.00019873713956505154
6h_pooled_same_sample,r2p8_w256_di32,temperature,500.0,0.00018106905083556618,0.00021852450909789657
6h_pooled_same_sample,r2p8_w256_di32,temperature,550.0,0.00020829574560310318,0.0002575839967331592
6h_pooled_same_sample,r2p8_w256_di32,temperature,600.0,0.00024048433879942223,0.00029900465432533774
6h_pooled_same_sample,r2p8_w256_di32,temperature,650.0,0.0002805983497126748,0.00035865149713826765
6h_pooled_same_sample,r2p8_w256_di32,temperature,700.0,0.0003271344726242667,0.00041196732380570215
6h_pooled_same_sample,r2p8_w256_di32,temperature,750.0,0.00039964423166946193,0.0005028273411270893
6h_pooled_same_sample,r2p8_w256_di32,temperature,775.0,0.0004399205707617046,0.0005194904228070925
6h_pooled_same_sample,r2p8_w256_di32,temperature,800.0,0.0004966287769898709,0.0006493288856643575
6h_pooled_same_sample,r2p8_w256_di32,temperature,825.0,0.0005824262363099906,0.0007549970424156274
6h_pooled_same_sample,r2p8_w256_di32,temperature,850.0,0.000646714701180373,0.0009514008229960369
6h_pooled_same_sample,r2p8_w256_di32,temperature,875.0,0.0006800503747503847,0.0010971912700687956
6h_pooled_same_sample,r2p8_w256_di32,temperature,900.0,0.0006988323771640673,0.0009741086876904326
6h_pooled_same_sample,r2p8_w256_di32,temperature,925.0,0.0007277178447435024,0.0009941471416773653
6h_pooled_same_sample,r2p8_w256_di32,temperature,950.0,0.0007847658133566108,0.0010757859063874162
6h_pooled_same_sample,r2p8_w256_di32,temperature,975.0,0.0008903646408378034,0.0011973642785609627
6h_pooled_same_sample,r2p8_w256_di32,temperature,1000.0,0.0009527258372368424,0.001393431175111535
6h_pooled_same_sample,r2p8_w256_di32,geopotential,1.0,0.287307030084931,0.008534490020108072
6h_pooled_same_sample,r2p8_w256_di32,geopotential,2.0,0.26798427956383325,0.003201191582075045
6h_pooled_same_sample,r2p8_w256_di32,geopotential,3.0,0.22859462870041672,0.0026333085498136967
6h_pooled_same_sample,r2p8_w256_di32,geopotential,5.0,0.1433319612324662,0.0021422433309611633
6h_pooled_same_sample,r2p8_w256_di32,geopotential,7.0,0.07989753130265077,0.0013239390402523326
6h_pooled_same_sample,r2p8_w256_di32,geopotential,10.0,0.023997661812281097,0.0008617125166830763
6h_pooled_same_sample,r2p8_w256_di32,geopotential,20.0,0.011886345647197247,0.004852154770841498
6h_pooled_same_sample,r2p8_w256_di32,geopotential,30.0,0.029927074358586585,0.003910250952841089
6h_pooled_same_sample,r2p8_w256_di32,geopotential,50.0,5.632191034589513e-05,0.0009769656209284623
6h_pooled_same_sample,r2p8_w256_di32,geopotential,70.0,6.802612136290862e-05,0.001224888037420878
6h_pooled_same_sample,r2p8_w256_di32,geopotential,100.0,6.187612071710516e-05,0.00012945120327270806
6h_pooled_same_sample,r2p8_w256_di32,geopotential,125.0,6.357763988573539e-05,9.076503183943928e-05
6h_pooled_same_sample,r2p8_w256_di32,geopotential,150.0,6.899516724364023e-05,8.673957511485188e-05
6h_pooled_same_sample,r2p8_w256_di32,geopotential,175.0,7.791573100062586e-05,0.00011599478106020307
6h_pooled_same_sample,r2p8_w256_di32,geopotential,200.0,8.845954258268111e-05,0.00017903780779751226
6h_pooled_same_sample,r2p8_w256_di32,geopotential,225.0,9.541694335541619e-05,0.00018294918005520535
6h_pooled_same_sample,r2p8_w256_di32,geopotential,250.0,0.00010544413438709511,0.00015346722440926497
6h_pooled_same_sample,r2p8_w256_di32,geopotential,300.0,0.00012643543276822581,0.00017266915588707365
6h_pooled_same_sample,r2p8_w256_di32,geopotential,350.0,0.00014036760662520956,0.00023621983077286895
6h_pooled_same_sample,r2p8_w256_di32,geopotential,400.0,0.0001480444361086123,0.00020006695054927467
6h_pooled_same_sample,r2p8_w256_di32,geopotential,450.0,0.00015282943338177553,0.000224156793066762
6h_pooled_same_sample,r2p8_w256_di32,geopotential,500.0,0.000156384717624906,0.00021399342335923528
6h_pooled_same_sample,r2p8_w256_di32,geopotential,550.0,0.00016024516750823734,0.00021750920884551625
6h_pooled_same_sample,r2p8_w256_di32,geopotential,600.0,0.0001667248027714442,0.0002222225888741942
6h_pooled_same_sample,r2p8_w256_di32,geopotential,650.0,0.00017465837960113607,0.00023620387505281283
6h_pooled_same_sample,r2p8_w256_di32,geopotential,700.0,0.0001866521686366419,0.00026382611466837656
6h_pooled_same_sample,r2p8_w256_di32,geopotential,750.0,0.0001999335881362648,0.00027758283352313486
6h_pooled_same_sample,r2p8_w256_di32,geopotential,775.0,0.00020928104702188323,0.00029308167644850165
6h_pooled_same_sample,r2p8_w256_di32,geopotential,800.0,0.00021857472823196746,0.00030425689591345706
6h_pooled_same_sample,r2p8_w256_di32,geopotential,825.0,0.00022976360817309252,0.00031878451411932514
6h_pooled_same_sample,r2p8_w256_di32,geopotential,850.0,0.0002421788072242872,0.0003465064100276784
6h_pooled_same_sample,r2p8_w256_di32,geopotential,875.0,0.00025591869984737726,0.0003727304492036547
6h_pooled_same_sample,r2p8_w256_di32,geopotential,900.0,0.0002746252498810907,0.0004001633861506821
6h_pooled_same_sample,r2p8_w256_di32,geopotential,925.0,0.000296169866615917,0.00043376594310798246
6h_pooled_same_sample,r2p8_w256_di32,geopotential,950.0,0.0003202259322043037,0.00048651631042811083
6h_pooled_same_sample,r2p8_w256_di32,geopotential,975.0,0.0003542153500494994,0.0005682702008887991
6h_pooled_same_sample,r2p8_w256_di32,geopotential,1000.0,0.00040040023463953824,0.0007603645964656255
6h_pooled_same_sample,r2p8_w256_di32,u_component_of_wind,1.0,0.0005081510534428488,0.001042478963715033
6h_pooled_same_sample,r2p8_w256_di32,u_component_of_wind,2.0,0.0006400295891355195,0.0008996014849508965
6h_pooled_same_sample,r2p8_w256_di32,u_component_of_wind,3.0,0.0006024109290588478,0.0008602652593430423
6h_pooled_same_sample,r2p8_w256_di32,u_component_of_wind,5.0,0.0004905478578117355,0.0006566257449555755
6h_pooled_same_sample,r2p8_w256_di32,u_component_of_wind,7.0,0.0004666194062137694,0.0006080936116525642
6h_pooled_same_sample,r2p8_w256_di32,u_component_of_wind,10.0,0.0004788211165216009,0.0007351682334184275
6h_pooled_same_sample,r2p8_w256_di32,u_component_of_wind,20.0,0.0003764607013749006,0.0006729297933768542
6h_pooled_same_sample,r2p8_w256_di32,u_component_of_wind,30.0,0.0005523273866155676,0.0007388646283497567
6h_pooled_same_sample,r2p8_w256_di32,u_component_of_wind,50.0,3.976924157115391e-05,0.00030578066431143346
6h_pooled_same_sample,r2p8_w256_di32,u_component_of_wind,70.0,5.521843186021904e-05,0.00010917223841098841
6h_pooled_same_sample,r2p8_w256_di32,u_component_of_wind,100.0,9.171545332552143e-05,0.00019097247234610442
6h_pooled_same_sample,r2p8_w256_di32,u_component_of_wind,125.0,0.00012466264832430377,0.00019137305899559552
6h_pooled_same_sample,r2p8_w256_di32,u_component_of_wind,150.0,0.00015776747569464547,0.00025166702582005
6h_pooled_same_sample,r2p8_w256_di32,u_component_of_wind,175.0,0.0001872505849770549,0.00027235582912119813
6h_pooled_same_sample,r2p8_w256_di32,u_component_of_wind,200.0,0.0002244124143683329,0.00037422553853498993
6h_pooled_same_sample,r2p8_w256_di32,u_component_of_wind,225.0,0.00027678300871640147,0.0004071032780989214
6h_pooled_same_sample,r2p8_w256_di32,u_component_of_wind,250.0,0.00033045082036278067,0.00048309645508481816
6h_pooled_same_sample,r2p8_w256_di32,u_component_of_wind,300.0,0.0004159711069981816,0.000746888966495103
6h_pooled_same_sample,r2p8_w256_di32,u_component_of_wind,350.0,0.00044464435098562984,0.0009092485082450526
6h_pooled_same_sample,r2p8_w256_di32,u_component_of_wind,400.0,0.00044739231971317235,0.0006515347306394746
6h_pooled_same_sample,r2p8_w256_di32,u_component_of_wind,450.0,0.0004439023151825373,0.0006094045851203064
6h_pooled_same_sample,r2p8_w256_di32,u_component_of_wind,500.0,0.0004393502196714372,0.0005461634335641168
6h_pooled_same_sample,r2p8_w256_di32,u_component_of_wind,550.0,0.00044946934255012436,0.000524730892242609
6h_pooled_same_sample,r2p8_w256_di32,u_component_of_wind,600.0,0.0004580706287371803,0.0005276171391715226
6h_pooled_same_sample,r2p8_w256_di32,u_component_of_wind,650.0,0.00047720223590379615,0.0006466874172630402
6h_pooled_same_sample,r2p8_w256_di32,u_component_of_wind,700.0,0.0004935781908631537,0.0006469805863384715
6h_pooled_same_sample,r2p8_w256_di32,u_component_of_wind,750.0,0.0005094335215115081,0.000584602604892821
6h_pooled_same_sample,r2p8_w256_di32,u_component_of_wind,775.0,0.0005145323521289747,0.0006114873416077673
6h_pooled_same_sample,r2p8_w256_di32,u_component_of_wind,800.0,0.0005217627247550946,0.0006115761110380983
6h_pooled_same_sample,r2p8_w256_di32,u_component_of_wind,825.0,0.0005276817293476346,0.0006324864823708136
6h_pooled_same_sample,r2p8_w256_di32,u_component_of_wind,850.0,0.0005261921586863581,0.0006266693595037197
6h_pooled_same_sample,r2p8_w256_di32,u_component_of_wind,875.0,0.0005202890096623287,0.000632104009552734
6h_pooled_same_sample,r2p8_w256_di32,u_component_of_wind,900.0,0.0005171033496211685,0.0006418174038209587
6h_pooled_same_sample,r2p8_w256_di32,u_component_of_wind,925.0,0.0005206752199664343,0.0006532320289700475
6h_pooled_same_sample,r2p8_w256_di32,u_component_of_wind,950.0,0.0005104243348225124,0.0006734723504732301
6h_pooled_same_sample,r2p8_w256_di32,u_component_of_wind,975.0,0.0004658580506441163,0.000640118971064
6h_pooled_same_sample,r2p8_w256_di32,u_component_of_wind,1000.0,0.00039813971100335357,0.0006094762065650241
6h_pooled_same_sample,r2p8_w256_di32,v_component_of_wind,1.0,5.8170461603254996e-05,6.73744473313694e-05
6h_pooled_same_sample,r2p8_w256_di32,v_component_of_wind,2.0,7.111515695015947e-05,8.848701058915093e-05
6h_pooled_same_sample,r2p8_w256_di32,v_component_of_wind,3.0,7.627854061099346e-05,0.00010344556871843507
6h_pooled_same_sample,r2p8_w256_di32,v_component_of_wind,5.0,7.992021038774376e-05,0.00010657294327834662
6h_pooled_same_sample,r2p8_w256_di32,v_component_of_wind,7.0,8.461579223773546e-05,0.00010995042943753316
6h_pooled_same_sample,r2p8_w256_di32,v_component_of_wind,10.0,8.365888901324955e-05,0.0001073594777188176
6h_pooled_same_sample,r2p8_w256_di32,v_component_of_wind,20.0,9.628224580392884e-05,0.00011594757539618302
6h_pooled_same_sample,r2p8_w256_di32,v_component_of_wind,30.0,0.00012015278484409784,0.00016641624664967254
6h_pooled_same_sample,r2p8_w256_di32,v_component_of_wind,50.0,2.828877345474237e-05,0.00013213259924498745
6h_pooled_same_sample,r2p8_w256_di32,v_component_of_wind,70.0,4.132839955079401e-05,0.0012472015849728305
6h_pooled_same_sample,r2p8_w256_di32,v_component_of_wind,100.0,6.638534314511772e-05,0.0001940590278914586
6h_pooled_same_sample,r2p8_w256_di32,v_component_of_wind,125.0,8.94654670669175e-05,0.00024293008557750416
6h_pooled_same_sample,r2p8_w256_di32,v_component_of_wind,150.0,0.00010920835519646114,0.00022481061651047232
6h_pooled_same_sample,r2p8_w256_di32,v_component_of_wind,175.0,0.00012698721279172224,0.00019966506606918007
6h_pooled_same_sample,r2p8_w256_di32,v_component_of_wind,200.0,0.0001516607160263113,0.00020354305396309732
6h_pooled_same_sample,r2p8_w256_di32,v_component_of_wind,225.0,0.00019295496553826112,0.00029217640923476213
6h_pooled_same_sample,r2p8_w256_di32,v_component_of_wind,250.0,0.00023867145688586582,0.00042631587089101764
6h_pooled_same_sample,r2p8_w256_di32,v_component_of_wind,300.0,0.000322474110598171,0.0005900782188916309
6h_pooled_same_sample,r2p8_w256_di32,v_component_of_wind,350.0,0.00035581169734226074,0.0006060297188310041
6h_pooled_same_sample,r2p8_w256_di32,v_component_of_wind,400.0,0.0003601217493874176,0.0005031647091375372
6h_pooled_same_sample,r2p8_w256_di32,v_component_of_wind,450.0,0.0003542247570431496,0.0004921588399263763
6h_pooled_same_sample,r2p8_w256_di32,v_component_of_wind,500.0,0.0003473363705637881,0.00045589572784337004
6h_pooled_same_sample,r2p8_w256_di32,v_component_of_wind,550.0,0.00035178330071310697,0.00043129614788650205
6h_pooled_same_sample,r2p8_w256_di32,v_component_of_wind,600.0,0.0003558961365781671,0.00043543070321395993
6h_pooled_same_sample,r2p8_w256_di32,v_component_of_wind,650.0,0.00036788256049066667,0.0004999299771475081
6h_pooled_same_sample,r2p8_w256_di32,v_component_of_wind,700.0,0.0003804866963031384,0.0004710479699121652
6h_pooled_same_sample,r2p8_w256_di32,v_component_of_wind,750.0,0.00039353926049861475,0.0004935050907387397
6h_pooled_same_sample,r2p8_w256_di32,v_component_of_wind,775.0,0.0003990911356387152,0.000551267248740375
6h_pooled_same_sample,r2p8_w256_di32,v_component_of_wind,800.0,0.0004055167032298552,0.0006454974663367855
6h_pooled_same_sample,r2p8_w256_di32,v_component_of_wind,825.0,0.00041153408066818797,0.0005684490728221163
6h_pooled_same_sample,r2p8_w256_di32,v_component_of_wind,850.0,0.0004137727594554997,0.0005856630062367886
6h_pooled_same_sample,r2p8_w256_di32,v_component_of_wind,875.0,0.0004136325584712492,0.0005838933533018776
6h_pooled_same_sample,r2p8_w256_di32,v_component_of_wind,900.0,0.000416862964143237,0.0005593289776403779
6h_pooled_same_sample,r2p8_w256_di32,v_component_of_wind,925.0,0.0004186090596672043,0.0005493269170981595
6h_pooled_same_sample,r2p8_w256_di32,v_component_of_wind,950.0,0.0004103776640732968,0.0005469330888468279
6h_pooled_same_sample,r2p8_w256_di32,v_component_of_wind,975.0,0.0003707196979626252,0.0005449569902589029
6h_pooled_same_sample,r2p8_w256_di32,v_component_of_wind,1000.0,0.00031010030821430754,0.00044883673886144255
6h_pooled_same_sample,r2p8_w256_di32,specific_humidity,1.0,0.0014843645263186763,0.0002071416952571127
6h_pooled_same_sample,r2p8_w256_di32,specific_humidity,2.0,0.003647573187067231,0.00031583824284832536
6h_pooled_same_sample,r2p8_w256_di32,specific_humidity,3.0,0.00403076239346366,0.00035690277541426316
6h_pooled_same_sample,r2p8_w256_di32,specific_humidity,5.0,0.003239979536272433,0.0012339874130806229
6h_pooled_same_sample,r2p8_w256_di32,specific_humidity,7.0,0.002659069658259463,0.0027285285391059205
6h_pooled_same_sample,r2p8_w256_di32,specific_humidity,10.0,0.002290627059311612,0.006563767410268463
6h_pooled_same_sample,r2p8_w256_di32,specific_humidity,20.0,0.001431196422456499,0.014297755973101326
6h_pooled_same_sample,r2p8_w256_di32,specific_humidity,30.0,0.0014380467280448997,0.004183985475104398
6h_pooled_same_sample,r2p8_w256_di32,specific_humidity,50.0,2.6768621505747283e-05,0.019722506266199216
6h_pooled_same_sample,r2p8_w256_di32,specific_humidity,70.0,6.677046180959102e-05,0.0017526621694115656
6h_pooled_same_sample,r2p8_w256_di32,specific_humidity,100.0,0.00012504605180078398,0.0003287962962147262
6h_pooled_same_sample,r2p8_w256_di32,specific_humidity,125.0,0.00012909884135779088,0.0003880635054435848
6h_pooled_same_sample,r2p8_w256_di32,specific_humidity,150.0,0.00014106418335068876,0.00043085733669304057
6h_pooled_same_sample,r2p8_w256_di32,specific_humidity,175.0,0.00015488171151800128,0.00037610813663043976
6h_pooled_same_sample,r2p8_w256_di32,specific_humidity,200.0,0.00018282697075395625,0.0003621480085993992
6h_pooled_same_sample,r2p8_w256_di32,specific_humidity,225.0,0.00021761668028855407,0.0003599902133812344
6h_pooled_same_sample,r2p8_w256_di32,specific_humidity,250.0,0.00025208702789052394,0.00045036029901197026
6h_pooled_same_sample,r2p8_w256_di32,specific_humidity,300.0,0.0003212971414094149,0.000802357710557474
6h_pooled_same_sample,r2p8_w256_di32,specific_humidity,350.0,0.0003820914508169698,0.0007468803845341218
6h_pooled_same_sample,r2p8_w256_di32,specific_humidity,400.0,0.00042531109626838426,0.0008528324174044196
6h_pooled_same_sample,r2p8_w256_di32,specific_humidity,450.0,0.0004761089376426425,0.0007124064216395935
6h_pooled_same_sample,r2p8_w256_di32,specific_humidity,500.0,0.0005185051053022326,0.0006817997221282792
6h_pooled_same_sample,r2p8_w256_di32,specific_humidity,550.0,0.0005768950222297796,0.0007063203701051301
6h_pooled_same_sample,r2p8_w256_di32,specific_humidity,600.0,0.0006287692475665422,0.0008721595488447018
6h_pooled_same_sample,r2p8_w256_di32,specific_humidity,650.0,0.0006989876229570684,0.0009735514976767736
6h_pooled_same_sample,r2p8_w256_di32,specific_humidity,700.0,0.000733108522752233,0.0011221036649467833
6h_pooled_same_sample,r2p8_w256_di32,specific_humidity,750.0,0.0007776554074339717,0.0010909842942004868
6h_pooled_same_sample,r2p8_w256_di32,specific_humidity,775.0,0.0007933839363886807,0.0010507442692049085
6h_pooled_same_sample,r2p8_w256_di32,specific_humidity,800.0,0.0008254084140659314,0.0010876814125259295
6h_pooled_same_sample,r2p8_w256_di32,specific_humidity,825.0,0.0008703311970425289,0.0011496059227664272
6h_pooled_same_sample,r2p8_w256_di32,specific_humidity,850.0,0.0009138324846020862,0.0012133232505708823
6h_pooled_same_sample,r2p8_w256_di32,specific_humidity,875.0,0.0009762536370282218,0.0012746904462638338
6h_pooled_same_sample,r2p8_w256_di32,specific_humidity,900.0,0.0010695697571128297,0.0013693951418460191
6h_pooled_same_sample,r2p8_w256_di32,specific_humidity,925.0,0.0010745780185413098,0.0013275149480586996
6h_pooled_same_sample,r2p8_w256_di32,specific_humidity,950.0,0.0009998960925554478,0.0012669957164931653
6h_pooled_same_sample,r2p8_w256_di32,specific_humidity,975.0,0.001015186301101773,0.0012186085001572226
6h_pooled_same_sample,r2p8_w256_di32,specific_humidity,1000.0,0.0010046822324118433,0.0012830521161340533
6h_pooled_same_sample,r2p8_w256_di32,specific_cloud_ice_water_content,1.0,9.46495414129706e-10,1.1364544078411836e-09
6h_pooled_same_sample,r2p8_w256_di32,specific_cloud_ice_water_content,2.0,1.8543586688846184e-09,2.2605938922297614e-09
6h_pooled_same_sample,r2p8_w256_di32,specific_cloud_ice_water_content,3.0,2.7800397211443525e-09,3.4021170988912018e-09
6h_pooled_same_sample,r2p8_w256_di32,specific_cloud_ice_water_content,5.0,4.59320489119202e-09,5.667860190157182e-09
6h_pooled_same_sample,r2p8_w256_di32,specific_cloud_ice_water_content,7.0,6.464020626840465e-09,7.939189112754203e-09
6h_pooled_same_sample,r2p8_w256_di32,specific_cloud_ice_water_content,10.0,9.334388498824243e-09,1.130842044242887e-08
6h_pooled_same_sample,r2p8_w256_di32,specific_cloud_ice_water_content,20.0,1.3164034645840504e-08,1.6903876532810406e-08
6h_pooled_same_sample,r2p8_w256_di32,specific_cloud_ice_water_content,30.0,1.4190871204094802e-08,1.9667135262059702e-08
6h_pooled_same_sample,r2p8_w256_di32,specific_cloud_ice_water_content,50.0,1.3857990898912608e-08,2.575998335634989e-08
6h_pooled_same_sample,r2p8_w256_di32,specific_cloud_ice_water_content,70.0,1.6062587246510374e-08,2.9081413683695293e-08
6h_pooled_same_sample,r2p8_w256_di32,specific_cloud_ice_water_content,100.0,6.497155994790407e-08,9.600158480178201e-08
6h_pooled_same_sample,r2p8_w256_di32,specific_cloud_ice_water_content,125.0,4.2576172011691253e-07,4.91660909614546e-07
6h_pooled_same_sample,r2p8_w256_di32,specific_cloud_ice_water_content,150.0,1.4047137437970066e-06,1.5551482168563966e-06
6h_pooled_same_sample,r2p8_w256_di32,specific_cloud_ice_water_content,175.0,2.778591963573843e-06,3.200189212207531e-06
6h_pooled_same_sample,r2p8_w256_di32,specific_cloud_ice_water_content,200.0,4.539427354695348e-06,5.626463383393872e-06
6h_pooled_same_sample,r2p8_w256_di32,specific_cloud_ice_water_content,225.0,6.6404325474226385e-06,9.310658395019225e-06
6h_pooled_same_sample,r2p8_w256_di32,specific_cloud_ice_water_content,250.0,8.166439598192322e-06,1.4102872710359706e-05
6h_pooled_same_sample,r2p8_w256_di32,specific_cloud_ice_water_content,300.0,9.354969003900813e-06,1.81107192253977e-05
6h_pooled_same_sample,r2p8_w256_di32,specific_cloud_ice_water_content,350.0,9.725956578013289e-06,1.6195411892299822e-05
6h_pooled_same_sample,r2p8_w256_di32,specific_cloud_ice_water_content,400.0,8.393362981035338e-06,1.1929640273392922e-05
6h_pooled_same_sample,r2p8_w256_di32,specific_cloud_ice_water_content,450.0,6.890552646874014e-06,9.238793560509404e-06
6h_pooled_same_sample,r2p8_w256_di32,specific_cloud_ice_water_content,500.0,5.449798193830943e-06,6.9701248911968074e-06
6h_pooled_same_sample,r2p8_w256_di32,specific_cloud_ice_water_content,550.0,3.993015697375253e-06,5.057669768320227e-06
6h_pooled_same_sample,r2p8_w256_di32,specific_cloud_ice_water_content,600.0,3.038783624915132e-06,3.8010973668084035e-06
6h_pooled_same_sample,r2p8_w256_di32,specific_cloud_ice_water_content,650.0,2.4317079816236945e-06,2.988470745371589e-06
6h_pooled_same_sample,r2p8_w256_di32,specific_cloud_ice_water_content,700.0,1.954629173579293e-06,2.329999599202029e-06
6h_pooled_same_sample,r2p8_w256_di32,specific_cloud_ice_water_content,750.0,1.6452987369520327e-06,1.988512930354413e-06
6h_pooled_same_sample,r2p8_w256_di32,specific_cloud_ice_water_content,775.0,1.6740002612612205e-06,1.9724344378755863e-06
6h_pooled_same_sample,r2p8_w256_di32,specific_cloud_ice_water_content,800.0,1.7256386962062875e-06,2.0932877354498444e-06
6h_pooled_same_sample,r2p8_w256_di32,specific_cloud_ice_water_content,825.0,1.7201151781087733e-06,1.9958603306197064e-06
6h_pooled_same_sample,r2p8_w256_di32,specific_cloud_ice_water_content,850.0,1.5431291111627889e-06,1.776145942437609e-06
6h_pooled_same_sample,r2p8_w256_di32,specific_cloud_ice_water_content,875.0,1.2842291002084159e-06,1.4254153629745825e-06
6h_pooled_same_sample,r2p8_w256_di32,specific_cloud_ice_water_content,900.0,1.0768811718909556e-06,1.2895068716619011e-06
6h_pooled_same_sample,r2p8_w256_di32,specific_cloud_ice_water_content,925.0,8.891645556989182e-07,1.1421162472579923e-06
6h_pooled_same_sample,r2p8_w256_di32,specific_cloud_ice_water_content,950.0,6.652963535823982e-07,8.760681209679731e-07
6h_pooled_same_sample,r2p8_w256_di32,specific_cloud_ice_water_content,975.0,4.7030993300039334e-07,5.55357372163107e-07
6h_pooled_same_sample,r2p8_w256_di32,specific_cloud_ice_water_content,1000.0,4.0142602907702183e-07,4.926668530308591e-07
6h_pooled_same_sample,r2p8_w256_di32,specific_cloud_liquid_water_content,1.0,7.360278393111233e-10,1.2301332739702277e-09
6h_pooled_same_sample,r2p8_w256_di32,specific_cloud_liquid_water_content,2.0,1.4759062480671758e-09,2.4753120273110848e-09
6h_pooled_same_sample,r2p8_w256_di32,specific_cloud_liquid_water_content,3.0,2.18692772986035e-09,3.694933553802483e-09
6h_pooled_same_sample,r2p8_w256_di32,specific_cloud_liquid_water_content,5.0,3.6795359265159282e-09,6.208694193034029e-09
6h_pooled_same_sample,r2p8_w256_di32,specific_cloud_liquid_water_content,7.0,5.2177766736950964e-09,8.692550526481992e-09
6h_pooled_same_sample,r2p8_w256_di32,specific_cloud_liquid_water_content,10.0,7.300949355594764e-09,1.2275573454586975e-08
6h_pooled_same_sample,r2p8_w256_di32,specific_cloud_liquid_water_content,20.0,1.1300331687472059e-08,1.8703657805431073e-08
6h_pooled_same_sample,r2p8_w256_di32,specific_cloud_liquid_water_content,30.0,1.2392464236008256e-08,2.175985258884487e-08
6h_pooled_same_sample,r2p8_w256_di32,specific_cloud_liquid_water_content,50.0,1.9378602083599693e-08,5.379156868993249e-08
6h_pooled_same_sample,r2p8_w256_di32,specific_cloud_liquid_water_content,70.0,1.782901667943005e-08,8.628030947347886e-08
6h_pooled_same_sample,r2p8_w256_di32,specific_cloud_liquid_water_content,100.0,2.4381066691747565e-08,8.948846183431303e-08
6h_pooled_same_sample,r2p8_w256_di32,specific_cloud_liquid_water_content,125.0,2.6179661208324062e-08,6.80925520171786e-08
6h_pooled_same_sample,r2p8_w256_di32,specific_cloud_liquid_water_content,150.0,3.603257024170371e-08,9.200988542164175e-08
6h_pooled_same_sample,r2p8_w256_di32,specific_cloud_liquid_water_content,175.0,5.160289786595248e-08,8.289976739921067e-08
6h_pooled_same_sample,r2p8_w256_di32,specific_cloud_liquid_water_content,200.0,7.025502254340462e-08,1.1692487472345436e-07
6h_pooled_same_sample,r2p8_w256_di32,specific_cloud_liquid_water_content,225.0,6.843628232916609e-08,9.295806819729773e-08
6h_pooled_same_sample,r2p8_w256_di32,specific_cloud_liquid_water_content,250.0,8.365684956675622e-08,1.2515439503519897e-07
6h_pooled_same_sample,r2p8_w256_di32,specific_cloud_liquid_water_content,300.0,1.625082522188148e-07,2.1348184549700045e-07
6h_pooled_same_sample,r2p8_w256_di32,specific_cloud_liquid_water_content,350.0,2.944927031295475e-07,3.828359196131633e-07
6h_pooled_same_sample,r2p8_w256_di32,specific_cloud_liquid_water_content,400.0,6.565565802672662e-07,8.417558186646928e-07
6h_pooled_same_sample,r2p8_w256_di32,specific_cloud_liquid_water_content,450.0,1.6779212032537872e-06,1.9568619528876756e-06
6h_pooled_same_sample,r2p8_w256_di32,specific_cloud_liquid_water_content,500.0,4.095075493857253e-06,4.6373815258831755e-06
6h_pooled_same_sample,r2p8_w256_di32,specific_cloud_liquid_water_content,550.0,7.598127342680965e-06,8.076405211010657e-06
6h_pooled_same_sample,r2p8_w256_di32,specific_cloud_liquid_water_content,600.0,6.657981192829257e-06,7.304050350927055e-06
6h_pooled_same_sample,r2p8_w256_di32,specific_cloud_liquid_water_content,650.0,7.2854042193876225e-06,7.987076678084551e-06
6h_pooled_same_sample,r2p8_w256_di32,specific_cloud_liquid_water_content,700.0,9.621424715435525e-06,1.0564405653427648e-05
6h_pooled_same_sample,r2p8_w256_di32,specific_cloud_liquid_water_content,750.0,1.3213430032846086e-05,1.4357406024159665e-05
6h_pooled_same_sample,r2p8_w256_di32,specific_cloud_liquid_water_content,775.0,1.5373633486289155e-05,1.6790290741106568e-05
6h_pooled_same_sample,r2p8_w256_di32,specific_cloud_liquid_water_content,800.0,1.832432277643835e-05,2.3674362421210678e-05
6h_pooled_same_sample,r2p8_w256_di32,specific_cloud_liquid_water_content,825.0,2.47613582285206e-05,3.371356031925875e-05
6h_pooled_same_sample,r2p8_w256_di32,specific_cloud_liquid_water_content,850.0,3.0263279210385326e-05,5.78868209955542e-05
6h_pooled_same_sample,r2p8_w256_di32,specific_cloud_liquid_water_content,875.0,3.1935614387939936e-05,9.854891109096201e-05
6h_pooled_same_sample,r2p8_w256_di32,specific_cloud_liquid_water_content,900.0,2.9363745569874905e-05,7.657885716534715e-05
6h_pooled_same_sample,r2p8_w256_di32,specific_cloud_liquid_water_content,925.0,2.429307462334922e-05,4.2534666652367434e-05
6h_pooled_same_sample,r2p8_w256_di32,specific_cloud_liquid_water_content,950.0,1.725513350610342e-05,4.584945146724943e-05
6h_pooled_same_sample,r2p8_w256_di32,specific_cloud_liquid_water_content,975.0,1.068861512494322e-05,2.613671074577813e-05
6h_pooled_same_sample,r2p8_w256_di32,specific_cloud_liquid_water_content,1000.0,6.43913117421949e-06,9.123716094655043e-06
24h_pooled_same_sample,r2p8_w128_di16,temperature,1.0,8.821480584862254e-05,0.000373823996006618
24h_pooled_same_sample,r2p8_w128_di16,temperature,2.0,0.00011604489692807205,0.0018287053446445901
24h_pooled_same_sample,r2p8_w128_di16,temperature,3.0,0.00011398901451311374,0.0034440244287036667
24h_pooled_same_sample,r2p8_w128_di16,temperature,5.0,0.00010767057462153204,0.004394186704004467
24h_pooled_same_sample,r2p8_w128_di16,temperature,7.0,0.00010046212774271577,0.004330279681514718
24h_pooled_same_sample,r2p8_w128_di16,temperature,10.0,8.132182863396367e-05,0.0042353630521802825
24h_pooled_same_sample,r2p8_w128_di16,temperature,20.0,0.0001227307264371553,0.0010689409893827136
24h_pooled_same_sample,r2p8_w128_di16,temperature,30.0,0.00013625884374648958,0.00019250752862834855
24h_pooled_same_sample,r2p8_w128_di16,temperature,50.0,2.234274945014813e-05,0.0018022498543603983
24h_pooled_same_sample,r2p8_w128_di16,temperature,70.0,3.044826882959435e-05,0.000421954298493328
24h_pooled_same_sample,r2p8_w128_di16,temperature,100.0,3.0008873220966572e-05,0.0002115073018615376
24h_pooled_same_sample,r2p8_w128_di16,temperature,125.0,2.4841364419281167e-05,0.00031746562147488545
24h_pooled_same_sample,r2p8_w128_di16,temperature,150.0,2.395746409602191e-05,0.0001223471464203652
24h_pooled_same_sample,r2p8_w128_di16,temperature,175.0,2.5569664872268663e-05,6.214212771719171e-05
24h_pooled_same_sample,r2p8_w128_di16,temperature,200.0,3.0475518440243124e-05,4.219617498338576e-05
24h_pooled_same_sample,r2p8_w128_di16,temperature,225.0,3.568404417987756e-05,5.243745953823262e-05
24h_pooled_same_sample,r2p8_w128_di16,temperature,250.0,3.8802355924877596e-05,5.869659342180392e-05
24h_pooled_same_sample,r2p8_w128_di16,temperature,300.0,4.299323213806997e-05,6.525711232618408e-05
24h_pooled_same_sample,r2p8_w128_di16,temperature,350.0,4.656946400726388e-05,6.469477011084958e-05
24h_pooled_same_sample,r2p8_w128_di16,temperature,400.0,5.2156698939537764e-05,6.68930767309631e-05
24h_pooled_same_sample,r2p8_w128_di16,temperature,450.0,5.873237498153987e-05,6.983109770029802e-05
24h_pooled_same_sample,r2p8_w128_di16,temperature,500.0,6.515447638436958e-05,7.767382121360542e-05
24h_pooled_same_sample,r2p8_w128_di16,temperature,550.0,7.495151808238397e-05,8.943186806376297e-05
24h_pooled_same_sample,r2p8_w128_di16,temperature,600.0,8.653401064849457e-05,0.00010607061129342066
24h_pooled_same_sample,r2p8_w128_di16,temperature,650.0,0.00010096832377196341,0.00012397662095110386
24h_pooled_same_sample,r2p8_w128_di16,temperature,700.0,0.00011771351963658917,0.00014363879097156035
24h_pooled_same_sample,r2p8_w128_di16,temperature,750.0,0.00014380486634407705,0.0001723821784629388
24h_pooled_same_sample,r2p8_w128_di16,temperature,775.0,0.000158297590374632,0.00018231314247404187
24h_pooled_same_sample,r2p8_w128_di16,temperature,800.0,0.00017870302944024224,0.0002321051882280849
24h_pooled_same_sample,r2p8_w128_di16,temperature,825.0,0.000209575718678494,0.0002651673288102324
24h_pooled_same_sample,r2p8_w128_di16,temperature,850.0,0.00023270877894945416,0.00035146377138963174
24h_pooled_same_sample,r2p8_w128_di16,temperature,875.0,0.0002447040279793218,0.00037644490447355305
24h_pooled_same_sample,r2p8_w128_di16,temperature,900.0,0.00025146239738075394,0.0003435242073127354
24h_pooled_same_sample,r2p8_w128_di16,temperature,925.0,0.0002618563189624432,0.00035468445049166456
24h_pooled_same_sample,r2p8_w128_di16,temperature,950.0,0.0002823840154772633,0.0003798199644726389
24h_pooled_same_sample,r2p8_w128_di16,temperature,975.0,0.00032038187474471265,0.00041948324279226785
24h_pooled_same_sample,r2p8_w128_di16,temperature,1000.0,0.0003428214417459891,0.00046953419307643534
24h_pooled_same_sample,r2p8_w128_di16,geopotential,1.0,0.07705960995396051,0.0019393920130308662
24h_pooled_same_sample,r2p8_w128_di16,geopotential,2.0,0.07187698835937817,0.0006967670180921555
24h_pooled_same_sample,r2p8_w128_di16,geopotential,3.0,0.06131215417881434,0.0005749498486651001
24h_pooled_same_sample,r2p8_w128_di16,geopotential,5.0,0.03844355992000956,0.0004904837306625826
24h_pooled_same_sample,r2p8_w128_di16,geopotential,7.0,0.021429592574350103,0.0003224557516781307
24h_pooled_same_sample,r2p8_w128_di16,geopotential,10.0,0.006436495683780436,0.0002228755436094249
24h_pooled_same_sample,r2p8_w128_di16,geopotential,20.0,0.0031880777824343847,0.001236049237680705
24h_pooled_same_sample,r2p8_w128_di16,geopotential,30.0,0.008026843883542032,0.0009749720377603728
24h_pooled_same_sample,r2p8_w128_di16,geopotential,50.0,1.5106293924773156e-05,0.00024153865706113393
24h_pooled_same_sample,r2p8_w128_di16,geopotential,70.0,1.824552074955113e-05,0.00037547673831050536
24h_pooled_same_sample,r2p8_w128_di16,geopotential,100.0,1.659600785443636e-05,5.9114110670143206e-05
24h_pooled_same_sample,r2p8_w128_di16,geopotential,125.0,1.7052378182113594e-05,2.1619116002062818e-05
24h_pooled_same_sample,r2p8_w128_di16,geopotential,150.0,1.850543188912399e-05,2.389067804233604e-05
24h_pooled_same_sample,r2p8_w128_di16,geopotential,175.0,2.0898047076714572e-05,4.915033799895211e-05
24h_pooled_same_sample,r2p8_w128_di16,geopotential,200.0,2.3726039164833834e-05,3.2703468358241406e-05
24h_pooled_same_sample,r2p8_w128_di16,geopotential,225.0,2.5592107634101232e-05,3.423382074694722e-05
24h_pooled_same_sample,r2p8_w128_di16,geopotential,250.0,2.8281535141693412e-05,3.4918708491417166e-05
24h_pooled_same_sample,r2p8_w128_di16,geopotential,300.0,3.39116837154995e-05,5.78839789661619e-05
24h_pooled_same_sample,r2p8_w128_di16,geopotential,350.0,3.7648480141652256e-05,4.964432129457003e-05
24h_pooled_same_sample,r2p8_w128_di16,geopotential,400.0,3.970750906795177e-05,5.276660303217551e-05
24h_pooled_same_sample,r2p8_w128_di16,geopotential,450.0,4.099090969825213e-05,5.289582690351342e-05
24h_pooled_same_sample,r2p8_w128_di16,geopotential,500.0,4.1944484753377335e-05,5.444131996307545e-05
24h_pooled_same_sample,r2p8_w128_di16,geopotential,550.0,4.297990933790066e-05,5.7208590611386544e-05
24h_pooled_same_sample,r2p8_w128_di16,geopotential,600.0,4.471783467122454e-05,5.8220171694994385e-05
24h_pooled_same_sample,r2p8_w128_di16,geopotential,650.0,4.6845726689234384e-05,6.473566882204748e-05
24h_pooled_same_sample,r2p8_w128_di16,geopotential,700.0,5.006262223360361e-05,6.879570862600492e-05
24h_pooled_same_sample,r2p8_w128_di16,geopotential,750.0,5.3624877588000324e-05,7.443971151292481e-05
24h_pooled_same_sample,r2p8_w128_di16,geopotential,775.0,5.6131991791135237e-05,7.949685659812912e-05
24h_pooled_same_sample,r2p8_w128_di16,geopotential,800.0,5.862468209834364e-05,8.208766441094697e-05
24h_pooled_same_sample,r2p8_w128_di16,geopotential,825.0,6.162569019699654e-05,8.49021739663933e-05
24h_pooled_same_sample,r2p8_w128_di16,geopotential,850.0,6.495561357583981e-05,9.089681457542009e-05
24h_pooled_same_sample,r2p8_w128_di16,geopotential,875.0,6.864083758874208e-05,9.914413189325618e-05
24h_pooled_same_sample,r2p8_w128_di16,geopotential,900.0,7.365818592427037e-05,0.00010688955516816811
24h_pooled_same_sample,r2p8_w128_di16,geopotential,925.0,7.943674192306548e-05,0.00011688071105768137
24h_pooled_same_sample,r2p8_w128_di16,geopotential,950.0,8.588890228517003e-05,0.00013085093474349732
24h_pooled_same_sample,r2p8_w128_di16,geopotential,975.0,9.500532133324796e-05,0.0001572435685276544
24h_pooled_same_sample,r2p8_w128_di16,geopotential,1000.0,0.00010739272860004891,0.00020618456926773028
24h_pooled_same_sample,r2p8_w128_di16,u_component_of_wind,1.0,0.0001392856109368252,0.0002859762766418227
24h_pooled_same_sample,r2p8_w128_di16,u_component_of_wind,2.0,0.00017543388277244286,0.0002467711645479073
24h_pooled_same_sample,r2p8_w128_di16,u_component_of_wind,3.0,0.00016512250387063117,0.00023598621819312658
24h_pooled_same_sample,r2p8_w128_di16,u_component_of_wind,5.0,0.00013446052626700503,0.0001786757667326338
24h_pooled_same_sample,r2p8_w128_di16,u_component_of_wind,7.0,0.00012790167142056946,0.00016450537502655634
24h_pooled_same_sample,r2p8_w128_di16,u_component_of_wind,10.0,0.00013124619400531231,0.00018853980613364158
24h_pooled_same_sample,r2p8_w128_di16,u_component_of_wind,20.0,0.00010318892075386816,0.00018287111350622718
24h_pooled_same_sample,r2p8_w128_di16,u_component_of_wind,30.0,0.00015139446619398135,0.00020208448705172564
24h_pooled_same_sample,r2p8_w128_di16,u_component_of_wind,50.0,1.0900859244908278e-05,6.450073165502091e-05
24h_pooled_same_sample,r2p8_w128_di16,u_component_of_wind,70.0,1.5135525085532616e-05,3.276706374669205e-05
24h_pooled_same_sample,r2p8_w128_di16,u_component_of_wind,100.0,2.5139459737890482e-05,5.411131429069479e-05
24h_pooled_same_sample,r2p8_w128_di16,u_component_of_wind,125.0,3.417037712548227e-05,5.448354685365865e-05
24h_pooled_same_sample,r2p8_w128_di16,u_component_of_wind,150.0,4.324450198263909e-05,7.649113813004429e-05
24h_pooled_same_sample,r2p8_w128_di16,u_component_of_wind,175.0,5.132590388251618e-05,8.434023607494221e-05
24h_pooled_same_sample,r2p8_w128_di16,u_component_of_wind,200.0,6.15120642283913e-05,9.905508578075189e-05
24h_pooled_same_sample,r2p8_w128_di16,u_component_of_wind,225.0,7.586698916552081e-05,0.00012068540017276905
24h_pooled_same_sample,r2p8_w128_di16,u_component_of_wind,250.0,9.057748495641285e-05,0.00013566776005059555
24h_pooled_same_sample,r2p8_w128_di16,u_component_of_wind,300.0,0.00011401883234868769,0.00020656108764884152
24h_pooled_same_sample,r2p8_w128_di16,u_component_of_wind,350.0,0.00012187824792851106,0.000267241130299096
24h_pooled_same_sample,r2p8_w128_di16,u_component_of_wind,400.0,0.00012263147376649327,0.00018107978612010928
24h_pooled_same_sample,r2p8_w128_di16,u_component_of_wind,450.0,0.00012167485386001411,0.00016956656181369212
24h_pooled_same_sample,r2p8_w128_di16,u_component_of_wind,500.0,0.00012042711187461319,0.00014939166403872791
24h_pooled_same_sample,r2p8_w128_di16,u_component_of_wind,550.0,0.00012320079147785985,0.00014349843531202497
24h_pooled_same_sample,r2p8_w128_di16,u_component_of_wind,600.0,0.00012555842784068856,0.00014363354717083663
24h_pooled_same_sample,r2p8_w128_di16,u_component_of_wind,650.0,0.00013080245434491606,0.00017896284595871913
24h_pooled_same_sample,r2p8_w128_di16,u_component_of_wind,700.0,0.0001352911489480939,0.00017743448852157445
24h_pooled_same_sample,r2p8_w128_di16,u_component_of_wind,750.0,0.00013963713898589635,0.00015745006426008605
24h_pooled_same_sample,r2p8_w128_di16,u_component_of_wind,775.0,0.00014103474257798863,0.00016599392172642765
24h_pooled_same_sample,r2p8_w128_di16,u_component_of_wind,800.0,0.00014301660773738707,0.0001656758931878979
24h_pooled_same_sample,r2p8_w128_di16,u_component_of_wind,825.0,0.00014463902328729902,0.00016659059777036908
24h_pooled_same_sample,r2p8_w128_di16,u_component_of_wind,850.0,0.00014423072784407642,0.00016719453843833012
24h_pooled_same_sample,r2p8_w128_di16,u_component_of_wind,875.0,0.000142612658349401,0.00016976916652813095
24h_pooled_same_sample,r2p8_w128_di16,u_component_of_wind,900.0,0.00014173946011028735,0.0001712034441280362
24h_pooled_same_sample,r2p8_w128_di16,u_component_of_wind,925.0,0.00014271851966326228,0.00017742747478087506
24h_pooled_same_sample,r2p8_w128_di16,u_component_of_wind,950.0,0.00013990872365823447,0.00018285332750267262
24h_pooled_same_sample,r2p8_w128_di16,u_component_of_wind,975.0,0.0001276929817505574,0.00017899288680938187
24h_pooled_same_sample,r2p8_w128_di16,u_component_of_wind,1000.0,0.00010913119732723354,0.0001650136825606614
24h_pooled_same_sample,r2p8_w128_di16,v_component_of_wind,1.0,1.666139849796399e-05,1.947046716001572e-05
24h_pooled_same_sample,r2p8_w128_di16,v_component_of_wind,2.0,2.0369065957791188e-05,2.562601434937795e-05
24h_pooled_same_sample,r2p8_w128_di16,v_component_of_wind,3.0,2.1847981379810413e-05,2.990825115297025e-05
24h_pooled_same_sample,r2p8_w128_di16,v_component_of_wind,5.0,2.2891041889837947e-05,3.064990727291327e-05
24h_pooled_same_sample,r2p8_w128_di16,v_component_of_wind,7.0,2.423596778910468e-05,3.096861749337643e-05
24h_pooled_same_sample,r2p8_w128_di16,v_component_of_wind,10.0,2.396188803268318e-05,2.9437748012464096e-05
24h_pooled_same_sample,r2p8_w128_di16,v_component_of_wind,20.0,2.7577516516190327e-05,3.122864653715511e-05
24h_pooled_same_sample,r2p8_w128_di16,v_component_of_wind,30.0,3.4414604487436675e-05,4.943049102333709e-05
24h_pooled_same_sample,r2p8_w128_di16,v_component_of_wind,50.0,8.10257499352067e-06,4.281089905311421e-05
24h_pooled_same_sample,r2p8_w128_di16,v_component_of_wind,70.0,1.18374328691991e-05,0.0003827348381600521
24h_pooled_same_sample,r2p8_w128_di16,v_component_of_wind,100.0,1.9014335215503892e-05,5.5167558611072426e-05
24h_pooled_same_sample,r2p8_w128_di16,v_component_of_wind,125.0,2.5625029568700844e-05,6.651888080271599e-05
24h_pooled_same_sample,r2p8_w128_di16,v_component_of_wind,150.0,3.127986051830849e-05,6.763888732464022e-05
24h_pooled_same_sample,r2p8_w128_di16,v_component_of_wind,175.0,3.637214658702732e-05,5.9228203414884406e-05
24h_pooled_same_sample,r2p8_w128_di16,v_component_of_wind,200.0,4.343922252904267e-05,6.299463086656203e-05
24h_pooled_same_sample,r2p8_w128_di16,v_component_of_wind,225.0,5.526687401796351e-05,9.200057855424832e-05
24h_pooled_same_sample,r2p8_w128_di16,v_component_of_wind,250.0,6.83611603495085e-05,0.00013026297575974337
24h_pooled_same_sample,r2p8_w128_di16,v_component_of_wind,300.0,9.236422599837156e-05,0.00016544386722416513
24h_pooled_same_sample,r2p8_w128_di16,v_component_of_wind,350.0,0.0001019129007448797,0.00018843540293419714
24h_pooled_same_sample,r2p8_w128_di16,v_component_of_wind,400.0,0.00010314740177327286,0.00014201244085503331
24h_pooled_same_sample,r2p8_w128_di16,v_component_of_wind,450.0,0.00010145836344214512,0.00014245919308942647
24h_pooled_same_sample,r2p8_w128_di16,v_component_of_wind,500.0,9.948536634056792e-05,0.00013662763244805663
24h_pooled_same_sample,r2p8_w128_di16,v_component_of_wind,550.0,0.00010075907250119201,0.00012536909006396517
24h_pooled_same_sample,r2p8_w128_di16,v_component_of_wind,600.0,0.00010193708614275215,0.0001268073933723838
24h_pooled_same_sample,r2p8_w128_di16,v_component_of_wind,650.0,0.00010537028195841858,0.00014416157748787362
24h_pooled_same_sample,r2p8_w128_di16,v_component_of_wind,700.0,0.00010898040509834395,0.00013735524873206904
24h_pooled_same_sample,r2p8_w128_di16,v_component_of_wind,750.0,0.0001127189687522538,0.00014103429501697838
24h_pooled_same_sample,r2p8_w128_di16,v_component_of_wind,775.0,0.00011430915733887794,0.00015894721931228423
24h_pooled_same_sample,r2p8_w128_di16,v_component_of_wind,800.0,0.00011614959214480692,0.00019094772661421277
24h_pooled_same_sample,r2p8_w128_di16,v_component_of_wind,825.0,0.00011787311161928725,0.00016558640459003718
24h_pooled_same_sample,r2p8_w128_di16,v_component_of_wind,850.0,0.00011851432226737763,0.00016865179219284664
24h_pooled_same_sample,r2p8_w128_di16,v_component_of_wind,875.0,0.00011847416538355683,0.00017045053029631396
24h_pooled_same_sample,r2p8_w128_di16,v_component_of_wind,900.0,0.00011939943010946127,0.00016254689132631407
24h_pooled_same_sample,r2p8_w128_di16,v_component_of_wind,925.0,0.00011989955323962916,0.0001567610172689282
24h_pooled_same_sample,r2p8_w128_di16,v_component_of_wind,950.0,0.00011754188650629859,0.00016292248989975439
24h_pooled_same_sample,r2p8_w128_di16,v_component_of_wind,975.0,0.00010618290535371175,0.0001532599412782288
24h_pooled_same_sample,r2p8_w128_di16,v_component_of_wind,1000.0,8.882007580993521e-05,0.00012540864085681337
24h_pooled_same_sample,r2p8_w128_di16,specific_humidity,1.0,0.0006824644422503515,9.83050644777912e-05
24h_pooled_same_sample,r2p8_w128_di16,specific_humidity,2.0,0.001155988528280169,0.00010225707576025119
24h_pooled_same_sample,r2p8_w128_di16,specific_humidity,3.0,0.0011152379866153056,9.888795717848451e-05
24h_pooled_same_sample,r2p8_w128_di16,specific_humidity,5.0,0.0008267738924853832,0.00031045123065611145
24h_pooled_same_sample,r2p8_w128_di16,specific_humidity,7.0,0.0006426391051640311,0.0006548713025253215
24h_pooled_same_sample,r2p8_w128_di16,specific_humidity,10.0,0.0005086924362963593,0.0014534290845973346
24h_pooled_same_sample,r2p8_w128_di16,specific_humidity,20.0,0.0002856903372898454,0.0027893415862032824
24h_pooled_same_sample,r2p8_w128_di16,specific_humidity,30.0,0.0002638479688218487,0.0006765446613788222
24h_pooled_same_sample,r2p8_w128_di16,specific_humidity,50.0,4.490426422129601e-06,0.004015548984393574
24h_pooled_same_sample,r2p8_w128_di16,specific_humidity,70.0,1.3106484791446056e-05,0.00040305033969112496
24h_pooled_same_sample,r2p8_w128_di16,specific_humidity,100.0,3.1926729785105284e-05,8.578302453446267e-05
24h_pooled_same_sample,r2p8_w128_di16,specific_humidity,125.0,4.310083426632667e-05,0.00015380095473115638
24h_pooled_same_sample,r2p8_w128_di16,specific_humidity,150.0,5.027434570248657e-05,0.00015988010188351025
24h_pooled_same_sample,r2p8_w128_di16,specific_humidity,175.0,5.4534206201171836e-05,0.00016784120171155993
24h_pooled_same_sample,r2p8_w128_di16,specific_humidity,200.0,6.077108367540444e-05,9.970751171872279e-05
24h_pooled_same_sample,r2p8_w128_di16,specific_humidity,225.0,6.774931298000458e-05,0.00010970414047395582
24h_pooled_same_sample,r2p8_w128_di16,specific_humidity,250.0,7.368673676024824e-05,0.00012884927384033414
24h_pooled_same_sample,r2p8_w128_di16,specific_humidity,300.0,8.440569805076436e-05,0.00017284846250611148
24h_pooled_same_sample,r2p8_w128_di16,specific_humidity,350.0,9.721981121712712e-05,0.00016818662713210804
24h_pooled_same_sample,r2p8_w128_di16,specific_humidity,400.0,0.00010648448116664912,0.0001929037278424272
24h_pooled_same_sample,r2p8_w128_di16,specific_humidity,450.0,0.00011798751340639241,0.00017535731348917942
24h_pooled_same_sample,r2p8_w128_di16,specific_humidity,500.0,0.00012642298811874658,0.00016556878600070438
24h_pooled_same_sample,r2p8_w128_di16,specific_humidity,550.0,0.000140829755363399,0.00017202840685181256
24h_pooled_same_sample,r2p8_w128_di16,specific_humidity,600.0,0.0001549380111048789,0.00021349245154551644
24h_pooled_same_sample,r2p8_w128_di16,specific_humidity,650.0,0.00017508907914957385,0.00024003176550149559
24h_pooled_same_sample,r2p8_w128_di16,specific_humidity,700.0,0.00018404754896806367,0.00029013461856768194
24h_pooled_same_sample,r2p8_w128_di16,specific_humidity,750.0,0.00019431239338515017,0.00026810297498587577
24h_pooled_same_sample,r2p8_w128_di16,specific_humidity,775.0,0.00019757859181073064,0.0002542495520294748
24h_pooled_same_sample,r2p8_w128_di16,specific_humidity,800.0,0.00020567438055145126,0.00027011994537520746
24h_pooled_same_sample,r2p8_w128_di16,specific_humidity,825.0,0.00022098725467038576,0.0002917142680352315
24h_pooled_same_sample,r2p8_w128_di16,specific_humidity,850.0,0.00024262943094301672,0.00032571205820254383
24h_pooled_same_sample,r2p8_w128_di16,specific_humidity,875.0,0.00026992404042196726,0.0003448712337791564
24h_pooled_same_sample,r2p8_w128_di16,specific_humidity,900.0,0.0003072015695545175,0.0003978071410499941
24h_pooled_same_sample,r2p8_w128_di16,specific_humidity,925.0,0.000320822980669525,0.00039527737667025
24h_pooled_same_sample,r2p8_w128_di16,specific_humidity,950.0,0.0002958785092336148,0.00037199574961948245
24h_pooled_same_sample,r2p8_w128_di16,specific_humidity,975.0,0.0002889287238962439,0.000334403452157496
24h_pooled_same_sample,r2p8_w128_di16,specific_humidity,1000.0,0.000289552567937403,0.00037412313198957
24h_pooled_same_sample,r2p8_w128_di16,specific_cloud_ice_water_content,1.0,5.481102841171531e-10,6.425613253123251e-10
24h_pooled_same_sample,r2p8_w128_di16,specific_cloud_ice_water_content,2.0,1.0738488974001193e-09,1.2843669189904981e-09
24h_pooled_same_sample,r2p8_w128_di16,specific_cloud_ice_water_content,3.0,1.6099056991358948e-09,1.9340681060308476e-09
24h_pooled_same_sample,r2p8_w128_di16,specific_cloud_ice_water_content,5.0,2.659899668118784e-09,3.219628843972359e-09
24h_pooled_same_sample,r2p8_w128_di16,specific_cloud_ice_water_content,7.0,3.743278762290062e-09,4.506733631381137e-09
24h_pooled_same_sample,r2p8_w128_di16,specific_cloud_ice_water_content,10.0,5.405492996344637e-09,6.418061976565045e-09
24h_pooled_same_sample,r2p8_w128_di16,specific_cloud_ice_water_content,20.0,7.623219998898916e-09,9.74068731302095e-09
24h_pooled_same_sample,r2p8_w128_di16,specific_cloud_ice_water_content,30.0,8.217855397322004e-09,1.180754328035203e-08
24h_pooled_same_sample,r2p8_w128_di16,specific_cloud_ice_water_content,50.0,8.025086245008485e-09,1.5460663025895296e-08
24h_pooled_same_sample,r2p8_w128_di16,specific_cloud_ice_water_content,70.0,9.301755854186178e-09,1.879294548837388e-08
24h_pooled_same_sample,r2p8_w128_di16,specific_cloud_ice_water_content,100.0,3.762467271468491e-08,5.2938059338768686e-08
24h_pooled_same_sample,r2p8_w128_di16,specific_cloud_ice_water_content,125.0,2.4655626841474473e-07,2.8048058695644736e-07
24h_pooled_same_sample,r2p8_w128_di16,specific_cloud_ice_water_content,150.0,8.134619964575301e-07,9.184034564802955e-07
24h_pooled_same_sample,r2p8_w128_di16,specific_cloud_ice_water_content,175.0,1.6090673106963328e-06,1.975151094231985e-06
24h_pooled_same_sample,r2p8_w128_di16,specific_cloud_ice_water_content,200.0,2.6287573927645876e-06,3.694106365772736e-06
24h_pooled_same_sample,r2p8_w128_di16,specific_cloud_ice_water_content,225.0,3.845437934398526e-06,6.430725663945274e-06
24h_pooled_same_sample,r2p8_w128_di16,specific_cloud_ice_water_content,250.0,4.729140217236559e-06,1.0450172935809607e-05
24h_pooled_same_sample,r2p8_w128_di16,specific_cloud_ice_water_content,300.0,5.417411053544277e-06,1.2004403593319932e-05
24h_pooled_same_sample,r2p8_w128_di16,specific_cloud_ice_water_content,350.0,5.632247915524947e-06,9.658845708059516e-06
24h_pooled_same_sample,r2p8_w128_di16,specific_cloud_ice_water_content,400.0,4.860550299088118e-06,6.724987404363897e-06
24h_pooled_same_sample,r2p8_w128_di16,specific_cloud_ice_water_content,450.0,3.990281107146235e-06,5.1855343191963535e-06
24h_pooled_same_sample,r2p8_w128_di16,specific_cloud_ice_water_content,500.0,3.1559481343588223e-06,3.953153139144547e-06
24h_pooled_same_sample,r2p8_w128_di16,specific_cloud_ice_water_content,550.0,2.3123334098612748e-06,2.8850676621563046e-06
24h_pooled_same_sample,r2p8_w128_di16,specific_cloud_ice_water_content,600.0,1.7597428694932235e-06,2.1698539726195924e-06
24h_pooled_same_sample,r2p8_w128_di16,specific_cloud_ice_water_content,650.0,1.4081887062530045e-06,1.7348662515163896e-06
24h_pooled_same_sample,r2p8_w128_di16,specific_cloud_ice_water_content,700.0,1.1319149947063627e-06,1.3421855400172779e-06
24h_pooled_same_sample,r2p8_w128_di16,specific_cloud_ice_water_content,750.0,9.527834416372462e-07,1.1258861028932954e-06
24h_pooled_same_sample,r2p8_w128_di16,specific_cloud_ice_water_content,775.0,9.69404336370444e-07,1.1138847936771525e-06
24h_pooled_same_sample,r2p8_w128_di16,specific_cloud_ice_water_content,800.0,9.99307869791291e-07,1.1914801510536841e-06
24h_pooled_same_sample,r2p8_w128_di16,specific_cloud_ice_water_content,825.0,9.961092308665174e-07,1.1524604269360646e-06
24h_pooled_same_sample,r2p8_w128_di16,specific_cloud_ice_water_content,850.0,8.936175737592943e-07,9.90274468772789e-07
24h_pooled_same_sample,r2p8_w128_di16,specific_cloud_ice_water_content,875.0,7.43690002591275e-07,8.288114323150835e-07
24h_pooled_same_sample,r2p8_w128_di16,specific_cloud_ice_water_content,900.0,6.236159586977966e-07,7.398040531044737e-07
24h_pooled_same_sample,r2p8_w128_di16,specific_cloud_ice_water_content,925.0,5.149102995910019e-07,6.6238161841284e-07
24h_pooled_same_sample,r2p8_w128_di16,specific_cloud_ice_water_content,950.0,3.8526945608019866e-07,4.890589183567621e-07
24h_pooled_same_sample,r2p8_w128_di16,specific_cloud_ice_water_content,975.0,2.7235389326951234e-07,3.281283468287638e-07
24h_pooled_same_sample,r2p8_w128_di16,specific_cloud_ice_water_content,1000.0,2.3246360369504667e-07,2.9128023248205846e-07
24h_pooled_same_sample,r2p8_w128_di16,specific_cloud_liquid_water_content,1.0,4.2554468665186877e-10,7.471063233021122e-10
24h_pooled_same_sample,r2p8_w128_di16,specific_cloud_liquid_water_content,2.0,8.533156333449434e-10,1.4944034442337134e-09
24h_pooled_same_sample,r2p8_w128_di16,specific_cloud_liquid_water_content,3.0,1.2644025481491603e-09,2.2392860749029887e-09
24h_pooled_same_sample,r2p8_w128_di16,specific_cloud_liquid_water_content,5.0,2.1273746443327645e-09,3.742562323054848e-09
24h_pooled_same_sample,r2p8_w128_di16,specific_cloud_liquid_water_content,7.0,3.0167298314492627e-09,5.240464210556484e-09
24h_pooled_same_sample,r2p8_w128_di16,specific_cloud_liquid_water_content,10.0,4.221144961983483e-09,7.436252784906893e-09
24h_pooled_same_sample,r2p8_w128_di16,specific_cloud_liquid_water_content,20.0,6.533443234305127e-09,1.163814551779502e-08
24h_pooled_same_sample,r2p8_w128_di16,specific_cloud_liquid_water_content,30.0,7.164874789372557e-09,1.3990371578121702e-08
24h_pooled_same_sample,r2p8_w128_di16,specific_cloud_liquid_water_content,50.0,1.120400711899004e-08,3.8405805641671325e-08
24h_pooled_same_sample,r2p8_w128_di16,specific_cloud_liquid_water_content,70.0,1.0308092861351558e-08,5.264379029016309e-08
24h_pooled_same_sample,r2p8_w128_di16,specific_cloud_liquid_water_content,100.0,1.4096251298440844e-08,4.8036827932082205e-08
24h_pooled_same_sample,r2p8_w128_di16,specific_cloud_liquid_water_content,125.0,1.51361336223033e-08,5.397240850125037e-08
24h_pooled_same_sample,r2p8_w128_di16,specific_cloud_liquid_water_content,150.0,2.0832729407515937e-08,5.49720971116881e-08
24h_pooled_same_sample,r2p8_w128_di16,specific_cloud_liquid_water_content,175.0,2.983492991684624e-08,4.9700095094761945e-08
24h_pooled_same_sample,r2p8_w128_di16,specific_cloud_liquid_water_content,200.0,4.061891406435729e-08,7.029209024612108e-08
24h_pooled_same_sample,r2p8_w128_di16,specific_cloud_liquid_water_content,225.0,3.956738422644564e-08,5.398783903225541e-08
24h_pooled_same_sample,r2p8_w128_di16,specific_cloud_liquid_water_content,250.0,4.836736592529835e-08,7.45492960971421e-08
24h_pooled_same_sample,r2p8_w128_di16,specific_cloud_liquid_water_content,300.0,9.395639617860483e-08,1.254145663814701e-07
24h_pooled_same_sample,r2p8_w128_di16,specific_cloud_liquid_water_content,350.0,1.7026503398542192e-07,2.2535441858060273e-07
24h_pooled_same_sample,r2p8_w128_di16,specific_cloud_liquid_water_content,400.0,3.7959727784284903e-07,4.998108365840986e-07
24h_pooled_same_sample,r2p8_w128_di16,specific_cloud_liquid_water_content,450.0,9.701133768709727e-07,1.1447226049255464e-06
24h_pooled_same_sample,r2p8_w128_di16,specific_cloud_liquid_water_content,500.0,2.3676245989285307e-06,2.6596940337020327e-06
24h_pooled_same_sample,r2p8_w128_di16,specific_cloud_liquid_water_content,550.0,4.392962530070026e-06,4.6410167603239434e-06
24h_pooled_same_sample,r2p8_w128_di16,specific_cloud_liquid_water_content,600.0,3.849404015870277e-06,4.217479064666027e-06
24h_pooled_same_sample,r2p8_w128_di16,specific_cloud_liquid_water_content,650.0,4.2121573262407645e-06,4.6118036405182615e-06
24h_pooled_same_sample,r2p8_w128_di16,specific_cloud_liquid_water_content,700.0,5.5627599215630365e-06,6.0504645839562814e-06
24h_pooled_same_sample,r2p8_w128_di16,specific_cloud_liquid_water_content,750.0,7.639527532255534e-06,8.27881936713768e-06
24h_pooled_same_sample,r2p8_w128_di16,specific_cloud_liquid_water_content,775.0,8.888479069958361e-06,9.722988550961824e-06
24h_pooled_same_sample,r2p8_w128_di16,specific_cloud_liquid_water_content,800.0,1.059446093955554e-05,1.3563866362934393e-05
24h_pooled_same_sample,r2p8_w128_di16,specific_cloud_liquid_water_content,825.0,1.431612211610435e-05,2.057988754940294e-05
24h_pooled_same_sample,r2p8_w128_di16,specific_cloud_liquid_water_content,850.0,1.7497133913704678e-05,3.5089086816219465e-05
24h_pooled_same_sample,r2p8_w128_di16,specific_cloud_liquid_water_content,875.0,1.846401765247119e-05,5.446401153413463e-05
24h_pooled_same_sample,r2p8_w128_di16,specific_cloud_liquid_water_content,900.0,1.6977056084118652e-05,4.472028703785182e-05
24h_pooled_same_sample,r2p8_w128_di16,specific_cloud_liquid_water_content,925.0,1.4045377465720781e-05,2.4458500211434775e-05
24h_pooled_same_sample,r2p8_w128_di16,specific_cloud_liquid_water_content,950.0,9.976294358462551e-06,2.449798230209926e-05
24h_pooled_same_sample,r2p8_w128_di16,specific_cloud_liquid_water_content,975.0,6.179770833591685e-06,1.9356719732415667e-05
24h_pooled_same_sample,r2p8_w128_di16,specific_cloud_liquid_water_content,1000.0,3.7228728473207102e-06,6.255750333398412e-06
24h_pooled_same_sample,r2p8_w128_di32,temperature,1.0,8.821480584862254e-05,0.00037316553209914736
24h_pooled_same_sample,r2p8_w128_di32,temperature,2.0,0.00011604489692807205,0.0018273271492784964
24h_pooled_same_sample,r2p8_w128_di32,temperature,3.0,0.00011398901451311374,0.003440422290448436
24h_pooled_same_sample,r2p8_w128_di32,temperature,5.0,0.00010767057462153204,0.004392184528537777
24h_pooled_same_sample,r2p8_w128_di32,temperature,7.0,0.00010046212774271577,0.00432895163745901
24h_pooled_same_sample,r2p8_w128_di32,temperature,10.0,8.132182863396367e-05,0.004232705567314242
24h_pooled_same_sample,r2p8_w128_di32,temperature,20.0,0.0001227307264371553,0.0010703735819787015
24h_pooled_same_sample,r2p8_w128_di32,temperature,30.0,0.00013625884374648958,0.00019188099586074807
24h_pooled_same_sample,r2p8_w128_di32,temperature,50.0,2.234274945014813e-05,0.0018065984592951598
24h_pooled_same_sample,r2p8_w128_di32,temperature,70.0,3.044826882959435e-05,0.000398869383164225
24h_pooled_same_sample,r2p8_w128_di32,temperature,100.0,3.0008873220966572e-05,0.00020390940849564622
24h_pooled_same_sample,r2p8_w128_di32,temperature,125.0,2.4841364419281167e-05,0.00029584363174210926
24h_pooled_same_sample,r2p8_w128_di32,temperature,150.0,2.395746409602191e-05,0.00011545413759853503
24h_pooled_same_sample,r2p8_w128_di32,temperature,175.0,2.5569664872268663e-05,5.971787859491432e-05
24h_pooled_same_sample,r2p8_w128_di32,temperature,200.0,3.0475518440243124e-05,4.232430416936678e-05
24h_pooled_same_sample,r2p8_w128_di32,temperature,225.0,3.568404417987756e-05,5.17736161171447e-05
24h_pooled_same_sample,r2p8_w128_di32,temperature,250.0,3.8802355924877596e-05,5.73898890673292e-05
24h_pooled_same_sample,r2p8_w128_di32,temperature,300.0,4.299323213806997e-05,6.420717215406786e-05
24h_pooled_same_sample,r2p8_w128_di32,temperature,350.0,4.656946400726388e-05,6.414111133380594e-05
24h_pooled_same_sample,r2p8_w128_di32,temperature,400.0,5.2156698939537764e-05,6.606597022591069e-05
24h_pooled_same_sample,r2p8_w128_di32,temperature,450.0,5.873237498153987e-05,6.956563362651572e-05
24h_pooled_same_sample,r2p8_w128_di32,temperature,500.0,6.515447638436958e-05,7.718616945946384e-05
24h_pooled_same_sample,r2p8_w128_di32,temperature,550.0,7.495151808238397e-05,8.892457329196231e-05
24h_pooled_same_sample,r2p8_w128_di32,temperature,600.0,8.653401064849457e-05,0.00010515126112652123
24h_pooled_same_sample,r2p8_w128_di32,temperature,650.0,0.00010096832377196341,0.0001234281303067749
24h_pooled_same_sample,r2p8_w128_di32,temperature,700.0,0.00011771351963658917,0.00014347497470581214
24h_pooled_same_sample,r2p8_w128_di32,temperature,750.0,0.00014380486634407705,0.00017233510755415224
24h_pooled_same_sample,r2p8_w128_di32,temperature,775.0,0.000158297590374632,0.0001823246693528109
24h_pooled_same_sample,r2p8_w128_di32,temperature,800.0,0.00017870302944024224,0.0002314171370580062
24h_pooled_same_sample,r2p8_w128_di32,temperature,825.0,0.000209575718678494,0.0002654630165577
24h_pooled_same_sample,r2p8_w128_di32,temperature,850.0,0.00023270877894945416,0.000352651933319372
24h_pooled_same_sample,r2p8_w128_di32,temperature,875.0,0.0002447040279793218,0.00037623170483009607
24h_pooled_same_sample,r2p8_w128_di32,temperature,900.0,0.00025146239738075394,0.0003428861522773279
24h_pooled_same_sample,r2p8_w128_di32,temperature,925.0,0.0002618563189624432,0.0003537498999536679
24h_pooled_same_sample,r2p8_w128_di32,temperature,950.0,0.0002823840154772633,0.0003779898565151368
24h_pooled_same_sample,r2p8_w128_di32,temperature,975.0,0.00032038187474471265,0.0004167694075293552
24h_pooled_same_sample,r2p8_w128_di32,temperature,1000.0,0.0003428214417459891,0.0004652710777077228
24h_pooled_same_sample,r2p8_w128_di32,geopotential,1.0,0.07705960995396051,0.0020267579441884936
24h_pooled_same_sample,r2p8_w128_di32,geopotential,2.0,0.07187698835937817,0.0007351380656350653
24h_pooled_same_sample,r2p8_w128_di32,geopotential,3.0,0.06131215417881434,0.0006095387383597056
24h_pooled_same_sample,r2p8_w128_di32,geopotential,5.0,0.03844355992000956,0.0005159540875711384
24h_pooled_same_sample,r2p8_w128_di32,geopotential,7.0,0.021429592574350103,0.00033594004205437735
24h_pooled_same_sample,r2p8_w128_di32,geopotential,10.0,0.006436495683780436,0.0002229323547307186
24h_pooled_same_sample,r2p8_w128_di32,geopotential,20.0,0.0031880777824343847,0.0012473177660180437
24h_pooled_same_sample,r2p8_w128_di32,geopotential,30.0,0.008026843883542032,0.000995220383292794
24h_pooled_same_sample,r2p8_w128_di32,geopotential,50.0,1.5106293924773156e-05,0.00023592689922027148
24h_pooled_same_sample,r2p8_w128_di32,geopotential,70.0,1.824552074955113e-05,0.00037792850188885104
24h_pooled_same_sample,r2p8_w128_di32,geopotential,100.0,1.659600785443636e-05,5.61229949964492e-05
24h_pooled_same_sample,r2p8_w128_di32,geopotential,125.0,1.7052378182113594e-05,2.1276201049685968e-05
24h_pooled_same_sample,r2p8_w128_di32,geopotential,150.0,1.850543188912399e-05,2.3389748279562288e-05
24h_pooled_same_sample,r2p8_w128_di32,geopotential,175.0,2.0898047076714572e-05,4.6964714898291e-05
24h_pooled_same_sample,r2p8_w128_di32,geopotential,200.0,2.3726039164833834e-05,3.283600402709734e-05
24h_pooled_same_sample,r2p8_w128_di32,geopotential,225.0,2.5592107634101232e-05,3.4246879252858676e-05
24h_pooled_same_sample,r2p8_w128_di32,geopotential,250.0,2.8281535141693412e-05,3.4557568535823815e-05
24h_pooled_same_sample,r2p8_w128_di32,geopotential,300.0,3.39116837154995e-05,5.567588749270412e-05
24h_pooled_same_sample,r2p8_w128_di32,geopotential,350.0,3.7648480141652256e-05,4.938184318885446e-05
24h_pooled_same_sample,r2p8_w128_di32,geopotential,400.0,3.970750906795177e-05,5.204804920475155e-05
24h_pooled_same_sample,r2p8_w128_di32,geopotential,450.0,4.099090969825213e-05,5.2365360009830796e-05
24h_pooled_same_sample,r2p8_w128_di32,geopotential,500.0,4.1944484753377335e-05,5.391075526705037e-05
24h_pooled_same_sample,r2p8_w128_di32,geopotential,550.0,4.297990933790066e-05,5.6533660616176314e-05
24h_pooled_same_sample,r2p8_w128_di32,geopotential,600.0,4.471783467122454e-05,5.753291609503422e-05
24h_pooled_same_sample,r2p8_w128_di32,geopotential,650.0,4.6845726689234384e-05,6.40931210024832e-05
24h_pooled_same_sample,r2p8_w128_di32,geopotential,700.0,5.006262223360361e-05,6.800631293643872e-05
24h_pooled_same_sample,r2p8_w128_di32,geopotential,750.0,5.3624877588000324e-05,7.405555975687798e-05
24h_pooled_same_sample,r2p8_w128_di32,geopotential,775.0,5.6131991791135237e-05,7.900261577471187e-05
24h_pooled_same_sample,r2p8_w128_di32,geopotential,800.0,5.862468209834364e-05,8.141958881777324e-05
24h_pooled_same_sample,r2p8_w128_di32,geopotential,825.0,6.162569019699654e-05,8.400836377042691e-05
24h_pooled_same_sample,r2p8_w128_di32,geopotential,850.0,6.495561357583981e-05,8.974836070339322e-05
24h_pooled_same_sample,r2p8_w128_di32,geopotential,875.0,6.864083758874208e-05,9.767490690423862e-05
24h_pooled_same_sample,r2p8_w128_di32,geopotential,900.0,7.365818592427037e-05,0.00010510483389068513
24h_pooled_same_sample,r2p8_w128_di32,geopotential,925.0,7.943674192306548e-05,0.0001147913310373734
24h_pooled_same_sample,r2p8_w128_di32,geopotential,950.0,8.588890228517003e-05,0.00012794558121296268
24h_pooled_same_sample,r2p8_w128_di32,geopotential,975.0,9.500532133324796e-05,0.00015284837362073908
24h_pooled_same_sample,r2p8_w128_di32,geopotential,1000.0,0.00010739272860004891,0.00019919202370021594
24h_pooled_same_sample,r2p8_w128_di32,u_component_of_wind,1.0,0.0001392856109368252,0.0002852923577617462
24h_pooled_same_sample,r2p8_w128_di32,u_component_of_wind,2.0,0.00017543388277244286,0.00024565311959937655
24h_pooled_same_sample,r2p8_w128_di32,u_component_of_wind,3.0,0.00016512250387063117,0.0002343347046497176
24h_pooled_same_sample,r2p8_w128_di32,u_component_of_wind,5.0,0.00013446052626700503,0.00017800325101091844
24h_pooled_same_sample,r2p8_w128_di32,u_component_of_wind,7.0,0.00012790167142056946,0.000164333859403328
24h_pooled_same_sample,r2p8_w128_di32,u_component_of_wind,10.0,0.00013124619400531231,0.00018859364150250482
24h_pooled_same_sample,r2p8_w128_di32,u_component_of_wind,20.0,0.00010318892075386816,0.000182120317744415
24h_pooled_same_sample,r2p8_w128_di32,u_component_of_wind,30.0,0.00015139446619398135,0.00020267101680601407
24h_pooled_same_sample,r2p8_w128_di32,u_component_of_wind,50.0,1.0900859244908278e-05,6.02773556263562e-05
24h_pooled_same_sample,r2p8_w128_di32,u_component_of_wind,70.0,1.5135525085532616e-05,3.2410886162716235e-05
24h_pooled_same_sample,r2p8_w128_di32,u_component_of_wind,100.0,2.5139459737890482e-05,5.133033705446444e-05
24h_pooled_same_sample,r2p8_w128_di32,u_component_of_wind,125.0,3.417037712548227e-05,5.339798864901806e-05
24h_pooled_same_sample,r2p8_w128_di32,u_component_of_wind,150.0,4.324450198263909e-05,7.599644350730645e-05
24h_pooled_same_sample,r2p8_w128_di32,u_component_of_wind,175.0,5.132590388251618e-05,8.437667811926001e-05
24h_pooled_same_sample,r2p8_w128_di32,u_component_of_wind,200.0,6.15120642283913e-05,9.760597656288287e-05
24h_pooled_same_sample,r2p8_w128_di32,u_component_of_wind,225.0,7.586698916552081e-05,0.00011760582992806525
24h_pooled_same_sample,r2p8_w128_di32,u_component_of_wind,250.0,9.057748495641285e-05,0.00013476998297200007
24h_pooled_same_sample,r2p8_w128_di32,u_component_of_wind,300.0,0.00011401883234868769,0.00020516226199126112
24h_pooled_same_sample,r2p8_w128_di32,u_component_of_wind,350.0,0.00012187824792851106,0.0002645738163613857
24h_pooled_same_sample,r2p8_w128_di32,u_component_of_wind,400.0,0.00012263147376649327,0.0001780369586239077
24h_pooled_same_sample,r2p8_w128_di32,u_component_of_wind,450.0,0.00012167485386001411,0.00016900613182697008
24h_pooled_same_sample,r2p8_w128_di32,u_component_of_wind,500.0,0.00012042711187461319,0.00014918332957901672
24h_pooled_same_sample,r2p8_w128_di32,u_component_of_wind,550.0,0.00012320079147785985,0.00014304842047309273
24h_pooled_same_sample,r2p8_w128_di32,u_component_of_wind,600.0,0.00012555842784068856,0.00014372056921208088
24h_pooled_same_sample,r2p8_w128_di32,u_component_of_wind,650.0,0.00013080245434491606,0.00017764159797519988
24h_pooled_same_sample,r2p8_w128_di32,u_component_of_wind,700.0,0.0001352911489480939,0.00017826291046083403
24h_pooled_same_sample,r2p8_w128_di32,u_component_of_wind,750.0,0.00013963713898589635,0.0001575363131788664
24h_pooled_same_sample,r2p8_w128_di32,u_component_of_wind,775.0,0.00014103474257798863,0.00016575392763368567
24h_pooled_same_sample,r2p8_w128_di32,u_component_of_wind,800.0,0.00014301660773738707,0.00016365246668177758
24h_pooled_same_sample,r2p8_w128_di32,u_component_of_wind,825.0,0.00014463902328729902,0.00016546136030653205
24h_pooled_same_sample,r2p8_w128_di32,u_component_of_wind,850.0,0.00014423072784407642,0.00016638115741229571
24h_pooled_same_sample,r2p8_w128_di32,u_component_of_wind,875.0,0.000142612658349401,0.00016808081765476736
24h_pooled_same_sample,r2p8_w128_di32,u_component_of_wind,900.0,0.00014173946011028735,0.000170744747755943
24h_pooled_same_sample,r2p8_w128_di32,u_component_of_wind,925.0,0.00014271851966326228,0.0001762221946529393
24h_pooled_same_sample,r2p8_w128_di32,u_component_of_wind,950.0,0.00013990872365823447,0.00018100399591785733
24h_pooled_same_sample,r2p8_w128_di32,u_component_of_wind,975.0,0.0001276929817505574,0.00017747128777955258
24h_pooled_same_sample,r2p8_w128_di32,u_component_of_wind,1000.0,0.00010913119732723354,0.0001651095107108062
24h_pooled_same_sample,r2p8_w128_di32,v_component_of_wind,1.0,1.666139849796399e-05,1.9598069571477876e-05
24h_pooled_same_sample,r2p8_w128_di32,v_component_of_wind,2.0,2.0369065957791188e-05,2.5631188883596497e-05
24h_pooled_same_sample,r2p8_w128_di32,v_component_of_wind,3.0,2.1847981379810413e-05,2.9732615670895764e-05
24h_pooled_same_sample,r2p8_w128_di32,v_component_of_wind,5.0,2.2891041889837947e-05,3.0505972058907908e-05
24h_pooled_same_sample,r2p8_w128_di32,v_component_of_wind,7.0,2.423596778910468e-05,3.066688445597941e-05
24h_pooled_same_sample,r2p8_w128_di32,v_component_of_wind,10.0,2.396188803268318e-05,2.8943459685877295e-05
24h_pooled_same_sample,r2p8_w128_di32,v_component_of_wind,20.0,2.7577516516190327e-05,3.0275354039007997e-05
24h_pooled_same_sample,r2p8_w128_di32,v_component_of_wind,30.0,3.4414604487436675e-05,5.130826618378502e-05
24h_pooled_same_sample,r2p8_w128_di32,v_component_of_wind,50.0,8.10257499352067e-06,4.704211019400799e-05
24h_pooled_same_sample,r2p8_w128_di32,v_component_of_wind,70.0,1.18374328691991e-05,0.00037508431894962233
24h_pooled_same_sample,r2p8_w128_di32,v_component_of_wind,100.0,1.9014335215503892e-05,5.107018826519226e-05
24h_pooled_same_sample,r2p8_w128_di32,v_component_of_wind,125.0,2.5625029568700844e-05,6.40254360084261e-05
24h_pooled_same_sample,r2p8_w128_di32,v_component_of_wind,150.0,3.127986051830849e-05,6.275776953982944e-05
24h_pooled_same_sample,r2p8_w128_di32,v_component_of_wind,175.0,3.637214658702732e-05,6.00207455825448e-05
24h_pooled_same_sample,r2p8_w128_di32,v_component_of_wind,200.0,4.343922252904267e-05,6.26211612824387e-05
24h_pooled_same_sample,r2p8_w128_di32,v_component_of_wind,225.0,5.526687401796351e-05,9.160266397491935e-05
24h_pooled_same_sample,r2p8_w128_di32,v_component_of_wind,250.0,6.83611603495085e-05,0.00013050763064212628
24h_pooled_same_sample,r2p8_w128_di32,v_component_of_wind,300.0,9.236422599837156e-05,0.00016275245781250853
24h_pooled_same_sample,r2p8_w128_di32,v_component_of_wind,350.0,0.0001019129007448797,0.0001812529745822655
24h_pooled_same_sample,r2p8_w128_di32,v_component_of_wind,400.0,0.00010314740177327286,0.0001396659502731209
24h_pooled_same_sample,r2p8_w128_di32,v_component_of_wind,450.0,0.00010145836344214512,0.00014021298421435706
24h_pooled_same_sample,r2p8_w128_di32,v_component_of_wind,500.0,9.948536634056792e-05,0.00013469964101426584
24h_pooled_same_sample,r2p8_w128_di32,v_component_of_wind,550.0,0.00010075907250119201,0.0001247922527065737
24h_pooled_same_sample,r2p8_w128_di32,v_component_of_wind,600.0,0.00010193708614275215,0.00012645825415090494
24h_pooled_same_sample,r2p8_w128_di32,v_component_of_wind,650.0,0.00010537028195841858,0.00014538004544573108
24h_pooled_same_sample,r2p8_w128_di32,v_component_of_wind,700.0,0.00010898040509834395,0.00013768946709542059
24h_pooled_same_sample,r2p8_w128_di32,v_component_of_wind,750.0,0.0001127189687522538,0.00014034874389966774
24h_pooled_same_sample,r2p8_w128_di32,v_component_of_wind,775.0,0.00011430915733887794,0.00015656627454557642
24h_pooled_same_sample,r2p8_w128_di32,v_component_of_wind,800.0,0.00011614959214480692,0.0001922770164794134
24h_pooled_same_sample,r2p8_w128_di32,v_component_of_wind,825.0,0.00011787311161928725,0.00016466765188258132
24h_pooled_same_sample,r2p8_w128_di32,v_component_of_wind,850.0,0.00011851432226737763,0.00016637718951497454
24h_pooled_same_sample,r2p8_w128_di32,v_component_of_wind,875.0,0.00011847416538355683,0.00017034114740003623
24h_pooled_same_sample,r2p8_w128_di32,v_component_of_wind,900.0,0.00011939943010946127,0.00016072093028426308
24h_pooled_same_sample,r2p8_w128_di32,v_component_of_wind,925.0,0.00011989955323962916,0.00015542362473953129
24h_pooled_same_sample,r2p8_w128_di32,v_component_of_wind,950.0,0.00011754188650629859,0.00016303472333817852
24h_pooled_same_sample,r2p8_w128_di32,v_component_of_wind,975.0,0.00010618290535371175,0.00015173278382926822
24h_pooled_same_sample,r2p8_w128_di32,v_component_of_wind,1000.0,8.882007580993521e-05,0.0001244976417993487
24h_pooled_same_sample,r2p8_w128_di32,specific_humidity,1.0,0.0006824644422503515,9.792504587418089e-05
24h_pooled_same_sample,r2p8_w128_di32,specific_humidity,2.0,0.001155988528280169,0.00010191709038385927
24h_pooled_same_sample,r2p8_w128_di32,specific_humidity,3.0,0.0011152379866153056,9.862507069499555e-05
24h_pooled_same_sample,r2p8_w128_di32,specific_humidity,5.0,0.0008267738924853832,0.00031031186509994634
24h_pooled_same_sample,r2p8_w128_di32,specific_humidity,7.0,0.0006426391051640311,0.0006546287672093668
24h_pooled_same_sample,r2p8_w128_di32,specific_humidity,10.0,0.0005086924362963593,0.0014518309730456056
24h_pooled_same_sample,r2p8_w128_di32,specific_humidity,20.0,0.0002856903372898454,0.00278549017363819
24h_pooled_same_sample,r2p8_w128_di32,specific_humidity,30.0,0.0002638479688218487,0.0006728097528324719
24h_pooled_same_sample,r2p8_w128_di32,specific_humidity,50.0,4.490426422129601e-06,0.004022775323508373
24h_pooled_same_sample,r2p8_w128_di32,specific_humidity,70.0,1.3106484791446056e-05,0.00039764149807049
24h_pooled_same_sample,r2p8_w128_di32,specific_humidity,100.0,3.1926729785105284e-05,8.271539431871564e-05
24h_pooled_same_sample,r2p8_w128_di32,specific_humidity,125.0,4.310083426632667e-05,0.00014841465704699687
24h_pooled_same_sample,r2p8_w128_di32,specific_humidity,150.0,5.027434570248657e-05,0.00015899120402327187
24h_pooled_same_sample,r2p8_w128_di32,specific_humidity,175.0,5.4534206201171836e-05,0.00016434629986591988
24h_pooled_same_sample,r2p8_w128_di32,specific_humidity,200.0,6.077108367540444e-05,9.820392698546913e-05
24h_pooled_same_sample,r2p8_w128_di32,specific_humidity,225.0,6.774931298000458e-05,0.00010718977312072797
24h_pooled_same_sample,r2p8_w128_di32,specific_humidity,250.0,7.368673676024824e-05,0.00012479334396316226
24h_pooled_same_sample,r2p8_w128_di32,specific_humidity,300.0,8.440569805076436e-05,0.0001746250819627971
24h_pooled_same_sample,r2p8_w128_di32,specific_humidity,350.0,9.721981121712712e-05,0.0001666116554833212
24h_pooled_same_sample,r2p8_w128_di32,specific_humidity,400.0,0.00010648448116664912,0.0001920449952721293
24h_pooled_same_sample,r2p8_w128_di32,specific_humidity,450.0,0.00011798751340639241,0.00017612017041124196
24h_pooled_same_sample,r2p8_w128_di32,specific_humidity,500.0,0.00012642298811874658,0.00016539522539827541
24h_pooled_same_sample,r2p8_w128_di32,specific_humidity,550.0,0.000140829755363399,0.00017128600288675172
24h_pooled_same_sample,r2p8_w128_di32,specific_humidity,600.0,0.0001549380111048789,0.00021185486912962827
24h_pooled_same_sample,r2p8_w128_di32,specific_humidity,650.0,0.00017508907914957385,0.00023768781002662503
24h_pooled_same_sample,r2p8_w128_di32,specific_humidity,700.0,0.00018404754896806367,0.0002882153623105242
24h_pooled_same_sample,r2p8_w128_di32,specific_humidity,750.0,0.00019431239338515017,0.0002670369267413272
24h_pooled_same_sample,r2p8_w128_di32,specific_humidity,775.0,0.00019757859181073064,0.0002525616676466093
24h_pooled_same_sample,r2p8_w128_di32,specific_humidity,800.0,0.00020567438055145126,0.00027028104402322694
24h_pooled_same_sample,r2p8_w128_di32,specific_humidity,825.0,0.00022098725467038576,0.00029114541036739076
24h_pooled_same_sample,r2p8_w128_di32,specific_humidity,850.0,0.00024262943094301672,0.00032548444158590886
24h_pooled_same_sample,r2p8_w128_di32,specific_humidity,875.0,0.00026992404042196726,0.0003437440805230292
24h_pooled_same_sample,r2p8_w128_di32,specific_humidity,900.0,0.0003072015695545175,0.0003971508174618156
24h_pooled_same_sample,r2p8_w128_di32,specific_humidity,925.0,0.000320822980669525,0.00039488946050534766
24h_pooled_same_sample,r2p8_w128_di32,specific_humidity,950.0,0.0002958785092336148,0.00037194473110551264
24h_pooled_same_sample,r2p8_w128_di32,specific_humidity,975.0,0.0002889287238962439,0.00033309704466260714
24h_pooled_same_sample,r2p8_w128_di32,specific_humidity,1000.0,0.000289552567937403,0.00037219739935994437
24h_pooled_same_sample,r2p8_w128_di32,specific_cloud_ice_water_content,1.0,5.481102841171531e-10,6.563087741686586e-10
24h_pooled_same_sample,r2p8_w128_di32,specific_cloud_ice_water_content,2.0,1.0738488974001193e-09,1.308538942260151e-09
24h_pooled_same_sample,r2p8_w128_di32,specific_cloud_ice_water_content,3.0,1.6099056991358948e-09,1.9711052194778328e-09
24h_pooled_same_sample,r2p8_w128_di32,specific_cloud_ice_water_content,5.0,2.659899668118784e-09,3.280870879692816e-09
24h_pooled_same_sample,r2p8_w128_di32,specific_cloud_ice_water_content,7.0,3.743278762290062e-09,4.592590730484425e-09
24h_pooled_same_sample,r2p8_w128_di32,specific_cloud_ice_water_content,10.0,5.405492996344637e-09,6.546000960580774e-09
24h_pooled_same_sample,r2p8_w128_di32,specific_cloud_ice_water_content,20.0,7.623219998898916e-09,9.86084773631021e-09
24h_pooled_same_sample,r2p8_w128_di32,specific_cloud_ice_water_content,30.0,8.217855397322004e-09,1.1859417501028984e-08
24h_pooled_same_sample,r2p8_w128_di32,specific_cloud_ice_water_content,50.0,8.025086245008485e-09,1.5425655936808978e-08
24h_pooled_same_sample,r2p8_w128_di32,specific_cloud_ice_water_content,70.0,9.301755854186178e-09,1.8458821401745473e-08
24h_pooled_same_sample,r2p8_w128_di32,specific_cloud_ice_water_content,100.0,3.762467271468491e-08,5.2351091657820295e-08
24h_pooled_same_sample,r2p8_w128_di32,specific_cloud_ice_water_content,125.0,2.4655626841474473e-07,2.789845124563212e-07
24h_pooled_same_sample,r2p8_w128_di32,specific_cloud_ice_water_content,150.0,8.134619964575301e-07,9.13885390912986e-07
24h_pooled_same_sample,r2p8_w128_di32,specific_cloud_ice_water_content,175.0,1.6090673106963328e-06,1.9592212586800303e-06
24h_pooled_same_sample,r2p8_w128_di32,specific_cloud_ice_water_content,200.0,2.6287573927645876e-06,3.6437155196583488e-06
24h_pooled_same_sample,r2p8_w128_di32,specific_cloud_ice_water_content,225.0,3.845437934398526e-06,6.272389435396523e-06
24h_pooled_same_sample,r2p8_w128_di32,specific_cloud_ice_water_content,250.0,4.729140217236559e-06,1.0028627007185168e-05
24h_pooled_same_sample,r2p8_w128_di32,specific_cloud_ice_water_content,300.0,5.417411053544277e-06,1.166042211989025e-05
24h_pooled_same_sample,r2p8_w128_di32,specific_cloud_ice_water_content,350.0,5.632247915524947e-06,9.493791208111464e-06
24h_pooled_same_sample,r2p8_w128_di32,specific_cloud_ice_water_content,400.0,4.860550299088118e-06,6.6549893083946144e-06
24h_pooled_same_sample,r2p8_w128_di32,specific_cloud_ice_water_content,450.0,3.990281107146235e-06,5.146004150522071e-06
24h_pooled_same_sample,r2p8_w128_di32,specific_cloud_ice_water_content,500.0,3.1559481343588223e-06,3.939896512272829e-06
24h_pooled_same_sample,r2p8_w128_di32,specific_cloud_ice_water_content,550.0,2.3123334098612748e-06,2.8792591304909393e-06
24h_pooled_same_sample,r2p8_w128_di32,specific_cloud_ice_water_content,600.0,1.7597428694932235e-06,2.16692381911615e-06
24h_pooled_same_sample,r2p8_w128_di32,specific_cloud_ice_water_content,650.0,1.4081887062530045e-06,1.7280212786990289e-06
24h_pooled_same_sample,r2p8_w128_di32,specific_cloud_ice_water_content,700.0,1.1319149947063627e-06,1.3360795450572647e-06
24h_pooled_same_sample,r2p8_w128_di32,specific_cloud_ice_water_content,750.0,9.527834416372462e-07,1.125835099527276e-06
24h_pooled_same_sample,r2p8_w128_di32,specific_cloud_ice_water_content,775.0,9.69404336370444e-07,1.1105954515867267e-06
24h_pooled_same_sample,r2p8_w128_di32,specific_cloud_ice_water_content,800.0,9.99307869791291e-07,1.1909990309549576e-06
24h_pooled_same_sample,r2p8_w128_di32,specific_cloud_ice_water_content,825.0,9.961092308665174e-07,1.150415722017589e-06
24h_pooled_same_sample,r2p8_w128_di32,specific_cloud_ice_water_content,850.0,8.936175737592943e-07,9.895388322269428e-07
24h_pooled_same_sample,r2p8_w128_di32,specific_cloud_ice_water_content,875.0,7.43690002591275e-07,8.277834296673247e-07
24h_pooled_same_sample,r2p8_w128_di32,specific_cloud_ice_water_content,900.0,6.236159586977966e-07,7.371240762524692e-07
24h_pooled_same_sample,r2p8_w128_di32,specific_cloud_ice_water_content,925.0,5.149102995910019e-07,6.575959509802759e-07
24h_pooled_same_sample,r2p8_w128_di32,specific_cloud_ice_water_content,950.0,3.8526945608019866e-07,4.864353635258679e-07
24h_pooled_same_sample,r2p8_w128_di32,specific_cloud_ice_water_content,975.0,2.7235389326951234e-07,3.254747826114814e-07
24h_pooled_same_sample,r2p8_w128_di32,specific_cloud_ice_water_content,1000.0,2.3246360369504667e-07,2.9241591378309823e-07
24h_pooled_same_sample,r2p8_w128_di32,specific_cloud_liquid_water_content,1.0,4.2554468665186877e-10,7.192369185782055e-10
24h_pooled_same_sample,r2p8_w128_di32,specific_cloud_liquid_water_content,2.0,8.533156333449434e-10,1.4385308845775015e-09
24h_pooled_same_sample,r2p8_w128_di32,specific_cloud_liquid_water_content,3.0,1.2644025481491603e-09,2.15462735469842e-09
24h_pooled_same_sample,r2p8_w128_di32,specific_cloud_liquid_water_content,5.0,2.1273746443327645e-09,3.602810637880422e-09
24h_pooled_same_sample,r2p8_w128_di32,specific_cloud_liquid_water_content,7.0,3.0167298314492627e-09,5.0468299030953735e-09
24h_pooled_same_sample,r2p8_w128_di32,specific_cloud_liquid_water_content,10.0,4.221144961983483e-09,7.155451279475255e-09
24h_pooled_same_sample,r2p8_w128_di32,specific_cloud_liquid_water_content,20.0,6.533443234305127e-09,1.1117529567636585e-08
24h_pooled_same_sample,r2p8_w128_di32,specific_cloud_liquid_water_content,30.0,7.164874789372557e-09,1.3035007568705952e-08
24h_pooled_same_sample,r2p8_w128_di32,specific_cloud_liquid_water_content,50.0,1.120400711899004e-08,3.3467093134353525e-08
24h_pooled_same_sample,r2p8_w128_di32,specific_cloud_liquid_water_content,70.0,1.0308092861351558e-08,5.242289914549223e-08
24h_pooled_same_sample,r2p8_w128_di32,specific_cloud_liquid_water_content,100.0,1.4096251298440844e-08,4.796789754366726e-08
24h_pooled_same_sample,r2p8_w128_di32,specific_cloud_liquid_water_content,125.0,1.51361336223033e-08,5.493076341632327e-08
24h_pooled_same_sample,r2p8_w128_di32,specific_cloud_liquid_water_content,150.0,2.0832729407515937e-08,5.4702061228340924e-08
24h_pooled_same_sample,r2p8_w128_di32,specific_cloud_liquid_water_content,175.0,2.983492991684624e-08,4.948788231835235e-08
24h_pooled_same_sample,r2p8_w128_di32,specific_cloud_liquid_water_content,200.0,4.061891406435729e-08,6.913901071135414e-08
24h_pooled_same_sample,r2p8_w128_di32,specific_cloud_liquid_water_content,225.0,3.956738422644564e-08,5.308704392368039e-08
24h_pooled_same_sample,r2p8_w128_di32,specific_cloud_liquid_water_content,250.0,4.836736592529835e-08,7.39309927263286e-08
24h_pooled_same_sample,r2p8_w128_di32,specific_cloud_liquid_water_content,300.0,9.395639617860483e-08,1.2483073573955837e-07
24h_pooled_same_sample,r2p8_w128_di32,specific_cloud_liquid_water_content,350.0,1.7026503398542192e-07,2.2712271386411462e-07
24h_pooled_same_sample,r2p8_w128_di32,specific_cloud_liquid_water_content,400.0,3.7959727784284903e-07,4.964748079507766e-07
24h_pooled_same_sample,r2p8_w128_di32,specific_cloud_liquid_water_content,450.0,9.701133768709727e-07,1.140484898267577e-06
24h_pooled_same_sample,r2p8_w128_di32,specific_cloud_liquid_water_content,500.0,2.3676245989285307e-06,2.6525897396339897e-06
24h_pooled_same_sample,r2p8_w128_di32,specific_cloud_liquid_water_content,550.0,4.392962530070026e-06,4.634295206802994e-06
24h_pooled_same_sample,r2p8_w128_di32,specific_cloud_liquid_water_content,600.0,3.849404015870277e-06,4.205693736673539e-06
24h_pooled_same_sample,r2p8_w128_di32,specific_cloud_liquid_water_content,650.0,4.2121573262407645e-06,4.599719263376276e-06
24h_pooled_same_sample,r2p8_w128_di32,specific_cloud_liquid_water_content,700.0,5.5627599215630365e-06,6.0370200671922104e-06
24h_pooled_same_sample,r2p8_w128_di32,specific_cloud_liquid_water_content,750.0,7.639527532255534e-06,8.262995015171583e-06
24h_pooled_same_sample,r2p8_w128_di32,specific_cloud_liquid_water_content,775.0,8.888479069958361e-06,9.69680516832459e-06
24h_pooled_same_sample,r2p8_w128_di32,specific_cloud_liquid_water_content,800.0,1.059446093955554e-05,1.3595097997501426e-05
24h_pooled_same_sample,r2p8_w128_di32,specific_cloud_liquid_water_content,825.0,1.431612211610435e-05,2.0756663181085283e-05
24h_pooled_same_sample,r2p8_w128_di32,specific_cloud_liquid_water_content,850.0,1.7497133913704678e-05,3.542841092152972e-05
24h_pooled_same_sample,r2p8_w128_di32,specific_cloud_liquid_water_content,875.0,1.846401765247119e-05,5.4976735034303764e-05
24h_pooled_same_sample,r2p8_w128_di32,specific_cloud_liquid_water_content,900.0,1.6977056084118652e-05,4.539507752533024e-05
24h_pooled_same_sample,r2p8_w128_di32,specific_cloud_liquid_water_content,925.0,1.4045377465720781e-05,2.456237884106885e-05
24h_pooled_same_sample,r2p8_w128_di32,specific_cloud_liquid_water_content,950.0,9.976294358462551e-06,2.4670372190748493e-05
24h_pooled_same_sample,r2p8_w128_di32,specific_cloud_liquid_water_content,975.0,6.179770833591685e-06,2.0222590877108798e-05
24h_pooled_same_sample,r2p8_w128_di32,specific_cloud_liquid_water_content,1000.0,3.7228728473207102e-06,6.3695458254353015e-06
24h_pooled_same_sample,r2p8_w256_di16,temperature,1.0,8.821480584862254e-05,0.0003594246543988978
24h_pooled_same_sample,r2p8_w256_di16,temperature,2.0,0.00011604489692807205,0.0017496631114277534
24h_pooled_same_sample,r2p8_w256_di16,temperature,3.0,0.00011398901451311374,0.003316223974180131
24h_pooled_same_sample,r2p8_w256_di16,temperature,5.0,0.00010767057462153204,0.0042232698916837555
24h_pooled_same_sample,r2p8_w256_di16,temperature,7.0,0.00010046212774271577,0.004184893264172219
24h_pooled_same_sample,r2p8_w256_di16,temperature,10.0,8.132182863396367e-05,0.004091034580951172
24h_pooled_same_sample,r2p8_w256_di16,temperature,20.0,0.0001227307264371553,0.0010916260206568374
24h_pooled_same_sample,r2p8_w256_di16,temperature,30.0,0.00013625884374648958,0.0001808769229559014
24h_pooled_same_sample,r2p8_w256_di16,temperature,50.0,2.234274945014813e-05,0.0018399665497303651
24h_pooled_same_sample,r2p8_w256_di16,temperature,70.0,3.044826882959435e-05,0.00030225988696047206
24h_pooled_same_sample,r2p8_w256_di16,temperature,100.0,3.0008873220966572e-05,0.00019057745274877683
24h_pooled_same_sample,r2p8_w256_di16,temperature,125.0,2.4841364419281167e-05,0.0002307653279302492
24h_pooled_same_sample,r2p8_w256_di16,temperature,150.0,2.395746409602191e-05,0.00010583811744112718
24h_pooled_same_sample,r2p8_w256_di16,temperature,175.0,2.5569664872268663e-05,6.485444067274447e-05
24h_pooled_same_sample,r2p8_w256_di16,temperature,200.0,3.0475518440243124e-05,4.520803795095359e-05
24h_pooled_same_sample,r2p8_w256_di16,temperature,225.0,3.568404417987756e-05,5.432740961259505e-05
24h_pooled_same_sample,r2p8_w256_di16,temperature,250.0,3.8802355924877596e-05,5.5346950786645014e-05
24h_pooled_same_sample,r2p8_w256_di16,temperature,300.0,4.299323213806997e-05,6.299557648651857e-05
24h_pooled_same_sample,r2p8_w256_di16,temperature,350.0,4.656946400726388e-05,6.793203904085035e-05
24h_pooled_same_sample,r2p8_w256_di16,temperature,400.0,5.2156698939537764e-05,6.593217327620445e-05
24h_pooled_same_sample,r2p8_w256_di16,temperature,450.0,5.873237498153987e-05,7.130589779303102e-05
24h_pooled_same_sample,r2p8_w256_di16,temperature,500.0,6.515447638436958e-05,7.853570996321081e-05
24h_pooled_same_sample,r2p8_w256_di16,temperature,550.0,7.495151808238397e-05,9.266132489693788e-05
24h_pooled_same_sample,r2p8_w256_di16,temperature,600.0,8.653401064849457e-05,0.00010789213313270342
24h_pooled_same_sample,r2p8_w256_di16,temperature,650.0,0.00010096832377196341,0.00013011058758146454
24h_pooled_same_sample,r2p8_w256_di16,temperature,700.0,0.00011771351963658917,0.0001470386820521975
24h_pooled_same_sample,r2p8_w256_di16,temperature,750.0,0.00014380486634407705,0.00018050725244646973
24h_pooled_same_sample,r2p8_w256_di16,temperature,775.0,0.000158297590374632,0.00018580737761693828
24h_pooled_same_sample,r2p8_w256_di16,temperature,800.0,0.00017870302944024224,0.0002326435402953723
24h_pooled_same_sample,r2p8_w256_di16,temperature,825.0,0.000209575718678494,0.00027114275041926616
24h_pooled_same_sample,r2p8_w256_di16,temperature,850.0,0.00023270877894945416,0.0003456677993808277
24h_pooled_same_sample,r2p8_w256_di16,temperature,875.0,0.0002447040279793218,0.0003961492559975077
24h_pooled_same_sample,r2p8_w256_di16,temperature,900.0,0.00025146239738075394,0.0003487846852097093
24h_pooled_same_sample,r2p8_w256_di16,temperature,925.0,0.0002618563189624432,0.00035277683512509924
24h_pooled_same_sample,r2p8_w256_di16,temperature,950.0,0.0002823840154772633,0.00038160313484579474
24h_pooled_same_sample,r2p8_w256_di16,temperature,975.0,0.00032038187474471265,0.00042279002844112346
24h_pooled_same_sample,r2p8_w256_di16,temperature,1000.0,0.0003428214417459891,0.0004829805538112998
24h_pooled_same_sample,r2p8_w256_di16,geopotential,1.0,0.07705960995396051,0.0024060218535645107
24h_pooled_same_sample,r2p8_w256_di16,geopotential,2.0,0.07187698835937817,0.0009154074999444306
24h_pooled_same_sample,r2p8_w256_di16,geopotential,3.0,0.06131215417881434,0.0007559516197540002
24h_pooled_same_sample,r2p8_w256_di16,geopotential,5.0,0.03844355992000956,0.000613309509211617
24h_pooled_same_sample,r2p8_w256_di16,geopotential,7.0,0.021429592574350103,0.0003759952584094491
24h_pooled_same_sample,r2p8_w256_di16,geopotential,10.0,0.006436495683780436,0.00022993026041792539
24h_pooled_same_sample,r2p8_w256_di16,geopotential,20.0,0.0031880777824343847,0.0012992977669629988
24h_pooled_same_sample,r2p8_w256_di16,geopotential,30.0,0.008026843883542032,0.001066263651511873
24h_pooled_same_sample,r2p8_w256_di16,geopotential,50.0,1.5106293924773156e-05,0.00026017028180392346
24h_pooled_same_sample,r2p8_w256_di16,geopotential,70.0,1.824552074955113e-05,0.00031488191094327793
24h_pooled_same_sample,r2p8_w256_di16,geopotential,100.0,1.659600785443636e-05,3.456781364976772e-05
24h_pooled_same_sample,r2p8_w256_di16,geopotential,125.0,1.7052378182113594e-05,2.3838491130341885e-05
24h_pooled_same_sample,r2p8_w256_di16,geopotential,150.0,1.850543188912399e-05,2.2959878107414782e-05
24h_pooled_same_sample,r2p8_w256_di16,geopotential,175.0,2.0898047076714572e-05,3.099259136168572e-05
24h_pooled_same_sample,r2p8_w256_di16,geopotential,200.0,2.3726039164833834e-05,4.601177163481903e-05
24h_pooled_same_sample,r2p8_w256_di16,geopotential,225.0,2.5592107634101232e-05,4.685506472982923e-05
24h_pooled_same_sample,r2p8_w256_di16,geopotential,250.0,2.8281535141693412e-05,3.986466231052553e-05
24h_pooled_same_sample,r2p8_w256_di16,geopotential,300.0,3.39116837154995e-05,4.611237114247424e-05
24h_pooled_same_sample,r2p8_w256_di16,geopotential,350.0,3.7648480141652256e-05,6.187866118813447e-05
24h_pooled_same_sample,r2p8_w256_di16,geopotential,400.0,3.970750906795177e-05,5.3205457683203555e-05
24h_pooled_same_sample,r2p8_w256_di16,geopotential,450.0,4.099090969825213e-05,5.931094472882038e-05
24h_pooled_same_sample,r2p8_w256_di16,geopotential,500.0,4.1944484753377335e-05,5.6903809985951345e-05
24h_pooled_same_sample,r2p8_w256_di16,geopotential,550.0,4.297990933790066e-05,5.7666747484368876e-05
24h_pooled_same_sample,r2p8_w256_di16,geopotential,600.0,4.471783467122454e-05,5.9090457393199235e-05
24h_pooled_same_sample,r2p8_w256_di16,geopotential,650.0,4.6845726689234384e-05,6.306944650748291e-05
24h_pooled_same_sample,r2p8_w256_di16,geopotential,700.0,5.006262223360361e-05,7.001837216644563e-05
24h_pooled_same_sample,r2p8_w256_di16,geopotential,750.0,5.3624877588000324e-05,7.429895414649136e-05
24h_pooled_same_sample,r2p8_w256_di16,geopotential,775.0,5.6131991791135237e-05,7.83992802499532e-05
24h_pooled_same_sample,r2p8_w256_di16,geopotential,800.0,5.862468209834364e-05,8.140884905070198e-05
24h_pooled_same_sample,r2p8_w256_di16,geopotential,825.0,6.162569019699654e-05,8.524796891647145e-05
24h_pooled_same_sample,r2p8_w256_di16,geopotential,850.0,6.495561357583981e-05,9.286367801519234e-05
24h_pooled_same_sample,r2p8_w256_di16,geopotential,875.0,6.864083758874208e-05,9.999630635728764e-05
24h_pooled_same_sample,r2p8_w256_di16,geopotential,900.0,7.365818592427037e-05,0.00010702577329022123
24h_pooled_same_sample,r2p8_w256_di16,geopotential,925.0,7.943674192306548e-05,0.00011642611470943752
24h_pooled_same_sample,r2p8_w256_di16,geopotential,950.0,8.588890228517003e-05,0.00013099019671649912
24h_pooled_same_sample,r2p8_w256_di16,geopotential,975.0,9.500532133324796e-05,0.000152841791178486
24h_pooled_same_sample,r2p8_w256_di16,geopotential,1000.0,0.00010739272860004891,0.0002027566228770242
24h_pooled_same_sample,r2p8_w256_di16,u_component_of_wind,1.0,0.0001392856109368252,0.00028625426638137806
24h_pooled_same_sample,r2p8_w256_di16,u_component_of_wind,2.0,0.00017543388277244286,0.0002479638687102318
24h_pooled_same_sample,r2p8_w256_di16,u_component_of_wind,3.0,0.00016512250387063117,0.00023705878465620105
24h_pooled_same_sample,r2p8_w256_di16,u_component_of_wind,5.0,0.00013446052626700503,0.00017846232924816644
24h_pooled_same_sample,r2p8_w256_di16,u_component_of_wind,7.0,0.00012790167142056946,0.00016549263067646176
24h_pooled_same_sample,r2p8_w256_di16,u_component_of_wind,10.0,0.00013124619400531231,0.0002014719518094234
24h_pooled_same_sample,r2p8_w256_di16,u_component_of_wind,20.0,0.00010318892075386816,0.00018466862429668707
24h_pooled_same_sample,r2p8_w256_di16,u_component_of_wind,30.0,0.00015139446619398135,0.00020146176467823631
24h_pooled_same_sample,r2p8_w256_di16,u_component_of_wind,50.0,1.0900859244908278e-05,7.955645380533086e-05
24h_pooled_same_sample,r2p8_w256_di16,u_component_of_wind,70.0,1.5135525085532616e-05,3.003249235862979e-05
24h_pooled_same_sample,r2p8_w256_di16,u_component_of_wind,100.0,2.5139459737890482e-05,5.361403570596564e-05
24h_pooled_same_sample,r2p8_w256_di16,u_component_of_wind,125.0,3.417037712548227e-05,5.451172539022598e-05
24h_pooled_same_sample,r2p8_w256_di16,u_component_of_wind,150.0,4.324450198263909e-05,6.811805513657594e-05
24h_pooled_same_sample,r2p8_w256_di16,u_component_of_wind,175.0,5.132590388251618e-05,7.6388689540346e-05
24h_pooled_same_sample,r2p8_w256_di16,u_component_of_wind,200.0,6.15120642283913e-05,0.00010283905642446266
24h_pooled_same_sample,r2p8_w256_di16,u_component_of_wind,225.0,7.586698916552081e-05,0.0001130023656228766
24h_pooled_same_sample,r2p8_w256_di16,u_component_of_wind,250.0,9.057748495641285e-05,0.00013097717437024706
24h_pooled_same_sample,r2p8_w256_di16,u_component_of_wind,300.0,0.00011401883234868769,0.0001982599164466119
24h_pooled_same_sample,r2p8_w256_di16,u_component_of_wind,350.0,0.00012187824792851106,0.0002435663859634594
24h_pooled_same_sample,r2p8_w256_di16,u_component_of_wind,400.0,0.00012263147376649327,0.00017565715791948553
24h_pooled_same_sample,r2p8_w256_di16,u_component_of_wind,450.0,0.00012167485386001411,0.00016619949249981918
24h_pooled_same_sample,r2p8_w256_di16,u_component_of_wind,500.0,0.00012042711187461319,0.00014909926847637967
24h_pooled_same_sample,r2p8_w256_di16,u_component_of_wind,550.0,0.00012320079147785985,0.0001433901141969568
24h_pooled_same_sample,r2p8_w256_di16,u_component_of_wind,600.0,0.00012555842784068856,0.00014396850121009184
24h_pooled_same_sample,r2p8_w256_di16,u_component_of_wind,650.0,0.00013080245434491606,0.00017738870762076358
24h_pooled_same_sample,r2p8_w256_di16,u_component_of_wind,700.0,0.0001352911489480939,0.00017716680666584909
24h_pooled_same_sample,r2p8_w256_di16,u_component_of_wind,750.0,0.00013963713898589635,0.0001583570098453211
24h_pooled_same_sample,r2p8_w256_di16,u_component_of_wind,775.0,0.00014103474257798863,0.00016687138174916282
24h_pooled_same_sample,r2p8_w256_di16,u_component_of_wind,800.0,0.00014301660773738707,0.0001659375951089903
24h_pooled_same_sample,r2p8_w256_di16,u_component_of_wind,825.0,0.00014463902328729902,0.00017062903301690027
24h_pooled_same_sample,r2p8_w256_di16,u_component_of_wind,850.0,0.00014423072784407642,0.00016955127289736577
24h_pooled_same_sample,r2p8_w256_di16,u_component_of_wind,875.0,0.000142612658349401,0.00017159614173846346
24h_pooled_same_sample,r2p8_w256_di16,u_component_of_wind,900.0,0.00014173946011028735,0.00017373436037351094
24h_pooled_same_sample,r2p8_w256_di16,u_component_of_wind,925.0,0.00014271851966326228,0.00017698742067911066
24h_pooled_same_sample,r2p8_w256_di16,u_component_of_wind,950.0,0.00013990872365823447,0.00018191570063525575
24h_pooled_same_sample,r2p8_w256_di16,u_component_of_wind,975.0,0.0001276929817505574,0.0001751516254274073
24h_pooled_same_sample,r2p8_w256_di16,u_component_of_wind,1000.0,0.00010913119732723354,0.00016657210610528878
24h_pooled_same_sample,r2p8_w256_di16,v_component_of_wind,1.0,1.666139849796399e-05,1.927974130238787e-05
24h_pooled_same_sample,r2p8_w256_di16,v_component_of_wind,2.0,2.0369065957791188e-05,2.5419567577348586e-05
24h_pooled_same_sample,r2p8_w256_di16,v_component_of_wind,3.0,2.1847981379810413e-05,2.9824907446010452e-05
24h_pooled_same_sample,r2p8_w256_di16,v_component_of_wind,5.0,2.2891041889837947e-05,3.078328930789904e-05
24h_pooled_same_sample,r2p8_w256_di16,v_component_of_wind,7.0,2.423596778910468e-05,3.18584370349972e-05
24h_pooled_same_sample,r2p8_w256_di16,v_component_of_wind,10.0,2.396188803268318e-05,3.1283466915966426e-05
24h_pooled_same_sample,r2p8_w256_di16,v_component_of_wind,20.0,2.7577516516190327e-05,3.3997024264902086e-05
24h_pooled_same_sample,r2p8_w256_di16,v_component_of_wind,30.0,3.4414604487436675e-05,4.690070643671524e-05
24h_pooled_same_sample,r2p8_w256_di16,v_component_of_wind,50.0,8.10257499352067e-06,3.702892044232332e-05
24h_pooled_same_sample,r2p8_w256_di16,v_component_of_wind,70.0,1.18374328691991e-05,0.0003495965957853119
24h_pooled_same_sample,r2p8_w256_di16,v_component_of_wind,100.0,1.9014335215503892e-05,5.402502129798849e-05
24h_pooled_same_sample,r2p8_w256_di16,v_component_of_wind,125.0,2.5625029568700844e-05,6.58924549254285e-05
24h_pooled_same_sample,r2p8_w256_di16,v_component_of_wind,150.0,3.127986051830849e-05,6.259524712512334e-05
24h_pooled_same_sample,r2p8_w256_di16,v_component_of_wind,175.0,3.637214658702732e-05,5.6146420317569596e-05
24h_pooled_same_sample,r2p8_w256_di16,v_component_of_wind,200.0,4.343922252904267e-05,5.8472484383884645e-05
24h_pooled_same_sample,r2p8_w256_di16,v_component_of_wind,225.0,5.526687401796351e-05,8.29779810543439e-05
24h_pooled_same_sample,r2p8_w256_di16,v_component_of_wind,250.0,6.83611603495085e-05,0.0001204471756142624
24h_pooled_same_sample,r2p8_w256_di16,v_component_of_wind,300.0,9.236422599837156e-05,0.00017036283351964316
24h_pooled_same_sample,r2p8_w256_di16,v_component_of_wind,350.0,0.0001019129007448797,0.00016841627301671276
24h_pooled_same_sample,r2p8_w256_di16,v_component_of_wind,400.0,0.00010314740177327286,0.00014074810613732492
24h_pooled_same_sample,r2p8_w256_di16,v_component_of_wind,450.0,0.00010145836344214512,0.00013955670858871563
24h_pooled_same_sample,r2p8_w256_di16,v_component_of_wind,500.0,9.948536634056792e-05,0.00012926583836584806
24h_pooled_same_sample,r2p8_w256_di16,v_component_of_wind,550.0,0.00010075907250119201,0.0001230369841485368
24h_pooled_same_sample,r2p8_w256_di16,v_component_of_wind,600.0,0.00010193708614275215,0.00012560237622707033
24h_pooled_same_sample,r2p8_w256_di16,v_component_of_wind,650.0,0.00010537028195841858,0.00014894636650185716
24h_pooled_same_sample,r2p8_w256_di16,v_component_of_wind,700.0,0.00010898040509834395,0.00013539773798624505
24h_pooled_same_sample,r2p8_w256_di16,v_component_of_wind,750.0,0.0001127189687522538,0.0001416555740973455
24h_pooled_same_sample,r2p8_w256_di16,v_component_of_wind,775.0,0.00011430915733887794,0.00015669336032648668
24h_pooled_same_sample,r2p8_w256_di16,v_component_of_wind,800.0,0.00011614959214480692,0.0001828873063432939
24h_pooled_same_sample,r2p8_w256_di16,v_component_of_wind,825.0,0.00011787311161928725,0.0001631573790758042
24h_pooled_same_sample,r2p8_w256_di16,v_component_of_wind,850.0,0.00011851432226737763,0.0001659356712280718
24h_pooled_same_sample,r2p8_w256_di16,v_component_of_wind,875.0,0.00011847416538355683,0.00016526769461080074
24h_pooled_same_sample,r2p8_w256_di16,v_component_of_wind,900.0,0.00011939943010946127,0.0001600891542623559
24h_pooled_same_sample,r2p8_w256_di16,v_component_of_wind,925.0,0.00011989955323962916,0.00015719636140740798
24h_pooled_same_sample,r2p8_w256_di16,v_component_of_wind,950.0,0.00011754188650629859,0.00015694375215209963
24h_pooled_same_sample,r2p8_w256_di16,v_component_of_wind,975.0,0.00010618290535371175,0.00015545705789301404
24h_pooled_same_sample,r2p8_w256_di16,v_component_of_wind,1000.0,8.882007580993521e-05,0.00012784043676104052
24h_pooled_same_sample,r2p8_w256_di16,specific_humidity,1.0,0.0006824644422503515,9.729778160157677e-05
24h_pooled_same_sample,r2p8_w256_di16,specific_humidity,2.0,0.001155988528280169,0.00010222914015939016
24h_pooled_same_sample,r2p8_w256_di16,specific_humidity,3.0,0.0011152379866153056,9.795135845861286e-05
24h_pooled_same_sample,r2p8_w256_di16,specific_humidity,5.0,0.0008267738924853832,0.00030562869568952564
24h_pooled_same_sample,r2p8_w256_di16,specific_humidity,7.0,0.0006426391051640311,0.0006431626609271209
24h_pooled_same_sample,r2p8_w256_di16,specific_humidity,10.0,0.0005086924362963593,0.0014258479270589874
24h_pooled_same_sample,r2p8_w256_di16,specific_humidity,20.0,0.0002856903372898454,0.0028058365906738917
24h_pooled_same_sample,r2p8_w256_di16,specific_humidity,30.0,0.0002638479688218487,0.000758011250564596
24h_pooled_same_sample,r2p8_w256_di16,specific_humidity,50.0,4.490426422129601e-06,0.003274984742031207
24h_pooled_same_sample,r2p8_w256_di16,specific_humidity,70.0,1.3106484791446056e-05,0.00034184461064780554
24h_pooled_same_sample,r2p8_w256_di16,specific_humidity,100.0,3.1926729785105284e-05,7.968779216662476e-05
24h_pooled_same_sample,r2p8_w256_di16,specific_humidity,125.0,4.310083426632667e-05,0.0001238217726851272
24h_pooled_same_sample,r2p8_w256_di16,specific_humidity,150.0,5.027434570248657e-05,0.00015530921830502527
24h_pooled_same_sample,r2p8_w256_di16,specific_humidity,175.0,5.4534206201171836e-05,0.00013538605813701761
24h_pooled_same_sample,r2p8_w256_di16,specific_humidity,200.0,6.077108367540444e-05,0.00012098949569658731
24h_pooled_same_sample,r2p8_w256_di16,specific_humidity,225.0,6.774931298000458e-05,0.00011138516396776183
24h_pooled_same_sample,r2p8_w256_di16,specific_humidity,250.0,7.368673676024824e-05,0.0001309358036635697
24h_pooled_same_sample,r2p8_w256_di16,specific_humidity,300.0,8.440569805076436e-05,0.00020884842810704596
24h_pooled_same_sample,r2p8_w256_di16,specific_humidity,350.0,9.721981121712712e-05,0.00019050883782375052
24h_pooled_same_sample,r2p8_w256_di16,specific_humidity,400.0,0.00010648448116664912,0.00021261777619873011
24h_pooled_same_sample,r2p8_w256_di16,specific_humidity,450.0,0.00011798751340639241,0.0001771062606264633
24h_pooled_same_sample,r2p8_w256_di16,specific_humidity,500.0,0.00012642298811874658,0.00016658982826018703
24h_pooled_same_sample,r2p8_w256_di16,specific_humidity,550.0,0.000140829755363399,0.00017242569335024766
24h_pooled_same_sample,r2p8_w256_di16,specific_humidity,600.0,0.0001549380111048789,0.00021375473596802418
24h_pooled_same_sample,r2p8_w256_di16,specific_humidity,650.0,0.00017508907914957385,0.00024312770467632613
24h_pooled_same_sample,r2p8_w256_di16,specific_humidity,700.0,0.00018404754896806367,0.00028059864831216227
24h_pooled_same_sample,r2p8_w256_di16,specific_humidity,750.0,0.00019431239338515017,0.00027245182861817386
24h_pooled_same_sample,r2p8_w256_di16,specific_humidity,775.0,0.00019757859181073064,0.0002603495228179911
24h_pooled_same_sample,r2p8_w256_di16,specific_humidity,800.0,0.00020567438055145126,0.0002707722405055148
24h_pooled_same_sample,r2p8_w256_di16,specific_humidity,825.0,0.00022098725467038576,0.00029081712440287067
24h_pooled_same_sample,r2p8_w256_di16,specific_humidity,850.0,0.00024262943094301672,0.000321308950578473
24h_pooled_same_sample,r2p8_w256_di16,specific_humidity,875.0,0.00026992404042196726,0.0003563476955503679
24h_pooled_same_sample,r2p8_w256_di16,specific_humidity,900.0,0.0003072015695545175,0.0003923258239493555
24h_pooled_same_sample,r2p8_w256_di16,specific_humidity,925.0,0.000320822980669525,0.00039562369657507085
24h_pooled_same_sample,r2p8_w256_di16,specific_humidity,950.0,0.0002958785092336148,0.0003747707404076664
24h_pooled_same_sample,r2p8_w256_di16,specific_humidity,975.0,0.0002889287238962439,0.00034886557508814737
24h_pooled_same_sample,r2p8_w256_di16,specific_humidity,1000.0,0.000289552567937403,0.00037217472552499036
24h_pooled_same_sample,r2p8_w256_di16,specific_cloud_ice_water_content,1.0,5.481102841171531e-10,6.621812665975504e-10
24h_pooled_same_sample,r2p8_w256_di16,specific_cloud_ice_water_content,2.0,1.0738488974001193e-09,1.3143186377071257e-09
24h_pooled_same_sample,r2p8_w256_di16,specific_cloud_ice_water_content,3.0,1.6099056991358948e-09,1.977274725497923e-09
24h_pooled_same_sample,r2p8_w256_di16,specific_cloud_ice_water_content,5.0,2.659899668118784e-09,3.2941380526755407e-09
24h_pooled_same_sample,r2p8_w256_di16,specific_cloud_ice_water_content,7.0,3.743278762290062e-09,4.615285781235276e-09
24h_pooled_same_sample,r2p8_w256_di16,specific_cloud_ice_water_content,10.0,5.405492996344637e-09,6.577255610949835e-09
24h_pooled_same_sample,r2p8_w256_di16,specific_cloud_ice_water_content,20.0,7.623219998898916e-09,9.746047433464585e-09
24h_pooled_same_sample,r2p8_w256_di16,specific_cloud_ice_water_content,30.0,8.217855397322004e-09,1.1119983613348067e-08
24h_pooled_same_sample,r2p8_w256_di16,specific_cloud_ice_water_content,50.0,8.025086245008485e-09,1.4654350144708597e-08
24h_pooled_same_sample,r2p8_w256_di16,specific_cloud_ice_water_content,70.0,9.301755854186178e-09,1.663342267207625e-08
24h_pooled_same_sample,r2p8_w256_di16,specific_cloud_ice_water_content,100.0,3.762467271468491e-08,5.5037905071572675e-08
24h_pooled_same_sample,r2p8_w256_di16,specific_cloud_ice_water_content,125.0,2.4655626841474473e-07,2.837948773134315e-07
24h_pooled_same_sample,r2p8_w256_di16,specific_cloud_ice_water_content,150.0,8.134619964575301e-07,9.031421008593503e-07
24h_pooled_same_sample,r2p8_w256_di16,specific_cloud_ice_water_content,175.0,1.6090673106963328e-06,1.8554896277913848e-06
24h_pooled_same_sample,r2p8_w256_di16,specific_cloud_ice_water_content,200.0,2.6287573927645876e-06,3.2659782413829325e-06
24h_pooled_same_sample,r2p8_w256_di16,specific_cloud_ice_water_content,225.0,3.845437934398526e-06,5.407325377102871e-06
24h_pooled_same_sample,r2p8_w256_di16,specific_cloud_ice_water_content,250.0,4.729140217236559e-06,8.190688967488822e-06
24h_pooled_same_sample,r2p8_w256_di16,specific_cloud_ice_water_content,300.0,5.417411053544277e-06,1.0466665373811979e-05
24h_pooled_same_sample,r2p8_w256_di16,specific_cloud_ice_water_content,350.0,5.632247915524947e-06,9.32983662217058e-06
24h_pooled_same_sample,r2p8_w256_di16,specific_cloud_ice_water_content,400.0,4.860550299088118e-06,6.895201852456071e-06
24h_pooled_same_sample,r2p8_w256_di16,specific_cloud_ice_water_content,450.0,3.990281107146235e-06,5.349103148791902e-06
24h_pooled_same_sample,r2p8_w256_di16,specific_cloud_ice_water_content,500.0,3.1559481343588223e-06,4.0382759789469835e-06
24h_pooled_same_sample,r2p8_w256_di16,specific_cloud_ice_water_content,550.0,2.3123334098612748e-06,2.932033920594387e-06
24h_pooled_same_sample,r2p8_w256_di16,specific_cloud_ice_water_content,600.0,1.7597428694932235e-06,2.197908562202673e-06
24h_pooled_same_sample,r2p8_w256_di16,specific_cloud_ice_water_content,650.0,1.4081887062530045e-06,1.7266596661285323e-06
24h_pooled_same_sample,r2p8_w256_di16,specific_cloud_ice_water_content,700.0,1.1319149947063627e-06,1.3491775920537188e-06
24h_pooled_same_sample,r2p8_w256_di16,specific_cloud_ice_water_content,750.0,9.527834416372462e-07,1.147375294770861e-06
24h_pooled_same_sample,r2p8_w256_di16,specific_cloud_ice_water_content,775.0,9.69404336370444e-07,1.1406104131530374e-06
24h_pooled_same_sample,r2p8_w256_di16,specific_cloud_ice_water_content,800.0,9.99307869791291e-07,1.2168955514581972e-06
24h_pooled_same_sample,r2p8_w256_di16,specific_cloud_ice_water_content,825.0,9.961092308665174e-07,1.156400545276176e-06
24h_pooled_same_sample,r2p8_w256_di16,specific_cloud_ice_water_content,850.0,8.936175737592943e-07,1.0240562887582488e-06
24h_pooled_same_sample,r2p8_w256_di16,specific_cloud_ice_water_content,875.0,7.43690002591275e-07,8.254240596803348e-07
24h_pooled_same_sample,r2p8_w256_di16,specific_cloud_ice_water_content,900.0,6.236159586977966e-07,7.459808312324741e-07
24h_pooled_same_sample,r2p8_w256_di16,specific_cloud_ice_water_content,925.0,5.149102995910019e-07,6.604722521673713e-07
24h_pooled_same_sample,r2p8_w256_di16,specific_cloud_ice_water_content,950.0,3.8526945608019866e-07,5.091116182766778e-07
24h_pooled_same_sample,r2p8_w256_di16,specific_cloud_ice_water_content,975.0,2.7235389326951234e-07,3.2730990374640327e-07
24h_pooled_same_sample,r2p8_w256_di16,specific_cloud_ice_water_content,1000.0,2.3246360369504667e-07,2.8510703867657524e-07
24h_pooled_same_sample,r2p8_w256_di16,specific_cloud_liquid_water_content,1.0,4.2554468665186877e-10,6.857544131254877e-10
24h_pooled_same_sample,r2p8_w256_di16,specific_cloud_liquid_water_content,2.0,8.533156333449434e-10,1.3760069511504039e-09
24h_pooled_same_sample,r2p8_w256_di16,specific_cloud_liquid_water_content,3.0,1.2644025481491603e-09,2.0586304944832555e-09
24h_pooled_same_sample,r2p8_w256_di16,specific_cloud_liquid_water_content,5.0,2.1273746443327645e-09,3.4511766368089514e-09
24h_pooled_same_sample,r2p8_w256_di16,specific_cloud_liquid_water_content,7.0,3.0167298314492627e-09,4.827307381183094e-09
24h_pooled_same_sample,r2p8_w256_di16,specific_cloud_liquid_water_content,10.0,4.221144961983483e-09,6.835301894014759e-09
24h_pooled_same_sample,r2p8_w256_di16,specific_cloud_liquid_water_content,20.0,6.533443234305127e-09,1.0407873623170382e-08
24h_pooled_same_sample,r2p8_w256_di16,specific_cloud_liquid_water_content,30.0,7.164874789372557e-09,1.255542671798519e-08
24h_pooled_same_sample,r2p8_w256_di16,specific_cloud_liquid_water_content,50.0,1.120400711899004e-08,3.159493455138593e-08
24h_pooled_same_sample,r2p8_w256_di16,specific_cloud_liquid_water_content,70.0,1.0308092861351558e-08,5.165778782677109e-08
24h_pooled_same_sample,r2p8_w256_di16,specific_cloud_liquid_water_content,100.0,1.4096251298440844e-08,5.414116438196684e-08
24h_pooled_same_sample,r2p8_w256_di16,specific_cloud_liquid_water_content,125.0,1.51361336223033e-08,3.980628037433445e-08
24h_pooled_same_sample,r2p8_w256_di16,specific_cloud_liquid_water_content,150.0,2.0832729407515937e-08,5.2441520825265775e-08
24h_pooled_same_sample,r2p8_w256_di16,specific_cloud_liquid_water_content,175.0,2.983492991684624e-08,4.934390744138425e-08
24h_pooled_same_sample,r2p8_w256_di16,specific_cloud_liquid_water_content,200.0,4.061891406435729e-08,6.77050409210207e-08
24h_pooled_same_sample,r2p8_w256_di16,specific_cloud_liquid_water_content,225.0,3.956738422644564e-08,5.3641338443818125e-08
24h_pooled_same_sample,r2p8_w256_di16,specific_cloud_liquid_water_content,250.0,4.836736592529835e-08,7.211464997174352e-08
24h_pooled_same_sample,r2p8_w256_di16,specific_cloud_liquid_water_content,300.0,9.395639617860483e-08,1.2306249215480038e-07
24h_pooled_same_sample,r2p8_w256_di16,specific_cloud_liquid_water_content,350.0,1.7026503398542192e-07,2.2238660944834984e-07
24h_pooled_same_sample,r2p8_w256_di16,specific_cloud_liquid_water_content,400.0,3.7959727784284903e-07,4.865641572847916e-07
24h_pooled_same_sample,r2p8_w256_di16,specific_cloud_liquid_water_content,450.0,9.701133768709727e-07,1.1303044517798011e-06
24h_pooled_same_sample,r2p8_w256_di16,specific_cloud_liquid_water_content,500.0,2.3676245989285307e-06,2.678013846397782e-06
24h_pooled_same_sample,r2p8_w256_di16,specific_cloud_liquid_water_content,550.0,4.392962530070026e-06,4.667753115106704e-06
24h_pooled_same_sample,r2p8_w256_di16,specific_cloud_liquid_water_content,600.0,3.849404015870277e-06,4.21823345673101e-06
24h_pooled_same_sample,r2p8_w256_di16,specific_cloud_liquid_water_content,650.0,4.2121573262407645e-06,4.610396389708809e-06
24h_pooled_same_sample,r2p8_w256_di16,specific_cloud_liquid_water_content,700.0,5.5627599215630365e-06,6.1063219910451995e-06
24h_pooled_same_sample,r2p8_w256_di16,specific_cloud_liquid_water_content,750.0,7.639527532255534e-06,8.286791502815058e-06
24h_pooled_same_sample,r2p8_w256_di16,specific_cloud_liquid_water_content,775.0,8.888479069958361e-06,9.689812347571755e-06
24h_pooled_same_sample,r2p8_w256_di16,specific_cloud_liquid_water_content,800.0,1.059446093955554e-05,1.363134911415558e-05
24h_pooled_same_sample,r2p8_w256_di16,specific_cloud_liquid_water_content,825.0,1.431612211610435e-05,1.9507929430020968e-05
24h_pooled_same_sample,r2p8_w256_di16,specific_cloud_liquid_water_content,850.0,1.7497133913704678e-05,3.394439726540935e-05
24h_pooled_same_sample,r2p8_w256_di16,specific_cloud_liquid_water_content,875.0,1.846401765247119e-05,6.040791458386212e-05
24h_pooled_same_sample,r2p8_w256_di16,specific_cloud_liquid_water_content,900.0,1.6977056084118652e-05,4.5409736515342474e-05
24h_pooled_same_sample,r2p8_w256_di16,specific_cloud_liquid_water_content,925.0,1.4045377465720781e-05,2.469677726842962e-05
24h_pooled_same_sample,r2p8_w256_di16,specific_cloud_liquid_water_content,950.0,9.976294358462551e-06,2.6450909777618647e-05
24h_pooled_same_sample,r2p8_w256_di16,specific_cloud_liquid_water_content,975.0,6.179770833591685e-06,1.6018397747692636e-05
24h_pooled_same_sample,r2p8_w256_di16,specific_cloud_liquid_water_content,1000.0,3.7228728473207102e-06,5.3560493788666776e-06
24h_pooled_same_sample,r2p8_w256_di32,temperature,1.0,8.821480584862254e-05,0.00036448807187819475
24h_pooled_same_sample,r2p8_w256_di32,temperature,2.0,0.00011604489692807205,0.0017692004967464403
24h_pooled_same_sample,r2p8_w256_di32,temperature,3.0,0.00011398901451311374,0.003353000024821217
24h_pooled_same_sample,r2p8_w256_di32,temperature,5.0,0.00010767057462153204,0.0042698760229011
24h_pooled_same_sample,r2p8_w256_di32,temperature,7.0,0.00010046212774271577,0.0042240860064206584
24h_pooled_same_sample,r2p8_w256_di32,temperature,10.0,8.132182863396367e-05,0.00411918063708827
24h_pooled_same_sample,r2p8_w256_di32,temperature,20.0,0.0001227307264371553,0.0010901156949555887
24h_pooled_same_sample,r2p8_w256_di32,temperature,30.0,0.00013625884374648958,0.00018290294648717326
24h_pooled_same_sample,r2p8_w256_di32,temperature,50.0,2.234274945014813e-05,0.0018257771383861112
24h_pooled_same_sample,r2p8_w256_di32,temperature,70.0,3.044826882959435e-05,0.00033517642619820684
24h_pooled_same_sample,r2p8_w256_di32,temperature,100.0,3.0008873220966572e-05,0.00019451085808210687
24h_pooled_same_sample,r2p8_w256_di32,temperature,125.0,2.4841364419281167e-05,0.0002499433880698353
24h_pooled_same_sample,r2p8_w256_di32,temperature,150.0,2.395746409602191e-05,0.00011457779362544914
24h_pooled_same_sample,r2p8_w256_di32,temperature,175.0,2.5569664872268663e-05,6.75744526721561e-05
24h_pooled_same_sample,r2p8_w256_di32,temperature,200.0,3.0475518440243124e-05,4.4980989545057114e-05
24h_pooled_same_sample,r2p8_w256_di32,temperature,225.0,3.568404417987756e-05,5.4747959661150686e-05
24h_pooled_same_sample,r2p8_w256_di32,temperature,250.0,3.8802355924877596e-05,5.605426748160418e-05
24h_pooled_same_sample,r2p8_w256_di32,temperature,300.0,4.299323213806997e-05,6.383460608388849e-05
24h_pooled_same_sample,r2p8_w256_di32,temperature,350.0,4.656946400726388e-05,6.842109140413134e-05
24h_pooled_same_sample,r2p8_w256_di32,temperature,400.0,5.2156698939537764e-05,6.604935052160022e-05
24h_pooled_same_sample,r2p8_w256_di32,temperature,450.0,5.873237498153987e-05,7.151202376516188e-05
24h_pooled_same_sample,r2p8_w256_di32,temperature,500.0,6.515447638436958e-05,7.863215663705358e-05
24h_pooled_same_sample,r2p8_w256_di32,temperature,550.0,7.495151808238397e-05,9.268701832088927e-05
24h_pooled_same_sample,r2p8_w256_di32,temperature,600.0,8.653401064849457e-05,0.00010759150500406882
24h_pooled_same_sample,r2p8_w256_di32,temperature,650.0,0.00010096832377196341,0.00012905436016083697
24h_pooled_same_sample,r2p8_w256_di32,temperature,700.0,0.00011771351963658917,0.0001482391117983276
24h_pooled_same_sample,r2p8_w256_di32,temperature,750.0,0.00014380486634407705,0.0001809334724609115
24h_pooled_same_sample,r2p8_w256_di32,temperature,775.0,0.000158297590374632,0.00018692938593591234
24h_pooled_same_sample,r2p8_w256_di32,temperature,800.0,0.00017870302944024224,0.00023364944672475956
24h_pooled_same_sample,r2p8_w256_di32,temperature,825.0,0.000209575718678494,0.00027167225289654825
24h_pooled_same_sample,r2p8_w256_di32,temperature,850.0,0.00023270877894945416,0.0003423446589459295
24h_pooled_same_sample,r2p8_w256_di32,temperature,875.0,0.0002447040279793218,0.0003948047574389346
24h_pooled_same_sample,r2p8_w256_di32,temperature,900.0,0.00025146239738075394,0.00035051568004060605
24h_pooled_same_sample,r2p8_w256_di32,temperature,925.0,0.0002618563189624432,0.0003577261611860368
24h_pooled_same_sample,r2p8_w256_di32,temperature,950.0,0.0002823840154772633,0.0003871024181598504
24h_pooled_same_sample,r2p8_w256_di32,temperature,975.0,0.00032038187474471265,0.000430850232278703
24h_pooled_same_sample,r2p8_w256_di32,temperature,1000.0,0.0003428214417459891,0.0005014014166037475
24h_pooled_same_sample,r2p8_w256_di32,geopotential,1.0,0.07705960995396051,0.0022890650183919415
24h_pooled_same_sample,r2p8_w256_di32,geopotential,2.0,0.07187698835937817,0.000858602640630418
24h_pooled_same_sample,r2p8_w256_di32,geopotential,3.0,0.06131215417881434,0.0007062887729447033
24h_pooled_same_sample,r2p8_w256_di32,geopotential,5.0,0.03844355992000956,0.0005745784760698019
24h_pooled_same_sample,r2p8_w256_di32,geopotential,7.0,0.021429592574350103,0.0003550982585233182
24h_pooled_same_sample,r2p8_w256_di32,geopotential,10.0,0.006436495683780436,0.00023112288762448325
24h_pooled_same_sample,r2p8_w256_di32,geopotential,20.0,0.0031880777824343847,0.0013014131744940739
24h_pooled_same_sample,r2p8_w256_di32,geopotential,30.0,0.008026843883542032,0.001048781901225886
24h_pooled_same_sample,r2p8_w256_di32,geopotential,50.0,1.5106293924773156e-05,0.00026203532041983523
24h_pooled_same_sample,r2p8_w256_di32,geopotential,70.0,1.824552074955113e-05,0.0003285314472570425
24h_pooled_same_sample,r2p8_w256_di32,geopotential,100.0,1.659600785443636e-05,3.4720553929073325e-05
24h_pooled_same_sample,r2p8_w256_di32,geopotential,125.0,1.7052378182113594e-05,2.4344402393976934e-05
24h_pooled_same_sample,r2p8_w256_di32,geopotential,150.0,1.850543188912399e-05,2.3264720755168608e-05
24h_pooled_same_sample,r2p8_w256_di32,geopotential,175.0,2.0898047076714572e-05,3.111136049316988e-05
24h_pooled_same_sample,r2p8_w256_di32,geopotential,200.0,2.3726039164833834e-05,4.80203482379461e-05
24h_pooled_same_sample,r2p8_w256_di32,geopotential,225.0,2.5592107634101232e-05,4.9069430888215645e-05
24h_pooled_same_sample,r2p8_w256_di32,geopotential,250.0,2.8281535141693412e-05,4.116197383057059e-05
24h_pooled_same_sample,r2p8_w256_di32,geopotential,300.0,3.39116837154995e-05,4.631219013264019e-05
24h_pooled_same_sample,r2p8_w256_di32,geopotential,350.0,3.7648480141652256e-05,6.33573359390713e-05
24h_pooled_same_sample,r2p8_w256_di32,geopotential,400.0,3.970750906795177e-05,5.3660647180989475e-05
24h_pooled_same_sample,r2p8_w256_di32,geopotential,450.0,4.099090969825213e-05,6.012186696980268e-05
24h_pooled_same_sample,r2p8_w256_di32,geopotential,500.0,4.1944484753377335e-05,5.7395914509647455e-05
24h_pooled_same_sample,r2p8_w256_di32,geopotential,550.0,4.297990933790066e-05,5.833889546689907e-05
24h_pooled_same_sample,r2p8_w256_di32,geopotential,600.0,4.471783467122454e-05,5.960308738892527e-05
24h_pooled_same_sample,r2p8_w256_di32,geopotential,650.0,4.6845726689234384e-05,6.335305640033639e-05
24h_pooled_same_sample,r2p8_w256_di32,geopotential,700.0,5.006262223360361e-05,7.076171260412283e-05
24h_pooled_same_sample,r2p8_w256_di32,geopotential,750.0,5.3624877588000324e-05,7.445144963868335e-05
24h_pooled_same_sample,r2p8_w256_di32,geopotential,775.0,5.6131991791135237e-05,7.860844778179669e-05
24h_pooled_same_sample,r2p8_w256_di32,geopotential,800.0,5.862468209834364e-05,8.160579195699772e-05
24h_pooled_same_sample,r2p8_w256_di32,geopotential,825.0,6.162569019699654e-05,8.550229456667389e-05
24h_pooled_same_sample,r2p8_w256_di32,geopotential,850.0,6.495561357583981e-05,9.293767992863491e-05
24h_pooled_same_sample,r2p8_w256_di32,geopotential,875.0,6.864083758874208e-05,9.997131996772738e-05
24h_pooled_same_sample,r2p8_w256_di32,geopotential,900.0,7.365818592427037e-05,0.00010732920264955602
24h_pooled_same_sample,r2p8_w256_di32,geopotential,925.0,7.943674192306548e-05,0.00011634186040394457
24h_pooled_same_sample,r2p8_w256_di32,geopotential,950.0,8.588890228517003e-05,0.00013049021844939725
24h_pooled_same_sample,r2p8_w256_di32,geopotential,975.0,9.500532133324796e-05,0.00015241771151929226
24h_pooled_same_sample,r2p8_w256_di32,geopotential,1000.0,0.00010739272860004891,0.00020394001222010075
24h_pooled_same_sample,r2p8_w256_di32,u_component_of_wind,1.0,0.0001392856109368252,0.00028574637082035996
24h_pooled_same_sample,r2p8_w256_di32,u_component_of_wind,2.0,0.00017543388277244286,0.0002465832582302288
24h_pooled_same_sample,r2p8_w256_di32,u_component_of_wind,3.0,0.00016512250387063117,0.00023580108985998266
24h_pooled_same_sample,r2p8_w256_di32,u_component_of_wind,5.0,0.00013446052626700503,0.00017998293504132537
24h_pooled_same_sample,r2p8_w256_di32,u_component_of_wind,7.0,0.00012790167142056946,0.00016668014290623507
24h_pooled_same_sample,r2p8_w256_di32,u_component_of_wind,10.0,0.00013124619400531231,0.00020151164863136276
24h_pooled_same_sample,r2p8_w256_di32,u_component_of_wind,20.0,0.00010318892075386816,0.0001844519198632899
24h_pooled_same_sample,r2p8_w256_di32,u_component_of_wind,30.0,0.00015139446619398135,0.00020252484071821508
24h_pooled_same_sample,r2p8_w256_di32,u_component_of_wind,50.0,1.0900859244908278e-05,8.381532686535389e-05
24h_pooled_same_sample,r2p8_w256_di32,u_component_of_wind,70.0,1.5135525085532616e-05,2.9924412871704246e-05
24h_pooled_same_sample,r2p8_w256_di32,u_component_of_wind,100.0,2.5139459737890482e-05,5.2346083517142126e-05
24h_pooled_same_sample,r2p8_w256_di32,u_component_of_wind,125.0,3.417037712548227e-05,5.245588542708498e-05
24h_pooled_same_sample,r2p8_w256_di32,u_component_of_wind,150.0,4.324450198263909e-05,6.898262870164821e-05
24h_pooled_same_sample,r2p8_w256_di32,u_component_of_wind,175.0,5.132590388251618e-05,7.465348697858832e-05
24h_pooled_same_sample,r2p8_w256_di32,u_component_of_wind,200.0,6.15120642283913e-05,0.00010257625642976425
24h_pooled_same_sample,r2p8_w256_di32,u_component_of_wind,225.0,7.586698916552081e-05,0.00011158813589032521
24h_pooled_same_sample,r2p8_w256_di32,u_component_of_wind,250.0,9.057748495641285e-05,0.00013241807614489435
24h_pooled_same_sample,r2p8_w256_di32,u_component_of_wind,300.0,0.00011401883234868769,0.00020472433402510826
24h_pooled_same_sample,r2p8_w256_di32,u_component_of_wind,350.0,0.00012187824792851106,0.0002492275340300022
24h_pooled_same_sample,r2p8_w256_di32,u_component_of_wind,400.0,0.00012263147376649327,0.00017858747391908252
24h_pooled_same_sample,r2p8_w256_di32,u_component_of_wind,450.0,0.00012167485386001411,0.00016703948436413283
24h_pooled_same_sample,r2p8_w256_di32,u_component_of_wind,500.0,0.00012042711187461319,0.00014970490959316288
24h_pooled_same_sample,r2p8_w256_di32,u_component_of_wind,550.0,0.00012320079147785985,0.00014383019066525906
24h_pooled_same_sample,r2p8_w256_di32,u_component_of_wind,600.0,0.00012555842784068856,0.0001446213189411615
24h_pooled_same_sample,r2p8_w256_di32,u_component_of_wind,650.0,0.00013080245434491606,0.0001772588118992667
24h_pooled_same_sample,r2p8_w256_di32,u_component_of_wind,700.0,0.0001352911489480939,0.0001773391703546956
24h_pooled_same_sample,r2p8_w256_di32,u_component_of_wind,750.0,0.00013963713898589635,0.00016024119290134267
24h_pooled_same_sample,r2p8_w256_di32,u_component_of_wind,775.0,0.00014103474257798863,0.00016761037368498172
24h_pooled_same_sample,r2p8_w256_di32,u_component_of_wind,800.0,0.00014301660773738707,0.0001676347056316586
24h_pooled_same_sample,r2p8_w256_di32,u_component_of_wind,825.0,0.00014463902328729902,0.00017336629631962457
24h_pooled_same_sample,r2p8_w256_di32,u_component_of_wind,850.0,0.00014423072784407642,0.00017177180683279156
24h_pooled_same_sample,r2p8_w256_di32,u_component_of_wind,875.0,0.000142612658349401,0.00017326145946103296
24h_pooled_same_sample,r2p8_w256_di32,u_component_of_wind,900.0,0.00014173946011028735,0.00017592392772859528
24h_pooled_same_sample,r2p8_w256_di32,u_component_of_wind,925.0,0.00014271851966326228,0.00017905270809170538
24h_pooled_same_sample,r2p8_w256_di32,u_component_of_wind,950.0,0.00013990872365823447,0.00018460063626587298
24h_pooled_same_sample,r2p8_w256_di32,u_component_of_wind,975.0,0.0001276929817505574,0.0001754583826065586
24h_pooled_same_sample,r2p8_w256_di32,u_component_of_wind,1000.0,0.00010913119732723354,0.0001670591160004664
24h_pooled_same_sample,r2p8_w256_di32,v_component_of_wind,1.0,1.666139849796399e-05,1.929763809034684e-05
24h_pooled_same_sample,r2p8_w256_di32,v_component_of_wind,2.0,2.0369065957791188e-05,2.534477644985554e-05
24h_pooled_same_sample,r2p8_w256_di32,v_component_of_wind,3.0,2.1847981379810413e-05,2.962926192715517e-05
24h_pooled_same_sample,r2p8_w256_di32,v_component_of_wind,5.0,2.2891041889837947e-05,3.052501610133496e-05
24h_pooled_same_sample,r2p8_w256_di32,v_component_of_wind,7.0,2.423596778910468e-05,3.149240816370801e-05
24h_pooled_same_sample,r2p8_w256_di32,v_component_of_wind,10.0,2.396188803268318e-05,3.0750298201285275e-05
24h_pooled_same_sample,r2p8_w256_di32,v_component_of_wind,20.0,2.7577516516190327e-05,3.321013286304112e-05
24h_pooled_same_sample,r2p8_w256_di32,v_component_of_wind,30.0,3.4414604487436675e-05,4.7665556118098754e-05
24h_pooled_same_sample,r2p8_w256_di32,v_component_of_wind,50.0,8.10257499352067e-06,3.784590718237181e-05
24h_pooled_same_sample,r2p8_w256_di32,v_component_of_wind,70.0,1.18374328691991e-05,0.00035722808521364475
24h_pooled_same_sample,r2p8_w256_di32,v_component_of_wind,100.0,1.9014335215503892e-05,5.55831036356462e-05
24h_pooled_same_sample,r2p8_w256_di32,v_component_of_wind,125.0,2.5625029568700844e-05,6.95809325110256e-05
24h_pooled_same_sample,r2p8_w256_di32,v_component_of_wind,150.0,3.127986051830849e-05,6.439108724632072e-05
24h_pooled_same_sample,r2p8_w256_di32,v_component_of_wind,175.0,3.637214658702732e-05,5.7188805799587614e-05
24h_pooled_same_sample,r2p8_w256_di32,v_component_of_wind,200.0,4.343922252904267e-05,5.829955341770897e-05
24h_pooled_same_sample,r2p8_w256_di32,v_component_of_wind,225.0,5.526687401796351e-05,8.368624645213715e-05
24h_pooled_same_sample,r2p8_w256_di32,v_component_of_wind,250.0,6.83611603495085e-05,0.0001221069665798278
24h_pooled_same_sample,r2p8_w256_di32,v_component_of_wind,300.0,9.236422599837156e-05,0.00016901238324318462
24h_pooled_same_sample,r2p8_w256_di32,v_component_of_wind,350.0,0.0001019129007448797,0.00017358127078172312
24h_pooled_same_sample,r2p8_w256_di32,v_component_of_wind,400.0,0.00010314740177327286,0.00014411829471512298
24h_pooled_same_sample,r2p8_w256_di32,v_component_of_wind,450.0,0.00010145836344214512,0.0001409659529992484
24h_pooled_same_sample,r2p8_w256_di32,v_component_of_wind,500.0,9.948536634056792e-05,0.00013057933847808237
24h_pooled_same_sample,r2p8_w256_di32,v_component_of_wind,550.0,0.00010075907250119201,0.00012353343591434935
24h_pooled_same_sample,r2p8_w256_di32,v_component_of_wind,600.0,0.00010193708614275215,0.0001247176705245626
24h_pooled_same_sample,r2p8_w256_di32,v_component_of_wind,650.0,0.00010537028195841858,0.00014319179082922348
24h_pooled_same_sample,r2p8_w256_di32,v_component_of_wind,700.0,0.00010898040509834395,0.0001349192996248181
24h_pooled_same_sample,r2p8_w256_di32,v_component_of_wind,750.0,0.0001127189687522538,0.0001413515511300657
24h_pooled_same_sample,r2p8_w256_di32,v_component_of_wind,775.0,0.00011430915733887794,0.00015789600180215308
24h_pooled_same_sample,r2p8_w256_di32,v_component_of_wind,800.0,0.00011614959214480692,0.00018488576881881707
24h_pooled_same_sample,r2p8_w256_di32,v_component_of_wind,825.0,0.00011787311161928725,0.000162817283326448
24h_pooled_same_sample,r2p8_w256_di32,v_component_of_wind,850.0,0.00011851432226737763,0.000167747761724495
24h_pooled_same_sample,r2p8_w256_di32,v_component_of_wind,875.0,0.00011847416538355683,0.00016724089119366198
24h_pooled_same_sample,r2p8_w256_di32,v_component_of_wind,900.0,0.00011939943010946127,0.00016020507197425543
24h_pooled_same_sample,r2p8_w256_di32,v_component_of_wind,925.0,0.00011989955323962916,0.00015734024484547534
24h_pooled_same_sample,r2p8_w256_di32,v_component_of_wind,950.0,0.00011754188650629859,0.00015665459571476796
24h_pooled_same_sample,r2p8_w256_di32,v_component_of_wind,975.0,0.00010618290535371175,0.00015608859425737467
24h_pooled_same_sample,r2p8_w256_di32,v_component_of_wind,1000.0,8.882007580993521e-05,0.0001285574767775032
24h_pooled_same_sample,r2p8_w256_di32,specific_humidity,1.0,0.0006824644422503515,9.523728101414346e-05
24h_pooled_same_sample,r2p8_w256_di32,specific_humidity,2.0,0.001155988528280169,0.00010009542421776245
24h_pooled_same_sample,r2p8_w256_di32,specific_humidity,3.0,0.0011152379866153056,9.874844851085017e-05
24h_pooled_same_sample,r2p8_w256_di32,specific_humidity,5.0,0.0008267738924853832,0.00031488735202457434
24h_pooled_same_sample,r2p8_w256_di32,specific_humidity,7.0,0.0006426391051640311,0.000659425800801813
24h_pooled_same_sample,r2p8_w256_di32,specific_humidity,10.0,0.0005086924362963593,0.0014576527513018812
24h_pooled_same_sample,r2p8_w256_di32,specific_humidity,20.0,0.0002856903372898454,0.00285406717229785
24h_pooled_same_sample,r2p8_w256_di32,specific_humidity,30.0,0.0002638479688218487,0.0007676635589493481
24h_pooled_same_sample,r2p8_w256_di32,specific_humidity,50.0,4.490426422129601e-06,0.003308443179613975
24h_pooled_same_sample,r2p8_w256_di32,specific_humidity,70.0,1.3106484791446056e-05,0.0003440329667547082
24h_pooled_same_sample,r2p8_w256_di32,specific_humidity,100.0,3.1926729785105284e-05,8.394819630382915e-05
24h_pooled_same_sample,r2p8_w256_di32,specific_humidity,125.0,4.310083426632667e-05,0.0001295585665759682
24h_pooled_same_sample,r2p8_w256_di32,specific_humidity,150.0,5.027434570248657e-05,0.0001535547165754234
24h_pooled_same_sample,r2p8_w256_di32,specific_humidity,175.0,5.4534206201171836e-05,0.00013242853837238896
24h_pooled_same_sample,r2p8_w256_di32,specific_humidity,200.0,6.077108367540444e-05,0.00012037680678466821
24h_pooled_same_sample,r2p8_w256_di32,specific_humidity,225.0,6.774931298000458e-05,0.0001120736223150017
24h_pooled_same_sample,r2p8_w256_di32,specific_humidity,250.0,7.368673676024824e-05,0.00013164334983144606
24h_pooled_same_sample,r2p8_w256_di32,specific_humidity,300.0,8.440569805076436e-05,0.0002107817154828638
24h_pooled_same_sample,r2p8_w256_di32,specific_humidity,350.0,9.721981121712712e-05,0.00019003714904096392
24h_pooled_same_sample,r2p8_w256_di32,specific_humidity,400.0,0.00010648448116664912,0.00021352233291393536
24h_pooled_same_sample,r2p8_w256_di32,specific_humidity,450.0,0.00011798751340639241,0.00017654586078594384
24h_pooled_same_sample,r2p8_w256_di32,specific_humidity,500.0,0.00012642298811874658,0.00016623781962521981
24h_pooled_same_sample,r2p8_w256_di32,specific_humidity,550.0,0.000140829755363399,0.0001724246545682124
24h_pooled_same_sample,r2p8_w256_di32,specific_humidity,600.0,0.0001549380111048789,0.0002149129690854129
24h_pooled_same_sample,r2p8_w256_di32,specific_humidity,650.0,0.00017508907914957385,0.00024386445429718895
24h_pooled_same_sample,r2p8_w256_di32,specific_humidity,700.0,0.00018404754896806367,0.00028170512661102157
24h_pooled_same_sample,r2p8_w256_di32,specific_humidity,750.0,0.00019431239338515017,0.0002726037359544818
24h_pooled_same_sample,r2p8_w256_di32,specific_humidity,775.0,0.00019757859181073064,0.00026166974593369515
24h_pooled_same_sample,r2p8_w256_di32,specific_humidity,800.0,0.00020567438055145126,0.0002710272841254667
24h_pooled_same_sample,r2p8_w256_di32,specific_humidity,825.0,0.00022098725467038576,0.0002918983689062845
24h_pooled_same_sample,r2p8_w256_di32,specific_humidity,850.0,0.00024262943094301672,0.00032214649270662657
24h_pooled_same_sample,r2p8_w256_di32,specific_humidity,875.0,0.00026992404042196726,0.00035243873363707443
24h_pooled_same_sample,r2p8_w256_di32,specific_humidity,900.0,0.0003072015695545175,0.00039331734477141765
24h_pooled_same_sample,r2p8_w256_di32,specific_humidity,925.0,0.000320822980669525,0.00039633911653774343
24h_pooled_same_sample,r2p8_w256_di32,specific_humidity,950.0,0.0002958785092336148,0.00037491576033995264
24h_pooled_same_sample,r2p8_w256_di32,specific_humidity,975.0,0.0002889287238962439,0.00034682402480945687
24h_pooled_same_sample,r2p8_w256_di32,specific_humidity,1000.0,0.000289552567937403,0.0003697796408047184
24h_pooled_same_sample,r2p8_w256_di32,specific_cloud_ice_water_content,1.0,5.481102841171531e-10,6.581144917017642e-10
24h_pooled_same_sample,r2p8_w256_di32,specific_cloud_ice_water_content,2.0,1.0738488974001193e-09,1.3090974790225003e-09
24h_pooled_same_sample,r2p8_w256_di32,specific_cloud_ice_water_content,3.0,1.6099056991358948e-09,1.970147284218687e-09
24h_pooled_same_sample,r2p8_w256_di32,specific_cloud_ice_water_content,5.0,2.659899668118784e-09,3.282226636058092e-09
24h_pooled_same_sample,r2p8_w256_di32,specific_cloud_ice_water_content,7.0,3.743278762290062e-09,4.597540712072787e-09
24h_pooled_same_sample,r2p8_w256_di32,specific_cloud_ice_water_content,10.0,5.405492996344637e-09,6.548644028365585e-09
24h_pooled_same_sample,r2p8_w256_di32,specific_cloud_ice_water_content,20.0,7.623219998898916e-09,9.7889418488089e-09
24h_pooled_same_sample,r2p8_w256_di32,specific_cloud_ice_water_content,30.0,8.217855397322004e-09,1.1389129767913262e-08
24h_pooled_same_sample,r2p8_w256_di32,specific_cloud_ice_water_content,50.0,8.025086245008485e-09,1.491746455980947e-08
24h_pooled_same_sample,r2p8_w256_di32,specific_cloud_ice_water_content,70.0,9.301755854186178e-09,1.6840886578785188e-08
24h_pooled_same_sample,r2p8_w256_di32,specific_cloud_ice_water_content,100.0,3.762467271468491e-08,5.5593989295536976e-08
24h_pooled_same_sample,r2p8_w256_di32,specific_cloud_ice_water_content,125.0,2.4655626841474473e-07,2.8471812629532413e-07
24h_pooled_same_sample,r2p8_w256_di32,specific_cloud_ice_water_content,150.0,8.134619964575301e-07,9.005777717044844e-07
24h_pooled_same_sample,r2p8_w256_di32,specific_cloud_ice_water_content,175.0,1.6090673106963328e-06,1.8532119565994493e-06
24h_pooled_same_sample,r2p8_w256_di32,specific_cloud_ice_water_content,200.0,2.6287573927645876e-06,3.2582539731398625e-06
24h_pooled_same_sample,r2p8_w256_di32,specific_cloud_ice_water_content,225.0,3.845437934398526e-06,5.391751023859056e-06
24h_pooled_same_sample,r2p8_w256_di32,specific_cloud_ice_water_content,250.0,4.729140217236559e-06,8.166895954008298e-06
24h_pooled_same_sample,r2p8_w256_di32,specific_cloud_ice_water_content,300.0,5.417411053544277e-06,1.0487817808738362e-05
24h_pooled_same_sample,r2p8_w256_di32,specific_cloud_ice_water_content,350.0,5.632247915524947e-06,9.37867387539852e-06
24h_pooled_same_sample,r2p8_w256_di32,specific_cloud_ice_water_content,400.0,4.860550299088118e-06,6.908389012827028e-06
24h_pooled_same_sample,r2p8_w256_di32,specific_cloud_ice_water_content,450.0,3.990281107146235e-06,5.350134493791209e-06
24h_pooled_same_sample,r2p8_w256_di32,specific_cloud_ice_water_content,500.0,3.1559481343588223e-06,4.0363609558095364e-06
24h_pooled_same_sample,r2p8_w256_di32,specific_cloud_ice_water_content,550.0,2.3123334098612748e-06,2.9288687217081894e-06
24h_pooled_same_sample,r2p8_w256_di32,specific_cloud_ice_water_content,600.0,1.7597428694932235e-06,2.2011945610893457e-06
24h_pooled_same_sample,r2p8_w256_di32,specific_cloud_ice_water_content,650.0,1.4081887062530045e-06,1.7306069579085696e-06
24h_pooled_same_sample,r2p8_w256_di32,specific_cloud_ice_water_content,700.0,1.1319149947063627e-06,1.349289941870195e-06
24h_pooled_same_sample,r2p8_w256_di32,specific_cloud_ice_water_content,750.0,9.527834416372462e-07,1.1515368917337717e-06
24h_pooled_same_sample,r2p8_w256_di32,specific_cloud_ice_water_content,775.0,9.69404336370444e-07,1.1422259252471047e-06
24h_pooled_same_sample,r2p8_w256_di32,specific_cloud_ice_water_content,800.0,9.99307869791291e-07,1.2122114046071175e-06
24h_pooled_same_sample,r2p8_w256_di32,specific_cloud_ice_water_content,825.0,9.961092308665174e-07,1.1557917307819195e-06
24h_pooled_same_sample,r2p8_w256_di32,specific_cloud_ice_water_content,850.0,8.936175737592943e-07,1.0285563380549002e-06
24h_pooled_same_sample,r2p8_w256_di32,specific_cloud_ice_water_content,875.0,7.43690002591275e-07,8.2545019016636e-07
24h_pooled_same_sample,r2p8_w256_di32,specific_cloud_ice_water_content,900.0,6.236159586977966e-07,7.467463309872611e-07
24h_pooled_same_sample,r2p8_w256_di32,specific_cloud_ice_water_content,925.0,5.149102995910019e-07,6.613932317411189e-07
24h_pooled_same_sample,r2p8_w256_di32,specific_cloud_ice_water_content,950.0,3.8526945608019866e-07,5.073262263306994e-07
24h_pooled_same_sample,r2p8_w256_di32,specific_cloud_ice_water_content,975.0,2.7235389326951234e-07,3.216043971251213e-07
24h_pooled_same_sample,r2p8_w256_di32,specific_cloud_ice_water_content,1000.0,2.3246360369504667e-07,2.8530066259026027e-07
24h_pooled_same_sample,r2p8_w256_di32,specific_cloud_liquid_water_content,1.0,4.2554468665186877e-10,7.112185852937843e-10
24h_pooled_same_sample,r2p8_w256_di32,specific_cloud_liquid_water_content,2.0,8.533156333449434e-10,1.4311359228117971e-09
24h_pooled_same_sample,r2p8_w256_di32,specific_cloud_liquid_water_content,3.0,1.2644025481491603e-09,2.136276995750575e-09
24h_pooled_same_sample,r2p8_w256_di32,specific_cloud_liquid_water_content,5.0,2.1273746443327645e-09,3.5896425159200008e-09
24h_pooled_same_sample,r2p8_w256_di32,specific_cloud_liquid_water_content,7.0,3.0167298314492627e-09,5.025718447632926e-09
24h_pooled_same_sample,r2p8_w256_di32,specific_cloud_liquid_water_content,10.0,4.221144961983483e-09,7.097292765574427e-09
24h_pooled_same_sample,r2p8_w256_di32,specific_cloud_liquid_water_content,20.0,6.533443234305127e-09,1.0813778739001643e-08
24h_pooled_same_sample,r2p8_w256_di32,specific_cloud_liquid_water_content,30.0,7.164874789372557e-09,1.2580760070403636e-08
24h_pooled_same_sample,r2p8_w256_di32,specific_cloud_liquid_water_content,50.0,1.120400711899004e-08,3.110034025899631e-08
24h_pooled_same_sample,r2p8_w256_di32,specific_cloud_liquid_water_content,70.0,1.0308092861351558e-08,4.988415559591041e-08
24h_pooled_same_sample,r2p8_w256_di32,specific_cloud_liquid_water_content,100.0,1.4096251298440844e-08,5.173899330476716e-08
24h_pooled_same_sample,r2p8_w256_di32,specific_cloud_liquid_water_content,125.0,1.51361336223033e-08,3.936865178713414e-08
24h_pooled_same_sample,r2p8_w256_di32,specific_cloud_liquid_water_content,150.0,2.0832729407515937e-08,5.31967892644834e-08
24h_pooled_same_sample,r2p8_w256_di32,specific_cloud_liquid_water_content,175.0,2.983492991684624e-08,4.792964838725057e-08
24h_pooled_same_sample,r2p8_w256_di32,specific_cloud_liquid_water_content,200.0,4.061891406435729e-08,6.760173531285263e-08
24h_pooled_same_sample,r2p8_w256_di32,specific_cloud_liquid_water_content,225.0,3.956738422644564e-08,5.374499426517042e-08
24h_pooled_same_sample,r2p8_w256_di32,specific_cloud_liquid_water_content,250.0,4.836736592529835e-08,7.235974643052208e-08
24h_pooled_same_sample,r2p8_w256_di32,specific_cloud_liquid_water_content,300.0,9.395639617860483e-08,1.2342748493441498e-07
24h_pooled_same_sample,r2p8_w256_di32,specific_cloud_liquid_water_content,350.0,1.7026503398542192e-07,2.2134188783312987e-07
24h_pooled_same_sample,r2p8_w256_di32,specific_cloud_liquid_water_content,400.0,3.7959727784284903e-07,4.866727818696524e-07
24h_pooled_same_sample,r2p8_w256_di32,specific_cloud_liquid_water_content,450.0,9.701133768709727e-07,1.131386833603924e-06
24h_pooled_same_sample,r2p8_w256_di32,specific_cloud_liquid_water_content,500.0,2.3676245989285307e-06,2.6811663403440196e-06
24h_pooled_same_sample,r2p8_w256_di32,specific_cloud_liquid_water_content,550.0,4.392962530070026e-06,4.669485502083385e-06
24h_pooled_same_sample,r2p8_w256_di32,specific_cloud_liquid_water_content,600.0,3.849404015870277e-06,4.222937845372546e-06
24h_pooled_same_sample,r2p8_w256_di32,specific_cloud_liquid_water_content,650.0,4.2121573262407645e-06,4.61783897389134e-06
24h_pooled_same_sample,r2p8_w256_di32,specific_cloud_liquid_water_content,700.0,5.5627599215630365e-06,6.107957407777848e-06
24h_pooled_same_sample,r2p8_w256_di32,specific_cloud_liquid_water_content,750.0,7.639527532255534e-06,8.30093309161104e-06
24h_pooled_same_sample,r2p8_w256_di32,specific_cloud_liquid_water_content,775.0,8.888479069958361e-06,9.707539077469223e-06
24h_pooled_same_sample,r2p8_w256_di32,specific_cloud_liquid_water_content,800.0,1.059446093955554e-05,1.368766043910239e-05
24h_pooled_same_sample,r2p8_w256_di32,specific_cloud_liquid_water_content,825.0,1.431612211610435e-05,1.9491961710857838e-05
24h_pooled_same_sample,r2p8_w256_di32,specific_cloud_liquid_water_content,850.0,1.7497133913704678e-05,3.346806708409467e-05
24h_pooled_same_sample,r2p8_w256_di32,specific_cloud_liquid_water_content,875.0,1.846401765247119e-05,5.697741749732825e-05
24h_pooled_same_sample,r2p8_w256_di32,specific_cloud_liquid_water_content,900.0,1.6977056084118652e-05,4.427512661353402e-05
24h_pooled_same_sample,r2p8_w256_di32,specific_cloud_liquid_water_content,925.0,1.4045377465720781e-05,2.4592006478130292e-05
24h_pooled_same_sample,r2p8_w256_di32,specific_cloud_liquid_water_content,950.0,9.976294358462551e-06,2.6508495216773053e-05
24h_pooled_same_sample,r2p8_w256_di32,specific_cloud_liquid_water_content,975.0,6.179770833591685e-06,1.511130121767202e-05
24h_pooled_same_sample,r2p8_w256_di32,specific_cloud_liquid_water_content,1000.0,3.7228728473207102e-06,5.275002790973801e-06
24h_uniform_stats_pressure_weights,r2p8_w128_di16,temperature,1.0,7.469292923735672e-05,0.0003165229352639815
24h_uniform_stats_pressure_weights,r2p8_w128_di16,temperature,2.0,9.825712578769096e-05,0.0015483949388032043
24h_uniform_stats_pressure_weights,r2p8_w128_di16,temperature,3.0,9.651637628126099e-05,0.0029161122157466916
24h_uniform_stats_pressure_weights,r2p8_w128_di16,temperature,5.0,9.116644914406066e-05,0.0037206302658666967
24h_uniform_stats_pressure_weights,r2p8_w128_di16,temperature,7.0,8.506293843005871e-05,0.0036665191372111713
24h_uniform_stats_pressure_weights,r2p8_w128_di16,temperature,10.0,6.885653188459573e-05,0.003586151663632062
24h_uniform_stats_pressure_weights,r2p8_w128_di16,temperature,20.0,0.00010391812776588423,0.0009050899439248705
24h_uniform_stats_pressure_weights,r2p8_w128_di16,temperature,30.0,0.00011537260753467404,0.00016299929558503005
24h_uniform_stats_pressure_weights,r2p8_w128_di16,temperature,50.0,1.8917974002138148e-05,0.0015259946393894343
24h_uniform_stats_pressure_weights,r2p8_w128_di16,temperature,70.0,2.5781050779520792e-05,0.0003572756552096722
24h_uniform_stats_pressure_weights,r2p8_w128_di16,temperature,100.0,2.540900727971693e-05,0.00017908671655683027
24h_uniform_stats_pressure_weights,r2p8_w128_di16,temperature,125.0,2.1033592455134702e-05,0.00026880337118020606
24h_uniform_stats_pressure_weights,r2p8_w128_di16,temperature,150.0,2.0285179491313488e-05,0.00010359334424711604
24h_uniform_stats_pressure_weights,r2p8_w128_di16,temperature,175.0,2.1650256445665716e-05,5.261676317923294e-05
24h_uniform_stats_pressure_weights,r2p8_w128_di16,temperature,200.0,2.5804123473728463e-05,3.572819643824416e-05
24h_uniform_stats_pressure_weights,r2p8_w128_di16,temperature,225.0,3.0214268015326877e-05,4.439966077119836e-05
24h_uniform_stats_pressure_weights,r2p8_w128_di16,temperature,250.0,3.28545939364539e-05,4.96993725344934e-05
24h_uniform_stats_pressure_weights,r2p8_w128_di16,temperature,300.0,3.6403077860701946e-05,5.525427195949577e-05
24h_uniform_stats_pressure_weights,r2p8_w128_di16,temperature,350.0,3.943113229410919e-05,5.4778127542545674e-05
24h_uniform_stats_pressure_weights,r2p8_w128_di16,temperature,400.0,4.416193614743237e-05,5.66394699695745e-05
24h_uniform_stats_pressure_weights,r2p8_w128_di16,temperature,450.0,4.9729669370536394e-05,5.9127140721091895e-05
24h_uniform_stats_pressure_weights,r2p8_w128_di16,temperature,500.0,5.5167368416882805e-05,6.576770390968923e-05
24h_uniform_stats_pressure_weights,r2p8_w128_di16,temperature,550.0,6.346268500513157e-05,7.57234358630692e-05
24h_uniform_stats_pressure_weights,r2p8_w128_di16,temperature,600.0,7.326977225437726e-05,8.981173383862699e-05
24h_uniform_stats_pressure_weights,r2p8_w128_di16,temperature,650.0,8.549154294637659e-05,0.00010497304717393987
24h_uniform_stats_pressure_weights,r2p8_w128_di16,temperature,700.0,9.966997612151121e-05,0.00012162133041690257
24h_uniform_stats_pressure_weights,r2p8_w128_di16,temperature,750.0,0.00012176194917050214,0.00014595883008356405
24h_uniform_stats_pressure_weights,r2p8_w128_di16,temperature,775.0,0.00013403317733970952,0.00015436754090035083
24h_uniform_stats_pressure_weights,r2p8_w128_di16,temperature,800.0,0.00015131079872676177,0.00019652728624368918
24h_uniform_stats_pressure_weights,r2p8_w128_di16,temperature,825.0,0.00017745121325759135,0.00022452154529330485
24h_uniform_stats_pressure_weights,r2p8_w128_di16,temperature,850.0,0.00019703835645016818,0.00029759016475022044
24h_uniform_stats_pressure_weights,r2p8_w128_di16,temperature,875.0,0.00020719493139644026,0.00031874210163605624
24h_uniform_stats_pressure_weights,r2p8_w128_di16,temperature,900.0,0.0002129173540964044,0.0002908676050612185
24h_uniform_stats_pressure_weights,r2p8_w128_di16,temperature,925.0,0.00022171805871431152,0.0003003171667988015
24h_uniform_stats_pressure_weights,r2p8_w128_di16,temperature,950.0,0.00023909919749750516,0.0003215998205332235
24h_uniform_stats_pressure_weights,r2p8_w128_di16,temperature,975.0,0.0002712726108619801,0.0003551833716429252
24h_uniform_stats_pressure_weights,r2p8_w128_di16,temperature,1000.0,0.00029027256187949335,0.00039756233571674527
24h_uniform_stats_pressure_weights,r2p8_w128_di16,geopotential,1.0,0.0582782081087106,0.001466712476319445
24h_uniform_stats_pressure_weights,r2p8_w128_di16,geopotential,2.0,0.054358724218015866,0.0005269470388952231
24h_uniform_stats_pressure_weights,r2p8_w128_di16,geopotential,3.0,0.04636881088499005,0.0004348198356129137
24h_uniform_stats_pressure_weights,r2p8_w128_di16,geopotential,5.0,0.029073879128074347,0.00037094027528258513
24h_uniform_stats_pressure_weights,r2p8_w128_di16,geopotential,7.0,0.016206651661992585,0.00024386502103211044
24h_uniform_stats_pressure_weights,r2p8_w128_di16,geopotential,10.0,0.004867756729813228,0.00016855506173171984
24h_uniform_stats_pressure_weights,r2p8_w128_di16,geopotential,20.0,0.002411061522144632,0.0009347923607348463
24h_uniform_stats_pressure_weights,r2p8_w128_di16,geopotential,30.0,0.0060704963155234735,0.000737346365375061
24h_uniform_stats_pressure_weights,r2p8_w128_di16,geopotential,50.0,1.1424502948110674e-05,0.00018266949613315268
24h_uniform_stats_pressure_weights,r2p8_w128_di16,geopotential,70.0,1.3798619742942111e-05,0.0002839634343894685
24h_uniform_stats_pressure_weights,r2p8_w128_di16,geopotential,100.0,1.2551135414421196e-05,4.470648691129139e-05
24h_uniform_stats_pressure_weights,r2p8_w128_di16,geopotential,125.0,1.289627659729124e-05,1.634998337322648e-05
24h_uniform_stats_pressure_weights,r2p8_w128_di16,geopotential,150.0,1.3995183876745138e-05,1.8067907528227818e-05
24h_uniform_stats_pressure_weights,r2p8_w128_di16,geopotential,175.0,1.5804657424687738e-05,3.717114099367668e-05
24h_uniform_stats_pressure_weights,r2p8_w128_di16,geopotential,200.0,1.794339536457178e-05,2.4732794988151508e-05
24h_uniform_stats_pressure_weights,r2p8_w128_di16,geopotential,225.0,1.9354655123893713e-05,2.5890161279545198e-05
24h_uniform_stats_pressure_weights,r2p8_w128_di16,geopotential,250.0,2.1388600222686585e-05,2.6408124328244404e-05
24h_uniform_stats_pressure_weights,r2p8_w128_di16,geopotential,300.0,2.5646537298455126e-05,4.3776169829637626e-05
24h_uniform_stats_pressure_weights,r2p8_w128_di16,geopotential,350.0,2.847258066817015e-05,3.7544727900247433e-05
24h_uniform_stats_pressure_weights,r2p8_w128_di16,geopotential,400.0,3.0029771475915357e-05,3.990602955992247e-05
24h_uniform_stats_pressure_weights,r2p8_w128_di16,geopotential,450.0,3.1000374481357255e-05,4.0003758262039485e-05
24h_uniform_stats_pressure_weights,r2p8_w128_di16,geopotential,500.0,3.172153885713159e-05,4.1172575054773526e-05
24h_uniform_stats_pressure_weights,r2p8_w128_di16,geopotential,550.0,3.250460393433323e-05,4.3265390925912145e-05
24h_uniform_stats_pressure_weights,r2p8_w128_di16,geopotential,600.0,3.381895232401962e-05,4.4030423774437515e-05
24h_uniform_stats_pressure_weights,r2p8_w128_di16,geopotential,650.0,3.542822252318792e-05,4.895792727113269e-05
24h_uniform_stats_pressure_weights,r2p8_w128_di16,geopotential,700.0,3.786107818013636e-05,5.2028431323333905e-05
24h_uniform_stats_pressure_weights,r2p8_w128_di16,geopotential,750.0,4.055512061045664e-05,5.629684606104924e-05
24h_uniform_stats_pressure_weights,r2p8_w128_di16,geopotential,775.0,4.2451186829451185e-05,6.012143528343904e-05
24h_uniform_stats_pressure_weights,r2p8_w128_di16,geopotential,800.0,4.433634462561508e-05,6.208079683451982e-05
24h_uniform_stats_pressure_weights,r2p8_w128_di16,geopotential,825.0,4.6605930140175946e-05,6.420933828047643e-05
24h_uniform_stats_pressure_weights,r2p8_w128_di16,geopotential,850.0,4.912426585163662e-05,6.874293134120584e-05
24h_uniform_stats_pressure_weights,r2p8_w128_di16,geopotential,875.0,5.191130632691868e-05,7.498016606474758e-05
24h_uniform_stats_pressure_weights,r2p8_w128_di16,geopotential,900.0,5.570579828744776e-05,8.083783118626912e-05
24h_uniform_stats_pressure_weights,r2p8_w128_di16,geopotential,925.0,6.007597209531962e-05,8.839388633011814e-05
24h_uniform_stats_pressure_weights,r2p8_w128_di16,geopotential,950.0,6.495557561989179e-05,9.895920847194629e-05
24h_uniform_stats_pressure_weights,r2p8_w128_di16,geopotential,975.0,7.185008970849826e-05,0.00011891928100707909
24h_uniform_stats_pressure_weights,r2p8_w128_di16,geopotential,1000.0,8.121836835736878e-05,0.0001559321055968058
24h_uniform_stats_pressure_weights,r2p8_w128_di16,u_component_of_wind,1.0,0.00012924421424856546,0.00026535963707742066
24h_uniform_stats_pressure_weights,r2p8_w128_di16,u_component_of_wind,2.0,0.00016278648008934187,0.00022898090511060438
24h_uniform_stats_pressure_weights,r2p8_w128_di16,u_component_of_wind,3.0,0.0001532184704793015,0.00021897346853505759
24h_uniform_stats_pressure_weights,r2p8_w128_di16,u_component_of_wind,5.0,0.00012476698022102076,0.00016579464972224067
24h_uniform_stats_pressure_weights,r2p8_w128_di16,u_component_of_wind,7.0,0.00011868096720577507,0.00015264583176948705
24h_uniform_stats_pressure_weights,r2p8_w128_di16,u_component_of_wind,10.0,0.00012178437602592756,0.0001749475694899428
24h_uniform_stats_pressure_weights,r2p8_w128_di16,u_component_of_wind,20.0,9.57498114291228e-05,0.00016968754500127462
24h_uniform_stats_pressure_weights,r2p8_w128_di16,u_component_of_wind,30.0,0.0001404801163107719,0.00018751578547959955
24h_uniform_stats_pressure_weights,r2p8_w128_di16,u_component_of_wind,50.0,1.0114993058266393e-05,5.985073637643595e-05
24h_uniform_stats_pressure_weights,r2p8_w128_di16,u_component_of_wind,70.0,1.404437280894984e-05,3.0404816252661496e-05
24h_uniform_stats_pressure_weights,r2p8_w128_di16,u_component_of_wind,100.0,2.3327102481036517e-05,5.0210314263043616e-05
24h_uniform_stats_pressure_weights,r2p8_w128_di16,u_component_of_wind,125.0,3.170696177771867e-05,5.055571178683963e-05
24h_uniform_stats_pressure_weights,r2p8_w128_di16,u_component_of_wind,150.0,4.012691362535452e-05,7.097672888177946e-05
24h_uniform_stats_pressure_weights,r2p8_w128_di16,u_component_of_wind,175.0,4.7625710030463534e-05,7.825996861936066e-05
24h_uniform_stats_pressure_weights,r2p8_w128_di16,u_component_of_wind,200.0,5.707752835726574e-05,9.191399343370918e-05
24h_uniform_stats_pressure_weights,r2p8_w128_di16,u_component_of_wind,225.0,7.039757614696839e-05,0.00011198493233933436
24h_uniform_stats_pressure_weights,r2p8_w128_di16,u_component_of_wind,250.0,8.404756092940945e-05,0.0001258871819469926
24h_uniform_stats_pressure_weights,r2p8_w128_di16,u_component_of_wind,300.0,0.00010579897160467557,0.0001916696583943066
24h_uniform_stats_pressure_weights,r2p8_w128_di16,u_component_of_wind,350.0,0.00011309178515688035,0.0002479751473831057
24h_uniform_stats_pressure_weights,r2p8_w128_di16,u_component_of_wind,400.0,0.00011379070933811457,0.00016802535822603228
24h_uniform_stats_pressure_weights,r2p8_w128_di16,u_component_of_wind,450.0,0.0001129030542004743,0.00015734214680927455
24h_uniform_stats_pressure_weights,r2p8_w128_di16,u_component_of_wind,500.0,0.00011174526459533536,0.0001386217004334242
24h_uniform_stats_pressure_weights,r2p8_w128_di16,u_component_of_wind,550.0,0.00011431898372172439,0.00013315332713163887
24h_uniform_stats_pressure_weights,r2p8_w128_di16,u_component_of_wind,600.0,0.00011650665305201757,0.0001332786984884526
24h_uniform_stats_pressure_weights,r2p8_w128_di16,u_component_of_wind,650.0,0.00012137262650382618,0.0001660610327947844
24h_uniform_stats_pressure_weights,r2p8_w128_di16,u_component_of_wind,700.0,0.00012553772154191034,0.00016464285790416836
24h_uniform_stats_pressure_weights,r2p8_w128_di16,u_component_of_wind,750.0,0.00012957039989102304,0.00014609915340006477
24h_uniform_stats_pressure_weights,r2p8_w128_di16,u_component_of_wind,775.0,0.0001308672472600802,0.00015402706596376743
24h_uniform_stats_pressure_weights,r2p8_w128_di16,u_component_of_wind,800.0,0.0001327062355342476,0.00015373196478070595
24h_uniform_stats_pressure_weights,r2p8_w128_di16,u_component_of_wind,825.0,0.0001342116876877233,0.0001545807263594211
24h_uniform_stats_pressure_weights,r2p8_w128_di16,u_component_of_wind,850.0,0.00013383282713360254,0.00015514112765685866
24h_uniform_stats_pressure_weights,r2p8_w128_di16,u_component_of_wind,875.0,0.00013233140771897432,0.0001575301453178396
24h_uniform_stats_pressure_weights,r2p8_w128_di16,u_component_of_wind,900.0,0.00013152116020282096,0.00015886102278728722
24h_uniform_stats_pressure_weights,r2p8_w128_di16,u_component_of_wind,925.0,0.00013242963726499348,0.0001646363497989913
24h_uniform_stats_pressure_weights,r2p8_w128_di16,u_component_of_wind,950.0,0.00012982240544523796,0.00016967104122864106
24h_uniform_stats_pressure_weights,r2p8_w128_di16,u_component_of_wind,975.0,0.00011848732241905884,0.0001660889079364674
24h_uniform_stats_pressure_weights,r2p8_w128_di16,u_component_of_wind,1000.0,0.00010126369661372098,0.00015311749432960492
24h_uniform_stats_pressure_weights,r2p8_w128_di16,v_component_of_wind,1.0,1.5545942971000083e-05,1.8166948718339723e-05
24h_uniform_stats_pressure_weights,r2p8_w128_di16,v_component_of_wind,2.0,1.9005387680455282e-05,2.3910391297473695e-05
24h_uniform_stats_pressure_weights,r2p8_w128_di16,v_component_of_wind,3.0,2.038529194314085e-05,2.7905938798789302e-05
24h_uniform_stats_pressure_weights,r2p8_w128_di16,v_component_of_wind,5.0,2.1358521123522787e-05,2.8597942158899574e-05
24h_uniform_stats_pressure_weights,r2p8_w128_di16,v_component_of_wind,7.0,2.2613406260132213e-05,2.8895315210279418e-05
24h_uniform_stats_pressure_weights,r2p8_w128_di16,v_component_of_wind,10.0,2.23576757304678e-05,2.7466935134668364e-05
24h_uniform_stats_pressure_weights,r2p8_w128_di16,v_component_of_wind,20.0,2.5731243334399378e-05,2.9137935701343304e-05
24h_uniform_stats_pressure_weights,r2p8_w128_di16,v_component_of_wind,30.0,3.211059856689651e-05,4.612119412252418e-05
24h_uniform_stats_pressure_weights,r2p8_w128_di16,v_component_of_wind,50.0,7.56011980524421e-06,3.994477386146685e-05
24h_uniform_stats_pressure_weights,r2p8_w128_di16,v_component_of_wind,70.0,1.1044934573175159e-05,0.0003571113173830035
24h_uniform_stats_pressure_weights,r2p8_w128_di16,v_component_of_wind,100.0,1.774135412029331e-05,5.147417367886847e-05
24h_uniform_stats_pressure_weights,r2p8_w128_di16,v_component_of_wind,125.0,2.3909472446379223e-05,6.206554195196407e-05
24h_uniform_stats_pressure_weights,r2p8_w128_di16,v_component_of_wind,150.0,2.9185720983618713e-05,6.311056572467498e-05
24h_uniform_stats_pressure_weights,r2p8_w128_di16,v_component_of_wind,175.0,3.393708617220086e-05,5.526296443093306e-05
24h_uniform_stats_pressure_weights,r2p8_w128_di16,v_component_of_wind,200.0,4.053103202732959e-05,5.877723523931356e-05
24h_uniform_stats_pressure_weights,r2p8_w128_di16,v_component_of_wind,225.0,5.156684006889924e-05,8.584127843038695e-05
24h_uniform_stats_pressure_weights,r2p8_w128_di16,v_component_of_wind,250.0,6.378448365872272e-05,0.00012154206579004745
24h_uniform_stats_pressure_weights,r2p8_w128_di16,v_component_of_wind,300.0,8.618058022600638e-05,0.00015436764957532678
24h_uniform_stats_pressure_weights,r2p8_w128_di16,v_component_of_wind,350.0,9.508998558450515e-05,0.00017581993660918812
24h_uniform_stats_pressure_weights,r2p8_w128_di16,v_component_of_wind,400.0,9.624183862897716e-05,0.00013250492189924223
24h_uniform_stats_pressure_weights,r2p8_w128_di16,v_component_of_wind,450.0,9.466587886937153e-05,0.00013292176474463075
24h_uniform_stats_pressure_weights,r2p8_w128_di16,v_component_of_wind,500.0,9.282497095117873e-05,0.00012748061830222723
24h_uniform_stats_pressure_weights,r2p8_w128_di16,v_component_of_wind,550.0,9.401340440334621e-05,0.00011697581836835244
24h_uniform_stats_pressure_weights,r2p8_w128_di16,v_component_of_wind,600.0,9.511255180642837e-05,0.00011831782943725576
24h_uniform_stats_pressure_weights,r2p8_w128_di16,v_component_of_wind,650.0,9.831590033477361e-05,0.00013451017707245624
24h_uniform_stats_pressure_weights,r2p8_w128_di16,v_component_of_wind,700.0,0.00010168433116958173,0.00012815952177226963
24h_uniform_stats_pressure_weights,r2p8_w128_di16,v_component_of_wind,750.0,0.00010517260361947473,0.0001315922614513464
24h_uniform_stats_pressure_weights,r2p8_w128_di16,v_component_of_wind,775.0,0.0001066563314760418,0.00014830594245313598
24h_uniform_stats_pressure_weights,r2p8_w128_di16,v_component_of_wind,800.0,0.00010837355194455842,0.00017816406400395567
24h_uniform_stats_pressure_weights,r2p8_w128_di16,v_component_of_wind,825.0,0.0001099816843869193,0.000154500644279304
24h_uniform_stats_pressure_weights,r2p8_w128_di16,v_component_of_wind,850.0,0.00011057996694818385,0.0001573608088004941
24h_uniform_stats_pressure_weights,r2p8_w128_di16,v_component_of_wind,875.0,0.0001105424985072335,0.00015903912409795758
24h_uniform_stats_pressure_weights,r2p8_w128_di16,v_component_of_wind,900.0,0.00011140581815376535,0.00015166462184918142
24h_uniform_stats_pressure_weights,r2p8_w128_di16,v_component_of_wind,925.0,0.00011187245879386637,0.0001462661033427966
24h_uniform_stats_pressure_weights,r2p8_w128_di16,v_component_of_wind,950.0,0.0001096726342962133,0.00015201507466401596
24h_uniform_stats_pressure_weights,r2p8_w128_di16,v_component_of_wind,975.0,9.907411981807039e-05,0.00014299941911486693
24h_uniform_stats_pressure_weights,r2p8_w128_di16,v_component_of_wind,1000.0,8.287370555298156e-05,0.00011701272129520765
24h_uniform_stats_pressure_weights,r2p8_w128_di16,specific_humidity,1.0,0.0004008236030535611,5.773632691026931e-05
24h_uniform_stats_pressure_weights,r2p8_w128_di16,specific_humidity,2.0,0.0011916555261920452,0.00010541212688609721
24h_uniform_stats_pressure_weights,r2p8_w128_di16,specific_humidity,3.0,0.0011825367070474578,0.00010485532294626935
24h_uniform_stats_pressure_weights,r2p8_w128_di16,specific_humidity,5.0,0.0008440579590261795,0.00031694134818050727
24h_uniform_stats_pressure_weights,r2p8_w128_di16,specific_humidity,7.0,0.0006255676125332731,0.0006374748656678066
24h_uniform_stats_pressure_weights,r2p8_w128_di16,specific_humidity,10.0,0.0004548600112000105,0.0012996198145026287
24h_uniform_stats_pressure_weights,r2p8_w128_di16,specific_humidity,20.0,0.00018241922716103653,0.001781052664469756
24h_uniform_stats_pressure_weights,r2p8_w128_di16,specific_humidity,30.0,0.00014357193790382565,0.0003681393817294441
24h_uniform_stats_pressure_weights,r2p8_w128_di16,specific_humidity,50.0,2.763347321544491e-06,0.002471114207744261
24h_uniform_stats_pressure_weights,r2p8_w128_di16,specific_humidity,70.0,9.94613266571963e-06,0.00030586325878527155
24h_uniform_stats_pressure_weights,r2p8_w128_di16,specific_humidity,100.0,3.8987964882861575e-05,0.00010475565679938785
24h_uniform_stats_pressure_weights,r2p8_w128_di16,specific_humidity,125.0,5.913621960778802e-05,0.00021102160061841144
24h_uniform_stats_pressure_weights,r2p8_w128_di16,specific_humidity,150.0,6.978405193620822e-05,0.00022192394903417534
24h_uniform_stats_pressure_weights,r2p8_w128_di16,specific_humidity,175.0,7.578245313427823e-05,0.00023323742818931708
24h_uniform_stats_pressure_weights,r2p8_w128_di16,specific_humidity,200.0,8.509362874420462e-05,0.0001396136693977584
24h_uniform_stats_pressure_weights,r2p8_w128_di16,specific_humidity,225.0,9.538527126899146e-05,0.00015445410053867555
24h_uniform_stats_pressure_weights,r2p8_w128_di16,specific_humidity,250.0,0.00010361504092297352,0.0001811821688521828
24h_uniform_stats_pressure_weights,r2p8_w128_di16,specific_humidity,300.0,0.00011690114585067772,0.00023939359299344546
24h_uniform_stats_pressure_weights,r2p8_w128_di16,specific_humidity,350.0,0.00013220501831458082,0.0002287097232744964
24h_uniform_stats_pressure_weights,r2p8_w128_di16,specific_humidity,400.0,0.0001426176443314424,0.0002583613588217136
24h_uniform_stats_pressure_weights,r2p8_w128_di16,specific_humidity,450.0,0.00015610947553317515,0.00023201555359009065
24h_uniform_stats_pressure_weights,r2p8_w128_di16,specific_humidity,500.0,0.00016528764095190133,0.00021646754645303777
24h_uniform_stats_pressure_weights,r2p8_w128_di16,specific_humidity,550.0,0.00018209324321132562,0.00022243318144870718
24h_uniform_stats_pressure_weights,r2p8_w128_di16,specific_humidity,600.0,0.00019653440334475663,0.0002708090240987106
24h_uniform_stats_pressure_weights,r2p8_w128_di16,specific_humidity,650.0,0.00022005330506059295,0.0003016737741421942
24h_uniform_stats_pressure_weights,r2p8_w128_di16,specific_humidity,700.0,0.00023107104807996905,0.0003642629894970757
24h_uniform_stats_pressure_weights,r2p8_w128_di16,specific_humidity,750.0,0.00024445894814273134,0.00033729280009986705
24h_uniform_stats_pressure_weights,r2p8_w128_di16,specific_humidity,775.0,0.00024845592661219677,0.0003197199021477604
24h_uniform_stats_pressure_weights,r2p8_w128_di16,specific_humidity,800.0,0.00025862747158474775,0.0003396652432339471
24h_uniform_stats_pressure_weights,r2p8_w128_di16,specific_humidity,825.0,0.00027730353636458183,0.00036605458651826764
24h_uniform_stats_pressure_weights,r2p8_w128_di16,specific_humidity,850.0,0.00030232556166588014,0.00040584969661228187
24h_uniform_stats_pressure_weights,r2p8_w128_di16,specific_humidity,875.0,0.00033109863001722317,0.0004230315790254278
24h_uniform_stats_pressure_weights,r2p8_w128_di16,specific_humidity,900.0,0.00036955113510792693,0.00047854599422212713
24h_uniform_stats_pressure_weights,r2p8_w128_di16,specific_humidity,925.0,0.0003796172071600364,0.0004677161638232971
24h_uniform_stats_pressure_weights,r2p8_w128_di16,specific_humidity,950.0,0.0003466624125201811,0.000435844240071263
24h_uniform_stats_pressure_weights,r2p8_w128_di16,specific_humidity,975.0,0.00034213084450716185,0.00039597909806239845
24h_uniform_stats_pressure_weights,r2p8_w128_di16,specific_humidity,1000.0,0.0003469485154484966,0.00044828290131684965
24h_uniform_stats_pressure_weights,r2p8_w128_di16,specific_cloud_ice_water_content,1.0,6.277266206182588e-10,7.358972472628933e-10
24h_uniform_stats_pressure_weights,r2p8_w128_di16,specific_cloud_ice_water_content,2.0,1.229831949797062e-09,1.4709289882973005e-09
24h_uniform_stats_pressure_weights,r2p8_w128_di16,specific_cloud_ice_water_content,3.0,1.8437542467578452e-09,2.2150032054220776e-09
24h_uniform_stats_pressure_weights,r2p8_w128_di16,specific_cloud_ice_water_content,5.0,3.046266195390255e-09,3.6872994220992584e-09
24h_uniform_stats_pressure_weights,r2p8_w128_di16,specific_cloud_ice_water_content,7.0,4.2870126607261425e-09,5.16136397077502e-09
24h_uniform_stats_pressure_weights,r2p8_w128_di16,specific_cloud_ice_water_content,10.0,6.190673573725225e-09,7.350324327442473e-09
24h_uniform_stats_pressure_weights,r2p8_w128_di16,specific_cloud_ice_water_content,20.0,8.73053884738921e-09,1.1155581106000333e-08
24h_uniform_stats_pressure_weights,r2p8_w128_di16,specific_cloud_ice_water_content,30.0,9.411548636784686e-09,1.3522660413346641e-08
24h_uniform_stats_pressure_weights,r2p8_w128_di16,specific_cloud_ice_water_content,50.0,9.190778598258373e-09,1.770641791440745e-08
24h_uniform_stats_pressure_weights,r2p8_w128_di16,specific_cloud_ice_water_content,70.0,1.0652892195900438e-08,2.1522734574997736e-08
24h_uniform_stats_pressure_weights,r2p8_w128_di16,specific_cloud_ice_water_content,100.0,4.30898841701154e-08,6.062763289387834e-08
24h_uniform_stats_pressure_weights,r2p8_w128_di16,specific_cloud_ice_water_content,125.0,2.823700588167682e-07,3.2122208997188626e-07
24h_uniform_stats_pressure_weights,r2p8_w128_di16,specific_cloud_ice_water_content,150.0,9.316222753604177e-07,1.0518071176662714e-06
24h_uniform_stats_pressure_weights,r2p8_w128_di16,specific_cloud_ice_water_content,175.0,1.8427940773226388e-06,2.2620537463363725e-06
24h_uniform_stats_pressure_weights,r2p8_w128_di16,specific_cloud_ice_water_content,200.0,3.0106003160354453e-06,4.230697675972226e-06
24h_uniform_stats_pressure_weights,r2p8_w128_di16,specific_cloud_ice_water_content,225.0,4.404011070956844e-06,7.36482749206848e-06
24h_uniform_stats_pressure_weights,r2p8_w128_di16,specific_cloud_ice_water_content,250.0,5.416076459461746e-06,1.1968123810043396e-05
24h_uniform_stats_pressure_weights,r2p8_w128_di16,specific_cloud_ice_water_content,300.0,6.2043228008735795e-06,1.3748115878376345e-05
24h_uniform_stats_pressure_weights,r2p8_w128_di16,specific_cloud_ice_water_content,350.0,6.450366017472911e-06,1.1061851512527797e-05
24h_uniform_stats_pressure_weights,r2p8_w128_di16,specific_cloud_ice_water_content,400.0,5.566574651132633e-06,7.701832531460786e-06
24h_uniform_stats_pressure_weights,r2p8_w128_di16,specific_cloud_ice_water_content,450.0,4.569893591287574e-06,5.938764567302636e-06
24h_uniform_stats_pressure_weights,r2p8_w128_di16,specific_cloud_ice_water_content,500.0,3.6143687039525188e-06,4.527372561196591e-06
24h_uniform_stats_pressure_weights,r2p8_w128_di16,specific_cloud_ice_water_content,550.0,2.6482138342886234e-06,3.3041412035124426e-06
24h_uniform_stats_pressure_weights,r2p8_w128_di16,specific_cloud_ice_water_content,600.0,2.0153561730798565e-06,2.4850383963539533e-06
24h_uniform_stats_pressure_weights,r2p8_w128_di16,specific_cloud_ice_water_content,650.0,1.6127366396578306e-06,1.986866075762741e-06
24h_uniform_stats_pressure_weights,r2p8_w128_di16,specific_cloud_ice_water_content,700.0,1.296332499213406e-06,1.5371461140066052e-06
24h_uniform_stats_pressure_weights,r2p8_w128_di16,specific_cloud_ice_water_content,750.0,1.09118100377067e-06,1.2894278743713714e-06
24h_uniform_stats_pressure_weights,r2p8_w128_di16,specific_cloud_ice_water_content,775.0,1.110216184070794e-06,1.275683302347188e-06
24h_uniform_stats_pressure_weights,r2p8_w128_di16,specific_cloud_ice_water_content,800.0,1.1444633867282819e-06,1.3645498550704078e-06
24h_uniform_stats_pressure_weights,r2p8_w128_di16,specific_cloud_ice_water_content,825.0,1.140800126138198e-06,1.3198622798367806e-06
24h_uniform_stats_pressure_weights,r2p8_w128_di16,specific_cloud_ice_water_content,850.0,1.0234209354501225e-06,1.1341178295323114e-06
24h_uniform_stats_pressure_weights,r2p8_w128_di16,specific_cloud_ice_water_content,875.0,8.517154770524682e-07,9.492013096870193e-07
24h_uniform_stats_pressure_weights,r2p8_w128_di16,specific_cloud_ice_water_content,900.0,7.14199951470556e-07,8.472650698809043e-07
24h_uniform_stats_pressure_weights,r2p8_w128_di16,specific_cloud_ice_water_content,925.0,5.897041373788729e-07,7.585965579092712e-07
24h_uniform_stats_pressure_weights,r2p8_w128_di16,specific_cloud_ice_water_content,950.0,4.412321766270053e-07,5.600976865409333e-07
24h_uniform_stats_pressure_weights,r2p8_w128_di16,specific_cloud_ice_water_content,975.0,3.119149448357278e-07,3.7579097537941967e-07
24h_uniform_stats_pressure_weights,r2p8_w128_di16,specific_cloud_ice_water_content,1000.0,2.662303492430806e-07,3.3359044938077127e-07
24h_uniform_stats_pressure_weights,r2p8_w128_di16,specific_cloud_liquid_water_content,1.0,4.2064988970582373e-10,7.385127869136252e-10
24h_uniform_stats_pressure_weights,r2p8_w128_di16,specific_cloud_liquid_water_content,2.0,8.435004320579252e-10,1.4772141768208216e-09
24h_uniform_stats_pressure_weights,r2p8_w128_di16,specific_cloud_liquid_water_content,3.0,1.2498588493899393e-09,2.2135288489651097e-09
24h_uniform_stats_pressure_weights,r2p8_w128_di16,specific_cloud_liquid_water_content,5.0,2.1029046715219132e-09,3.6995137709194574e-09
24h_uniform_stats_pressure_weights,r2p8_w128_di16,specific_cloud_liquid_water_content,7.0,2.9820301149936304e-09,5.180186150417821e-09
24h_uniform_stats_pressure_weights,r2p8_w128_di16,specific_cloud_liquid_water_content,10.0,4.172591547696271e-09,7.35071782568096e-09
24h_uniform_stats_pressure_weights,r2p8_w128_di16,specific_cloud_liquid_water_content,20.0,6.45829277656578e-09,1.1504278591653059e-08
24h_uniform_stats_pressure_weights,r2p8_w128_di16,specific_cloud_liquid_water_content,30.0,7.082461335890747e-09,1.3829448342037107e-08
24h_uniform_stats_pressure_weights,r2p8_w128_di16,specific_cloud_liquid_water_content,50.0,1.1075133838345924e-08,3.7964045643104974e-08
24h_uniform_stats_pressure_weights,r2p8_w128_di16,specific_cloud_liquid_water_content,70.0,1.0189524769585985e-08,5.203825890409899e-08
24h_uniform_stats_pressure_weights,r2p8_w128_di16,specific_cloud_liquid_water_content,100.0,1.3934110188539649e-08,4.748428779696826e-08
24h_uniform_stats_pressure_weights,r2p8_w128_di16,specific_cloud_liquid_water_content,125.0,1.4962031341266036e-08,5.335159478041372e-08
24h_uniform_stats_pressure_weights,r2p8_w128_di16,specific_cloud_liquid_water_content,150.0,2.059310244592938e-08,5.433978454499377e-08
24h_uniform_stats_pressure_weights,r2p8_w128_di16,specific_cloud_liquid_water_content,175.0,2.949175579571824e-08,4.912842334954051e-08
24h_uniform_stats_pressure_weights,r2p8_w128_di16,specific_cloud_liquid_water_content,200.0,4.0151697946402254e-08,6.948356056766382e-08
24h_uniform_stats_pressure_weights,r2p8_w128_di16,specific_cloud_liquid_water_content,225.0,3.911226325431366e-08,5.336684782285315e-08
24h_uniform_stats_pressure_weights,r2p8_w128_di16,specific_cloud_liquid_water_content,250.0,4.7811023800850515e-08,7.36917982166325e-08
24h_uniform_stats_pressure_weights,r2p8_w128_di16,specific_cloud_liquid_water_content,300.0,9.287566953460689e-08,1.2397199441248726e-07
24h_uniform_stats_pressure_weights,r2p8_w128_di16,specific_cloud_liquid_water_content,350.0,1.6830657276028649e-07,2.2276229569798652e-07
24h_uniform_stats_pressure_weights,r2p8_w128_di16,specific_cloud_liquid_water_content,400.0,3.752309876397423e-07,4.940617986258043e-07
24h_uniform_stats_pressure_weights,r2p8_w128_di16,specific_cloud_liquid_water_content,450.0,9.589547179959528e-07,1.1315555160476584e-06
24h_uniform_stats_pressure_weights,r2p8_w128_di16,specific_cloud_liquid_water_content,500.0,2.340391168410581e-06,2.6291010956583036e-06
24h_uniform_stats_pressure_weights,r2p8_w128_di16,specific_cloud_liquid_water_content,550.0,4.3424327966465946e-06,4.587633801077735e-06
24h_uniform_stats_pressure_weights,r2p8_w128_di16,specific_cloud_liquid_water_content,600.0,3.8051265248993007e-06,4.168967817097276e-06
24h_uniform_stats_pressure_weights,r2p8_w128_di16,specific_cloud_liquid_water_content,650.0,4.16370729158292e-06,4.5587567030674006e-06
24h_uniform_stats_pressure_weights,r2p8_w128_di16,specific_cloud_liquid_water_content,700.0,5.4987746783448005e-06,5.980869553171816e-06
24h_uniform_stats_pressure_weights,r2p8_w128_di16,specific_cloud_liquid_water_content,750.0,7.551654419966619e-06,8.183592846806866e-06
24h_uniform_stats_pressure_weights,r2p8_w128_di16,specific_cloud_liquid_water_content,775.0,8.786239983039131e-06,9.611150579161199e-06
24h_uniform_stats_pressure_weights,r2p8_w128_di16,specific_cloud_liquid_water_content,800.0,1.0472598919705313e-05,1.3407848972205772e-05
24h_uniform_stats_pressure_weights,r2p8_w128_di16,specific_cloud_liquid_water_content,825.0,1.415145195804304e-05,2.034316888298196e-05
24h_uniform_stats_pressure_weights,r2p8_w128_di16,specific_cloud_liquid_water_content,850.0,1.7295874397767157e-05,3.468547713579113e-05
24h_uniform_stats_pressure_weights,r2p8_w128_di16,specific_cloud_liquid_water_content,875.0,1.82516366263371e-05,5.383754318500746e-05
24h_uniform_stats_pressure_weights,r2p8_w128_di16,specific_cloud_liquid_water_content,900.0,1.6781778725758967e-05,4.42058951742349e-05
24h_uniform_stats_pressure_weights,r2p8_w128_di16,specific_cloud_liquid_water_content,925.0,1.3883821528396855e-05,2.4177168083705238e-05
24h_uniform_stats_pressure_weights,r2p8_w128_di16,specific_cloud_liquid_water_content,950.0,9.861542754952114e-06,2.4216196034480603e-05
24h_uniform_stats_pressure_weights,r2p8_w128_di16,specific_cloud_liquid_water_content,975.0,6.108688467033391e-06,1.913407046524437e-05
24h_uniform_stats_pressure_weights,r2p8_w128_di16,specific_cloud_liquid_water_content,1000.0,3.680050771954307e-06,6.183794018144995e-06
24h_uniform_stats_pressure_weights,r2p8_w128_di32,temperature,1.0,7.469292923735672e-05,0.00031596540302692756
24h_uniform_stats_pressure_weights,r2p8_w128_di32,temperature,2.0,9.825712578769096e-05,0.001547227998084301
24h_uniform_stats_pressure_weights,r2p8_w128_di32,temperature,3.0,9.651637628126099e-05,0.0029130622259494823
24h_uniform_stats_pressure_weights,r2p8_w128_di32,temperature,5.0,9.116644914406066e-05,0.0037189349909180574
24h_uniform_stats_pressure_weights,r2p8_w128_di32,temperature,7.0,8.506293843005871e-05,0.003665394660432893
24h_uniform_stats_pressure_weights,r2p8_w128_di32,temperature,10.0,6.885653188459573e-05,0.003583901527420358
24h_uniform_stats_pressure_weights,r2p8_w128_di32,temperature,20.0,0.00010391812776588423,0.0009063029436743878
24h_uniform_stats_pressure_weights,r2p8_w128_di32,temperature,30.0,0.00011537260753467404,0.00016246879997009245
24h_uniform_stats_pressure_weights,r2p8_w128_di32,temperature,50.0,1.8917974002138148e-05,0.0015296766748204337
24h_uniform_stats_pressure_weights,r2p8_w128_di32,temperature,70.0,2.5781050779520792e-05,0.0003377292771324372
24h_uniform_stats_pressure_weights,r2p8_w128_di32,temperature,100.0,2.540900727971693e-05,0.00017265345508703394
24h_uniform_stats_pressure_weights,r2p8_w128_di32,temperature,125.0,2.1033592455134702e-05,0.00025049567630353785
24h_uniform_stats_pressure_weights,r2p8_w128_di32,temperature,150.0,2.0285179491313488e-05,9.775692013204246e-05
24h_uniform_stats_pressure_weights,r2p8_w128_di32,temperature,175.0,2.1650256445665716e-05,5.056411151376632e-05
24h_uniform_stats_pressure_weights,r2p8_w128_di32,temperature,200.0,2.5804123473728463e-05,3.583668553063237e-05
24h_uniform_stats_pressure_weights,r2p8_w128_di32,temperature,225.0,3.0214268015326877e-05,4.383757361135026e-05
24h_uniform_stats_pressure_weights,r2p8_w128_di32,temperature,250.0,3.28545939364539e-05,4.859296443276939e-05
24h_uniform_stats_pressure_weights,r2p8_w128_di32,temperature,300.0,3.6403077860701946e-05,5.436527032054289e-05
24h_uniform_stats_pressure_weights,r2p8_w128_di32,temperature,350.0,3.943113229410919e-05,5.430933553583506e-05
24h_uniform_stats_pressure_weights,r2p8_w128_di32,temperature,400.0,4.416193614743237e-05,5.5939145267169666e-05
24h_uniform_stats_pressure_weights,r2p8_w128_di32,temperature,450.0,4.9729669370536394e-05,5.890236791694258e-05
24h_uniform_stats_pressure_weights,r2p8_w128_di32,temperature,500.0,5.5167368416882805e-05,6.535480113657567e-05
24h_uniform_stats_pressure_weights,r2p8_w128_di32,temperature,550.0,6.346268500513157e-05,7.529390102333255e-05
24h_uniform_stats_pressure_weights,r2p8_w128_di32,temperature,600.0,7.326977225437726e-05,8.903330490824529e-05
24h_uniform_stats_pressure_weights,r2p8_w128_di32,temperature,650.0,8.549154294637659e-05,0.00010450863111033124
24h_uniform_stats_pressure_weights,r2p8_w128_di32,temperature,700.0,9.966997612151121e-05,0.00012148262448621725
24h_uniform_stats_pressure_weights,r2p8_w128_di32,temperature,750.0,0.00012176194917050214,0.0001459189743697152
24h_uniform_stats_pressure_weights,r2p8_w128_di32,temperature,775.0,0.00013403317733970952,0.00015437730089848197
24h_uniform_stats_pressure_weights,r2p8_w128_di32,temperature,800.0,0.00015131079872676177,0.00019594470198400657
24h_uniform_stats_pressure_weights,r2p8_w128_di32,temperature,825.0,0.00017745121325759135,0.0002247719089798253
24h_uniform_stats_pressure_weights,r2p8_w128_di32,temperature,850.0,0.00019703835645016818,0.0002985962010282223
24h_uniform_stats_pressure_weights,r2p8_w128_di32,temperature,875.0,0.00020719493139644026,0.0003185615819859933
24h_uniform_stats_pressure_weights,r2p8_w128_di32,temperature,900.0,0.0002129173540964044,0.0002903273533523272
24h_uniform_stats_pressure_weights,r2p8_w128_di32,temperature,925.0,0.00022171805871431152,0.00029952586746382243
24h_uniform_stats_pressure_weights,r2p8_w128_di32,temperature,950.0,0.00023909919749750516,0.0003200502379790093
24h_uniform_stats_pressure_weights,r2p8_w128_di32,temperature,975.0,0.0002712726108619801,0.00035288552262195227
24h_uniform_stats_pressure_weights,r2p8_w128_di32,temperature,1000.0,0.00029027256187949335,0.0003939526857095531
24h_uniform_stats_pressure_weights,r2p8_w128_di32,geopotential,1.0,0.0582782081087106,0.0015327850910219778
24h_uniform_stats_pressure_weights,r2p8_w128_di32,geopotential,2.0,0.054358724218015866,0.000555966078770859
24h_uniform_stats_pressure_weights,r2p8_w128_di32,geopotential,3.0,0.04636881088499005,0.0004609785264377932
24h_uniform_stats_pressure_weights,r2p8_w128_di32,geopotential,5.0,0.029073879128074347,0.0003902028534530012
24h_uniform_stats_pressure_weights,r2p8_w128_di32,geopotential,7.0,0.016206651661992585,0.00025406284426550977
24h_uniform_stats_pressure_weights,r2p8_w128_di32,geopotential,10.0,0.004867756729813228,0.00016859802652678725
24h_uniform_stats_pressure_weights,r2p8_w128_di32,geopotential,20.0,0.002411061522144632,0.0009433144599242228
24h_uniform_stats_pressure_weights,r2p8_w128_di32,geopotential,30.0,0.0060704963155234735,0.0007526596701724838
24h_uniform_stats_pressure_weights,r2p8_w128_di32,geopotential,50.0,1.1424502948110674e-05,0.0001784254674973879
24h_uniform_stats_pressure_weights,r2p8_w128_di32,geopotential,70.0,1.3798619742942111e-05,0.00028581764034947213
24h_uniform_stats_pressure_weights,r2p8_w128_di32,geopotential,100.0,1.2551135414421196e-05,4.244438278420183e-05
24h_uniform_stats_pressure_weights,r2p8_w128_di32,geopotential,125.0,1.289627659729124e-05,1.6090645583038515e-05
24h_uniform_stats_pressure_weights,r2p8_w128_di32,geopotential,150.0,1.3995183876745138e-05,1.7689067186572603e-05
24h_uniform_stats_pressure_weights,r2p8_w128_di32,geopotential,175.0,1.5804657424687738e-05,3.5518210256243244e-05
24h_uniform_stats_pressure_weights,r2p8_w128_di32,geopotential,200.0,1.794339536457178e-05,2.4833028317855982e-05
24h_uniform_stats_pressure_weights,r2p8_w128_di32,geopotential,225.0,1.9354655123893713e-05,2.590003709289997e-05
24h_uniform_stats_pressure_weights,r2p8_w128_di32,geopotential,250.0,2.1388600222686585e-05,2.6135003435197913e-05
24h_uniform_stats_pressure_weights,r2p8_w128_di32,geopotential,300.0,2.5646537298455126e-05,4.210624683768213e-05
24h_uniform_stats_pressure_weights,r2p8_w128_di32,geopotential,350.0,2.847258066817015e-05,3.7346222435737396e-05
24h_uniform_stats_pressure_weights,r2p8_w128_di32,geopotential,400.0,3.0029771475915357e-05,3.936260571548642e-05
24h_uniform_stats_pressure_weights,r2p8_w128_di32,geopotential,450.0,3.1000374481357255e-05,3.960257974526153e-05
24h_uniform_stats_pressure_weights,r2p8_w128_di32,geopotential,500.0,3.172153885713159e-05,4.0771322572590465e-05
24h_uniform_stats_pressure_weights,r2p8_w128_di32,geopotential,550.0,3.250460393433323e-05,4.275495866777883e-05
24h_uniform_stats_pressure_weights,r2p8_w128_di32,geopotential,600.0,3.381895232401962e-05,4.351066997731496e-05
24h_uniform_stats_pressure_weights,r2p8_w128_di32,geopotential,650.0,3.542822252318792e-05,4.847198482254338e-05
24h_uniform_stats_pressure_weights,r2p8_w128_di32,geopotential,700.0,3.786107818013636e-05,5.1431431594109426e-05
24h_uniform_stats_pressure_weights,r2p8_w128_di32,geopotential,750.0,4.055512061045664e-05,5.600632193307092e-05
24h_uniform_stats_pressure_weights,r2p8_w128_di32,geopotential,775.0,4.2451186829451185e-05,5.9747653615193655e-05
24h_uniform_stats_pressure_weights,r2p8_w128_di32,geopotential,800.0,4.433634462561508e-05,6.157554838498069e-05
24h_uniform_stats_pressure_weights,r2p8_w128_di32,geopotential,825.0,4.6605930140175946e-05,6.353337253601787e-05
24h_uniform_stats_pressure_weights,r2p8_w128_di32,geopotential,850.0,4.912426585163662e-05,6.787438511060302e-05
24h_uniform_stats_pressure_weights,r2p8_w128_di32,geopotential,875.0,5.191130632691868e-05,7.38690288591526e-05
24h_uniform_stats_pressure_weights,r2p8_w128_di32,geopotential,900.0,5.570579828744776e-05,7.948809222331124e-05
24h_uniform_stats_pressure_weights,r2p8_w128_di32,geopotential,925.0,6.007597209531962e-05,8.681374176781842e-05
24h_uniform_stats_pressure_weights,r2p8_w128_di32,geopotential,950.0,6.495557561989179e-05,9.676196405579838e-05
24h_uniform_stats_pressure_weights,r2p8_w128_di32,geopotential,975.0,7.185008970849826e-05,0.00011559530773993447
24h_uniform_stats_pressure_weights,r2p8_w128_di32,geopotential,1000.0,8.121836835736878e-05,0.000150643822590485
24h_uniform_stats_pressure_weights,r2p8_w128_di32,u_component_of_wind,1.0,0.00012924421424856546,0.000264725023367715
24h_uniform_stats_pressure_weights,r2p8_w128_di32,u_component_of_wind,2.0,0.00016278648008934187,0.00022794346240639728
24h_uniform_stats_pressure_weights,r2p8_w128_di32,u_component_of_wind,3.0,0.0001532184704793015,0.00021744101612448108
24h_uniform_stats_pressure_weights,r2p8_w128_di32,u_component_of_wind,5.0,0.00012476698022102076,0.0001651706170928951
24h_uniform_stats_pressure_weights,r2p8_w128_di32,u_component_of_wind,7.0,0.00011868096720577507,0.0001524866810732565
24h_uniform_stats_pressure_weights,r2p8_w128_di32,u_component_of_wind,10.0,0.00012178437602592756,0.00017499752375227262
24h_uniform_stats_pressure_weights,r2p8_w128_di32,u_component_of_wind,20.0,9.57498114291228e-05,0.00016899087570683774
24h_uniform_stats_pressure_weights,r2p8_w128_di32,u_component_of_wind,30.0,0.0001404801163107719,0.0001880600310532561
24h_uniform_stats_pressure_weights,r2p8_w128_di32,u_component_of_wind,50.0,1.0114993058266393e-05,5.593183253109494e-05
24h_uniform_stats_pressure_weights,r2p8_w128_di32,u_component_of_wind,70.0,1.404437280894984e-05,3.0074316270184586e-05
24h_uniform_stats_pressure_weights,r2p8_w128_di32,u_component_of_wind,100.0,2.3327102481036517e-05,4.762982360559329e-05
24h_uniform_stats_pressure_weights,r2p8_w128_di32,u_component_of_wind,125.0,3.170696177771867e-05,4.954841378788486e-05
24h_uniform_stats_pressure_weights,r2p8_w128_di32,u_component_of_wind,150.0,4.012691362535452e-05,7.051769784922188e-05
24h_uniform_stats_pressure_weights,r2p8_w128_di32,u_component_of_wind,175.0,4.7625710030463534e-05,7.829378347899897e-05
24h_uniform_stats_pressure_weights,r2p8_w128_di32,u_component_of_wind,200.0,5.707752835726574e-05,9.056935358926195e-05
24h_uniform_stats_pressure_weights,r2p8_w128_di32,u_component_of_wind,225.0,7.039757614696839e-05,0.0001091273748800751
24h_uniform_stats_pressure_weights,r2p8_w128_di32,u_component_of_wind,250.0,8.404756092940945e-05,0.00012505412753230455
24h_uniform_stats_pressure_weights,r2p8_w128_di32,u_component_of_wind,300.0,0.00010579897160467557,0.00019037167706106818
24h_uniform_stats_pressure_weights,r2p8_w128_di32,u_component_of_wind,350.0,0.00011309178515688035,0.00024550012579462326
24h_uniform_stats_pressure_weights,r2p8_w128_di32,u_component_of_wind,400.0,0.00011379070933811457,0.00016520189465218992
24h_uniform_stats_pressure_weights,r2p8_w128_di32,u_component_of_wind,450.0,0.0001129030542004743,0.00015682211941528849
24h_uniform_stats_pressure_weights,r2p8_w128_di32,u_component_of_wind,500.0,0.00011174526459533536,0.00013842838524914087
24h_uniform_stats_pressure_weights,r2p8_w128_di32,u_component_of_wind,550.0,0.00011431898372172439,0.00013273575482200257
24h_uniform_stats_pressure_weights,r2p8_w128_di32,u_component_of_wind,600.0,0.00011650665305201757,0.00013335944692518826
24h_uniform_stats_pressure_weights,r2p8_w128_di32,u_component_of_wind,650.0,0.00012137262650382618,0.00016483503639566676
24h_uniform_stats_pressure_weights,r2p8_w128_di32,u_component_of_wind,700.0,0.00012553772154191034,0.00016541155713939982
24h_uniform_stats_pressure_weights,r2p8_w128_di32,u_component_of_wind,750.0,0.00012957039989102304,0.00014617918445038338
24h_uniform_stats_pressure_weights,r2p8_w128_di32,u_component_of_wind,775.0,0.0001308672472600802,0.0001538043735569056
24h_uniform_stats_pressure_weights,r2p8_w128_di32,u_component_of_wind,800.0,0.0001327062355342476,0.00015185441140592228
24h_uniform_stats_pressure_weights,r2p8_w128_di32,u_component_of_wind,825.0,0.0001342116876877233,0.0001535328980322018
24h_uniform_stats_pressure_weights,r2p8_w128_di32,u_component_of_wind,850.0,0.00013383282713360254,0.0001543863850033466
24h_uniform_stats_pressure_weights,r2p8_w128_di32,u_component_of_wind,875.0,0.00013233140771897432,0.0001559635131147881
24h_uniform_stats_pressure_weights,r2p8_w128_di32,u_component_of_wind,900.0,0.00013152116020282096,0.00015843539481472706
24h_uniform_stats_pressure_weights,r2p8_w128_di32,u_component_of_wind,925.0,0.00013242963726499348,0.0001635179608854723
24h_uniform_stats_pressure_weights,r2p8_w128_di32,u_component_of_wind,950.0,0.00012982240544523796,0.00016795503190106652
24h_uniform_stats_pressure_weights,r2p8_w128_di32,u_component_of_wind,975.0,0.00011848732241905884,0.00016467700422517258
24h_uniform_stats_pressure_weights,r2p8_w128_di32,u_component_of_wind,1000.0,0.00010126369661372098,0.00015320641402407338
24h_uniform_stats_pressure_weights,r2p8_w128_di32,v_component_of_wind,1.0,1.5545942971000083e-05,1.8286008340603433e-05
24h_uniform_stats_pressure_weights,r2p8_w128_di32,v_component_of_wind,2.0,1.9005387680455282e-05,2.391521940442239e-05
24h_uniform_stats_pressure_weights,r2p8_w128_di32,v_component_of_wind,3.0,2.038529194314085e-05,2.7742061847622936e-05
24h_uniform_stats_pressure_weights,r2p8_w128_di32,v_component_of_wind,5.0,2.1358521123522787e-05,2.8463643190615523e-05
24h_uniform_stats_pressure_weights,r2p8_w128_di32,v_component_of_wind,7.0,2.2613406260132213e-05,2.861378274513768e-05
24h_uniform_stats_pressure_weights,r2p8_w128_di32,v_component_of_wind,10.0,2.23576757304678e-05,2.7005738666839548e-05
24h_uniform_stats_pressure_weights,r2p8_w128_di32,v_component_of_wind,20.0,2.5731243334399378e-05,2.82484646996931e-05
24h_uniform_stats_pressure_weights,r2p8_w128_di32,v_component_of_wind,30.0,3.211059856689651e-05,4.7873255065082595e-05
24h_uniform_stats_pressure_weights,r2p8_w128_di32,v_component_of_wind,50.0,7.56011980524421e-06,4.3892711791325085e-05
24h_uniform_stats_pressure_weights,r2p8_w128_di32,v_component_of_wind,70.0,1.1044934573175159e-05,0.0003499729889072507
24h_uniform_stats_pressure_weights,r2p8_w128_di32,v_component_of_wind,100.0,1.774135412029331e-05,4.765111610444554e-05
24h_uniform_stats_pressure_weights,r2p8_w128_di32,v_component_of_wind,125.0,2.3909472446379223e-05,5.9739029529966334e-05
24h_uniform_stats_pressure_weights,r2p8_w128_di32,v_component_of_wind,150.0,2.9185720983618713e-05,5.855623142154457e-05
24h_uniform_stats_pressure_weights,r2p8_w128_di32,v_component_of_wind,175.0,3.393708617220086e-05,5.60024470945322e-05
24h_uniform_stats_pressure_weights,r2p8_w128_di32,v_component_of_wind,200.0,4.053103202732959e-05,5.842876888116877e-05
24h_uniform_stats_pressure_weights,r2p8_w128_di32,v_component_of_wind,225.0,5.156684006889924e-05,8.547000363263612e-05
24h_uniform_stats_pressure_weights,r2p8_w128_di32,v_component_of_wind,250.0,6.378448365872272e-05,0.00012177034139665791
24h_uniform_stats_pressure_weights,r2p8_w128_di32,v_component_of_wind,300.0,8.618058022600638e-05,0.00015185642596883664
24h_uniform_stats_pressure_weights,r2p8_w128_di32,v_component_of_wind,350.0,9.508998558450515e-05,0.00016911836101419424
24h_uniform_stats_pressure_weights,r2p8_w128_di32,v_component_of_wind,400.0,9.624183862897716e-05,0.00013031552532650817
24h_uniform_stats_pressure_weights,r2p8_w128_di32,v_component_of_wind,450.0,9.466587886937153e-05,0.00013082593616955339
24h_uniform_stats_pressure_weights,r2p8_w128_di32,v_component_of_wind,500.0,9.282497095117873e-05,0.00012568170299016916
24h_uniform_stats_pressure_weights,r2p8_w128_di32,v_component_of_wind,550.0,9.401340440334621e-05,0.00011643759940296091
24h_uniform_stats_pressure_weights,r2p8_w128_di32,v_component_of_wind,600.0,9.511255180642837e-05,0.00011799206456063313
24h_uniform_stats_pressure_weights,r2p8_w128_di32,v_component_of_wind,650.0,9.831590033477361e-05,0.00013564707043630907
24h_uniform_stats_pressure_weights,r2p8_w128_di32,v_component_of_wind,700.0,0.00010168433116958173,0.00012847136471973646
24h_uniform_stats_pressure_weights,r2p8_w128_di32,v_component_of_wind,750.0,0.00010517260361947473,0.00013095260694847142
24h_uniform_stats_pressure_weights,r2p8_w128_di32,v_component_of_wind,775.0,0.0001066563314760418,0.00014608439835136903
24h_uniform_stats_pressure_weights,r2p8_w128_di32,v_component_of_wind,800.0,0.00010837355194455842,0.00017940435991542204
24h_uniform_stats_pressure_weights,r2p8_w128_di32,v_component_of_wind,825.0,0.0001099816843869193,0.0001536434006813968
24h_uniform_stats_pressure_weights,r2p8_w128_di32,v_component_of_wind,850.0,0.00011057996694818385,0.00015523848734493294
24h_uniform_stats_pressure_weights,r2p8_w128_di32,v_component_of_wind,875.0,0.0001105424985072335,0.00015893706422178663
24h_uniform_stats_pressure_weights,r2p8_w128_di32,v_component_of_wind,900.0,0.00011140581815376535,0.00014996090614785766
24h_uniform_stats_pressure_weights,r2p8_w128_di32,v_component_of_wind,925.0,0.00011187245879386637,0.0001450182472282942
24h_uniform_stats_pressure_weights,r2p8_w128_di32,v_component_of_wind,950.0,0.0001096726342962133,0.0001521197942428313
24h_uniform_stats_pressure_weights,r2p8_w128_di32,v_component_of_wind,975.0,9.907411981807039e-05,0.00014157450255626112
24h_uniform_stats_pressure_weights,r2p8_w128_di32,v_component_of_wind,1000.0,8.287370555298156e-05,0.00011616271225210654
24h_uniform_stats_pressure_weights,r2p8_w128_di32,specific_humidity,1.0,0.0004008236030535611,5.751313517089574e-05
24h_uniform_stats_pressure_weights,r2p8_w128_di32,specific_humidity,2.0,0.0011916555261920452,0.00010506165156329736
24h_uniform_stats_pressure_weights,r2p8_w128_di32,specific_humidity,3.0,0.0011825367070474578,0.0001045765726523919
24h_uniform_stats_pressure_weights,r2p8_w128_di32,specific_humidity,5.0,0.0008440579590261795,0.00031679906912699036
24h_uniform_stats_pressure_weights,r2p8_w128_di32,specific_humidity,7.0,0.0006255676125332731,0.0006372387732213033
24h_uniform_stats_pressure_weights,r2p8_w128_di32,specific_humidity,10.0,0.0004548600112000105,0.0012981908232567376
24h_uniform_stats_pressure_weights,r2p8_w128_di32,specific_humidity,20.0,0.00018241922716103653,0.0017785934573776741
24h_uniform_stats_pressure_weights,r2p8_w128_di32,specific_humidity,30.0,0.00014357193790382565,0.0003661070444698947
24h_uniform_stats_pressure_weights,r2p8_w128_di32,specific_humidity,50.0,2.763347321544491e-06,0.0024755611985108933
24h_uniform_stats_pressure_weights,r2p8_w128_di32,specific_humidity,70.0,9.94613266571963e-06,0.0003017586451392227
24h_uniform_stats_pressure_weights,r2p8_w128_di32,specific_humidity,100.0,3.8987964882861575e-05,0.00010100955878276772
24h_uniform_stats_pressure_weights,r2p8_w128_di32,specific_humidity,125.0,5.913621960778802e-05,0.0002036313658782864
24h_uniform_stats_pressure_weights,r2p8_w128_di32,specific_humidity,150.0,6.978405193620822e-05,0.00022069010116250042
24h_uniform_stats_pressure_weights,r2p8_w128_di32,specific_humidity,175.0,7.578245313427823e-05,0.00022838080234334623
24h_uniform_stats_pressure_weights,r2p8_w128_di32,specific_humidity,200.0,8.509362874420462e-05,0.0001375083016251458
24h_uniform_stats_pressure_weights,r2p8_w128_di32,specific_humidity,225.0,9.538527126899146e-05,0.00015091408512732634
24h_uniform_stats_pressure_weights,r2p8_w128_di32,specific_humidity,250.0,0.00010361504092297352,0.00017547889905518738
24h_uniform_stats_pressure_weights,r2p8_w128_di32,specific_humidity,300.0,0.00011690114585067772,0.00024185419523978013
24h_uniform_stats_pressure_weights,r2p8_w128_di32,specific_humidity,350.0,0.00013220501831458082,0.00022656798741771942
24h_uniform_stats_pressure_weights,r2p8_w128_di32,specific_humidity,400.0,0.0001426176443314424,0.00025721123426887006
24h_uniform_stats_pressure_weights,r2p8_w128_di32,specific_humidity,450.0,0.00015610947553317515,0.0002330248908544489
24h_uniform_stats_pressure_weights,r2p8_w128_di32,specific_humidity,500.0,0.00016528764095190133,0.000216240630265052
24h_uniform_stats_pressure_weights,r2p8_w128_di32,specific_humidity,550.0,0.00018209324321132562,0.0002214732511738726
24h_uniform_stats_pressure_weights,r2p8_w128_di32,specific_humidity,600.0,0.00019653440334475663,0.00026873179798266993
24h_uniform_stats_pressure_weights,r2p8_w128_di32,specific_humidity,650.0,0.00022005330506059295,0.0002987278728234746
24h_uniform_stats_pressure_weights,r2p8_w128_di32,specific_humidity,700.0,0.00023107104807996905,0.0003618533700407883
24h_uniform_stats_pressure_weights,r2p8_w128_di32,specific_humidity,750.0,0.00024445894814273134,0.00033595163483504946
24h_uniform_stats_pressure_weights,r2p8_w128_di32,specific_humidity,775.0,0.00024845592661219677,0.0003175973802970085
24h_uniform_stats_pressure_weights,r2p8_w128_di32,specific_humidity,800.0,0.00025862747158474775,0.00033986781846913816
24h_uniform_stats_pressure_weights,r2p8_w128_di32,specific_humidity,825.0,0.00027730353636458183,0.0003653407614462488
24h_uniform_stats_pressure_weights,r2p8_w128_di32,specific_humidity,850.0,0.00030232556166588014,0.00040556607759211096
24h_uniform_stats_pressure_weights,r2p8_w128_di32,specific_humidity,875.0,0.00033109863001722317,0.0004216489719099601
24h_uniform_stats_pressure_weights,r2p8_w128_di32,specific_humidity,900.0,0.00036955113510792693,0.000477756463337369
24h_uniform_stats_pressure_weights,r2p8_w128_di32,specific_humidity,925.0,0.0003796172071600364,0.0004672571578916611
24h_uniform_stats_pressure_weights,r2p8_w128_di32,specific_humidity,950.0,0.0003466624125201811,0.00043578446485750453
24h_uniform_stats_pressure_weights,r2p8_w128_di32,specific_humidity,975.0,0.00034213084450716185,0.00039443213418331616
24h_uniform_stats_pressure_weights,r2p8_w128_di32,specific_humidity,1000.0,0.0003469485154484966,0.0004459754443954392
24h_uniform_stats_pressure_weights,r2p8_w128_di32,specific_cloud_ice_water_content,1.0,6.277266206182588e-10,7.516415962794574e-10
24h_uniform_stats_pressure_weights,r2p8_w128_di32,specific_cloud_ice_water_content,2.0,1.229831949797062e-09,1.4986121442610777e-09
24h_uniform_stats_pressure_weights,r2p8_w128_di32,specific_cloud_ice_water_content,3.0,1.8437542467578452e-09,2.257420183784341e-09
24h_uniform_stats_pressure_weights,r2p8_w128_di32,specific_cloud_ice_water_content,5.0,3.046266195390255e-09,3.757437234208563e-09
24h_uniform_stats_pressure_weights,r2p8_w128_di32,specific_cloud_ice_water_content,7.0,4.2870126607261425e-09,5.259692333219456e-09
24h_uniform_stats_pressure_weights,r2p8_w128_di32,specific_cloud_ice_water_content,10.0,6.190673573725225e-09,7.496847223306188e-09
24h_uniform_stats_pressure_weights,r2p8_w128_di32,specific_cloud_ice_water_content,20.0,8.73053884738921e-09,1.1293195558108123e-08
24h_uniform_stats_pressure_weights,r2p8_w128_di32,specific_cloud_ice_water_content,30.0,9.411548636784686e-09,1.3582069678573621e-08
24h_uniform_stats_pressure_weights,r2p8_w128_di32,specific_cloud_ice_water_content,50.0,9.190778598258373e-09,1.7666325833732054e-08
24h_uniform_stats_pressure_weights,r2p8_w128_di32,specific_cloud_ice_water_content,70.0,1.0652892195900438e-08,2.114007694232033e-08
24h_uniform_stats_pressure_weights,r2p8_w128_di32,specific_cloud_ice_water_content,100.0,4.30898841701154e-08,5.995540460433375e-08
24h_uniform_stats_pressure_weights,r2p8_w128_di32,specific_cloud_ice_water_content,125.0,2.823700588167682e-07,3.1950870159481907e-07
24h_uniform_stats_pressure_weights,r2p8_w128_di32,specific_cloud_ice_water_content,150.0,9.316222753604177e-07,1.0466327757272814e-06
24h_uniform_stats_pressure_weights,r2p8_w128_di32,specific_cloud_ice_water_content,175.0,1.8427940773226388e-06,2.2438100057465755e-06
24h_uniform_stats_pressure_weights,r2p8_w128_di32,specific_cloud_ice_water_content,200.0,3.0106003160354453e-06,4.172987254441952e-06
24h_uniform_stats_pressure_weights,r2p8_w128_di32,specific_cloud_ice_water_content,225.0,4.404011070956844e-06,7.183491967907609e-06
24h_uniform_stats_pressure_weights,r2p8_w128_di32,specific_cloud_ice_water_content,250.0,5.416076459461746e-06,1.1485345783652189e-05
24h_uniform_stats_pressure_weights,r2p8_w128_di32,specific_cloud_ice_water_content,300.0,6.2043228008735795e-06,1.3354169013797625e-05
24h_uniform_stats_pressure_weights,r2p8_w128_di32,specific_cloud_ice_water_content,350.0,6.450366017472911e-06,1.0872821847380915e-05
24h_uniform_stats_pressure_weights,r2p8_w128_di32,specific_cloud_ice_water_content,400.0,5.566574651132633e-06,7.621666788350739e-06
24h_uniform_stats_pressure_weights,r2p8_w128_di32,specific_cloud_ice_water_content,450.0,4.569893591287574e-06,5.893492402350748e-06
24h_uniform_stats_pressure_weights,r2p8_w128_di32,specific_cloud_ice_water_content,500.0,3.6143687039525188e-06,4.5121903290288725e-06
24h_uniform_stats_pressure_weights,r2p8_w128_di32,specific_cloud_ice_water_content,550.0,2.6482138342886234e-06,3.297488947463412e-06
24h_uniform_stats_pressure_weights,r2p8_w128_di32,specific_cloud_ice_water_content,600.0,2.0153561730798565e-06,2.481682620317802e-06
24h_uniform_stats_pressure_weights,r2p8_w128_di32,specific_cloud_ice_water_content,650.0,1.6127366396578306e-06,1.979026829210769e-06
24h_uniform_stats_pressure_weights,r2p8_w128_di32,specific_cloud_ice_water_content,700.0,1.296332499213406e-06,1.530153186318823e-06
24h_uniform_stats_pressure_weights,r2p8_w128_di32,specific_cloud_ice_water_content,750.0,1.09118100377067e-06,1.2893694624577127e-06
24h_uniform_stats_pressure_weights,r2p8_w128_di32,specific_cloud_ice_water_content,775.0,1.110216184070794e-06,1.2719161634076106e-06
24h_uniform_stats_pressure_weights,r2p8_w128_di32,specific_cloud_ice_water_content,800.0,1.1444633867282819e-06,1.3639988493651027e-06
24h_uniform_stats_pressure_weights,r2p8_w128_di32,specific_cloud_ice_water_content,825.0,1.140800126138198e-06,1.3175205691522176e-06
24h_uniform_stats_pressure_weights,r2p8_w128_di32,specific_cloud_ice_water_content,850.0,1.0234209354501225e-06,1.1332753373253439e-06
24h_uniform_stats_pressure_weights,r2p8_w128_di32,specific_cloud_ice_water_content,875.0,8.517154770524682e-07,9.480239834321331e-07
24h_uniform_stats_pressure_weights,r2p8_w128_di32,specific_cloud_ice_water_content,900.0,7.14199951470556e-07,8.44195810169141e-07
24h_uniform_stats_pressure_weights,r2p8_w128_di32,specific_cloud_ice_water_content,925.0,5.897041373788729e-07,7.53115743314294e-07
24h_uniform_stats_pressure_weights,r2p8_w128_di32,specific_cloud_ice_water_content,950.0,4.412321766270053e-07,5.570930444903712e-07
24h_uniform_stats_pressure_weights,r2p8_w128_di32,specific_cloud_ice_water_content,975.0,3.119149448357278e-07,3.7275196489744843e-07
24h_uniform_stats_pressure_weights,r2p8_w128_di32,specific_cloud_ice_water_content,1000.0,2.662303492430806e-07,3.348910952651105e-07
24h_uniform_stats_pressure_weights,r2p8_w128_di32,specific_cloud_liquid_water_content,1.0,4.2064988970582373e-10,7.109639479996316e-10
24h_uniform_stats_pressure_weights,r2p8_w128_di32,specific_cloud_liquid_water_content,2.0,8.435004320579252e-10,1.4219842872365233e-09
24h_uniform_stats_pressure_weights,r2p8_w128_di32,specific_cloud_liquid_water_content,3.0,1.2498588493899393e-09,2.1298439095598584e-09
24h_uniform_stats_pressure_weights,r2p8_w128_di32,specific_cloud_liquid_water_content,5.0,2.1029046715219132e-09,3.5613695693848295e-09
24h_uniform_stats_pressure_weights,r2p8_w128_di32,specific_cloud_liquid_water_content,7.0,2.9820301149936304e-09,4.988779107557914e-09
24h_uniform_stats_pressure_weights,r2p8_w128_di32,specific_cloud_liquid_water_content,10.0,4.172591547696271e-09,7.073146219233716e-09
24h_uniform_stats_pressure_weights,r2p8_w128_di32,specific_cloud_liquid_water_content,20.0,6.45829277656578e-09,1.0989650988765383e-08
24h_uniform_stats_pressure_weights,r2p8_w128_di32,specific_cloud_liquid_water_content,30.0,7.082461335890747e-09,1.2885073337965171e-08
24h_uniform_stats_pressure_weights,r2p8_w128_di32,specific_cloud_liquid_water_content,50.0,1.1075133838345924e-08,3.30821403188081e-08
24h_uniform_stats_pressure_weights,r2p8_w128_di32,specific_cloud_liquid_water_content,70.0,1.0189524769585985e-08,5.1819908543825765e-08
24h_uniform_stats_pressure_weights,r2p8_w128_di32,specific_cloud_liquid_water_content,100.0,1.3934110188539649e-08,4.741615027535506e-08
24h_uniform_stats_pressure_weights,r2p8_w128_di32,specific_cloud_liquid_water_content,125.0,1.4962031341266036e-08,5.4298926287467046e-08
24h_uniform_stats_pressure_weights,r2p8_w128_di32,specific_cloud_liquid_water_content,150.0,2.059310244592938e-08,5.407285472984246e-08
24h_uniform_stats_pressure_weights,r2p8_w128_di32,specific_cloud_liquid_water_content,175.0,2.949175579571824e-08,4.8918651535225985e-08
24h_uniform_stats_pressure_weights,r2p8_w128_di32,specific_cloud_liquid_water_content,200.0,4.0151697946402254e-08,6.834374424675518e-08
24h_uniform_stats_pressure_weights,r2p8_w128_di32,specific_cloud_liquid_water_content,225.0,3.911226325431366e-08,5.247641404479116e-08
24h_uniform_stats_pressure_weights,r2p8_w128_di32,specific_cloud_liquid_water_content,250.0,4.7811023800850515e-08,7.308060683557266e-08
24h_uniform_stats_pressure_weights,r2p8_w128_di32,specific_cloud_liquid_water_content,300.0,9.287566953460689e-08,1.2339487924026104e-07
24h_uniform_stats_pressure_weights,r2p8_w128_di32,specific_cloud_liquid_water_content,350.0,1.6830657276028649e-07,2.245102512930357e-07
24h_uniform_stats_pressure_weights,r2p8_w128_di32,specific_cloud_liquid_water_content,400.0,3.752309876397423e-07,4.907641424202872e-07
24h_uniform_stats_pressure_weights,r2p8_w128_di32,specific_cloud_liquid_water_content,450.0,9.589547179959528e-07,1.1273665533036854e-06
24h_uniform_stats_pressure_weights,r2p8_w128_di32,specific_cloud_liquid_water_content,500.0,2.340391168410581e-06,2.622078518218382e-06
24h_uniform_stats_pressure_weights,r2p8_w128_di32,specific_cloud_liquid_water_content,550.0,4.3424327966465946e-06,4.580989561739477e-06
24h_uniform_stats_pressure_weights,r2p8_w128_di32,specific_cloud_liquid_water_content,600.0,3.8051265248993007e-06,4.157318048986687e-06
24h_uniform_stats_pressure_weights,r2p8_w128_di32,specific_cloud_liquid_water_content,650.0,4.16370729158292e-06,4.546811325598504e-06
24h_uniform_stats_pressure_weights,r2p8_w128_di32,specific_cloud_liquid_water_content,700.0,5.4987746783448005e-06,5.967579680988354e-06
24h_uniform_stats_pressure_weights,r2p8_w128_di32,specific_cloud_liquid_water_content,750.0,7.551654419966619e-06,8.167950513303477e-06
24h_uniform_stats_pressure_weights,r2p8_w128_di32,specific_cloud_liquid_water_content,775.0,8.786239983039131e-06,9.585268368986903e-06
24h_uniform_stats_pressure_weights,r2p8_w128_di32,specific_cloud_liquid_water_content,800.0,1.0472598919705313e-05,1.343872136715757e-05
24h_uniform_stats_pressure_weights,r2p8_w128_di32,specific_cloud_liquid_water_content,825.0,1.415145195804304e-05,2.0517911165760562e-05
24h_uniform_stats_pressure_weights,r2p8_w128_di32,specific_cloud_liquid_water_content,850.0,1.7295874397767157e-05,3.50208981901493e-05
24h_uniform_stats_pressure_weights,r2p8_w128_di32,specific_cloud_liquid_water_content,875.0,1.82516366263371e-05,5.434436912024036e-05
24h_uniform_stats_pressure_weights,r2p8_w128_di32,specific_cloud_liquid_water_content,900.0,1.6781778725758967e-05,4.487292393299026e-05
24h_uniform_stats_pressure_weights,r2p8_w128_di32,specific_cloud_liquid_water_content,925.0,1.3883821528396855e-05,2.4279851856923423e-05
24h_uniform_stats_pressure_weights,r2p8_w128_di32,specific_cloud_liquid_water_content,950.0,9.861542754952114e-06,2.4386603020917786e-05
24h_uniform_stats_pressure_weights,r2p8_w128_di32,specific_cloud_liquid_water_content,975.0,6.108688467033391e-06,1.9989981989790303e-05
24h_uniform_stats_pressure_weights,r2p8_w128_di32,specific_cloud_liquid_water_content,1000.0,3.680050771954307e-06,6.296280585774256e-06
24h_uniform_stats_pressure_weights,r2p8_w256_di16,temperature,1.0,7.469292923735672e-05,0.00030433077553043757
24h_uniform_stats_pressure_weights,r2p8_w256_di16,temperature,2.0,9.825712578769096e-05,0.0014814685779091046
24h_uniform_stats_pressure_weights,r2p8_w256_di16,temperature,3.0,9.651637628126099e-05,0.0028079014656985754
24h_uniform_stats_pressure_weights,r2p8_w256_di16,temperature,5.0,9.116644914406066e-05,0.0035759121854341148
24h_uniform_stats_pressure_weights,r2p8_w256_di16,temperature,7.0,8.506293843005871e-05,0.0035434180627580817
24h_uniform_stats_pressure_weights,r2p8_w256_di16,temperature,10.0,6.885653188459573e-05,0.00346394636958028
24h_uniform_stats_pressure_weights,r2p8_w256_di16,temperature,20.0,0.00010391812776588423,0.0009242977335856331
24h_uniform_stats_pressure_weights,r2p8_w256_di16,temperature,30.0,0.00011537260753467404,0.00015315147017610231
24h_uniform_stats_pressure_weights,r2p8_w256_di16,temperature,50.0,1.8917974002138148e-05,0.0015579299866504165
24h_uniform_stats_pressure_weights,r2p8_w256_di16,temperature,70.0,2.5781050779520792e-05,0.0002559284252891944
24h_uniform_stats_pressure_weights,r2p8_w256_di16,temperature,100.0,2.540900727971693e-05,0.00016136506854446994
24h_uniform_stats_pressure_weights,r2p8_w256_di16,temperature,125.0,2.1033592455134702e-05,0.00019539280445855754
24h_uniform_stats_pressure_weights,r2p8_w256_di16,temperature,150.0,2.0285179491313488e-05,8.961487746411681e-05
24h_uniform_stats_pressure_weights,r2p8_w256_di16,temperature,175.0,2.1650256445665716e-05,5.491332323748796e-05
24h_uniform_stats_pressure_weights,r2p8_w256_di16,temperature,200.0,2.5804123473728463e-05,3.827839042603347e-05
24h_uniform_stats_pressure_weights,r2p8_w256_di16,temperature,225.0,3.0214268015326877e-05,4.599991263151229e-05
24h_uniform_stats_pressure_weights,r2p8_w256_di16,temperature,250.0,3.28545939364539e-05,4.686317493805258e-05
24h_uniform_stats_pressure_weights,r2p8_w256_di16,temperature,300.0,3.6403077860701946e-05,5.333939231072397e-05
24h_uniform_stats_pressure_weights,r2p8_w256_di16,temperature,350.0,3.943113229410919e-05,5.751917647174439e-05
24h_uniform_stats_pressure_weights,r2p8_w256_di16,temperature,400.0,4.416193614743237e-05,5.582585718587261e-05
24h_uniform_stats_pressure_weights,r2p8_w256_di16,temperature,450.0,4.9729669370536394e-05,6.037587825336945e-05
24h_uniform_stats_pressure_weights,r2p8_w256_di16,temperature,500.0,5.5167368416882805e-05,6.649747931151033e-05
24h_uniform_stats_pressure_weights,r2p8_w256_di16,temperature,550.0,6.346268500513157e-05,7.845787016120012e-05
24h_uniform_stats_pressure_weights,r2p8_w256_di16,temperature,600.0,7.326977225437726e-05,9.135404638510944e-05
24h_uniform_stats_pressure_weights,r2p8_w256_di16,temperature,650.0,8.549154294637659e-05,0.00011016677776211403
24h_uniform_stats_pressure_weights,r2p8_w256_di16,temperature,700.0,9.966997612151121e-05,0.0001245000741998513
24h_uniform_stats_pressure_weights,r2p8_w256_di16,temperature,750.0,0.00012176194917050214,0.00015283846406633994
24h_uniform_stats_pressure_weights,r2p8_w256_di16,temperature,775.0,0.00013403317733970952,0.00015732616735490446
24h_uniform_stats_pressure_weights,r2p8_w256_di16,temperature,800.0,0.00015131079872676177,0.00019698311780710817
24h_uniform_stats_pressure_weights,r2p8_w256_di16,temperature,825.0,0.00017745121325759135,0.00022958103320027616
24h_uniform_stats_pressure_weights,r2p8_w256_di16,temperature,850.0,0.00019703835645016818,0.0002926826197757612
24h_uniform_stats_pressure_weights,r2p8_w256_di16,temperature,875.0,0.00020719493139644026,0.00033542610065286907
24h_uniform_stats_pressure_weights,r2p8_w256_di16,temperature,900.0,0.0002129173540964044,0.0002953217383502222
24h_uniform_stats_pressure_weights,r2p8_w256_di16,temperature,925.0,0.00022171805871431152,0.0002987019574445864
24h_uniform_stats_pressure_weights,r2p8_w256_di16,temperature,950.0,0.00023909919749750516,0.0003231096602615888
24h_uniform_stats_pressure_weights,r2p8_w256_di16,temperature,975.0,0.0002712726108619801,0.000357983281523098
24h_uniform_stats_pressure_weights,r2p8_w256_di16,temperature,1000.0,0.00029027256187949335,0.00040894759084718986
24h_uniform_stats_pressure_weights,r2p8_w256_di16,geopotential,1.0,0.0582782081087106,0.0018196126658298973
24h_uniform_stats_pressure_weights,r2p8_w256_di16,geopotential,2.0,0.054358724218015866,0.0006922992319570409
24h_uniform_stats_pressure_weights,r2p8_w256_di16,geopotential,3.0,0.04636881088499005,0.0005717068363369808
24h_uniform_stats_pressure_weights,r2p8_w256_di16,geopotential,5.0,0.029073879128074347,0.000463830263795006
24h_uniform_stats_pressure_weights,r2p8_w256_di16,geopotential,7.0,0.016206651661992585,0.0002843555778515603
24h_uniform_stats_pressure_weights,r2p8_w256_di16,geopotential,10.0,0.004867756729813228,0.00017389036325426123
24h_uniform_stats_pressure_weights,r2p8_w256_di16,geopotential,20.0,0.002411061522144632,0.0009826256024847802
24h_uniform_stats_pressure_weights,r2p8_w256_di16,geopotential,30.0,0.0060704963155234735,0.0008063878732151421
24h_uniform_stats_pressure_weights,r2p8_w256_di16,geopotential,50.0,1.1424502948110674e-05,0.00019676011643102875
24h_uniform_stats_pressure_weights,r2p8_w256_di16,geopotential,70.0,1.3798619742942111e-05,0.00023813711938828317
24h_uniform_stats_pressure_weights,r2p8_w256_di16,geopotential,100.0,1.2551135414421196e-05,2.6142751552309814e-05
24h_uniform_stats_pressure_weights,r2p8_w256_di16,geopotential,125.0,1.289627659729124e-05,1.8028439904143512e-05
24h_uniform_stats_pressure_weights,r2p8_w256_di16,geopotential,150.0,1.3995183876745138e-05,1.736396739217828e-05
24h_uniform_stats_pressure_weights,r2p8_w256_di16,geopotential,175.0,1.5804657424687738e-05,2.3438902562362584e-05
24h_uniform_stats_pressure_weights,r2p8_w256_di16,geopotential,200.0,1.794339536457178e-05,3.479752368830456e-05
24h_uniform_stats_pressure_weights,r2p8_w256_di16,geopotential,225.0,1.9354655123893713e-05,3.543528464397258e-05
24h_uniform_stats_pressure_weights,r2p8_w256_di16,geopotential,250.0,2.1388600222686585e-05,3.0148622445718398e-05
24h_uniform_stats_pressure_weights,r2p8_w256_di16,geopotential,300.0,2.5646537298455126e-05,3.4873604517759394e-05
24h_uniform_stats_pressure_weights,r2p8_w256_di16,geopotential,350.0,2.847258066817015e-05,4.679724561758119e-05
24h_uniform_stats_pressure_weights,r2p8_w256_di16,geopotential,400.0,3.0029771475915357e-05,4.0237924085438074e-05
24h_uniform_stats_pressure_weights,r2p8_w256_di16,geopotential,450.0,3.1000374481357255e-05,4.4855347465365355e-05
24h_uniform_stats_pressure_weights,r2p8_w256_di16,geopotential,500.0,3.172153885713159e-05,4.30348931498758e-05
24h_uniform_stats_pressure_weights,r2p8_w256_di16,geopotential,550.0,3.250460393433323e-05,4.3611883227210485e-05
24h_uniform_stats_pressure_weights,r2p8_w256_di16,geopotential,600.0,3.381895232401962e-05,4.468859854412969e-05
24h_uniform_stats_pressure_weights,r2p8_w256_di16,geopotential,650.0,3.542822252318792e-05,4.7697806036914305e-05
24h_uniform_stats_pressure_weights,r2p8_w256_di16,geopotential,700.0,3.786107818013636e-05,5.2953100424297526e-05
24h_uniform_stats_pressure_weights,r2p8_w256_di16,geopotential,750.0,4.055512061045664e-05,5.6190394872174234e-05
24h_uniform_stats_pressure_weights,r2p8_w256_di16,geopotential,775.0,4.2451186829451185e-05,5.929136642022508e-05
24h_uniform_stats_pressure_weights,r2p8_w256_di16,geopotential,800.0,4.433634462561508e-05,6.156742617438565e-05
24h_uniform_stats_pressure_weights,r2p8_w256_di16,geopotential,825.0,4.6605930140175946e-05,6.447085413911672e-05
24h_uniform_stats_pressure_weights,r2p8_w256_di16,geopotential,850.0,4.912426585163662e-05,7.023041975352646e-05
24h_uniform_stats_pressure_weights,r2p8_w256_di16,geopotential,875.0,5.191130632691868e-05,7.562464377219286e-05
24h_uniform_stats_pressure_weights,r2p8_w256_di16,geopotential,900.0,5.570579828744776e-05,8.094084946095196e-05
24h_uniform_stats_pressure_weights,r2p8_w256_di16,geopotential,925.0,6.007597209531962e-05,8.805008676242965e-05
24h_uniform_stats_pressure_weights,r2p8_w256_di16,geopotential,950.0,6.495557561989179e-05,9.90645287330932e-05
24h_uniform_stats_pressure_weights,r2p8_w256_di16,geopotential,975.0,7.185008970849826e-05,0.00011559032960755467
24h_uniform_stats_pressure_weights,r2p8_w256_di16,geopotential,1000.0,8.121836835736878e-05,0.00015333963759362712
24h_uniform_stats_pressure_weights,r2p8_w256_di16,u_component_of_wind,1.0,0.00012924421424856546,0.0002656175859438997
24h_uniform_stats_pressure_weights,r2p8_w256_di16,u_component_of_wind,2.0,0.00016278648008934187,0.00023008762468668847
24h_uniform_stats_pressure_weights,r2p8_w256_di16,u_component_of_wind,3.0,0.0001532184704793015,0.00021996871139479774
24h_uniform_stats_pressure_weights,r2p8_w256_di16,u_component_of_wind,5.0,0.00012476698022102076,0.00016559659940113686
24h_uniform_stats_pressure_weights,r2p8_w256_di16,u_component_of_wind,7.0,0.00011868096720577507,0.00015356191405448607
24h_uniform_stats_pressure_weights,r2p8_w256_di16,u_component_of_wind,10.0,0.00012178437602592756,0.0001869474092090111
24h_uniform_stats_pressure_weights,r2p8_w256_di16,u_component_of_wind,20.0,9.57498114291228e-05,0.00017135546940605525
24h_uniform_stats_pressure_weights,r2p8_w256_di16,u_component_of_wind,30.0,0.0001404801163107719,0.00018693795648983306
24h_uniform_stats_pressure_weights,r2p8_w256_di16,u_component_of_wind,50.0,1.0114993058266393e-05,7.382105941392548e-05
24h_uniform_stats_pressure_weights,r2p8_w256_di16,u_component_of_wind,70.0,1.404437280894984e-05,2.786738594683459e-05
24h_uniform_stats_pressure_weights,r2p8_w256_di16,u_component_of_wind,100.0,2.3327102481036517e-05,4.974888555182443e-05
24h_uniform_stats_pressure_weights,r2p8_w256_di16,u_component_of_wind,125.0,3.170696177771867e-05,5.0581858872621314e-05
24h_uniform_stats_pressure_weights,r2p8_w256_di16,u_component_of_wind,150.0,4.012691362535452e-05,6.320727929506172e-05
24h_uniform_stats_pressure_weights,r2p8_w256_di16,u_component_of_wind,175.0,4.7625710030463534e-05,7.088166602936152e-05
24h_uniform_stats_pressure_weights,r2p8_w256_di16,u_component_of_wind,200.0,5.707752835726574e-05,9.54251695652326e-05
24h_uniform_stats_pressure_weights,r2p8_w256_di16,u_component_of_wind,225.0,7.039757614696839e-05,0.00010485578413251913
24h_uniform_stats_pressure_weights,r2p8_w256_di16,u_component_of_wind,250.0,8.404756092940945e-05,0.00012153475058997917
24h_uniform_stats_pressure_weights,r2p8_w256_di16,u_component_of_wind,300.0,0.00010579897160467557,0.00018396693632446117
24h_uniform_stats_pressure_weights,r2p8_w256_di16,u_component_of_wind,350.0,0.00011309178515688035,0.0002260071658477923
24h_uniform_stats_pressure_weights,r2p8_w256_di16,u_component_of_wind,400.0,0.00011379070933811457,0.00016299365885494928
24h_uniform_stats_pressure_weights,r2p8_w256_di16,u_component_of_wind,450.0,0.0001129030542004743,0.00015421781670177083
24h_uniform_stats_pressure_weights,r2p8_w256_di16,u_component_of_wind,500.0,0.00011174526459533536,0.00013835038429063466
24h_uniform_stats_pressure_weights,r2p8_w256_di16,u_component_of_wind,550.0,0.00011431898372172439,0.00013305281511672684
24h_uniform_stats_pressure_weights,r2p8_w256_di16,u_component_of_wind,600.0,0.00011650665305201757,0.0001335895049768023
24h_uniform_stats_pressure_weights,r2p8_w256_di16,u_component_of_wind,650.0,0.00012137262650382618,0.00016460037744611464
24h_uniform_stats_pressure_weights,r2p8_w256_di16,u_component_of_wind,700.0,0.00012553772154191034,0.00016439447380419474
24h_uniform_stats_pressure_weights,r2p8_w256_di16,u_component_of_wind,750.0,0.00012957039989102304,0.00014694071534419886
24h_uniform_stats_pressure_weights,r2p8_w256_di16,u_component_of_wind,775.0,0.0001308672472600802,0.00015484126802247375
24h_uniform_stats_pressure_weights,r2p8_w256_di16,u_component_of_wind,800.0,0.0001327062355342476,0.0001539748000522852
24h_uniform_stats_pressure_weights,r2p8_w256_di16,u_component_of_wind,825.0,0.0001342116876877233,0.00015832802219795802
24h_uniform_stats_pressure_weights,r2p8_w256_di16,u_component_of_wind,850.0,0.00013383282713360254,0.00015732796010352635
24h_uniform_stats_pressure_weights,r2p8_w256_di16,u_component_of_wind,875.0,0.00013233140771897432,0.0001592254099896378
24h_uniform_stats_pressure_weights,r2p8_w256_di16,u_component_of_wind,900.0,0.00013152116020282096,0.0001612094798840054
24h_uniform_stats_pressure_weights,r2p8_w256_di16,u_component_of_wind,925.0,0.00013242963726499348,0.0001642280201357413
24h_uniform_stats_pressure_weights,r2p8_w256_di16,u_component_of_wind,950.0,0.00012982240544523796,0.00016880100988137862
24h_uniform_stats_pressure_weights,r2p8_w256_di16,u_component_of_wind,975.0,0.00011848732241905884,0.00016252457127816146
24h_uniform_stats_pressure_weights,r2p8_w256_di16,u_component_of_wind,1000.0,0.00010126369661372098,0.00015456356779790586
24h_uniform_stats_pressure_weights,r2p8_w256_di16,v_component_of_wind,1.0,1.5545942971000083e-05,1.7988991669527773e-05
24h_uniform_stats_pressure_weights,r2p8_w256_di16,v_component_of_wind,2.0,1.9005387680455282e-05,2.3717765825793883e-05
24h_uniform_stats_pressure_weights,r2p8_w256_di16,v_component_of_wind,3.0,2.038529194314085e-05,2.7828174827442767e-05
24h_uniform_stats_pressure_weights,r2p8_w256_di16,v_component_of_wind,5.0,2.1358521123522787e-05,2.872239446759972e-05
24h_uniform_stats_pressure_weights,r2p8_w256_di16,v_component_of_wind,7.0,2.2613406260132213e-05,2.9725562674212796e-05
24h_uniform_stats_pressure_weights,r2p8_w256_di16,v_component_of_wind,10.0,2.23576757304678e-05,2.918908593838694e-05
24h_uniform_stats_pressure_weights,r2p8_w256_di16,v_component_of_wind,20.0,2.5731243334399378e-05,3.172097471112393e-05
24h_uniform_stats_pressure_weights,r2p8_w256_di16,v_component_of_wind,30.0,3.211059856689651e-05,4.3760774802540677e-05
24h_uniform_stats_pressure_weights,r2p8_w256_di16,v_component_of_wind,50.0,7.56011980524421e-06,3.454989000739652e-05
24h_uniform_stats_pressure_weights,r2p8_w256_di16,v_component_of_wind,70.0,1.1044934573175159e-05,0.00032619163040835717
24h_uniform_stats_pressure_weights,r2p8_w256_di16,v_component_of_wind,100.0,1.774135412029331e-05,5.0408127517520546e-05
24h_uniform_stats_pressure_weights,r2p8_w256_di16,v_component_of_wind,125.0,2.3909472446379223e-05,6.148105434337228e-05
24h_uniform_stats_pressure_weights,r2p8_w256_di16,v_component_of_wind,150.0,2.9185720983618713e-05,5.840458963764278e-05
24h_uniform_stats_pressure_weights,r2p8_w256_di16,v_component_of_wind,175.0,3.393708617220086e-05,5.23875020688929e-05
24h_uniform_stats_pressure_weights,r2p8_w256_di16,v_component_of_wind,200.0,4.053103202732959e-05,5.455783965047377e-05
24h_uniform_stats_pressure_weights,r2p8_w256_di16,v_component_of_wind,225.0,5.156684006889924e-05,7.742273023943273e-05
24h_uniform_stats_pressure_weights,r2p8_w256_di16,v_component_of_wind,250.0,6.378448365872272e-05,0.00011238341867557932
24h_uniform_stats_pressure_weights,r2p8_w256_di16,v_component_of_wind,300.0,8.618058022600638e-05,0.00015895729848835875
24h_uniform_stats_pressure_weights,r2p8_w256_di16,v_component_of_wind,350.0,9.508998558450515e-05,0.00015714105727836336
24h_uniform_stats_pressure_weights,r2p8_w256_di16,v_component_of_wind,400.0,9.624183862897716e-05,0.0001313252324860065
24h_uniform_stats_pressure_weights,r2p8_w256_di16,v_component_of_wind,450.0,9.466587886937153e-05,0.0001302135972082876
24h_uniform_stats_pressure_weights,r2p8_w256_di16,v_component_of_wind,500.0,9.282497095117873e-05,0.00012061168524236158
24h_uniform_stats_pressure_weights,r2p8_w256_di16,v_component_of_wind,550.0,9.401340440334621e-05,0.00011479984343035359
24h_uniform_stats_pressure_weights,r2p8_w256_di16,v_component_of_wind,600.0,9.511255180642837e-05,0.00011719348637431241
24h_uniform_stats_pressure_weights,r2p8_w256_di16,v_component_of_wind,650.0,9.831590033477361e-05,0.00013897463167083498
24h_uniform_stats_pressure_weights,r2p8_w256_di16,v_component_of_wind,700.0,0.00010168433116958173,0.00012633306342164452
24h_uniform_stats_pressure_weights,r2p8_w256_di16,v_component_of_wind,750.0,0.00010517260361947473,0.00013217194683331734
24h_uniform_stats_pressure_weights,r2p8_w256_di16,v_component_of_wind,775.0,0.0001066563314760418,0.0001462029759307179
24h_uniform_stats_pressure_weights,r2p8_w256_di16,v_component_of_wind,800.0,0.00010837355194455842,0.00017064327672614642
24h_uniform_stats_pressure_weights,r2p8_w256_di16,v_component_of_wind,825.0,0.0001099816843869193,0.00015223423836361905
24h_uniform_stats_pressure_weights,r2p8_w256_di16,v_component_of_wind,850.0,0.00011057996694818385,0.00015482652804213597
24h_uniform_stats_pressure_weights,r2p8_w256_di16,v_component_of_wind,875.0,0.0001105424985072335,0.0001542032714530011
24h_uniform_stats_pressure_weights,r2p8_w256_di16,v_component_of_wind,900.0,0.00011140581815376535,0.00014937142657876778
24h_uniform_stats_pressure_weights,r2p8_w256_di16,v_component_of_wind,925.0,0.00011187245879386637,0.00014667230184710537
24h_uniform_stats_pressure_weights,r2p8_w256_di16,v_component_of_wind,950.0,0.0001096726342962133,0.0001464366044008526
24h_uniform_stats_pressure_weights,r2p8_w256_di16,v_component_of_wind,975.0,9.907411981807039e-05,0.00014504944208252246
24h_uniform_stats_pressure_weights,r2p8_w256_di16,v_component_of_wind,1000.0,8.287370555298156e-05,0.00011928171212745062
24h_uniform_stats_pressure_weights,r2p8_w256_di16,specific_humidity,1.0,0.0004008236030535611,5.714473161717664e-05
24h_uniform_stats_pressure_weights,r2p8_w256_di16,specific_humidity,2.0,0.0011916555261920452,0.00010538332935711736
24h_uniform_stats_pressure_weights,r2p8_w256_di16,specific_humidity,3.0,0.0011825367070474578,0.000103862205441921
24h_uniform_stats_pressure_weights,r2p8_w256_di16,specific_humidity,5.0,0.0008440579590261795,0.00031201799603038983
24h_uniform_stats_pressure_weights,r2p8_w256_di16,specific_humidity,7.0,0.0006255676125332731,0.0006260772602128374
24h_uniform_stats_pressure_weights,r2p8_w256_di16,specific_humidity,10.0,0.0004548600112000105,0.001274957435564694
24h_uniform_stats_pressure_weights,r2p8_w256_di16,specific_humidity,20.0,0.00018241922716103653,0.0017915850681768284
24h_uniform_stats_pressure_weights,r2p8_w256_di16,specific_humidity,30.0,0.00014357193790382565,0.0004124691377478192
24h_uniform_stats_pressure_weights,r2p8_w256_di16,specific_humidity,50.0,2.763347321544491e-06,0.002015381049423599
24h_uniform_stats_pressure_weights,r2p8_w256_di16,specific_humidity,70.0,9.94613266571963e-06,0.000259415999229891
24h_uniform_stats_pressure_weights,r2p8_w256_di16,specific_humidity,100.0,3.8987964882861575e-05,9.731234183698253e-05
24h_uniform_stats_pressure_weights,r2p8_w256_di16,specific_humidity,125.0,5.913621960778802e-05,0.00016988885868165232
24h_uniform_stats_pressure_weights,r2p8_w256_di16,specific_humidity,150.0,6.978405193620822e-05,0.00021557926622272743
24h_uniform_stats_pressure_weights,r2p8_w256_di16,specific_humidity,175.0,7.578245313427823e-05,0.0001881367369308612
24h_uniform_stats_pressure_weights,r2p8_w256_di16,specific_humidity,200.0,8.509362874420462e-05,0.0001694133888371117
24h_uniform_stats_pressure_weights,r2p8_w256_di16,specific_humidity,225.0,9.538527126899146e-05,0.0001568208386635855
24h_uniform_stats_pressure_weights,r2p8_w256_di16,specific_humidity,250.0,0.00010361504092297352,0.00018411615510977738
24h_uniform_stats_pressure_weights,r2p8_w256_di16,specific_humidity,300.0,0.00011690114585067772,0.0002892532271949555
24h_uniform_stats_pressure_weights,r2p8_w256_di16,specific_humidity,350.0,0.00013220501831458082,0.000259064732571106
24h_uniform_stats_pressure_weights,r2p8_w256_di16,specific_humidity,400.0,0.0001426176443314424,0.0002847649352490799
24h_uniform_stats_pressure_weights,r2p8_w256_di16,specific_humidity,450.0,0.00015610947553317515,0.00023432958846085052
24h_uniform_stats_pressure_weights,r2p8_w256_di16,specific_humidity,500.0,0.00016528764095190133,0.0002178024750834508
24h_uniform_stats_pressure_weights,r2p8_w256_di16,specific_humidity,550.0,0.00018209324321132562,0.00022294687393363305
24h_uniform_stats_pressure_weights,r2p8_w256_di16,specific_humidity,600.0,0.00019653440334475663,0.0002711417243322852
24h_uniform_stats_pressure_weights,r2p8_w256_di16,specific_humidity,650.0,0.00022005330506059295,0.00030556477437474464
24h_uniform_stats_pressure_weights,r2p8_w256_di16,specific_humidity,700.0,0.00023107104807996905,0.00035229061250125556
24h_uniform_stats_pressure_weights,r2p8_w256_di16,specific_humidity,750.0,0.00024445894814273134,0.00034276397034309016
24h_uniform_stats_pressure_weights,r2p8_w256_di16,specific_humidity,775.0,0.00024845592661219677,0.0003273906415769592
24h_uniform_stats_pressure_weights,r2p8_w256_di16,specific_humidity,800.0,0.00025862747158474775,0.0003404854787918522
24h_uniform_stats_pressure_weights,r2p8_w256_di16,specific_humidity,825.0,0.00027730353636458183,0.0003649288152503649
24h_uniform_stats_pressure_weights,r2p8_w256_di16,specific_humidity,850.0,0.00030232556166588014,0.00040036325590989575
24h_uniform_stats_pressure_weights,r2p8_w256_di16,specific_humidity,875.0,0.00033109863001722317,0.00043710902379082514
24h_uniform_stats_pressure_weights,r2p8_w256_di16,specific_humidity,900.0,0.00036955113510792693,0.0004719521901625811
24h_uniform_stats_pressure_weights,r2p8_w256_di16,specific_humidity,925.0,0.0003796172071600364,0.00046812595053738384
24h_uniform_stats_pressure_weights,r2p8_w256_di16,specific_humidity,950.0,0.0003466624125201811,0.00043909552386286007
24h_uniform_stats_pressure_weights,r2p8_w256_di16,specific_humidity,975.0,0.00034213084450716185,0.00041310421551318875
24h_uniform_stats_pressure_weights,r2p8_w256_di16,specific_humidity,1000.0,0.0003469485154484966,0.00044594827608733934
24h_uniform_stats_pressure_weights,r2p8_w256_di16,specific_cloud_ice_water_content,1.0,6.277266206182588e-10,7.583671037800731e-10
24h_uniform_stats_pressure_weights,r2p8_w256_di16,specific_cloud_ice_water_content,2.0,1.229831949797062e-09,1.5052313754564488e-09
24h_uniform_stats_pressure_weights,r2p8_w256_di16,specific_cloud_ice_water_content,3.0,1.8437542467578452e-09,2.2644858478981115e-09
24h_uniform_stats_pressure_weights,r2p8_w256_di16,specific_cloud_ice_water_content,5.0,3.046266195390255e-09,3.772631544373746e-09
24h_uniform_stats_pressure_weights,r2p8_w256_di16,specific_cloud_ice_water_content,7.0,4.2870126607261425e-09,5.285683977465902e-09
24h_uniform_stats_pressure_weights,r2p8_w256_di16,specific_cloud_ice_water_content,10.0,6.190673573725225e-09,7.53264180082698e-09
24h_uniform_stats_pressure_weights,r2p8_w256_di16,specific_cloud_ice_water_content,20.0,8.73053884738921e-09,1.1161719816383421e-08
24h_uniform_stats_pressure_weights,r2p8_w256_di16,specific_cloud_ice_water_content,30.0,9.411548636784686e-09,1.273522854288467e-08
24h_uniform_stats_pressure_weights,r2p8_w256_di16,specific_cloud_ice_water_content,50.0,9.190778598258373e-09,1.678298320658482e-08
24h_uniform_stats_pressure_weights,r2p8_w256_di16,specific_cloud_ice_water_content,70.0,1.0652892195900438e-08,1.904952799795641e-08
24h_uniform_stats_pressure_weights,r2p8_w256_di16,specific_cloud_ice_water_content,100.0,4.30898841701154e-08,6.303249392982084e-08
24h_uniform_stats_pressure_weights,r2p8_w256_di16,specific_cloud_ice_water_content,125.0,2.823700588167682e-07,3.2501780106475217e-07
24h_uniform_stats_pressure_weights,r2p8_w256_di16,specific_cloud_ice_water_content,150.0,9.316222753604177e-07,1.0343289577637985e-06
24h_uniform_stats_pressure_weights,r2p8_w256_di16,specific_cloud_ice_water_content,175.0,1.8427940773226388e-06,2.125010727579716e-06
24h_uniform_stats_pressure_weights,r2p8_w256_di16,specific_cloud_ice_water_content,200.0,3.0106003160354453e-06,3.740381350038443e-06
24h_uniform_stats_pressure_weights,r2p8_w256_di16,specific_cloud_ice_water_content,225.0,4.404011070956844e-06,6.192772118880064e-06
24h_uniform_stats_pressure_weights,r2p8_w256_di16,specific_cloud_ice_water_content,250.0,5.416076459461746e-06,9.380436118578764e-06
24h_uniform_stats_pressure_weights,r2p8_w256_di16,specific_cloud_ice_water_content,300.0,6.2043228008735795e-06,1.1987011874494988e-05
24h_uniform_stats_pressure_weights,r2p8_w256_di16,specific_cloud_ice_water_content,350.0,6.450366017472911e-06,1.068505186540857e-05
24h_uniform_stats_pressure_weights,r2p8_w256_di16,specific_cloud_ice_water_content,400.0,5.566574651132633e-06,7.896771658453092e-06
24h_uniform_stats_pressure_weights,r2p8_w256_di16,specific_cloud_ice_water_content,450.0,4.569893591287574e-06,6.126092759485491e-06
24h_uniform_stats_pressure_weights,r2p8_w256_di16,specific_cloud_ice_water_content,500.0,3.6143687039525188e-06,4.624860008732227e-06
24h_uniform_stats_pressure_weights,r2p8_w256_di16,specific_cloud_ice_water_content,550.0,2.6482138342886234e-06,3.357929595277264e-06
24h_uniform_stats_pressure_weights,r2p8_w256_di16,specific_cloud_ice_water_content,600.0,2.0153561730798565e-06,2.51716808488951e-06
24h_uniform_stats_pressure_weights,r2p8_w256_di16,specific_cloud_ice_water_content,650.0,1.6127366396578306e-06,1.9774674341725134e-06
24h_uniform_stats_pressure_weights,r2p8_w256_di16,specific_cloud_ice_water_content,700.0,1.296332499213406e-06,1.5451538039245052e-06
24h_uniform_stats_pressure_weights,r2p8_w256_di16,specific_cloud_ice_water_content,750.0,1.09118100377067e-06,1.3140385014440766e-06
24h_uniform_stats_pressure_weights,r2p8_w256_di16,specific_cloud_ice_water_content,775.0,1.110216184070794e-06,1.3062909798231696e-06
24h_uniform_stats_pressure_weights,r2p8_w256_di16,specific_cloud_ice_water_content,800.0,1.1444633867282819e-06,1.3936569962240942e-06
24h_uniform_stats_pressure_weights,r2p8_w256_di16,specific_cloud_ice_water_content,825.0,1.140800126138198e-06,1.3243747242154847e-06
24h_uniform_stats_pressure_weights,r2p8_w256_di16,specific_cloud_ice_water_content,850.0,1.0234209354501225e-06,1.1728066633533431e-06
24h_uniform_stats_pressure_weights,r2p8_w256_di16,specific_cloud_ice_water_content,875.0,8.517154770524682e-07,9.453219006731736e-07
24h_uniform_stats_pressure_weights,r2p8_w256_di16,specific_cloud_ice_water_content,900.0,7.14199951470556e-07,8.543390624202775e-07
24h_uniform_stats_pressure_weights,r2p8_w256_di16,specific_cloud_ice_water_content,925.0,5.897041373788729e-07,7.56409844659179e-07
24h_uniform_stats_pressure_weights,r2p8_w256_di16,specific_cloud_ice_water_content,950.0,4.412321766270053e-07,5.830631625039974e-07
24h_uniform_stats_pressure_weights,r2p8_w256_di16,specific_cloud_ice_water_content,975.0,3.119149448357278e-07,3.7485364848527804e-07
24h_uniform_stats_pressure_weights,r2p8_w256_di16,specific_cloud_ice_water_content,1000.0,2.662303492430806e-07,3.265205618084568e-07
24h_uniform_stats_pressure_weights,r2p8_w256_di16,specific_cloud_liquid_water_content,1.0,4.2064988970582373e-10,6.778665726415352e-10
24h_uniform_stats_pressure_weights,r2p8_w256_di16,specific_cloud_liquid_water_content,2.0,8.435004320579252e-10,1.3601795308265364e-09
24h_uniform_stats_pressure_weights,r2p8_w256_di16,specific_cloud_liquid_water_content,3.0,1.2498588493899393e-09,2.0349512462785296e-09
24h_uniform_stats_pressure_weights,r2p8_w256_di16,specific_cloud_liquid_water_content,5.0,2.1029046715219132e-09,3.4114797274314083e-09
24h_uniform_stats_pressure_weights,r2p8_w256_di16,specific_cloud_liquid_water_content,7.0,2.9820301149936304e-09,4.771781627559092e-09
24h_uniform_stats_pressure_weights,r2p8_w256_di16,specific_cloud_liquid_water_content,10.0,4.172591547696271e-09,6.756679328898608e-09
24h_uniform_stats_pressure_weights,r2p8_w256_di16,specific_cloud_liquid_water_content,20.0,6.45829277656578e-09,1.0288157810416755e-08
24h_uniform_stats_pressure_weights,r2p8_w256_di16,specific_cloud_liquid_water_content,30.0,7.082461335890747e-09,1.2411008831255091e-08
24h_uniform_stats_pressure_weights,r2p8_w256_di16,specific_cloud_liquid_water_content,50.0,1.1075133838345924e-08,3.1231516104384776e-08
24h_uniform_stats_pressure_weights,r2p8_w256_di16,specific_cloud_liquid_water_content,70.0,1.0189524769585985e-08,5.106359786264924e-08
24h_uniform_stats_pressure_weights,r2p8_w256_di16,specific_cloud_liquid_water_content,100.0,1.3934110188539649e-08,5.3518409558831255e-08
24h_uniform_stats_pressure_weights,r2p8_w256_di16,specific_cloud_liquid_water_content,125.0,1.4962031341266036e-08,3.9348411516559e-08
24h_uniform_stats_pressure_weights,r2p8_w256_di16,specific_cloud_liquid_water_content,150.0,2.059310244592938e-08,5.1838316029076046e-08
24h_uniform_stats_pressure_weights,r2p8_w256_di16,specific_cloud_liquid_water_content,175.0,2.949175579571824e-08,4.8776332718855514e-08
24h_uniform_stats_pressure_weights,r2p8_w256_di16,specific_cloud_liquid_water_content,200.0,4.0151697946402254e-08,6.692626859010642e-08
24h_uniform_stats_pressure_weights,r2p8_w256_di16,specific_cloud_liquid_water_content,225.0,3.911226325431366e-08,5.30243328323455e-08
24h_uniform_stats_pressure_weights,r2p8_w256_di16,specific_cloud_liquid_water_content,250.0,4.7811023800850515e-08,7.128515643200731e-08
24h_uniform_stats_pressure_weights,r2p8_w256_di16,specific_cloud_liquid_water_content,300.0,9.287566953460689e-08,1.2164697474930452e-07
24h_uniform_stats_pressure_weights,r2p8_w256_di16,specific_cloud_liquid_water_content,350.0,1.6830657276028649e-07,2.1982862357538888e-07
24h_uniform_stats_pressure_weights,r2p8_w256_di16,specific_cloud_liquid_water_content,400.0,3.752309876397423e-07,4.809674882959931e-07
24h_uniform_stats_pressure_weights,r2p8_w256_di16,specific_cloud_liquid_water_content,450.0,9.589547179959528e-07,1.117303206664505e-06
24h_uniform_stats_pressure_weights,r2p8_w256_di16,specific_cloud_liquid_water_content,500.0,2.340391168410581e-06,2.6472101860349923e-06
24h_uniform_stats_pressure_weights,r2p8_w256_di16,specific_cloud_liquid_water_content,550.0,4.3424327966465946e-06,4.6140626228754904e-06
24h_uniform_stats_pressure_weights,r2p8_w256_di16,specific_cloud_liquid_water_content,600.0,3.8051265248993007e-06,4.169713531822153e-06
24h_uniform_stats_pressure_weights,r2p8_w256_di16,specific_cloud_liquid_water_content,650.0,4.16370729158292e-06,4.55736563905849e-06
24h_uniform_stats_pressure_weights,r2p8_w256_di16,specific_cloud_liquid_water_content,700.0,5.4987746783448005e-06,6.03608446448013e-06
24h_uniform_stats_pressure_weights,r2p8_w256_di16,specific_cloud_liquid_water_content,750.0,7.551654419966619e-06,8.191473283570851e-06
24h_uniform_stats_pressure_weights,r2p8_w256_di16,specific_cloud_liquid_water_content,775.0,8.786239983039131e-06,9.578355982648453e-06
24h_uniform_stats_pressure_weights,r2p8_w256_di16,specific_cloud_liquid_water_content,800.0,1.0472598919705313e-05,1.3474555507967224e-05
24h_uniform_stats_pressure_weights,r2p8_w256_di16,specific_cloud_liquid_water_content,825.0,1.415145195804304e-05,1.928354088425152e-05
24h_uniform_stats_pressure_weights,r2p8_w256_di16,specific_cloud_liquid_water_content,850.0,1.7295874397767157e-05,3.3553954293656326e-05
24h_uniform_stats_pressure_weights,r2p8_w256_di16,specific_cloud_liquid_water_content,875.0,1.82516366263371e-05,5.9713076920282205e-05
24h_uniform_stats_pressure_weights,r2p8_w256_di16,specific_cloud_liquid_water_content,900.0,1.6781778725758967e-05,4.488741430903128e-05
24h_uniform_stats_pressure_weights,r2p8_w256_di16,specific_cloud_liquid_water_content,925.0,1.3883821528396855e-05,2.4412704376104785e-05
24h_uniform_stats_pressure_weights,r2p8_w256_di16,specific_cloud_liquid_water_content,950.0,9.861542754952114e-06,2.614666010311733e-05
24h_uniform_stats_pressure_weights,r2p8_w256_di16,specific_cloud_liquid_water_content,975.0,6.108688467033391e-06,1.5834147287434668e-05
24h_uniform_stats_pressure_weights,r2p8_w256_di16,specific_cloud_liquid_water_content,1000.0,3.680050771954307e-06,5.294441808698635e-06
24h_uniform_stats_pressure_weights,r2p8_w256_di32,temperature,1.0,7.469292923735672e-05,0.000308618054517701
24h_uniform_stats_pressure_weights,r2p8_w256_di32,temperature,2.0,9.825712578769096e-05,0.0014980112038895533
24h_uniform_stats_pressure_weights,r2p8_w256_di32,temperature,3.0,9.651637628126099e-05,0.0028390403535727693
24h_uniform_stats_pressure_weights,r2p8_w256_di32,temperature,5.0,9.116644914406066e-05,0.003615374364459003
24h_uniform_stats_pressure_weights,r2p8_w256_di32,temperature,7.0,8.506293843005871e-05,0.0035766032032253656
24h_uniform_stats_pressure_weights,r2p8_w256_di32,temperature,10.0,6.885653188459573e-05,0.003487778098949684
24h_uniform_stats_pressure_weights,r2p8_w256_di32,temperature,20.0,0.00010391812776588423,0.0009230189159354272
24h_uniform_stats_pressure_weights,r2p8_w256_di32,temperature,30.0,0.00011537260753467404,0.00015486693767386217
24h_uniform_stats_pressure_weights,r2p8_w256_di32,temperature,50.0,1.8917974002138148e-05,0.0015459155783290421
24h_uniform_stats_pressure_weights,r2p8_w256_di32,temperature,70.0,2.5781050779520792e-05,0.00028379940128206617
24h_uniform_stats_pressure_weights,r2p8_w256_di32,temperature,100.0,2.540900727971693e-05,0.00016469554763352923
24h_uniform_stats_pressure_weights,r2p8_w256_di32,temperature,125.0,2.1033592455134702e-05,0.0002116311838908493
24h_uniform_stats_pressure_weights,r2p8_w256_di32,temperature,150.0,2.0285179491313488e-05,9.701490525438559e-05
24h_uniform_stats_pressure_weights,r2p8_w256_di32,temperature,175.0,2.1650256445665716e-05,5.72164022030014e-05
24h_uniform_stats_pressure_weights,r2p8_w256_di32,temperature,200.0,2.5804123473728463e-05,3.80861448006882e-05
24h_uniform_stats_pressure_weights,r2p8_w256_di32,temperature,225.0,3.0214268015326877e-05,4.6355999285168094e-05
24h_uniform_stats_pressure_weights,r2p8_w256_di32,temperature,250.0,3.28545939364539e-05,4.74620716350044e-05
24h_uniform_stats_pressure_weights,r2p8_w256_di32,temperature,300.0,3.6403077860701946e-05,5.404981249179812e-05
24h_uniform_stats_pressure_weights,r2p8_w256_di32,temperature,350.0,3.943113229410919e-05,5.793326516368794e-05
24h_uniform_stats_pressure_weights,r2p8_w256_di32,temperature,400.0,4.416193614743237e-05,5.592507308976059e-05
24h_uniform_stats_pressure_weights,r2p8_w256_di32,temperature,450.0,4.9729669370536394e-05,6.0550408509398944e-05
24h_uniform_stats_pressure_weights,r2p8_w256_di32,temperature,500.0,5.5167368416882805e-05,6.657914229897843e-05
24h_uniform_stats_pressure_weights,r2p8_w256_di32,temperature,550.0,6.346268500513157e-05,7.847962520649671e-05
24h_uniform_stats_pressure_weights,r2p8_w256_di32,temperature,600.0,7.326977225437726e-05,9.109949959647404e-05
24h_uniform_stats_pressure_weights,r2p8_w256_di32,temperature,650.0,8.549154294637659e-05,0.00010927245260627943
24h_uniform_stats_pressure_weights,r2p8_w256_di32,temperature,700.0,9.966997612151121e-05,0.0001255164978400731
24h_uniform_stats_pressure_weights,r2p8_w256_di32,temperature,750.0,0.00012176194917050214,0.0001531993515735105
24h_uniform_stats_pressure_weights,r2p8_w256_di32,temperature,775.0,0.00013403317733970952,0.00015827619028095004
24h_uniform_stats_pressure_weights,r2p8_w256_di32,temperature,800.0,0.00015131079872676177,0.00019783483535074325
24h_uniform_stats_pressure_weights,r2p8_w256_di32,temperature,825.0,0.00017745121325759135,0.00023002937167006208
24h_uniform_stats_pressure_weights,r2p8_w256_di32,temperature,850.0,0.00019703835645016818,0.0002898688620288407
24h_uniform_stats_pressure_weights,r2p8_w256_di32,temperature,875.0,0.00020719493139644026,0.00033428769157596686
24h_uniform_stats_pressure_weights,r2p8_w256_di32,temperature,900.0,0.0002129173540964044,0.00029678740018749107
24h_uniform_stats_pressure_weights,r2p8_w256_di32,temperature,925.0,0.00022171805871431152,0.000302892633348545
24h_uniform_stats_pressure_weights,r2p8_w256_di32,temperature,950.0,0.00023909919749750516,0.00032776599403097666
24h_uniform_stats_pressure_weights,r2p8_w256_di32,temperature,975.0,0.0002712726108619801,0.00036480798888471834
24h_uniform_stats_pressure_weights,r2p8_w256_di32,temperature,1000.0,0.00029027256187949335,0.0004245448388126667
24h_uniform_stats_pressure_weights,r2p8_w256_di32,geopotential,1.0,0.0582782081087106,0.0017311612087826135
24h_uniform_stats_pressure_weights,r2p8_w256_di32,geopotential,2.0,0.054358724218015866,0.0006493391726644243
24h_uniform_stats_pressure_weights,r2p8_w256_di32,geopotential,3.0,0.04636881088499005,0.0005341480980647211
24h_uniform_stats_pressure_weights,r2p8_w256_di32,geopotential,5.0,0.029073879128074347,0.0004345389760367026
24h_uniform_stats_pressure_weights,r2p8_w256_di32,geopotential,7.0,0.016206651661992585,0.00026855171239027336
24h_uniform_stats_pressure_weights,r2p8_w256_di32,geopotential,10.0,0.004867756729813228,0.00017479231664568656
24h_uniform_stats_pressure_weights,r2p8_w256_di32,geopotential,20.0,0.002411061522144632,0.0009842254309864347
24h_uniform_stats_pressure_weights,r2p8_w256_di32,geopotential,30.0,0.0060704963155234735,0.0007931668734997275
24h_uniform_stats_pressure_weights,r2p8_w256_di32,geopotential,50.0,1.1424502948110674e-05,0.00019817059733865113
24h_uniform_stats_pressure_weights,r2p8_w256_di32,geopotential,70.0,1.3798619742942111e-05,0.0002484599138892705
24h_uniform_stats_pressure_weights,r2p8_w256_di32,geopotential,100.0,1.2551135414421196e-05,2.6258265111089475e-05
24h_uniform_stats_pressure_weights,r2p8_w256_di32,geopotential,125.0,1.289627659729124e-05,1.8411047627233195e-05
24h_uniform_stats_pressure_weights,r2p8_w256_di32,geopotential,150.0,1.3995183876745138e-05,1.759451207410467e-05
24h_uniform_stats_pressure_weights,r2p8_w256_di32,geopotential,175.0,1.5804657424687738e-05,2.352872461266443e-05
24h_uniform_stats_pressure_weights,r2p8_w256_di32,geopotential,200.0,1.794339536457178e-05,3.631655869703692e-05
24h_uniform_stats_pressure_weights,r2p8_w256_di32,geopotential,225.0,1.9354655123893713e-05,3.71099530193307e-05
24h_uniform_stats_pressure_weights,r2p8_w256_di32,geopotential,250.0,2.1388600222686585e-05,3.1129745900563076e-05
24h_uniform_stats_pressure_weights,r2p8_w256_di32,geopotential,300.0,2.5646537298455126e-05,3.50247224990199e-05
24h_uniform_stats_pressure_weights,r2p8_w256_di32,geopotential,350.0,2.847258066817015e-05,4.791552943593528e-05
24h_uniform_stats_pressure_weights,r2p8_w256_di32,geopotential,400.0,3.0029771475915357e-05,4.058217223692388e-05
24h_uniform_stats_pressure_weights,r2p8_w256_di32,geopotential,450.0,3.1000374481357255e-05,4.546862717373896e-05
24h_uniform_stats_pressure_weights,r2p8_w256_di32,geopotential,500.0,3.172153885713159e-05,4.3407059189391635e-05
24h_uniform_stats_pressure_weights,r2p8_w256_di32,geopotential,550.0,3.250460393433323e-05,4.4120211520451874e-05
24h_uniform_stats_pressure_weights,r2p8_w256_di32,geopotential,600.0,3.381895232401962e-05,4.507628747211076e-05
24h_uniform_stats_pressure_weights,r2p8_w256_di32,geopotential,650.0,3.542822252318792e-05,4.791229293046697e-05
24h_uniform_stats_pressure_weights,r2p8_w256_di32,geopotential,700.0,3.786107818013636e-05,5.351526974683177e-05
24h_uniform_stats_pressure_weights,r2p8_w256_di32,geopotential,750.0,4.055512061045664e-05,5.630572330473333e-05
24h_uniform_stats_pressure_weights,r2p8_w256_di32,geopotential,775.0,4.2451186829451185e-05,5.944955446396996e-05
24h_uniform_stats_pressure_weights,r2p8_w256_di32,geopotential,800.0,4.433634462561508e-05,6.171636904712395e-05
24h_uniform_stats_pressure_weights,r2p8_w256_di32,geopotential,825.0,4.6605930140175946e-05,6.466319411045498e-05
24h_uniform_stats_pressure_weights,r2p8_w256_di32,geopotential,850.0,4.912426585163662e-05,7.028638550412687e-05
24h_uniform_stats_pressure_weights,r2p8_w256_di32,geopotential,875.0,5.191130632691868e-05,7.560574720612474e-05
24h_uniform_stats_pressure_weights,r2p8_w256_di32,geopotential,900.0,5.570579828744776e-05,8.117032530906706e-05
24h_uniform_stats_pressure_weights,r2p8_w256_di32,geopotential,925.0,6.007597209531962e-05,8.798636739047196e-05
24h_uniform_stats_pressure_weights,r2p8_w256_di32,geopotential,950.0,6.495557561989179e-05,9.868640798322947e-05
24h_uniform_stats_pressure_weights,r2p8_w256_di32,geopotential,975.0,7.185008970849826e-05,0.00011526960902970682
24h_uniform_stats_pressure_weights,r2p8_w256_di32,geopotential,1000.0,8.121836835736878e-05,0.00015423460462565144
24h_uniform_stats_pressure_weights,r2p8_w256_di32,u_component_of_wind,1.0,0.00012924421424856546,0.0002651463056568506
24h_uniform_stats_pressure_weights,r2p8_w256_di32,u_component_of_wind,2.0,0.00016278648008934187,0.00022880654536003607
24h_uniform_stats_pressure_weights,r2p8_w256_di32,u_component_of_wind,3.0,0.0001532184704793015,0.00021880168649819528
24h_uniform_stats_pressure_weights,r2p8_w256_di32,u_component_of_wind,5.0,0.00012476698022102076,0.0001670075814803107
24h_uniform_stats_pressure_weights,r2p8_w256_di32,u_component_of_wind,7.0,0.00011868096720577507,0.0001546638159955073
24h_uniform_stats_pressure_weights,r2p8_w256_di32,u_component_of_wind,10.0,0.00012178437602592756,0.0001869842442024121
24h_uniform_stats_pressure_weights,r2p8_w256_di32,u_component_of_wind,20.0,9.57498114291228e-05,0.00017115438765733602
24h_uniform_stats_pressure_weights,r2p8_w256_di32,u_component_of_wind,30.0,0.0001404801163107719,0.00018792439311131473
24h_uniform_stats_pressure_weights,r2p8_w256_di32,u_component_of_wind,50.0,1.0114993058266393e-05,7.77729012339446e-05
24h_uniform_stats_pressure_weights,r2p8_w256_di32,u_component_of_wind,70.0,1.404437280894984e-05,2.776709814057716e-05
24h_uniform_stats_pressure_weights,r2p8_w256_di32,u_component_of_wind,100.0,2.3327102481036517e-05,4.857234273992139e-05
24h_uniform_stats_pressure_weights,r2p8_w256_di32,u_component_of_wind,125.0,3.170696177771867e-05,4.867422879604813e-05
24h_uniform_stats_pressure_weights,r2p8_w256_di32,u_component_of_wind,150.0,4.012691362535452e-05,6.400952390831562e-05
24h_uniform_stats_pressure_weights,r2p8_w256_di32,u_component_of_wind,175.0,4.7625710030463534e-05,6.927155792021745e-05
24h_uniform_stats_pressure_weights,r2p8_w256_di32,u_component_of_wind,200.0,5.707752835726574e-05,9.5181315382515e-05
24h_uniform_stats_pressure_weights,r2p8_w256_di32,u_component_of_wind,225.0,7.039757614696839e-05,0.00010354350923692015
24h_uniform_stats_pressure_weights,r2p8_w256_di32,u_component_of_wind,250.0,8.404756092940945e-05,0.00012287177468328712
24h_uniform_stats_pressure_weights,r2p8_w256_di32,u_component_of_wind,300.0,0.00010579897160467557,0.00018996532025577993
24h_uniform_stats_pressure_weights,r2p8_w256_di32,u_component_of_wind,350.0,0.00011309178515688035,0.0002312601896790693
24h_uniform_stats_pressure_weights,r2p8_w256_di32,u_component_of_wind,400.0,0.00011379070933811457,0.0001657127221258832
24h_uniform_stats_pressure_weights,r2p8_w256_di32,u_component_of_wind,450.0,0.0001129030542004743,0.00015499725176148886
24h_uniform_stats_pressure_weights,r2p8_w256_di32,u_component_of_wind,500.0,0.00011174526459533536,0.00013891236344791297
24h_uniform_stats_pressure_weights,r2p8_w256_di32,u_component_of_wind,550.0,0.00011431898372172439,0.00013346116553406327
24h_uniform_stats_pressure_weights,r2p8_w256_di32,u_component_of_wind,600.0,0.00011650665305201757,0.00013419525968564946
24h_uniform_stats_pressure_weights,r2p8_w256_di32,u_component_of_wind,650.0,0.00012137262650382618,0.00016447984618415444
24h_uniform_stats_pressure_weights,r2p8_w256_di32,u_component_of_wind,700.0,0.00012553772154191034,0.0001645544114271848
24h_uniform_stats_pressure_weights,r2p8_w256_di32,u_component_of_wind,750.0,0.00012957039989102304,0.00014868906362610734
24h_uniform_stats_pressure_weights,r2p8_w256_di32,u_component_of_wind,775.0,0.0001308672472600802,0.00015552698445390223
24h_uniform_stats_pressure_weights,r2p8_w256_di32,u_component_of_wind,800.0,0.0001327062355342476,0.0001555495622586607
24h_uniform_stats_pressure_weights,r2p8_w256_di32,u_component_of_wind,825.0,0.0001342116876877233,0.00016086795035257908
24h_uniform_stats_pressure_weights,r2p8_w256_di32,u_component_of_wind,850.0,0.00013383282713360254,0.00015938841101274876
24h_uniform_stats_pressure_weights,r2p8_w256_di32,u_component_of_wind,875.0,0.00013233140771897432,0.0001607706714066648
24h_uniform_stats_pressure_weights,r2p8_w256_di32,u_component_of_wind,900.0,0.00013152116020282096,0.0001632411966596926
24h_uniform_stats_pressure_weights,r2p8_w256_di32,u_component_of_wind,925.0,0.00013242963726499348,0.00016614441657499248
24h_uniform_stats_pressure_weights,r2p8_w256_di32,u_component_of_wind,950.0,0.00012982240544523796,0.000171292382777352
24h_uniform_stats_pressure_weights,r2p8_w256_di32,u_component_of_wind,975.0,0.00011848732241905884,0.00016280921367817577
24h_uniform_stats_pressure_weights,r2p8_w256_di32,u_component_of_wind,1000.0,0.00010126369661372098,0.00015501546811129896
24h_uniform_stats_pressure_weights,r2p8_w256_di32,v_component_of_wind,1.0,1.5545942971000083e-05,1.800569029449663e-05
24h_uniform_stats_pressure_weights,r2p8_w256_di32,v_component_of_wind,2.0,1.9005387680455282e-05,2.3647981851604336e-05
24h_uniform_stats_pressure_weights,r2p8_w256_di32,v_component_of_wind,3.0,2.038529194314085e-05,2.7645627481310472e-05
24h_uniform_stats_pressure_weights,r2p8_w256_di32,v_component_of_wind,5.0,2.1358521123522787e-05,2.8481412263094313e-05
24h_uniform_stats_pressure_weights,r2p8_w256_di32,v_component_of_wind,7.0,2.2613406260132213e-05,2.9384038884388268e-05
24h_uniform_stats_pressure_weights,r2p8_w256_di32,v_component_of_wind,10.0,2.23576757304678e-05,2.8691612065868525e-05
24h_uniform_stats_pressure_weights,r2p8_w256_di32,v_component_of_wind,20.0,2.5731243334399378e-05,3.098676450306752e-05
24h_uniform_stats_pressure_weights,r2p8_w256_di32,v_component_of_wind,30.0,3.211059856689651e-05,4.4474418950097e-05
24h_uniform_stats_pressure_weights,r2p8_w256_di32,v_component_of_wind,50.0,7.56011980524421e-06,3.531218071609119e-05
24h_uniform_stats_pressure_weights,r2p8_w256_di32,v_component_of_wind,70.0,1.1044934573175159e-05,0.0003333122031172537
24h_uniform_stats_pressure_weights,r2p8_w256_di32,v_component_of_wind,100.0,1.774135412029331e-05,5.186189859011743e-05
24h_uniform_stats_pressure_weights,r2p8_w256_di32,v_component_of_wind,125.0,2.3909472446379223e-05,6.492259391176513e-05
24h_uniform_stats_pressure_weights,r2p8_w256_di32,v_component_of_wind,150.0,2.9185720983618713e-05,6.008020096838311e-05
24h_uniform_stats_pressure_weights,r2p8_w256_di32,v_component_of_wind,175.0,3.393708617220086e-05,5.336010141337352e-05
24h_uniform_stats_pressure_weights,r2p8_w256_di32,v_component_of_wind,200.0,4.053103202732959e-05,5.439648615194148e-05
24h_uniform_stats_pressure_weights,r2p8_w256_di32,v_component_of_wind,225.0,5.156684006889924e-05,7.808357833593389e-05
24h_uniform_stats_pressure_weights,r2p8_w256_di32,v_component_of_wind,250.0,6.378448365872272e-05,0.00011393208913668219
24h_uniform_stats_pressure_weights,r2p8_w256_di32,v_component_of_wind,300.0,8.618058022600638e-05,0.00015769725882328734
24h_uniform_stats_pressure_weights,r2p8_w256_di32,v_component_of_wind,350.0,9.508998558450515e-05,0.0001619602662247196
24h_uniform_stats_pressure_weights,r2p8_w256_di32,v_component_of_wind,400.0,9.624183862897716e-05,0.0001344697920161304
24h_uniform_stats_pressure_weights,r2p8_w256_di32,v_component_of_wind,450.0,9.466587886937153e-05,0.00013152849482873764
24h_uniform_stats_pressure_weights,r2p8_w256_di32,v_component_of_wind,500.0,9.282497095117873e-05,0.00012183724850103352
24h_uniform_stats_pressure_weights,r2p8_w256_di32,v_component_of_wind,550.0,9.401340440334621e-05,0.00011526305849841149
24h_uniform_stats_pressure_weights,r2p8_w256_di32,v_component_of_wind,600.0,9.511255180642837e-05,0.0001163680103856681
24h_uniform_stats_pressure_weights,r2p8_w256_di32,v_component_of_wind,650.0,9.831590033477361e-05,0.00013360531616949818
24h_uniform_stats_pressure_weights,r2p8_w256_di32,v_component_of_wind,700.0,0.00010168433116958173,0.000125886655787688
24h_uniform_stats_pressure_weights,r2p8_w256_di32,v_component_of_wind,750.0,0.00010517260361947473,0.00013188827774564837
24h_uniform_stats_pressure_weights,r2p8_w256_di32,v_component_of_wind,775.0,0.0001066563314760418,0.0001473251023715178
24h_uniform_stats_pressure_weights,r2p8_w256_di32,v_component_of_wind,800.0,0.00010837355194455842,0.00017250794514986624
24h_uniform_stats_pressure_weights,r2p8_w256_di32,v_component_of_wind,825.0,0.0001099816843869193,0.00015191691151228556
24h_uniform_stats_pressure_weights,r2p8_w256_di32,v_component_of_wind,850.0,0.00011057996694818385,0.00015651730180996396
24h_uniform_stats_pressure_weights,r2p8_w256_di32,v_component_of_wind,875.0,0.0001105424985072335,0.00015604436549750657
24h_uniform_stats_pressure_weights,r2p8_w256_di32,v_component_of_wind,900.0,0.00011140581815376535,0.00014947958377450012
24h_uniform_stats_pressure_weights,r2p8_w256_di32,v_component_of_wind,925.0,0.00011187245879386637,0.00014680655250577253
24h_uniform_stats_pressure_weights,r2p8_w256_di32,v_component_of_wind,950.0,0.0001096726342962133,0.00014616680655135008
24h_uniform_stats_pressure_weights,r2p8_w256_di32,v_component_of_wind,975.0,9.907411981807039e-05,0.0001456386980387775
24h_uniform_stats_pressure_weights,r2p8_w256_di32,v_component_of_wind,1000.0,8.287370555298156e-05,0.00011995074739512134
24h_uniform_stats_pressure_weights,r2p8_w256_di32,specific_humidity,1.0,0.0004008236030535611,5.593456267881306e-05
24h_uniform_stats_pressure_weights,r2p8_w256_di32,specific_humidity,2.0,0.0011916555261920452,0.00010318377950782295
24h_uniform_stats_pressure_weights,r2p8_w256_di32,specific_humidity,3.0,0.0011825367070474578,0.00010470739566759982
24h_uniform_stats_pressure_weights,r2p8_w256_di32,specific_humidity,5.0,0.0008440579590261795,0.0003214702085887638
24h_uniform_stats_pressure_weights,r2p8_w256_di32,specific_humidity,7.0,0.0006255676125332731,0.0006419083752227291
24h_uniform_stats_pressure_weights,r2p8_w256_di32,specific_humidity,10.0,0.0004548600112000105,0.0013033965112794132
24h_uniform_stats_pressure_weights,r2p8_w256_di32,specific_humidity,20.0,0.00018241922716103653,0.0018223812984898044
24h_uniform_stats_pressure_weights,r2p8_w256_di32,specific_humidity,30.0,0.00014357193790382565,0.00041772140717491447
24h_uniform_stats_pressure_weights,r2p8_w256_di32,specific_humidity,50.0,2.763347321544491e-06,0.002035970916662434
24h_uniform_stats_pressure_weights,r2p8_w256_di32,specific_humidity,70.0,9.94613266571963e-06,0.000261076679458452
24h_uniform_stats_pressure_weights,r2p8_w256_di32,specific_humidity,100.0,3.8987964882861575e-05,0.00010251501959340013
24h_uniform_stats_pressure_weights,r2p8_w256_di32,specific_humidity,125.0,5.913621960778802e-05,0.00017775998946480834
24h_uniform_stats_pressure_weights,r2p8_w256_di32,specific_humidity,150.0,6.978405193620822e-05,0.00021314390404923923
24h_uniform_stats_pressure_weights,r2p8_w256_di32,specific_humidity,175.0,7.578245313427823e-05,0.0001840268741755497
24h_uniform_stats_pressure_weights,r2p8_w256_di32,specific_humidity,200.0,8.509362874420462e-05,0.0001685554820884842
24h_uniform_stats_pressure_weights,r2p8_w256_di32,specific_humidity,225.0,9.538527126899146e-05,0.00015779012946994772
24h_uniform_stats_pressure_weights,r2p8_w256_di32,specific_humidity,250.0,0.00010361504092297352,0.0001851110753405095
24h_uniform_stats_pressure_weights,r2p8_w256_di32,specific_humidity,300.0,0.00011690114585067772,0.00029193081312470904
24h_uniform_stats_pressure_weights,r2p8_w256_di32,specific_humidity,350.0,0.00013220501831458082,0.0002584233033872145
24h_uniform_stats_pressure_weights,r2p8_w256_di32,specific_humidity,400.0,0.0001426176443314424,0.0002859764333610429
24h_uniform_stats_pressure_weights,r2p8_w256_di32,specific_humidity,450.0,0.00015610947553317515,0.00023358812249833763
24h_uniform_stats_pressure_weights,r2p8_w256_di32,specific_humidity,500.0,0.00016528764095190133,0.00021734225279528767
24h_uniform_stats_pressure_weights,r2p8_w256_di32,specific_humidity,550.0,0.00018209324321132562,0.0002229455307857357
24h_uniform_stats_pressure_weights,r2p8_w256_di32,specific_humidity,600.0,0.00019653440334475663,0.0002726109096731635
24h_uniform_stats_pressure_weights,r2p8_w256_di32,specific_humidity,650.0,0.00022005330506059295,0.0003064907269804723
24h_uniform_stats_pressure_weights,r2p8_w256_di32,specific_humidity,700.0,0.00023107104807996905,0.000353679792099836
24h_uniform_stats_pressure_weights,r2p8_w256_di32,specific_humidity,750.0,0.00024445894814273134,0.00034295508068351714
24h_uniform_stats_pressure_weights,r2p8_w256_di32,specific_humidity,775.0,0.00024845592661219677,0.00032905082780736487
24h_uniform_stats_pressure_weights,r2p8_w256_di32,specific_humidity,800.0,0.00025862747158474775,0.0003408061861468234
24h_uniform_stats_pressure_weights,r2p8_w256_di32,specific_humidity,825.0,0.00027730353636458183,0.0003662856035634224
24h_uniform_stats_pressure_weights,r2p8_w256_di32,specific_humidity,850.0,0.00030232556166588014,0.0004014068654725474
24h_uniform_stats_pressure_weights,r2p8_w256_di32,specific_humidity,875.0,0.00033109863001722317,0.0004323141491577333
24h_uniform_stats_pressure_weights,r2p8_w256_di32,specific_humidity,900.0,0.00036955113510792693,0.00047314494984088465
24h_uniform_stats_pressure_weights,r2p8_w256_di32,specific_humidity,925.0,0.0003796172071600364,0.00046897247882413405
24h_uniform_stats_pressure_weights,r2p8_w256_di32,specific_humidity,950.0,0.0003466624125201811,0.0004392654346810539
24h_uniform_stats_pressure_weights,r2p8_w256_di32,specific_humidity,975.0,0.00034213084450716185,0.00041068674274851114
24h_uniform_stats_pressure_weights,r2p8_w256_di32,specific_humidity,1000.0,0.0003469485154484966,0.0004430784307463325
24h_uniform_stats_pressure_weights,r2p8_w256_di32,specific_cloud_ice_water_content,1.0,6.277266206182588e-10,7.537096052143259e-10
24h_uniform_stats_pressure_weights,r2p8_w256_di32,specific_cloud_ice_water_content,2.0,1.229831949797062e-09,1.4992518118690032e-09
24h_uniform_stats_pressure_weights,r2p8_w256_di32,specific_cloud_ice_water_content,3.0,1.8437542467578452e-09,2.256323102630384e-09
24h_uniform_stats_pressure_weights,r2p8_w256_di32,specific_cloud_ice_water_content,5.0,3.046266195390255e-09,3.758989922392341e-09
24h_uniform_stats_pressure_weights,r2p8_w256_di32,specific_cloud_ice_water_content,7.0,4.2870126607261425e-09,5.265361329595961e-09
24h_uniform_stats_pressure_weights,r2p8_w256_di32,specific_cloud_ice_water_content,10.0,6.190673573725225e-09,7.499874212685335e-09
24h_uniform_stats_pressure_weights,r2p8_w256_di32,specific_cloud_ice_water_content,20.0,8.73053884738921e-09,1.1210844905198083e-08
24h_uniform_stats_pressure_weights,r2p8_w256_di32,specific_cloud_ice_water_content,30.0,9.411548636784686e-09,1.3043469805552714e-08
24h_uniform_stats_pressure_weights,r2p8_w256_di32,specific_cloud_ice_water_content,50.0,9.190778598258373e-09,1.7084316583120993e-08
24h_uniform_stats_pressure_weights,r2p8_w256_di32,specific_cloud_ice_water_content,70.0,1.0652892195900438e-08,1.9287127292902e-08
24h_uniform_stats_pressure_weights,r2p8_w256_di32,specific_cloud_ice_water_content,100.0,4.30898841701154e-08,6.366935275331561e-08
24h_uniform_stats_pressure_weights,r2p8_w256_di32,specific_cloud_ice_water_content,125.0,2.823700588167682e-07,3.2607515754972716e-07
24h_uniform_stats_pressure_weights,r2p8_w256_di32,specific_cloud_ice_water_content,150.0,9.316222753604177e-07,1.0313921442772033e-06
24h_uniform_stats_pressure_weights,r2p8_w256_di32,specific_cloud_ice_water_content,175.0,1.8427940773226388e-06,2.1224022108603186e-06
24h_uniform_stats_pressure_weights,r2p8_w256_di32,specific_cloud_ice_water_content,200.0,3.0106003160354453e-06,3.7315350850777677e-06
24h_uniform_stats_pressure_weights,r2p8_w256_di32,specific_cloud_ice_water_content,225.0,4.404011070956844e-06,6.174935496555413e-06
24h_uniform_stats_pressure_weights,r2p8_w256_di32,specific_cloud_ice_water_content,250.0,5.416076459461746e-06,9.35318702587015e-06
24h_uniform_stats_pressure_weights,r2p8_w256_di32,specific_cloud_ice_water_content,300.0,6.2043228008735795e-06,1.201123682863095e-05
24h_uniform_stats_pressure_weights,r2p8_w256_di32,specific_cloud_ice_water_content,350.0,6.450366017472911e-06,1.0740983025281682e-05
24h_uniform_stats_pressure_weights,r2p8_w256_di32,specific_cloud_ice_water_content,400.0,5.566574651132633e-06,7.911874333690329e-06
24h_uniform_stats_pressure_weights,r2p8_w256_di32,specific_cloud_ice_water_content,450.0,4.569893591287574e-06,6.127273913588719e-06
24h_uniform_stats_pressure_weights,r2p8_w256_di32,specific_cloud_ice_water_content,500.0,3.6143687039525188e-06,4.6226668168923565e-06
24h_uniform_stats_pressure_weights,r2p8_w256_di32,specific_cloud_ice_water_content,550.0,2.6482138342886234e-06,3.3543046320937734e-06
24h_uniform_stats_pressure_weights,r2p8_w256_di32,specific_cloud_ice_water_content,600.0,2.0153561730798565e-06,2.5209313950047522e-06
24h_uniform_stats_pressure_weights,r2p8_w256_di32,specific_cloud_ice_water_content,650.0,1.6127366396578306e-06,1.9819880939767143e-06
24h_uniform_stats_pressure_weights,r2p8_w256_di32,specific_cloud_ice_water_content,700.0,1.296332499213406e-06,1.5452824732318826e-06
24h_uniform_stats_pressure_weights,r2p8_w256_di32,specific_cloud_ice_water_content,750.0,1.09118100377067e-06,1.3188045955561597e-06
24h_uniform_stats_pressure_weights,r2p8_w256_di32,specific_cloud_ice_water_content,775.0,1.110216184070794e-06,1.3081411548276584e-06
24h_uniform_stats_pressure_weights,r2p8_w256_di32,specific_cloud_ice_water_content,800.0,1.1444633867282819e-06,1.38829244868957e-06
24h_uniform_stats_pressure_weights,r2p8_w256_di32,specific_cloud_ice_water_content,825.0,1.140800126138198e-06,1.3236774757307593e-06
24h_uniform_stats_pressure_weights,r2p8_w256_di32,specific_cloud_ice_water_content,850.0,1.0234209354501225e-06,1.1779603720493083e-06
24h_uniform_stats_pressure_weights,r2p8_w256_di32,specific_cloud_ice_water_content,875.0,8.517154770524682e-07,9.453518267704629e-07
24h_uniform_stats_pressure_weights,r2p8_w256_di32,specific_cloud_ice_water_content,900.0,7.14199951470556e-07,8.552157556480472e-07
24h_uniform_stats_pressure_weights,r2p8_w256_di32,specific_cloud_ice_water_content,925.0,5.897041373788729e-07,7.574646020907391e-07
24h_uniform_stats_pressure_weights,r2p8_w256_di32,specific_cloud_ice_water_content,950.0,4.412321766270053e-07,5.81018431570818e-07
24h_uniform_stats_pressure_weights,r2p8_w256_di32,specific_cloud_ice_water_content,975.0,3.119149448357278e-07,3.6831938249159917e-07
24h_uniform_stats_pressure_weights,r2p8_w256_di32,specific_cloud_ice_water_content,1000.0,2.662303492430806e-07,3.267423107676178e-07
24h_uniform_stats_pressure_weights,r2p8_w256_di32,specific_cloud_liquid_water_content,1.0,4.2064988970582373e-10,7.030378450132356e-10
24h_uniform_stats_pressure_weights,r2p8_w256_di32,specific_cloud_liquid_water_content,2.0,8.435004320579252e-10,1.4146743854830857e-09
24h_uniform_stats_pressure_weights,r2p8_w256_di32,specific_cloud_liquid_water_content,3.0,1.2498588493899393e-09,2.1117046242871278e-09
24h_uniform_stats_pressure_weights,r2p8_w256_di32,specific_cloud_liquid_water_content,5.0,2.1029046715219132e-09,3.5483529127938013e-09
24h_uniform_stats_pressure_weights,r2p8_w256_di32,specific_cloud_liquid_water_content,7.0,2.9820301149936304e-09,4.96791048508332e-09
24h_uniform_stats_pressure_weights,r2p8_w256_di32,specific_cloud_liquid_water_content,10.0,4.172591547696271e-09,7.0156566694279814e-09
24h_uniform_stats_pressure_weights,r2p8_w256_di32,specific_cloud_liquid_water_content,20.0,6.45829277656578e-09,1.0689394032043303e-08
24h_uniform_stats_pressure_weights,r2p8_w256_di32,specific_cloud_liquid_water_content,30.0,7.082461335890747e-09,1.2436050788621642e-08
24h_uniform_stats_pressure_weights,r2p8_w256_di32,specific_cloud_liquid_water_content,50.0,1.1075133838345924e-08,3.0742610847031565e-08
24h_uniform_stats_pressure_weights,r2p8_w256_di32,specific_cloud_liquid_water_content,70.0,1.0189524769585985e-08,4.931036670810167e-08
24h_uniform_stats_pressure_weights,r2p8_w256_di32,specific_cloud_liquid_water_content,100.0,1.3934110188539649e-08,5.114386928051447e-08
24h_uniform_stats_pressure_weights,r2p8_w256_di32,specific_cloud_liquid_water_content,125.0,1.4962031341266036e-08,3.891581672049585e-08
24h_uniform_stats_pressure_weights,r2p8_w256_di32,specific_cloud_liquid_water_content,150.0,2.059310244592938e-08,5.2584897047757856e-08
24h_uniform_stats_pressure_weights,r2p8_w256_di32,specific_cloud_liquid_water_content,175.0,2.949175579571824e-08,4.737834107709057e-08
24h_uniform_stats_pressure_weights,r2p8_w256_di32,specific_cloud_liquid_water_content,200.0,4.0151697946402254e-08,6.682415124721631e-08
24h_uniform_stats_pressure_weights,r2p8_w256_di32,specific_cloud_liquid_water_content,225.0,3.911226325431366e-08,5.312679636011804e-08
24h_uniform_stats_pressure_weights,r2p8_w256_di32,specific_cloud_liquid_water_content,250.0,4.7811023800850515e-08,7.152743368651533e-08
24h_uniform_stats_pressure_weights,r2p8_w256_di32,specific_cloud_liquid_water_content,300.0,9.287566953460689e-08,1.2200776922589945e-07
24h_uniform_stats_pressure_weights,r2p8_w256_di32,specific_cloud_liquid_water_content,350.0,1.6830657276028649e-07,2.187959187949034e-07
24h_uniform_stats_pressure_weights,r2p8_w256_di32,specific_cloud_liquid_water_content,400.0,3.752309876397423e-07,4.810748634344316e-07
24h_uniform_stats_pressure_weights,r2p8_w256_di32,specific_cloud_liquid_water_content,450.0,9.589547179959528e-07,1.1183731384700674e-06
24h_uniform_stats_pressure_weights,r2p8_w256_di32,specific_cloud_liquid_water_content,500.0,2.340391168410581e-06,2.650326418647874e-06
24h_uniform_stats_pressure_weights,r2p8_w256_di32,specific_cloud_liquid_water_content,550.0,4.3424327966465946e-06,4.615775083196409e-06
24h_uniform_stats_pressure_weights,r2p8_w256_di32,specific_cloud_liquid_water_content,600.0,3.8051265248993007e-06,4.174363808573968e-06
24h_uniform_stats_pressure_weights,r2p8_w256_di32,specific_cloud_liquid_water_content,650.0,4.16370729158292e-06,4.564722615455354e-06
24h_uniform_stats_pressure_weights,r2p8_w256_di32,specific_cloud_liquid_water_content,700.0,5.4987746783448005e-06,6.037701069950225e-06
24h_uniform_stats_pressure_weights,r2p8_w256_di32,specific_cloud_liquid_water_content,750.0,7.551654419966619e-06,8.20545220976565e-06
24h_uniform_stats_pressure_weights,r2p8_w256_di32,specific_cloud_liquid_water_content,775.0,8.786239983039131e-06,9.595878812118804e-06
24h_uniform_stats_pressure_weights,r2p8_w256_di32,specific_cloud_liquid_water_content,800.0,1.0472598919705313e-05,1.3530219115976132e-05
24h_uniform_stats_pressure_weights,r2p8_w256_di32,specific_cloud_liquid_water_content,825.0,1.415145195804304e-05,1.92677568326219e-05
24h_uniform_stats_pressure_weights,r2p8_w256_di32,specific_cloud_liquid_water_content,850.0,1.7295874397767157e-05,3.308310306576286e-05
24h_uniform_stats_pressure_weights,r2p8_w256_di32,specific_cloud_liquid_water_content,875.0,1.82516366263371e-05,5.6322038878096164e-05
24h_uniform_stats_pressure_weights,r2p8_w256_di32,specific_cloud_liquid_water_content,900.0,1.6781778725758967e-05,4.376585517546535e-05
24h_uniform_stats_pressure_weights,r2p8_w256_di32,specific_cloud_liquid_water_content,925.0,1.3883821528396855e-05,2.4309138704234798e-05
24h_uniform_stats_pressure_weights,r2p8_w256_di32,specific_cloud_liquid_water_content,950.0,9.861542754952114e-06,2.620358316992741e-05
24h_uniform_stats_pressure_weights,r2p8_w256_di32,specific_cloud_liquid_water_content,975.0,6.108688467033391e-06,1.4937484569571002e-05
24h_uniform_stats_pressure_weights,r2p8_w256_di32,specific_cloud_liquid_water_content,1000.0,3.680050771954307e-06,5.214327453314703e-06
24h_uniform_stats_equal_levels,r2p8_w128_di16,temperature,1.0,0.17576820857247474,0.7448451931327718
24h_uniform_stats_equal_levels,r2p8_w128_di16,temperature,2.0,0.11560986532139605,1.8218498546982222
24h_uniform_stats_equal_levels,r2p8_w128_di16,temperature,3.0,0.0757077933617825,2.2874089305441947
24h_uniform_stats_equal_levels,r2p8_w128_di16,temperature,5.0,0.04290677474180751,1.7510854729334824
24h_uniform_stats_equal_levels,r2p8_w128_di16,temperature,7.0,0.02859586090184979,1.2325846388185795
24h_uniform_stats_equal_levels,r2p8_w128_di16,temperature,10.0,0.016203393522577,0.8438970864066144
24h_uniform_stats_equal_levels,r2p8_w128_di16,temperature,20.0,0.012227063084894896,0.10649337204000782
24h_uniform_stats_equal_levels,r2p8_w128_di16,temperature,30.0,0.00904986891073426,0.012785723484174656
24h_uniform_stats_equal_levels,r2p8_w128_di16,temperature,50.0,0.0008903596188093873,0.07181974165301125
24h_uniform_stats_equal_levels,r2p8_w128_di16,temperature,70.0,0.0008666892486918687,0.012010641918270237
24h_uniform_stats_equal_levels,r2p8_w128_di16,temperature,100.0,0.0005979275062260049,0.004214287974741445
24h_uniform_stats_equal_levels,r2p8_w128_di16,temperature,125.0,0.00039597181724489346,0.005060407992349216
24h_uniform_stats_equal_levels,r2p8_w128_di16,temperature,150.0,0.00031823535785464435,0.0016251798507357293
24h_uniform_stats_equal_levels,r2p8_w128_di16,temperature,175.0,0.00029112924299866866,0.0007075333482471039
24h_uniform_stats_equal_levels,r2p8_w128_di16,temperature,200.0,0.00030361271160937427,0.0004203798905462424
24h_uniform_stats_equal_levels,r2p8_w128_di16,temperature,225.0,0.00031600240948623346,0.000464363385436074
24h_uniform_stats_equal_levels,r2p8_w128_di16,temperature,250.0,0.0003092551425442505,0.0004678124029547351
24h_uniform_stats_equal_levels,r2p8_w128_di16,temperature,300.0,0.00028554705456197173,0.00043341650039522043
24h_uniform_stats_equal_levels,r2p8_w128_di16,temperature,350.0,0.00026511361942002583,0.00036829851979740556
24h_uniform_stats_equal_levels,r2p8_w128_di16,temperature,400.0,0.0002598058639211866,0.00033321153262749254
24h_uniform_stats_equal_levels,r2p8_w128_di16,temperature,450.0,0.00026005421240176335,0.00030919694834934575
24h_uniform_stats_equal_levels,r2p8_w128_di16,temperature,500.0,0.00025964089552518304,0.0003095305436849702
24h_uniform_stats_equal_levels,r2p8_w128_di16,temperature,550.0,0.0002715292298857395,0.0003239876507358428
24h_uniform_stats_equal_levels,r2p8_w128_di16,temperature,600.0,0.0002873653669577443,0.00035224323834453364
24h_uniform_stats_equal_levels,r2p8_w128_di16,temperature,650.0,0.0003095071124527848,0.0003800364760822594
24h_uniform_stats_equal_levels,r2p8_w128_di16,temperature,700.0,0.0003350635218891366,0.0004088580422317841
24h_uniform_stats_equal_levels,r2p8_w128_di16,temperature,750.0,0.0003820420468445628,0.00045796252918125493
24h_uniform_stats_equal_levels,r2p8_w128_di16,temperature,775.0,0.00040697847990080915,0.000468721762690304
24h_uniform_stats_equal_levels,r2p8_w128_di16,temperature,800.0,0.00044508275919529313,0.0005780876682599503
24h_uniform_stats_equal_levels,r2p8_w128_di16,temperature,825.0,0.0005061577132475863,0.0006404200335080657
24h_uniform_stats_equal_levels,r2p8_w128_di16,temperature,850.0,0.0005454974006387411,0.0008238734033896342
24h_uniform_stats_equal_levels,r2p8_w128_di16,temperature,875.0,0.0005572266885797801,0.0008572198393491724
24h_uniform_stats_equal_levels,r2p8_w128_di16,temperature,900.0,0.0005567104660765471,0.0007605253252718987
24h_uniform_stats_equal_levels,r2p8_w128_di16,temperature,925.0,0.0005640533326686531,0.0007640103822519062
24h_uniform_stats_equal_levels,r2p8_w128_di16,temperature,950.0,0.0005922640172708615,0.0007966233415090507
24h_uniform_stats_equal_levels,r2p8_w128_di16,temperature,975.0,0.0006547298877510625,0.0008572526666362726
24h_uniform_stats_equal_levels,r2p8_w128_di16,temperature,1000.0,0.0006830725306965739,0.0009355479863798421
24h_uniform_stats_equal_levels,r2p8_w128_di16,geopotential,1.0,137.14090935610005,3.4514836556260136
24h_uniform_stats_equal_levels,r2p8_w128_di16,geopotential,2.0,63.95876874585919,0.620008734326492
24h_uniform_stats_equal_levels,r2p8_w128_di16,geopotential,3.0,36.3718623530002,0.3410742459730961
24h_uniform_stats_equal_levels,r2p8_w128_di16,geopotential,5.0,13.683393335278272,0.17458013319202353
24h_uniform_stats_equal_levels,r2p8_w128_di16,geopotential,7.0,5.448238271149421,0.08198082912448117
24h_uniform_stats_equal_levels,r2p8_w128_di16,geopotential,10.0,1.1454857760993569,0.03966455934839669
24h_uniform_stats_equal_levels,r2p8_w128_di16,geopotential,20.0,0.2836868019720359,0.10998817445723003
24h_uniform_stats_equal_levels,r2p8_w128_di16,geopotential,30.0,0.47617191855590124,0.057837714610421725
24h_uniform_stats_equal_levels,r2p8_w128_di16,geopotential,50.0,0.0005376852769126805,0.008597196662117971
24h_uniform_stats_equal_levels,r2p8_w128_di16,geopotential,70.0,0.0004638723021908409,0.00954608319543234
24h_uniform_stats_equal_levels,r2p8_w128_di16,geopotential,100.0,0.00029535467545166395,0.0010520378831302293
24h_uniform_stats_equal_levels,r2p8_w128_di16,geopotential,125.0,0.00024278126006361763,0.0003077996610436285
24h_uniform_stats_equal_levels,r2p8_w128_di16,geopotential,150.0,0.00021955745332027877,0.0002834506354943716
24h_uniform_stats_equal_levels,r2p8_w128_di16,geopotential,175.0,0.00021252394693106592,0.0004998373190656737
24h_uniform_stats_equal_levels,r2p8_w128_di16,geopotential,200.0,0.00021112295977281453,0.0002910074027384279
24h_uniform_stats_equal_levels,r2p8_w128_di16,geopotential,225.0,0.00020242481634249576,0.00027077781074071657
24h_uniform_stats_equal_levels,r2p8_w128_di16,geopotential,250.0,0.00020132754108854634,0.00024857553464984286
24h_uniform_stats_equal_levels,r2p8_w128_di16,geopotential,300.0,0.00020117236276862428,0.0003433818536633111
24h_uniform_stats_equal_levels,r2p8_w128_di16,geopotential,350.0,0.0001914342418286312,0.0002524304559537501
24h_uniform_stats_equal_levels,r2p8_w128_di16,geopotential,400.0,0.00017666595720825537,0.00023476825044236338
24h_uniform_stats_equal_levels,r2p8_w128_di16,geopotential,450.0,0.00016211203637491887,0.0002091939475895414
24h_uniform_stats_equal_levels,r2p8_w128_di16,geopotential,500.0,0.00014929493634831454,0.00019377549745562515
24h_uniform_stats_equal_levels,r2p8_w128_di16,geopotential,550.0,0.0001390730643261756,0.00018511379211056804
24h_uniform_stats_equal_levels,r2p8_w128_di16,geopotential,600.0,0.0001326385403652973,0.00017268811538431286
24h_uniform_stats_equal_levels,r2p8_w128_di16,geopotential,650.0,0.0001282616557682721,0.0001772435749681829
24h_uniform_stats_equal_levels,r2p8_w128_di16,geopotential,700.0,0.000127278712117786,0.0001749055243708531
24h_uniform_stats_equal_levels,r2p8_w128_di16,geopotential,750.0,0.00012724633100568388,0.00017663779568721747
24h_uniform_stats_equal_levels,r2p8_w128_di16,geopotential,775.0,0.00012889882810169557,0.00018255278899413074
24h_uniform_stats_equal_levels,r2p8_w128_di16,geopotential,800.0,0.000130415956856039,0.00018261150281842706
24h_uniform_stats_equal_levels,r2p8_w128_di16,geopotential,825.0,0.00013293767109546115,0.00018314922302621286
24h_uniform_stats_equal_levels,r2p8_w128_di16,geopotential,850.0,0.00013599970997084195,0.00019031365788111873
24h_uniform_stats_equal_levels,r2p8_w128_di16,geopotential,875.0,0.00013960942543064764,0.00020165044271994734
24h_uniform_stats_equal_levels,r2p8_w128_di16,geopotential,900.0,0.00014565276306096494,0.00021136495363336424
24h_uniform_stats_equal_levels,r2p8_w128_di16,geopotential,925.0,0.00015283397514018893,0.00022487507991526053
24h_uniform_stats_equal_levels,r2p8_w128_di16,geopotential,950.0,0.00016089911870649317,0.0002451282939004893
24h_uniform_stats_equal_levels,r2p8_w128_di16,geopotential,975.0,0.00017341375165104073,0.0002870175771073921
24h_uniform_stats_equal_levels,r2p8_w128_di16,geopotential,1000.0,0.00019112394245497492,0.00036694111664289643
24h_uniform_stats_equal_levels,r2p8_w128_di16,u_component_of_wind,1.0,0.3041388822044729,0.6244471667234196
24h_uniform_stats_equal_levels,r2p8_w128_di16,u_component_of_wind,2.0,0.19153545240003905,0.26942017068775936
24h_uniform_stats_equal_levels,r2p8_w128_di16,u_component_of_wind,3.0,0.12018512038259649,0.1717635778124795
24h_uniform_stats_equal_levels,r2p8_w128_di16,u_component_of_wind,5.0,0.058720601337664935,0.07802995242019369
24h_uniform_stats_equal_levels,r2p8_w128_di16,u_component_of_wind,7.0,0.03989733358087333,0.051315403077880774
24h_uniform_stats_equal_levels,r2p8_w128_di16,u_component_of_wind,10.0,0.028658431025206172,0.0411688511848809
24h_uniform_stats_equal_levels,r2p8_w128_di16,u_component_of_wind,20.0,0.011265974569405417,0.019965528267847275
24h_uniform_stats_equal_levels,r2p8_w128_di16,u_component_of_wind,30.0,0.011019310946882285,0.01470880578627582
24h_uniform_stats_equal_levels,r2p8_w128_di16,u_component_of_wind,50.0,0.0004760542203197758,0.0028168279975203394
24h_uniform_stats_equal_levels,r2p8_w128_di16,u_component_of_wind,70.0,0.00047213385607254517,0.0010221277472354184
24h_uniform_stats_equal_levels,r2p8_w128_di16,u_component_of_wind,100.0,0.0005489358974326684,0.0011815545433800252
24h_uniform_stats_equal_levels,r2p8_w128_di16,u_component_of_wind,125.0,0.000596905321866342,0.0009517459802002126
24h_uniform_stats_equal_levels,r2p8_w128_di16,u_component_of_wind,150.0,0.0006295139129843726,0.0011134880381372758
24h_uniform_stats_equal_levels,r2p8_w128_di16,u_component_of_wind,175.0,0.0006404190612355867,0.001052355452621682
24h_uniform_stats_equal_levels,r2p8_w128_di16,u_component_of_wind,200.0,0.0006715772839233919,0.0010814650150649918
24h_uniform_stats_equal_levels,r2p8_w128_di16,u_component_of_wind,225.0,0.000736268165528548,0.0011712184596837283
24h_uniform_stats_equal_levels,r2p8_w128_di16,u_component_of_wind,250.0,0.0007911265160054667,0.0011849563100006823
24h_uniform_stats_equal_levels,r2p8_w128_di16,u_component_of_wind,300.0,0.0008298909458426285,0.0015034637074596582
24h_uniform_stats_equal_levels,r2p8_w128_di16,u_component_of_wind,350.0,0.0007603680327001842,0.001667250850383796
24h_uniform_stats_equal_levels,r2p8_w128_di16,u_component_of_wind,400.0,0.0006694338184607049,0.0009884977236696462
24h_uniform_stats_equal_levels,r2p8_w128_di16,u_component_of_wind,450.0,0.0005904104171513668,0.0008227983130394813
24h_uniform_stats_equal_levels,r2p8_w128_di16,u_component_of_wind,500.0,0.0005259203294053154,0.000652412168145823
24h_uniform_stats_equal_levels,r2p8_w128_di16,u_component_of_wind,550.0,0.0004891212152270308,0.0005697051798210928
24h_uniform_stats_equal_levels,r2p8_w128_di16,u_component_of_wind,600.0,0.00045694119248898687,0.0005227214568897019
24h_uniform_stats_equal_levels,r2p8_w128_di16,u_component_of_wind,650.0,0.0004394082720389331,0.0006011947963493774
24h_uniform_stats_equal_levels,r2p8_w128_di16,u_component_of_wind,700.0,0.00042202389070997246,0.0005534847902041103
24h_uniform_stats_equal_levels,r2p8_w128_di16,u_component_of_wind,750.0,0.0004065419543795139,0.00045840280964178597
24h_uniform_stats_equal_levels,r2p8_w128_di16,u_component_of_wind,775.0,0.00039736544649480294,0.00046768794423665484
24h_uniform_stats_equal_levels,r2p8_w128_di16,u_component_of_wind,800.0,0.0003903571851514966,0.00045220465186143017
24h_uniform_stats_equal_levels,r2p8_w128_di16,u_component_of_wind,825.0,0.0003828222962471693,0.00044092246837815446
24h_uniform_stats_equal_levels,r2p8_w128_di16,u_component_of_wind,850.0,0.00037051394782607993,0.00042950562212176464
24h_uniform_stats_equal_levels,r2p8_w128_di16,u_component_of_wind,875.0,0.0003558899420046898,0.0004236590182749008
24h_uniform_stats_equal_levels,r2p8_w128_di16,u_component_of_wind,900.0,0.0003438855733773988,0.00041537052915500766
24h_uniform_stats_equal_levels,r2p8_w128_di16,u_component_of_wind,925.0,0.0003369025449553913,0.0004188367980534234
24h_uniform_stats_equal_levels,r2p8_w128_di16,u_component_of_wind,950.0,0.0003215784083991561,0.00042028603000080525
24h_uniform_stats_equal_levels,r2p8_w128_di16,u_component_of_wind,975.0,0.00028597502365185174,0.0004008638089352376
24h_uniform_stats_equal_levels,r2p8_w128_di16,u_component_of_wind,1000.0,0.0002382948256140743,0.0003603177429806893
24h_uniform_stats_equal_levels,r2p8_w128_di16,v_component_of_wind,1.0,0.036582881063605736,0.04275066012344265
24h_uniform_stats_equal_levels,r2p8_w128_di16,v_component_of_wind,2.0,0.022361841876648986,0.028133095645965916
24h_uniform_stats_equal_levels,r2p8_w128_di16,v_component_of_wind,3.0,0.015990296460711192,0.021889518955711947
24h_uniform_stats_equal_levels,r2p8_w128_di16,v_component_of_wind,5.0,0.01005222056216098,0.013459397331052947
24h_uniform_stats_equal_levels,r2p8_w128_di16,v_component_of_wind,7.0,0.007602016011514286,0.0097138240192308
24h_uniform_stats_equal_levels,r2p8_w128_di16,v_component_of_wind,10.0,0.005261232423353933,0.006463548869874091
24h_uniform_stats_equal_levels,r2p8_w128_di16,v_component_of_wind,20.0,0.003027551999505612,0.003428385264855568
24h_uniform_stats_equal_levels,r2p8_w128_di16,v_component_of_wind,30.0,0.002518766922974234,0.0036177630872209314
24h_uniform_stats_equal_levels,r2p8_w128_di16,v_component_of_wind,50.0,0.00035581111313451205,0.0018799694737239383
24h_uniform_stats_equal_levels,r2p8_w128_di16,v_component_of_wind,70.0,0.00037130084917562676,0.012005117324693922
24h_uniform_stats_equal_levels,r2p8_w128_di16,v_component_of_wind,100.0,0.00041749146314297154,0.0012112958197866659
24h_uniform_stats_equal_levels,r2p8_w128_di16,v_component_of_wind,125.0,0.0004501122323328224,0.0011684264344015503
24h_uniform_stats_equal_levels,r2p8_w128_di16,v_component_of_wind,150.0,0.00045786769426639664,0.0009900831035979426
24h_uniform_stats_equal_levels,r2p8_w128_di16,v_component_of_wind,175.0,0.0004563492461019495,0.0007431166019218572
24h_uniform_stats_equal_levels,r2p8_w128_di16,v_component_of_wind,200.0,0.0004768903137001561,0.0006915761269736143
24h_uniform_stats_equal_levels,r2p8_w128_di16,v_component_of_wind,225.0,0.0005393228690199369,0.000897789441849811
24h_uniform_stats_equal_levels,r2p8_w128_di16,v_component_of_wind,250.0,0.0006003933460307673,0.001144056412741674
24h_uniform_stats_equal_levels,r2p8_w128_di16,v_component_of_wind,300.0,0.0006760035768992888,0.0012108654060670465
24h_uniform_stats_equal_levels,r2p8_w128_di16,v_component_of_wind,350.0,0.000639333663078005,0.0011821182159566087
24h_uniform_stats_equal_levels,r2p8_w128_di16,v_component_of_wind,400.0,0.0005661933377850466,0.0007795300367473476
24h_uniform_stats_equal_levels,r2p8_w128_di16,v_component_of_wind,450.0,0.0004950417101562485,0.0006950954084202587
24h_uniform_stats_equal_levels,r2p8_w128_di16,v_component_of_wind,500.0,0.00043687345031102653,0.0005999775383152952
24h_uniform_stats_equal_levels,r2p8_w128_di16,v_component_of_wind,550.0,0.00040224247200560553,0.0005004886552506342
24h_uniform_stats_equal_levels,r2p8_w128_di16,v_component_of_wind,600.0,0.0003730331419244843,0.0004640446589056998
24h_uniform_stats_equal_levels,r2p8_w128_di16,v_component_of_wind,650.0,0.0003559354454498269,0.0004869704659245854
24h_uniform_stats_equal_levels,r2p8_w128_di16,v_component_of_wind,700.0,0.0003418352391404664,0.00043083767448978346
24h_uniform_stats_equal_levels,r2p8_w128_di16,v_component_of_wind,750.0,0.0003299910771179576,0.0004128857763551348
24h_uniform_stats_equal_levels,r2p8_w128_di16,v_component_of_wind,775.0,0.0003238513964785071,0.00045031631882349113
24h_uniform_stats_equal_levels,r2p8_w128_di16,v_component_of_wind,800.0,0.0003187822675523774,0.0005240720018901223
24h_uniform_stats_equal_levels,r2p8_w128_di16,v_component_of_wind,825.0,0.00031370919841270436,0.0004406940441155075
24h_uniform_stats_equal_levels,r2p8_w128_di16,v_component_of_wind,850.0,0.0003061387925665511,0.0004356507723144185
24h_uniform_stats_equal_levels,r2p8_w128_di16,v_component_of_wind,875.0,0.00029729120290429697,0.000427717241336224
24h_uniform_stats_equal_levels,r2p8_w128_di16,v_component_of_wind,900.0,0.00029129041740740436,0.00039655425305891917
24h_uniform_stats_equal_levels,r2p8_w128_di16,v_component_of_wind,925.0,0.00028460484266563604,0.00037210267636912463
24h_uniform_stats_equal_levels,r2p8_w128_di16,v_component_of_wind,950.0,0.00027166613544836807,0.0003765510706374473
24h_uniform_stats_equal_levels,r2p8_w128_di16,v_component_of_wind,975.0,0.0002391202972589219,0.00034513618359053433
24h_uniform_stats_equal_levels,r2p8_w128_di16,v_component_of_wind,1000.0,0.00019501929983922815,0.00027535560075427507
24h_uniform_stats_equal_levels,r2p8_w128_di16,specific_humidity,1.0,0.9432224359337811,0.1358657486617529
24h_uniform_stats_equal_levels,r2p8_w128_di16,specific_humidity,2.0,1.4021083334987832,0.12402847828946247
24h_uniform_stats_equal_levels,r2p8_w128_di16,specific_humidity,3.0,0.927586054401565,0.08224889317607331
24h_uniform_stats_equal_levels,r2p8_w128_di16,specific_humidity,5.0,0.3972492628262629,0.14916596138626462
24h_uniform_stats_equal_levels,r2p8_w128_di16,specific_humidity,7.0,0.21029892410091527,0.21430182078709317
24h_uniform_stats_equal_levels,r2p8_w128_di16,specific_humidity,10.0,0.10703814957613914,0.3058279397431527
24h_uniform_stats_equal_levels,r2p8_w128_di16,specific_humidity,20.0,0.021463544872755216,0.20955961923268152
24h_uniform_stats_equal_levels,r2p8_w128_di16,specific_humidity,30.0,0.011261834546811365,0.028876985765697857
24h_uniform_stats_equal_levels,r2p8_w128_di16,specific_humidity,50.0,0.0001300547758216719,0.11630105336823976
24h_uniform_stats_equal_levels,r2p8_w128_di16,specific_humidity,70.0,0.0003343620987818569,0.010282296102904655
24h_uniform_stats_equal_levels,r2p8_w128_di16,specific_humidity,100.0,0.0009174690045386212,0.0024651214407390657
24h_uniform_stats_equal_levels,r2p8_w128_di16,specific_humidity,125.0,0.001113279930332232,0.003972626495118777
24h_uniform_stats_equal_levels,r2p8_w128_di16,specific_humidity,150.0,0.0010947772362564553,0.0034815589069669924
24h_uniform_stats_equal_levels,r2p8_w128_di16,specific_humidity,175.0,0.0010190405027734127,0.0031363247857189216
24h_uniform_stats_equal_levels,r2p8_w128_di16,specific_humidity,200.0,0.0010012162354599197,0.001642701980818858
24h_uniform_stats_equal_levels,r2p8_w128_di16,specific_humidity,225.0,0.0009976073401880556,0.0016153913740518723
24h_uniform_stats_equal_levels,r2p8_w128_di16,specific_humidity,250.0,0.0009753121378501836,0.0017054393538764253
24h_uniform_stats_equal_levels,r2p8_w128_di16,specific_humidity,300.0,0.0009169768007066207,0.0018778119702367304
24h_uniform_stats_equal_levels,r2p8_w128_di16,specific_humidity,350.0,0.0008888750809751798,0.0015377205524202684
24h_uniform_stats_equal_levels,r2p8_w128_di16,specific_humidity,400.0,0.0008390234561328035,0.001519946856687569
24h_uniform_stats_equal_levels,r2p8_w128_di16,specific_humidity,450.0,0.000816352234432608,0.0012132922421876809
24h_uniform_stats_equal_levels,r2p8_w128_di16,specific_humidity,500.0,0.0007779133271628598,0.0010187875410059598
24h_uniform_stats_equal_levels,r2p8_w128_di16,specific_humidity,550.0,0.000779097797273625,0.0009516948495784371
24h_uniform_stats_equal_levels,r2p8_w128_di16,specific_humidity,600.0,0.0007708114710785562,0.001062117871957019
24h_uniform_stats_equal_levels,r2p8_w128_di16,specific_humidity,650.0,0.0007966643329588258,0.0010921569025377084
24h_uniform_stats_equal_levels,r2p8_w128_di16,specific_humidity,700.0,0.0007767984120102398,0.001224553721232548
24h_uniform_stats_equal_levels,r2p8_w128_di16,specific_humidity,750.0,0.0007670179194252198,0.0010582947514715427
24h_uniform_stats_equal_levels,r2p8_w128_di16,specific_humidity,775.0,0.0007544118355017278,0.0009707978453748188
24h_uniform_stats_equal_levels,r2p8_w128_di16,specific_humidity,800.0,0.0007607562026323678,0.00099912990304351
24h_uniform_stats_equal_levels,r2p8_w128_di16,specific_humidity,825.0,0.0007909741571505489,0.001044125588292932
24h_uniform_stats_equal_levels,r2p8_w128_di16,specific_humidity,850.0,0.0008369832707018819,0.0011235881101556583
24h_uniform_stats_equal_levels,r2p8_w128_di16,specific_humidity,875.0,0.0008904512864013469,0.0011376942686594338
24h_uniform_stats_equal_levels,r2p8_w128_di16,specific_humidity,900.0,0.0009662574736482004,0.0012512440078596863
24h_uniform_stats_equal_levels,r2p8_w128_di16,specific_humidity,925.0,0.0009657506117392487,0.0011898753871350737
24h_uniform_stats_equal_levels,r2p8_w128_di16,specific_humidity,950.0,0.0008587049861518393,0.001079614081647704
24h_uniform_stats_equal_levels,r2p8_w128_di16,specific_humidity,975.0,0.0008257497456472676,0.0009557151737595388
24h_uniform_stats_equal_levels,r2p8_w128_di16,specific_humidity,1000.0,0.0008164429973481637,0.0010549041696804463
24h_uniform_stats_equal_levels,r2p8_w128_di16,specific_cloud_ice_water_content,1.0,1.4771730698726231e-06,1.7317213579049572e-06
24h_uniform_stats_equal_levels,r2p8_w128_di16,specific_cloud_ice_water_content,2.0,1.4470269198714925e-06,1.730702998598108e-06
24h_uniform_stats_equal_levels,r2p8_w128_di16,specific_cloud_ice_water_content,3.0,1.4462474753163018e-06,1.7374564963266113e-06
24h_uniform_stats_equal_levels,r2p8_w128_di16,specific_cloud_ice_water_content,5.0,1.4337013087199734e-06,1.7353985725560863e-06
24h_uniform_stats_equal_levels,r2p8_w128_di16,specific_cloud_ice_water_content,7.0,1.441177791329083e-06,1.7351110706510275e-06
24h_uniform_stats_equal_levels,r2p8_w128_di16,specific_cloud_ice_water_content,10.0,1.4567959979890998e-06,1.729686267030333e-06
24h_uniform_stats_equal_levels,r2p8_w128_di16,specific_cloud_ice_water_content,20.0,1.0272399199940024e-06,1.3125717029758406e-06
24h_uniform_stats_equal_levels,r2p8_w128_di16,specific_cloud_ice_water_content,30.0,7.382452666184491e-07,1.0607223558536904e-06
24h_uniform_stats_equal_levels,r2p8_w128_di16,specific_cloud_ice_water_content,50.0,4.3255679114380476e-07,8.333386811383566e-07
24h_uniform_stats_equal_levels,r2p8_w128_di16,specific_cloud_ice_water_content,70.0,3.581214440256433e-07,7.235361668585187e-07
24h_uniform_stats_equal_levels,r2p8_w128_di16,specific_cloud_ice_water_content,100.0,1.013995812657012e-06,1.4266960115974366e-06
24h_uniform_stats_equal_levels,r2p8_w128_di16,specific_cloud_ice_water_content,125.0,5.315810200455227e-06,6.047226358344687e-06
24h_uniform_stats_equal_levels,r2p8_w128_di16,specific_cloud_ice_water_content,150.0,1.4615357399802007e-05,1.6500825867866856e-05
24h_uniform_stats_equal_levels,r2p8_w128_di16,specific_cloud_ice_water_content,175.0,2.477990254202153e-05,3.041765331722199e-05
24h_uniform_stats_equal_levels,r2p8_w128_di16,specific_cloud_ice_water_content,200.0,3.542288605362528e-05,4.977861754185009e-05
24h_uniform_stats_equal_levels,r2p8_w128_di16,specific_cloud_ice_water_content,225.0,4.606029539158286e-05,7.702662966263208e-05
24h_uniform_stats_equal_levels,r2p8_w128_di16,specific_cloud_ice_water_content,250.0,5.0980678706333285e-05,0.00011265407333966557
24h_uniform_stats_equal_levels,r2p8_w128_di16,specific_cloud_ice_water_content,300.0,4.866693162925239e-05,0.00010784071637758328
24h_uniform_stats_equal_levels,r2p8_w128_di16,specific_cloud_ice_water_content,350.0,4.33687744171541e-05,7.437391019104096e-05
24h_uniform_stats_equal_levels,r2p8_w128_di16,specific_cloud_ice_water_content,400.0,3.274830912057684e-05,4.53100889402198e-05
24h_uniform_stats_equal_levels,r2p8_w128_di16,specific_cloud_ice_water_content,450.0,2.3897606673939917e-05,3.1055922183637226e-05
24h_uniform_stats_equal_levels,r2p8_w128_di16,specific_cloud_ice_water_content,500.0,1.7010743016794655e-05,2.1307724111152097e-05
24h_uniform_stats_equal_levels,r2p8_w128_di16,specific_cloud_ice_water_content,550.0,1.133055531670316e-05,1.4136983273728953e-05
24h_uniform_stats_equal_levels,r2p8_w128_di16,specific_cloud_ice_water_content,600.0,7.904263223543037e-06,9.746365365966809e-06
24h_uniform_stats_equal_levels,r2p8_w128_di16,specific_cloud_ice_water_content,650.0,5.838629685282317e-06,7.193099583258669e-06
24h_uniform_stats_equal_levels,r2p8_w128_di16,specific_cloud_ice_water_content,700.0,4.35791950222055e-06,5.16746979039453e-06
24h_uniform_stats_equal_levels,r2p8_w128_di16,specific_cloud_ice_water_content,750.0,3.423705246166045e-06,4.0457274849753545e-06
24h_uniform_stats_equal_levels,r2p8_w128_di16,specific_cloud_ice_water_content,775.0,3.371061582829056e-06,3.873486113876438e-06
24h_uniform_stats_equal_levels,r2p8_w128_di16,specific_cloud_ice_water_content,800.0,3.366454517782684e-06,4.013841838552512e-06
24h_uniform_stats_equal_levels,r2p8_w128_di16,specific_cloud_ice_water_content,825.0,3.253991745215448e-06,3.7647444675070498e-06
24h_uniform_stats_equal_levels,r2p8_w128_di16,specific_cloud_ice_water_content,850.0,2.8333237756604015e-06,3.1397862790455618e-06
24h_uniform_stats_equal_levels,r2p8_w128_di16,specific_cloud_ice_water_content,875.0,2.290589792382578e-06,2.5527666098185996e-06
24h_uniform_stats_equal_levels,r2p8_w128_di16,specific_cloud_ice_water_content,900.0,1.8674033854234098e-06,2.2153259134068016e-06
24h_uniform_stats_equal_levels,r2p8_w128_di16,specific_cloud_ice_water_content,925.0,1.500214217578192e-06,1.929878509314558e-06
24h_uniform_stats_equal_levels,r2p8_w128_di16,specific_cloud_ice_water_content,950.0,1.0929603453855306e-06,1.3873978221876307e-06
24h_uniform_stats_equal_levels,r2p8_w128_di16,specific_cloud_ice_water_content,975.0,7.528221746060436e-07,9.069901393517844e-07
24h_uniform_stats_equal_levels,r2p8_w128_di16,specific_cloud_ice_water_content,1000.0,6.26496136004755e-07,7.850086518660676e-07
24h_uniform_stats_equal_levels,r2p8_w128_di16,specific_cloud_liquid_water_content,1.0,9.898778680221196e-07,1.737876274087164e-06
24h_uniform_stats_equal_levels,r2p8_w128_di16,specific_cloud_liquid_water_content,2.0,9.924671678211498e-07,1.7380981853888752e-06
24h_uniform_stats_equal_levels,r2p8_w128_di16,specific_cloud_liquid_water_content,3.0,9.80393785457322e-07,1.736300005808769e-06
24h_uniform_stats_equal_levels,r2p8_w128_di16,specific_cloud_liquid_water_content,5.0,9.897156014259847e-07,1.7411471600942275e-06
24h_uniform_stats_equal_levels,r2p8_w128_di16,specific_cloud_liquid_water_content,7.0,1.0024779292523453e-06,1.7414385787393794e-06
24h_uniform_stats_equal_levels,r2p8_w128_di16,specific_cloud_liquid_water_content,10.0,9.818987539136679e-07,1.7297788654612175e-06
24h_uniform_stats_equal_levels,r2p8_w128_di16,specific_cloud_liquid_water_content,20.0,7.598862190597982e-07,1.3535996376228677e-06
24h_uniform_stats_equal_levels,r2p8_w128_di16,specific_cloud_liquid_water_content,30.0,5.555508194255895e-07,1.084786911534379e-06
24h_uniform_stats_equal_levels,r2p8_w128_di16,specific_cloud_liquid_water_content,50.0,5.212424935914454e-07,1.7867480525893941e-06
24h_uniform_stats_equal_levels,r2p8_w128_di16,specific_cloud_liquid_water_content,70.0,3.425442834973468e-07,1.749385620412824e-06
24h_uniform_stats_equal_levels,r2p8_w128_di16,specific_cloud_liquid_water_content,100.0,3.2789898734700573e-07,1.1174053938747759e-06
24h_uniform_stats_equal_levels,r2p8_w128_di16,specific_cloud_liquid_water_content,125.0,2.816705112316593e-07,1.0043803968901377e-06
24h_uniform_stats_equal_levels,r2p8_w128_di16,specific_cloud_liquid_water_content,150.0,3.2306607535930386e-07,8.524864563227304e-07
24h_uniform_stats_equal_levels,r2p8_w128_di16,specific_cloud_liquid_water_content,175.0,3.965732489615804e-07,6.606259253955945e-07
24h_uniform_stats_equal_levels,r2p8_w128_di16,specific_cloud_liquid_water_content,200.0,4.724270483994201e-07,8.175473295072716e-07
24h_uniform_stats_equal_levels,r2p8_w128_di16,specific_cloud_liquid_water_content,225.0,4.09064003223686e-07,5.581486366028153e-07
24h_uniform_stats_equal_levels,r2p8_w128_di16,specific_cloud_liquid_water_content,250.0,4.500376723363777e-07,6.936493449258738e-07
24h_uniform_stats_equal_levels,r2p8_w128_di16,specific_cloud_liquid_water_content,300.0,7.285200987004308e-07,9.724407916308084e-07
24h_uniform_stats_equal_levels,r2p8_w128_di16,specific_cloud_liquid_water_content,350.0,1.1316024187143503e-06,1.4977332642215328e-06
24h_uniform_stats_equal_levels,r2p8_w128_di16,specific_cloud_liquid_water_content,400.0,2.207494041662649e-06,2.906578914337192e-06
24h_uniform_stats_equal_levels,r2p8_w128_di16,specific_cloud_liquid_water_content,450.0,5.014716909924686e-06,5.917308163102124e-06
24h_uniform_stats_equal_levels,r2p8_w128_di16,specific_cloud_liquid_water_content,500.0,1.1014867598059849e-05,1.2373658242035338e-05
24h_uniform_stats_equal_levels,r2p8_w128_di16,specific_cloud_liquid_water_content,550.0,1.8579381458705802e-05,1.96284899213404e-05
24h_uniform_stats_equal_levels,r2p8_w128_di16,specific_cloud_liquid_water_content,600.0,1.4923774791493346e-05,1.6350766895192764e-05
24h_uniform_stats_equal_levels,r2p8_w128_di16,specific_cloud_liquid_water_content,650.0,1.5073970787084202e-05,1.650417778079147e-05
24h_uniform_stats_equal_levels,r2p8_w128_di16,specific_cloud_liquid_water_content,700.0,1.8485394313276753e-05,2.0106066986533064e-05
24h_uniform_stats_equal_levels,r2p8_w128_di16,specific_cloud_liquid_water_content,750.0,2.3694179760763594e-05,2.5676958877839922e-05
24h_uniform_stats_equal_levels,r2p8_w128_di16,specific_cloud_liquid_water_content,775.0,2.667854827673017e-05,2.9183307673822866e-05
24h_uniform_stats_equal_levels,r2p8_w128_di16,specific_cloud_liquid_water_content,800.0,3.080529124392021e-05,3.943936893889156e-05
24h_uniform_stats_equal_levels,r2p8_w128_di16,specific_cloud_liquid_water_content,825.0,4.036527240768085e-05,5.802638174737361e-05
24h_uniform_stats_equal_levels,r2p8_w128_di16,specific_cloud_liquid_water_content,850.0,4.788333954735482e-05,9.602616444008811e-05
24h_uniform_stats_equal_levels,r2p8_w128_di16,specific_cloud_liquid_water_content,875.0,4.9085655570385156e-05,0.00014478981560051823
24h_uniform_stats_equal_levels,r2p8_w128_di16,specific_cloud_liquid_water_content,900.0,4.387895902454542e-05,0.0001155842115839767
24h_uniform_stats_equal_levels,r2p8_w128_di16,specific_cloud_liquid_water_content,925.0,3.532060423350417e-05,6.150699817228677e-05
24h_uniform_stats_equal_levels,r2p8_w128_di16,specific_cloud_liquid_water_content,950.0,2.44276726549751e-05,5.9985067689530165e-05
24h_uniform_stats_equal_levels,r2p8_w128_di16,specific_cloud_liquid_water_content,975.0,1.4743622297946972e-05,4.61810271524399e-05
24h_uniform_stats_equal_levels,r2p8_w128_di16,specific_cloud_liquid_water_content,1000.0,8.659935260895545e-06,1.4551770935326025e-05
24h_uniform_stats_equal_levels,r2p8_w128_di32,temperature,1.0,0.17576820857247474,0.7435332022451608
24h_uniform_stats_equal_levels,r2p8_w128_di32,temperature,2.0,0.11560986532139605,1.8204768259405726
24h_uniform_stats_equal_levels,r2p8_w128_di32,temperature,3.0,0.0757077933617825,2.285016507556309
24h_uniform_stats_equal_levels,r2p8_w128_di32,temperature,5.0,0.04290677474180751,1.7502876050661957
24h_uniform_stats_equal_levels,r2p8_w128_di32,temperature,7.0,0.02859586090184979,1.2322066201169868
24h_uniform_stats_equal_levels,r2p8_w128_di32,temperature,10.0,0.016203393522577,0.8433675819206965
24h_uniform_stats_equal_levels,r2p8_w128_di32,temperature,20.0,0.012227063084894896,0.10663609424621155
24h_uniform_stats_equal_levels,r2p8_w128_di32,temperature,30.0,0.00904986891073426,0.012744111216969356
24h_uniform_stats_equal_levels,r2p8_w128_di32,temperature,50.0,0.0008903596188093873,0.07199303376465158
24h_uniform_stats_equal_levels,r2p8_w128_di32,temperature,70.0,0.0008666892486918687,0.011353545515362454
24h_uniform_stats_equal_levels,r2p8_w128_di32,temperature,100.0,0.0005979275062260049,0.0040628997703464715
24h_uniform_stats_equal_levels,r2p8_w128_di32,temperature,125.0,0.00039597181724489346,0.004715753068310806
24h_uniform_stats_equal_levels,r2p8_w128_di32,temperature,150.0,0.00031823535785464435,0.0015336176085752756
24h_uniform_stats_equal_levels,r2p8_w128_di32,temperature,175.0,0.00029112924299866866,0.0006799315077327904
24h_uniform_stats_equal_levels,r2p8_w128_di32,temperature,200.0,0.00030361271160937427,0.00042165637907155736
24h_uniform_stats_equal_levels,r2p8_w128_di32,temperature,225.0,0.00031600240948623346,0.0004584846761864186
24h_uniform_stats_equal_levels,r2p8_w128_di32,temperature,250.0,0.0003092551425442505,0.0004573979569301527
24h_uniform_stats_equal_levels,r2p8_w128_di32,temperature,300.0,0.00028554705456197173,0.00042644313950317885
24h_uniform_stats_equal_levels,r2p8_w128_di32,temperature,350.0,0.00026511361942002583,0.0003651466157453681
24h_uniform_stats_equal_levels,r2p8_w128_di32,temperature,400.0,0.0002598058639211866,0.0003290915034755502
24h_uniform_stats_equal_levels,r2p8_w128_di32,temperature,450.0,0.00026005421240176335,0.0003080215310322337
24h_uniform_stats_equal_levels,r2p8_w128_di32,temperature,500.0,0.00025964089552518304,0.0003075872491459611
24h_uniform_stats_equal_levels,r2p8_w128_di32,temperature,550.0,0.0002715292298857395,0.0003221498579567734
24h_uniform_stats_equal_levels,r2p8_w128_di32,temperature,600.0,0.0002873653669577443,0.0003491902260538301
24h_uniform_stats_equal_levels,r2p8_w128_di32,temperature,650.0,0.0003095071124527848,0.00037835513931057006
24h_uniform_stats_equal_levels,r2p8_w128_di32,temperature,700.0,0.0003350635218891366,0.00040839175038090945
24h_uniform_stats_equal_levels,r2p8_w128_di32,temperature,750.0,0.0003820420468445628,0.000457837477318986
24h_uniform_stats_equal_levels,r2p8_w128_di32,temperature,775.0,0.00040697847990080915,0.00046875139795884047
24h_uniform_stats_equal_levels,r2p8_w128_di32,temperature,800.0,0.00044508275919529313,0.0005763739887873337
24h_uniform_stats_equal_levels,r2p8_w128_di32,temperature,825.0,0.0005061577132475863,0.0006411341650641315
24h_uniform_stats_equal_levels,r2p8_w128_di32,temperature,850.0,0.0005454974006387411,0.0008266585980313541
24h_uniform_stats_equal_levels,r2p8_w128_di32,temperature,875.0,0.0005572266885797801,0.0008567343527296387
24h_uniform_stats_equal_levels,r2p8_w128_di32,temperature,900.0,0.0005567104660765471,0.0007591127406475408
24h_uniform_stats_equal_levels,r2p8_w128_di32,temperature,925.0,0.0005640533326686531,0.0007619973074955169
24h_uniform_stats_equal_levels,r2p8_w128_di32,temperature,950.0,0.0005922640172708615,0.0007927849263313447
24h_uniform_stats_equal_levels,r2p8_w128_di32,temperature,975.0,0.0006547298877510625,0.0008517066941667704
24h_uniform_stats_equal_levels,r2p8_w128_di32,temperature,1000.0,0.0006830725306965739,0.0009270537189596741
24h_uniform_stats_equal_levels,r2p8_w128_di32,geopotential,1.0,137.14090935610005,3.6069664468425517
24h_uniform_stats_equal_levels,r2p8_w128_di32,geopotential,2.0,63.95876874585919,0.6541526935038403
24h_uniform_stats_equal_levels,r2p8_w128_di32,geopotential,3.0,36.3718623530002,0.3615932173216841
24h_uniform_stats_equal_levels,r2p8_w128_di32,geopotential,5.0,13.683393335278272,0.18364591463096586
24h_uniform_stats_equal_levels,r2p8_w128_di32,geopotential,7.0,5.448238271149421,0.08540906167870588
24h_uniform_stats_equal_levels,r2p8_w128_di32,geopotential,10.0,1.1454857760993569,0.03967466987042037
24h_uniform_stats_equal_levels,r2p8_w128_di32,geopotential,20.0,0.2836868019720359,0.11099088925439216
24h_uniform_stats_equal_levels,r2p8_w128_di32,geopotential,30.0,0.47617191855590124,0.05903889575703961
24h_uniform_stats_equal_levels,r2p8_w128_di32,geopotential,50.0,0.0005376852769126805,0.008397454780776525
24h_uniform_stats_equal_levels,r2p8_w128_di32,geopotential,70.0,0.0004638723021908409,0.009608416588440201
24h_uniform_stats_equal_levels,r2p8_w128_di32,geopotential,100.0,0.00029535467545166395,0.0009988058042597603
24h_uniform_stats_equal_levels,r2p8_w128_di32,geopotential,125.0,0.00024278126006361763,0.0003029174491114517
24h_uniform_stats_equal_levels,r2p8_w128_di32,geopotential,150.0,0.00021955745332027877,0.00027750736091067626
24h_uniform_stats_equal_levels,r2p8_w128_di32,geopotential,175.0,0.00021252394693106592,0.0004776104934608173
24h_uniform_stats_equal_levels,r2p8_w128_di32,geopotential,200.0,0.00021112295977281453,0.0002921867535137486
24h_uniform_stats_equal_levels,r2p8_w128_di32,geopotential,225.0,0.00020242481634249576,0.0002708810990551699
24h_uniform_stats_equal_levels,r2p8_w128_di32,geopotential,250.0,0.00020132754108854634,0.00024600469049714164
24h_uniform_stats_equal_levels,r2p8_w128_di32,geopotential,300.0,0.00020117236276862428,0.00033028291753700703
24h_uniform_stats_equal_levels,r2p8_w128_di32,geopotential,350.0,0.0001914342418286312,0.00025109581251063577
24h_uniform_stats_equal_levels,r2p8_w128_di32,geopotential,400.0,0.00017666595720825537,0.00023157127327841517
24h_uniform_stats_equal_levels,r2p8_w128_di32,geopotential,450.0,0.00016211203637491887,0.00020709604176121486
24h_uniform_stats_equal_levels,r2p8_w128_di32,geopotential,500.0,0.00014929493634831454,0.00019188703409774946
24h_uniform_stats_equal_levels,r2p8_w128_di32,geopotential,550.0,0.0001390730643261756,0.00018292987445961187
24h_uniform_stats_equal_levels,r2p8_w128_di32,geopotential,600.0,0.0001326385403652973,0.00017064963162706493
24h_uniform_stats_equal_levels,r2p8_w128_di32,geopotential,650.0,0.0001282616557682721,0.0001754843057013333
24h_uniform_stats_equal_levels,r2p8_w128_di32,geopotential,700.0,0.000127278712117786,0.0001728985726324786
24h_uniform_stats_equal_levels,r2p8_w128_di32,geopotential,750.0,0.00012724633100568388,0.00017572624299553753
24h_uniform_stats_equal_levels,r2p8_w128_di32,geopotential,775.0,0.00012889882810169557,0.00018141783794561723
24h_uniform_stats_equal_levels,r2p8_w128_di32,geopotential,800.0,0.000130415956856039,0.00018112530767642595
24h_uniform_stats_equal_levels,r2p8_w128_di32,geopotential,825.0,0.00013293767109546115,0.00018122111405942777
24h_uniform_stats_equal_levels,r2p8_w128_di32,geopotential,850.0,0.00013599970997084195,0.00018790910214047928
24h_uniform_stats_equal_levels,r2p8_w128_di32,geopotential,875.0,0.00013960942543064764,0.00019866216833766136
24h_uniform_stats_equal_levels,r2p8_w128_di32,geopotential,900.0,0.00014565276306096494,0.0002078358199451364
24h_uniform_stats_equal_levels,r2p8_w128_di32,geopotential,925.0,0.00015283397514018893,0.0002208551736810468
24h_uniform_stats_equal_levels,r2p8_w128_di32,geopotential,950.0,0.00016089911870649317,0.00023968557883304408
24h_uniform_stats_equal_levels,r2p8_w128_di32,geopotential,975.0,0.00017341375165104073,0.0002789950029257604
24h_uniform_stats_equal_levels,r2p8_w128_di32,geopotential,1000.0,0.00019112394245497492,0.00035449667190179515
24h_uniform_stats_equal_levels,r2p8_w128_di32,u_component_of_wind,1.0,0.3041388822044729,0.6229537868810515
24h_uniform_stats_equal_levels,r2p8_w128_di32,u_component_of_wind,2.0,0.19153545240003905,0.2681995099941909
24h_uniform_stats_equal_levels,r2p8_w128_di32,u_component_of_wind,3.0,0.12018512038259649,0.17056151661927227
24h_uniform_stats_equal_levels,r2p8_w128_di32,u_component_of_wind,5.0,0.058720601337664935,0.07773625635425874
24h_uniform_stats_equal_levels,r2p8_w128_di32,u_component_of_wind,7.0,0.03989733358087333,0.05126190091517822
24h_uniform_stats_equal_levels,r2p8_w128_di32,u_component_of_wind,10.0,0.028658431025206172,0.04118060647589697
24h_uniform_stats_equal_levels,r2p8_w128_di32,u_component_of_wind,20.0,0.011265974569405417,0.019883557782085833
24h_uniform_stats_equal_levels,r2p8_w128_di32,u_component_of_wind,30.0,0.011019310946882285,0.014751496605197971
24h_uniform_stats_equal_levels,r2p8_w128_di32,u_component_of_wind,50.0,0.0004760542203197758,0.0026323878596126488
24h_uniform_stats_equal_levels,r2p8_w128_di32,u_component_of_wind,70.0,0.00047213385607254517,0.0010110172310677406
24h_uniform_stats_equal_levels,r2p8_w128_di32,u_component_of_wind,100.0,0.0005489358974326684,0.0011208301582569411
24h_uniform_stats_equal_levels,r2p8_w128_di32,u_component_of_wind,125.0,0.000596905321866342,0.0009327829038734246
24h_uniform_stats_equal_levels,r2p8_w128_di32,u_component_of_wind,150.0,0.0006295139129843726,0.0011062867262151947
24h_uniform_stats_equal_levels,r2p8_w128_di32,u_component_of_wind,175.0,0.0006404190612355867,0.001052810158297493
24h_uniform_stats_equal_levels,r2p8_w128_di32,u_component_of_wind,200.0,0.0006715772839233919,0.0010656439099719908
24h_uniform_stats_equal_levels,r2p8_w128_di32,u_component_of_wind,225.0,0.000736268165528548,0.0011413320814364304
24h_uniform_stats_equal_levels,r2p8_w128_di32,u_component_of_wind,250.0,0.0007911265160054667,0.0011771148993821319
24h_uniform_stats_equal_levels,r2p8_w128_di32,u_component_of_wind,300.0,0.0008298909458426285,0.0014932822951076337
24h_uniform_stats_equal_levels,r2p8_w128_di32,u_component_of_wind,350.0,0.0007603680327001842,0.0016506101430723474
24h_uniform_stats_equal_levels,r2p8_w128_di32,u_component_of_wind,400.0,0.0006694338184607049,0.0009718872111549051
24h_uniform_stats_equal_levels,r2p8_w128_di32,u_component_of_wind,450.0,0.0005904104171513668,0.000820078903960713
24h_uniform_stats_equal_levels,r2p8_w128_di32,u_component_of_wind,500.0,0.0005259203294053154,0.0006515023453827241
24h_uniform_stats_equal_levels,r2p8_w128_di32,u_component_of_wind,550.0,0.0004891212152270308,0.0005679185695059449
24h_uniform_stats_equal_levels,r2p8_w128_di32,u_component_of_wind,600.0,0.00045694119248898687,0.000523038153713506
24h_uniform_stats_equal_levels,r2p8_w128_di32,u_component_of_wind,650.0,0.0004394082720389331,0.0005967562917641177
24h_uniform_stats_equal_levels,r2p8_w128_di32,u_component_of_wind,700.0,0.00042202389070997246,0.0005560689492764084
24h_uniform_stats_equal_levels,r2p8_w128_di32,u_component_of_wind,750.0,0.0004065419543795139,0.00045865391621886646
24h_uniform_stats_equal_levels,r2p8_w128_di32,u_component_of_wind,775.0,0.00039736544649480294,0.0004670117607794771
24h_uniform_stats_equal_levels,r2p8_w128_di32,u_component_of_wind,800.0,0.0003903571851514966,0.00044668180323716107
24h_uniform_stats_equal_levels,r2p8_w128_di32,u_component_of_wind,825.0,0.0003828222962471693,0.00043793366722968616
24h_uniform_stats_equal_levels,r2p8_w128_di32,u_component_of_wind,850.0,0.00037051394782607993,0.0004274161296845591
24h_uniform_stats_equal_levels,r2p8_w128_di32,u_component_of_wind,875.0,0.0003558899420046898,0.00041944574303286067
24h_uniform_stats_equal_levels,r2p8_w128_di32,u_component_of_wind,900.0,0.0003438855733773988,0.00041425764877010536
24h_uniform_stats_equal_levels,r2p8_w128_di32,u_component_of_wind,925.0,0.0003369025449553913,0.0004159916035864138
24h_uniform_stats_equal_levels,r2p8_w128_di32,u_component_of_wind,950.0,0.0003215784083991561,0.0004160353650522784
24h_uniform_stats_equal_levels,r2p8_w128_di32,u_component_of_wind,975.0,0.00028597502365185174,0.0003974561093688346
24h_uniform_stats_equal_levels,r2p8_w128_di32,u_component_of_wind,1000.0,0.0002382948256140743,0.00036052698976700654
24h_uniform_stats_equal_levels,r2p8_w128_di32,v_component_of_wind,1.0,0.036582881063605736,0.04303083251368467
24h_uniform_stats_equal_levels,r2p8_w128_di32,v_component_of_wind,2.0,0.022361841876648986,0.028138776422699626
24h_uniform_stats_equal_levels,r2p8_w128_di32,v_component_of_wind,3.0,0.015990296460711192,0.021760973284669482
24h_uniform_stats_equal_levels,r2p8_w128_di32,v_component_of_wind,5.0,0.01005222056216098,0.013396190574243594
24h_uniform_stats_equal_levels,r2p8_w128_di32,v_component_of_wind,7.0,0.007602016011514286,0.009619180413435693
24h_uniform_stats_equal_levels,r2p8_w128_di32,v_component_of_wind,10.0,0.005261232423353933,0.006355019618473837
24h_uniform_stats_equal_levels,r2p8_w128_di32,v_component_of_wind,20.0,0.003027551999505612,0.0033237296260062695
24h_uniform_stats_equal_levels,r2p8_w128_di32,v_component_of_wind,30.0,0.002518766922974234,0.0037551953789285255
24h_uniform_stats_equal_levels,r2p8_w128_di32,v_component_of_wind,50.0,0.00035581111313451205,0.002065776078062987
24h_uniform_stats_equal_levels,r2p8_w128_di32,v_component_of_wind,70.0,0.00037130084917562676,0.011765146014118776
24h_uniform_stats_equal_levels,r2p8_w128_di32,v_component_of_wind,100.0,0.00041749146314297154,0.001121331215641824
24h_uniform_stats_equal_levels,r2p8_w128_di32,v_component_of_wind,125.0,0.0004501122323328224,0.0011246282409381044
24h_uniform_stats_equal_levels,r2p8_w128_di32,v_component_of_wind,150.0,0.00045786769426639664,0.0009186343788101227
24h_uniform_stats_equal_levels,r2p8_w128_di32,v_component_of_wind,175.0,0.0004563492461019495,0.0007530603653412211
24h_uniform_stats_equal_levels,r2p8_w128_di32,v_component_of_wind,200.0,0.0004768903137001561,0.0006874760529676633
24h_uniform_stats_equal_levels,r2p8_w128_di32,v_component_of_wind,225.0,0.0005393228690199369,0.0008939063846593716
24h_uniform_stats_equal_levels,r2p8_w128_di32,v_component_of_wind,250.0,0.0006003933460307673,0.0011462051352429546
24h_uniform_stats_equal_levels,r2p8_w128_di32,v_component_of_wind,300.0,0.0006760035768992888,0.0011911672776031934
24h_uniform_stats_equal_levels,r2p8_w128_di32,v_component_of_wind,350.0,0.000639333663078005,0.0011370604441291643
24h_uniform_stats_equal_levels,r2p8_w128_di32,v_component_of_wind,400.0,0.0005661933377850466,0.0007666497575370727
24h_uniform_stats_equal_levels,r2p8_w128_di32,v_component_of_wind,450.0,0.0004950417101562485,0.0006841355718414182
24h_uniform_stats_equal_levels,r2p8_w128_di32,v_component_of_wind,500.0,0.00043687345031102653,0.000591511084395159
24h_uniform_stats_equal_levels,r2p8_w128_di32,v_component_of_wind,550.0,0.00040224247200560553,0.0004981858503634656
24h_uniform_stats_equal_levels,r2p8_w128_di32,v_component_of_wind,600.0,0.0003730331419244843,0.00046276700318994836
24h_uniform_stats_equal_levels,r2p8_w128_di32,v_component_of_wind,650.0,0.0003559354454498269,0.0004910863886239047
24h_uniform_stats_equal_levels,r2p8_w128_di32,v_component_of_wind,700.0,0.0003418352391404664,0.0004318860061972893
24h_uniform_stats_equal_levels,r2p8_w128_di32,v_component_of_wind,750.0,0.0003299910771179576,0.00041087878716666924
24h_uniform_stats_equal_levels,r2p8_w128_di32,v_component_of_wind,775.0,0.0003238513964785071,0.00044357081998868997
24h_uniform_stats_equal_levels,r2p8_w128_di32,v_component_of_wind,800.0,0.0003187822675523774,0.0005277203490744562
24h_uniform_stats_equal_levels,r2p8_w128_di32,v_component_of_wind,825.0,0.00031370919841270436,0.00043824886241600013
24h_uniform_stats_equal_levels,r2p8_w128_di32,v_component_of_wind,850.0,0.0003061387925665511,0.00042977516079295704
24h_uniform_stats_equal_levels,r2p8_w128_di32,v_component_of_wind,875.0,0.00029729120290429697,0.0004274427631602749
24h_uniform_stats_equal_levels,r2p8_w128_di32,v_component_of_wind,900.0,0.00029129041740740436,0.00039209958394013786
24h_uniform_stats_equal_levels,r2p8_w128_di32,v_component_of_wind,925.0,0.00028460484266563604,0.0003689281158296831
24h_uniform_stats_equal_levels,r2p8_w128_di32,v_component_of_wind,950.0,0.00027166613544836807,0.00037681046773741764
24h_uniform_stats_equal_levels,r2p8_w128_di32,v_component_of_wind,975.0,0.0002391202972589219,0.00034169707687236564
24h_uniform_stats_equal_levels,r2p8_w128_di32,v_component_of_wind,1000.0,0.00019501929983922815,0.00027335535028476254
24h_uniform_stats_equal_levels,r2p8_w128_di32,specific_humidity,1.0,0.9432224359337811,0.13534053144777533
24h_uniform_stats_equal_levels,r2p8_w128_di32,specific_humidity,2.0,1.4021083334987832,0.12361610713019495
24h_uniform_stats_equal_levels,r2p8_w128_di32,specific_humidity,3.0,0.927586054401565,0.08203024044105028
24h_uniform_stats_equal_levels,r2p8_w128_di32,specific_humidity,5.0,0.3972492628262629,0.14909899886488703
24h_uniform_stats_equal_levels,r2p8_w128_di32,specific_humidity,7.0,0.21029892410091527,0.21422245288745573
24h_uniform_stats_equal_levels,r2p8_w128_di32,specific_humidity,10.0,0.10703814957613914,0.30549166797831423
24h_uniform_stats_equal_levels,r2p8_w128_di32,specific_humidity,20.0,0.021463544872755216,0.20927026759692602
24h_uniform_stats_equal_levels,r2p8_w128_di32,specific_humidity,30.0,0.011261834546811365,0.028717568498685023
24h_uniform_stats_equal_levels,r2p8_w128_di32,specific_humidity,50.0,0.0001300547758216719,0.11651034750319206
24h_uniform_stats_equal_levels,r2p8_w128_di32,specific_humidity,70.0,0.0003343620987818569,0.010144310085674887
24h_uniform_stats_equal_levels,r2p8_w128_di32,specific_humidity,100.0,0.0009174690045386212,0.0023769678572283914
24h_uniform_stats_equal_levels,r2p8_w128_di32,specific_humidity,125.0,0.001113279930332232,0.0038335002528396417
24h_uniform_stats_equal_levels,r2p8_w128_di32,specific_humidity,150.0,0.0010947772362564553,0.0034622022126301836
24h_uniform_stats_equal_levels,r2p8_w128_di32,specific_humidity,175.0,0.0010190405027734127,0.003071018131748625
24h_uniform_stats_equal_levels,r2p8_w128_di32,specific_humidity,200.0,0.0010012162354599197,0.001617930109802635
24h_uniform_stats_equal_levels,r2p8_w128_di32,specific_humidity,225.0,0.0009976073401880556,0.0015783673627788775
24h_uniform_stats_equal_levels,r2p8_w128_di32,specific_humidity,250.0,0.0009753121378501836,0.001651755369303384
24h_uniform_stats_equal_levels,r2p8_w128_di32,specific_humidity,300.0,0.0009169768007066207,0.0018971130229273308
24h_uniform_stats_equal_levels,r2p8_w128_di32,specific_humidity,350.0,0.0008888750809751798,0.0015233206782143576
24h_uniform_stats_equal_levels,r2p8_w128_di32,specific_humidity,400.0,0.0008390234561328035,0.001513180642858743
24h_uniform_stats_equal_levels,r2p8_w128_di32,specific_humidity,450.0,0.000816352234432608,0.0012185704274371078
24h_uniform_stats_equal_levels,r2p8_w128_di32,specific_humidity,500.0,0.0007779133271628598,0.0010177195777525277
24h_uniform_stats_equal_levels,r2p8_w128_di32,specific_humidity,550.0,0.000779097797273625,0.0009475877253959548
24h_uniform_stats_equal_levels,r2p8_w128_di32,specific_humidity,600.0,0.0007708114710785562,0.0010539709537024098
24h_uniform_stats_equal_levels,r2p8_w128_di32,specific_humidity,650.0,0.0007966643329588258,0.0010814917843364887
24h_uniform_stats_equal_levels,r2p8_w128_di32,specific_humidity,700.0,0.0007767984120102398,0.0012164532318690113
24h_uniform_stats_equal_levels,r2p8_w128_di32,specific_humidity,750.0,0.0007670179194252198,0.001054086692004539
24h_uniform_stats_equal_levels,r2p8_w128_di32,specific_humidity,775.0,0.0007544118355017278,0.0009643530178065972
24h_uniform_stats_equal_levels,r2p8_w128_di32,specific_humidity,800.0,0.0007607562026323678,0.0009997257808353277
24h_uniform_stats_equal_levels,r2p8_w128_di32,specific_humidity,825.0,0.0007909741571505489,0.0010420894902608078
24h_uniform_stats_equal_levels,r2p8_w128_di32,specific_humidity,850.0,0.0008369832707018819,0.001122802915632814
24h_uniform_stats_equal_levels,r2p8_w128_di32,specific_humidity,875.0,0.0008904512864013469,0.0011339759075037511
24h_uniform_stats_equal_levels,r2p8_w128_di32,specific_humidity,900.0,0.0009662574736482004,0.0012491796382891507
24h_uniform_stats_equal_levels,r2p8_w128_di32,specific_humidity,925.0,0.0009657506117392487,0.0011887076706804227
24h_uniform_stats_equal_levels,r2p8_w128_di32,specific_humidity,950.0,0.0008587049861518393,0.0010794660146169301
24h_uniform_stats_equal_levels,r2p8_w128_di32,specific_humidity,975.0,0.0008257497456472676,0.0009519814997860104
24h_uniform_stats_equal_levels,r2p8_w128_di32,specific_humidity,1000.0,0.0008164429973481637,0.0010494742371075032
24h_uniform_stats_equal_levels,r2p8_w128_di32,specific_cloud_ice_water_content,1.0,1.4771730698726231e-06,1.7687711302199143e-06
24h_uniform_stats_equal_levels,r2p8_w128_di32,specific_cloud_ice_water_content,2.0,1.4470269198714925e-06,1.763275149543769e-06
24h_uniform_stats_equal_levels,r2p8_w128_di32,specific_cloud_ice_water_content,3.0,1.4462474753163018e-06,1.7707285270079463e-06
24h_uniform_stats_equal_levels,r2p8_w128_di32,specific_cloud_ice_water_content,5.0,1.4337013087199734e-06,1.7684083840965325e-06
24h_uniform_stats_equal_levels,r2p8_w128_di32,specific_cloud_ice_water_content,7.0,1.441177791329083e-06,1.7681664085815376e-06
24h_uniform_stats_equal_levels,r2p8_w128_di32,specific_cloud_ice_water_content,10.0,1.4567959979890998e-06,1.764166193288113e-06
24h_uniform_stats_equal_levels,r2p8_w128_di32,specific_cloud_ice_water_content,20.0,1.0272399199940024e-06,1.3287634937970333e-06
24h_uniform_stats_equal_levels,r2p8_w128_di32,specific_cloud_ice_water_content,30.0,7.382452666184491e-07,1.0653824400268387e-06
24h_uniform_stats_equal_levels,r2p8_w128_di32,specific_cloud_ice_water_content,50.0,4.3255679114380476e-07,8.314517787848917e-07
24h_uniform_stats_equal_levels,r2p8_w128_di32,specific_cloud_ice_water_content,70.0,3.581214440256433e-07,7.106722514577223e-07
24h_uniform_stats_equal_levels,r2p8_w128_di32,specific_cloud_ice_water_content,100.0,1.013995812657012e-06,1.4108770628145447e-06
24h_uniform_stats_equal_levels,r2p8_w128_di32,specific_cloud_ice_water_content,125.0,5.315810200455227e-06,6.014970645928429e-06
24h_uniform_stats_equal_levels,r2p8_w128_di32,specific_cloud_ice_water_content,150.0,1.4615357399802007e-05,1.641965041860244e-05
24h_uniform_stats_equal_levels,r2p8_w128_di32,specific_cloud_ice_water_content,175.0,2.477990254202153e-05,3.0172331216733197e-05
24h_uniform_stats_equal_levels,r2p8_w128_di32,specific_cloud_ice_water_content,200.0,3.542288605362528e-05,4.9099593602642645e-05
24h_uniform_stats_equal_levels,r2p8_w128_di32,specific_cloud_ice_water_content,225.0,4.606029539158286e-05,7.513009314779028e-05
24h_uniform_stats_equal_levels,r2p8_w128_di32,specific_cloud_ice_water_content,250.0,5.0980678706333285e-05,0.00010810975945596278
24h_uniform_stats_equal_levels,r2p8_w128_di32,specific_cloud_ice_water_content,300.0,4.866693162925239e-05,0.00010475058297554438
24h_uniform_stats_equal_levels,r2p8_w128_di32,specific_cloud_ice_water_content,350.0,4.33687744171541e-05,7.310297690079071e-05
24h_uniform_stats_equal_levels,r2p8_w128_di32,specific_cloud_ice_water_content,400.0,3.274830912057684e-05,4.483847170686169e-05
24h_uniform_stats_equal_levels,r2p8_w128_di32,specific_cloud_ice_water_content,450.0,2.3897606673939917e-05,3.081917785476257e-05
24h_uniform_stats_equal_levels,r2p8_w128_di32,specific_cloud_ice_water_content,500.0,1.7010743016794655e-05,2.1236270125413463e-05
24h_uniform_stats_equal_levels,r2p8_w128_di32,specific_cloud_ice_water_content,550.0,1.133055531670316e-05,1.4108521163091025e-05
24h_uniform_stats_equal_levels,r2p8_w128_di32,specific_cloud_ice_water_content,600.0,7.904263223543037e-06,9.733203951888589e-06
24h_uniform_stats_equal_levels,r2p8_w128_di32,specific_cloud_ice_water_content,650.0,5.838629685282317e-06,7.16471896828219e-06
24h_uniform_stats_equal_levels,r2p8_w128_di32,specific_cloud_ice_water_content,700.0,4.35791950222055e-06,5.143961457488662e-06
24h_uniform_stats_equal_levels,r2p8_w128_di32,specific_cloud_ice_water_content,750.0,3.423705246166045e-06,4.045544210913085e-06
24h_uniform_stats_equal_levels,r2p8_w128_di32,specific_cloud_ice_water_content,775.0,3.371061582829056e-06,3.862047569259097e-06
24h_uniform_stats_equal_levels,r2p8_w128_di32,specific_cloud_ice_water_content,800.0,3.366454517782684e-06,4.012221047824333e-06
24h_uniform_stats_equal_levels,r2p8_w128_di32,specific_cloud_ice_water_content,825.0,3.253991745215448e-06,3.7580650264177105e-06
24h_uniform_stats_equal_levels,r2p8_w128_di32,specific_cloud_ice_water_content,850.0,2.8333237756604015e-06,3.1374538534344324e-06
24h_uniform_stats_equal_levels,r2p8_w128_di32,specific_cloud_ice_water_content,875.0,2.290589792382578e-06,2.5496003276804852e-06
24h_uniform_stats_equal_levels,r2p8_w128_di32,specific_cloud_ice_water_content,900.0,1.8674033854234098e-06,2.2073007854791265e-06
24h_uniform_stats_equal_levels,r2p8_w128_di32,specific_cloud_ice_water_content,925.0,1.500214217578192e-06,1.9159352529286663e-06
24h_uniform_stats_equal_levels,r2p8_w128_di32,specific_cloud_ice_water_content,950.0,1.0929603453855306e-06,1.3799551314971049e-06
24h_uniform_stats_equal_levels,r2p8_w128_di32,specific_cloud_ice_water_content,975.0,7.528221746060436e-07,8.996553369719463e-07
24h_uniform_stats_equal_levels,r2p8_w128_di32,specific_cloud_ice_water_content,1000.0,6.26496136004755e-07,7.880693458221312e-07
24h_uniform_stats_equal_levels,r2p8_w128_di32,specific_cloud_liquid_water_content,1.0,9.898778680221196e-07,1.6730480485294684e-06
24h_uniform_stats_equal_levels,r2p8_w128_di32,specific_cloud_liquid_water_content,2.0,9.924671678211498e-07,1.6731143987640462e-06
24h_uniform_stats_equal_levels,r2p8_w128_di32,specific_cloud_liquid_water_content,3.0,9.80393785457322e-07,1.6706572377719407e-06
24h_uniform_stats_equal_levels,r2p8_w128_di32,specific_cloud_liquid_water_content,5.0,9.897156014259847e-07,1.676130674393805e-06
24h_uniform_stats_equal_levels,r2p8_w128_di32,specific_cloud_liquid_water_content,7.0,1.0024779292523453e-06,1.6770927040931993e-06
24h_uniform_stats_equal_levels,r2p8_w128_di32,specific_cloud_liquid_water_content,10.0,9.818987539136679e-07,1.6644604149546397e-06
24h_uniform_stats_equal_levels,r2p8_w128_di32,specific_cloud_liquid_water_content,20.0,7.598862190597982e-07,1.293048275690021e-06
24h_uniform_stats_equal_levels,r2p8_w128_di32,specific_cloud_liquid_water_content,30.0,5.555508194255895e-07,1.0107097958996595e-06
24h_uniform_stats_equal_levels,r2p8_w128_di32,specific_cloud_liquid_water_content,50.0,5.212424935914454e-07,1.5569850048595884e-06
24h_uniform_stats_equal_levels,r2p8_w128_di32,specific_cloud_liquid_water_content,70.0,3.425442834973468e-07,1.7420452714365472e-06
24h_uniform_stats_equal_levels,r2p8_w128_di32,specific_cloud_liquid_water_content,100.0,3.2789898734700573e-07,1.1158019743499556e-06
24h_uniform_stats_equal_levels,r2p8_w128_di32,specific_cloud_liquid_water_content,125.0,2.816705112316593e-07,1.0222145628406944e-06
24h_uniform_stats_equal_levels,r2p8_w128_di32,specific_cloud_liquid_water_content,150.0,3.2306607535930386e-07,8.482988421444519e-07
24h_uniform_stats_equal_levels,r2p8_w128_di32,specific_cloud_liquid_water_content,175.0,3.965732489615804e-07,6.578051408170325e-07
24h_uniform_stats_equal_levels,r2p8_w128_di32,specific_cloud_liquid_water_content,200.0,4.724270483994201e-07,8.041361890637675e-07
24h_uniform_stats_equal_levels,r2p8_w128_di32,specific_cloud_liquid_water_content,225.0,4.09064003223686e-07,5.488358437457194e-07
24h_uniform_stats_equal_levels,r2p8_w128_di32,specific_cloud_liquid_water_content,250.0,4.500376723363777e-07,6.878962962643361e-07
24h_uniform_stats_equal_levels,r2p8_w128_di32,specific_cloud_liquid_water_content,300.0,7.285200987004308e-07,9.679138794229226e-07
24h_uniform_stats_equal_levels,r2p8_w128_di32,specific_cloud_liquid_water_content,350.0,1.1316024187143503e-06,1.5094855728017816e-06
24h_uniform_stats_equal_levels,r2p8_w128_di32,specific_cloud_liquid_water_content,400.0,2.207494041662649e-06,2.8871787137542916e-06
24h_uniform_stats_equal_levels,r2p8_w128_di32,specific_cloud_liquid_water_content,450.0,5.014716909924686e-06,5.895402579957233e-06
24h_uniform_stats_equal_levels,r2p8_w128_di32,specific_cloud_liquid_water_content,500.0,1.1014867598059849e-05,1.2340607031732576e-05
24h_uniform_stats_equal_levels,r2p8_w128_di32,specific_cloud_liquid_water_content,550.0,1.8579381458705802e-05,1.9600062110721485e-05
24h_uniform_stats_equal_levels,r2p8_w128_di32,specific_cloud_liquid_water_content,600.0,1.4923774791493346e-05,1.63050762947573e-05
24h_uniform_stats_equal_levels,r2p8_w128_di32,specific_cloud_liquid_water_content,650.0,1.5073970787084202e-05,1.6460931640177593e-05
24h_uniform_stats_equal_levels,r2p8_w128_di32,specific_cloud_liquid_water_content,700.0,1.8485394313276753e-05,2.0061390028109612e-05
24h_uniform_stats_equal_levels,r2p8_w128_di32,specific_cloud_liquid_water_content,750.0,2.3694179760763594e-05,2.5627879266764612e-05
24h_uniform_stats_equal_levels,r2p8_w128_di32,specific_cloud_liquid_water_content,775.0,2.667854827673017e-05,2.9104718903771475e-05
24h_uniform_stats_equal_levels,r2p8_w128_di32,specific_cloud_liquid_water_content,800.0,3.080529124392021e-05,3.9530180505836795e-05
24h_uniform_stats_equal_levels,r2p8_w128_di32,specific_cloud_liquid_water_content,825.0,4.036527240768085e-05,5.852481257033164e-05
24h_uniform_stats_equal_levels,r2p8_w128_di32,specific_cloud_liquid_water_content,850.0,4.788333954735482e-05,9.69547720298401e-05
24h_uniform_stats_equal_levels,r2p8_w128_di32,specific_cloud_liquid_water_content,875.0,4.9085655570385156e-05,0.00014615286505193466
24h_uniform_stats_equal_levels,r2p8_w128_di32,specific_cloud_liquid_water_content,900.0,4.387895902454542e-05,0.00011732827745755984
24h_uniform_stats_equal_levels,r2p8_w128_di32,specific_cloud_liquid_water_content,925.0,3.532060423350417e-05,6.176822689145637e-05
24h_uniform_stats_equal_levels,r2p8_w128_di32,specific_cloud_liquid_water_content,950.0,2.44276726549751e-05,6.040717670292139e-05
24h_uniform_stats_equal_levels,r2p8_w128_di32,specific_cloud_liquid_water_content,975.0,1.4743622297946972e-05,4.8246812026962e-05
24h_uniform_stats_equal_levels,r2p8_w128_di32,specific_cloud_liquid_water_content,1000.0,8.659935260895545e-06,1.4816475542342204e-05
24h_uniform_stats_equal_levels,r2p8_w256_di16,temperature,1.0,0.17576820857247474,0.716154471040664
24h_uniform_stats_equal_levels,r2p8_w256_di16,temperature,2.0,0.11560986532139605,1.7431039367061114
24h_uniform_stats_equal_levels,r2p8_w256_di16,temperature,3.0,0.0757077933617825,2.2025280282578032
24h_uniform_stats_equal_levels,r2p8_w256_di16,temperature,5.0,0.04290677474180751,1.6829750426547347
24h_uniform_stats_equal_levels,r2p8_w256_di16,temperature,7.0,0.02859586090184979,1.1912013846435172
24h_uniform_stats_equal_levels,r2p8_w256_di16,temperature,10.0,0.016203393522577,0.8151396044965177
24h_uniform_stats_equal_levels,r2p8_w256_di16,temperature,20.0,0.012227063084894896,0.10875337095408216
24h_uniform_stats_equal_levels,r2p8_w256_di16,temperature,30.0,0.00904986891073426,0.01201325651033245
24h_uniform_stats_equal_levels,r2p8_w256_di16,temperature,50.0,0.0008903596188093873,0.07332275374144206
24h_uniform_stats_equal_levels,r2p8_w256_di16,temperature,70.0,0.0008666892486918687,0.008603621959775988
24h_uniform_stats_equal_levels,r2p8_w256_di16,temperature,100.0,0.0005979275062260049,0.0037972602378607426
24h_uniform_stats_equal_levels,r2p8_w256_di16,temperature,125.0,0.00039597181724489346,0.0036784036784521636
24h_uniform_stats_equal_levels,r2p8_w256_di16,temperature,150.0,0.00031823535785464435,0.0014058846563869722
24h_uniform_stats_equal_levels,r2p8_w256_di16,temperature,175.0,0.00029112924299866866,0.0007384150051428868
24h_uniform_stats_equal_levels,r2p8_w256_di16,temperature,200.0,0.00030361271160937427,0.0004503856108548951
24h_uniform_stats_equal_levels,r2p8_w256_di16,temperature,225.0,0.00031600240948623346,0.0004810999631147889
24h_uniform_stats_equal_levels,r2p8_w256_di16,temperature,250.0,0.0003092551425442505,0.0004411157195725744
24h_uniform_stats_equal_levels,r2p8_w256_di16,temperature,300.0,0.00028554705456197173,0.00041839611542558236
24h_uniform_stats_equal_levels,r2p8_w256_di16,temperature,350.0,0.00026511361942002583,0.00038672785114926794
24h_uniform_stats_equal_levels,r2p8_w256_di16,temperature,400.0,0.0002598058639211866,0.0003284250266314396
24h_uniform_stats_equal_levels,r2p8_w256_di16,temperature,450.0,0.00026005421240176335,0.00031572704315116967
24h_uniform_stats_equal_levels,r2p8_w256_di16,temperature,500.0,0.00025964089552518304,0.00031296517441502876
24h_uniform_stats_equal_levels,r2p8_w256_di16,temperature,550.0,0.0002715292298857395,0.0003356871059209583
24h_uniform_stats_equal_levels,r2p8_w256_di16,temperature,600.0,0.0002873653669577443,0.000358292215941253
24h_uniform_stats_equal_levels,r2p8_w256_di16,temperature,650.0,0.0003095071124527848,0.0003988394652646135
24h_uniform_stats_equal_levels,r2p8_w256_di16,temperature,700.0,0.0003350635218891366,0.00041853560079119754
24h_uniform_stats_equal_levels,r2p8_w256_di16,temperature,750.0,0.0003820420468445628,0.00047954816793150783
24h_uniform_stats_equal_levels,r2p8_w256_di16,temperature,775.0,0.00040697847990080915,0.0004777053391522479
24h_uniform_stats_equal_levels,r2p8_w256_di16,temperature,800.0,0.00044508275919529313,0.0005794285029636332
24h_uniform_stats_equal_levels,r2p8_w256_di16,temperature,825.0,0.0005061577132475863,0.000654851599132128
24h_uniform_stats_equal_levels,r2p8_w256_di16,temperature,850.0,0.0005454974006387411,0.0008102869470502958
24h_uniform_stats_equal_levels,r2p8_w256_di16,temperature,875.0,0.0005572266885797801,0.0009020895157536533
24h_uniform_stats_equal_levels,r2p8_w256_di16,temperature,900.0,0.0005567104660765471,0.0007721714526146496
24h_uniform_stats_equal_levels,r2p8_w256_di16,temperature,925.0,0.0005640533326686531,0.0007599012707772449
24h_uniform_stats_equal_levels,r2p8_w256_di16,temperature,950.0,0.0005922640172708615,0.0008003633111631358
24h_uniform_stats_equal_levels,r2p8_w256_di16,temperature,975.0,0.0006547298877510625,0.0008640103878663429
24h_uniform_stats_equal_levels,r2p8_w256_di16,temperature,1000.0,0.0006830725306965739,0.0009623398918366434
24h_uniform_stats_equal_levels,r2p8_w256_di16,geopotential,1.0,137.14090935610005,4.281932196719194
24h_uniform_stats_equal_levels,r2p8_w256_di16,geopotential,2.0,63.95876874585919,0.814563018478665
24h_uniform_stats_equal_levels,r2p8_w256_di16,geopotential,3.0,36.3718623530002,0.44844890262754344
24h_uniform_stats_equal_levels,r2p8_w256_di16,geopotential,5.0,13.683393335278272,0.2182980782287277
24h_uniform_stats_equal_levels,r2p8_w256_di16,geopotential,7.0,5.448238271149421,0.09559265998780672
24h_uniform_stats_equal_levels,r2p8_w256_di16,geopotential,10.0,1.1454857760993569,0.04092006827057466
24h_uniform_stats_equal_levels,r2p8_w256_di16,geopotential,20.0,0.2836868019720359,0.11561625953733357
24h_uniform_stats_equal_levels,r2p8_w256_di16,geopotential,30.0,0.47617191855590124,0.06325335536522034
24h_uniform_stats_equal_levels,r2p8_w256_di16,geopotential,50.0,0.0005376852769126805,0.009260360662437817
24h_uniform_stats_equal_levels,r2p8_w256_di16,geopotential,70.0,0.0004638723021908409,0.008005526339997895
24h_uniform_stats_equal_levels,r2p8_w256_di16,geopotential,100.0,0.00029535467545166395,0.0006151940557723658
24h_uniform_stats_equal_levels,r2p8_w256_di16,geopotential,125.0,0.00024278126006361763,0.00033939775747586823
24h_uniform_stats_equal_levels,r2p8_w256_di16,geopotential,150.0,0.00021955745332027877,0.00027240717190560223
24h_uniform_stats_equal_levels,r2p8_w256_di16,geopotential,175.0,0.00021252394693106592,0.00031518102230453066
24h_uniform_stats_equal_levels,r2p8_w256_di16,geopotential,200.0,0.00021112295977281453,0.00040942954466381795
24h_uniform_stats_equal_levels,r2p8_w256_di16,geopotential,225.0,0.00020242481634249576,0.00037060753292602044
24h_uniform_stats_equal_levels,r2p8_w256_di16,geopotential,250.0,0.00020132754108854634,0.00028378425708127205
24h_uniform_stats_equal_levels,r2p8_w256_di16,geopotential,300.0,0.00020117236276862428,0.00027354981054377386
24h_uniform_stats_equal_levels,r2p8_w256_di16,geopotential,350.0,0.0001914342418286312,0.000314639383724174
24h_uniform_stats_equal_levels,r2p8_w256_di16,geopotential,400.0,0.00017666595720825537,0.00023672079490609402
24h_uniform_stats_equal_levels,r2p8_w256_di16,geopotential,450.0,0.00016211203637491887,0.00023456464128482902
24h_uniform_stats_equal_levels,r2p8_w256_di16,geopotential,500.0,0.00014929493634831454,0.0002025403516047517
24h_uniform_stats_equal_levels,r2p8_w256_di16,geopotential,550.0,0.0001390730643261756,0.0001865962819819825
24h_uniform_stats_equal_levels,r2p8_w256_di16,geopotential,600.0,0.0001326385403652973,0.00017526948869005043
24h_uniform_stats_equal_levels,r2p8_w256_di16,geopotential,650.0,0.0001282616557682721,0.0001726815274123445
24h_uniform_stats_equal_levels,r2p8_w256_di16,geopotential,700.0,0.000127278712117786,0.00017801401197772498
24h_uniform_stats_equal_levels,r2p8_w256_di16,geopotential,750.0,0.00012724633100568388,0.00017630379290257172
24h_uniform_stats_equal_levels,r2p8_w256_di16,geopotential,775.0,0.00012889882810169557,0.0001800323670294436
24h_uniform_stats_equal_levels,r2p8_w256_di16,geopotential,800.0,0.000130415956856039,0.000181101416084201
24h_uniform_stats_equal_levels,r2p8_w256_di16,geopotential,825.0,0.00013293767109546115,0.00018389516477863803
24h_uniform_stats_equal_levels,r2p8_w256_di16,geopotential,850.0,0.00013599970997084195,0.00019443174471974072
24h_uniform_stats_equal_levels,r2p8_w256_di16,geopotential,875.0,0.00013960942543064764,0.00020338369061536078
24h_uniform_stats_equal_levels,r2p8_w256_di16,geopotential,900.0,0.00014565276306096494,0.00021163431331969174
24h_uniform_stats_equal_levels,r2p8_w256_di16,geopotential,925.0,0.00015283397514018893,0.00022400044979695069
24h_uniform_stats_equal_levels,r2p8_w256_di16,geopotential,950.0,0.00016089911870649317,0.0002453891789290454
24h_uniform_stats_equal_levels,r2p8_w256_di16,geopotential,975.0,0.00017341375165104073,0.00027898298795659755
24h_uniform_stats_equal_levels,r2p8_w256_di16,geopotential,1000.0,0.00019112394245497492,0.00036084049291113516
24h_uniform_stats_equal_levels,r2p8_w256_di16,u_component_of_wind,1.0,0.3041388822044729,0.6250541747846545
24h_uniform_stats_equal_levels,r2p8_w256_di16,u_component_of_wind,2.0,0.19153545240003905,0.27072234292324787
24h_uniform_stats_equal_levels,r2p8_w256_di16,u_component_of_wind,3.0,0.12018512038259649,0.17254424989812042
24h_uniform_stats_equal_levels,r2p8_w256_di16,u_component_of_wind,5.0,0.058720601337664935,0.07793674158885247
24h_uniform_stats_equal_levels,r2p8_w256_di16,u_component_of_wind,7.0,0.03989733358087333,0.051623365183116755
24h_uniform_stats_equal_levels,r2p8_w256_di16,u_component_of_wind,10.0,0.028658431025206172,0.04399266644037175
24h_uniform_stats_equal_levels,r2p8_w256_di16,u_component_of_wind,20.0,0.011265974569405417,0.02016177715489452
24h_uniform_stats_equal_levels,r2p8_w256_di16,u_component_of_wind,30.0,0.011019310946882285,0.014663480672091873
24h_uniform_stats_equal_levels,r2p8_w256_di16,u_component_of_wind,50.0,0.0004760542203197758,0.003474330301567133
24h_uniform_stats_equal_levels,r2p8_w256_di16,u_component_of_wind,70.0,0.00047213385607254517,0.0009368261982732632
24h_uniform_stats_equal_levels,r2p8_w256_di16,u_component_of_wind,100.0,0.0005489358974326684,0.0011706961530634301
24h_uniform_stats_equal_levels,r2p8_w256_di16,u_component_of_wind,125.0,0.000596905321866342,0.0009522382170396737
24h_uniform_stats_equal_levels,r2p8_w256_di16,u_component_of_wind,150.0,0.0006295139129843726,0.0009916003530605175
24h_uniform_stats_equal_levels,r2p8_w256_di16,u_component_of_wind,175.0,0.0006404190612355867,0.0009531400159347139
24h_uniform_stats_equal_levels,r2p8_w256_di16,u_component_of_wind,200.0,0.0006715772839233919,0.001122777703221801
24h_uniform_stats_equal_levels,r2p8_w256_di16,u_component_of_wind,225.0,0.000736268165528548,0.0010966567324297277
24h_uniform_stats_equal_levels,r2p8_w256_di16,u_component_of_wind,250.0,0.0007911265160054667,0.0011439875559101382
24h_uniform_stats_equal_levels,r2p8_w256_di16,u_component_of_wind,300.0,0.0008298909458426285,0.0014430432779682202
24h_uniform_stats_equal_levels,r2p8_w256_di16,u_component_of_wind,350.0,0.0007603680327001842,0.0015195500171249624
24h_uniform_stats_equal_levels,r2p8_w256_di16,u_component_of_wind,400.0,0.0006694338184607049,0.0009588961002776899
24h_uniform_stats_equal_levels,r2p8_w256_di16,u_component_of_wind,450.0,0.0005904104171513668,0.0008064600744049938
24h_uniform_stats_equal_levels,r2p8_w256_di16,u_component_of_wind,500.0,0.0005259203294053154,0.0006511352399851034
24h_uniform_stats_equal_levels,r2p8_w256_di16,u_component_of_wind,550.0,0.0004891212152270308,0.0005692751326208976
24h_uniform_stats_equal_levels,r2p8_w256_di16,u_component_of_wind,600.0,0.00045694119248898687,0.0005239404455371265
24h_uniform_stats_equal_levels,r2p8_w256_di16,u_component_of_wind,650.0,0.0004394082720389331,0.0005959067502611338
24h_uniform_stats_equal_levels,r2p8_w256_di16,u_component_of_wind,700.0,0.00042202389070997246,0.0005526497899908369
24h_uniform_stats_equal_levels,r2p8_w256_di16,u_component_of_wind,750.0,0.0004065419543795139,0.0004610433065283238
24h_uniform_stats_equal_levels,r2p8_w256_di16,u_component_of_wind,775.0,0.00039736544649480294,0.00047016018821953497
24h_uniform_stats_equal_levels,r2p8_w256_di16,u_component_of_wind,800.0,0.0003903571851514966,0.00045291895509433827
24h_uniform_stats_equal_levels,r2p8_w256_di16,u_component_of_wind,825.0,0.0003828222962471693,0.00045161116786730777
24h_uniform_stats_equal_levels,r2p8_w256_di16,u_component_of_wind,850.0,0.00037051394782607993,0.00043555983124521195
24h_uniform_stats_equal_levels,r2p8_w256_di16,u_component_of_wind,875.0,0.0003558899420046898,0.0004282182355924564
24h_uniform_stats_equal_levels,r2p8_w256_di16,u_component_of_wind,900.0,0.0003438855733773988,0.00042151098985358836
24h_uniform_stats_equal_levels,r2p8_w256_di16,u_component_of_wind,925.0,0.0003369025449553913,0.00041779800261781844
24h_uniform_stats_equal_levels,r2p8_w256_di16,u_component_of_wind,950.0,0.0003215784083991561,0.0004181309066617292
24h_uniform_stats_equal_levels,r2p8_w256_di16,u_component_of_wind,975.0,0.00028597502365185174,0.0003922611057991403
24h_uniform_stats_equal_levels,r2p8_w256_di16,u_component_of_wind,1000.0,0.0002382948256140743,0.0003637206586995218
24h_uniform_stats_equal_levels,r2p8_w256_di16,v_component_of_wind,1.0,0.036582881063605736,0.04233188967231837
24h_uniform_stats_equal_levels,r2p8_w256_di16,v_component_of_wind,2.0,0.022361841876648986,0.027906451474768685
24h_uniform_stats_equal_levels,r2p8_w256_di16,v_component_of_wind,3.0,0.015990296460711192,0.0218285206163572
24h_uniform_stats_equal_levels,r2p8_w256_di16,v_component_of_wind,5.0,0.01005222056216098,0.013517969834705656
24h_uniform_stats_equal_levels,r2p8_w256_di16,v_component_of_wind,7.0,0.007602016011514286,0.009992930777484555
24h_uniform_stats_equal_levels,r2p8_w256_di16,v_component_of_wind,10.0,0.005261232423353933,0.006868807258789797
24h_uniform_stats_equal_levels,r2p8_w256_di16,v_component_of_wind,20.0,0.003027551999505612,0.003732307030983659
24h_uniform_stats_equal_levels,r2p8_w256_di16,v_component_of_wind,30.0,0.002518766922974234,0.003432610945159869
24h_uniform_stats_equal_levels,r2p8_w256_di16,v_component_of_wind,50.0,0.00035581111313451205,0.0016260634935545985
24h_uniform_stats_equal_levels,r2p8_w256_di16,v_component_of_wind,70.0,0.00037130084917562676,0.010965681015327865
24h_uniform_stats_equal_levels,r2p8_w256_di16,v_component_of_wind,100.0,0.00041749146314297154,0.001186209506269593
24h_uniform_stats_equal_levels,r2p8_w256_di16,v_component_of_wind,125.0,0.0004501122323328224,0.0011574230539269648
24h_uniform_stats_equal_levels,r2p8_w256_di16,v_component_of_wind,150.0,0.00045786769426639664,0.0009162554115751337
24h_uniform_stats_equal_levels,r2p8_w256_di16,v_component_of_wind,175.0,0.0004563492461019495,0.0007044504926851
24h_uniform_stats_equal_levels,r2p8_w256_di16,v_component_of_wind,200.0,0.0004768903137001561,0.000641930490399888
24h_uniform_stats_equal_levels,r2p8_w256_di16,v_component_of_wind,225.0,0.0005393228690199369,0.0008097422480085432
24h_uniform_stats_equal_levels,r2p8_w256_di16,v_component_of_wind,250.0,0.0006003933460307673,0.0010578475031330036
24h_uniform_stats_equal_levels,r2p8_w256_di16,v_component_of_wind,300.0,0.0006760035768992888,0.0012468667775336227
24h_uniform_stats_equal_levels,r2p8_w256_di16,v_component_of_wind,350.0,0.000639333663078005,0.0010565315280276731
24h_uniform_stats_equal_levels,r2p8_w256_di16,v_component_of_wind,400.0,0.0005661933377850466,0.0007725898920457842
24h_uniform_stats_equal_levels,r2p8_w256_di16,v_component_of_wind,450.0,0.0004950417101562485,0.0006809334325891264
24h_uniform_stats_equal_levels,r2p8_w256_di16,v_component_of_wind,500.0,0.00043687345031102653,0.000567649443244872
24h_uniform_stats_equal_levels,r2p8_w256_di16,v_component_of_wind,550.0,0.00040224247200560553,0.0004911786047994483
24h_uniform_stats_equal_levels,r2p8_w256_di16,v_component_of_wind,600.0,0.0003730331419244843,0.00045963496515440236
24h_uniform_stats_equal_levels,r2p8_w256_di16,v_component_of_wind,650.0,0.0003559354454498269,0.0005031332395019376
24h_uniform_stats_equal_levels,r2p8_w256_di16,v_component_of_wind,700.0,0.0003418352391404664,0.00042469761515237395
24h_uniform_stats_equal_levels,r2p8_w256_di16,v_component_of_wind,750.0,0.0003299910771179576,0.0004147046055654322
24h_uniform_stats_equal_levels,r2p8_w256_di16,v_component_of_wind,775.0,0.0003238513964785071,0.0004439308690746816
24h_uniform_stats_equal_levels,r2p8_w256_di16,v_component_of_wind,800.0,0.0003187822675523774,0.0005019495044801857
24h_uniform_stats_equal_levels,r2p8_w256_di16,v_component_of_wind,825.0,0.00031370919841270436,0.00043422940059735553
24h_uniform_stats_equal_levels,r2p8_w256_di16,v_component_of_wind,850.0,0.0003061387925665511,0.0004286346583400678
24h_uniform_stats_equal_levels,r2p8_w256_di16,v_component_of_wind,875.0,0.00029729120290429697,0.00041471177765211014
24h_uniform_stats_equal_levels,r2p8_w256_di16,v_component_of_wind,900.0,0.00029129041740740436,0.0003905582842793219
24h_uniform_stats_equal_levels,r2p8_w256_di16,v_component_of_wind,925.0,0.00028460484266563604,0.00037313605011147556
24h_uniform_stats_equal_levels,r2p8_w256_di16,v_component_of_wind,950.0,0.00027166613544836807,0.000362732842710013
24h_uniform_stats_equal_levels,r2p8_w256_di16,v_component_of_wind,975.0,0.0002391202972589219,0.00035008401560068564
24h_uniform_stats_equal_levels,r2p8_w256_di16,v_component_of_wind,1000.0,0.00019501929983922815,0.00028069501451033984
24h_uniform_stats_equal_levels,r2p8_w256_di16,specific_humidity,1.0,0.9432224359337811,0.1344736002224224
24h_uniform_stats_equal_levels,r2p8_w256_di16,specific_humidity,2.0,1.4021083334987832,0.12399459496120242
24h_uniform_stats_equal_levels,r2p8_w256_di16,specific_humidity,3.0,0.927586054401565,0.08146988822686066
24h_uniform_stats_equal_levels,r2p8_w256_di16,specific_humidity,5.0,0.3972492628262629,0.14684882428524765
24h_uniform_stats_equal_levels,r2p8_w256_di16,specific_humidity,7.0,0.21029892410091527,0.2104702538765232
24h_uniform_stats_equal_levels,r2p8_w256_di16,specific_humidity,10.0,0.10703814957613914,0.30002436206944666
24h_uniform_stats_equal_levels,r2p8_w256_di16,specific_humidity,20.0,0.021463544872755216,0.21079886754604688
24h_uniform_stats_equal_levels,r2p8_w256_di16,specific_humidity,30.0,0.011261834546811365,0.03235422780246606
24h_uniform_stats_equal_levels,r2p8_w256_di16,specific_humidity,50.0,0.0001300547758216719,0.09485232946813703
24h_uniform_stats_equal_levels,r2p8_w256_di16,specific_humidity,70.0,0.0003343620987818569,0.008720864769786693
24h_uniform_stats_equal_levels,r2p8_w256_di16,specific_humidity,100.0,0.0009174690045386212,0.002289964548361045
24h_uniform_stats_equal_levels,r2p8_w256_di16,specific_humidity,125.0,0.001113279930332232,0.003198274391087795
24h_uniform_stats_equal_levels,r2p8_w256_di16,specific_humidity,150.0,0.0010947772362564553,0.003382023065746561
24h_uniform_stats_equal_levels,r2p8_w256_di16,specific_humidity,175.0,0.0010190405027734127,0.00252985944717927
24h_uniform_stats_equal_levels,r2p8_w256_di16,specific_humidity,200.0,0.0010012162354599197,0.0019933270905379344
24h_uniform_stats_equal_levels,r2p8_w256_di16,specific_humidity,225.0,0.0009976073401880556,0.001640144412904744
24h_uniform_stats_equal_levels,r2p8_w256_di16,specific_humidity,250.0,0.0009753121378501836,0.001733056506596993
24h_uniform_stats_equal_levels,r2p8_w256_di16,specific_humidity,300.0,0.0009169768007066207,0.0022689127376569504
24h_uniform_stats_equal_levels,r2p8_w256_di16,specific_humidity,350.0,0.0008888750809751798,0.0017418112268175379
24h_uniform_stats_equal_levels,r2p8_w256_di16,specific_humidity,400.0,0.0008390234561328035,0.0016752798104199386
24h_uniform_stats_equal_levels,r2p8_w256_di16,specific_humidity,450.0,0.000816352234432608,0.0012253931574642705
24h_uniform_stats_equal_levels,r2p8_w256_di16,specific_humidity,500.0,0.0007779133271628598,0.0010250702779754574
24h_uniform_stats_equal_levels,r2p8_w256_di16,specific_humidity,550.0,0.000779097797273625,0.0009538927163220004
24h_uniform_stats_equal_levels,r2p8_w256_di16,specific_humidity,600.0,0.0007708114710785562,0.0010634227282676973
24h_uniform_stats_equal_levels,r2p8_w256_di16,specific_humidity,650.0,0.0007966643329588258,0.0011062435853255624
24h_uniform_stats_equal_levels,r2p8_w256_di16,specific_humidity,700.0,0.0007767984120102398,0.0011843058255501672
24h_uniform_stats_equal_levels,r2p8_w256_di16,specific_humidity,750.0,0.0007670179194252198,0.0010754611740903949
24h_uniform_stats_equal_levels,r2p8_w256_di16,specific_humidity,775.0,0.0007544118355017278,0.000994089286602823
24h_uniform_stats_equal_levels,r2p8_w256_di16,specific_humidity,800.0,0.0007607562026323678,0.0010015426370213523
24h_uniform_stats_equal_levels,r2p8_w256_di16,specific_humidity,825.0,0.0007909741571505489,0.0010409144645133817
24h_uniform_stats_equal_levels,r2p8_w256_di16,specific_humidity,850.0,0.0008369832707018819,0.0011083989906571553
24h_uniform_stats_equal_levels,r2p8_w256_di16,specific_humidity,875.0,0.0008904512864013469,0.0011755539203286054
24h_uniform_stats_equal_levels,r2p8_w256_di16,specific_humidity,900.0,0.0009662574736482004,0.0012340033289738063
24h_uniform_stats_equal_levels,r2p8_w256_di16,specific_humidity,925.0,0.0009657506117392487,0.0011909178893250362
24h_uniform_stats_equal_levels,r2p8_w256_di16,specific_humidity,950.0,0.0008587049861518393,0.0010876677197186513
24h_uniform_stats_equal_levels,r2p8_w256_di16,specific_humidity,975.0,0.0008257497456472676,0.000997047493268877
24h_uniform_stats_equal_levels,r2p8_w256_di16,specific_humidity,1000.0,0.0008164429973481637,0.0010494103043511714
24h_uniform_stats_equal_levels,r2p8_w256_di16,specific_cloud_ice_water_content,1.0,1.4771730698726231e-06,1.784597667178552e-06
24h_uniform_stats_equal_levels,r2p8_w256_di16,specific_cloud_ice_water_content,2.0,1.4470269198714925e-06,1.771063372747871e-06
24h_uniform_stats_equal_levels,r2p8_w256_di16,specific_cloud_ice_water_content,3.0,1.4462474753163018e-06,1.7762708594006406e-06
24h_uniform_stats_equal_levels,r2p8_w256_di16,specific_cloud_ice_water_content,5.0,1.4337013087199734e-06,1.7755594670852372e-06
24h_uniform_stats_equal_levels,r2p8_w256_di16,specific_cloud_ice_water_content,7.0,1.441177791329083e-06,1.7769040969003214e-06
24h_uniform_stats_equal_levels,r2p8_w256_di16,specific_cloud_ice_water_content,10.0,1.4567959979890998e-06,1.7725894119671469e-06
24h_uniform_stats_equal_levels,r2p8_w256_di16,specific_cloud_ice_water_content,20.0,1.0272399199940024e-06,1.3132939869577365e-06
24h_uniform_stats_equal_levels,r2p8_w256_di16,specific_cloud_ice_water_content,30.0,7.382452666184491e-07,9.989559161754208e-07
24h_uniform_stats_equal_levels,r2p8_w256_di16,specific_cloud_ice_water_content,50.0,4.3255679114380476e-07,7.898779503878339e-07
24h_uniform_stats_equal_levels,r2p8_w256_di16,specific_cloud_ice_water_content,70.0,3.581214440256433e-07,6.403936460804893e-07
24h_uniform_stats_equal_levels,r2p8_w256_di16,specific_cloud_ice_water_content,100.0,1.013995812657012e-06,1.4832874614802126e-06
24h_uniform_stats_equal_levels,r2p8_w256_di16,specific_cloud_ice_water_content,125.0,5.315810200455227e-06,6.118683225372257e-06
24h_uniform_stats_equal_levels,r2p8_w256_di16,specific_cloud_ice_water_content,150.0,1.4615357399802007e-05,1.6226627235629664e-05
24h_uniform_stats_equal_levels,r2p8_w256_di16,specific_cloud_ice_water_content,175.0,2.477990254202153e-05,2.857484695559735e-05
24h_uniform_stats_equal_levels,r2p8_w256_di16,specific_cloud_ice_water_content,200.0,3.542288605362528e-05,4.400952914732801e-05
24h_uniform_stats_equal_levels,r2p8_w256_di16,specific_cloud_ice_water_content,225.0,4.606029539158286e-05,6.476843688460595e-05
24h_uniform_stats_equal_levels,r2p8_w256_di16,specific_cloud_ice_water_content,250.0,5.0980678706333285e-05,8.829657473743899e-05
24h_uniform_stats_equal_levels,r2p8_w256_di16,specific_cloud_ice_water_content,300.0,4.866693162925239e-05,9.402655310793059e-05
24h_uniform_stats_equal_levels,r2p8_w256_di16,specific_cloud_ice_water_content,350.0,4.33687744171541e-05,7.18405130392962e-05
24h_uniform_stats_equal_levels,r2p8_w256_di16,specific_cloud_ice_water_content,400.0,3.274830912057684e-05,4.645692109294059e-05
24h_uniform_stats_equal_levels,r2p8_w256_di16,specific_cloud_ice_water_content,450.0,2.3897606673939917e-05,3.20355282436691e-05
24h_uniform_stats_equal_levels,r2p8_w256_di16,specific_cloud_ice_water_content,500.0,1.7010743016794655e-05,2.1766541142070517e-05
24h_uniform_stats_equal_levels,r2p8_w256_di16,specific_cloud_ice_water_content,550.0,1.133055531670316e-05,1.4367120410087325e-05
24h_uniform_stats_equal_levels,r2p8_w256_di16,specific_cloud_ice_water_content,600.0,7.904263223543037e-06,9.872378583316568e-06
24h_uniform_stats_equal_levels,r2p8_w256_di16,specific_cloud_ice_water_content,650.0,5.838629685282317e-06,7.159073452493961e-06
24h_uniform_stats_equal_levels,r2p8_w256_di16,specific_cloud_ice_water_content,700.0,4.35791950222055e-06,5.194389479657992e-06
24h_uniform_stats_equal_levels,r2p8_w256_di16,specific_cloud_ice_water_content,750.0,3.423705246166045e-06,4.122946143226452e-06
24h_uniform_stats_equal_levels,r2p8_w256_di16,specific_cloud_ice_water_content,775.0,3.371061582829056e-06,3.96642329778649e-06
24h_uniform_stats_equal_levels,r2p8_w256_di16,specific_cloud_ice_water_content,800.0,3.366454517782684e-06,4.099460887595825e-06
24h_uniform_stats_equal_levels,r2p8_w256_di16,specific_cloud_ice_water_content,825.0,3.253991745215448e-06,3.7776156588951087e-06
24h_uniform_stats_equal_levels,r2p8_w256_di16,specific_cloud_ice_water_content,850.0,2.8333237756604015e-06,3.2468956696400503e-06
24h_uniform_stats_equal_levels,r2p8_w256_di16,specific_cloud_ice_water_content,875.0,2.290589792382578e-06,2.5423333901260986e-06
24h_uniform_stats_equal_levels,r2p8_w256_di16,specific_cloud_ice_water_content,900.0,1.8674033854234098e-06,2.2338221308726325e-06
24h_uniform_stats_equal_levels,r2p8_w256_di16,specific_cloud_ice_water_content,925.0,1.500214217578192e-06,1.9243154852494123e-06
24h_uniform_stats_equal_levels,r2p8_w256_di16,specific_cloud_ice_water_content,950.0,1.0929603453855306e-06,1.4442847761999448e-06
24h_uniform_stats_equal_levels,r2p8_w256_di16,specific_cloud_ice_water_content,975.0,7.528221746060436e-07,9.047278544486481e-07
24h_uniform_stats_equal_levels,r2p8_w256_di16,specific_cloud_ice_water_content,1000.0,6.26496136004755e-07,7.683717159996802e-07
24h_uniform_stats_equal_levels,r2p8_w256_di16,specific_cloud_liquid_water_content,1.0,9.898778680221196e-07,1.5951629470273328e-06
24h_uniform_stats_equal_levels,r2p8_w256_di16,specific_cloud_liquid_water_content,2.0,9.924671678211498e-07,1.600394588292291e-06
24h_uniform_stats_equal_levels,r2p8_w256_di16,specific_cloud_liquid_water_content,3.0,9.80393785457322e-07,1.5962230907385231e-06
24h_uniform_stats_equal_levels,r2p8_w256_di16,specific_cloud_liquid_water_content,5.0,9.897156014259847e-07,1.6055861950907021e-06
24h_uniform_stats_equal_levels,r2p8_w256_di16,specific_cloud_liquid_water_content,7.0,1.0024779292523453e-06,1.6041440161143518e-06
24h_uniform_stats_equal_levels,r2p8_w256_di16,specific_cloud_liquid_water_content,10.0,9.818987539136679e-07,1.589989084194614e-06
24h_uniform_stats_equal_levels,r2p8_w256_di16,specific_cloud_liquid_water_content,20.0,7.598862190597982e-07,1.2105102091400194e-06
24h_uniform_stats_equal_levels,r2p8_w256_di16,specific_cloud_liquid_water_content,30.0,5.555508194255895e-07,9.735240051592644e-07
24h_uniform_stats_equal_levels,r2p8_w256_di16,specific_cloud_liquid_water_content,50.0,5.212424935914454e-07,1.4698868266970043e-06
24h_uniform_stats_equal_levels,r2p8_w256_di16,specific_cloud_liquid_water_content,70.0,3.425442834973468e-07,1.7166201504183143e-06
24h_uniform_stats_equal_levels,r2p8_w256_di16,specific_cloud_liquid_water_content,100.0,3.2789898734700573e-07,1.2594009995124237e-06
24h_uniform_stats_equal_levels,r2p8_w256_di16,specific_cloud_liquid_water_content,125.0,2.816705112316593e-07,7.407608589519941e-07
24h_uniform_stats_equal_levels,r2p8_w256_di16,specific_cloud_liquid_water_content,150.0,3.2306607535930386e-07,8.132432379589939e-07
24h_uniform_stats_equal_levels,r2p8_w256_di16,specific_cloud_liquid_water_content,175.0,3.965732489615804e-07,6.558913912326622e-07
24h_uniform_stats_equal_levels,r2p8_w256_di16,specific_cloud_liquid_water_content,200.0,4.724270483994201e-07,7.874580938673323e-07
24h_uniform_stats_equal_levels,r2p8_w256_di16,specific_cloud_liquid_water_content,225.0,4.09064003223686e-07,5.545663700315825e-07
24h_uniform_stats_equal_levels,r2p8_w256_di16,specific_cloud_liquid_water_content,250.0,4.500376723363777e-07,6.709960030645577e-07
24h_uniform_stats_equal_levels,r2p8_w256_di16,specific_cloud_liquid_water_content,300.0,7.285200987004308e-07,9.542032536083106e-07
24h_uniform_stats_equal_levels,r2p8_w256_di16,specific_cloud_liquid_water_content,350.0,1.1316024187143503e-06,1.4780088386379015e-06
24h_uniform_stats_equal_levels,r2p8_w256_di16,specific_cloud_liquid_water_content,400.0,2.207494041662649e-06,2.8295447327666332e-06
24h_uniform_stats_equal_levels,r2p8_w256_di16,specific_cloud_liquid_water_content,450.0,5.014716909924686e-06,5.842777744169999e-06
24h_uniform_stats_equal_levels,r2p8_w256_di16,specific_cloud_liquid_water_content,500.0,1.1014867598059849e-05,1.2458887256532083e-05
24h_uniform_stats_equal_levels,r2p8_w256_di16,specific_cloud_liquid_water_content,550.0,1.8579381458705802e-05,1.9741567356197623e-05
24h_uniform_stats_equal_levels,r2p8_w256_di16,specific_cloud_liquid_water_content,600.0,1.4923774791493346e-05,1.6353691601780034e-05
24h_uniform_stats_equal_levels,r2p8_w256_di16,specific_cloud_liquid_water_content,650.0,1.5073970787084202e-05,1.6499141677923322e-05
24h_uniform_stats_equal_levels,r2p8_w256_di16,specific_cloud_liquid_water_content,700.0,1.8485394313276753e-05,2.029168459540261e-05
24h_uniform_stats_equal_levels,r2p8_w256_di16,specific_cloud_liquid_water_content,750.0,2.3694179760763594e-05,2.5701684649822475e-05
24h_uniform_stats_equal_levels,r2p8_w256_di16,specific_cloud_liquid_water_content,775.0,2.667854827673017e-05,2.9083730126661617e-05
24h_uniform_stats_equal_levels,r2p8_w256_di16,specific_cloud_liquid_water_content,800.0,3.080529124392021e-05,3.963558711527354e-05
24h_uniform_stats_equal_levels,r2p8_w256_di16,specific_cloud_liquid_water_content,825.0,4.036527240768085e-05,5.500392349034296e-05
24h_uniform_stats_equal_levels,r2p8_w256_di16,specific_cloud_liquid_water_content,850.0,4.788333954735482e-05,9.2893562340334e-05
24h_uniform_stats_equal_levels,r2p8_w256_di16,specific_cloud_liquid_water_content,875.0,4.9085655570385156e-05,0.0001605913807492407
24h_uniform_stats_equal_levels,r2p8_w256_di16,specific_cloud_liquid_water_content,900.0,4.387895902454542e-05,0.00011736616513484036
24h_uniform_stats_equal_levels,r2p8_w256_di16,specific_cloud_liquid_water_content,925.0,3.532060423350417e-05,6.21062052529494e-05
24h_uniform_stats_equal_levels,r2p8_w256_di16,specific_cloud_liquid_water_content,950.0,2.44276726549751e-05,6.476695075921202e-05
24h_uniform_stats_equal_levels,r2p8_w256_di16,specific_cloud_liquid_water_content,975.0,1.4743622297946972e-05,3.821649905308917e-05
24h_uniform_stats_equal_levels,r2p8_w256_di16,specific_cloud_liquid_water_content,1000.0,8.659935260895545e-06,1.245893770143837e-05
24h_uniform_stats_equal_levels,r2p8_w256_di32,temperature,1.0,0.17576820857247474,0.7262433423024541
24h_uniform_stats_equal_levels,r2p8_w256_di32,temperature,2.0,0.11560986532139605,1.7625680798543073
24h_uniform_stats_equal_levels,r2p8_w256_di32,temperature,3.0,0.0757077933617825,2.2269534841185297
24h_uniform_stats_equal_levels,r2p8_w256_di32,temperature,5.0,0.04290677474180751,1.7015476079146383
24h_uniform_stats_equal_levels,r2p8_w256_di32,temperature,7.0,0.02859586090184979,1.2023573319729297
24h_uniform_stats_equal_levels,r2p8_w256_di32,temperature,10.0,0.016203393522577,0.8207477128157574
24h_uniform_stats_equal_levels,r2p8_w256_di32,temperature,20.0,0.012227063084894896,0.10860290457810613
24h_uniform_stats_equal_levels,r2p8_w256_di32,temperature,30.0,0.00904986891073426,0.012147818399043216
24h_uniform_stats_equal_levels,r2p8_w256_di32,temperature,50.0,0.0008903596188093873,0.07275730503049499
24h_uniform_stats_equal_levels,r2p8_w256_di32,temperature,70.0,0.0008666892486918687,0.009540568845694194
24h_uniform_stats_equal_levels,r2p8_w256_di32,temperature,100.0,0.0005979275062260049,0.0038756334318362793
24h_uniform_stats_equal_levels,r2p8_w256_di32,temperature,125.0,0.00039597181724489346,0.003984102318693099
24h_uniform_stats_equal_levels,r2p8_w256_di32,temperature,150.0,0.00031823535785464435,0.001521976825696045
24h_uniform_stats_equal_levels,r2p8_w256_di32,temperature,175.0,0.00029112924299866866,0.0007693843212560137
24h_uniform_stats_equal_levels,r2p8_w256_di32,temperature,200.0,0.00030361271160937427,0.0004481236384354272
24h_uniform_stats_equal_levels,r2p8_w256_di32,temperature,225.0,0.00031600240948623346,0.00048482417183909245
24h_uniform_stats_equal_levels,r2p8_w256_di32,temperature,250.0,0.0003092551425442505,0.00044675304029987806
24h_uniform_stats_equal_levels,r2p8_w256_di32,temperature,300.0,0.00028554705456197173,0.0004239686769266553
24h_uniform_stats_equal_levels,r2p8_w256_di32,temperature,350.0,0.00026511361942002583,0.0003895119596821709
24h_uniform_stats_equal_levels,r2p8_w256_di32,temperature,400.0,0.0002598058639211866,0.0003290087164755235
24h_uniform_stats_equal_levels,r2p8_w256_di32,temperature,450.0,0.00026005421240176335,0.00031663972422961895
24h_uniform_stats_equal_levels,r2p8_w256_di32,temperature,500.0,0.00025964089552518304,0.0003133495148649348
24h_uniform_stats_equal_levels,r2p8_w256_di32,temperature,550.0,0.0002715292298857395,0.0003357801862987431
24h_uniform_stats_equal_levels,r2p8_w256_di32,temperature,600.0,0.0002873653669577443,0.0003572938788497964
24h_uniform_stats_equal_levels,r2p8_w256_di32,temperature,650.0,0.0003095071124527848,0.0003956017181490904
24h_uniform_stats_equal_levels,r2p8_w256_di32,temperature,700.0,0.0003350635218891366,0.0004219525423605312
24h_uniform_stats_equal_levels,r2p8_w256_di32,temperature,750.0,0.0003820420468445628,0.00048068049377598824
24h_uniform_stats_equal_levels,r2p8_w256_di32,temperature,775.0,0.00040697847990080915,0.0004805899897588138
24h_uniform_stats_equal_levels,r2p8_w256_di32,temperature,800.0,0.00044508275919529313,0.0005819338416279324
24h_uniform_stats_equal_levels,r2p8_w256_di32,temperature,825.0,0.0005061577132475863,0.0006561304293551614
24h_uniform_stats_equal_levels,r2p8_w256_di32,temperature,850.0,0.0005454974006387411,0.0008024971056984653
24h_uniform_stats_equal_levels,r2p8_w256_di32,temperature,875.0,0.0005572266885797801,0.0008990278968429204
24h_uniform_stats_equal_levels,r2p8_w256_di32,temperature,900.0,0.0005567104660765471,0.0007760036873707094
24h_uniform_stats_equal_levels,r2p8_w256_di32,temperature,925.0,0.0005640533326686531,0.0007705623992548664
24h_uniform_stats_equal_levels,r2p8_w256_di32,temperature,950.0,0.0005922640172708615,0.0008118973479682589
24h_uniform_stats_equal_levels,r2p8_w256_di32,temperature,975.0,0.0006547298877510625,0.0008804821572447893
24h_uniform_stats_equal_levels,r2p8_w256_di32,temperature,1000.0,0.0006830725306965739,0.0009990435043679003
24h_uniform_stats_equal_levels,r2p8_w256_di32,geopotential,1.0,137.14090935610005,4.073787271763558
24h_uniform_stats_equal_levels,r2p8_w256_di32,geopotential,2.0,63.95876874585919,0.7640159804984356
24h_uniform_stats_equal_levels,r2p8_w256_di32,geopotential,3.0,36.3718623530002,0.4189876929799783
24h_uniform_stats_equal_levels,r2p8_w256_di32,geopotential,5.0,13.683393335278272,0.20451236322564573
24h_uniform_stats_equal_levels,r2p8_w256_di32,geopotential,7.0,5.448238271149421,0.09027982755122099
24h_uniform_stats_equal_levels,r2p8_w256_di32,geopotential,10.0,1.1454857760993569,0.04113231691772962
24h_uniform_stats_equal_levels,r2p8_w256_di32,geopotential,20.0,0.2836868019720359,0.1158044962236104
24h_uniform_stats_equal_levels,r2p8_w256_di32,geopotential,30.0,0.47617191855590124,0.06221629538321899
24h_uniform_stats_equal_levels,r2p8_w256_di32,geopotential,50.0,0.0005376852769126805,0.009326743840843
24h_uniform_stats_equal_levels,r2p8_w256_di32,geopotential,70.0,0.0004638723021908409,0.008352550791676494
24h_uniform_stats_equal_levels,r2p8_w256_di32,geopotential,100.0,0.00029535467545166395,0.000617912333325521
24h_uniform_stats_equal_levels,r2p8_w256_di32,geopotential,125.0,0.00024278126006361763,0.00034660061051806305
24h_uniform_stats_equal_levels,r2p8_w256_di32,geopotential,150.0,0.00021955745332027877,0.00027602397349149637
24h_uniform_stats_equal_levels,r2p8_w256_di32,geopotential,175.0,0.00021252394693106592,0.0003163888521320706
24h_uniform_stats_equal_levels,r2p8_w256_di32,geopotential,200.0,0.00021112295977281453,0.0004273025926865633
24h_uniform_stats_equal_levels,r2p8_w256_di32,geopotential,225.0,0.00020242481634249576,0.0003881224117056458
24h_uniform_stats_equal_levels,r2p8_w256_di32,geopotential,250.0,0.00020132754108854634,0.00029301941836399427
24h_uniform_stats_equal_levels,r2p8_w256_di32,geopotential,300.0,0.00020117236276862428,0.00027473518543447427
24h_uniform_stats_equal_levels,r2p8_w256_di32,geopotential,350.0,0.0001914342418286312,0.00032215811964104736
24h_uniform_stats_equal_levels,r2p8_w256_di32,geopotential,400.0,0.00017666595720825537,0.0002387460160852891
24h_uniform_stats_equal_levels,r2p8_w256_di32,geopotential,450.0,0.00016211203637491887,0.00023777170003993055
24h_uniform_stats_equal_levels,r2p8_w256_di32,geopotential,500.0,0.00014929493634831454,0.00020429192189996227
24h_uniform_stats_equal_levels,r2p8_w256_di32,geopotential,550.0,0.0001390730643261756,0.00018877119768215828
24h_uniform_stats_equal_levels,r2p8_w256_di32,geopotential,600.0,0.0001326385403652973,0.00017679001165097827
24h_uniform_stats_equal_levels,r2p8_w256_di32,geopotential,650.0,0.0001282616557682721,0.00017345803953032197
24h_uniform_stats_equal_levels,r2p8_w256_di32,geopotential,700.0,0.000127278712117786,0.0001799038733024304
24h_uniform_stats_equal_levels,r2p8_w256_di32,geopotential,750.0,0.00012724633100568388,0.00017666564905496093
24h_uniform_stats_equal_levels,r2p8_w256_di32,geopotential,775.0,0.00012889882810169557,0.00018051268937096805
24h_uniform_stats_equal_levels,r2p8_w256_di32,geopotential,800.0,0.000130415956856039,0.00018153953355710227
24h_uniform_stats_equal_levels,r2p8_w256_di32,geopotential,825.0,0.00013293767109546115,0.000184443790839128
24h_uniform_stats_equal_levels,r2p8_w256_di32,geopotential,850.0,0.00013599970997084195,0.00019458668496603253
24h_uniform_stats_equal_levels,r2p8_w256_di32,geopotential,875.0,0.00013960942543064764,0.000203332870497008
24h_uniform_stats_equal_levels,r2p8_w256_di32,geopotential,900.0,0.00014565276306096494,0.00021223431892703005
24h_uniform_stats_equal_levels,r2p8_w256_di32,geopotential,925.0,0.00015283397514018893,0.00022383834696997884
24h_uniform_stats_equal_levels,r2p8_w256_di32,geopotential,950.0,0.00016089911870649317,0.00024445254962760204
24h_uniform_stats_equal_levels,r2p8_w256_di32,geopotential,975.0,0.00017341375165104073,0.00027820891295040164
24h_uniform_stats_equal_levels,r2p8_w256_di32,geopotential,1000.0,0.00019112394245497492,0.00036294653900621407
24h_uniform_stats_equal_levels,r2p8_w256_di32,u_component_of_wind,1.0,0.3041388822044729,0.6239451529182486
24h_uniform_stats_equal_levels,r2p8_w256_di32,u_component_of_wind,2.0,0.19153545240003905,0.26921501806275555
24h_uniform_stats_equal_levels,r2p8_w256_di32,u_component_of_wind,3.0,0.12018512038259649,0.17162883136373036
24h_uniform_stats_equal_levels,r2p8_w256_di32,u_component_of_wind,5.0,0.058720601337664935,0.07860080924536691
24h_uniform_stats_equal_levels,r2p8_w256_di32,u_component_of_wind,7.0,0.03989733358087333,0.05199379483455455
24h_uniform_stats_equal_levels,r2p8_w256_di32,u_component_of_wind,10.0,0.028658431025206172,0.04400133449084049
24h_uniform_stats_equal_levels,r2p8_w256_di32,u_component_of_wind,20.0,0.011265974569405417,0.020138117767647384
24h_uniform_stats_equal_levels,r2p8_w256_di32,u_component_of_wind,30.0,0.011019310946882285,0.014740857116153553
24h_uniform_stats_equal_levels,r2p8_w256_di32,u_component_of_wind,50.0,0.0004760542203197758,0.0036603206394367977
24h_uniform_stats_equal_levels,r2p8_w256_di32,u_component_of_wind,70.0,0.00047213385607254517,0.0009334547932750135
24h_uniform_stats_equal_levels,r2p8_w256_di32,u_component_of_wind,100.0,0.0005489358974326684,0.0011430096204199103
24h_uniform_stats_equal_levels,r2p8_w256_di32,u_component_of_wind,125.0,0.000596905321866342,0.0009163257712859149
24h_uniform_stats_equal_levels,r2p8_w256_di32,u_component_of_wind,150.0,0.0006295139129843726,0.0010041860243726762
24h_uniform_stats_equal_levels,r2p8_w256_di32,u_component_of_wind,175.0,0.0006404190612355867,0.0009314890227403599
24h_uniform_stats_equal_levels,r2p8_w256_di32,u_component_of_wind,200.0,0.0006715772839233919,0.0011199085017266383
24h_uniform_stats_equal_levels,r2p8_w256_di32,u_component_of_wind,225.0,0.000736268165528548,0.001082932023669376
24h_uniform_stats_equal_levels,r2p8_w256_di32,u_component_of_wind,250.0,0.0007911265160054667,0.0011565727541128854
24h_uniform_stats_equal_levels,r2p8_w256_di32,u_component_of_wind,300.0,0.0008298909458426285,0.0014900948176834643
24h_uniform_stats_equal_levels,r2p8_w256_di32,u_component_of_wind,350.0,0.0007603680327001842,0.0015548685098941276
24h_uniform_stats_equal_levels,r2p8_w256_di32,u_component_of_wind,400.0,0.0006694338184607049,0.0009748924229887907
24h_uniform_stats_equal_levels,r2p8_w256_di32,u_component_of_wind,450.0,0.0005904104171513668,0.0008105360188691125
24h_uniform_stats_equal_levels,r2p8_w256_di32,u_component_of_wind,500.0,0.0005259203294053154,0.0006537801508418187
24h_uniform_stats_equal_levels,r2p8_w256_di32,u_component_of_wind,550.0,0.0004891212152270308,0.000571022286469398
24h_uniform_stats_equal_levels,r2p8_w256_di32,u_component_of_wind,600.0,0.00045694119248898687,0.0005263162264197242
24h_uniform_stats_equal_levels,r2p8_w256_di32,u_component_of_wind,650.0,0.0004394082720389331,0.0005954703880016178
24h_uniform_stats_equal_levels,r2p8_w256_di32,u_component_of_wind,700.0,0.00042202389070997246,0.0005531874570529448
24h_uniform_stats_equal_levels,r2p8_w256_di32,u_component_of_wind,750.0,0.0004065419543795139,0.0004665289492990565
24h_uniform_stats_equal_levels,r2p8_w256_di32,u_component_of_wind,775.0,0.00039736544649480294,0.00047224229830932613
24h_uniform_stats_equal_levels,r2p8_w256_di32,u_component_of_wind,800.0,0.0003903571851514966,0.0004575511394049621
24h_uniform_stats_equal_levels,r2p8_w256_di32,u_component_of_wind,825.0,0.0003828222962471693,0.00045885599985777685
24h_uniform_stats_equal_levels,r2p8_w256_di32,u_component_of_wind,850.0,0.00037051394782607993,0.0004412641551919498
24h_uniform_stats_equal_levels,r2p8_w256_di32,u_component_of_wind,875.0,0.0003558899420046898,0.00043237403658911554
24h_uniform_stats_equal_levels,r2p8_w256_di32,u_component_of_wind,900.0,0.0003438855733773988,0.0004268232763880914
24h_uniform_stats_equal_levels,r2p8_w256_di32,u_component_of_wind,925.0,0.0003369025449553913,0.0004226733375568943
24h_uniform_stats_equal_levels,r2p8_w256_di32,u_component_of_wind,950.0,0.0003215784083991561,0.00042430219680127194
24h_uniform_stats_equal_levels,r2p8_w256_di32,u_component_of_wind,975.0,0.00028597502365185174,0.0003929481043354776
24h_uniform_stats_equal_levels,r2p8_w256_di32,u_component_of_wind,1000.0,0.0002382948256140743,0.00036478407540240724
24h_uniform_stats_equal_levels,r2p8_w256_di32,v_component_of_wind,1.0,0.036582881063605736,0.04237118505712077
24h_uniform_stats_equal_levels,r2p8_w256_di32,v_component_of_wind,2.0,0.022361841876648986,0.02782434327352659
24h_uniform_stats_equal_levels,r2p8_w256_di32,v_component_of_wind,3.0,0.015990296460711192,0.021685329820222754
24h_uniform_stats_equal_levels,r2p8_w256_di32,v_component_of_wind,5.0,0.01005222056216098,0.013404553448934632
24h_uniform_stats_equal_levels,r2p8_w256_di32,v_component_of_wind,7.0,0.007602016011514286,0.009878119709718247
24h_uniform_stats_equal_levels,r2p8_w256_di32,v_component_of_wind,10.0,0.005261232423353933,0.006751741169299174
24h_uniform_stats_equal_levels,r2p8_w256_di32,v_component_of_wind,20.0,0.003027551999505612,0.003645919461033359
24h_uniform_stats_equal_levels,r2p8_w256_di32,v_component_of_wind,30.0,0.002518766922974234,0.0034885894492632493
24h_uniform_stats_equal_levels,r2p8_w256_di32,v_component_of_wind,50.0,0.00035581111313451205,0.001661940108288217
24h_uniform_stats_equal_levels,r2p8_w256_di32,v_component_of_wind,70.0,0.00037130084917562676,0.01120505542500986
24h_uniform_stats_equal_levels,r2p8_w256_di32,v_component_of_wind,100.0,0.00041749146314297154,0.0012204198043143833
24h_uniform_stats_equal_levels,r2p8_w256_di32,v_component_of_wind,125.0,0.0004501122323328224,0.0012222123988723669
24h_uniform_stats_equal_levels,r2p8_w256_di32,v_component_of_wind,150.0,0.00045786769426639664,0.0009425425228965687
24h_uniform_stats_equal_levels,r2p8_w256_di32,v_component_of_wind,175.0,0.0004563492461019495,0.0007175289572109247
24h_uniform_stats_equal_levels,r2p8_w256_di32,v_component_of_wind,200.0,0.0004768903137001561,0.0006400319964143464
24h_uniform_stats_equal_levels,r2p8_w256_di32,v_component_of_wind,225.0,0.0005393228690199369,0.000816653869719611
24h_uniform_stats_equal_levels,r2p8_w256_di32,v_component_of_wind,250.0,0.0006003933460307673,0.001072424895418806
24h_uniform_stats_equal_levels,r2p8_w256_di32,v_component_of_wind,300.0,0.0006760035768992888,0.0012369829809939677
24h_uniform_stats_equal_levels,r2p8_w256_di32,v_component_of_wind,350.0,0.000639333663078005,0.0010889332840051634
24h_uniform_stats_equal_levels,r2p8_w256_di32,v_component_of_wind,400.0,0.0005661933377850466,0.0007910894207495984
24h_uniform_stats_equal_levels,r2p8_w256_di32,v_component_of_wind,450.0,0.0004950417101562485,0.0006878095021347984
24h_uniform_stats_equal_levels,r2p8_w256_di32,v_component_of_wind,500.0,0.00043687345031102653,0.0005734174606641506
24h_uniform_stats_equal_levels,r2p8_w256_di32,v_component_of_wind,550.0,0.00040224247200560553,0.0004931605006283289
24h_uniform_stats_equal_levels,r2p8_w256_di32,v_component_of_wind,600.0,0.0003730331419244843,0.0004563974334534982
24h_uniform_stats_equal_levels,r2p8_w256_di32,v_component_of_wind,650.0,0.0003559354454498269,0.00048369457598747626
24h_uniform_stats_equal_levels,r2p8_w256_di32,v_component_of_wind,700.0,0.0003418352391404664,0.00042319691333772406
24h_uniform_stats_equal_levels,r2p8_w256_di32,v_component_of_wind,750.0,0.0003299910771179576,0.00041381456134703833
24h_uniform_stats_equal_levels,r2p8_w256_di32,v_component_of_wind,775.0,0.0003238513964785071,0.0004473380949735035
24h_uniform_stats_equal_levels,r2p8_w256_di32,v_component_of_wind,800.0,0.0003187822675523774,0.0005074344518467797
24h_uniform_stats_equal_levels,r2p8_w256_di32,v_component_of_wind,825.0,0.00031370919841270436,0.00043332426486751487
24h_uniform_stats_equal_levels,r2p8_w256_di32,v_component_of_wind,850.0,0.0003061387925665511,0.00043331553729193613
24h_uniform_stats_equal_levels,r2p8_w256_di32,v_component_of_wind,875.0,0.00029729120290429697,0.000419663186119824
24h_uniform_stats_equal_levels,r2p8_w256_di32,v_component_of_wind,900.0,0.00029129041740740436,0.00039084108059294893
24h_uniform_stats_equal_levels,r2p8_w256_di32,v_component_of_wind,925.0,0.00028460484266563604,0.00037347758535616094
24h_uniform_stats_equal_levels,r2p8_w256_di32,v_component_of_wind,950.0,0.00027166613544836807,0.0003620645361666626
24h_uniform_stats_equal_levels,r2p8_w256_di32,v_component_of_wind,975.0,0.0002391202972589219,0.00035150621404847433
24h_uniform_stats_equal_levels,r2p8_w256_di32,v_component_of_wind,1000.0,0.00019501929983922815,0.00028226939553503623
24h_uniform_stats_equal_levels,r2p8_w256_di32,specific_humidity,1.0,0.9432224359337811,0.1316258175937578
24h_uniform_stats_equal_levels,r2p8_w256_di32,specific_humidity,2.0,1.4021083334987832,0.12140659271906398
24h_uniform_stats_equal_levels,r2p8_w256_di32,specific_humidity,3.0,0.927586054401565,0.08213285848561366
24h_uniform_stats_equal_levels,r2p8_w256_di32,specific_humidity,5.0,0.3972492628262629,0.1512974340409371
24h_uniform_stats_equal_levels,r2p8_w256_di32,specific_humidity,7.0,0.21029892410091527,0.2157922468748756
24h_uniform_stats_equal_levels,r2p8_w256_di32,specific_humidity,10.0,0.10703814957613914,0.3067166761115811
24h_uniform_stats_equal_levels,r2p8_w256_di32,specific_humidity,20.0,0.021463544872755216,0.21442236865128256
24h_uniform_stats_equal_levels,r2p8_w256_di32,specific_humidity,30.0,0.011261834546811365,0.032766217709037114
24h_uniform_stats_equal_levels,r2p8_w256_di32,specific_humidity,50.0,0.0001300547758216719,0.09582137543172875
24h_uniform_stats_equal_levels,r2p8_w256_di32,specific_humidity,70.0,0.0003343620987818569,0.008776692350745973
24h_uniform_stats_equal_levels,r2p8_w256_di32,specific_humidity,100.0,0.0009174690045386212,0.0024123945237767134
24h_uniform_stats_equal_levels,r2p8_w256_di32,specific_humidity,125.0,0.001113279930332232,0.0033464538315056227
24h_uniform_stats_equal_levels,r2p8_w256_di32,specific_humidity,150.0,0.0010947772362564553,0.00334381692844728
24h_uniform_stats_equal_levels,r2p8_w256_di32,specific_humidity,175.0,0.0010190405027734127,0.0024745944559407115
24h_uniform_stats_equal_levels,r2p8_w256_di32,specific_humidity,200.0,0.0010012162354599197,0.0019832329133602456
24h_uniform_stats_equal_levels,r2p8_w256_di32,specific_humidity,225.0,0.0009976073401880556,0.0016502819489240825
24h_uniform_stats_equal_levels,r2p8_w256_di32,specific_humidity,250.0,0.0009753121378501836,0.0017424215347684058
24h_uniform_stats_equal_levels,r2p8_w256_di32,specific_humidity,300.0,0.0009169768007066207,0.0022899158181795202
24h_uniform_stats_equal_levels,r2p8_w256_di32,specific_humidity,350.0,0.0008888750809751798,0.0017374986037035295
24h_uniform_stats_equal_levels,r2p8_w256_di32,specific_humidity,400.0,0.0008390234561328035,0.0016824070865558095
24h_uniform_stats_equal_levels,r2p8_w256_di32,specific_humidity,450.0,0.000816352234432608,0.0012215157669779738
24h_uniform_stats_equal_levels,r2p8_w256_di32,specific_humidity,500.0,0.0007779133271628598,0.0010229042778476941
24h_uniform_stats_equal_levels,r2p8_w256_di32,specific_humidity,550.0,0.000779097797273625,0.0009538869695762686
24h_uniform_stats_equal_levels,r2p8_w256_di32,specific_humidity,600.0,0.0007708114710785562,0.0010691848996464298
24h_uniform_stats_equal_levels,r2p8_w256_di32,specific_humidity,650.0,0.0007966643329588258,0.0011095958340672496
24h_uniform_stats_equal_levels,r2p8_w256_di32,specific_humidity,700.0,0.0007767984120102398,0.001188975871906649
24h_uniform_stats_equal_levels,r2p8_w256_di32,specific_humidity,750.0,0.0007670179194252198,0.0010760608046492621
24h_uniform_stats_equal_levels,r2p8_w256_di32,specific_humidity,775.0,0.0007544118355017278,0.0009991302778097262
24h_uniform_stats_equal_levels,r2p8_w256_di32,specific_humidity,800.0,0.0007607562026323678,0.0010024860020398832
24h_uniform_stats_equal_levels,r2p8_w256_di32,specific_humidity,825.0,0.0007909741571505489,0.0010447845359391617
24h_uniform_stats_equal_levels,r2p8_w256_di32,specific_humidity,850.0,0.0008369832707018819,0.001111288206310211
24h_uniform_stats_equal_levels,r2p8_w256_di32,specific_humidity,875.0,0.0008904512864013469,0.0011626586622450919
24h_uniform_stats_equal_levels,r2p8_w256_di32,specific_humidity,900.0,0.0009662574736482004,0.0012371220122734542
24h_uniform_stats_equal_levels,r2p8_w256_di32,specific_humidity,925.0,0.0009657506117392487,0.0011930714671802125
24h_uniform_stats_equal_levels,r2p8_w256_di32,specific_humidity,950.0,0.0008587049861518393,0.0010880885996915435
24h_uniform_stats_equal_levels,r2p8_w256_di32,specific_humidity,975.0,0.0008257497456472676,0.0009912128029666409
24h_uniform_stats_equal_levels,r2p8_w256_di32,specific_humidity,1000.0,0.0008164429973481637,0.0010426569532693587
24h_uniform_stats_equal_levels,r2p8_w256_di32,specific_cloud_ice_water_content,1.0,1.4771730698726231e-06,1.7736375912023002e-06
24h_uniform_stats_equal_levels,r2p8_w256_di32,specific_cloud_ice_water_content,2.0,1.4470269198714925e-06,1.7640277859089172e-06
24h_uniform_stats_equal_levels,r2p8_w256_di32,specific_cloud_ice_water_content,3.0,1.4462474753163018e-06,1.769867972597337e-06
24h_uniform_stats_equal_levels,r2p8_w256_di32,specific_cloud_ice_water_content,5.0,1.4337013087199734e-06,1.7691391446205095e-06
24h_uniform_stats_equal_levels,r2p8_w256_di32,specific_cloud_ice_water_content,7.0,1.441177791329083e-06,1.7700721719472005e-06
24h_uniform_stats_equal_levels,r2p8_w256_di32,specific_cloud_ice_water_content,10.0,1.4567959979890998e-06,1.764878507701235e-06
24h_uniform_stats_equal_levels,r2p8_w256_di32,specific_cloud_ice_water_content,20.0,1.0272399199940024e-06,1.3190740714617717e-06
24h_uniform_stats_equal_levels,r2p8_w256_di32,specific_cloud_ice_water_content,30.0,7.382452666184491e-07,1.0231344718970346e-06
24h_uniform_stats_equal_levels,r2p8_w256_di32,specific_cloud_ice_water_content,50.0,4.3255679114380476e-07,8.040599695742947e-07
24h_uniform_stats_equal_levels,r2p8_w256_di32,specific_cloud_ice_water_content,70.0,3.581214440256433e-07,6.483810922163034e-07
24h_uniform_stats_equal_levels,r2p8_w256_di32,specific_cloud_ice_water_content,100.0,1.013995812657012e-06,1.498274092164294e-06
24h_uniform_stats_equal_levels,r2p8_w256_di32,specific_cloud_ice_water_content,125.0,5.315810200455227e-06,6.13858868706285e-06
24h_uniform_stats_equal_levels,r2p8_w256_di32,specific_cloud_ice_water_content,150.0,1.4615357399802007e-05,1.6180554293989723e-05
24h_uniform_stats_equal_levels,r2p8_w256_di32,specific_cloud_ice_water_content,175.0,2.477990254202153e-05,2.8539770442772967e-05
24h_uniform_stats_equal_levels,r2p8_w256_di32,specific_cloud_ice_water_content,200.0,3.542288605362528e-05,4.390544351562422e-05
24h_uniform_stats_equal_levels,r2p8_w256_di32,specific_cloud_ice_water_content,225.0,4.606029539158286e-05,6.458188874023831e-05
24h_uniform_stats_equal_levels,r2p8_w256_di32,specific_cloud_ice_water_content,250.0,5.0980678706333285e-05,8.804008329925221e-05
24h_uniform_stats_equal_levels,r2p8_w256_di32,specific_cloud_ice_water_content,300.0,4.866693162925239e-05,9.421657452114437e-05
24h_uniform_stats_equal_levels,r2p8_w256_di32,specific_cloud_ice_water_content,350.0,4.33687744171541e-05,7.221656392522362e-05
24h_uniform_stats_equal_levels,r2p8_w256_di32,specific_cloud_ice_water_content,400.0,3.274830912057684e-05,4.654577053954167e-05
24h_uniform_stats_equal_levels,r2p8_w256_di32,specific_cloud_ice_water_content,450.0,2.3897606673939917e-05,3.204170492056897e-05
24h_uniform_stats_equal_levels,r2p8_w256_di32,specific_cloud_ice_water_content,500.0,1.7010743016794655e-05,2.1756219056574983e-05
24h_uniform_stats_equal_levels,r2p8_w256_di32,specific_cloud_ice_water_content,550.0,1.133055531670316e-05,1.435161076908336e-05
24h_uniform_stats_equal_levels,r2p8_w256_di32,specific_cloud_ice_water_content,600.0,7.904263223543037e-06,9.887138353395938e-06
24h_uniform_stats_equal_levels,r2p8_w256_di32,specific_cloud_ice_water_content,650.0,5.838629685282317e-06,7.1754397071451045e-06
24h_uniform_stats_equal_levels,r2p8_w256_di32,specific_cloud_ice_water_content,700.0,4.35791950222055e-06,5.194822031093905e-06
24h_uniform_stats_equal_levels,r2p8_w256_di32,specific_cloud_ice_water_content,750.0,3.423705246166045e-06,4.137900308812979e-06
24h_uniform_stats_equal_levels,r2p8_w256_di32,specific_cloud_ice_water_content,775.0,3.371061582829056e-06,3.9720411711057874e-06
24h_uniform_stats_equal_levels,r2p8_w256_di32,specific_cloud_ice_water_content,800.0,3.366454517782684e-06,4.0836809985291375e-06
24h_uniform_stats_equal_levels,r2p8_w256_di32,specific_cloud_ice_water_content,825.0,3.253991745215448e-06,3.775626843535015e-06
24h_uniform_stats_equal_levels,r2p8_w256_di32,specific_cloud_ice_water_content,850.0,2.8333237756604015e-06,3.261163626133126e-06
24h_uniform_stats_equal_levels,r2p8_w256_di32,specific_cloud_ice_water_content,875.0,2.290589792382578e-06,2.54241387288686e-06
24h_uniform_stats_equal_levels,r2p8_w256_di32,specific_cloud_ice_water_content,900.0,1.8674033854234098e-06,2.236114401963024e-06
24h_uniform_stats_equal_levels,r2p8_w256_di32,specific_cloud_ice_water_content,925.0,1.500214217578192e-06,1.926998800482634e-06
24h_uniform_stats_equal_levels,r2p8_w256_di32,specific_cloud_ice_water_content,950.0,1.0929603453855306e-06,1.439219846792411e-06
24h_uniform_stats_equal_levels,r2p8_w256_di32,specific_cloud_ice_water_content,975.0,7.528221746060436e-07,8.889570797029676e-07
24h_uniform_stats_equal_levels,r2p8_w256_di32,specific_cloud_ice_water_content,1000.0,6.26496136004755e-07,7.688935380476638e-07
24h_uniform_stats_equal_levels,r2p8_w256_di32,specific_cloud_liquid_water_content,1.0,9.898778680221196e-07,1.6543962572942816e-06
24h_uniform_stats_equal_levels,r2p8_w256_di32,specific_cloud_liquid_water_content,2.0,9.924671678211498e-07,1.664513528847969e-06
24h_uniform_stats_equal_levels,r2p8_w256_di32,specific_cloud_liquid_water_content,3.0,9.80393785457322e-07,1.6564287170372167e-06
24h_uniform_stats_equal_levels,r2p8_w256_di32,specific_cloud_liquid_water_content,5.0,9.897156014259847e-07,1.670004486991681e-06
24h_uniform_stats_equal_levels,r2p8_w256_di32,specific_cloud_liquid_water_content,7.0,1.0024779292523453e-06,1.6700772372340642e-06
24h_uniform_stats_equal_levels,r2p8_w256_di32,specific_cloud_liquid_water_content,10.0,9.818987539136679e-07,1.6509319119434899e-06
24h_uniform_stats_equal_levels,r2p8_w256_di32,specific_cloud_liquid_water_content,20.0,7.598862190597982e-07,1.2577198798610436e-06
24h_uniform_stats_equal_levels,r2p8_w256_di32,specific_cloud_liquid_water_content,30.0,5.555508194255895e-07,9.754883053192254e-07
24h_uniform_stats_equal_levels,r2p8_w256_di32,specific_cloud_liquid_water_content,50.0,5.212424935914454e-07,1.4468768839556878e-06
24h_uniform_stats_equal_levels,r2p8_w256_di32,specific_cloud_liquid_water_content,70.0,3.425442834973468e-07,1.657681257465005e-06
24h_uniform_stats_equal_levels,r2p8_w256_di32,specific_cloud_liquid_water_content,100.0,3.2789898734700573e-07,1.203523060976016e-06
24h_uniform_stats_equal_levels,r2p8_w256_di32,specific_cloud_liquid_water_content,125.0,2.816705112316593e-07,7.326169649456237e-07
24h_uniform_stats_equal_levels,r2p8_w256_di32,specific_cloud_liquid_water_content,150.0,3.2306607535930386e-07,8.249556547877152e-07
24h_uniform_stats_equal_levels,r2p8_w256_di32,specific_cloud_liquid_water_content,175.0,3.965732489615804e-07,6.370927109765226e-07
24h_uniform_stats_equal_levels,r2p8_w256_di32,specific_cloud_liquid_water_content,200.0,4.724270483994201e-07,7.86256575691031e-07
24h_uniform_stats_equal_levels,r2p8_w256_di32,specific_cloud_liquid_water_content,225.0,4.09064003223686e-07,5.556380068372187e-07
24h_uniform_stats_equal_levels,r2p8_w256_di32,specific_cloud_liquid_water_content,250.0,4.500376723363777e-07,6.732765208826451e-07
24h_uniform_stats_equal_levels,r2p8_w256_di32,specific_cloud_liquid_water_content,300.0,7.285200987004308e-07,9.570333384843238e-07
24h_uniform_stats_equal_levels,r2p8_w256_di32,specific_cloud_liquid_water_content,350.0,1.1316024187143503e-06,1.4710654899127174e-06
24h_uniform_stats_equal_levels,r2p8_w256_di32,specific_cloud_liquid_water_content,400.0,2.207494041662649e-06,2.8301764236080974e-06
24h_uniform_stats_equal_levels,r2p8_w256_di32,specific_cloud_liquid_water_content,450.0,5.014716909924686e-06,5.8483727999292865e-06
24h_uniform_stats_equal_levels,r2p8_w256_di32,specific_cloud_liquid_water_content,500.0,1.1014867598059849e-05,1.2473553561079352e-05
24h_uniform_stats_equal_levels,r2p8_w256_di32,specific_cloud_liquid_water_content,550.0,1.8579381458705802e-05,1.974889422917993e-05
24h_uniform_stats_equal_levels,r2p8_w256_di32,specific_cloud_liquid_water_content,600.0,1.4923774791493346e-05,1.637193007098942e-05
24h_uniform_stats_equal_levels,r2p8_w256_di32,specific_cloud_liquid_water_content,650.0,1.5073970787084202e-05,1.652577631852637e-05
24h_uniform_stats_equal_levels,r2p8_w256_di32,specific_cloud_liquid_water_content,700.0,1.8485394313276753e-05,2.0297119186072672e-05
24h_uniform_stats_equal_levels,r2p8_w256_di32,specific_cloud_liquid_water_content,750.0,2.3694179760763594e-05,2.574554513014932e-05
24h_uniform_stats_equal_levels,r2p8_w256_di32,specific_cloud_liquid_water_content,775.0,2.667854827673017e-05,2.9136936464397903e-05
24h_uniform_stats_equal_levels,r2p8_w256_di32,specific_cloud_liquid_water_content,800.0,3.080529124392021e-05,3.979932237044267e-05
24h_uniform_stats_equal_levels,r2p8_w256_di32,specific_cloud_liquid_water_content,825.0,4.036527240768085e-05,5.495890142860572e-05
24h_uniform_stats_equal_levels,r2p8_w256_di32,specific_cloud_liquid_water_content,850.0,4.788333954735482e-05,9.159001857590759e-05
24h_uniform_stats_equal_levels,r2p8_w256_di32,specific_cloud_liquid_water_content,875.0,4.9085655570385156e-05,0.00015147157802839167
24h_uniform_stats_equal_levels,r2p8_w256_di32,specific_cloud_liquid_water_content,900.0,4.387895902454542e-05,0.00011443364838142816
24h_uniform_stats_equal_levels,r2p8_w256_di32,specific_cloud_liquid_water_content,925.0,3.532060423350417e-05,6.184273297330253e-05
24h_uniform_stats_equal_levels,r2p8_w256_di32,specific_cloud_liquid_water_content,950.0,2.44276726549751e-05,6.490795283942465e-05
24h_uniform_stats_equal_levels,r2p8_w256_di32,specific_cloud_liquid_water_content,975.0,1.4743622297946972e-05,3.605235915429144e-05
24h_uniform_stats_equal_levels,r2p8_w256_di32,specific_cloud_liquid_water_content,1000.0,8.659935260895545e-06,1.2270411734247763e-05
24h_gaussian_stats_equal_levels,r2p8_w128_di16,temperature,1.0,0.2075880347965553,0.879686668743271
24h_gaussian_stats_equal_levels,r2p8_w128_di16,temperature,2.0,0.1365390529952827,2.1516645934025798
24h_gaussian_stats_equal_levels,r2p8_w128_di16,temperature,3.0,0.0894133937553099,2.7015051727739987
24h_gaussian_stats_equal_levels,r2p8_w128_di16,temperature,5.0,0.05067431204112027,2.0680895313168874
24h_gaussian_stats_equal_levels,r2p8_w128_di16,temperature,7.0,0.03377265215445935,1.4557229943392616
24h_gaussian_stats_equal_levels,r2p8_w128_di16,temperature,10.0,0.019136740629634746,0.9966702122099316
24h_gaussian_stats_equal_levels,r2p8_w128_di16,temperature,20.0,0.014440563613528905,0.1257721746167103
24h_gaussian_stats_equal_levels,r2p8_w128_di16,temperature,30.0,0.01068819280576068,0.01510035991769005
24h_gaussian_stats_equal_levels,r2p8_w128_di16,temperature,50.0,0.0010515439909865177,0.084821476821262
24h_gaussian_stats_equal_levels,r2p8_w128_di16,temperature,70.0,0.0010235885054325035,0.014184963098322732
24h_gaussian_stats_equal_levels,r2p8_w128_di16,temperature,100.0,0.000706172048838296,0.004977212693059959
24h_gaussian_stats_equal_levels,r2p8_w128_di16,temperature,125.0,0.0004676557384539477,0.0059765082601237855
24h_gaussian_stats_equal_levels,r2p8_w128_di16,temperature,150.0,0.00037584642340247074,0.0019193908508550442
24h_gaussian_stats_equal_levels,r2p8_w128_di16,temperature,175.0,0.0003438332103213261,0.0008356201528621811
24h_gaussian_stats_equal_levels,r2p8_w128_di16,temperature,200.0,0.00035857659729322176,0.0004964824757288405
24h_gaussian_stats_equal_levels,r2p8_w128_di16,temperature,225.0,0.0003732092379446155,0.000548428429674771
24h_gaussian_stats_equal_levels,r2p8_w128_di16,temperature,250.0,0.0003652404937894036,0.0005525018327918229
24h_gaussian_stats_equal_levels,r2p8_w128_di16,temperature,300.0,0.0003372404621966835,0.0005118791406942394
24h_gaussian_stats_equal_levels,r2p8_w128_di16,temperature,350.0,0.00031310790330159517,0.0004349726640793468
24h_gaussian_stats_equal_levels,r2p8_w128_di16,temperature,400.0,0.0003068392695018126,0.0003935337783292487
24h_gaussian_stats_equal_levels,r2p8_w128_di16,temperature,450.0,0.00030713257722478674,0.000365171764531394
24h_gaussian_stats_equal_levels,r2p8_w128_di16,temperature,500.0,0.00030664443640083237,0.00036556575159368474
24h_gaussian_stats_equal_levels,r2p8_w128_di16,temperature,550.0,0.0003206849502511781,0.0003826400704702784
24h_gaussian_stats_equal_levels,r2p8_w128_di16,temperature,600.0,0.0003393879489347588,0.00041601084867498133
24h_gaussian_stats_equal_levels,r2p8_w128_di16,temperature,650.0,0.00036553807853789314,0.00044883557647681807
24h_gaussian_stats_equal_levels,r2p8_w128_di16,temperature,700.0,0.0003957210385534462,0.00048287479395152876
24h_gaussian_stats_equal_levels,r2p8_w128_di16,temperature,750.0,0.0004512042215041145,0.000540868807933475
24h_gaussian_stats_equal_levels,r2p8_w128_di16,temperature,775.0,0.00048065496902565866,0.0005535758165455575
24h_gaussian_stats_equal_levels,r2p8_w128_di16,temperature,800.0,0.0005256573760042759,0.0006827405477295096
24h_gaussian_stats_equal_levels,r2p8_w128_di16,temperature,825.0,0.0005977889053062755,0.0007563571210061383
24h_gaussian_stats_equal_levels,r2p8_w128_di16,temperature,850.0,0.0006442503698758104,0.0009730215840499069
24h_gaussian_stats_equal_levels,r2p8_w128_di16,temperature,875.0,0.0006581030446741614,0.0010124048215792091
24h_gaussian_stats_equal_levels,r2p8_w128_di16,temperature,900.0,0.0006574933689208825,0.0008982054204706035
24h_gaussian_stats_equal_levels,r2p8_w128_di16,temperature,925.0,0.0006661655358503192,0.000902321387376732
24h_gaussian_stats_equal_levels,r2p8_w128_di16,temperature,950.0,0.0006994832821276457,0.0009408383647987284
24h_gaussian_stats_equal_levels,r2p8_w128_di16,temperature,975.0,0.0007732575294739415,0.0010124435916848626
24h_gaussian_stats_equal_levels,r2p8_w128_di16,temperature,1000.0,0.0008067311228944102,0.0011049129391927982
24h_gaussian_stats_equal_levels,r2p8_w128_di16,geopotential,1.0,181.3375072205243,4.563798251464376
24h_gaussian_stats_equal_levels,r2p8_w128_di16,geopotential,2.0,84.57085302790576,0.8198198397954362
24h_gaussian_stats_equal_levels,r2p8_w128_di16,geopotential,3.0,48.09347468256172,0.45099273318425104
24h_gaussian_stats_equal_levels,r2p8_w128_di16,geopotential,5.0,18.09316016196394,0.23084232350440154
24h_gaussian_stats_equal_levels,r2p8_w128_di16,geopotential,7.0,7.204049845318821,0.10840090869387194
24h_gaussian_stats_equal_levels,r2p8_w128_di16,geopotential,10.0,1.5146431226809247,0.05244731386870351
24h_gaussian_stats_equal_levels,r2p8_w128_di16,geopotential,20.0,0.3751109551665176,0.14543422144023485
24h_gaussian_stats_equal_levels,r2p8_w128_di16,geopotential,30.0,0.6296285267813916,0.07647715798319853
24h_gaussian_stats_equal_levels,r2p8_w128_di16,geopotential,50.0,0.0007109658835012375,0.011367827580499708
24h_gaussian_stats_equal_levels,r2p8_w128_di16,geopotential,70.0,0.0006133650953816668,0.012622513140003759
24h_gaussian_stats_equal_levels,r2p8_w128_di16,geopotential,100.0,0.00039053905099360785,0.0013910796430044773
24h_gaussian_stats_equal_levels,r2p8_w128_di16,geopotential,125.0,0.00032102272550547294,0.0004069946999698177
24h_gaussian_stats_equal_levels,r2p8_w128_di16,geopotential,150.0,0.000290314549201398,0.0003747986789788376
24h_gaussian_stats_equal_levels,r2p8_w128_di16,geopotential,175.0,0.0002810143446043314,0.0006609206099093687
24h_gaussian_stats_equal_levels,r2p8_w128_di16,geopotential,200.0,0.0002791618593020385,0.0003847907764581149
24h_gaussian_stats_equal_levels,r2p8_w128_di16,geopotential,225.0,0.00026766055269333735,0.00035804176478700285
24h_gaussian_stats_equal_levels,r2p8_w128_di16,geopotential,250.0,0.00026620965696703524,0.00032868432928621655
24h_gaussian_stats_equal_levels,r2p8_w128_di16,geopotential,300.0,0.00026600446910703455,0.00045404401691972595
24h_gaussian_stats_equal_levels,r2p8_w128_di16,geopotential,350.0,0.00025312802994266356,0.00033378158161642165
24h_gaussian_stats_equal_levels,r2p8_w128_di16,geopotential,400.0,0.00023360034902268108,0.0003104273517626949
24h_gaussian_stats_equal_levels,r2p8_w128_di16,geopotential,450.0,0.00021435611521532585,0.0002766111815913892
24h_gaussian_stats_equal_levels,r2p8_w128_di16,geopotential,500.0,0.00019740842995107354,0.0002562238053838392
24h_gaussian_stats_equal_levels,r2p8_w128_di16,geopotential,550.0,0.0001838923405483934,0.00024477067981448124
24h_gaussian_stats_equal_levels,r2p8_w128_di16,geopotential,600.0,0.0001753841533072935,0.00022834056239987062
24h_gaussian_stats_equal_levels,r2p8_w128_di16,geopotential,650.0,0.00016959672382368447,0.0002343641164878623
24h_gaussian_stats_equal_levels,r2p8_w128_di16,geopotential,700.0,0.00016829700551093384,0.00023127257896586478
24h_gaussian_stats_equal_levels,r2p8_w128_di16,geopotential,750.0,0.00016825418889131834,0.0002335631118478036
24h_gaussian_stats_equal_levels,r2p8_w128_di16,geopotential,775.0,0.00017043923860031375,0.00024138433854476674
24h_gaussian_stats_equal_levels,r2p8_w128_di16,geopotential,800.0,0.0001724452946177116,0.00024146197415756288
24h_gaussian_stats_equal_levels,r2p8_w128_di16,geopotential,825.0,0.00017577968532757584,0.0002421729862291599
24h_gaussian_stats_equal_levels,r2p8_w128_di16,geopotential,850.0,0.00017982853187001853,0.0002516463137966403
24h_gaussian_stats_equal_levels,r2p8_w128_di16,geopotential,875.0,0.0001846015555164994,0.0002666366205710438
24h_gaussian_stats_equal_levels,r2p8_w128_di16,geopotential,900.0,0.00019259248824633974,0.0002794818408716576
24h_gaussian_stats_equal_levels,r2p8_w128_di16,geopotential,925.0,0.00020208799985832007,0.0002973458949580438
24h_gaussian_stats_equal_levels,r2p8_w128_di16,geopotential,950.0,0.00021275230882751106,0.00032412614130852407
24h_gaussian_stats_equal_levels,r2p8_w128_di16,geopotential,975.0,0.0002293000505086709,0.00037951514398948405
24h_gaussian_stats_equal_levels,r2p8_w128_di16,geopotential,1000.0,0.0002527177299441065,0.00048519575742319334
24h_gaussian_stats_equal_levels,r2p8_w128_di16,u_component_of_wind,1.0,0.32776840544692565,0.6729624658289604
24h_gaussian_stats_equal_levels,r2p8_w128_di16,u_component_of_wind,2.0,0.2064164547613145,0.2903522861052545
24h_gaussian_stats_equal_levels,r2p8_w128_di16,u_component_of_wind,3.0,0.12952268707217307,0.18510843995147483
24h_gaussian_stats_equal_levels,r2p8_w128_di16,u_component_of_wind,5.0,0.06328279280776546,0.08409234918102892
24h_gaussian_stats_equal_levels,r2p8_w128_di16,u_component_of_wind,7.0,0.04299708512966518,0.05530226099271132
24h_gaussian_stats_equal_levels,r2p8_w128_di16,u_component_of_wind,10.0,0.0308849962611074,0.04436739100618599
24h_gaussian_stats_equal_levels,r2p8_w128_di16,u_component_of_wind,20.0,0.01214126419369513,0.02151671406439324
24h_gaussian_stats_equal_levels,r2p8_w128_di16,u_component_of_wind,30.0,0.011875436484820293,0.01585157998757594
24h_gaussian_stats_equal_levels,r2p8_w128_di16,u_component_of_wind,50.0,0.0005130403964449026,0.003035676380716046
24h_gaussian_stats_equal_levels,r2p8_w128_di16,u_component_of_wind,70.0,0.000508815446551051,0.001101540123532039
24h_gaussian_stats_equal_levels,r2p8_w128_di16,u_component_of_wind,100.0,0.00059158448433147,0.0012733532977604453
24h_gaussian_stats_equal_levels,r2p8_w128_di16,u_component_of_wind,125.0,0.0006432808068893386,0.001025690171738775
24h_gaussian_stats_equal_levels,r2p8_w128_di16,u_component_of_wind,150.0,0.0006784228638245059,0.0011999984878589554
24h_gaussian_stats_equal_levels,r2p8_w128_di16,u_component_of_wind,175.0,0.000690175267948421,0.0011341163161022285
24h_gaussian_stats_equal_levels,r2p8_w128_di16,u_component_of_wind,200.0,0.000723754272687697,0.001165487493625288
24h_gaussian_stats_equal_levels,r2p8_w128_di16,u_component_of_wind,225.0,0.0007934711959465343,0.0012622141706381737
24h_gaussian_stats_equal_levels,r2p8_w128_di16,u_component_of_wind,250.0,0.0008525916672619372,0.0012770193585181942
24h_gaussian_stats_equal_levels,r2p8_w128_di16,u_component_of_wind,300.0,0.0008943678297298577,0.0016202726151603114
24h_gaussian_stats_equal_levels,r2p8_w128_di16,u_component_of_wind,350.0,0.0008194434589372931,0.0017967849054660952
24h_gaussian_stats_equal_levels,r2p8_w128_di16,u_component_of_wind,400.0,0.000721444274532436,0.0010652972757928768
24h_gaussian_stats_equal_levels,r2p8_w128_di16,u_component_of_wind,450.0,0.000636281292238246,0.0008867241475822222
24h_gaussian_stats_equal_levels,r2p8_w128_di16,u_component_of_wind,500.0,0.0005667807631561254,0.0007031001577219023
24h_gaussian_stats_equal_levels,r2p8_w128_di16,u_component_of_wind,550.0,0.0005271226080111787,0.0006139673987467146
24h_gaussian_stats_equal_levels,r2p8_w128_di16,u_component_of_wind,600.0,0.0004924424163051958,0.0005633333599958623
24h_gaussian_stats_equal_levels,r2p8_w128_di16,u_component_of_wind,650.0,0.0004735473071462216,0.0006479035443746581
24h_gaussian_stats_equal_levels,r2p8_w128_di16,u_component_of_wind,700.0,0.00045481227758810037,0.0005964867951423654
24h_gaussian_stats_equal_levels,r2p8_w128_di16,u_component_of_wind,750.0,0.0004381275000697374,0.0004940175911729219
24h_gaussian_stats_equal_levels,r2p8_w128_di16,u_component_of_wind,775.0,0.00042823803991540995,0.0005040241175942106
24h_gaussian_stats_equal_levels,r2p8_w128_di16,u_component_of_wind,800.0,0.00042068528431638545,0.00048733787867562327
24h_gaussian_stats_equal_levels,r2p8_w128_di16,u_component_of_wind,825.0,0.0004125649857755014,0.000475179146245658
24h_gaussian_stats_equal_levels,r2p8_w128_di16,u_component_of_wind,850.0,0.0003993003623691676,0.00046287528866070836
24h_gaussian_stats_equal_levels,r2p8_w128_di16,u_component_of_wind,875.0,0.00038354017072717613,0.00045657444344724416
24h_gaussian_stats_equal_levels,r2p8_w128_di16,u_component_of_wind,900.0,0.0003706031442777955,0.0004476419950779327
24h_gaussian_stats_equal_levels,r2p8_w128_di16,u_component_of_wind,925.0,0.0003630775820264909,0.0004513775695018571
24h_gaussian_stats_equal_levels,r2p8_w128_di16,u_component_of_wind,950.0,0.00034656286425189435,0.00045293939691791484
24h_gaussian_stats_equal_levels,r2p8_w128_di16,u_component_of_wind,975.0,0.0003081933385846967,0.0004320082013313572
24h_gaussian_stats_equal_levels,r2p8_w128_di16,u_component_of_wind,1000.0,0.00025680871334717384,0.0003883119817334518
24h_gaussian_stats_equal_levels,r2p8_w128_di16,v_component_of_wind,1.0,0.03920778306863587,0.04581811381248585
24h_gaussian_stats_equal_levels,r2p8_w128_di16,v_component_of_wind,2.0,0.023966353108996342,0.030151707002474583
24h_gaussian_stats_equal_levels,r2p8_w128_di16,v_component_of_wind,3.0,0.017137635325787725,0.023460139981871502
24h_gaussian_stats_equal_levels,r2p8_w128_di16,v_component_of_wind,5.0,0.010773489449177961,0.01442513862899368
24h_gaussian_stats_equal_levels,r2p8_w128_di16,v_component_of_wind,7.0,0.008147477344540533,0.010410812211611175
24h_gaussian_stats_equal_levels,r2p8_w128_di16,v_component_of_wind,10.0,0.005638737396594826,0.006927322686885499
24h_gaussian_stats_equal_levels,r2p8_w128_di16,v_component_of_wind,20.0,0.0032447855000606388,0.0036743794319111507
24h_gaussian_stats_equal_levels,r2p8_w128_di16,v_component_of_wind,30.0,0.002699493977653808,0.00387734552866012
24h_gaussian_stats_equal_levels,r2p8_w128_di16,v_component_of_wind,50.0,0.0003813413414031636,0.0020148614094463737
24h_gaussian_stats_equal_levels,r2p8_w128_di16,v_component_of_wind,70.0,0.0003979425000006652,0.01286651084045944
24h_gaussian_stats_equal_levels,r2p8_w128_di16,v_component_of_wind,100.0,0.00044744739189504486,0.0012982089532961472
24h_gaussian_stats_equal_levels,r2p8_w128_di16,v_component_of_wind,125.0,0.00048240877286730816,0.001252263595423896
24h_gaussian_stats_equal_levels,r2p8_w128_di16,v_component_of_wind,150.0,0.0004907207062155853,0.001061123739223718
24h_gaussian_stats_equal_levels,r2p8_w128_di16,v_component_of_wind,175.0,0.0004890933060627899,0.0007964368490331874
24h_gaussian_stats_equal_levels,r2p8_w128_di16,v_component_of_wind,200.0,0.0005111082403427989,0.000741198231891151
24h_gaussian_stats_equal_levels,r2p8_w128_di16,v_component_of_wind,225.0,0.0005780204685279594,0.000962207804687584
24h_gaussian_stats_equal_levels,r2p8_w128_di16,v_component_of_wind,250.0,0.0006434728862961391,0.0012261449712248588
24h_gaussian_stats_equal_levels,r2p8_w128_di16,v_component_of_wind,300.0,0.0007245083171718032,0.0012977476564475128
24h_gaussian_stats_equal_levels,r2p8_w128_di16,v_component_of_wind,350.0,0.0006852072565541145,0.001266937792354983
24h_gaussian_stats_equal_levels,r2p8_w128_di16,v_component_of_wind,400.0,0.00060681895239978,0.0008354630277242384
24h_gaussian_stats_equal_levels,r2p8_w128_di16,v_component_of_wind,450.0,0.0005305620393316184,0.0007449700295053849
24h_gaussian_stats_equal_levels,r2p8_w128_di16,v_component_of_wind,500.0,0.0004682200791801968,0.0006430272434645057
24h_gaussian_stats_equal_levels,r2p8_w128_di16,v_component_of_wind,550.0,0.0004311042521765007,0.0005363998146909765
24h_gaussian_stats_equal_levels,r2p8_w128_di16,v_component_of_wind,600.0,0.00039979908855612885,0.0004973408816243878
24h_gaussian_stats_equal_levels,r2p8_w128_di16,v_component_of_wind,650.0,0.00038147459483497536,0.0005219116656123148
24h_gaussian_stats_equal_levels,r2p8_w128_di16,v_component_of_wind,700.0,0.00036636266777709237,0.00046175122319701826
24h_gaussian_stats_equal_levels,r2p8_w128_di16,v_component_of_wind,750.0,0.0003536686611349996,0.00044251123697204646
24h_gaussian_stats_equal_levels,r2p8_w128_di16,v_component_of_wind,775.0,0.0003470884449348665,0.0004826275030115925
24h_gaussian_stats_equal_levels,r2p8_w128_di16,v_component_of_wind,800.0,0.0003416555948830327,0.000561675318210391
24h_gaussian_stats_equal_levels,r2p8_w128_di16,v_component_of_wind,825.0,0.00033621852189868627,0.0004723148089752344
24h_gaussian_stats_equal_levels,r2p8_w128_di16,v_component_of_wind,850.0,0.0003281049228182465,0.0004669096713539118
24h_gaussian_stats_equal_levels,r2p8_w128_di16,v_component_of_wind,875.0,0.00031862249917985583,0.0004584068921162534
24h_gaussian_stats_equal_levels,r2p8_w128_di16,v_component_of_wind,900.0,0.0003121911441535935,0.00042500789103641374
24h_gaussian_stats_equal_levels,r2p8_w128_di16,v_component_of_wind,925.0,0.00030502586475122354,0.0003988018600550725
24h_gaussian_stats_equal_levels,r2p8_w128_di16,v_component_of_wind,950.0,0.00029115877689444127,0.00040356943637507073
24h_gaussian_stats_equal_levels,r2p8_w128_di16,v_component_of_wind,975.0,0.00025627770338631345,0.0003699004622360596
24h_gaussian_stats_equal_levels,r2p8_w128_di16,v_component_of_wind,1000.0,0.00020901236261297533,0.0002951129694333436
24h_gaussian_stats_equal_levels,r2p8_w128_di16,specific_humidity,1.0,1.6059827034974974,0.23133254048659208
24h_gaussian_stats_equal_levels,r2p8_w128_di16,specific_humidity,2.0,1.3601423509610864,0.1203162280804616
24h_gaussian_stats_equal_levels,r2p8_w128_di16,specific_humidity,3.0,0.8747966955766732,0.07756806996380211
24h_gaussian_stats_equal_levels,r2p8_w128_di16,specific_humidity,5.0,0.3891146523785478,0.14611143844189645
24h_gaussian_stats_equal_levels,r2p8_w128_di16,specific_humidity,7.0,0.21603789853168343,0.2201500326846206
24h_gaussian_stats_equal_levels,r2p8_w128_di16,specific_humidity,10.0,0.11970605404702826,0.3420225034621309
24h_gaussian_stats_equal_levels,r2p8_w128_di16,specific_humidity,20.0,0.03361447951273257,0.32819543878488705
24h_gaussian_stats_equal_levels,r2p8_w128_di16,specific_humidity,30.0,0.02069632975473494,0.0530684070384328
24h_gaussian_stats_equal_levels,r2p8_w128_di16,specific_humidity,50.0,0.00021133840003411774,0.18898866562830666
24h_gaussian_stats_equal_levels,r2p8_w128_di16,specific_humidity,70.0,0.00044060459575654765,0.013549463095173214
24h_gaussian_stats_equal_levels,r2p8_w128_di16,specific_humidity,100.0,0.0007513032568414529,0.002018655407185466
24h_gaussian_stats_equal_levels,r2p8_w128_di16,specific_humidity,125.0,0.0008114027932038799,0.002895408555091051
24h_gaussian_stats_equal_levels,r2p8_w128_di16,specific_humidity,150.0,0.0007887075587568762,0.002508210561238735
24h_gaussian_stats_equal_levels,r2p8_w128_di16,specific_humidity,175.0,0.0007333170490947632,0.002256947030669262
24h_gaussian_stats_equal_levels,r2p8_w128_di16,specific_humidity,200.0,0.0007150358554482506,0.0011731639724777206
24h_gaussian_stats_equal_levels,r2p8_w128_di16,specific_humidity,225.0,0.0007085707365757865,0.001147364308240092
24h_gaussian_stats_equal_levels,r2p8_w128_di16,specific_humidity,250.0,0.0006936017022303463,0.0012128380166647878
24h_gaussian_stats_equal_levels,r2p8_w128_di16,specific_humidity,300.0,0.0006620813371569724,0.001355829568671362
24h_gaussian_stats_equal_levels,r2p8_w128_di16,specific_humidity,350.0,0.0006536534593746563,0.001130795969145953
24h_gaussian_stats_equal_levels,r2p8_w128_di16,specific_humidity,400.0,0.0006264510806623474,0.0011348578445112656
24h_gaussian_stats_equal_levels,r2p8_w128_di16,specific_humidity,450.0,0.0006169988713080181,0.000917006057461061
24h_gaussian_stats_equal_levels,r2p8_w128_di16,specific_humidity,500.0,0.0005949998847520823,0.0007792365142993584
24h_gaussian_stats_equal_levels,r2p8_w128_di16,specific_humidity,550.0,0.0006025492778272589,0.0007360347395822653
24h_gaussian_stats_equal_levels,r2p8_w128_di16,specific_humidity,600.0,0.0006076696712292109,0.0008373212416723542
24h_gaussian_stats_equal_levels,r2p8_w128_di16,specific_humidity,650.0,0.0006338792521687493,0.0008689928392555768
24h_gaussian_stats_equal_levels,r2p8_w128_di16,specific_humidity,700.0,0.000618718117049828,0.0009753541728627717
24h_gaussian_stats_equal_levels,r2p8_w128_di16,specific_humidity,750.0,0.0006096773663846114,0.0008412037588630711
24h_gaussian_stats_equal_levels,r2p8_w128_di16,specific_humidity,775.0,0.0005999278428823068,0.0007720036057800851
24h_gaussian_stats_equal_levels,r2p8_w128_di16,specific_humidity,800.0,0.000604993969775615,0.0007945614695907049
24h_gaussian_stats_equal_levels,r2p8_w128_di16,specific_humidity,825.0,0.0006303389051415197,0.0008320789929797204
24h_gaussian_stats_equal_levels,r2p8_w128_di16,specific_humidity,850.0,0.0006717155293129201,0.0009017283959690192
24h_gaussian_stats_equal_levels,r2p8_w128_di16,specific_humidity,875.0,0.0007259293371642373,0.0009274911036191698
24h_gaussian_stats_equal_levels,r2p8_w128_di16,specific_humidity,900.0,0.0008032333939708222,0.0010401378499295415
24h_gaussian_stats_equal_levels,r2p8_w128_di16,specific_humidity,925.0,0.000816177412397918,0.0010055902659993183
24h_gaussian_stats_equal_levels,r2p8_w128_di16,specific_humidity,950.0,0.0007329100069632935,0.0009214572837686713
24h_gaussian_stats_equal_levels,r2p8_w128_di16,specific_humidity,975.0,0.0006973437914117057,0.000807099301322539
24h_gaussian_stats_equal_levels,r2p8_w128_di16,specific_humidity,1000.0,0.0006813782331683285,0.0008803905987722559
24h_gaussian_stats_equal_levels,r2p8_w128_di16,specific_cloud_ice_water_content,1.0,1.28981904610107e-06,1.5120822573338858e-06
24h_gaussian_stats_equal_levels,r2p8_w128_di16,specific_cloud_ice_water_content,2.0,1.2634964172696151e-06,1.5111930594081066e-06
24h_gaussian_stats_equal_levels,r2p8_w128_di16,specific_cloud_ice_water_content,3.0,1.2628158318641747e-06,1.5170899919853935e-06
24h_gaussian_stats_equal_levels,r2p8_w128_di16,specific_cloud_ice_water_content,5.0,1.251860930937842e-06,1.5152930804868138e-06
24h_gaussian_stats_equal_levels,r2p8_w128_di16,specific_cloud_ice_water_content,7.0,1.2583891501856412e-06,1.5150420432586797e-06
24h_gaussian_stats_equal_levels,r2p8_w128_di16,specific_cloud_ice_water_content,10.0,1.2720264556760327e-06,1.5103052827706666e-06
24h_gaussian_stats_equal_levels,r2p8_w128_di16,specific_cloud_ice_water_content,20.0,8.969521857299055e-07,1.1460945344864307e-06
24h_gaussian_stats_equal_levels,r2p8_w128_di16,specific_cloud_ice_water_content,30.0,6.446115387552704e-07,9.261879498813648e-07
24h_gaussian_stats_equal_levels,r2p8_w128_di16,specific_cloud_ice_water_content,50.0,3.776943941888621e-07,7.276439874967961e-07
24h_gaussian_stats_equal_levels,r2p8_w128_di16,specific_cloud_ice_water_content,70.0,3.1269989193705234e-07,6.317680355745667e-07
24h_gaussian_stats_equal_levels,r2p8_w128_di16,specific_cloud_ice_water_content,100.0,8.853878658541509e-07,1.2457441353933472e-06
24h_gaussian_stats_equal_levels,r2p8_w128_di16,specific_cloud_ice_water_content,125.0,4.641591010453995e-06,5.280239595587789e-06
24h_gaussian_stats_equal_levels,r2p8_w128_di16,specific_cloud_ice_water_content,150.0,1.276165042831737e-05,1.4407979616502986e-05
24h_gaussian_stats_equal_levels,r2p8_w128_di16,specific_cloud_ice_water_content,175.0,2.1636997662016508e-05,2.6559696616751487e-05
24h_gaussian_stats_equal_levels,r2p8_w128_di16,specific_cloud_ice_water_content,200.0,3.0930101578262346e-05,4.346505518110719e-05
24h_gaussian_stats_equal_levels,r2p8_w128_di16,specific_cloud_ice_water_content,225.0,4.021833830901603e-05,6.7257125127798e-05
24h_gaussian_stats_equal_levels,r2p8_w128_di16,specific_cloud_ice_water_content,250.0,4.4514655540165026e-05,9.836583970955888e-05
24h_gaussian_stats_equal_levels,r2p8_w128_di16,specific_cloud_ice_water_content,300.0,4.2494367526021264e-05,9.416297437712203e-05
24h_gaussian_stats_equal_levels,r2p8_w128_di16,specific_cloud_ice_water_content,350.0,3.7868190525657036e-05,6.494085754331216e-05
24h_gaussian_stats_equal_levels,r2p8_w128_di16,specific_cloud_ice_water_content,400.0,2.8594748775759706e-05,3.956328265628915e-05
24h_gaussian_stats_equal_levels,r2p8_w128_di16,specific_cloud_ice_water_content,450.0,2.0866605865579226e-05,2.7117012043918534e-05
24h_gaussian_stats_equal_levels,r2p8_w128_di16,specific_cloud_ice_water_content,500.0,1.4853222536262782e-05,1.8605205407651285e-05
24h_gaussian_stats_equal_levels,r2p8_w128_di16,specific_cloud_ice_water_content,550.0,9.893469051426506e-06,1.2343949840921614e-05
24h_gaussian_stats_equal_levels,r2p8_w128_di16,specific_cloud_ice_water_content,600.0,6.9017432412311536e-06,8.510206377082017e-06
24h_gaussian_stats_equal_levels,r2p8_w128_di16,specific_cloud_ice_water_content,650.0,5.098099826486555e-06,6.280778489814148e-06
24h_gaussian_stats_equal_levels,r2p8_w128_di16,specific_cloud_ice_water_content,700.0,3.80519228923125e-06,4.512065032689435e-06
24h_gaussian_stats_equal_levels,r2p8_w128_di16,specific_cloud_ice_water_content,750.0,2.989467060296399e-06,3.532596465426874e-06
24h_gaussian_stats_equal_levels,r2p8_w128_di16,specific_cloud_ice_water_content,775.0,2.943500341153302e-06,3.3822009528759295e-06
24h_gaussian_stats_equal_levels,r2p8_w128_di16,specific_cloud_ice_water_content,800.0,2.9394776031514856e-06,3.5047549654075354e-06
24h_gaussian_stats_equal_levels,r2p8_w128_di16,specific_cloud_ice_water_content,825.0,2.8412788009982194e-06,3.2872513159970784e-06
24h_gaussian_stats_equal_levels,r2p8_w128_di16,specific_cloud_ice_water_content,850.0,2.4739653356481162e-06,2.7415583359836e-06
24h_gaussian_stats_equal_levels,r2p8_w128_di16,specific_cloud_ice_water_content,875.0,2.000067833131095e-06,2.228992025882797e-06
24h_gaussian_stats_equal_levels,r2p8_w128_di16,specific_cloud_ice_water_content,900.0,1.6305553508908922e-06,1.9343498840523364e-06
24h_gaussian_stats_equal_levels,r2p8_w128_di16,specific_cloud_ice_water_content,925.0,1.3099378201031126e-06,1.6851065787367096e-06
24h_gaussian_stats_equal_levels,r2p8_w128_di16,specific_cloud_ice_water_content,950.0,9.543371043401312e-07,1.2114302461058679e-06
24h_gaussian_stats_equal_levels,r2p8_w128_di16,specific_cloud_ice_water_content,975.0,6.573396164186978e-07,7.919540236830013e-07
24h_gaussian_stats_equal_levels,r2p8_w128_di16,specific_cloud_ice_water_content,1000.0,5.470358653352238e-07,6.854437920522665e-07
24h_gaussian_stats_equal_levels,r2p8_w128_di16,specific_cloud_liquid_water_content,1.0,1.0013963571122764e-06,1.7580986768196473e-06
24h_gaussian_stats_equal_levels,r2p8_w128_di16,specific_cloud_liquid_water_content,2.0,1.0040157867105975e-06,1.7583231703418427e-06
24h_gaussian_stats_equal_levels,r2p8_w128_di16,specific_cloud_liquid_water_content,3.0,9.918019151737805e-07,1.7565040666532735e-06
24h_gaussian_stats_equal_levels,r2p8_w128_di16,specific_cloud_liquid_water_content,5.0,1.0012322023377332e-06,1.7614076237491788e-06
24h_gaussian_stats_equal_levels,r2p8_w128_di16,specific_cloud_liquid_water_content,7.0,1.0141430360945545e-06,1.7617024334212374e-06
24h_gaussian_stats_equal_levels,r2p8_w128_di16,specific_cloud_liquid_water_content,10.0,9.933243958539123e-07,1.7499070445364904e-06
24h_gaussian_stats_equal_levels,r2p8_w128_di16,specific_cloud_liquid_water_content,20.0,7.687284625392788e-07,1.3693504925132316e-06
24h_gaussian_stats_equal_levels,r2p8_w128_di16,specific_cloud_liquid_water_content,30.0,5.620153604152445e-07,1.09740978816321e-06
24h_gaussian_stats_equal_levels,r2p8_w128_di16,specific_cloud_liquid_water_content,50.0,5.273078135361731e-07,1.8075391406775964e-06
24h_gaussian_stats_equal_levels,r2p8_w128_di16,specific_cloud_liquid_water_content,70.0,3.465302222882033e-07,1.7697419490409858e-06
24h_gaussian_stats_equal_levels,r2p8_w128_di16,specific_cloud_liquid_water_content,100.0,3.317145094739693e-07,1.1304078280683458e-06
24h_gaussian_stats_equal_levels,r2p8_w128_di16,specific_cloud_liquid_water_content,125.0,2.8494810619104905e-07,1.0160676413651175e-06
24h_gaussian_stats_equal_levels,r2p8_w128_di16,specific_cloud_liquid_water_content,150.0,3.2682536040308543e-07,8.624062214411081e-07
24h_gaussian_stats_equal_levels,r2p8_w128_di16,specific_cloud_liquid_water_content,175.0,4.0118788354345984e-07,6.683131490018238e-07
24h_gaussian_stats_equal_levels,r2p8_w128_di16,specific_cloud_liquid_water_content,200.0,4.779243384982044e-07,8.270605334083065e-07
24h_gaussian_stats_equal_levels,r2p8_w128_di16,specific_cloud_liquid_water_content,225.0,4.138239836318979e-07,5.646434065022991e-07
24h_gaussian_stats_equal_levels,r2p8_w128_di16,specific_cloud_liquid_water_content,250.0,4.55274433543418e-07,7.017208380565239e-07
24h_gaussian_stats_equal_levels,r2p8_w128_di16,specific_cloud_liquid_water_content,300.0,7.36997357441055e-07,9.837563781400852e-07
24h_gaussian_stats_equal_levels,r2p8_w128_di16,specific_cloud_liquid_water_content,350.0,1.1447700533644716e-06,1.5151612973367405e-06
24h_gaussian_stats_equal_levels,r2p8_w128_di16,specific_cloud_liquid_water_content,400.0,2.233181044935369e-06,2.9404006600252417e-06
24h_gaussian_stats_equal_levels,r2p8_w128_di16,specific_cloud_liquid_water_content,450.0,5.073069524811013e-06,5.986163576200687e-06
24h_gaussian_stats_equal_levels,r2p8_w128_di16,specific_cloud_liquid_water_content,500.0,1.1143039604280458e-05,1.2517641507113275e-05
24h_gaussian_stats_equal_levels,r2p8_w128_di16,specific_cloud_liquid_water_content,550.0,1.8795576213177452e-05,1.9856892388269946e-05
24h_gaussian_stats_equal_levels,r2p8_w128_di16,specific_cloud_liquid_water_content,600.0,1.5097431908874145e-05,1.654102888223394e-05
24h_gaussian_stats_equal_levels,r2p8_w128_di16,specific_cloud_liquid_water_content,650.0,1.524937562607035e-05,1.6696224898775734e-05
24h_gaussian_stats_equal_levels,r2p8_w128_di16,specific_cloud_liquid_water_content,700.0,1.8700495407667486e-05,2.0340026670562658e-05
24h_gaussian_stats_equal_levels,r2p8_w128_di16,specific_cloud_liquid_water_content,750.0,2.396989170452075e-05,2.5975742980664407e-05
24h_gaussian_stats_equal_levels,r2p8_w128_di16,specific_cloud_liquid_water_content,775.0,2.698898714721502e-05,2.9522892608404013e-05
24h_gaussian_stats_equal_levels,r2p8_w128_di16,specific_cloud_liquid_water_content,800.0,3.11637500220937e-05,3.989829620206292e-05
24h_gaussian_stats_equal_levels,r2p8_w128_di16,specific_cloud_liquid_water_content,825.0,4.083497373636909e-05,5.8701592565485835e-05
24h_gaussian_stats_equal_levels,r2p8_w128_di16,specific_cloud_liquid_water_content,850.0,4.84405231575698e-05,9.714355110283148e-05
24h_gaussian_stats_equal_levels,r2p8_w128_di16,specific_cloud_liquid_water_content,875.0,4.965682965805356e-05,0.00014647462941971465
24h_gaussian_stats_equal_levels,r2p8_w128_di16,specific_cloud_liquid_water_content,900.0,4.438954656987719e-05,0.00011692918102226165
24h_gaussian_stats_equal_levels,r2p8_w128_di16,specific_cloud_liquid_water_content,925.0,3.573160442621913e-05,6.222271039326143e-05
24h_gaussian_stats_equal_levels,r2p8_w128_di16,specific_cloud_liquid_water_content,950.0,2.4711919722278924e-05,6.0683070311949366e-05
24h_gaussian_stats_equal_levels,r2p8_w128_di16,specific_cloud_liquid_water_content,975.0,1.491518311173466e-05,4.671840219092871e-05
24h_gaussian_stats_equal_levels,r2p8_w128_di16,specific_cloud_liquid_water_content,1000.0,8.760704631589121e-06,1.4721099314286477e-05
24h_gaussian_stats_equal_levels,r2p8_w128_di32,temperature,1.0,0.2075880347965553,0.8781371643576823
24h_gaussian_stats_equal_levels,r2p8_w128_di32,temperature,2.0,0.1365390529952827,2.150043001285129
24h_gaussian_stats_equal_levels,r2p8_w128_di32,temperature,3.0,0.0894133937553099,2.698679642545917
24h_gaussian_stats_equal_levels,r2p8_w128_di32,temperature,5.0,0.05067431204112027,2.0671472231262165
24h_gaussian_stats_equal_levels,r2p8_w128_di32,temperature,7.0,0.03377265215445935,1.4552765418208153
24h_gaussian_stats_equal_levels,r2p8_w128_di32,temperature,10.0,0.019136740629634746,0.9960448499982983
24h_gaussian_stats_equal_levels,r2p8_w128_di32,temperature,20.0,0.014440563613528905,0.12594073423592864
24h_gaussian_stats_equal_levels,r2p8_w128_di32,temperature,30.0,0.01068819280576068,0.015051214461621895
24h_gaussian_stats_equal_levels,r2p8_w128_di32,temperature,50.0,0.0010515439909865177,0.08502614050415051
24h_gaussian_stats_equal_levels,r2p8_w128_di32,temperature,70.0,0.0010235885054325035,0.013408910636621342
24h_gaussian_stats_equal_levels,r2p8_w128_di32,temperature,100.0,0.000706172048838296,0.004798418244979926
24h_gaussian_stats_equal_levels,r2p8_w128_di32,temperature,125.0,0.0004676557384539477,0.005569459460200511
24h_gaussian_stats_equal_levels,r2p8_w128_di32,temperature,150.0,0.00037584642340247074,0.0018112528316647442
24h_gaussian_stats_equal_levels,r2p8_w128_di32,temperature,175.0,0.0003438332103213261,0.0008030214714756566
24h_gaussian_stats_equal_levels,r2p8_w128_di32,temperature,200.0,0.00035857659729322176,0.000497990050656995
24h_gaussian_stats_equal_levels,r2p8_w128_di32,temperature,225.0,0.0003732092379446155,0.0005414854807183723
24h_gaussian_stats_equal_levels,r2p8_w128_di32,temperature,250.0,0.0003652404937894036,0.000540202029537889
24h_gaussian_stats_equal_levels,r2p8_w128_di32,temperature,300.0,0.0003372404621966835,0.0005036433721484778
24h_gaussian_stats_equal_levels,r2p8_w128_di32,temperature,350.0,0.00031310790330159517,0.00043125016173751996
24h_gaussian_stats_equal_levels,r2p8_w128_di32,temperature,400.0,0.0003068392695018126,0.0003886678884057956
24h_gaussian_stats_equal_levels,r2p8_w128_di32,temperature,450.0,0.00030713257722478674,0.0003637835580240464
24h_gaussian_stats_equal_levels,r2p8_w128_di32,temperature,500.0,0.00030664443640083237,0.0003632706568341711
24h_gaussian_stats_equal_levels,r2p8_w128_di32,temperature,550.0,0.0003206849502511781,0.00038046957675888005
24h_gaussian_stats_equal_levels,r2p8_w128_di32,temperature,600.0,0.0003393879489347588,0.000412405140755534
24h_gaussian_stats_equal_levels,r2p8_w128_di32,temperature,650.0,0.00036553807853789314,0.00044684986245548943
24h_gaussian_stats_equal_levels,r2p8_w128_di32,temperature,700.0,0.0003957210385534462,0.0004823240879407497
24h_gaussian_stats_equal_levels,r2p8_w128_di32,temperature,750.0,0.0004512042215041145,0.0005407211175715666
24h_gaussian_stats_equal_levels,r2p8_w128_di32,temperature,775.0,0.00048065496902565866,0.0005536108167723113
24h_gaussian_stats_equal_levels,r2p8_w128_di32,temperature,800.0,0.0005256573760042759,0.0006807166359147343
24h_gaussian_stats_equal_levels,r2p8_w128_di32,temperature,825.0,0.0005977889053062755,0.0007572005338594291
24h_gaussian_stats_equal_levels,r2p8_w128_di32,temperature,850.0,0.0006442503698758104,0.000976310990518211
24h_gaussian_stats_equal_levels,r2p8_w128_di32,temperature,875.0,0.0006581030446741614,0.0010118314459153874
24h_gaussian_stats_equal_levels,r2p8_w128_di32,temperature,900.0,0.0006574933689208825,0.0008965371115737
24h_gaussian_stats_equal_levels,r2p8_w128_di32,temperature,925.0,0.0006661655358503192,0.0008999438798856371
24h_gaussian_stats_equal_levels,r2p8_w128_di32,temperature,950.0,0.0006994832821276457,0.0009363050702402603
24h_gaussian_stats_equal_levels,r2p8_w128_di32,temperature,975.0,0.0007732575294739415,0.001005893615808508
24h_gaussian_stats_equal_levels,r2p8_w128_di32,temperature,1000.0,0.0008067311228944102,0.0010948809300194101
24h_gaussian_stats_equal_levels,r2p8_w128_di32,geopotential,1.0,181.3375072205243,4.769388705161057
24h_gaussian_stats_equal_levels,r2p8_w128_di32,geopotential,2.0,84.57085302790576,0.8649674217454916
24h_gaussian_stats_equal_levels,r2p8_w128_di32,geopotential,3.0,48.09347468256172,0.47812438290534715
24h_gaussian_stats_equal_levels,r2p8_w128_di32,geopotential,5.0,18.09316016196394,0.24282974735088617
24h_gaussian_stats_equal_levels,r2p8_w128_di32,geopotential,7.0,7.204049845318821,0.11293396267808563
24h_gaussian_stats_equal_levels,r2p8_w128_di32,geopotential,10.0,1.5146431226809247,0.05246068272318377
24h_gaussian_stats_equal_levels,r2p8_w128_di32,geopotential,20.0,0.3751109551665176,0.14676008257550252
24h_gaussian_stats_equal_levels,r2p8_w128_di32,geopotential,30.0,0.6296285267813916,0.07806544550346273
24h_gaussian_stats_equal_levels,r2p8_w128_di32,geopotential,50.0,0.0007109658835012375,0.011103714596124312
24h_gaussian_stats_equal_levels,r2p8_w128_di32,geopotential,70.0,0.0006133650953816668,0.012704934805119689
24h_gaussian_stats_equal_levels,r2p8_w128_di32,geopotential,100.0,0.00039053905099360785,0.0013206923856072532
24h_gaussian_stats_equal_levels,r2p8_w128_di32,geopotential,125.0,0.00032102272550547294,0.0004005390905848427
24h_gaussian_stats_equal_levels,r2p8_w128_di32,geopotential,150.0,0.000290314549201398,0.000366940056757397
24h_gaussian_stats_equal_levels,r2p8_w128_di32,geopotential,175.0,0.0002810143446043314,0.0006315307132874626
24h_gaussian_stats_equal_levels,r2p8_w128_di32,geopotential,200.0,0.0002791618593020385,0.00038635019830196403
24h_gaussian_stats_equal_levels,r2p8_w128_di32,geopotential,225.0,0.00026766055269333735,0.00035817833997493114
24h_gaussian_stats_equal_levels,r2p8_w128_di32,geopotential,250.0,0.00026620965696703524,0.00032528497549534456
24h_gaussian_stats_equal_levels,r2p8_w128_di32,geopotential,300.0,0.00026600446910703455,0.0004367236678310592
24h_gaussian_stats_equal_levels,r2p8_w128_di32,geopotential,350.0,0.00025312802994266356,0.0003320168207136473
24h_gaussian_stats_equal_levels,r2p8_w128_di32,geopotential,400.0,0.00023360034902268108,0.00030620008017558597
24h_gaussian_stats_equal_levels,r2p8_w128_di32,geopotential,450.0,0.00021435611521532585,0.00027383718063807543
24h_gaussian_stats_equal_levels,r2p8_w128_di32,geopotential,500.0,0.00019740842995107354,0.0002537267442267976
24h_gaussian_stats_equal_levels,r2p8_w128_di32,geopotential,550.0,0.0001838923405483934,0.00024188294788490087
24h_gaussian_stats_equal_levels,r2p8_w128_di32,geopotential,600.0,0.0001753841533072935,0.0002256451335538431
24h_gaussian_stats_equal_levels,r2p8_w128_di32,geopotential,650.0,0.00016959672382368447,0.00023203788498715223
24h_gaussian_stats_equal_levels,r2p8_w128_di32,geopotential,700.0,0.00016829700551093384,0.00022861884400772966
24h_gaussian_stats_equal_levels,r2p8_w128_di32,geopotential,750.0,0.00016825418889131834,0.00023235779176070844
24h_gaussian_stats_equal_levels,r2p8_w128_di32,geopotential,775.0,0.00017043923860031375,0.00023988362519146417
24h_gaussian_stats_equal_levels,r2p8_w128_di32,geopotential,800.0,0.0001724452946177116,0.00023949682077219382
24h_gaussian_stats_equal_levels,r2p8_w128_di32,geopotential,825.0,0.00017577968532757584,0.0002396235028158738
24h_gaussian_stats_equal_levels,r2p8_w128_di32,geopotential,850.0,0.00017982853187001853,0.00024846683842326243
24h_gaussian_stats_equal_levels,r2p8_w128_di32,geopotential,875.0,0.0001846015555164994,0.00026268531071085014
24h_gaussian_stats_equal_levels,r2p8_w128_di32,geopotential,900.0,0.00019259248824633974,0.00027481536820003863
24h_gaussian_stats_equal_levels,r2p8_w128_di32,geopotential,925.0,0.00020208799985832007,0.00029203048776703746
24h_gaussian_stats_equal_levels,r2p8_w128_di32,geopotential,950.0,0.00021275230882751106,0.00031692939463770145
24h_gaussian_stats_equal_levels,r2p8_w128_di32,geopotential,975.0,0.0002293000505086709,0.0003689071233017161
24h_gaussian_stats_equal_levels,r2p8_w128_di32,geopotential,1000.0,0.0002527177299441065,0.00046874082359863145
24h_gaussian_stats_equal_levels,r2p8_w128_di32,u_component_of_wind,1.0,0.32776840544692565,0.6713530605266468
24h_gaussian_stats_equal_levels,r2p8_w128_di32,u_component_of_wind,2.0,0.2064164547613145,0.289036788375327
24h_gaussian_stats_equal_levels,r2p8_w128_di32,u_component_of_wind,3.0,0.12952268707217307,0.1838129867766246
24h_gaussian_stats_equal_levels,r2p8_w128_di32,u_component_of_wind,5.0,0.06328279280776546,0.08377583492767275
24h_gaussian_stats_equal_levels,r2p8_w128_di32,u_component_of_wind,7.0,0.04299708512966518,0.055244602075739335
24h_gaussian_stats_equal_levels,r2p8_w128_di32,u_component_of_wind,10.0,0.0308849962611074,0.044380059603387284
24h_gaussian_stats_equal_levels,r2p8_w128_di32,u_component_of_wind,20.0,0.01214126419369513,0.02142837502922287
24h_gaussian_stats_equal_levels,r2p8_w128_di32,u_component_of_wind,30.0,0.011875436484820293,0.015897587592864398
24h_gaussian_stats_equal_levels,r2p8_w128_di32,u_component_of_wind,50.0,0.0005130403964449026,0.0028369064981405862
24h_gaussian_stats_equal_levels,r2p8_w128_di32,u_component_of_wind,70.0,0.000508815446551051,0.001089566395800891
24h_gaussian_stats_equal_levels,r2p8_w128_di32,u_component_of_wind,100.0,0.00059158448433147,0.0012079110407912852
24h_gaussian_stats_equal_levels,r2p8_w128_di32,u_component_of_wind,125.0,0.0006432808068893386,0.001005253793315378
24h_gaussian_stats_equal_levels,r2p8_w128_di32,u_component_of_wind,150.0,0.0006784228638245059,0.0011922376829637772
24h_gaussian_stats_equal_levels,r2p8_w128_di32,u_component_of_wind,175.0,0.000690175267948421,0.0011346063493174097
24h_gaussian_stats_equal_levels,r2p8_w128_di32,u_component_of_wind,200.0,0.000723754272687697,0.0011484371962376132
24h_gaussian_stats_equal_levels,r2p8_w128_di32,u_component_of_wind,225.0,0.0007934711959465343,0.0012300058240048923
24h_gaussian_stats_equal_levels,r2p8_w128_di32,u_component_of_wind,250.0,0.0008525916672619372,0.0012685687236099977
24h_gaussian_stats_equal_levels,r2p8_w128_di32,u_component_of_wind,300.0,0.0008943678297298577,0.001609300176294119
24h_gaussian_stats_equal_levels,r2p8_w128_di32,u_component_of_wind,350.0,0.0008194434589372931,0.0017788513283402488
24h_gaussian_stats_equal_levels,r2p8_w128_di32,u_component_of_wind,400.0,0.000721444274532436,0.0010473962393941418
24h_gaussian_stats_equal_levels,r2p8_w128_di32,u_component_of_wind,450.0,0.000636281292238246,0.0008837934589078734
24h_gaussian_stats_equal_levels,r2p8_w128_di32,u_component_of_wind,500.0,0.0005667807631561254,0.0007021196479161888
24h_gaussian_stats_equal_levels,r2p8_w128_di32,u_component_of_wind,550.0,0.0005271226080111787,0.0006120419809576224
24h_gaussian_stats_equal_levels,r2p8_w128_di32,u_component_of_wind,600.0,0.0004924424163051958,0.0005636746620095869
24h_gaussian_stats_equal_levels,r2p8_w128_di32,u_component_of_wind,650.0,0.0004735473071462216,0.0006431201981614588
24h_gaussian_stats_equal_levels,r2p8_w128_di32,u_component_of_wind,700.0,0.00045481227758810037,0.0005992717258043348
24h_gaussian_stats_equal_levels,r2p8_w128_di32,u_component_of_wind,750.0,0.0004381275000697374,0.0004942882070237147
24h_gaussian_stats_equal_levels,r2p8_w128_di32,u_component_of_wind,775.0,0.00042823803991540995,0.0005032953992799252
24h_gaussian_stats_equal_levels,r2p8_w128_di32,u_component_of_wind,800.0,0.00042068528431638545,0.00048138594226426897
24h_gaussian_stats_equal_levels,r2p8_w128_di32,u_component_of_wind,825.0,0.0004125649857755014,0.00047195813556944735
24h_gaussian_stats_equal_levels,r2p8_w128_di32,u_component_of_wind,850.0,0.0003993003623691676,0.00046062345686803484
24h_gaussian_stats_equal_levels,r2p8_w128_di32,u_component_of_wind,875.0,0.00038354017072717613,0.00045203382536585044
24h_gaussian_stats_equal_levels,r2p8_w128_di32,u_component_of_wind,900.0,0.0003706031442777955,0.00044644265145383344
24h_gaussian_stats_equal_levels,r2p8_w128_di32,u_component_of_wind,925.0,0.0003630775820264909,0.00044831132276984206
24h_gaussian_stats_equal_levels,r2p8_w128_di32,u_component_of_wind,950.0,0.00034656286425189435,0.0004483584842040609
24h_gaussian_stats_equal_levels,r2p8_w128_di32,u_component_of_wind,975.0,0.0003081933385846967,0.00042833574667831766
24h_gaussian_stats_equal_levels,r2p8_w128_di32,u_component_of_wind,1000.0,0.00025680871334717384,0.00038853748557235256
24h_gaussian_stats_equal_levels,r2p8_w128_di32,v_component_of_wind,1.0,0.03920778306863587,0.04611838918662413
24h_gaussian_stats_equal_levels,r2p8_w128_di32,v_component_of_wind,2.0,0.023966353108996342,0.03015779538740658
24h_gaussian_stats_equal_levels,r2p8_w128_di32,v_component_of_wind,3.0,0.017137635325787725,0.02332237087681162
24h_gaussian_stats_equal_levels,r2p8_w128_di32,v_component_of_wind,5.0,0.010773489449177961,0.014357396648662927
24h_gaussian_stats_equal_levels,r2p8_w128_di32,v_component_of_wind,7.0,0.008147477344540533,0.010309377719385254
24h_gaussian_stats_equal_levels,r2p8_w128_di32,v_component_of_wind,10.0,0.005638737396594826,0.006811006223507334
24h_gaussian_stats_equal_levels,r2p8_w128_di32,v_component_of_wind,20.0,0.0032447855000606388,0.003562214521285919
24h_gaussian_stats_equal_levels,r2p8_w128_di32,v_component_of_wind,30.0,0.002699493977653808,0.004024638888921389
24h_gaussian_stats_equal_levels,r2p8_w128_di32,v_component_of_wind,50.0,0.0003813413414031636,0.002214000045437862
24h_gaussian_stats_equal_levels,r2p8_w128_di32,v_component_of_wind,70.0,0.0003979425000006652,0.012609321061683738
24h_gaussian_stats_equal_levels,r2p8_w128_di32,v_component_of_wind,100.0,0.00044744739189504486,0.0012017891913579386
24h_gaussian_stats_equal_levels,r2p8_w128_di32,v_component_of_wind,125.0,0.00048240877286730816,0.0012053227854552327
24h_gaussian_stats_equal_levels,r2p8_w128_di32,v_component_of_wind,150.0,0.0004907207062155853,0.0009845484116233337
24h_gaussian_stats_equal_levels,r2p8_w128_di32,v_component_of_wind,175.0,0.0004890933060627899,0.0008070940993015409
24h_gaussian_stats_equal_levels,r2p8_w128_di32,v_component_of_wind,200.0,0.0005111082403427989,0.0007368039685768107
24h_gaussian_stats_equal_levels,r2p8_w128_di32,v_component_of_wind,225.0,0.0005780204685279594,0.0009580461296215567
24h_gaussian_stats_equal_levels,r2p8_w128_di32,v_component_of_wind,250.0,0.0006434728862961391,0.0012284478692814235
24h_gaussian_stats_equal_levels,r2p8_w128_di32,v_component_of_wind,300.0,0.0007245083171718032,0.0012766361440347516
24h_gaussian_stats_equal_levels,r2p8_w128_di32,v_component_of_wind,350.0,0.0006852072565541145,0.001218647026510298
24h_gaussian_stats_equal_levels,r2p8_w128_di32,v_component_of_wind,400.0,0.00060681895239978,0.0008216585602121832
24h_gaussian_stats_equal_levels,r2p8_w128_di32,v_component_of_wind,450.0,0.0005305620393316184,0.0007332238005983792
24h_gaussian_stats_equal_levels,r2p8_w128_di32,v_component_of_wind,500.0,0.0004682200791801968,0.0006339533028942114
24h_gaussian_stats_equal_levels,r2p8_w128_di32,v_component_of_wind,550.0,0.0004311042521765007,0.0005339317784991708
24h_gaussian_stats_equal_levels,r2p8_w128_di32,v_component_of_wind,600.0,0.00039979908855612885,0.000495971551306951
24h_gaussian_stats_equal_levels,r2p8_w128_di32,v_component_of_wind,650.0,0.00038147459483497536,0.0005263229147985559
24h_gaussian_stats_equal_levels,r2p8_w128_di32,v_component_of_wind,700.0,0.00036636266777709237,0.0004628747750053188
24h_gaussian_stats_equal_levels,r2p8_w128_di32,v_component_of_wind,750.0,0.0003536686611349996,0.0004403602419045547
24h_gaussian_stats_equal_levels,r2p8_w128_di32,v_component_of_wind,775.0,0.0003470884449348665,0.0004753979998309987
24h_gaussian_stats_equal_levels,r2p8_w128_di32,v_component_of_wind,800.0,0.0003416555948830327,0.0005655854423122552
24h_gaussian_stats_equal_levels,r2p8_w128_di32,v_component_of_wind,825.0,0.00033621852189868627,0.00046969418012232915
24h_gaussian_stats_equal_levels,r2p8_w128_di32,v_component_of_wind,850.0,0.0003281049228182465,0.0004606124718105379
24h_gaussian_stats_equal_levels,r2p8_w128_di32,v_component_of_wind,875.0,0.00031862249917985583,0.0004581127195287807
24h_gaussian_stats_equal_levels,r2p8_w128_di32,v_component_of_wind,900.0,0.0003121911441535935,0.000420233589631665
24h_gaussian_stats_equal_levels,r2p8_w128_di32,v_component_of_wind,925.0,0.00030502586475122354,0.00039539951782969476
24h_gaussian_stats_equal_levels,r2p8_w128_di32,v_component_of_wind,950.0,0.00029115877689444127,0.0004038474457862646
24h_gaussian_stats_equal_levels,r2p8_w128_di32,v_component_of_wind,975.0,0.00025627770338631345,0.0003662145920630296
24h_gaussian_stats_equal_levels,r2p8_w128_di32,v_component_of_wind,1000.0,0.00020901236261297533,0.00029296919660267925
24h_gaussian_stats_equal_levels,r2p8_w128_di32,specific_humidity,1.0,1.6059827034974974,0.23043827660026706
24h_gaussian_stats_equal_levels,r2p8_w128_di32,specific_humidity,2.0,1.3601423509610864,0.11991619944884009
24h_gaussian_stats_equal_levels,r2p8_w128_di32,specific_humidity,3.0,0.8747966955766732,0.07736186085881469
24h_gaussian_stats_equal_levels,r2p8_w128_di32,specific_humidity,5.0,0.3891146523785478,0.14604584713521193
24h_gaussian_stats_equal_levels,r2p8_w128_di32,specific_humidity,7.0,0.21603789853168343,0.22006849886640512
24h_gaussian_stats_equal_levels,r2p8_w128_di32,specific_humidity,10.0,0.11970605404702826,0.3416464341240899
24h_gaussian_stats_equal_levels,r2p8_w128_di32,specific_humidity,20.0,0.03361447951273257,0.32774227950063367
24h_gaussian_stats_equal_levels,r2p8_w128_di32,specific_humidity,30.0,0.02069632975473494,0.052775439466144096
24h_gaussian_stats_equal_levels,r2p8_w128_di32,specific_humidity,50.0,0.00021133840003411774,0.18932876761485729
24h_gaussian_stats_equal_levels,r2p8_w128_di32,specific_humidity,70.0,0.00044060459575654765,0.013367632458378333
24h_gaussian_stats_equal_levels,r2p8_w128_di32,specific_humidity,100.0,0.0007513032568414529,0.0019464676013128083
24h_gaussian_stats_equal_levels,r2p8_w128_di32,specific_humidity,125.0,0.0008114027932038799,0.0027940078035661752
24h_gaussian_stats_equal_levels,r2p8_w128_di32,specific_humidity,150.0,0.0007887075587568762,0.0024942654675426043
24h_gaussian_stats_equal_levels,r2p8_w128_di32,specific_humidity,175.0,0.0007333170490947632,0.0022099513689213604
24h_gaussian_stats_equal_levels,r2p8_w128_di32,specific_humidity,200.0,0.0007150358554482506,0.0011554727132314078
24h_gaussian_stats_equal_levels,r2p8_w128_di32,specific_humidity,225.0,0.0007085707365757865,0.0011210672574046895
24h_gaussian_stats_equal_levels,r2p8_w128_di32,specific_humidity,250.0,0.0006936017022303463,0.001174660184525382
24h_gaussian_stats_equal_levels,r2p8_w128_di32,specific_humidity,300.0,0.0006620813371569724,0.001369765435711927
24h_gaussian_stats_equal_levels,r2p8_w128_di32,specific_humidity,350.0,0.0006536534593746563,0.0011202067111155366
24h_gaussian_stats_equal_levels,r2p8_w128_di32,specific_humidity,400.0,0.0006264510806623474,0.0011298058975912147
24h_gaussian_stats_equal_levels,r2p8_w128_di32,specific_humidity,450.0,0.0006169988713080181,0.00092099530891906
24h_gaussian_stats_equal_levels,r2p8_w128_di32,specific_humidity,500.0,0.0005949998847520823,0.000778419664927425
24h_gaussian_stats_equal_levels,r2p8_w128_di32,specific_humidity,550.0,0.0006025492778272589,0.0007328583158794107
24h_gaussian_stats_equal_levels,r2p8_w128_di32,specific_humidity,600.0,0.0006076696712292109,0.0008308986139312514
24h_gaussian_stats_equal_levels,r2p8_w128_di32,specific_humidity,650.0,0.0006338792521687493,0.0008605069602347698
24h_gaussian_stats_equal_levels,r2p8_w128_di32,specific_humidity,700.0,0.000618718117049828,0.0009689021520441149
24h_gaussian_stats_equal_levels,r2p8_w128_di32,specific_humidity,750.0,0.0006096773663846114,0.0008378589105245145
24h_gaussian_stats_equal_levels,r2p8_w128_di32,specific_humidity,775.0,0.0005999278428823068,0.0007668785118740752
24h_gaussian_stats_equal_levels,r2p8_w128_di32,specific_humidity,800.0,0.000604993969775615,0.0007950353434408629
24h_gaussian_stats_equal_levels,r2p8_w128_di32,specific_humidity,825.0,0.0006303389051415197,0.0008304563965993866
24h_gaussian_stats_equal_levels,r2p8_w128_di32,specific_humidity,850.0,0.0006717155293129201,0.0009010982431655067
24h_gaussian_stats_equal_levels,r2p8_w128_di32,specific_humidity,875.0,0.0007259293371642373,0.0009244597559303022
24h_gaussian_stats_equal_levels,r2p8_w128_di32,specific_humidity,900.0,0.0008032333939708222,0.0010384217746372173
24h_gaussian_stats_equal_levels,r2p8_w128_di32,specific_humidity,925.0,0.000816177412397918,0.0010046034027420896
24h_gaussian_stats_equal_levels,r2p8_w128_di32,specific_humidity,950.0,0.0007329100069632935,0.0009213309076438026
24h_gaussian_stats_equal_levels,r2p8_w128_di32,specific_humidity,975.0,0.0006973437914117057,0.0008039462221017218
24h_gaussian_stats_equal_levels,r2p8_w128_di32,specific_humidity,1000.0,0.0006813782331683285,0.0008758589439294899
24h_gaussian_stats_equal_levels,r2p8_w128_di32,specific_cloud_ice_water_content,1.0,1.28981904610107e-06,1.5444329026036784e-06
24h_gaussian_stats_equal_levels,r2p8_w128_di32,specific_cloud_ice_water_content,2.0,1.2634964172696151e-06,1.5396339926467655e-06
24h_gaussian_stats_equal_levels,r2p8_w128_di32,specific_cloud_ice_water_content,3.0,1.2628158318641747e-06,1.5461420372402846e-06
24h_gaussian_stats_equal_levels,r2p8_w128_di32,specific_cloud_ice_water_content,5.0,1.251860930937842e-06,1.5441161645935024e-06
24h_gaussian_stats_equal_levels,r2p8_w128_di32,specific_cloud_ice_water_content,7.0,1.2583891501856412e-06,1.5439048795150674e-06
24h_gaussian_stats_equal_levels,r2p8_w128_di32,specific_cloud_ice_water_content,10.0,1.2720264556760327e-06,1.5404120228016634e-06
24h_gaussian_stats_equal_levels,r2p8_w128_di32,specific_cloud_ice_water_content,20.0,8.969521857299055e-07,1.1602326748422253e-06
24h_gaussian_stats_equal_levels,r2p8_w128_di32,specific_cloud_ice_water_content,30.0,6.446115387552704e-07,9.30256982444678e-07
24h_gaussian_stats_equal_levels,r2p8_w128_di32,specific_cloud_ice_water_content,50.0,3.776943941888621e-07,7.259964062869373e-07
24h_gaussian_stats_equal_levels,r2p8_w128_di32,specific_cloud_ice_water_content,70.0,3.1269989193705234e-07,6.205356868201916e-07
24h_gaussian_stats_equal_levels,r2p8_w128_di32,specific_cloud_ice_water_content,100.0,8.853878658541509e-07,1.231931548469304e-06
24h_gaussian_stats_equal_levels,r2p8_w128_di32,specific_cloud_ice_water_content,125.0,4.641591010453995e-06,5.2520749660879865e-06
24h_gaussian_stats_equal_levels,r2p8_w128_di32,specific_cloud_ice_water_content,150.0,1.276165042831737e-05,1.4337099878256683e-05
24h_gaussian_stats_equal_levels,r2p8_w128_di32,specific_cloud_ice_water_content,175.0,2.1636997662016508e-05,2.6345489409692642e-05
24h_gaussian_stats_equal_levels,r2p8_w128_di32,specific_cloud_ice_water_content,200.0,3.0930101578262346e-05,4.28721537618958e-05
24h_gaussian_stats_equal_levels,r2p8_w128_di32,specific_cloud_ice_water_content,225.0,4.021833830901603e-05,6.560113168440275e-05
24h_gaussian_stats_equal_levels,r2p8_w128_di32,specific_cloud_ice_water_content,250.0,4.4514655540165026e-05,9.439789396358962e-05
24h_gaussian_stats_equal_levels,r2p8_w128_di32,specific_cloud_ice_water_content,300.0,4.2494367526021264e-05,9.146477130381084e-05
24h_gaussian_stats_equal_levels,r2p8_w128_di32,specific_cloud_ice_water_content,350.0,3.7868190525657036e-05,6.383112030431007e-05
24h_gaussian_stats_equal_levels,r2p8_w128_di32,specific_cloud_ice_water_content,400.0,2.8594748775759706e-05,3.915148196586143e-05
24h_gaussian_stats_equal_levels,r2p8_w128_di32,specific_cloud_ice_water_content,450.0,2.0866605865579226e-05,2.691029466552409e-05
24h_gaussian_stats_equal_levels,r2p8_w128_di32,specific_cloud_ice_water_content,500.0,1.4853222536262782e-05,1.8542814132312455e-05
24h_gaussian_stats_equal_levels,r2p8_w128_di32,specific_cloud_ice_water_content,550.0,9.893469051426506e-06,1.2319097659994571e-05
24h_gaussian_stats_equal_levels,r2p8_w128_di32,specific_cloud_ice_water_content,600.0,6.9017432412311536e-06,8.498714262245958e-06
24h_gaussian_stats_equal_levels,r2p8_w128_di32,specific_cloud_ice_water_content,650.0,5.098099826486555e-06,6.255997468224118e-06
24h_gaussian_stats_equal_levels,r2p8_w128_di32,specific_cloud_ice_water_content,700.0,3.80519228923125e-06,4.49153832790278e-06
24h_gaussian_stats_equal_levels,r2p8_w128_di32,specific_cloud_ice_water_content,750.0,2.989467060296399e-06,3.532436436530469e-06
24h_gaussian_stats_equal_levels,r2p8_w128_di32,specific_cloud_ice_water_content,775.0,2.943500341153302e-06,3.372213191111226e-06
24h_gaussian_stats_equal_levels,r2p8_w128_di32,specific_cloud_ice_water_content,800.0,2.9394776031514856e-06,3.5033397441355076e-06
24h_gaussian_stats_equal_levels,r2p8_w128_di32,specific_cloud_ice_water_content,825.0,2.8412788009982194e-06,3.281419047246685e-06
24h_gaussian_stats_equal_levels,r2p8_w128_di32,specific_cloud_ice_water_content,850.0,2.4739653356481162e-06,2.739521738486526e-06
24h_gaussian_stats_equal_levels,r2p8_w128_di32,specific_cloud_ice_water_content,875.0,2.000067833131095e-06,2.2262273322322276e-06
24h_gaussian_stats_equal_levels,r2p8_w128_di32,specific_cloud_ice_water_content,900.0,1.6305553508908922e-06,1.927342605718048e-06
24h_gaussian_stats_equal_levels,r2p8_w128_di32,specific_cloud_ice_water_content,925.0,1.3099378201031126e-06,1.672931784856434e-06
24h_gaussian_stats_equal_levels,r2p8_w128_di32,specific_cloud_ice_water_content,950.0,9.543371043401312e-07,1.2049315328523783e-06
24h_gaussian_stats_equal_levels,r2p8_w128_di32,specific_cloud_ice_water_content,975.0,6.573396164186978e-07,7.855495149616786e-07
24h_gaussian_stats_equal_levels,r2p8_w128_di32,specific_cloud_ice_water_content,1000.0,5.470358653352238e-07,6.881162895675089e-07
24h_gaussian_stats_equal_levels,r2p8_w128_di32,specific_cloud_liquid_water_content,1.0,1.0013963571122764e-06,1.6925160923324882e-06
24h_gaussian_stats_equal_levels,r2p8_w128_di32,specific_cloud_liquid_water_content,2.0,1.0040157867105975e-06,1.692583214636508e-06
24h_gaussian_stats_equal_levels,r2p8_w128_di32,specific_cloud_liquid_water_content,3.0,9.918019151737805e-07,1.6900974614483406e-06
24h_gaussian_stats_equal_levels,r2p8_w128_di32,specific_cloud_liquid_water_content,5.0,1.0012322023377332e-06,1.6956345884728807e-06
24h_gaussian_stats_equal_levels,r2p8_w128_di32,specific_cloud_liquid_water_content,7.0,1.0141430360945545e-06,1.6966078126124732e-06
24h_gaussian_stats_equal_levels,r2p8_w128_di32,specific_cloud_liquid_water_content,10.0,9.933243958539123e-07,1.683828530709122e-06
24h_gaussian_stats_equal_levels,r2p8_w128_di32,specific_cloud_liquid_water_content,20.0,7.687284625392788e-07,1.3080945384035628e-06
24h_gaussian_stats_equal_levels,r2p8_w128_di32,specific_cloud_liquid_water_content,30.0,5.620153604152445e-07,1.0224706909893198e-06
24h_gaussian_stats_equal_levels,r2p8_w128_di32,specific_cloud_liquid_water_content,50.0,5.273078135361731e-07,1.57510250740346e-06
24h_gaussian_stats_equal_levels,r2p8_w128_di32,specific_cloud_liquid_water_content,70.0,3.465302222882033e-07,1.7623161857602449e-06
24h_gaussian_stats_equal_levels,r2p8_w128_di32,specific_cloud_liquid_water_content,100.0,3.317145094739693e-07,1.1287857507162317e-06
24h_gaussian_stats_equal_levels,r2p8_w128_di32,specific_cloud_liquid_water_content,125.0,2.8494810619104905e-07,1.0341093305390634e-06
24h_gaussian_stats_equal_levels,r2p8_w128_di32,specific_cloud_liquid_water_content,150.0,3.2682536040308543e-07,8.581698790411118e-07
24h_gaussian_stats_equal_levels,r2p8_w128_di32,specific_cloud_liquid_water_content,175.0,4.0118788354345984e-07,6.654595410038853e-07
24h_gaussian_stats_equal_levels,r2p8_w128_di32,specific_cloud_liquid_water_content,200.0,4.779243384982044e-07,8.134933372736154e-07
24h_gaussian_stats_equal_levels,r2p8_w128_di32,specific_cloud_liquid_water_content,225.0,4.138239836318979e-07,5.552222474453026e-07
24h_gaussian_stats_equal_levels,r2p8_w128_di32,specific_cloud_liquid_water_content,250.0,4.55274433543418e-07,6.959008453502875e-07
24h_gaussian_stats_equal_levels,r2p8_w128_di32,specific_cloud_liquid_water_content,300.0,7.36997357441055e-07,9.791767895459875e-07
24h_gaussian_stats_equal_levels,r2p8_w128_di32,specific_cloud_liquid_water_content,350.0,1.1447700533644716e-06,1.527050358987786e-06
24h_gaussian_stats_equal_levels,r2p8_w128_di32,specific_cloud_liquid_water_content,400.0,2.233181044935369e-06,2.920774713412472e-06
24h_gaussian_stats_equal_levels,r2p8_w128_di32,specific_cloud_liquid_water_content,450.0,5.073069524811013e-06,5.9640030937105125e-06
24h_gaussian_stats_equal_levels,r2p8_w128_di32,specific_cloud_liquid_water_content,500.0,1.1143039604280458e-05,1.2484205703905077e-05
24h_gaussian_stats_equal_levels,r2p8_w128_di32,specific_cloud_liquid_water_content,550.0,1.8795576213177452e-05,1.9828133783886415e-05
24h_gaussian_stats_equal_levels,r2p8_w128_di32,specific_cloud_liquid_water_content,600.0,1.5097431908874145e-05,1.6494806613499147e-05
24h_gaussian_stats_equal_levels,r2p8_w128_di32,specific_cloud_liquid_water_content,650.0,1.524937562607035e-05,1.6652475534264295e-05
24h_gaussian_stats_equal_levels,r2p8_w128_di32,specific_cloud_liquid_water_content,700.0,1.8700495407667486e-05,2.0294829838855027e-05
24h_gaussian_stats_equal_levels,r2p8_w128_di32,specific_cloud_liquid_water_content,750.0,2.396989170452075e-05,2.5926092265836815e-05
24h_gaussian_stats_equal_levels,r2p8_w128_di32,specific_cloud_liquid_water_content,775.0,2.698898714721502e-05,2.9443389357971065e-05
24h_gaussian_stats_equal_levels,r2p8_w128_di32,specific_cloud_liquid_water_content,800.0,3.11637500220937e-05,3.9990164477190956e-05
24h_gaussian_stats_equal_levels,r2p8_w128_di32,specific_cloud_liquid_water_content,825.0,4.083497373636909e-05,5.9205823265561944e-05
24h_gaussian_stats_equal_levels,r2p8_w128_di32,specific_cloud_liquid_water_content,850.0,4.84405231575698e-05,9.808296422399005e-05
24h_gaussian_stats_equal_levels,r2p8_w128_di32,specific_cloud_liquid_water_content,875.0,4.965682965805356e-05,0.0001478535396866344
24h_gaussian_stats_equal_levels,r2p8_w128_di32,specific_cloud_liquid_water_content,900.0,4.438954656987719e-05,0.00011869354132244668
24h_gaussian_stats_equal_levels,r2p8_w128_di32,specific_cloud_liquid_water_content,925.0,3.573160442621913e-05,6.248697884111778e-05
24h_gaussian_stats_equal_levels,r2p8_w128_di32,specific_cloud_liquid_water_content,950.0,2.4711919722278924e-05,6.111009110104815e-05
24h_gaussian_stats_equal_levels,r2p8_w128_di32,specific_cloud_liquid_water_content,975.0,1.491518311173466e-05,4.8808225102170774e-05
24h_gaussian_stats_equal_levels,r2p8_w128_di32,specific_cloud_liquid_water_content,1000.0,8.760704631589121e-06,1.4988884096369223e-05
24h_gaussian_stats_equal_levels,r2p8_w256_di16,temperature,1.0,0.2075880347965553,0.845801982403426
24h_gaussian_stats_equal_levels,r2p8_w256_di16,temperature,2.0,0.1365390529952827,2.058663074544335
24h_gaussian_stats_equal_levels,r2p8_w256_di16,temperature,3.0,0.0894133937553099,2.601258035703559
24h_gaussian_stats_equal_levels,r2p8_w256_di16,temperature,5.0,0.05067431204112027,1.9876488732164033
24h_gaussian_stats_equal_levels,r2p8_w256_di16,temperature,7.0,0.03377265215445935,1.4068480101913443
24h_gaussian_stats_equal_levels,r2p8_w256_di16,temperature,10.0,0.019136740629634746,0.9627066803295176
24h_gaussian_stats_equal_levels,r2p8_w256_di16,temperature,20.0,0.014440563613528905,0.1284413076586028
24h_gaussian_stats_equal_levels,r2p8_w256_di16,temperature,30.0,0.01068819280576068,0.014188051017534046
24h_gaussian_stats_equal_levels,r2p8_w256_di16,temperature,50.0,0.0010515439909865177,0.08659658352711527
24h_gaussian_stats_equal_levels,r2p8_w256_di16,temperature,70.0,0.0010235885054325035,0.010161160480997663
24h_gaussian_stats_equal_levels,r2p8_w256_di16,temperature,100.0,0.000706172048838296,0.004484689221052082
24h_gaussian_stats_equal_levels,r2p8_w256_di16,temperature,125.0,0.0004676557384539477,0.004344315715566115
24h_gaussian_stats_equal_levels,r2p8_w256_di16,temperature,150.0,0.00037584642340247074,0.0016603960143888317
24h_gaussian_stats_equal_levels,r2p8_w256_di16,temperature,175.0,0.0003438332103213261,0.0008720924052582322
24h_gaussian_stats_equal_levels,r2p8_w256_di16,temperature,200.0,0.00035857659729322176,0.0005319202182086472
24h_gaussian_stats_equal_levels,r2p8_w256_di16,temperature,225.0,0.0003732092379446155,0.0005681948783275816
24h_gaussian_stats_equal_levels,r2p8_w256_di16,temperature,250.0,0.0003652404937894036,0.0005209721717461879
24h_gaussian_stats_equal_levels,r2p8_w256_di16,temperature,300.0,0.0003372404621966835,0.0004941395720711161
24h_gaussian_stats_equal_levels,r2p8_w256_di16,temperature,350.0,0.00031310790330159517,0.00045673831048957463
24h_gaussian_stats_equal_levels,r2p8_w256_di16,temperature,400.0,0.0003068392695018126,0.0003878807573345399
24h_gaussian_stats_equal_levels,r2p8_w256_di16,temperature,450.0,0.00030713257722478674,0.0003728840212469586
24h_gaussian_stats_equal_levels,r2p8_w256_di16,temperature,500.0,0.00030664443640083237,0.00036962216344026003
24h_gaussian_stats_equal_levels,r2p8_w256_di16,temperature,550.0,0.0003206849502511781,0.0003964575118027767
24h_gaussian_stats_equal_levels,r2p8_w256_di16,temperature,600.0,0.0003393879489347588,0.00042315489014886165
24h_gaussian_stats_equal_levels,r2p8_w256_di16,temperature,650.0,0.00036553807853789314,0.00047104252507330647
24h_gaussian_stats_equal_levels,r2p8_w256_di16,temperature,700.0,0.0003957210385534462,0.0004943043088751496
24h_gaussian_stats_equal_levels,r2p8_w256_di16,temperature,750.0,0.0004512042215041145,0.0005663621571823851
24h_gaussian_stats_equal_levels,r2p8_w256_di16,temperature,775.0,0.00048065496902565866,0.0005641857157891432
24h_gaussian_stats_equal_levels,r2p8_w256_di16,temperature,800.0,0.0005256573760042759,0.0006843241176104633
24h_gaussian_stats_equal_levels,r2p8_w256_di16,temperature,825.0,0.0005977889053062755,0.0007734012746176905
24h_gaussian_stats_equal_levels,r2p8_w256_di16,temperature,850.0,0.0006442503698758104,0.0009569755322966427
24h_gaussian_stats_equal_levels,r2p8_w256_di16,temperature,875.0,0.0006581030446741614,0.0010653973850377081
24h_gaussian_stats_equal_levels,r2p8_w256_di16,temperature,900.0,0.0006574933689208825,0.0009119598798674818
24h_gaussian_stats_equal_levels,r2p8_w256_di16,temperature,925.0,0.0006661655358503192,0.0008974683915891964
24h_gaussian_stats_equal_levels,r2p8_w256_di16,temperature,950.0,0.0006994832821276457,0.0009452553919562315
24h_gaussian_stats_equal_levels,r2p8_w256_di16,temperature,975.0,0.0007732575294739415,0.0010204246826981149
24h_gaussian_stats_equal_levels,r2p8_w256_di16,temperature,1000.0,0.0008067311228944102,0.0011365550606401431
24h_gaussian_stats_equal_levels,r2p8_w256_di16,geopotential,1.0,181.3375072205243,5.661876636855073
24h_gaussian_stats_equal_levels,r2p8_w256_di16,geopotential,2.0,84.57085302790576,1.0770734125832655
24h_gaussian_stats_equal_levels,r2p8_w256_di16,geopotential,3.0,48.09347468256172,0.5929711746850189
24h_gaussian_stats_equal_levels,r2p8_w256_di16,geopotential,5.0,18.09316016196394,0.28864931348997
24h_gaussian_stats_equal_levels,r2p8_w256_di16,geopotential,7.0,7.204049845318821,0.12639944384324575
24h_gaussian_stats_equal_levels,r2p8_w256_di16,geopotential,10.0,1.5146431226809247,0.054107437454800726
24h_gaussian_stats_equal_levels,r2p8_w256_di16,geopotential,20.0,0.3751109551665176,0.15287607758398378
24h_gaussian_stats_equal_levels,r2p8_w256_di16,geopotential,30.0,0.6296285267813916,0.08363810506374503
24h_gaussian_stats_equal_levels,r2p8_w256_di16,geopotential,50.0,0.0007109658835012375,0.01224471039585376
24h_gaussian_stats_equal_levels,r2p8_w256_di16,geopotential,70.0,0.0006133650953816668,0.010585478813721266
24h_gaussian_stats_equal_levels,r2p8_w256_di16,geopotential,100.0,0.00039053905099360785,0.0008134535278672693
24h_gaussian_stats_equal_levels,r2p8_w256_di16,geopotential,125.0,0.00032102272550547294,0.0004487759603307052
24h_gaussian_stats_equal_levels,r2p8_w256_di16,geopotential,150.0,0.000290314549201398,0.0003601962225151129
24h_gaussian_stats_equal_levels,r2p8_w256_di16,geopotential,175.0,0.0002810143446043314,0.00041675486312777485
24h_gaussian_stats_equal_levels,r2p8_w256_di16,geopotential,200.0,0.0002791618593020385,0.0005413769921780719
24h_gaussian_stats_equal_levels,r2p8_w256_di16,geopotential,225.0,0.00026766055269333735,0.0004900437549487755
24h_gaussian_stats_equal_levels,r2p8_w256_di16,geopotential,250.0,0.00026620965696703524,0.0003752398172738039
24h_gaussian_stats_equal_levels,r2p8_w256_di16,geopotential,300.0,0.00026600446910703455,0.0003617071009486361
24h_gaussian_stats_equal_levels,r2p8_w256_di16,geopotential,350.0,0.00025312802994266356,0.0004160386699040497
24h_gaussian_stats_equal_levels,r2p8_w256_di16,geopotential,400.0,0.00023360034902268108,0.00031300914553562934
24h_gaussian_stats_equal_levels,r2p8_w256_di16,geopotential,450.0,0.00021435611521532585,0.0003101581251894725
24h_gaussian_stats_equal_levels,r2p8_w256_di16,geopotential,500.0,0.00019740842995107354,0.0002678133216705298
24h_gaussian_stats_equal_levels,r2p8_w256_di16,geopotential,550.0,0.0001838923405483934,0.00024673093382638906
24h_gaussian_stats_equal_levels,r2p8_w256_di16,geopotential,600.0,0.0001753841533072935,0.00023175383858905347
24h_gaussian_stats_equal_levels,r2p8_w256_di16,geopotential,650.0,0.00016959672382368447,0.00022833185131271218
24h_gaussian_stats_equal_levels,r2p8_w256_di16,geopotential,700.0,0.00016829700551093384,0.00023538284333922096
24h_gaussian_stats_equal_levels,r2p8_w256_di16,geopotential,750.0,0.00016825418889131834,0.00023312146950594696
24h_gaussian_stats_equal_levels,r2p8_w256_di16,geopotential,775.0,0.00017043923860031375,0.00023805165657287276
24h_gaussian_stats_equal_levels,r2p8_w256_di16,geopotential,800.0,0.0001724452946177116,0.0002394652296022217
24h_gaussian_stats_equal_levels,r2p8_w256_di16,geopotential,825.0,0.00017577968532757584,0.00024315932370170252
24h_gaussian_stats_equal_levels,r2p8_w256_di16,geopotential,850.0,0.00017982853187001853,0.0002570915423964763
24h_gaussian_stats_equal_levels,r2p8_w256_di16,geopotential,875.0,0.0001846015555164994,0.00026892844475556466
24h_gaussian_stats_equal_levels,r2p8_w256_di16,geopotential,900.0,0.00019259248824633974,0.0002798380074910395
24h_gaussian_stats_equal_levels,r2p8_w256_di16,geopotential,925.0,0.00020208799985832007,0.00029618939653507895
24h_gaussian_stats_equal_levels,r2p8_w256_di16,geopotential,950.0,0.00021275230882751106,0.00032447110213000064
24h_gaussian_stats_equal_levels,r2p8_w256_di16,geopotential,975.0,0.0002293000505086709,0.00036889123625118126
24h_gaussian_stats_equal_levels,r2p8_w256_di16,geopotential,1000.0,0.0002527177299441065,0.00047712907691770383
24h_gaussian_stats_equal_levels,r2p8_w256_di16,u_component_of_wind,1.0,0.32776840544692565,0.6736166342893765
24h_gaussian_stats_equal_levels,r2p8_w256_di16,u_component_of_wind,2.0,0.2064164547613145,0.29175562826969503
24h_gaussian_stats_equal_levels,r2p8_w256_di16,u_component_of_wind,3.0,0.12952268707217307,0.18594976495021476
24h_gaussian_stats_equal_levels,r2p8_w256_di16,u_component_of_wind,5.0,0.06328279280776546,0.08399189650185274
24h_gaussian_stats_equal_levels,r2p8_w256_di16,u_component_of_wind,7.0,0.04299708512966518,0.05563414965962439
24h_gaussian_stats_equal_levels,r2p8_w256_di16,u_component_of_wind,10.0,0.0308849962611074,0.047410597507309
24h_gaussian_stats_equal_levels,r2p8_w256_di16,u_component_of_wind,20.0,0.01214126419369513,0.021728210155626204
24h_gaussian_stats_equal_levels,r2p8_w256_di16,u_component_of_wind,30.0,0.011875436484820293,0.015802733420194975
24h_gaussian_stats_equal_levels,r2p8_w256_di16,u_component_of_wind,50.0,0.0005130403964449026,0.00374426214328951
24h_gaussian_stats_equal_levels,r2p8_w256_di16,u_component_of_wind,70.0,0.000508815446551051,0.001009611224198867
24h_gaussian_stats_equal_levels,r2p8_w256_di16,u_component_of_wind,100.0,0.00059158448433147,0.0012616512843447519
24h_gaussian_stats_equal_levels,r2p8_w256_di16,u_component_of_wind,125.0,0.0006432808068893386,0.0010262206520338397
24h_gaussian_stats_equal_levels,r2p8_w256_di16,u_component_of_wind,150.0,0.0006784228638245059,0.0010686409583919828
24h_gaussian_stats_equal_levels,r2p8_w256_di16,u_component_of_wind,175.0,0.000690175267948421,0.0010271925145715025
24h_gaussian_stats_equal_levels,r2p8_w256_di16,u_component_of_wind,200.0,0.000723754272687697,0.0012100098967581427
24h_gaussian_stats_equal_levels,r2p8_w256_di16,u_component_of_wind,225.0,0.0007934711959465343,0.001181859504137552
24h_gaussian_stats_equal_levels,r2p8_w256_di16,u_component_of_wind,250.0,0.0008525916672619372,0.0012328676107900723
24h_gaussian_stats_equal_levels,r2p8_w256_di16,u_component_of_wind,300.0,0.0008943678297298577,0.0015551579291087176
24h_gaussian_stats_equal_levels,r2p8_w256_di16,u_component_of_wind,350.0,0.0008194434589372931,0.0016376087217123752
24h_gaussian_stats_equal_levels,r2p8_w256_di16,u_component_of_wind,400.0,0.000721444274532436,0.0010333958075310881
24h_gaussian_stats_equal_levels,r2p8_w256_di16,u_component_of_wind,450.0,0.000636281292238246,0.0008691165388929886
24h_gaussian_stats_equal_levels,r2p8_w256_di16,u_component_of_wind,500.0,0.0005667807631561254,0.0007017240209252003
24h_gaussian_stats_equal_levels,r2p8_w256_di16,u_component_of_wind,550.0,0.0005271226080111787,0.0006135039398030462
24h_gaussian_stats_equal_levels,r2p8_w256_di16,u_component_of_wind,600.0,0.0004924424163051958,0.000564647055773029
24h_gaussian_stats_equal_levels,r2p8_w256_di16,u_component_of_wind,650.0,0.0004735473071462216,0.0006422046530599061
24h_gaussian_stats_equal_levels,r2p8_w256_di16,u_component_of_wind,700.0,0.00045481227758810037,0.0005955869210898643
24h_gaussian_stats_equal_levels,r2p8_w256_di16,u_component_of_wind,750.0,0.0004381275000697374,0.0004968632367142449
24h_gaussian_stats_equal_levels,r2p8_w256_di16,u_component_of_wind,775.0,0.00042823803991540995,0.0005066884381252489
24h_gaussian_stats_equal_levels,r2p8_w256_di16,u_component_of_wind,800.0,0.00042068528431638545,0.00048810767841302904
24h_gaussian_stats_equal_levels,r2p8_w256_di16,u_component_of_wind,825.0,0.0004125649857755014,0.0004866982850103812
24h_gaussian_stats_equal_levels,r2p8_w256_di16,u_component_of_wind,850.0,0.0003993003623691676,0.00046939986866919437
24h_gaussian_stats_equal_levels,r2p8_w256_di16,u_component_of_wind,875.0,0.00038354017072717613,0.0004614878809512873
24h_gaussian_stats_equal_levels,r2p8_w256_di16,u_component_of_wind,900.0,0.0003706031442777955,0.000454259527822497
24h_gaussian_stats_equal_levels,r2p8_w256_di16,u_component_of_wind,925.0,0.0003630775820264909,0.0004502580667238964
24h_gaussian_stats_equal_levels,r2p8_w256_di16,u_component_of_wind,950.0,0.00034656286425189435,0.00045061683514853365
24h_gaussian_stats_equal_levels,r2p8_w256_di16,u_component_of_wind,975.0,0.0003081933385846967,0.0004227371266531904
24h_gaussian_stats_equal_levels,r2p8_w256_di16,u_component_of_wind,1000.0,0.00025680871334717384,0.0003919792808664911
24h_gaussian_stats_equal_levels,r2p8_w256_di16,v_component_of_wind,1.0,0.03920778306863587,0.045369295662414835
24h_gaussian_stats_equal_levels,r2p8_w256_di16,v_component_of_wind,2.0,0.023966353108996342,0.029908800614576334
24h_gaussian_stats_equal_levels,r2p8_w256_di16,v_component_of_wind,3.0,0.017137635325787725,0.02339476487779455
24h_gaussian_stats_equal_levels,r2p8_w256_di16,v_component_of_wind,5.0,0.010773489449177961,0.014487913838332976
24h_gaussian_stats_equal_levels,r2p8_w256_di16,v_component_of_wind,7.0,0.008147477344540533,0.010709945492327276
24h_gaussian_stats_equal_levels,r2p8_w256_di16,v_component_of_wind,10.0,0.005638737396594826,0.007361659254629453
24h_gaussian_stats_equal_levels,r2p8_w256_di16,v_component_of_wind,20.0,0.0032447855000606388,0.004000108251778252
24h_gaussian_stats_equal_levels,r2p8_w256_di16,v_component_of_wind,30.0,0.002699493977653808,0.0036789083140514166
24h_gaussian_stats_equal_levels,r2p8_w256_di16,v_component_of_wind,50.0,0.0003813413414031636,0.0017427371179505734
24h_gaussian_stats_equal_levels,r2p8_w256_di16,v_component_of_wind,70.0,0.0003979425000006652,0.011752492694637903
24h_gaussian_stats_equal_levels,r2p8_w256_di16,v_component_of_wind,100.0,0.00044744739189504486,0.0012713226417271084
24h_gaussian_stats_equal_levels,r2p8_w256_di16,v_component_of_wind,125.0,0.00048240877286730816,0.0012404706982510594
24h_gaussian_stats_equal_levels,r2p8_w256_di16,v_component_of_wind,150.0,0.0004907207062155853,0.0009819987482680972
24h_gaussian_stats_equal_levels,r2p8_w256_di16,v_component_of_wind,175.0,0.0004890933060627899,0.0007549963615979004
24h_gaussian_stats_equal_levels,r2p8_w256_di16,v_component_of_wind,200.0,0.0005111082403427989,0.0006879904119356184
24h_gaussian_stats_equal_levels,r2p8_w256_di16,v_component_of_wind,225.0,0.0005780204685279594,0.0008678430314503855
24h_gaussian_stats_equal_levels,r2p8_w256_di16,v_component_of_wind,250.0,0.0006434728862961391,0.0011337503831484422
24h_gaussian_stats_equal_levels,r2p8_w256_di16,v_component_of_wind,300.0,0.0007245083171718032,0.0013363322053292891
24h_gaussian_stats_equal_levels,r2p8_w256_di16,v_component_of_wind,350.0,0.0006852072565541145,0.0011323399839411243
24h_gaussian_stats_equal_levels,r2p8_w256_di16,v_component_of_wind,400.0,0.00060681895239978,0.0008280249124087513
24h_gaussian_stats_equal_levels,r2p8_w256_di16,v_component_of_wind,450.0,0.0005305620393316184,0.000729791900826977
24h_gaussian_stats_equal_levels,r2p8_w256_di16,v_component_of_wind,500.0,0.0004682200791801968,0.0006083795366220732
24h_gaussian_stats_equal_levels,r2p8_w256_di16,v_component_of_wind,550.0,0.0004311042521765007,0.0005264217476870823
24h_gaussian_stats_equal_levels,r2p8_w256_di16,v_component_of_wind,600.0,0.00039979908855612885,0.0004926147826684479
24h_gaussian_stats_equal_levels,r2p8_w256_di16,v_component_of_wind,650.0,0.00038147459483497536,0.0005392341536663992
24h_gaussian_stats_equal_levels,r2p8_w256_di16,v_component_of_wind,700.0,0.00036636266777709237,0.0004551706011265164
24h_gaussian_stats_equal_levels,r2p8_w256_di16,v_component_of_wind,750.0,0.0003536686611349996,0.0004444605711699805
24h_gaussian_stats_equal_levels,r2p8_w256_di16,v_component_of_wind,775.0,0.0003470884449348665,0.0004757838832291127
24h_gaussian_stats_equal_levels,r2p8_w256_di16,v_component_of_wind,800.0,0.0003416555948830327,0.0005379654830588848
24h_gaussian_stats_equal_levels,r2p8_w256_di16,v_component_of_wind,825.0,0.00033621852189868627,0.00046538631309665465
24h_gaussian_stats_equal_levels,r2p8_w256_di16,v_component_of_wind,850.0,0.0003281049228182465,0.0004593901358035847
24h_gaussian_stats_equal_levels,r2p8_w256_di16,v_component_of_wind,875.0,0.00031862249917985583,0.0004444682578696182
24h_gaussian_stats_equal_levels,r2p8_w256_di16,v_component_of_wind,900.0,0.0003121911441535935,0.00041858169833748393
24h_gaussian_stats_equal_levels,r2p8_w256_di16,v_component_of_wind,925.0,0.00030502586475122354,0.00039990938063139006
24h_gaussian_stats_equal_levels,r2p8_w256_di16,v_component_of_wind,950.0,0.00029115877689444127,0.0003887597202668772
24h_gaussian_stats_equal_levels,r2p8_w256_di16,v_component_of_wind,975.0,0.00025627770338631345,0.00037520331205198235
24h_gaussian_stats_equal_levels,r2p8_w256_di16,v_component_of_wind,1000.0,0.00020901236261297533,0.0003008354978448564
24h_gaussian_stats_equal_levels,r2p8_w256_di16,specific_humidity,1.0,1.6059827034974974,0.22896219153273967
24h_gaussian_stats_equal_levels,r2p8_w256_di16,specific_humidity,2.0,1.3601423509610864,0.12028335890148528
24h_gaussian_stats_equal_levels,r2p8_w256_di16,specific_humidity,3.0,0.8747966955766732,0.07683339855280426
24h_gaussian_stats_equal_levels,r2p8_w256_di16,specific_humidity,5.0,0.3891146523785478,0.14384175015811987
24h_gaussian_stats_equal_levels,r2p8_w256_di16,specific_humidity,7.0,0.21603789853168343,0.21621390382907846
24h_gaussian_stats_equal_levels,r2p8_w256_di16,specific_humidity,10.0,0.11970605404702826,0.3355320756527394
24h_gaussian_stats_equal_levels,r2p8_w256_di16,specific_humidity,20.0,0.03361447951273257,0.33013624992711754
24h_gaussian_stats_equal_levels,r2p8_w256_di16,specific_humidity,30.0,0.02069632975473494,0.05945867565149433
24h_gaussian_stats_equal_levels,r2p8_w256_di16,specific_humidity,50.0,0.00021133840003411774,0.15413459000376586
24h_gaussian_stats_equal_levels,r2p8_w256_di16,specific_humidity,70.0,0.00044060459575654765,0.011491891905626122
24h_gaussian_stats_equal_levels,r2p8_w256_di16,specific_humidity,100.0,0.0007513032568414529,0.0018752217401614647
24h_gaussian_stats_equal_levels,r2p8_w256_di16,specific_humidity,125.0,0.0008114027932038799,0.002331029872771201
24h_gaussian_stats_equal_levels,r2p8_w256_di16,specific_humidity,150.0,0.0007887075587568762,0.0024365022102264123
24h_gaussian_stats_equal_levels,r2p8_w256_di16,specific_humidity,175.0,0.0007333170490947632,0.0018205253465205192
24h_gaussian_stats_equal_levels,r2p8_w256_di16,specific_humidity,200.0,0.0007150358554482506,0.001423568946338787
24h_gaussian_stats_equal_levels,r2p8_w256_di16,specific_humidity,225.0,0.0007085707365757865,0.001164945653390542
24h_gaussian_stats_equal_levels,r2p8_w256_di16,specific_humidity,250.0,0.0006936017022303463,0.0012324781948132562
24h_gaussian_stats_equal_levels,r2p8_w256_di16,specific_humidity,300.0,0.0006620813371569724,0.0016382145961411501
24h_gaussian_stats_equal_levels,r2p8_w256_di16,specific_humidity,350.0,0.0006536534593746563,0.0012808784477767237
24h_gaussian_stats_equal_levels,r2p8_w256_di16,specific_humidity,400.0,0.0006264510806623474,0.0012508361238035134
24h_gaussian_stats_equal_levels,r2p8_w256_di16,specific_humidity,450.0,0.0006169988713080181,0.0009261519270410455
24h_gaussian_stats_equal_levels,r2p8_w256_di16,specific_humidity,500.0,0.0005949998847520823,0.0007840419696659769
24h_gaussian_stats_equal_levels,r2p8_w256_di16,specific_humidity,550.0,0.0006025492778272589,0.0007377345557333684
24h_gaussian_stats_equal_levels,r2p8_w256_di16,specific_humidity,600.0,0.0006076696712292109,0.000838349925903275
24h_gaussian_stats_equal_levels,r2p8_w256_di16,specific_humidity,650.0,0.0006338792521687493,0.0008802011431568445
24h_gaussian_stats_equal_levels,r2p8_w256_di16,specific_humidity,700.0,0.000618718117049828,0.0009432968181529729
24h_gaussian_stats_equal_levels,r2p8_w256_di16,specific_humidity,750.0,0.0006096773663846114,0.0008548487847059481
24h_gaussian_stats_equal_levels,r2p8_w256_di16,specific_humidity,775.0,0.0005999278428823068,0.0007905255634641711
24h_gaussian_stats_equal_levels,r2p8_w256_di16,specific_humidity,800.0,0.000604993969775615,0.0007964802045313032
24h_gaussian_stats_equal_levels,r2p8_w256_di16,specific_humidity,825.0,0.0006303389051415197,0.0008295200013499973
24h_gaussian_stats_equal_levels,r2p8_w256_di16,specific_humidity,850.0,0.0006717155293129201,0.0008895384660135756
24h_gaussian_stats_equal_levels,r2p8_w256_di16,specific_humidity,875.0,0.0007259293371642373,0.0009583557138018805
24h_gaussian_stats_equal_levels,r2p8_w256_di16,specific_humidity,900.0,0.0008032333939708222,0.001025805966975425
24h_gaussian_stats_equal_levels,r2p8_w256_di16,specific_humidity,925.0,0.000816177412397918,0.001006471307884749
24h_gaussian_stats_equal_levels,r2p8_w256_di16,specific_humidity,950.0,0.0007329100069632935,0.0009283311135819925
24h_gaussian_stats_equal_levels,r2p8_w256_di16,specific_humidity,975.0,0.0006973437914117057,0.0008420043516073428
24h_gaussian_stats_equal_levels,r2p8_w256_di16,specific_humidity,1000.0,0.0006813782331683285,0.0008758055876159536
24h_gaussian_stats_equal_levels,r2p8_w256_di16,specific_cloud_ice_water_content,1.0,1.28981904610107e-06,1.558252115273751e-06
24h_gaussian_stats_equal_levels,r2p8_w256_di16,specific_cloud_ice_water_content,2.0,1.2634964172696151e-06,1.5464344135512727e-06
24h_gaussian_stats_equal_levels,r2p8_w256_di16,specific_cloud_ice_water_content,3.0,1.2628158318641747e-06,1.5509814199948973e-06
24h_gaussian_stats_equal_levels,r2p8_w256_di16,specific_cloud_ice_water_content,5.0,1.251860930937842e-06,1.550360255571871e-06
24h_gaussian_stats_equal_levels,r2p8_w256_di16,specific_cloud_ice_water_content,7.0,1.2583891501856412e-06,1.5515343421977531e-06
24h_gaussian_stats_equal_levels,r2p8_w256_di16,specific_cloud_ice_water_content,10.0,1.2720264556760327e-06,1.547766900915322e-06
24h_gaussian_stats_equal_levels,r2p8_w256_di16,specific_cloud_ice_water_content,20.0,8.969521857299055e-07,1.1467252091551909e-06
24h_gaussian_stats_equal_levels,r2p8_w256_di16,specific_cloud_ice_water_content,30.0,6.446115387552704e-07,8.722555218323247e-07
24h_gaussian_stats_equal_levels,r2p8_w256_di16,specific_cloud_ice_water_content,50.0,3.776943941888621e-07,6.89695503718705e-07
24h_gaussian_stats_equal_levels,r2p8_w256_di16,specific_cloud_ice_water_content,70.0,3.1269989193705234e-07,5.591707150387926e-07
24h_gaussian_stats_equal_levels,r2p8_w256_di16,specific_cloud_ice_water_content,100.0,8.853878658541509e-07,1.2951579321880398e-06
24h_gaussian_stats_equal_levels,r2p8_w256_di16,specific_cloud_ice_water_content,125.0,4.641591010453995e-06,5.342633386773559e-06
24h_gaussian_stats_equal_levels,r2p8_w256_di16,specific_cloud_ice_water_content,150.0,1.276165042831737e-05,1.4168558369604074e-05
24h_gaussian_stats_equal_levels,r2p8_w256_di16,specific_cloud_ice_water_content,175.0,2.1636997662016508e-05,2.4950618579805803e-05
24h_gaussian_stats_equal_levels,r2p8_w256_di16,specific_cloud_ice_water_content,200.0,3.0930101578262346e-05,3.8427676527476e-05
24h_gaussian_stats_equal_levels,r2p8_w256_di16,specific_cloud_ice_water_content,225.0,4.021833830901603e-05,5.6553673488756096e-05
24h_gaussian_stats_equal_levels,r2p8_w256_di16,specific_cloud_ice_water_content,250.0,4.4514655540165026e-05,7.709767130513413e-05
24h_gaussian_stats_equal_levels,r2p8_w256_di16,specific_cloud_ice_water_content,300.0,4.2494367526021264e-05,8.210090036931176e-05
24h_gaussian_stats_equal_levels,r2p8_w256_di16,specific_cloud_ice_water_content,350.0,3.7868190525657036e-05,6.272877829254409e-05
24h_gaussian_stats_equal_levels,r2p8_w256_di16,specific_cloud_ice_water_content,400.0,2.8594748775759706e-05,4.0564658854805904e-05
24h_gaussian_stats_equal_levels,r2p8_w256_di16,specific_cloud_ice_water_content,450.0,2.0866605865579226e-05,2.7972371906398346e-05
24h_gaussian_stats_equal_levels,r2p8_w256_di16,specific_cloud_ice_water_content,500.0,1.4853222536262782e-05,1.9005829381391305e-05
24h_gaussian_stats_equal_levels,r2p8_w256_di16,specific_cloud_ice_water_content,550.0,9.893469051426506e-06,1.2544898035648578e-05
24h_gaussian_stats_equal_levels,r2p8_w256_di16,specific_cloud_ice_water_content,600.0,6.9017432412311536e-06,8.62023698291496e-06
24h_gaussian_stats_equal_levels,r2p8_w256_di16,specific_cloud_ice_water_content,650.0,5.098099826486555e-06,6.251067989114842e-06
24h_gaussian_stats_equal_levels,r2p8_w256_di16,specific_cloud_ice_water_content,700.0,3.80519228923125e-06,4.5355704218921565e-06
24h_gaussian_stats_equal_levels,r2p8_w256_di16,specific_cloud_ice_water_content,750.0,2.989467060296399e-06,3.600021263616042e-06
24h_gaussian_stats_equal_levels,r2p8_w256_di16,specific_cloud_ice_water_content,775.0,2.943500341153302e-06,3.463350651813049e-06
24h_gaussian_stats_equal_levels,r2p8_w256_di16,specific_cloud_ice_water_content,800.0,2.9394776031514856e-06,3.579514709148767e-06
24h_gaussian_stats_equal_levels,r2p8_w256_di16,specific_cloud_ice_water_content,825.0,2.8412788009982194e-06,3.298490017904745e-06
24h_gaussian_stats_equal_levels,r2p8_w256_di16,specific_cloud_ice_water_content,850.0,2.4739653356481162e-06,2.835082740687893e-06
24h_gaussian_stats_equal_levels,r2p8_w256_di16,specific_cloud_ice_water_content,875.0,2.000067833131095e-06,2.219882080849271e-06
24h_gaussian_stats_equal_levels,r2p8_w256_di16,specific_cloud_ice_water_content,900.0,1.6305553508908922e-06,1.950500174126548e-06
24h_gaussian_stats_equal_levels,r2p8_w256_di16,specific_cloud_ice_water_content,925.0,1.3099378201031126e-06,1.680249128692781e-06
24h_gaussian_stats_equal_levels,r2p8_w256_di16,specific_cloud_ice_water_content,950.0,9.543371043401312e-07,1.2611020674084898e-06
24h_gaussian_stats_equal_levels,r2p8_w256_di16,specific_cloud_ice_water_content,975.0,6.573396164186978e-07,7.899786707502381e-07
24h_gaussian_stats_equal_levels,r2p8_w256_di16,specific_cloud_ice_water_content,1000.0,5.470358653352238e-07,6.709169656519729e-07
24h_gaussian_stats_equal_levels,r2p8_w256_di16,specific_cloud_liquid_water_content,1.0,1.0013963571122764e-06,1.6137246985281207e-06
24h_gaussian_stats_equal_levels,r2p8_w256_di16,specific_cloud_liquid_water_content,2.0,1.0040157867105975e-06,1.619017216598977e-06
24h_gaussian_stats_equal_levels,r2p8_w256_di16,specific_cloud_liquid_water_content,3.0,9.918019151737805e-07,1.6147971783609342e-06
24h_gaussian_stats_equal_levels,r2p8_w256_di16,specific_cloud_liquid_water_content,5.0,1.0012322023377332e-06,1.6242692343513044e-06
24h_gaussian_stats_equal_levels,r2p8_w256_di16,specific_cloud_liquid_water_content,7.0,1.0141430360945545e-06,1.6228102737866976e-06
24h_gaussian_stats_equal_levels,r2p8_w256_di16,specific_cloud_liquid_water_content,10.0,9.933243958539123e-07,1.6084906312151145e-06
24h_gaussian_stats_equal_levels,r2p8_w256_di16,specific_cloud_liquid_water_content,20.0,7.687284625392788e-07,1.2245960363798616e-06
24h_gaussian_stats_equal_levels,r2p8_w256_di16,specific_cloud_liquid_water_content,30.0,5.620153604152445e-07,9.84852196236855e-07
24h_gaussian_stats_equal_levels,r2p8_w256_di16,specific_cloud_liquid_water_content,50.0,5.273078135361731e-07,1.486990831063628e-06
24h_gaussian_stats_equal_levels,r2p8_w256_di16,specific_cloud_liquid_water_content,70.0,3.465302222882033e-07,1.7365952110932693e-06
24h_gaussian_stats_equal_levels,r2p8_w256_di16,specific_cloud_liquid_water_content,100.0,3.317145094739693e-07,1.274055733335296e-06
24h_gaussian_stats_equal_levels,r2p8_w256_di16,specific_cloud_liquid_water_content,125.0,2.8494810619104905e-07,7.493805545204003e-07
24h_gaussian_stats_equal_levels,r2p8_w256_di16,specific_cloud_liquid_water_content,150.0,3.2682536040308543e-07,8.22706358275838e-07
24h_gaussian_stats_equal_levels,r2p8_w256_di16,specific_cloud_liquid_water_content,175.0,4.0118788354345984e-07,6.63523522506934e-07
24h_gaussian_stats_equal_levels,r2p8_w256_di16,specific_cloud_liquid_water_content,200.0,4.779243384982044e-07,7.966211712086713e-07
24h_gaussian_stats_equal_levels,r2p8_w256_di16,specific_cloud_liquid_water_content,225.0,4.138239836318979e-07,5.610194556993528e-07
24h_gaussian_stats_equal_levels,r2p8_w256_di16,specific_cloud_liquid_water_content,250.0,4.55274433543418e-07,6.788038957253774e-07
24h_gaussian_stats_equal_levels,r2p8_w256_di16,specific_cloud_liquid_water_content,300.0,7.36997357441055e-07,9.653066231466562e-07
24h_gaussian_stats_equal_levels,r2p8_w256_di16,specific_cloud_liquid_water_content,350.0,1.1447700533644716e-06,1.4952073529526244e-06
24h_gaussian_stats_equal_levels,r2p8_w256_di16,specific_cloud_liquid_water_content,400.0,2.233181044935369e-06,2.862470087689059e-06
24h_gaussian_stats_equal_levels,r2p8_w256_di16,specific_cloud_liquid_water_content,450.0,5.073069524811013e-06,5.910765900968479e-06
24h_gaussian_stats_equal_levels,r2p8_w256_di16,specific_cloud_liquid_water_content,500.0,1.1143039604280458e-05,1.2603862269688606e-05
24h_gaussian_stats_equal_levels,r2p8_w256_di16,specific_cloud_liquid_water_content,550.0,1.8795576213177452e-05,1.9971285623027158e-05
24h_gaussian_stats_equal_levels,r2p8_w256_di16,specific_cloud_liquid_water_content,600.0,1.5097431908874145e-05,1.6543987621505452e-05
24h_gaussian_stats_equal_levels,r2p8_w256_di16,specific_cloud_liquid_water_content,650.0,1.524937562607035e-05,1.669113019443985e-05
24h_gaussian_stats_equal_levels,r2p8_w256_di16,specific_cloud_liquid_water_content,700.0,1.8700495407667486e-05,2.052780417659909e-05
24h_gaussian_stats_equal_levels,r2p8_w256_di16,specific_cloud_liquid_water_content,750.0,2.396989170452075e-05,2.600075646847942e-05
24h_gaussian_stats_equal_levels,r2p8_w256_di16,specific_cloud_liquid_water_content,775.0,2.698898714721502e-05,2.9422156349721212e-05
24h_gaussian_stats_equal_levels,r2p8_w256_di16,specific_cloud_liquid_water_content,800.0,3.11637500220937e-05,4.009679762670911e-05
24h_gaussian_stats_equal_levels,r2p8_w256_di16,specific_cloud_liquid_water_content,825.0,4.083497373636909e-05,5.564396415910269e-05
24h_gaussian_stats_equal_levels,r2p8_w256_di16,specific_cloud_liquid_water_content,850.0,4.84405231575698e-05,9.397449718990377e-05
24h_gaussian_stats_equal_levels,r2p8_w256_di16,specific_cloud_liquid_water_content,875.0,4.965682965805356e-05,0.00016246006589403476
24h_gaussian_stats_equal_levels,r2p8_w256_di16,specific_cloud_liquid_water_content,900.0,4.438954656987719e-05,0.00011873186987108262
24h_gaussian_stats_equal_levels,r2p8_w256_di16,specific_cloud_liquid_water_content,925.0,3.573160442621913e-05,6.282889001108679e-05
24h_gaussian_stats_equal_levels,r2p8_w256_di16,specific_cloud_liquid_water_content,950.0,2.4711919722278924e-05,6.552059667839325e-05
24h_gaussian_stats_equal_levels,r2p8_w256_di16,specific_cloud_liquid_water_content,975.0,1.491518311173466e-05,3.8661196668449085e-05
24h_gaussian_stats_equal_levels,r2p8_w256_di16,specific_cloud_liquid_water_content,1000.0,8.760704631589121e-06,1.2603913301585595e-05
24h_gaussian_stats_equal_levels,r2p8_w256_di32,temperature,1.0,0.2075880347965553,0.8577172711553559
24h_gaussian_stats_equal_levels,r2p8_w256_di32,temperature,2.0,0.1365390529952827,2.0816508677177903
24h_gaussian_stats_equal_levels,r2p8_w256_di32,temperature,3.0,0.0894133937553099,2.630105302352735
24h_gaussian_stats_equal_levels,r2p8_w256_di32,temperature,5.0,0.05067431204112027,2.0095836835825476
24h_gaussian_stats_equal_levels,r2p8_w256_di32,temperature,7.0,0.03377265215445935,1.4200235508719659
24h_gaussian_stats_equal_levels,r2p8_w256_di32,temperature,10.0,0.019136740629634746,0.9693300406878681
24h_gaussian_stats_equal_levels,r2p8_w256_di32,temperature,20.0,0.014440563613528905,0.1282636019202016
24h_gaussian_stats_equal_levels,r2p8_w256_di32,temperature,30.0,0.01068819280576068,0.014346973033425579
24h_gaussian_stats_equal_levels,r2p8_w256_di32,temperature,50.0,0.0010515439909865177,0.08592877000362847
24h_gaussian_stats_equal_levels,r2p8_w256_di32,temperature,70.0,0.0010235885054325035,0.011267725566550745
24h_gaussian_stats_equal_levels,r2p8_w256_di32,temperature,100.0,0.000706172048838296,0.004577250540589013
24h_gaussian_stats_equal_levels,r2p8_w256_di32,temperature,125.0,0.0004676557384539477,0.004705355863172947
24h_gaussian_stats_equal_levels,r2p8_w256_di32,temperature,150.0,0.00037584642340247074,0.0017975046842550466
24h_gaussian_stats_equal_levels,r2p8_w256_di32,temperature,175.0,0.0003438332103213261,0.0009086681860728072
24h_gaussian_stats_equal_levels,r2p8_w256_di32,temperature,200.0,0.00035857659729322176,0.0005292487543919824
24h_gaussian_stats_equal_levels,r2p8_w256_di32,temperature,225.0,0.0003732092379446155,0.0005725932913086844
24h_gaussian_stats_equal_levels,r2p8_w256_di32,temperature,250.0,0.0003652404937894036,0.0005276300329191674
24h_gaussian_stats_equal_levels,r2p8_w256_di32,temperature,300.0,0.0003372404621966835,0.0005007209504681866
24h_gaussian_stats_equal_levels,r2p8_w256_di32,temperature,350.0,0.00031310790330159517,0.0004600264342276472
24h_gaussian_stats_equal_levels,r2p8_w256_di32,temperature,400.0,0.0003068392695018126,0.00038857011423615583
24h_gaussian_stats_equal_levels,r2p8_w256_di32,temperature,450.0,0.00030713257722478674,0.0003739619276158635
24h_gaussian_stats_equal_levels,r2p8_w256_di32,temperature,500.0,0.00030664443640083237,0.0003700760821513671
24h_gaussian_stats_equal_levels,r2p8_w256_di32,temperature,550.0,0.0003206849502511781,0.00039656744279006613
24h_gaussian_stats_equal_levels,r2p8_w256_di32,temperature,600.0,0.0003393879489347588,0.00042197582121163363
24h_gaussian_stats_equal_levels,r2p8_w256_di32,temperature,650.0,0.00036553807853789314,0.0004672186392503902
24h_gaussian_stats_equal_levels,r2p8_w256_di32,temperature,700.0,0.0003957210385534462,0.0004983398292411671
24h_gaussian_stats_equal_levels,r2p8_w256_di32,temperature,750.0,0.0004512042215041145,0.0005676994712434095
24h_gaussian_stats_equal_levels,r2p8_w256_di32,temperature,775.0,0.00048065496902565866,0.0005675925830227294
24h_gaussian_stats_equal_levels,r2p8_w256_di32,temperature,800.0,0.0005256573760042759,0.0006872830049658362
24h_gaussian_stats_equal_levels,r2p8_w256_di32,temperature,825.0,0.0005977889053062755,0.0007749116151678618
24h_gaussian_stats_equal_levels,r2p8_w256_di32,temperature,850.0,0.0006442503698758104,0.0009477754734763546
24h_gaussian_stats_equal_levels,r2p8_w256_di32,temperature,875.0,0.0006581030446741614,0.001061781512416961
24h_gaussian_stats_equal_levels,r2p8_w256_di32,temperature,900.0,0.0006574933689208825,0.0009164858751447304
24h_gaussian_stats_equal_levels,r2p8_w256_di32,temperature,925.0,0.0006661655358503192,0.0009100595349327919
24h_gaussian_stats_equal_levels,r2p8_w256_di32,temperature,950.0,0.0006994832821276457,0.0009588774687418601
24h_gaussian_stats_equal_levels,r2p8_w256_di32,temperature,975.0,0.0007732575294739415,0.0010398783840395826
24h_gaussian_stats_equal_levels,r2p8_w256_di32,temperature,1000.0,0.0008067311228944102,0.001179903234107794
24h_gaussian_stats_equal_levels,r2p8_w256_di32,geopotential,1.0,181.3375072205243,5.386652547928764
24h_gaussian_stats_equal_levels,r2p8_w256_di32,geopotential,2.0,84.57085302790576,1.0102365080611049
24h_gaussian_stats_equal_levels,r2p8_w256_di32,geopotential,3.0,48.09347468256172,0.5540154586825927
24h_gaussian_stats_equal_levels,r2p8_w256_di32,geopotential,5.0,18.09316016196394,0.2704208563093317
24h_gaussian_stats_equal_levels,r2p8_w256_di32,geopotential,7.0,7.204049845318821,0.11937443726530923
24h_gaussian_stats_equal_levels,r2p8_w256_di32,geopotential,10.0,1.5146431226809247,0.05438808777837463
24h_gaussian_stats_equal_levels,r2p8_w256_di32,geopotential,20.0,0.3751109551665176,0.15312497757755358
24h_gaussian_stats_equal_levels,r2p8_w256_di32,geopotential,30.0,0.6296285267813916,0.08226683027158238
24h_gaussian_stats_equal_levels,r2p8_w256_di32,geopotential,50.0,0.0007109658835012375,0.012332486976524623
24h_gaussian_stats_equal_levels,r2p8_w256_di32,geopotential,70.0,0.0006133650953816668,0.011044339333951346
24h_gaussian_stats_equal_levels,r2p8_w256_di32,geopotential,100.0,0.00039053905099360785,0.0008170478286323514
24h_gaussian_stats_equal_levels,r2p8_w256_di32,geopotential,125.0,0.00032102272550547294,0.0004583000871698808
24h_gaussian_stats_equal_levels,r2p8_w256_di32,geopotential,150.0,0.000290314549201398,0.00036497861594371613
24h_gaussian_stats_equal_levels,r2p8_w256_di32,geopotential,175.0,0.0002810143446043314,0.0004183519420089128
24h_gaussian_stats_equal_levels,r2p8_w256_di32,geopotential,200.0,0.0002791618593020385,0.0005650100130621732
24h_gaussian_stats_equal_levels,r2p8_w256_di32,geopotential,225.0,0.00026766055269333735,0.0005132031788732577
24h_gaussian_stats_equal_levels,r2p8_w256_di32,geopotential,250.0,0.00026620965696703524,0.0003874512072496416
24h_gaussian_stats_equal_levels,r2p8_w256_di32,geopotential,300.0,0.00026600446910703455,0.0003632744883081822
24h_gaussian_stats_equal_levels,r2p8_w256_di32,geopotential,350.0,0.00025312802994266356,0.00042598047964569985
24h_gaussian_stats_equal_levels,r2p8_w256_di32,geopotential,400.0,0.00023360034902268108,0.00031568703765352287
24h_gaussian_stats_equal_levels,r2p8_w256_di32,geopotential,450.0,0.00021435611521532585,0.000314398727376598
24h_gaussian_stats_equal_levels,r2p8_w256_di32,geopotential,500.0,0.00019740842995107354,0.00027012937304095097
24h_gaussian_stats_equal_levels,r2p8_w256_di32,geopotential,550.0,0.0001838923405483934,0.00024960676273357946
24h_gaussian_stats_equal_levels,r2p8_w256_di32,geopotential,600.0,0.0001753841533072935,0.00023376438266886745
24h_gaussian_stats_equal_levels,r2p8_w256_di32,geopotential,650.0,0.00016959672382368447,0.0002293586111064287
24h_gaussian_stats_equal_levels,r2p8_w256_di32,geopotential,700.0,0.00016829700551093384,0.0002378817529878707
24h_gaussian_stats_equal_levels,r2p8_w256_di32,geopotential,750.0,0.00016825418889131834,0.00023359994156038177
24h_gaussian_stats_equal_levels,r2p8_w256_di32,geopotential,775.0,0.00017043923860031375,0.000238686773085395
24h_gaussian_stats_equal_levels,r2p8_w256_di32,geopotential,800.0,0.0001724452946177116,0.00024004453982248122
24h_gaussian_stats_equal_levels,r2p8_w256_di32,geopotential,825.0,0.00017577968532757584,0.00024388475627082118
24h_gaussian_stats_equal_levels,r2p8_w256_di32,geopotential,850.0,0.00017982853187001853,0.000257296415458516
24h_gaussian_stats_equal_levels,r2p8_w256_di32,geopotential,875.0,0.0001846015555164994,0.00026886124676466606
24h_gaussian_stats_equal_levels,r2p8_w256_di32,geopotential,900.0,0.00019259248824633974,0.0002806313777673773
24h_gaussian_stats_equal_levels,r2p8_w256_di32,geopotential,925.0,0.00020208799985832007,0.00029597505259719415
24h_gaussian_stats_equal_levels,r2p8_w256_di32,geopotential,950.0,0.00021275230882751106,0.00032323262395809045
24h_gaussian_stats_equal_levels,r2p8_w256_di32,geopotential,975.0,0.0002293000505086709,0.0003678676989807611
24h_gaussian_stats_equal_levels,r2p8_w256_di32,geopotential,1000.0,0.0002527177299441065,0.00047991384151323
24h_gaussian_stats_equal_levels,r2p8_w256_di32,u_component_of_wind,1.0,0.32776840544692565,0.6724214489644259
24h_gaussian_stats_equal_levels,r2p8_w256_di32,u_component_of_wind,2.0,0.2064164547613145,0.29013119451616415
24h_gaussian_stats_equal_levels,r2p8_w256_di32,u_component_of_wind,3.0,0.12952268707217307,0.1849632246198276
24h_gaussian_stats_equal_levels,r2p8_w256_di32,u_component_of_wind,5.0,0.06328279280776546,0.08470755770014138
24h_gaussian_stats_equal_levels,r2p8_w256_di32,u_component_of_wind,7.0,0.04299708512966518,0.05603335917634905
24h_gaussian_stats_equal_levels,r2p8_w256_di32,u_component_of_wind,10.0,0.0308849962611074,0.047419939006363244
24h_gaussian_stats_equal_levels,r2p8_w256_di32,u_component_of_wind,20.0,0.01214126419369513,0.02170271259485516
24h_gaussian_stats_equal_levels,r2p8_w256_di32,u_component_of_wind,30.0,0.011875436484820293,0.015886121487861376
24h_gaussian_stats_equal_levels,r2p8_w256_di32,u_component_of_wind,50.0,0.0005130403964449026,0.003944702665823851
24h_gaussian_stats_equal_levels,r2p8_w256_di32,u_component_of_wind,70.0,0.000508815446551051,0.0010059778839551516
24h_gaussian_stats_equal_levels,r2p8_w256_di32,u_component_of_wind,100.0,0.00059158448433147,0.0012318136963614446
24h_gaussian_stats_equal_levels,r2p8_w256_di32,u_component_of_wind,125.0,0.0006432808068893386,0.0009875180534213571
24h_gaussian_stats_equal_levels,r2p8_w256_di32,u_component_of_wind,150.0,0.0006784228638245059,0.0010822044507924446
24h_gaussian_stats_equal_levels,r2p8_w256_di32,u_component_of_wind,175.0,0.000690175267948421,0.0010038593864156468
24h_gaussian_stats_equal_levels,r2p8_w256_di32,u_component_of_wind,200.0,0.000723754272687697,0.0012069177778151162
24h_gaussian_stats_equal_levels,r2p8_w256_di32,u_component_of_wind,225.0,0.0007934711959465343,0.0011670684788237296
24h_gaussian_stats_equal_levels,r2p8_w256_di32,u_component_of_wind,250.0,0.0008525916672619372,0.0012464305933237382
24h_gaussian_stats_equal_levels,r2p8_w256_di32,u_component_of_wind,300.0,0.0008943678297298577,0.0016058650535464279
24h_gaussian_stats_equal_levels,r2p8_w256_di32,u_component_of_wind,350.0,0.0008194434589372931,0.0016756712212317735
24h_gaussian_stats_equal_levels,r2p8_w256_di32,u_component_of_wind,400.0,0.000721444274532436,0.001050634935754447
24h_gaussian_stats_equal_levels,r2p8_w256_di32,u_component_of_wind,450.0,0.000636281292238246,0.0008735091565287575
24h_gaussian_stats_equal_levels,r2p8_w256_di32,u_component_of_wind,500.0,0.0005667807631561254,0.0007045744233721719
24h_gaussian_stats_equal_levels,r2p8_w256_di32,u_component_of_wind,550.0,0.0005271226080111787,0.0006153868356263051
24h_gaussian_stats_equal_levels,r2p8_w256_di32,u_component_of_wind,600.0,0.0004924424163051958,0.000567207418676766
24h_gaussian_stats_equal_levels,r2p8_w256_di32,u_component_of_wind,650.0,0.0004735473071462216,0.0006417343884197453
24h_gaussian_stats_equal_levels,r2p8_w256_di32,u_component_of_wind,700.0,0.00045481227758810037,0.0005961663612269854
24h_gaussian_stats_equal_levels,r2p8_w256_di32,u_component_of_wind,750.0,0.0004381275000697374,0.0005027750766302136
24h_gaussian_stats_equal_levels,r2p8_w256_di32,u_component_of_wind,775.0,0.00042823803991540995,0.0005089323140123083
24h_gaussian_stats_equal_levels,r2p8_w256_di32,u_component_of_wind,800.0,0.00042068528431638545,0.0004930997519493837
24h_gaussian_stats_equal_levels,r2p8_w256_di32,u_component_of_wind,825.0,0.0004125649857755014,0.0004945059911873589
24h_gaussian_stats_equal_levels,r2p8_w256_di32,u_component_of_wind,850.0,0.0003993003623691676,0.000475547379801684
24h_gaussian_stats_equal_levels,r2p8_w256_di32,u_component_of_wind,875.0,0.00038354017072717613,0.0004659665594292135
24h_gaussian_stats_equal_levels,r2p8_w256_di32,u_component_of_wind,900.0,0.0003706031442777955,0.00045998454290136696
24h_gaussian_stats_equal_levels,r2p8_w256_di32,u_component_of_wind,925.0,0.0003630775820264909,0.00045551218203930104
24h_gaussian_stats_equal_levels,r2p8_w256_di32,u_component_of_wind,950.0,0.00034656286425189435,0.00045726759257200695
24h_gaussian_stats_equal_levels,r2p8_w256_di32,u_component_of_wind,975.0,0.0003081933385846967,0.0004234775003047521
24h_gaussian_stats_equal_levels,r2p8_w256_di32,u_component_of_wind,1000.0,0.00025680871334717384,0.0003931253178167948
24h_gaussian_stats_equal_levels,r2p8_w256_di32,v_component_of_wind,1.0,0.03920778306863587,0.04541141057731868
24h_gaussian_stats_equal_levels,r2p8_w256_di32,v_component_of_wind,2.0,0.023966353108996342,0.029820800969691648
24h_gaussian_stats_equal_levels,r2p8_w256_di32,v_component_of_wind,3.0,0.017137635325787725,0.02324129982777557
24h_gaussian_stats_equal_levels,r2p8_w256_di32,v_component_of_wind,5.0,0.010773489449177961,0.014366359577967103
24h_gaussian_stats_equal_levels,r2p8_w256_di32,v_component_of_wind,7.0,0.008147477344540533,0.010586896478472047
24h_gaussian_stats_equal_levels,r2p8_w256_di32,v_component_of_wind,10.0,0.005638737396594826,0.007236193416292076
24h_gaussian_stats_equal_levels,r2p8_w256_di32,v_component_of_wind,20.0,0.0032447855000606388,0.003907522184088588
24h_gaussian_stats_equal_levels,r2p8_w256_di32,v_component_of_wind,30.0,0.002699493977653808,0.003738903398680646
24h_gaussian_stats_equal_levels,r2p8_w256_di32,v_component_of_wind,50.0,0.0003813413414031636,0.0017811879585299976
24h_gaussian_stats_equal_levels,r2p8_w256_di32,v_component_of_wind,70.0,0.0003979425000006652,0.012009042743571348
24h_gaussian_stats_equal_levels,r2p8_w256_di32,v_component_of_wind,100.0,0.00044744739189504486,0.0013079876037382036
24h_gaussian_stats_equal_levels,r2p8_w256_di32,v_component_of_wind,125.0,0.00048240877286730816,0.001309908820889943
24h_gaussian_stats_equal_levels,r2p8_w256_di32,v_component_of_wind,150.0,0.0004907207062155853,0.0010101720175193605
24h_gaussian_stats_equal_levels,r2p8_w256_di32,v_component_of_wind,175.0,0.0004890933060627899,0.0007690132346568547
24h_gaussian_stats_equal_levels,r2p8_w256_di32,v_component_of_wind,200.0,0.0005111082403427989,0.0006859556968399757
24h_gaussian_stats_equal_levels,r2p8_w256_di32,v_component_of_wind,225.0,0.0005780204685279594,0.0008752505771882088
24h_gaussian_stats_equal_levels,r2p8_w256_di32,v_component_of_wind,250.0,0.0006434728862961391,0.0011493737353238606
24h_gaussian_stats_equal_levels,r2p8_w256_di32,v_component_of_wind,300.0,0.0007245083171718032,0.0013257392246958733
24h_gaussian_stats_equal_levels,r2p8_w256_di32,v_component_of_wind,350.0,0.0006852072565541145,0.0011670666370223702
24h_gaussian_stats_equal_levels,r2p8_w256_di32,v_component_of_wind,400.0,0.00060681895239978,0.0008478518228981152
24h_gaussian_stats_equal_levels,r2p8_w256_di32,v_component_of_wind,450.0,0.0005305620393316184,0.000737161343453511
24h_gaussian_stats_equal_levels,r2p8_w256_di32,v_component_of_wind,500.0,0.0004682200791801968,0.000614561421950295
24h_gaussian_stats_equal_levels,r2p8_w256_di32,v_component_of_wind,550.0,0.0004311042521765007,0.0005285458488913662
24h_gaussian_stats_equal_levels,r2p8_w256_di32,v_component_of_wind,600.0,0.00039979908855612885,0.0004891449509625693
24h_gaussian_stats_equal_levels,r2p8_w256_di32,v_component_of_wind,650.0,0.00038147459483497536,0.0005184007233825985
24h_gaussian_stats_equal_levels,r2p8_w256_di32,v_component_of_wind,700.0,0.00036636266777709237,0.00045356222066306423
24h_gaussian_stats_equal_levels,r2p8_w256_di32,v_component_of_wind,750.0,0.0003536686611349996,0.0004435066643255302
24h_gaussian_stats_equal_levels,r2p8_w256_di32,v_component_of_wind,775.0,0.0003470884449348665,0.00047943558506403856
24h_gaussian_stats_equal_levels,r2p8_w256_di32,v_component_of_wind,800.0,0.0003416555948830327,0.000543843987436886
24h_gaussian_stats_equal_levels,r2p8_w256_di32,v_component_of_wind,825.0,0.00033621852189868627,0.0004644162318916899
24h_gaussian_stats_equal_levels,r2p8_w256_di32,v_component_of_wind,850.0,0.0003281049228182465,0.00046440687809340896
24h_gaussian_stats_equal_levels,r2p8_w256_di32,v_component_of_wind,875.0,0.00031862249917985583,0.0004497749407617828
24h_gaussian_stats_equal_levels,r2p8_w256_di32,v_component_of_wind,900.0,0.0003121911441535935,0.0004188847859072688
24h_gaussian_stats_equal_levels,r2p8_w256_di32,v_component_of_wind,925.0,0.00030502586475122354,0.00040027542177945144
24h_gaussian_stats_equal_levels,r2p8_w256_di32,v_component_of_wind,950.0,0.00029115877689444127,0.00038804346126230415
24h_gaussian_stats_equal_levels,r2p8_w256_di32,v_component_of_wind,975.0,0.00025627770338631345,0.00037672755635970916
24h_gaussian_stats_equal_levels,r2p8_w256_di32,v_component_of_wind,1000.0,0.00020901236261297533,0.0003025228441633803
24h_gaussian_stats_equal_levels,r2p8_w256_di32,specific_humidity,1.0,1.6059827034974974,0.22411339927470958
24h_gaussian_stats_equal_levels,r2p8_w256_di32,specific_humidity,2.0,1.3601423509610864,0.11777281719096644
24h_gaussian_stats_equal_levels,r2p8_w256_di32,specific_humidity,3.0,0.8747966955766732,0.07745863886217579
24h_gaussian_stats_equal_levels,r2p8_w256_di32,specific_humidity,5.0,0.3891146523785478,0.14819926419436358
24h_gaussian_stats_equal_levels,r2p8_w256_di32,specific_humidity,7.0,0.21603789853168343,0.221681131910629
24h_gaussian_stats_equal_levels,r2p8_w256_di32,specific_humidity,10.0,0.11970605404702826,0.34301642127717097
24h_gaussian_stats_equal_levels,r2p8_w256_di32,specific_humidity,20.0,0.03361447951273257,0.3358110862315772
24h_gaussian_stats_equal_levels,r2p8_w256_di32,specific_humidity,30.0,0.02069632975473494,0.06021580619950361
24h_gaussian_stats_equal_levels,r2p8_w256_di32,specific_humidity,50.0,0.00021133840003411774,0.15570928514441804
24h_gaussian_stats_equal_levels,r2p8_w256_di32,specific_humidity,70.0,0.00044060459575654765,0.011565458523464224
24h_gaussian_stats_equal_levels,r2p8_w256_di32,specific_humidity,100.0,0.0007513032568414529,0.0019754780309023893
24h_gaussian_stats_equal_levels,r2p8_w256_di32,specific_humidity,125.0,0.0008114027932038799,0.0024390289559977647
24h_gaussian_stats_equal_levels,r2p8_w256_di32,specific_humidity,150.0,0.0007887075587568762,0.002408977460641843
24h_gaussian_stats_equal_levels,r2p8_w256_di32,specific_humidity,175.0,0.0007333170490947632,0.0017807558180444574
24h_gaussian_stats_equal_levels,r2p8_w256_di32,specific_humidity,200.0,0.0007150358554482506,0.0014163600154828272
24h_gaussian_stats_equal_levels,r2p8_w256_di32,specific_humidity,225.0,0.0007085707365757865,0.0011721460428372877
24h_gaussian_stats_equal_levels,r2p8_w256_di32,specific_humidity,250.0,0.0006936017022303463,0.0012391382159788336
24h_gaussian_stats_equal_levels,r2p8_w256_di32,specific_humidity,300.0,0.0006620813371569724,0.001653379371985079
24h_gaussian_stats_equal_levels,r2p8_w256_di32,specific_humidity,350.0,0.0006536534593746563,0.0012777070673681762
24h_gaussian_stats_equal_levels,r2p8_w256_di32,specific_humidity,400.0,0.0006264510806623474,0.0012561576554065447
24h_gaussian_stats_equal_levels,r2p8_w256_di32,specific_humidity,450.0,0.0006169988713080181,0.0009232213960119634
24h_gaussian_stats_equal_levels,r2p8_w256_di32,specific_humidity,500.0,0.0005949998847520823,0.0007823852686153696
24h_gaussian_stats_equal_levels,r2p8_w256_di32,specific_humidity,550.0,0.0006025492778272589,0.0007377301112367948
24h_gaussian_stats_equal_levels,r2p8_w256_di32,specific_humidity,600.0,0.0006076696712292109,0.0008428925370587388
24h_gaussian_stats_equal_levels,r2p8_w256_di32,specific_humidity,650.0,0.0006338792521687493,0.0008828684157301908
24h_gaussian_stats_equal_levels,r2p8_w256_di32,specific_humidity,700.0,0.000618718117049828,0.0009470164991455491
24h_gaussian_stats_equal_levels,r2p8_w256_di32,specific_humidity,750.0,0.0006096773663846114,0.0008553254113540034
24h_gaussian_stats_equal_levels,r2p8_w256_di32,specific_humidity,775.0,0.0005999278428823068,0.0007945342903139223
24h_gaussian_stats_equal_levels,r2p8_w256_di32,specific_humidity,800.0,0.000604993969775615,0.000797230418785927
24h_gaussian_stats_equal_levels,r2p8_w256_di32,specific_humidity,825.0,0.0006303389051415197,0.0008326041180221951
24h_gaussian_stats_equal_levels,r2p8_w256_di32,specific_humidity,850.0,0.0006717155293129201,0.0008918571874141409
24h_gaussian_stats_equal_levels,r2p8_w256_di32,specific_humidity,875.0,0.0007259293371642373,0.0009478430150208404
24h_gaussian_stats_equal_levels,r2p8_w256_di32,specific_humidity,900.0,0.0008032333939708222,0.0010283984753283368
24h_gaussian_stats_equal_levels,r2p8_w256_di32,specific_humidity,925.0,0.000816177412397918,0.0010082913446311608
24h_gaussian_stats_equal_levels,r2p8_w256_di32,specific_humidity,950.0,0.0007329100069632935,0.0009286903372371912
24h_gaussian_stats_equal_levels,r2p8_w256_di32,specific_humidity,975.0,0.0006973437914117057,0.0008370769688518264
24h_gaussian_stats_equal_levels,r2p8_w256_di32,specific_humidity,1000.0,0.0006813782331683285,0.0008701694483594019
24h_gaussian_stats_equal_levels,r2p8_w256_di32,specific_cloud_ice_water_content,1.0,1.28981904610107e-06,1.5486821366238534e-06
24h_gaussian_stats_equal_levels,r2p8_w256_di32,specific_cloud_ice_water_content,2.0,1.2634964172696151e-06,1.5402911700204633e-06
24h_gaussian_stats_equal_levels,r2p8_w256_di32,specific_cloud_ice_water_content,3.0,1.2628158318641747e-06,1.5453906293709914e-06
24h_gaussian_stats_equal_levels,r2p8_w256_di32,specific_cloud_ice_water_content,5.0,1.251860930937842e-06,1.5447542407006206e-06
24h_gaussian_stats_equal_levels,r2p8_w256_di32,specific_cloud_ice_water_content,7.0,1.2583891501856412e-06,1.545568929541788e-06
24h_gaussian_stats_equal_levels,r2p8_w256_di32,specific_cloud_ice_water_content,10.0,1.2720264556760327e-06,1.5410339923701557e-06
24h_gaussian_stats_equal_levels,r2p8_w256_di32,specific_cloud_ice_water_content,20.0,8.969521857299055e-07,1.1517721892507738e-06
24h_gaussian_stats_equal_levels,r2p8_w256_di32,specific_cloud_ice_water_content,30.0,6.446115387552704e-07,8.933674431860237e-07
24h_gaussian_stats_equal_levels,r2p8_w256_di32,specific_cloud_ice_water_content,50.0,3.776943941888621e-07,7.020787774406157e-07
24h_gaussian_stats_equal_levels,r2p8_w256_di32,specific_cloud_ice_water_content,70.0,3.1269989193705234e-07,5.661450908690856e-07
24h_gaussian_stats_equal_levels,r2p8_w256_di32,specific_cloud_ice_water_content,100.0,8.853878658541509e-07,1.3082437662635814e-06
24h_gaussian_stats_equal_levels,r2p8_w256_di32,specific_cloud_ice_water_content,125.0,4.641591010453995e-06,5.360014182655637e-06
24h_gaussian_stats_equal_levels,r2p8_w256_di32,specific_cloud_ice_water_content,150.0,1.276165042831737e-05,1.4128328989006023e-05
24h_gaussian_stats_equal_levels,r2p8_w256_di32,specific_cloud_ice_water_content,175.0,2.1636997662016508e-05,2.4919990919963885e-05
24h_gaussian_stats_equal_levels,r2p8_w256_di32,specific_cloud_ice_water_content,200.0,3.0930101578262346e-05,3.8336792369800016e-05
24h_gaussian_stats_equal_levels,r2p8_w256_di32,specific_cloud_ice_water_content,225.0,4.021833830901603e-05,5.639078577131285e-05
24h_gaussian_stats_equal_levels,r2p8_w256_di32,specific_cloud_ice_water_content,250.0,4.4514655540165026e-05,7.68737113989576e-05
24h_gaussian_stats_equal_levels,r2p8_w256_di32,specific_cloud_ice_water_content,300.0,4.2494367526021264e-05,8.226682083112422e-05
24h_gaussian_stats_equal_levels,r2p8_w256_di32,specific_cloud_ice_water_content,350.0,3.7868190525657036e-05,6.30571335847335e-05
24h_gaussian_stats_equal_levels,r2p8_w256_di32,specific_cloud_ice_water_content,400.0,2.8594748775759706e-05,4.064223927567798e-05
24h_gaussian_stats_equal_levels,r2p8_w256_di32,specific_cloud_ice_water_content,450.0,2.0866605865579226e-05,2.797776517795844e-05
24h_gaussian_stats_equal_levels,r2p8_w256_di32,specific_cloud_ice_water_content,500.0,1.4853222536262782e-05,1.899681647509132e-05
24h_gaussian_stats_equal_levels,r2p8_w256_di32,specific_cloud_ice_water_content,550.0,9.893469051426506e-06,1.2531355526126094e-05
24h_gaussian_stats_equal_levels,r2p8_w256_di32,specific_cloud_ice_water_content,600.0,6.9017432412311536e-06,8.633124729755679e-06
24h_gaussian_stats_equal_levels,r2p8_w256_di32,specific_cloud_ice_water_content,650.0,5.098099826486555e-06,6.2653584655613175e-06
24h_gaussian_stats_equal_levels,r2p8_w256_di32,specific_cloud_ice_water_content,700.0,3.80519228923125e-06,4.5359481116103344e-06
24h_gaussian_stats_equal_levels,r2p8_w256_di32,specific_cloud_ice_water_content,750.0,2.989467060296399e-06,3.613078750233853e-06
24h_gaussian_stats_equal_levels,r2p8_w256_di32,specific_cloud_ice_water_content,775.0,2.943500341153302e-06,3.468255994425636e-06
24h_gaussian_stats_equal_levels,r2p8_w256_di32,specific_cloud_ice_water_content,800.0,2.9394776031514856e-06,3.5657362278870343e-06
24h_gaussian_stats_equal_levels,r2p8_w256_di32,specific_cloud_ice_water_content,825.0,2.8412788009982194e-06,3.2967534496021226e-06
24h_gaussian_stats_equal_levels,r2p8_w256_di32,specific_cloud_ice_water_content,850.0,2.4739653356481162e-06,2.8475410520456124e-06
24h_gaussian_stats_equal_levels,r2p8_w256_di32,specific_cloud_ice_water_content,875.0,2.000067833131095e-06,2.2199523557546496e-06
24h_gaussian_stats_equal_levels,r2p8_w256_di32,specific_cloud_ice_water_content,900.0,1.6305553508908922e-06,1.952501710013923e-06
24h_gaussian_stats_equal_levels,r2p8_w256_di32,specific_cloud_ice_water_content,925.0,1.3099378201031126e-06,1.6825921114922173e-06
24h_gaussian_stats_equal_levels,r2p8_w256_di32,specific_cloud_ice_water_content,950.0,9.543371043401312e-07,1.2566795372728994e-06
24h_gaussian_stats_equal_levels,r2p8_w256_di32,specific_cloud_ice_water_content,975.0,6.573396164186978e-07,7.762081478144911e-07
24h_gaussian_stats_equal_levels,r2p8_w256_di32,specific_cloud_ice_water_content,1000.0,5.470358653352238e-07,6.71372603538888e-07
24h_gaussian_stats_equal_levels,r2p8_w256_di32,specific_cloud_liquid_water_content,1.0,1.0013963571122764e-06,1.6736472637629041e-06
24h_gaussian_stats_equal_levels,r2p8_w256_di32,specific_cloud_liquid_water_content,2.0,1.0040157867105975e-06,1.6838822626502135e-06
24h_gaussian_stats_equal_levels,r2p8_w256_di32,specific_cloud_liquid_water_content,3.0,9.918019151737805e-07,1.6757033737622316e-06
24h_gaussian_stats_equal_levels,r2p8_w256_di32,specific_cloud_liquid_water_content,5.0,1.0012322023377332e-06,1.689437115081813e-06
24h_gaussian_stats_equal_levels,r2p8_w256_di32,specific_cloud_liquid_water_content,7.0,1.0141430360945545e-06,1.689510711865876e-06
24h_gaussian_stats_equal_levels,r2p8_w256_di32,specific_cloud_liquid_water_content,10.0,9.933243958539123e-07,1.6701426063439103e-06
24h_gaussian_stats_equal_levels,r2p8_w256_di32,specific_cloud_liquid_water_content,20.0,7.687284625392788e-07,1.2723550517167385e-06
24h_gaussian_stats_equal_levels,r2p8_w256_di32,specific_cloud_liquid_water_content,30.0,5.620153604152445e-07,9.86839353529694e-07
24h_gaussian_stats_equal_levels,r2p8_w256_di32,specific_cloud_liquid_water_content,50.0,5.273078135361731e-07,1.4637131383472963e-06
24h_gaussian_stats_equal_levels,r2p8_w256_di32,specific_cloud_liquid_water_content,70.0,3.465302222882033e-07,1.6769704890923566e-06
24h_gaussian_stats_equal_levels,r2p8_w256_di32,specific_cloud_liquid_water_content,100.0,3.317145094739693e-07,1.2175275838524628e-06
24h_gaussian_stats_equal_levels,r2p8_w256_di32,specific_cloud_liquid_water_content,125.0,2.8494810619104905e-07,7.411418959402433e-07
24h_gaussian_stats_equal_levels,r2p8_w256_di32,specific_cloud_liquid_water_content,150.0,3.2682536040308543e-07,8.345550639840458e-07
24h_gaussian_stats_equal_levels,r2p8_w256_di32,specific_cloud_liquid_water_content,175.0,4.0118788354345984e-07,6.445060956756515e-07
24h_gaussian_stats_equal_levels,r2p8_w256_di32,specific_cloud_liquid_water_content,200.0,4.779243384982044e-07,7.95405671838879e-07
24h_gaussian_stats_equal_levels,r2p8_w256_di32,specific_cloud_liquid_water_content,225.0,4.138239836318979e-07,5.621035623633959e-07
24h_gaussian_stats_equal_levels,r2p8_w256_di32,specific_cloud_liquid_water_content,250.0,4.55274433543418e-07,6.811109502713341e-07
24h_gaussian_stats_equal_levels,r2p8_w256_di32,specific_cloud_liquid_water_content,300.0,7.36997357441055e-07,9.681696396628462e-07
24h_gaussian_stats_equal_levels,r2p8_w256_di32,specific_cloud_liquid_water_content,350.0,1.1447700533644716e-06,1.4881832095262717e-06
24h_gaussian_stats_equal_levels,r2p8_w256_di32,specific_cloud_liquid_water_content,400.0,2.233181044935369e-06,2.863109129057595e-06
24h_gaussian_stats_equal_levels,r2p8_w256_di32,specific_cloud_liquid_water_content,450.0,5.073069524811013e-06,5.916426062323925e-06
24h_gaussian_stats_equal_levels,r2p8_w256_di32,specific_cloud_liquid_water_content,500.0,1.1143039604280458e-05,1.261869923535921e-05
24h_gaussian_stats_equal_levels,r2p8_w256_di32,specific_cloud_liquid_water_content,550.0,1.8795576213177452e-05,1.997869775350358e-05
24h_gaussian_stats_equal_levels,r2p8_w256_di32,specific_cloud_liquid_water_content,600.0,1.5097431908874145e-05,1.6562438318521315e-05
24h_gaussian_stats_equal_levels,r2p8_w256_di32,specific_cloud_liquid_water_content,650.0,1.524937562607035e-05,1.6718074762991704e-05
24h_gaussian_stats_equal_levels,r2p8_w256_di32,specific_cloud_liquid_water_content,700.0,1.8700495407667486e-05,2.0533302005649728e-05
24h_gaussian_stats_equal_levels,r2p8_w256_di32,specific_cloud_liquid_water_content,750.0,2.396989170452075e-05,2.6045127321328413e-05
24h_gaussian_stats_equal_levels,r2p8_w256_di32,specific_cloud_liquid_water_content,775.0,2.698898714721502e-05,2.947598181092772e-05
24h_gaussian_stats_equal_levels,r2p8_w256_di32,specific_cloud_liquid_water_content,800.0,3.11637500220937e-05,4.0262438150004e-05
24h_gaussian_stats_equal_levels,r2p8_w256_di32,specific_cloud_liquid_water_content,825.0,4.083497373636909e-05,5.559841820836491e-05
24h_gaussian_stats_equal_levels,r2p8_w256_di32,specific_cloud_liquid_water_content,850.0,4.84405231575698e-05,9.265578503439181e-05
24h_gaussian_stats_equal_levels,r2p8_w256_di32,specific_cloud_liquid_water_content,875.0,4.965682965805356e-05,0.00015323414265919306
24h_gaussian_stats_equal_levels,r2p8_w256_di32,specific_cloud_liquid_water_content,900.0,4.438954656987719e-05,0.00011576522955220636
24h_gaussian_stats_equal_levels,r2p8_w256_di32,specific_cloud_liquid_water_content,925.0,3.573160442621913e-05,6.256235189607104e-05
24h_gaussian_stats_equal_levels,r2p8_w256_di32,specific_cloud_liquid_water_content,950.0,2.4711919722278924e-05,6.566323949730213e-05
24h_gaussian_stats_equal_levels,r2p8_w256_di32,specific_cloud_liquid_water_content,975.0,1.491518311173466e-05,3.6471874247019874e-05
24h_gaussian_stats_equal_levels,r2p8_w256_di32,specific_cloud_liquid_water_content,1000.0,8.760704631589121e-06,1.241319359477675e-05
