run_id,lead_hours,field,pressure_hpa,baseline_rmse,residual_rmse,rmse_reduction_pct
k1_w128_d16,6,temperature,1,9.9039903324195,8.454861858841012,14.631763813772558
k1_w128_d16,6,temperature,2,7.803570145844489,10.54241354668013,-35.097312507584924
k1_w128_d16,6,temperature,3,5.9621518485255605,9.279290895373643,-55.63660790807283
k1_w128_d16,6,temperature,5,4.385090055922865,6.6151360107853465,-50.85519171608339
k1_w128_d16,6,temperature,7,3.7635630458508427,6.081347443626443,-61.58484312706951
k1_w128_d16,6,temperature,10,2.9208224696340426,5.10536866756496,-74.79215942229536
k1_w128_d16,6,temperature,20,2.0939721623718794,3.298616104170446,-57.52912877476102
k1_w128_d16,6,temperature,30,1.8917885452409964,3.396304857877837,-79.52877801388627
k1_w128_d16,6,temperature,50,0.6339756338755826,1.0824792260507854,-70.74461039353153
k1_w128_d16,6,temperature,70,0.6243969717748195,2.3376929161175695,-274.39209698163427
k1_w128_d16,6,temperature,100,0.5034764029686181,3.9805002625557386,-690.6031422894401
k1_w128_d16,6,temperature,125,0.4184478439401238,4.144932030303796,-890.5492620716906
k1_w128_d16,6,temperature,150,0.38677046048424973,0.9460693706079604,-144.6074525503963
k1_w128_d16,6,temperature,175,0.3775644054013143,0.6898682136802959,-82.71537353925962
k1_w128_d16,6,temperature,200,0.38323074057548784,0.8951713706409188,-133.58548150303986
k1_w128_d16,6,temperature,225,0.38311832551746733,0.8254164018324645,-115.44685984874188
k1_w128_d16,6,temperature,250,0.375536959642129,0.8896295400942321,-136.8953353997465
k1_w128_d16,6,temperature,300,0.3536067996173306,0.8367390155363533,-136.62978665621338
k1_w128_d16,6,temperature,350,0.3426322305011085,0.8864948420938402,-158.7307215078157
k1_w128_d16,6,temperature,400,0.33801091454310517,0.6434421635910853,-90.3613569582025
k1_w128_d16,6,temperature,450,0.33209775732272495,0.5293433056413991,-59.393821237701246
k1_w128_d16,6,temperature,500,0.33127387409214315,0.5767786521642322,-74.10930872375476
k1_w128_d16,6,temperature,550,0.3422217082527592,0.937074869656082,-173.82099003607746
k1_w128_d16,6,temperature,600,0.3478688610140707,1.0970485038386522,-215.3626629991117
k1_w128_d16,6,temperature,650,0.3556504872882546,1.8824143356852518,-429.2877144744513
k1_w128_d16,6,temperature,700,0.3678094238226653,1.009861152912732,-174.5609784592207
k1_w128_d16,6,temperature,750,0.3968346574752268,1.3223212153431771,-233.21717003150758
k1_w128_d16,6,temperature,775,0.4133984937280579,0.807463825283269,-95.32335930919848
k1_w128_d16,6,temperature,800,0.4307056925500911,1.2745656992672916,-195.92497181101442
k1_w128_d16,6,temperature,825,0.45249175291351046,1.276446109977508,-182.09267942646653
k1_w128_d16,6,temperature,850,0.4705338382263487,3.463926313913055,-636.1694383065272
k1_w128_d16,6,temperature,875,0.4887812131023916,3.36104836796563,-587.6386157791105
k1_w128_d16,6,temperature,900,0.4954273893251506,1.2083530449858735,-143.9011388998575
k1_w128_d16,6,temperature,925,0.4964039870728035,1.1456911231940967,-130.79813076240816
k1_w128_d16,6,temperature,950,0.504320183895474,1.1035230691524036,-118.8139805606355
k1_w128_d16,6,temperature,975,0.5252808609988815,1.3347216583271941,-154.09676183310174
k1_w128_d16,6,temperature,1000,0.5406172426608639,1.6083136449075703,-197.4958099729879
k1_w128_d16,6,geopotential,1,30406.341476584912,2706.8301355049757,91.09781050906953
k1_w128_d16,6,geopotential,2,20741.683378610287,1733.2972580063213,91.6434108728428
k1_w128_d16,6,geopotential,3,15608.950424260322,1270.7369089970746,91.85892148762275
k1_w128_d16,6,geopotential,5,9579.348559879374,968.9129549702216,89.88539827198414
k1_w128_d16,6,geopotential,7,6064.013373796517,787.7579092187209,87.00929795731096
k1_w128_d16,6,geopotential,10,2819.5194941345767,688.4873529679751,75.58139412051487
k1_w128_d16,6,geopotential,20,1363.2952418466095,554.7962363829802,59.304762508266506
k1_w128_d16,6,geopotential,30,1788.3076932888548,408.21820811153,77.17293228433297
k1_w128_d16,6,geopotential,50,59.51691839213866,318.7169628905443,-435.50649378487026
k1_w128_d16,6,geopotential,70,53.485756496394174,284.44230520465624,-431.8094457985882
k1_w128_d16,6,geopotential,100,45.11757996644587,205.65695494516527,-355.8244371664287
k1_w128_d16,6,geopotential,125,42.396529732231734,163.15631464542255,-284.83412599070306
k1_w128_d16,6,geopotential,150,40.25195897331192,133.49534288441092,-231.64930674037936
k1_w128_d16,6,geopotential,175,39.056070799594366,135.78660881948034,-247.67094087941535
k1_w128_d16,6,geopotential,200,37.6961266483971,136.37424185899474,-261.7725585734512
k1_w128_d16,6,geopotential,225,36.811898588038396,129.0147470672026,-250.47023385293267
k1_w128_d16,6,geopotential,250,36.66323376215063,126.42034082901448,-244.81503090849773
k1_w128_d16,6,geopotential,300,36.35367924692099,125.58819679293399,-245.46213586777682
k1_w128_d16,6,geopotential,350,35.343754282278894,130.23996644290526,-268.4949974547742
k1_w128_d16,6,geopotential,400,34.231231288368654,130.25804714091228,-280.5239900475691
k1_w128_d16,6,geopotential,450,32.43908693383431,131.87640354046965,-306.53549777605224
k1_w128_d16,6,geopotential,500,31.13852694360948,125.62329636311244,-303.43365179287633
k1_w128_d16,6,geopotential,550,30.055237075937203,131.31318104008182,-336.90615618272284
k1_w128_d16,6,geopotential,600,29.302774900635853,127.19202629465417,-334.0613703854176
k1_w128_d16,6,geopotential,650,28.674747182888026,123.21242274189619,-329.68965674237774
k1_w128_d16,6,geopotential,700,28.34902904793413,141.0021785356641,-397.3792164001444
k1_w128_d16,6,geopotential,750,28.393628952746923,135.75764302558338,-378.12712933423603
k1_w128_d16,6,geopotential,775,28.56185776252475,134.46246890836704,-370.7763410431644
k1_w128_d16,6,geopotential,800,28.586630139268834,145.81407749351555,-410.0778818039624
k1_w128_d16,6,geopotential,825,28.934198000450955,152.6482605192044,-427.5703875283679
k1_w128_d16,6,geopotential,850,29.348093950023,172.96877853473933,-489.36971794246205
k1_w128_d16,6,geopotential,875,29.8252487858047,172.42179419883013,-478.1068095596042
k1_w128_d16,6,geopotential,900,30.436649089672304,152.25012160253107,-400.21972246015815
k1_w128_d16,6,geopotential,925,31.065069282535653,150.64727220309948,-384.9410469133937
k1_w128_d16,6,geopotential,950,31.828719507031295,152.7914093230101,-380.04258948983755
k1_w128_d16,6,geopotential,975,33.0033155245559,150.00479184857988,-354.51431004551586
k1_w128_d16,6,geopotential,1000,34.61192490481373,157.3080240569861,-354.4908279143646
k1_w128_d16,6,u_component_of_wind,1,19.89105783588024,21.56959501042482,-8.438652123954782
k1_w128_d16,6,u_component_of_wind,2,14.808786249493675,15.456941978270507,-4.376832225524163
k1_w128_d16,6,u_component_of_wind,3,11.813944705597986,12.462852632847001,-5.492728664469992
k1_w128_d16,6,u_component_of_wind,5,10.582284597279084,12.145626089761286,-14.773194560314206
k1_w128_d16,6,u_component_of_wind,7,10.734911366240992,11.633404288364058,-8.36982152408483
k1_w128_d16,6,u_component_of_wind,10,11.367662377437185,13.448852577857792,-18.307987441212227
k1_w128_d16,6,u_component_of_wind,20,5.027319534514148,8.977189481388182,-78.5681100983719
k1_w128_d16,6,u_component_of_wind,30,4.870175131043882,6.910813527963483,-41.900719009301966
k1_w128_d16,6,u_component_of_wind,50,1.0688577185812604,6.779799561559769,-534.3032794447965
k1_w128_d16,6,u_component_of_wind,70,1.1003464791223327,3.3100176275023676,-200.81594209694117
k1_w128_d16,6,u_component_of_wind,100,1.201639854243228,4.44390476937328,-269.8200216712996
k1_w128_d16,6,u_component_of_wind,125,1.2622958739185113,6.136024196297336,-386.1003131737601
k1_w128_d16,6,u_component_of_wind,150,1.26888477889531,5.826019786584978,-359.1449029483281
k1_w128_d16,6,u_component_of_wind,175,1.2500922801444037,3.3531703740307712,-168.23382779737122
k1_w128_d16,6,u_component_of_wind,200,1.2502276015838705,10.133501833919318,-710.5325639172845
k1_w128_d16,6,u_component_of_wind,225,1.3181964134406126,5.771660602170322,-337.8452667084538
k1_w128_d16,6,u_component_of_wind,250,1.3789164740587312,3.965607236830343,-187.58864742241371
k1_w128_d16,6,u_component_of_wind,300,1.4202824042437066,8.875132091290359,-524.8850274263817
k1_w128_d16,6,u_component_of_wind,350,1.3655606100042819,7.6173613375657725,-457.8193513901875
k1_w128_d16,6,u_component_of_wind,400,1.2918008869842224,4.371449885928597,-238.39966592173337
k1_w128_d16,6,u_component_of_wind,450,1.208562363869304,2.4519201431537017,-102.87907487899042
k1_w128_d16,6,u_component_of_wind,500,1.1362973426857346,1.8502691425650915,-62.833183979100426
k1_w128_d16,6,u_component_of_wind,550,1.088282875651809,2.577377981711744,-136.82978381590965
k1_w128_d16,6,u_component_of_wind,600,1.0624623387380048,3.051203361359998,-187.18226050103803
k1_w128_d16,6,u_component_of_wind,650,1.0486021177961784,5.31953844832445,-407.29808361482185
k1_w128_d16,6,u_component_of_wind,700,1.0211193740472362,3.4144983391812374,-234.38777345373188
k1_w128_d16,6,u_component_of_wind,750,0.9937667322196927,2.021901376590323,-103.45834802440739
k1_w128_d16,6,u_component_of_wind,775,0.980732525132041,2.7220037133434687,-177.54802085074027
k1_w128_d16,6,u_component_of_wind,800,0.9726241763620099,2.0422494015762966,-109.97312746379575
k1_w128_d16,6,u_component_of_wind,825,0.9636016566294239,2.3136665553395033,-140.10612055529904
k1_w128_d16,6,u_component_of_wind,850,0.9505071719732253,2.205698400491712,-132.05489295917107
k1_w128_d16,6,u_component_of_wind,875,0.9320165101666982,3.014710553200093,-223.46106751487577
k1_w128_d16,6,u_component_of_wind,900,0.9178638917991448,2.3305905189535916,-153.9146097560609
k1_w128_d16,6,u_component_of_wind,925,0.9094185834670749,2.0372810518907865,-124.02016947177827
k1_w128_d16,6,u_component_of_wind,950,0.8887699562518799,2.0254325023025133,-127.89164823304402
k1_w128_d16,6,u_component_of_wind,975,0.8378751338693791,2.0949805353363593,-150.03493368535237
k1_w128_d16,6,u_component_of_wind,1000,0.765436814134373,2.7904118195319136,-264.5515564452659
k1_w128_d16,6,v_component_of_wind,1,12.650821521634215,14.018986463686577,-10.814830797451824
k1_w128_d16,6,v_component_of_wind,2,9.32051501398184,9.476798362201764,-1.676767302938531
k1_w128_d16,6,v_component_of_wind,3,7.377398002654424,7.570830369004641,-2.6219592094749222
k1_w128_d16,6,v_component_of_wind,5,5.7748836147911335,6.059158371715107,-4.922605820069936
k1_w128_d16,6,v_component_of_wind,7,5.008131173043137,5.439280826255013,-8.608992822164696
k1_w128_d16,6,v_component_of_wind,10,4.115790792237513,5.022404123902103,-22.027682587134546
k1_w128_d16,6,v_component_of_wind,20,3.008941802687958,4.76255735745122,-58.28014198203222
k1_w128_d16,6,v_component_of_wind,30,2.687952154629618,4.767948541177437,-77.3821953253639
k1_w128_d16,6,v_component_of_wind,50,1.0600461779103494,5.273089687860234,-397.43962081491435
k1_w128_d16,6,v_component_of_wind,70,1.1456138018320534,16.124729883916036,-1307.5188216246645
k1_w128_d16,6,v_component_of_wind,100,1.2163574774922326,8.291998058461333,-581.7073279770489
k1_w128_d16,6,v_component_of_wind,125,1.298178487730939,7.824433553795829,-502.724018903749
k1_w128_d16,6,v_component_of_wind,150,1.2521543673879396,8.651960651292686,-590.9659764507419
k1_w128_d16,6,v_component_of_wind,175,1.2410980136126357,3.585871326102915,-188.9273277994397
k1_w128_d16,6,v_component_of_wind,200,1.2644111116719376,2.8922195766301595,-128.74044287745633
k1_w128_d16,6,v_component_of_wind,225,1.328712700822358,2.7558179071602793,-107.40510009836339
k1_w128_d16,6,v_component_of_wind,250,1.4041041137915926,7.539690728381387,-436.975189683155
k1_w128_d16,6,v_component_of_wind,300,1.4833822816656723,13.547984157114062,-813.3171081092589
k1_w128_d16,6,v_component_of_wind,350,1.4440211789096822,6.681166930951125,-362.677904488616
k1_w128_d16,6,v_component_of_wind,400,1.3599419498069474,6.390884678501221,-369.9380498857653
k1_w128_d16,6,v_component_of_wind,450,1.2703538716428981,3.5643986552414706,-180.58313000863103
k1_w128_d16,6,v_component_of_wind,500,1.206848317961677,3.0057906892821236,-149.06118229992606
k1_w128_d16,6,v_component_of_wind,550,1.1635164774545141,2.3384523574594533,-100.9814560233309
k1_w128_d16,6,v_component_of_wind,600,1.1237941671360567,2.572750549439265,-128.93432130866222
k1_w128_d16,6,v_component_of_wind,650,1.0967989546850654,5.256345559436554,-379.2442167257407
k1_w128_d16,6,v_component_of_wind,700,1.066245345582861,2.7301982572418826,-156.05722628026336
k1_w128_d16,6,v_component_of_wind,750,1.0459314049725121,4.104877553488708,-292.46144957245906
k1_w128_d16,6,v_component_of_wind,775,1.03048788244296,6.000055283729296,-482.2538416953596
k1_w128_d16,6,v_component_of_wind,800,1.0230256294909017,7.891204347449884,-671.3593990188556
k1_w128_d16,6,v_component_of_wind,825,1.0174092622206323,4.5019720751437005,-342.4937183407926
k1_w128_d16,6,v_component_of_wind,850,1.0068843102723462,3.403518965154615,-238.02482871483193
k1_w128_d16,6,v_component_of_wind,875,0.9951970783460213,3.346229610108349,-236.2378852306974
k1_w128_d16,6,v_component_of_wind,900,0.9873442236202928,4.348806503777945,-340.45494972687294
k1_w128_d16,6,v_component_of_wind,925,0.9709810800237322,2.3337624375769392,-140.35096930208968
k1_w128_d16,6,v_component_of_wind,950,0.9434804953967553,2.512489577138632,-166.30010788745264
k1_w128_d16,6,v_component_of_wind,975,0.884187645615022,4.647129682254995,-425.5818383463785
k1_w128_d16,6,v_component_of_wind,1000,0.8050497380902053,4.715720095992393,-485.7675461368822
k1_w128_d16,6,specific_humidity,1,8.822090230926471e-07,3.899877427123884e-07,55.79417887324952
k1_w128_d16,6,specific_humidity,2,6.319030013197258e-07,1.5848556046112643e-07,74.91932145754487
k1_w128_d16,6,specific_humidity,3,5.566283515854871e-07,1.5203669529002668e-07,72.68613881111716
k1_w128_d16,6,specific_humidity,5,4.6491624455131087e-07,2.1243991155410443e-07,54.30576710453956
k1_w128_d16,6,specific_humidity,7,3.856301475623728e-07,2.5132002715601605e-07,34.828739727781034
k1_w128_d16,6,specific_humidity,10,2.699003674101188e-07,3.382886780598789e-07,-25.33835404004572
k1_w128_d16,6,specific_humidity,20,1.0596226762451903e-07,3.9294334996235214e-07,-270.83327751606873
k1_w128_d16,6,specific_humidity,30,8.362557987089006e-08,1.839164359467364e-07,-119.9284432235757
k1_w128_d16,6,specific_humidity,50,1.262637657257945e-08,2.8338020472745364e-07,-2144.350967187744
k1_w128_d16,6,specific_humidity,70,3.8946591100795945e-08,3.1107081895162203e-07,-698.7112868146879
k1_w128_d16,6,specific_humidity,100,9.12235907885788e-08,3.900327821388964e-07,-327.55692772809437
k1_w128_d16,6,specific_humidity,125,2.1746458476354877e-07,8.657532102480082e-07,-298.11227708150716
k1_w128_d16,6,specific_humidity,150,5.816137360944281e-07,2.4579186301334926e-06,-322.6032635746479
k1_w128_d16,6,specific_humidity,175,1.5965947565447658e-06,3.825950971254237e-06,-139.6319388856119
k1_w128_d16,6,specific_humidity,200,3.8110160640830006e-06,1.3698512338702404e-05,-259.44514817988613
k1_w128_d16,6,specific_humidity,225,7.82361549999697e-06,4.7046054749306966e-05,-501.3339324935534
k1_w128_d16,6,specific_humidity,250,1.38316352593059e-05,5.689098377395844e-05,-311.3106130071084
k1_w128_d16,6,specific_humidity,300,3.217009791872856e-05,0.00018912008473655732,-487.8753779809192
k1_w128_d16,6,specific_humidity,350,6.111138605841716e-05,0.00026803095691401774,-338.5941380184104
k1_w128_d16,6,specific_humidity,400,9.835611756036749e-05,0.0004724048690380566,-380.30044368934267
k1_w128_d16,6,specific_humidity,450,0.00014091692111682912,0.000421720621609659,-199.26897229043604
k1_w128_d16,6,specific_humidity,500,0.0001837503181665113,0.0009104263621498704,-395.46927114698
k1_w128_d16,6,specific_humidity,550,0.00023367591673103947,0.0010622666199534593,-354.58968763825413
k1_w128_d16,6,specific_humidity,600,0.0002756110944267523,0.0013154003458791335,-377.2668344919331
k1_w128_d16,6,specific_humidity,650,0.00033029212068266264,0.0013097520077624586,-296.5435218543525
k1_w128_d16,6,specific_humidity,700,0.0003705961372817684,0.0011102304188533342,-199.57959815679715
k1_w128_d16,6,specific_humidity,750,0.00041866920900150375,0.0017852269108882457,-326.4051123190752
k1_w128_d16,6,specific_humidity,775,0.0004382651102223823,0.0026395633155281437,-502.2754843954586
k1_w128_d16,6,specific_humidity,800,0.0004527051385557892,0.0035782510120148416,-690.4153735542092
k1_w128_d16,6,specific_humidity,825,0.00046143406095093184,0.0019004485561186643,-311.85701640710806
k1_w128_d16,6,specific_humidity,850,0.00046075122437608034,0.0018988205196445137,-312.1140474918486
k1_w128_d16,6,specific_humidity,875,0.0004475458472588171,0.0034661202403850483,-674.4726627706993
k1_w128_d16,6,specific_humidity,900,0.0004229372746036305,0.0019426323916311048,-359.3192674851623
k1_w128_d16,6,specific_humidity,925,0.0003760098513022903,0.0008838628400283223,-135.06374552877008
k1_w128_d16,6,specific_humidity,950,0.0003222784591136611,0.001011169448308563,-213.756448721242
k1_w128_d16,6,specific_humidity,975,0.00031258471640125296,0.0006850417335747993,-119.15394375694221
k1_w128_d16,6,specific_humidity,1000,0.00031323101496970535,0.00055626731962108,-77.59011497468737
k1_w128_d16,6,specific_cloud_ice_water_content,1,1.466035147732589e-06,1.6142121307735832e-06,-10.10732814081361
k1_w128_d16,6,specific_cloud_ice_water_content,2,1.4513668724636064e-06,1.6092532288869972e-06,-10.878459431514266
k1_w128_d16,6,specific_cloud_ice_water_content,3,1.4498182097670895e-06,1.605561425493788e-06,-10.742258213994882
k1_w128_d16,6,specific_cloud_ice_water_content,5,1.4418084047152534e-06,1.6045825470919145e-06,-11.289582016884392
k1_w128_d16,6,specific_cloud_ice_water_content,7,1.4457543483121473e-06,1.6105531879222687e-06,-11.398813346300262
k1_w128_d16,6,specific_cloud_ice_water_content,10,1.4557463624633837e-06,1.6065588291660683e-06,-10.35980378116712
k1_w128_d16,6,specific_cloud_ice_water_content,20,1.2331259002909328e-06,1.4055153513663278e-06,-13.979874320596375
k1_w128_d16,6,specific_cloud_ice_water_content,30,9.865127650158664e-07,1.360314414203082e-06,-37.89121260698573
k1_w128_d16,6,specific_cloud_ice_water_content,50,8.090051523409126e-07,1.271138172691534e-06,-57.123618930411915
k1_w128_d16,6,specific_cloud_ice_water_content,70,7.098809554040918e-07,1.23153224999447e-06,-73.48433432665256
k1_w128_d16,6,specific_cloud_ice_water_content,100,1.0793708614679525e-06,2.0090669068420956e-06,-86.13314279299233
k1_w128_d16,6,specific_cloud_ice_water_content,125,2.6172017509145215e-06,3.1691938549416686e-06,-21.090926743964843
k1_w128_d16,6,specific_cloud_ice_water_content,150,4.311433631878387e-06,4.800717775775041e-06,-11.348525471409964
k1_w128_d16,6,specific_cloud_ice_water_content,175,5.304966906524722e-06,6.030902211886848e-06,-13.68406849945245
k1_w128_d16,6,specific_cloud_ice_water_content,200,6.185023156271143e-06,6.904331128756468e-06,-11.629834752615299
k1_w128_d16,6,specific_cloud_ice_water_content,225,7.101211349720051e-06,8.18036762976483e-06,-15.196791461323333
k1_w128_d16,6,specific_cloud_ice_water_content,250,7.386617679075463e-06,9.155435683307287e-06,-23.946250924052382
k1_w128_d16,6,specific_cloud_ice_water_content,300,7.829288484206586e-06,1.0192414866397438e-05,-30.183156323308324
k1_w128_d16,6,specific_cloud_ice_water_content,350,7.80624505449205e-06,1.0294989447592345e-05,-31.881453576302544
k1_w128_d16,6,specific_cloud_ice_water_content,400,7.120926844651715e-06,9.76109257179861e-06,-37.076152932673835
k1_w128_d16,6,specific_cloud_ice_water_content,450,6.058367179161973e-06,8.387587055092068e-06,-38.44633062092295
k1_w128_d16,6,specific_cloud_ice_water_content,500,5.082633881682386e-06,6.821458761787684e-06,-34.211098430126086
k1_w128_d16,6,specific_cloud_ice_water_content,550,4.068997740982845e-06,5.324500507563707e-06,-30.85533211128306
k1_w128_d16,6,specific_cloud_ice_water_content,600,3.3272283591458385e-06,4.389173548005411e-06,-31.916811058084214
k1_w128_d16,6,specific_cloud_ice_water_content,650,2.827360602925425e-06,3.764285065813518e-06,-33.13777739983617
k1_w128_d16,6,specific_cloud_ice_water_content,700,2.4590415700052676e-06,3.2518287592168017e-06,-32.23968227628766
k1_w128_d16,6,specific_cloud_ice_water_content,750,2.184414980923423e-06,3.0675437071522814e-06,-40.428615164300474
k1_w128_d16,6,specific_cloud_ice_water_content,775,2.2108547637127945e-06,2.716350363301893e-06,-22.864260822822914
k1_w128_d16,6,specific_cloud_ice_water_content,800,2.290939934106601e-06,3.0588898973523155e-06,-33.521174074133576
k1_w128_d16,6,specific_cloud_ice_water_content,825,2.2888853242247466e-06,3.051829157681176e-06,-33.332549489557394
k1_w128_d16,6,specific_cloud_ice_water_content,850,2.1640443022432682e-06,2.6661115498114314e-06,-23.200414476160013
k1_w128_d16,6,specific_cloud_ice_water_content,875,1.9853336181535023e-06,2.433264851244387e-06,-22.562013204989274
k1_w128_d16,6,specific_cloud_ice_water_content,900,1.7689293971152447e-06,2.4627706274997696e-06,-39.223794432724986
k1_w128_d16,6,specific_cloud_ice_water_content,925,1.536700412358683e-06,2.8043683384153404e-06,-82.49284739313063
k1_w128_d16,6,specific_cloud_ice_water_content,950,1.3183424391175329e-06,2.128954151674579e-06,-61.487189405785216
k1_w128_d16,6,specific_cloud_ice_water_content,975,1.1477205634466718e-06,1.5455765905463827e-06,-34.66488619014771
k1_w128_d16,6,specific_cloud_ice_water_content,1000,1.0316499540797703e-06,1.4163029190979935e-06,-37.2852209702595
k1_w128_d16,6,specific_cloud_liquid_water_content,1,2.794234220664137e-06,4.832249885396819e-06,-72.9364650128823
k1_w128_d16,6,specific_cloud_liquid_water_content,2,2.7952225406303136e-06,4.845046223872984e-06,-73.33311224588373
k1_w128_d16,6,specific_cloud_liquid_water_content,3,2.7823814575494895e-06,4.86294513787447e-06,-74.7763637757054
k1_w128_d16,6,specific_cloud_liquid_water_content,5,2.7920807944562068e-06,4.867844038634516e-06,-74.3446696922175
k1_w128_d16,6,specific_cloud_liquid_water_content,7,2.8064188073102174e-06,4.8431651514599405e-06,-72.57456865826171
k1_w128_d16,6,specific_cloud_liquid_water_content,10,2.783263464339788e-06,4.830058496550336e-06,-73.5393920997725
k1_w128_d16,6,specific_cloud_liquid_water_content,20,2.441444851051319e-06,4.347260908559964e-06,-78.06099149394979
k1_w128_d16,6,specific_cloud_liquid_water_content,30,1.9925068141787895e-06,4.270192386678449e-06,-114.31256125658003
k1_w128_d16,6,specific_cloud_liquid_water_content,50,1.8631593566891737e-06,4.463765249748709e-06,-139.5804327591603
k1_w128_d16,6,specific_cloud_liquid_water_content,70,1.5703618007701363e-06,5.723576887059092e-06,-264.4750454482615
k1_w128_d16,6,specific_cloud_liquid_water_content,100,1.4835638305329368e-06,5.050817769070901e-06,-240.4516654505192
k1_w128_d16,6,specific_cloud_liquid_water_content,125,1.410904200793002e-06,3.858031904342855e-06,-173.443930649185
k1_w128_d16,6,specific_cloud_liquid_water_content,150,1.494652820616409e-06,3.136925216450656e-06,-109.87651267114713
k1_w128_d16,6,specific_cloud_liquid_water_content,175,1.6786215360921232e-06,2.4771868301946677e-06,-47.572682521494784
k1_w128_d16,6,specific_cloud_liquid_water_content,200,1.8146868836472083e-06,2.9411032290601824e-06,-62.07221507817762
k1_w128_d16,6,specific_cloud_liquid_water_content,225,1.6870668901885045e-06,2.2086080801489258e-06,-30.914078925592968
k1_w128_d16,6,specific_cloud_liquid_water_content,250,1.7668584320715404e-06,2.5644266316613283e-06,-45.140469950084494
k1_w128_d16,6,specific_cloud_liquid_water_content,300,2.183858074862636e-06,3.3040851019131594e-06,-51.295779700381196
k1_w128_d16,6,specific_cloud_liquid_water_content,350,2.6428365490185532e-06,3.570765740501577e-06,-35.11110786732614
k1_w128_d16,6,specific_cloud_liquid_water_content,400,3.651084934690932e-06,5.186262888945145e-06,-42.047171778110595
k1_w128_d16,6,specific_cloud_liquid_water_content,450,5.691744733584412e-06,7.435474986274378e-06,-30.636128890338355
k1_w128_d16,6,specific_cloud_liquid_water_content,500,8.483398114937064e-06,1.0754857297254205e-05,-26.775345817116513
k1_w128_d16,6,specific_cloud_liquid_water_content,550,1.118571670094924e-05,1.2912152379627536e-05,-15.434287536817282
k1_w128_d16,6,specific_cloud_liquid_water_content,600,9.996005796844106e-06,1.4978655742419016e-05,-49.8464091242125
k1_w128_d16,6,specific_cloud_liquid_water_content,650,9.076147480913975e-06,1.433435958967351e-05,-57.93440575769522
k1_w128_d16,6,specific_cloud_liquid_water_content,700,9.91877844652828e-06,1.4776743118899964e-05,-48.97744917441968
k1_w128_d16,6,specific_cloud_liquid_water_content,750,1.1406600764237625e-05,1.8226254545354417e-05,-59.7869069153188
k1_w128_d16,6,specific_cloud_liquid_water_content,775,1.2568086488807575e-05,2.1587685787101154e-05,-71.76589138152355
k1_w128_d16,6,specific_cloud_liquid_water_content,800,1.3641870350792871e-05,3.203251617263444e-05,-134.81029616127893
k1_w128_d16,6,specific_cloud_liquid_water_content,825,1.6329404614277886e-05,5.836504051550185e-05,-257.4229550566063
k1_w128_d16,6,specific_cloud_liquid_water_content,850,1.6847740530296812e-05,0.00014817940657696986,-779.5209441319628
k1_w128_d16,6,specific_cloud_liquid_water_content,875,1.631043202896774e-05,0.00022990272024724984,-1309.5440258046922
k1_w128_d16,6,specific_cloud_liquid_water_content,900,1.611341850602216e-05,8.377031147644706e-05,-419.87920158059006
k1_w128_d16,6,specific_cloud_liquid_water_content,925,1.511496953362586e-05,3.167977492353044e-05,-109.59205278616876
k1_w128_d16,6,specific_cloud_liquid_water_content,950,1.2197688597034928e-05,3.3679272742850454e-05,-176.11192460707167
k1_w128_d16,6,specific_cloud_liquid_water_content,975,9.226713461797311e-06,2.38805278092516e-05,-158.81943671630842
k1_w128_d16,6,specific_cloud_liquid_water_content,1000,6.6486950949923395e-06,1.672596339793491e-05,-151.56761077121078
k1_w256_d16,6,temperature,1,9.9039903324195,8.262192085636086,16.577139028591226
k1_w256_d16,6,temperature,2,7.803570145844489,10.397823129748051,-33.24443729496094
k1_w256_d16,6,temperature,3,5.9621518485255605,9.423932492302557,-58.06260443757558
k1_w256_d16,6,temperature,5,4.385090055922865,6.6112449876361845,-50.766458688949626
k1_w256_d16,6,temperature,7,3.7635630458508427,5.99213522592479,-59.21442401584975
k1_w256_d16,6,temperature,10,2.9208224696340426,4.766236934380119,-63.18132936635801
k1_w256_d16,6,temperature,20,2.0939721623718794,3.308551907191971,-58.00362424323326
k1_w256_d16,6,temperature,30,1.8917885452409964,3.466446114841036,-83.23644698881729
k1_w256_d16,6,temperature,50,0.6339756338755826,1.0606869836172654,-67.30721607282224
k1_w256_d16,6,temperature,70,0.6243969717748195,2.548511427361846,-308.1556353673242
k1_w256_d16,6,temperature,100,0.5034764029686181,4.009230144611079,-696.3094438928405
k1_w256_d16,6,temperature,125,0.4184478439401238,4.189653211557469,-901.2366588169042
k1_w256_d16,6,temperature,150,0.38677046048424973,0.922461438205157,-138.50359126449422
k1_w256_d16,6,temperature,175,0.3775644054013143,0.7177701437743957,-90.10535249250408
k1_w256_d16,6,temperature,200,0.38323074057548784,0.9188711465058109,-139.7696868278274
k1_w256_d16,6,temperature,225,0.38311832551746733,0.8177495782324455,-113.44569647717422
k1_w256_d16,6,temperature,250,0.375536959642129,0.8500256063702403,-126.34938706972521
k1_w256_d16,6,temperature,300,0.3536067996173306,0.9720931958452622,-174.90794772534093
k1_w256_d16,6,temperature,350,0.3426322305011085,0.8984502894450659,-162.22001594276728
k1_w256_d16,6,temperature,400,0.33801091454310517,0.6558466715955815,-94.03121123532361
k1_w256_d16,6,temperature,450,0.33209775732272495,0.5156989580641131,-55.285287748260444
k1_w256_d16,6,temperature,500,0.33127387409214315,0.5898120670452635,-78.043640978826
k1_w256_d16,6,temperature,550,0.3422217082527592,0.8966306550592371,-162.00285763198886
k1_w256_d16,6,temperature,600,0.3478688610140707,1.0846229154547122,-211.7907455967555
k1_w256_d16,6,temperature,650,0.3556504872882546,1.8818281631107825,-429.1228974432872
k1_w256_d16,6,temperature,700,0.3678094238226653,1.1140616359512523,-202.89099837974328
k1_w256_d16,6,temperature,750,0.3968346574752268,1.3287649424573513,-234.8409513703581
k1_w256_d16,6,temperature,775,0.4133984937280579,0.7483861526249189,-81.03262686709807
k1_w256_d16,6,temperature,800,0.4307056925500911,1.1787023586963685,-173.66769910042117
k1_w256_d16,6,temperature,825,0.45249175291351046,1.1634338587101556,-157.11714107915134
k1_w256_d16,6,temperature,850,0.4705338382263487,3.6919265947821005,-684.6250991636678
k1_w256_d16,6,temperature,875,0.4887812131023916,3.201671041234098,-555.0315264599584
k1_w256_d16,6,temperature,900,0.4954273893251506,1.1937656328866781,-140.9567292015835
k1_w256_d16,6,temperature,925,0.4964039870728035,1.2108408972071076,-143.92247619669573
k1_w256_d16,6,temperature,950,0.504320183895474,1.0079493852937949,-99.86298734034087
k1_w256_d16,6,temperature,975,0.5252808609988815,1.3072879960321921,-148.8740963350987
k1_w256_d16,6,temperature,1000,0.5406172426608639,1.6100380447387692,-197.81477868044374
k1_w256_d16,6,geopotential,1,30406.341476584912,2634.5762900412847,91.33543806291165
k1_w256_d16,6,geopotential,2,20741.683378610287,1677.9939231259518,91.91003983381421
k1_w256_d16,6,geopotential,3,15608.950424260322,1323.5328996836245,91.5206797144636
k1_w256_d16,6,geopotential,5,9579.348559879374,918.5530189824178,90.41111184919673
k1_w256_d16,6,geopotential,7,6064.013373796517,738.6347978721177,87.8193738644465
k1_w256_d16,6,geopotential,10,2819.5194941345767,631.6620037500879,77.59682083900717
k1_w256_d16,6,geopotential,20,1363.2952418466095,503.2681169130508,63.084436777512366
k1_w256_d16,6,geopotential,30,1788.3076932888548,417.3821959935218,76.66049318247245
k1_w256_d16,6,geopotential,50,59.51691839213866,330.74669380284524,-455.7187817145657
k1_w256_d16,6,geopotential,70,53.485756496394174,317.4823352549623,-493.58295750451975
k1_w256_d16,6,geopotential,100,45.11757996644587,209.62890738866724,-364.62799543896
k1_w256_d16,6,geopotential,125,42.396529732231734,153.50402726674645,-262.0674339061431
k1_w256_d16,6,geopotential,150,40.25195897331192,126.76522894991304,-214.92934054206313
k1_w256_d16,6,geopotential,175,39.056070799594366,128.31897719149563,-228.5506569514626
k1_w256_d16,6,geopotential,200,37.6961266483971,134.67391956644946,-257.2619564407581
k1_w256_d16,6,geopotential,225,36.811898588038396,128.36881659847796,-248.71555535630517
k1_w256_d16,6,geopotential,250,36.66323376215063,123.4010857218462,-236.57992778923818
k1_w256_d16,6,geopotential,300,36.35367924692099,121.82298473535805,-235.10496670203187
k1_w256_d16,6,geopotential,350,35.343754282278894,125.25480930700839,-254.39022212139542
k1_w256_d16,6,geopotential,400,34.231231288368654,126.20070026208806,-268.67122657363916
k1_w256_d16,6,geopotential,450,32.43908693383431,128.995512088466,-297.6545713249478
k1_w256_d16,6,geopotential,500,31.13852694360948,122.55849198853582,-293.5911682992709
k1_w256_d16,6,geopotential,550,30.055237075937203,129.07739717798955,-329.46724010815205
k1_w256_d16,6,geopotential,600,29.302774900635853,125.01544741343632,-326.6334769910257
k1_w256_d16,6,geopotential,650,28.674747182888026,120.52668755955143,-320.3234532141824
k1_w256_d16,6,geopotential,700,28.34902904793413,139.45635163030587,-391.92637742373904
k1_w256_d16,6,geopotential,750,28.393628952746923,134.58836800217887,-374.0090399369617
k1_w256_d16,6,geopotential,775,28.56185776252475,133.05055270065986,-365.83297839691625
k1_w256_d16,6,geopotential,800,28.586630139268834,143.9328777209203,-403.49718389227985
k1_w256_d16,6,geopotential,825,28.934198000450955,148.8847973209024,-414.56341495479484
k1_w256_d16,6,geopotential,850,29.348093950023,169.98581047089885,-479.2056232352549
k1_w256_d16,6,geopotential,875,29.8252487858047,169.69069625835317,-468.94980986417556
k1_w256_d16,6,geopotential,900,30.436649089672304,148.30591402521003,-387.2609780014609
k1_w256_d16,6,geopotential,925,31.065069282535653,148.39721884816606,-377.698013477771
k1_w256_d16,6,geopotential,950,31.828719507031295,150.29739559669747,-372.2068557093389
k1_w256_d16,6,geopotential,975,33.0033155245559,145.93401927662936,-342.1798748312063
k1_w256_d16,6,geopotential,1000,34.61192490481373,153.47383314755908,-343.4131692173363
k1_w256_d16,6,u_component_of_wind,1,19.89105783588024,22.133473137606984,-11.273484398008193
k1_w256_d16,6,u_component_of_wind,2,14.808786249493675,14.390777993257448,2.8227043674866947
k1_w256_d16,6,u_component_of_wind,3,11.813944705597986,12.402274906357675,-4.97996406298491
k1_w256_d16,6,u_component_of_wind,5,10.582284597279084,12.288059249954332,-16.1191530712927
k1_w256_d16,6,u_component_of_wind,7,10.734911366240992,13.15892055379434,-22.580616689359356
k1_w256_d16,6,u_component_of_wind,10,11.367662377437185,15.647668069994001,-37.65071085372729
k1_w256_d16,6,u_component_of_wind,20,5.027319534514148,7.61785447953463,-51.529148430602746
k1_w256_d16,6,u_component_of_wind,30,4.870175131043882,6.999032623788514,-43.71213427572016
k1_w256_d16,6,u_component_of_wind,50,1.0688577185812604,8.605801451336161,-705.1400389154695
k1_w256_d16,6,u_component_of_wind,70,1.1003464791223327,3.224151226939555,-193.01236366123774
k1_w256_d16,6,u_component_of_wind,100,1.201639854243228,3.3817549319801055,-181.42832646890494
k1_w256_d16,6,u_component_of_wind,125,1.2622958739185113,4.610311978190975,-265.2322782201059
k1_w256_d16,6,u_component_of_wind,150,1.26888477889531,5.238920932298538,-312.87601675382524
k1_w256_d16,6,u_component_of_wind,175,1.2500922801444037,3.2445609605391845,-159.54571611020518
k1_w256_d16,6,u_component_of_wind,200,1.2502276015838705,9.668913139285776,-673.3722345464587
k1_w256_d16,6,u_component_of_wind,225,1.3181964134406126,5.1158255401636925,-288.0928128768703
k1_w256_d16,6,u_component_of_wind,250,1.3789164740587312,3.7791608912377805,-174.06742629697652
k1_w256_d16,6,u_component_of_wind,300,1.4202824042437066,9.711467046888288,-583.7701444354368
k1_w256_d16,6,u_component_of_wind,350,1.3655606100042819,8.05386445083124,-489.7844732652318
k1_w256_d16,6,u_component_of_wind,400,1.2918008869842224,4.13363498037177,-219.99010234634224
k1_w256_d16,6,u_component_of_wind,450,1.208562363869304,2.486610226238003,-105.74943425152941
k1_w256_d16,6,u_component_of_wind,500,1.1362973426857346,2.017340212874166,-77.53629592286228
k1_w256_d16,6,u_component_of_wind,550,1.088282875651809,2.485077074290257,-128.34844964383558
k1_w256_d16,6,u_component_of_wind,600,1.0624623387380048,2.8627134967768773,-169.44140911170695
k1_w256_d16,6,u_component_of_wind,650,1.0486021177961784,5.176857643124685,-393.6913205940077
k1_w256_d16,6,u_component_of_wind,700,1.0211193740472362,3.1967960367268833,-213.06780754303873
k1_w256_d16,6,u_component_of_wind,750,0.9937667322196927,2.1740326930489084,-118.76690198644057
k1_w256_d16,6,u_component_of_wind,775,0.980732525132041,2.7974381236759593,-185.23966035482772
k1_w256_d16,6,u_component_of_wind,800,0.9726241763620099,1.9642380431346265,-101.95241809448285
k1_w256_d16,6,u_component_of_wind,825,0.9636016566294239,1.8850751462654445,-95.62805162241386
k1_w256_d16,6,u_component_of_wind,850,0.9505071719732253,2.145939765440421,-125.76786674691918
k1_w256_d16,6,u_component_of_wind,875,0.9320165101666982,3.0658283797666956,-228.94571569535276
k1_w256_d16,6,u_component_of_wind,900,0.9178638917991448,2.4936932856213594,-171.68443032804822
k1_w256_d16,6,u_component_of_wind,925,0.9094185834670749,2.047654457112218,-125.16083290333953
k1_w256_d16,6,u_component_of_wind,950,0.8887699562518799,2.4195476269805796,-172.23553293636235
k1_w256_d16,6,u_component_of_wind,975,0.8378751338693791,2.3448162774161116,-179.85271105821573
k1_w256_d16,6,u_component_of_wind,1000,0.765436814134373,2.2455714786300858,-193.37124072998583
k1_w256_d16,6,v_component_of_wind,1,12.650821521634215,14.152024140020112,-11.866443738998967
k1_w256_d16,6,v_component_of_wind,2,9.32051501398184,9.779000670076213,-4.919102167708456
k1_w256_d16,6,v_component_of_wind,3,7.377398002654424,7.724504263873173,-4.704995732829631
k1_w256_d16,6,v_component_of_wind,5,5.7748836147911335,6.16924810486125,-6.828959964838699
k1_w256_d16,6,v_component_of_wind,7,5.008131173043137,5.57386628942047,-11.296331841755048
k1_w256_d16,6,v_component_of_wind,10,4.115790792237513,5.32679741622952,-29.423425172047036
k1_w256_d16,6,v_component_of_wind,20,3.008941802687958,5.228604936874398,-73.76889550351433
k1_w256_d16,6,v_component_of_wind,30,2.687952154629618,4.641406836879177,-72.67445883979033
k1_w256_d16,6,v_component_of_wind,50,1.0600461779103494,5.290154695036135,-399.04945702125207
k1_w256_d16,6,v_component_of_wind,70,1.1456138018320534,15.678246147635326,-1268.5455013341182
k1_w256_d16,6,v_component_of_wind,100,1.2163574774922326,9.16909193079328,-653.8155600191831
k1_w256_d16,6,v_component_of_wind,125,1.298178487730939,7.035423297157883,-441.9457619772272
k1_w256_d16,6,v_component_of_wind,150,1.2521543673879396,6.937673368308646,-454.0589522345396
k1_w256_d16,6,v_component_of_wind,175,1.2410980136126357,4.6123239301632895,-271.6325285814905
k1_w256_d16,6,v_component_of_wind,200,1.2644111116719376,3.5183280502330505,-178.2582356129998
k1_w256_d16,6,v_component_of_wind,225,1.328712700822358,2.8547345302719283,-114.84964571386236
k1_w256_d16,6,v_component_of_wind,250,1.4041041137915926,8.317213974076552,-492.3502318939187
k1_w256_d16,6,v_component_of_wind,300,1.4833822816656723,12.860503856049972,-766.971650868653
k1_w256_d16,6,v_component_of_wind,350,1.4440211789096822,6.78139782131204,-369.6190000781276
k1_w256_d16,6,v_component_of_wind,400,1.3599419498069474,5.643527691600535,-314.98298456060354
k1_w256_d16,6,v_component_of_wind,450,1.2703538716428981,3.338006082900084,-162.76190889890967
k1_w256_d16,6,v_component_of_wind,500,1.206848317961677,2.930850338598379,-142.8515907905046
k1_w256_d16,6,v_component_of_wind,550,1.1635164774545141,2.1076590307779774,-81.14561088030428
k1_w256_d16,6,v_component_of_wind,600,1.1237941671360567,2.435368543892844,-116.70948427319931
k1_w256_d16,6,v_component_of_wind,650,1.0967989546850654,5.126083115533747,-367.3676149705713
k1_w256_d16,6,v_component_of_wind,700,1.066245345582861,2.5869226330212864,-142.61982889192822
k1_w256_d16,6,v_component_of_wind,750,1.0459314049725121,3.8390257755713884,-267.0437427655479
k1_w256_d16,6,v_component_of_wind,775,1.03048788244296,5.805129354576483,-463.3379541362837
k1_w256_d16,6,v_component_of_wind,800,1.0230256294909017,7.19506602099131,-603.3123915548294
k1_w256_d16,6,v_component_of_wind,825,1.0174092622206323,4.021238954494054,-295.24300631165477
k1_w256_d16,6,v_component_of_wind,850,1.0068843102723462,3.100549436162792,-207.9350233716665
k1_w256_d16,6,v_component_of_wind,875,0.9951970783460213,3.1697656161308263,-218.50632252647415
k1_w256_d16,6,v_component_of_wind,900,0.9873442236202928,4.019746186431241,-307.12712854003905
k1_w256_d16,6,v_component_of_wind,925,0.9709810800237322,2.236649568617726,-130.34944909153728
k1_w256_d16,6,v_component_of_wind,950,0.9434804953967553,2.4339930693501293,-157.98022123674946
k1_w256_d16,6,v_component_of_wind,975,0.884187645615022,4.683524021999896,-429.6979713782516
k1_w256_d16,6,v_component_of_wind,1000,0.8050497380902053,5.11656786893203,-535.559224088428
k1_w256_d16,6,specific_humidity,1,8.822090230926471e-07,3.961318933745044e-07,55.097728202117494
k1_w256_d16,6,specific_humidity,2,6.319030013197258e-07,1.6715684924372518e-07,73.54707148175922
k1_w256_d16,6,specific_humidity,3,5.566283515854871e-07,1.6041703695636303e-07,71.1805845858489
k1_w256_d16,6,specific_humidity,5,4.6491624455131087e-07,2.1664491779918213e-07,53.401301774631385
k1_w256_d16,6,specific_humidity,7,3.856301475623728e-07,2.5176445277056893e-07,34.71349313273079
k1_w256_d16,6,specific_humidity,10,2.699003674101188e-07,3.338747162889308e-07,-23.702949904325887
k1_w256_d16,6,specific_humidity,20,1.0596226762451903e-07,3.821033788294723e-07,-260.6032481141956
k1_w256_d16,6,specific_humidity,30,8.362557987089006e-08,1.6973195039559473e-07,-102.96654523370088
k1_w256_d16,6,specific_humidity,50,1.262637657257945e-08,2.9600030912313674e-07,-2244.3012919950215
k1_w256_d16,6,specific_humidity,70,3.8946591100795945e-08,3.0646028035011044e-07,-686.8731811648784
k1_w256_d16,6,specific_humidity,100,9.12235907885788e-08,4.1017465610996084e-07,-349.6366044837984
k1_w256_d16,6,specific_humidity,125,2.1746458476354877e-07,8.503461241135404e-07,-291.0274056983253
k1_w256_d16,6,specific_humidity,150,5.816137360944281e-07,2.623212675968266e-06,-351.02316420229334
k1_w256_d16,6,specific_humidity,175,1.5965947565447658e-06,3.415372590178939e-06,-113.91605954977831
k1_w256_d16,6,specific_humidity,200,3.8110160640830006e-06,1.2370255615388351e-05,-224.59206173314465
k1_w256_d16,6,specific_humidity,225,7.82361549999697e-06,4.1447928856037744e-05,-429.7797272380499
k1_w256_d16,6,specific_humidity,250,1.38316352593059e-05,5.674457938314523e-05,-310.25213808300487
k1_w256_d16,6,specific_humidity,300,3.217009791872856e-05,0.00020474772743844113,-536.4535412845062
k1_w256_d16,6,specific_humidity,350,6.111138605841716e-05,0.0002940185185548047,-381.11904755972745
k1_w256_d16,6,specific_humidity,400,9.835611756036749e-05,0.0004758783990627681,-383.8320288218888
k1_w256_d16,6,specific_humidity,450,0.00014091692111682912,0.00045107348774278997,-220.0988810767596
k1_w256_d16,6,specific_humidity,500,0.0001837503181665113,0.0009760217666205232,-431.1673886387884
k1_w256_d16,6,specific_humidity,550,0.00023367591673103947,0.001080958185073613,-362.5886142634861
k1_w256_d16,6,specific_humidity,600,0.0002756110944267523,0.0013775239890650344,-399.8071619468612
k1_w256_d16,6,specific_humidity,650,0.00033029212068266264,0.0013798556012380053,-317.76824660123816
k1_w256_d16,6,specific_humidity,700,0.0003705961372817684,0.0011010851745555563,-197.11188644105832
k1_w256_d16,6,specific_humidity,750,0.00041866920900150375,0.0018865940223934002,-350.61685498505915
k1_w256_d16,6,specific_humidity,775,0.0004382651102223823,0.0027610903769495496,-530.004605100445
k1_w256_d16,6,specific_humidity,800,0.0004527051385557892,0.0038111843861649074,-741.8690360624735
k1_w256_d16,6,specific_humidity,825,0.00046143406095093184,0.0019405075439408695,-320.53842751482966
k1_w256_d16,6,specific_humidity,850,0.00046075122437608034,0.0019851665601112417,-330.85432117937967
k1_w256_d16,6,specific_humidity,875,0.0004475458472588171,0.0034550947858692014,-672.0091264462365
k1_w256_d16,6,specific_humidity,900,0.0004229372746036305,0.0019578388925700655,-362.9147181233715
k1_w256_d16,6,specific_humidity,925,0.0003760098513022903,0.0009310514239161975,-147.6135720092306
k1_w256_d16,6,specific_humidity,950,0.0003222784591136611,0.0010657272342188904,-230.68522083352457
k1_w256_d16,6,specific_humidity,975,0.00031258471640125296,0.0007046936041516015,-125.4408380117387
k1_w256_d16,6,specific_humidity,1000,0.00031323101496970535,0.0005439704740996231,-73.66430784391964
k1_w256_d16,6,specific_cloud_ice_water_content,1,1.466035147732589e-06,1.5947026583065593e-06,-8.77656383429628
k1_w256_d16,6,specific_cloud_ice_water_content,2,1.4513668724636064e-06,1.5890799579415114e-06,-9.488509631210306
k1_w256_d16,6,specific_cloud_ice_water_content,3,1.4498182097670895e-06,1.5869473051398502e-06,-9.458364810771025
k1_w256_d16,6,specific_cloud_ice_water_content,5,1.4418084047152534e-06,1.584522104785835e-06,-9.89824304004987
k1_w256_d16,6,specific_cloud_ice_water_content,7,1.4457543483121473e-06,1.5920991135576651e-06,-10.122381123485379
k1_w256_d16,6,specific_cloud_ice_water_content,10,1.4557463624633837e-06,1.5883148786869358e-06,-9.106566888425704
k1_w256_d16,6,specific_cloud_ice_water_content,20,1.2331259002909328e-06,1.368689768935673e-06,-10.99351401286408
k1_w256_d16,6,specific_cloud_ice_water_content,30,9.865127650158664e-07,1.253553327439378e-06,-27.069144150325975
k1_w256_d16,6,specific_cloud_ice_water_content,50,8.090051523409126e-07,1.2665621231091934e-06,-56.55797981561772
k1_w256_d16,6,specific_cloud_ice_water_content,70,7.098809554040918e-07,1.227278872800589e-06,-72.88516665473497
k1_w256_d16,6,specific_cloud_ice_water_content,100,1.0793708614679525e-06,1.6662689279817979e-06,-54.37408841254614
k1_w256_d16,6,specific_cloud_ice_water_content,125,2.6172017509145215e-06,3.119113018003641e-06,-19.177400707214787
k1_w256_d16,6,specific_cloud_ice_water_content,150,4.311433631878387e-06,4.73367130207287e-06,-9.793440100121042
k1_w256_d16,6,specific_cloud_ice_water_content,175,5.304966906524722e-06,6.061252463668048e-06,-14.256178605245395
k1_w256_d16,6,specific_cloud_ice_water_content,200,6.185023156271143e-06,6.870562571236156e-06,-11.083861735746758
k1_w256_d16,6,specific_cloud_ice_water_content,225,7.101211349720051e-06,8.08086629595711e-06,-13.79560328500402
k1_w256_d16,6,specific_cloud_ice_water_content,250,7.386617679075463e-06,9.062979316374767e-06,-22.694577005765957
k1_w256_d16,6,specific_cloud_ice_water_content,300,7.829288484206586e-06,1.0392691173526498e-05,-32.7411960166095
k1_w256_d16,6,specific_cloud_ice_water_content,350,7.80624505449205e-06,1.0612817826243058e-05,-35.95291657076516
k1_w256_d16,6,specific_cloud_ice_water_content,400,7.120926844651715e-06,9.866674307095822e-06,-38.55884946362487
k1_w256_d16,6,specific_cloud_ice_water_content,450,6.058367179161973e-06,8.47039133694455e-06,-39.81310617948088
k1_w256_d16,6,specific_cloud_ice_water_content,500,5.082633881682386e-06,6.761067123410531e-06,-33.02290270753425
k1_w256_d16,6,specific_cloud_ice_water_content,550,4.068997740982845e-06,5.346113093775976e-06,-31.386484684669558
k1_w256_d16,6,specific_cloud_ice_water_content,600,3.3272283591458385e-06,4.446907838955884e-06,-33.652017804317104
k1_w256_d16,6,specific_cloud_ice_water_content,650,2.827360602925425e-06,3.733935121675393e-06,-32.064340070804896
k1_w256_d16,6,specific_cloud_ice_water_content,700,2.4590415700052676e-06,3.2616475756901935e-06,-32.6389767247085
k1_w256_d16,6,specific_cloud_ice_water_content,750,2.184414980923423e-06,3.0793418773683933e-06,-40.968721797845184
k1_w256_d16,6,specific_cloud_ice_water_content,775,2.2108547637127945e-06,2.7349570549445425e-06,-23.70586706254725
k1_w256_d16,6,specific_cloud_ice_water_content,800,2.290939934106601e-06,3.054978019362006e-06,-33.350419794107665
k1_w256_d16,6,specific_cloud_ice_water_content,825,2.2888853242247466e-06,2.981278244125062e-06,-30.25022322316786
k1_w256_d16,6,specific_cloud_ice_water_content,850,2.1640443022432682e-06,2.628085012582374e-06,-21.443216751989635
k1_w256_d16,6,specific_cloud_ice_water_content,875,1.9853336181535023e-06,2.5118840813315903e-06,-26.522014152352714
k1_w256_d16,6,specific_cloud_ice_water_content,900,1.7689293971152447e-06,2.4001113898008225e-06,-35.68158196222553
k1_w256_d16,6,specific_cloud_ice_water_content,925,1.536700412358683e-06,2.7049343023997744e-06,-76.02222792717079
k1_w256_d16,6,specific_cloud_ice_water_content,950,1.3183424391175329e-06,2.132734969804534e-06,-61.77397514655873
k1_w256_d16,6,specific_cloud_ice_water_content,975,1.1477205634466718e-06,1.636938819668244e-06,-42.62520615230778
k1_w256_d16,6,specific_cloud_ice_water_content,1000,1.0316499540797703e-06,1.422103927194059e-06,-37.84752488673087
k1_w256_d16,6,specific_cloud_liquid_water_content,1,2.794234220664137e-06,4.256135865529456e-06,-52.3185076631784
k1_w256_d16,6,specific_cloud_liquid_water_content,2,2.7952225406303136e-06,4.248735771915686e-06,-51.99991092507468
k1_w256_d16,6,specific_cloud_liquid_water_content,3,2.7823814575494895e-06,4.256641551203823e-06,-52.98554911132673
k1_w256_d16,6,specific_cloud_liquid_water_content,5,2.7920807944562068e-06,4.25890225153983e-06,-52.53506488766582
k1_w256_d16,6,specific_cloud_liquid_water_content,7,2.8064188073102174e-06,4.250739176099405e-06,-51.46489059391251
k1_w256_d16,6,specific_cloud_liquid_water_content,10,2.783263464339788e-06,4.248363089032123e-06,-52.639631262499556
k1_w256_d16,6,specific_cloud_liquid_water_content,20,2.441444851051319e-06,3.776083121143442e-06,-54.665919220637306
k1_w256_d16,6,specific_cloud_liquid_water_content,30,1.9925068141787895e-06,3.255831167815127e-06,-63.40376578119837
k1_w256_d16,6,specific_cloud_liquid_water_content,50,1.8631593566891737e-06,4.422838612682457e-06,-137.3838070696123
k1_w256_d16,6,specific_cloud_liquid_water_content,70,1.5703618007701363e-06,5.043208624991781e-06,-221.14947157518046
k1_w256_d16,6,specific_cloud_liquid_water_content,100,1.4835638305329368e-06,4.53161409070375e-06,-205.45460852034049
k1_w256_d16,6,specific_cloud_liquid_water_content,125,1.410904200793002e-06,3.2361187846844257e-06,-129.36488408394825
k1_w256_d16,6,specific_cloud_liquid_water_content,150,1.494652820616409e-06,3.0790095051853153e-06,-106.00165220412205
k1_w256_d16,6,specific_cloud_liquid_water_content,175,1.6786215360921232e-06,2.9833799749918676e-06,-77.72796969692513
k1_w256_d16,6,specific_cloud_liquid_water_content,200,1.8146868836472083e-06,2.8794650868521104e-06,-58.675588213040974
k1_w256_d16,6,specific_cloud_liquid_water_content,225,1.6870668901885045e-06,2.161281765201023e-06,-28.108836571354455
k1_w256_d16,6,specific_cloud_liquid_water_content,250,1.7668584320715404e-06,2.470404684182971e-06,-39.819050544222904
k1_w256_d16,6,specific_cloud_liquid_water_content,300,2.183858074862636e-06,3.1826191813098483e-06,-45.73379185870559
k1_w256_d16,6,specific_cloud_liquid_water_content,350,2.6428365490185532e-06,3.468585836945678e-06,-31.244811119090055
k1_w256_d16,6,specific_cloud_liquid_water_content,400,3.651084934690932e-06,5.0355864516697996e-06,-37.920276896983964
k1_w256_d16,6,specific_cloud_liquid_water_content,450,5.691744733584412e-06,7.6268377066421126e-06,-33.99823891678755
k1_w256_d16,6,specific_cloud_liquid_water_content,500,8.483398114937064e-06,1.0330732914805775e-05,-21.775882433432336
k1_w256_d16,6,specific_cloud_liquid_water_content,550,1.118571670094924e-05,1.377546252281725e-05,-23.152256499114078
k1_w256_d16,6,specific_cloud_liquid_water_content,600,9.996005796844106e-06,1.7469500578995384e-05,-74.76481040568
k1_w256_d16,6,specific_cloud_liquid_water_content,650,9.076147480913975e-06,1.657153458467707e-05,-82.5833551022058
k1_w256_d16,6,specific_cloud_liquid_water_content,700,9.91877844652828e-06,1.6812500832996055e-05,-69.50172769390448
k1_w256_d16,6,specific_cloud_liquid_water_content,750,1.1406600764237625e-05,1.8757422886077996e-05,-64.4435820431879
k1_w256_d16,6,specific_cloud_liquid_water_content,775,1.2568086488807575e-05,2.156320130262056e-05,-71.57107664578473
k1_w256_d16,6,specific_cloud_liquid_water_content,800,1.3641870350792871e-05,3.252917901804388e-05,-138.4510201429474
k1_w256_d16,6,specific_cloud_liquid_water_content,825,1.6329404614277886e-05,5.957264219576691e-05,-264.81821354146973
k1_w256_d16,6,specific_cloud_liquid_water_content,850,1.6847740530296812e-05,0.00015703332834783804,-832.0735208703475
k1_w256_d16,6,specific_cloud_liquid_water_content,875,1.631043202896774e-05,0.0002318569632527646,-1321.525578482414
k1_w256_d16,6,specific_cloud_liquid_water_content,900,1.611341850602216e-05,8.35617222091755e-05,-418.5846949729847
k1_w256_d16,6,specific_cloud_liquid_water_content,925,1.511496953362586e-05,3.504379826574967e-05,-131.84828912680695
k1_w256_d16,6,specific_cloud_liquid_water_content,950,1.2197688597034928e-05,3.743305728021536e-05,-206.88648084781215
k1_w256_d16,6,specific_cloud_liquid_water_content,975,9.226713461797311e-06,2.498842161153789e-05,-170.82689535121088
k1_w256_d16,6,specific_cloud_liquid_water_content,1000,6.6486950949923395e-06,1.6826353464788645e-05,-153.0775321229862
k2_w128_d16,6,temperature,1,9.9039903324195,8.554657835061406,13.624129790809869
k2_w128_d16,6,temperature,2,7.803570145844489,10.582238312729478,-35.60765284290639
k2_w128_d16,6,temperature,3,5.9621518485255605,9.678522594845903,-62.33270873903356
k2_w128_d16,6,temperature,5,4.385090055922865,5.995039353932937,-36.714167268595574
k2_w128_d16,6,temperature,7,3.7635630458508427,5.588951106290781,-48.50159378763021
k2_w128_d16,6,temperature,10,2.9208224696340426,4.013522066571006,-37.41068169315578
k2_w128_d16,6,temperature,20,2.0939721623718794,3.173070055635656,-51.53353576780426
k2_w128_d16,6,temperature,30,1.8917885452409964,3.3961619327929466,-79.52122298955496
k2_w128_d16,6,temperature,50,0.6339756338755826,1.2648140296607986,-99.50514847531468
k2_w128_d16,6,temperature,70,0.6243969717748195,1.8537814257303085,-196.89148242679985
k2_w128_d16,6,temperature,100,0.5034764029686181,1.8718897603883307,-271.7929478623463
k2_w128_d16,6,temperature,125,0.4184478439401238,3.1407923931983923,-650.5815691687044
k2_w128_d16,6,temperature,150,0.38677046048424973,1.6572644217152697,-328.48784771213354
k2_w128_d16,6,temperature,175,0.3775644054013143,1.6619797421117064,-340.1844343205984
k2_w128_d16,6,temperature,200,0.38323074057548784,1.0117428263775028,-164.00356736993342
k2_w128_d16,6,temperature,225,0.38311832551746733,0.8010347422168346,-109.08285740049087
k2_w128_d16,6,temperature,250,0.375536959642129,0.7712767820276497,-105.37972687499098
k2_w128_d16,6,temperature,300,0.3536067996173306,1.0459374062794515,-195.79108982388163
k2_w128_d16,6,temperature,350,0.3426322305011085,0.8500193496589429,-148.08505271549254
k2_w128_d16,6,temperature,400,0.33801091454310517,0.5317430073872267,-57.31533643107127
k2_w128_d16,6,temperature,450,0.33209775732272495,0.5468764499896949,-64.67333426110822
k2_w128_d16,6,temperature,500,0.33127387409214315,0.7609162990112562,-129.6940261578276
k2_w128_d16,6,temperature,550,0.3422217082527592,1.137323299106587,-232.33522937901384
k2_w128_d16,6,temperature,600,0.3478688610140707,1.2489732608318695,-259.03565992972005
k2_w128_d16,6,temperature,650,0.3556504872882546,1.8489499151374018,-419.87835845106787
k2_w128_d16,6,temperature,700,0.3678094238226653,1.3187815162816896,-258.5502248897036
k2_w128_d16,6,temperature,750,0.3968346574752268,1.5828762565576364,-298.8755081595792
k2_w128_d16,6,temperature,775,0.4133984937280579,0.9654365403787079,-133.53654041463247
k2_w128_d16,6,temperature,800,0.4307056925500911,1.451369443473517,-236.97475296422334
k2_w128_d16,6,temperature,825,0.45249175291351046,1.7286042985052843,-282.0189621965753
k2_w128_d16,6,temperature,850,0.4705338382263487,5.0562928022149265,-974.5864359669313
k2_w128_d16,6,temperature,875,0.4887812131023916,4.171436799893074,-753.4364022332477
k2_w128_d16,6,temperature,900,0.4954273893251506,1.2620383218889997,-154.73729331115356
k2_w128_d16,6,temperature,925,0.4964039870728035,1.2820049177781525,-158.25838453431507
k2_w128_d16,6,temperature,950,0.504320183895474,1.2260649458558195,-143.11240854677658
k2_w128_d16,6,temperature,975,0.5252808609988815,1.211170799549202,-130.57584798464242
k2_w128_d16,6,temperature,1000,0.5406172426608639,1.2502473018935178,-131.2629348890032
k2_w128_d16,6,geopotential,1,30406.341476584912,3020.4365605888233,90.0664255746954
k2_w128_d16,6,geopotential,2,20741.683378610287,1985.598596111044,90.4270132762769
k2_w128_d16,6,geopotential,3,15608.950424260322,1399.0674905649344,91.03676126493154
k2_w128_d16,6,geopotential,5,9579.348559879374,1028.189982631298,89.26659807601524
k2_w128_d16,6,geopotential,7,6064.013373796517,784.4907911025871,87.06317511612878
k2_w128_d16,6,geopotential,10,2819.5194941345767,595.1548160611435,78.89162258678336
k2_w128_d16,6,geopotential,20,1363.2952418466095,470.6143407687848,65.47964620405125
k2_w128_d16,6,geopotential,30,1788.3076932888548,498.7245468735207,72.11192745269005
k2_w128_d16,6,geopotential,50,59.51691839213866,437.50123298196354,-635.0871731956996
k2_w128_d16,6,geopotential,70,53.485756496394174,336.7048721954962,-529.5225014124942
k2_w128_d16,6,geopotential,100,45.11757996644587,244.1350528909906,-441.1084838161862
k2_w128_d16,6,geopotential,125,42.396529732231734,155.63363355376848,-267.09050136112637
k2_w128_d16,6,geopotential,150,40.25195897331192,152.1779825639045,-278.06354385087786
k2_w128_d16,6,geopotential,175,39.056070799594366,148.20949956034852,-279.47877634912476
k2_w128_d16,6,geopotential,200,37.6961266483971,153.0957159448273,-306.1311587070901
k2_w128_d16,6,geopotential,225,36.811898588038396,152.27212942248738,-313.64921469159555
k2_w128_d16,6,geopotential,250,36.66323376215063,144.09297850651834,-293.0176466192489
k2_w128_d16,6,geopotential,300,36.35367924692099,139.02987293510563,-282.4368697066086
k2_w128_d16,6,geopotential,350,35.343754282278894,147.95978476909679,-318.63064004856653
k2_w128_d16,6,geopotential,400,34.231231288368654,153.53510109319998,-348.5234545021151
k2_w128_d16,6,geopotential,450,32.43908693383431,149.37789063595216,-360.48734645533267
k2_w128_d16,6,geopotential,500,31.13852694360948,148.32764571328596,-376.34766404300655
k2_w128_d16,6,geopotential,550,30.055237075937203,152.05909942956842,-405.93212439275635
k2_w128_d16,6,geopotential,600,29.302774900635853,149.4759204052498,-410.10841434681413
k2_w128_d16,6,geopotential,650,28.674747182888026,148.03399335912732,-416.2521308905149
k2_w128_d16,6,geopotential,700,28.34902904793413,170.85567887739415,-502.6861752072771
k2_w128_d16,6,geopotential,750,28.393628952746923,180.11990719061944,-534.3673346241776
k2_w128_d16,6,geopotential,775,28.56185776252475,181.44537732314592,-535.2716228466608
k2_w128_d16,6,geopotential,800,28.586630139268834,195.24611966913338,-582.9980264128021
k2_w128_d16,6,geopotential,825,28.934198000450955,210.53275212682513,-627.6260158430653
k2_w128_d16,6,geopotential,850,29.348093950023,245.2498780266409,-735.658623842073
k2_w128_d16,6,geopotential,875,29.8252487858047,245.52177408638997,-723.2010933073786
k2_w128_d16,6,geopotential,900,30.436649089672304,207.98534717047687,-583.3385191573208
k2_w128_d16,6,geopotential,925,31.065069282535653,192.98540636745383,-521.22960233006
k2_w128_d16,6,geopotential,950,31.828719507031295,187.13504968568515,-487.9440096367844
k2_w128_d16,6,geopotential,975,33.0033155245559,175.62123012016517,-432.13208227365925
k2_w128_d16,6,geopotential,1000,34.61192490481373,165.7090941359583,-378.7630118569682
k2_w128_d16,6,u_component_of_wind,1,19.89105783588024,21.287048517103344,-7.018182203989998
k2_w128_d16,6,u_component_of_wind,2,14.808786249493675,15.828811258483057,-6.887971720330954
k2_w128_d16,6,u_component_of_wind,3,11.813944705597986,12.489073771695017,-5.714679414210599
k2_w128_d16,6,u_component_of_wind,5,10.582284597279084,12.662010609996935,-19.652901919237653
k2_w128_d16,6,u_component_of_wind,7,10.734911366240992,12.706725213176306,-18.368235932867115
k2_w128_d16,6,u_component_of_wind,10,11.367662377437185,14.66109284561086,-28.971923679846046
k2_w128_d16,6,u_component_of_wind,20,5.027319534514148,7.429742176583613,-47.78734722501861
k2_w128_d16,6,u_component_of_wind,30,4.870175131043882,6.49459527597434,-33.35445032717492
k2_w128_d16,6,u_component_of_wind,50,1.0688577185812604,8.785250230864134,-721.9288758587219
k2_w128_d16,6,u_component_of_wind,70,1.1003464791223327,5.049103329264898,-358.86485984780035
k2_w128_d16,6,u_component_of_wind,100,1.201639854243228,4.916577604361066,-309.15567064454945
k2_w128_d16,6,u_component_of_wind,125,1.2622958739185113,3.585039142604376,-184.00941622944825
k2_w128_d16,6,u_component_of_wind,150,1.26888477889531,3.1215236889276627,-146.00529069670603
k2_w128_d16,6,u_component_of_wind,175,1.2500922801444037,3.9686014394557696,-217.46467860735362
k2_w128_d16,6,u_component_of_wind,200,1.2502276015838705,7.999717332713032,-539.8608799372582
k2_w128_d16,6,u_component_of_wind,225,1.3181964134406126,7.834884102187976,-494.3639371418267
k2_w128_d16,6,u_component_of_wind,250,1.3789164740587312,4.530092294287956,-228.52550386565392
k2_w128_d16,6,u_component_of_wind,300,1.4202824042437066,9.502068731419874,-569.0267163085555
k2_w128_d16,6,u_component_of_wind,350,1.3655606100042819,8.04133489296532,-488.8669337745547
k2_w128_d16,6,u_component_of_wind,400,1.2918008869842224,3.0590092217083313,-136.80191371053715
k2_w128_d16,6,u_component_of_wind,450,1.208562363869304,2.566190922978233,-112.33417485899349
k2_w128_d16,6,u_component_of_wind,500,1.1362973426857346,3.1443953944448526,-176.72293829472565
k2_w128_d16,6,u_component_of_wind,550,1.088282875651809,2.606625283634061,-139.51725621639187
k2_w128_d16,6,u_component_of_wind,600,1.0624623387380048,2.7633758884962214,-160.0916557455171
k2_w128_d16,6,u_component_of_wind,650,1.0486021177961784,2.565655415049156,-144.67387310272954
k2_w128_d16,6,u_component_of_wind,700,1.0211193740472362,3.2777771583958706,-220.99842992933395
k2_w128_d16,6,u_component_of_wind,750,0.9937667322196927,1.7946757856173725,-80.59326474018273
k2_w128_d16,6,u_component_of_wind,775,0.980732525132041,2.241952107028316,-128.599750653367
k2_w128_d16,6,u_component_of_wind,800,0.9726241763620099,3.399218429832027,-249.4894032499189
k2_w128_d16,6,u_component_of_wind,825,0.9636016566294239,2.8453018209975007,-195.2778050372043
k2_w128_d16,6,u_component_of_wind,850,0.9505071719732253,3.5881522030270165,-277.49869846622164
k2_w128_d16,6,u_component_of_wind,875,0.9320165101666982,5.11872889835125,-449.2101097474901
k2_w128_d16,6,u_component_of_wind,900,0.9178638917991448,4.621155994645585,-403.4685464734272
k2_w128_d16,6,u_component_of_wind,925,0.9094185834670749,2.636746983306529,-189.9376625067604
k2_w128_d16,6,u_component_of_wind,950,0.8887699562518799,2.104479437143825,-136.7856184089339
k2_w128_d16,6,u_component_of_wind,975,0.8378751338693791,2.262677788995048,-170.04952140610837
k2_w128_d16,6,u_component_of_wind,1000,0.765436814134373,2.500850662306531,-226.72202540123774
k2_w128_d16,6,v_component_of_wind,1,12.650821521634215,13.723515623909883,-8.479244612227355
k2_w128_d16,6,v_component_of_wind,2,9.32051501398184,10.012711351427397,-7.426588942855439
k2_w128_d16,6,v_component_of_wind,3,7.377398002654424,8.209734642737315,-11.2822520864865
k2_w128_d16,6,v_component_of_wind,5,5.7748836147911335,6.539853846579579,-13.246504740444243
k2_w128_d16,6,v_component_of_wind,7,5.008131173043137,5.8911813378276,-17.632328992051693
k2_w128_d16,6,v_component_of_wind,10,4.115790792237513,5.397305746246932,-31.136542615975248
k2_w128_d16,6,v_component_of_wind,20,3.008941802687958,5.1711580283672625,-71.85968913548764
k2_w128_d16,6,v_component_of_wind,30,2.687952154629618,3.389808503423884,-26.11119203090788
k2_w128_d16,6,v_component_of_wind,50,1.0600461779103494,3.7613184676586657,-254.8259072140883
k2_w128_d16,6,v_component_of_wind,70,1.1456138018320534,12.849942240700644,-1021.6644055921073
k2_w128_d16,6,v_component_of_wind,100,1.2163574774922326,5.839843869948261,-380.1091766203701
k2_w128_d16,6,v_component_of_wind,125,1.298178487730939,4.966769221249969,-282.595249281267
k2_w128_d16,6,v_component_of_wind,150,1.2521543673879396,5.767708836492149,-360.6228262833037
k2_w128_d16,6,v_component_of_wind,175,1.2410980136126357,6.618905055987242,-433.31042217372334
k2_w128_d16,6,v_component_of_wind,200,1.2644111116719376,3.9620416220750507,-213.35074371784205
k2_w128_d16,6,v_component_of_wind,225,1.328712700822358,3.7033732514219313,-178.71888701973452
k2_w128_d16,6,v_component_of_wind,250,1.4041041137915926,9.752500024255509,-594.5710028525026
k2_w128_d16,6,v_component_of_wind,300,1.4833822816656723,17.652159636311243,-1089.993965445633
k2_w128_d16,6,v_component_of_wind,350,1.4440211789096822,8.59159668754666,-494.97719375790615
k2_w128_d16,6,v_component_of_wind,400,1.3599419498069474,6.882515921587684,-406.08894905879635
k2_w128_d16,6,v_component_of_wind,450,1.2703538716428981,4.4313932067205695,-248.83140089065301
k2_w128_d16,6,v_component_of_wind,500,1.206848317961677,4.4323376738731595,-267.2655136445993
k2_w128_d16,6,v_component_of_wind,550,1.1635164774545141,2.3881110526354723,-105.24943985839097
k2_w128_d16,6,v_component_of_wind,600,1.1237941671360567,2.5897673693369407,-130.44855055057428
k2_w128_d16,6,v_component_of_wind,650,1.0967989546850654,6.366873154702213,-480.4959174610442
k2_w128_d16,6,v_component_of_wind,700,1.066245345582861,2.2013133342568194,-106.4546723112283
k2_w128_d16,6,v_component_of_wind,750,1.0459314049725121,4.798466533912903,-358.7744962145973
k2_w128_d16,6,v_component_of_wind,775,1.03048788244296,7.236418604866274,-602.2322851299348
k2_w128_d16,6,v_component_of_wind,800,1.0230256294909017,7.613175621961065,-644.1822963662879
k2_w128_d16,6,v_component_of_wind,825,1.0174092622206323,3.615400413056688,-255.35359734838576
k2_w128_d16,6,v_component_of_wind,850,1.0068843102723462,4.082325777284513,-305.4413933791767
k2_w128_d16,6,v_component_of_wind,875,0.9951970783460213,3.182084401529229,-219.74414623661568
k2_w128_d16,6,v_component_of_wind,900,0.9873442236202928,3.549055414584287,-259.45472001355046
k2_w128_d16,6,v_component_of_wind,925,0.9709810800237322,5.181846848147606,-433.6712480557246
k2_w128_d16,6,v_component_of_wind,950,0.9434804953967553,4.058843221042503,-330.19895385708696
k2_w128_d16,6,v_component_of_wind,975,0.884187645615022,6.6360316570745335,-650.5230015353417
k2_w128_d16,6,v_component_of_wind,1000,0.8050497380902053,5.751441686526228,-614.4206642648187
k2_w128_d16,6,specific_humidity,1,8.822090230926471e-07,4.21399596846117e-07,52.2335879802192
k2_w128_d16,6,specific_humidity,2,6.319030013197258e-07,1.8915167611723446e-07,70.0663431377613
k2_w128_d16,6,specific_humidity,3,5.566283515854871e-07,1.6509632246788045e-07,70.33993651282333
k2_w128_d16,6,specific_humidity,5,4.6491624455131087e-07,1.9975990897576279e-07,57.03314063191094
k2_w128_d16,6,specific_humidity,7,3.856301475623728e-07,2.2475744432772348e-07,41.716837817673316
k2_w128_d16,6,specific_humidity,10,2.699003674101188e-07,3.002179887204459e-07,-11.232893678969646
k2_w128_d16,6,specific_humidity,20,1.0596226762451903e-07,3.682475981673309e-07,-247.5271022626932
k2_w128_d16,6,specific_humidity,30,8.362557987089006e-08,1.9468344923357403e-07,-132.80370615563655
k2_w128_d16,6,specific_humidity,50,1.262637657257945e-08,2.2153576459451747e-07,-1654.547421590641
k2_w128_d16,6,specific_humidity,70,3.8946591100795945e-08,1.5371215474236135e-07,-294.6742202534382
k2_w128_d16,6,specific_humidity,100,9.12235907885788e-08,2.83598188820549e-07,-210.882510071129
k2_w128_d16,6,specific_humidity,125,2.1746458476354877e-07,6.883148966917895e-07,-216.51815740029602
k2_w128_d16,6,specific_humidity,150,5.816137360944281e-07,2.0336372308728556e-06,-249.65426444857619
k2_w128_d16,6,specific_humidity,175,1.5965947565447658e-06,3.3719664722050895e-06,-111.19739109643913
k2_w128_d16,6,specific_humidity,200,3.8110160640830006e-06,1.2526879160745682e-05,-228.70181993735247
k2_w128_d16,6,specific_humidity,225,7.82361549999697e-06,5.0127649022627094e-05,-540.7222980557583
k2_w128_d16,6,specific_humidity,250,1.38316352593059e-05,6.958428928450056e-05,-403.0807130175326
k2_w128_d16,6,specific_humidity,300,3.217009791872856e-05,0.00019195304880478316,-496.6815807950441
k2_w128_d16,6,specific_humidity,350,6.111138605841716e-05,0.0003095705278699263,-406.5676755784984
k2_w128_d16,6,specific_humidity,400,9.835611756036749e-05,0.000508466077220431,-416.96436361302335
k2_w128_d16,6,specific_humidity,450,0.00014091692111682912,0.0003930221713452594,-178.90346186276588
k2_w128_d16,6,specific_humidity,500,0.0001837503181665113,0.0009279256213271456,-404.99266101203466
k2_w128_d16,6,specific_humidity,550,0.00023367591673103947,0.0011201694789219631,-379.3688175454024
k2_w128_d16,6,specific_humidity,600,0.0002756110944267523,0.0012903887009815508,-368.1918569589696
k2_w128_d16,6,specific_humidity,650,0.00033029212068266264,0.0011878244307987628,-259.6284490055996
k2_w128_d16,6,specific_humidity,700,0.0003705961372817684,0.0017658566247519445,-376.4908338505816
k2_w128_d16,6,specific_humidity,750,0.00041866920900150375,0.0017444807873751896,-316.67281707571766
k2_w128_d16,6,specific_humidity,775,0.0004382651102223823,0.002983561714195164,-580.7664230176251
k2_w128_d16,6,specific_humidity,800,0.0004527051385557892,0.004393251264719287,-870.4443114417807
k2_w128_d16,6,specific_humidity,825,0.00046143406095093184,0.002442449571334823,-429.31713933327285
k2_w128_d16,6,specific_humidity,850,0.00046075122437608034,0.0032796467704639992,-611.8042442329016
k2_w128_d16,6,specific_humidity,875,0.0004475458472588171,0.0043682378162063565,-876.0425312761736
k2_w128_d16,6,specific_humidity,900,0.0004229372746036305,0.0021416344660860525,-406.37165241421565
k2_w128_d16,6,specific_humidity,925,0.0003760098513022903,0.0008940161787793856,-137.76403083137524
k2_w128_d16,6,specific_humidity,950,0.0003222784591136611,0.0013519951434814764,-319.51148308198134
k2_w128_d16,6,specific_humidity,975,0.00031258471640125296,0.0006753130085920977,-116.04159549669868
k2_w128_d16,6,specific_humidity,1000,0.00031323101496970535,0.0006411826835884291,-104.69961560174434
k2_w128_d16,6,specific_cloud_ice_water_content,1,1.466035147732589e-06,2.0064311298554848e-06,-36.86105227140612
k2_w128_d16,6,specific_cloud_ice_water_content,2,1.4513668724636064e-06,1.9630978307290204e-06,-35.258553021592796
k2_w128_d16,6,specific_cloud_ice_water_content,3,1.4498182097670895e-06,1.9764902428373382e-06,-36.32676355712607
k2_w128_d16,6,specific_cloud_ice_water_content,5,1.4418084047152534e-06,1.9436646939683593e-06,-34.807418767420685
k2_w128_d16,6,specific_cloud_ice_water_content,7,1.4457543483121473e-06,1.97947654989902e-06,-36.9165205838716
k2_w128_d16,6,specific_cloud_ice_water_content,10,1.4557463624633837e-06,1.964661297228479e-06,-34.959038736934936
k2_w128_d16,6,specific_cloud_ice_water_content,20,1.2331259002909328e-06,1.6926538088627842e-06,-37.26528722358638
k2_w128_d16,6,specific_cloud_ice_water_content,30,9.865127650158664e-07,1.3906287836790091e-06,-40.96409423112159
k2_w128_d16,6,specific_cloud_ice_water_content,50,8.090051523409126e-07,1.8534364324151778e-06,-129.10069571894945
k2_w128_d16,6,specific_cloud_ice_water_content,70,7.098809554040918e-07,1.6783543233284323e-06,-136.4275743068847
k2_w128_d16,6,specific_cloud_ice_water_content,100,1.0793708614679525e-06,1.7667338497221515e-06,-63.68181806569988
k2_w128_d16,6,specific_cloud_ice_water_content,125,2.6172017509145215e-06,3.261585137261686e-06,-24.62108189106933
k2_w128_d16,6,specific_cloud_ice_water_content,150,4.311433631878387e-06,4.8809298362708154e-06,-13.208975320450712
k2_w128_d16,6,specific_cloud_ice_water_content,175,5.304966906524722e-06,6.212612868702932e-06,-17.109361437521354
k2_w128_d16,6,specific_cloud_ice_water_content,200,6.185023156271143e-06,6.887527642256587e-06,-11.358154500572226
k2_w128_d16,6,specific_cloud_ice_water_content,225,7.101211349720051e-06,8.06256416000848e-06,-13.537870694784049
k2_w128_d16,6,specific_cloud_ice_water_content,250,7.386617679075463e-06,9.180715624076675e-06,-24.288490659039596
k2_w128_d16,6,specific_cloud_ice_water_content,300,7.829288484206586e-06,1.0209726328741797e-05,-30.40426788892865
k2_w128_d16,6,specific_cloud_ice_water_content,350,7.80624505449205e-06,1.0533030839157414e-05,-34.93082481565517
k2_w128_d16,6,specific_cloud_ice_water_content,400,7.120926844651715e-06,1.0137869914214759e-05,-42.36728076807821
k2_w128_d16,6,specific_cloud_ice_water_content,450,6.058367179161973e-06,8.657915746452406e-06,-42.908402386565434
k2_w128_d16,6,specific_cloud_ice_water_content,500,5.082633881682386e-06,7.03013842869432e-06,-38.31683714285747
k2_w128_d16,6,specific_cloud_ice_water_content,550,4.068997740982845e-06,5.51496233785661e-06,-35.53613663409163
k2_w128_d16,6,specific_cloud_ice_water_content,600,3.3272283591458385e-06,4.599828534333677e-06,-38.24805627451848
k2_w128_d16,6,specific_cloud_ice_water_content,650,2.827360602925425e-06,4.113390042069784e-06,-45.48515805920634
k2_w128_d16,6,specific_cloud_ice_water_content,700,2.4590415700052676e-06,3.311548234515362e-06,-34.668249406953635
k2_w128_d16,6,specific_cloud_ice_water_content,750,2.184414980923423e-06,3.290013264659317e-06,-50.61301508143483
k2_w128_d16,6,specific_cloud_ice_water_content,775,2.2108547637127945e-06,2.950063841025705e-06,-33.43544268242755
k2_w128_d16,6,specific_cloud_ice_water_content,800,2.290939934106601e-06,2.994487908081317e-06,-30.710013977257724
k2_w128_d16,6,specific_cloud_ice_water_content,825,2.2888853242247466e-06,3.059927557919107e-06,-33.68636364320765
k2_w128_d16,6,specific_cloud_ice_water_content,850,2.1640443022432682e-06,2.8045840977560654e-06,-29.599199741373482
k2_w128_d16,6,specific_cloud_ice_water_content,875,1.9853336181535023e-06,2.6381835121849538e-06,-32.88363668765388
k2_w128_d16,6,specific_cloud_ice_water_content,900,1.7689293971152447e-06,2.6111929617527098e-06,-47.61431213767047
k2_w128_d16,6,specific_cloud_ice_water_content,925,1.536700412358683e-06,2.5907593046847537e-06,-68.59234785446533
k2_w128_d16,6,specific_cloud_ice_water_content,950,1.3183424391175329e-06,2.200790816337561e-06,-66.93620345035076
k2_w128_d16,6,specific_cloud_ice_water_content,975,1.1477205634466718e-06,1.84074857079269e-06,-60.38299124525701
k2_w128_d16,6,specific_cloud_ice_water_content,1000,1.0316499540797703e-06,1.5208050143046658e-06,-47.41482886617494
k2_w128_d16,6,specific_cloud_liquid_water_content,1,2.794234220664137e-06,5.220470500696035e-06,-86.83009685047904
k2_w128_d16,6,specific_cloud_liquid_water_content,2,2.7952225406303136e-06,5.175654090129743e-06,-85.16071671927237
k2_w128_d16,6,specific_cloud_liquid_water_content,3,2.7823814575494895e-06,5.167120815046948e-06,-85.70856993842088
k2_w128_d16,6,specific_cloud_liquid_water_content,5,2.7920807944562068e-06,5.1664158485363236e-06,-85.03819297759787
k2_w128_d16,6,specific_cloud_liquid_water_content,7,2.8064188073102174e-06,5.174452081378638e-06,-84.37918345972165
k2_w128_d16,6,specific_cloud_liquid_water_content,10,2.783263464339788e-06,5.145089743287265e-06,-84.85816413746232
k2_w128_d16,6,specific_cloud_liquid_water_content,20,2.441444851051319e-06,4.5753421688507215e-06,-87.40305220822489
k2_w128_d16,6,specific_cloud_liquid_water_content,30,1.9925068141787895e-06,3.7734239330838313e-06,-89.38072915143557
k2_w128_d16,6,specific_cloud_liquid_water_content,50,1.8631593566891737e-06,5.898798880795826e-06,-216.6019513906726
k2_w128_d16,6,specific_cloud_liquid_water_content,70,1.5703618007701363e-06,8.381258474419233e-06,-433.71512668665895
k2_w128_d16,6,specific_cloud_liquid_water_content,100,1.4835638305329368e-06,6.887318833210291e-06,-364.2414900837922
k2_w128_d16,6,specific_cloud_liquid_water_content,125,1.410904200793002e-06,4.370173776004441e-06,-209.7427715891819
k2_w128_d16,6,specific_cloud_liquid_water_content,150,1.494652820616409e-06,7.463372429644423e-06,-399.3381959140489
k2_w128_d16,6,specific_cloud_liquid_water_content,175,1.6786215360921232e-06,3.4292951679478852e-06,-104.29233714773956
k2_w128_d16,6,specific_cloud_liquid_water_content,200,1.8146868836472083e-06,3.653787910396805e-06,-101.34536394803936
k2_w128_d16,6,specific_cloud_liquid_water_content,225,1.6870668901885045e-06,2.908044636349555e-06,-72.37281184651927
k2_w128_d16,6,specific_cloud_liquid_water_content,250,1.7668584320715404e-06,2.71174694911929e-06,-53.47845078566491
k2_w128_d16,6,specific_cloud_liquid_water_content,300,2.183858074862636e-06,4.893911595397262e-06,-124.09476383693514
k2_w128_d16,6,specific_cloud_liquid_water_content,350,2.6428365490185532e-06,4.122969734337602e-06,-56.00547585391584
k2_w128_d16,6,specific_cloud_liquid_water_content,400,3.651084934690932e-06,5.985093739169833e-06,-63.92644504931182
k2_w128_d16,6,specific_cloud_liquid_water_content,450,5.691744733584412e-06,7.74263279262956e-06,-36.032678116145746
k2_w128_d16,6,specific_cloud_liquid_water_content,500,8.483398114937064e-06,1.064460038953088e-05,-25.475667242216304
k2_w128_d16,6,specific_cloud_liquid_water_content,550,1.118571670094924e-05,1.2921640206985709e-05,-15.519108452739161
k2_w128_d16,6,specific_cloud_liquid_water_content,600,9.996005796844106e-06,1.3939491605718495e-05,-39.45061546602351
k2_w128_d16,6,specific_cloud_liquid_water_content,650,9.076147480913975e-06,1.3197866630499704e-05,-45.41265066762301
k2_w128_d16,6,specific_cloud_liquid_water_content,700,9.91877844652828e-06,1.3265731173813091e-05,-33.743598017922196
k2_w128_d16,6,specific_cloud_liquid_water_content,750,1.1406600764237625e-05,1.761322803733815e-05,-54.412593211465435
k2_w128_d16,6,specific_cloud_liquid_water_content,775,1.2568086488807575e-05,2.111986347235857e-05,-68.0435879492612
k2_w128_d16,6,specific_cloud_liquid_water_content,800,1.3641870350792871e-05,3.2521374321585165e-05,-138.3938088056599
k2_w128_d16,6,specific_cloud_liquid_water_content,825,1.6329404614277886e-05,5.978393651693229e-05,-266.11216348120377
k2_w128_d16,6,specific_cloud_liquid_water_content,850,1.6847740530296812e-05,0.00015408905932340184,-814.5977708186322
k2_w128_d16,6,specific_cloud_liquid_water_content,875,1.631043202896774e-05,0.0002577600773173468,-1480.338747983857
k2_w128_d16,6,specific_cloud_liquid_water_content,900,1.611341850602216e-05,0.00010091211443829884,-526.2613634753195
k2_w128_d16,6,specific_cloud_liquid_water_content,925,1.511496953362586e-05,2.3417196021412128e-05,-54.92717976914563
k2_w128_d16,6,specific_cloud_liquid_water_content,950,1.2197688597034928e-05,2.604194651740859e-05,-113.49902737916256
k2_w128_d16,6,specific_cloud_liquid_water_content,975,9.226713461797311e-06,1.8080242541767628e-05,-95.95539209739043
k2_w128_d16,6,specific_cloud_liquid_water_content,1000,6.6486950949923395e-06,1.0993654345528045e-05,-65.35055658979216
k2_w128_d16,12,temperature,1,9.999619193236287,9.064540927082003,9.351138759231626
k2_w128_d16,12,temperature,2,7.804826977117117,11.234371116541544,-43.94132181891371
k2_w128_d16,12,temperature,3,5.953411010963248,10.5399585338627,-77.04066650955717
k2_w128_d16,12,temperature,5,4.361923497371268,7.068438748362289,-62.04866391219641
k2_w128_d16,12,temperature,7,3.7817316326889565,6.728017750091602,-77.90838704510934
k2_w128_d16,12,temperature,10,2.923750678288463,5.867377694462466,-100.67982328428822
k2_w128_d16,12,temperature,20,2.0794981320407144,3.486440823787484,-67.65780021961677
k2_w128_d16,12,temperature,30,1.866889260951057,3.360296083376231,-79.99439782863081
k2_w128_d16,12,temperature,50,0.6958168039875192,2.440473657561312,-250.73508480618506
k2_w128_d16,12,temperature,70,0.70585532570798,3.864293311339361,-447.4625140022051
k2_w128_d16,12,temperature,100,0.5884833114595558,4.5220487431690115,-668.4242960014329
k2_w128_d16,12,temperature,125,0.4697651978406431,4.387169828442347,-833.9069493884883
k2_w128_d16,12,temperature,150,0.4421529627420578,2.116823651177434,-378.75369601726305
k2_w128_d16,12,temperature,175,0.43925499501062765,1.4287284521119687,-225.2617428009899
k2_w128_d16,12,temperature,200,0.44466363201520476,1.481973948132683,-233.27977406571642
k2_w128_d16,12,temperature,225,0.4466431596807175,2.0837059059771974,-366.52587436170137
k2_w128_d16,12,temperature,250,0.4409240360832496,1.7192570496608377,-289.9213717022743
k2_w128_d16,12,temperature,300,0.4139515272711198,1.745008287669526,-321.54894298206654
k2_w128_d16,12,temperature,350,0.40181030239913795,1.8093612496147975,-350.30235382503207
k2_w128_d16,12,temperature,400,0.39771096285070684,1.316632736728164,-231.0526637965479
k2_w128_d16,12,temperature,450,0.3910581951113025,1.316468824917778,-236.64268934271692
k2_w128_d16,12,temperature,500,0.39025019749241213,1.3527309332517772,-246.6317101038954
k2_w128_d16,12,temperature,550,0.4038909650225418,2.115323335742928,-423.7362355022893
k2_w128_d16,12,temperature,600,0.40524367893150604,1.979349023097147,-388.43427448789276
k2_w128_d16,12,temperature,650,0.4089419197527408,1.722425944003056,-321.19084906836866
k2_w128_d16,12,temperature,700,0.4225036985649498,1.9579830918008916,-363.42389390939235
k2_w128_d16,12,temperature,750,0.45304422426316904,2.0307538824727365,-348.2462801011433
k2_w128_d16,12,temperature,775,0.47092465815862017,1.5092930056547635,-220.49564182013862
k2_w128_d16,12,temperature,800,0.49165470322162436,1.9959790287463766,-305.97171463376486
k2_w128_d16,12,temperature,825,0.5181925243322738,1.86847563186441,-260.57556682664756
k2_w128_d16,12,temperature,850,0.5356595155887357,4.792295590118508,-794.6533106671997
k2_w128_d16,12,temperature,875,0.5496380388276881,3.0910422109338778,-462.3777818447026
k2_w128_d16,12,temperature,900,0.5562096179416757,1.8724891204442082,-236.65169749735577
k2_w128_d16,12,temperature,925,0.5533069043815372,2.135126965407304,-285.88475012685007
k2_w128_d16,12,temperature,950,0.5546559723788084,2.0670086119409437,-272.6649878258694
k2_w128_d16,12,temperature,975,0.5676659242450103,2.246648323400541,-295.76945302618964
k2_w128_d16,12,temperature,1000,0.5772869782525235,2.2898158667321407,-296.65122425999067
k2_w128_d16,12,geopotential,1,30479.225841463012,3531.4651106809356,88.41353409351743
k2_w128_d16,12,geopotential,2,20796.970742314566,2407.886691337063,88.42193547718055
k2_w128_d16,12,geopotential,3,15653.25640758239,1855.0583625506022,88.14905784299286
k2_w128_d16,12,geopotential,5,9606.662799877837,1383.433981755006,85.5992240950458
k2_w128_d16,12,geopotential,7,6082.266985604888,1108.9073896304074,81.76818952119503
k2_w128_d16,12,geopotential,10,2828.900572242466,909.2198117418438,67.85960522390837
k2_w128_d16,12,geopotential,20,1362.7995288193654,750.0267525840761,44.96426387571126
k2_w128_d16,12,geopotential,30,1794.1546505209546,796.677827947154,55.59592213994324
k2_w128_d16,12,geopotential,50,57.79047150158093,510.6273859798211,-783.5840454526353
k2_w128_d16,12,geopotential,70,50.568039056079016,405.9746081561514,-702.8284579236564
k2_w128_d16,12,geopotential,100,44.858585939177644,363.9692539467741,-711.3703237107577
k2_w128_d16,12,geopotential,125,42.67975126579087,286.8505143763951,-572.0997800338977
k2_w128_d16,12,geopotential,150,41.718361632433165,275.4002827109591,-560.141654500771
k2_w128_d16,12,geopotential,175,42.16759117440767,313.4818392855631,-643.4188924593382
k2_w128_d16,12,geopotential,200,41.51016708785078,308.16976612287925,-642.3958700784766
k2_w128_d16,12,geopotential,225,42.092155406836405,291.41579477742226,-592.3280406070437
k2_w128_d16,12,geopotential,250,42.9929023424175,289.61835398770774,-573.6422483903012
k2_w128_d16,12,geopotential,300,43.889933388486455,300.8025663590198,-585.3566253940331
k2_w128_d16,12,geopotential,350,42.561014426144965,306.6758855231338,-620.5558646993732
k2_w128_d16,12,geopotential,400,40.90857382902636,300.775847072616,-635.2391416275746
k2_w128_d16,12,geopotential,450,38.239494117545874,297.2056019327538,-677.2215841014054
k2_w128_d16,12,geopotential,500,36.52369538620061,291.9465187193977,-699.3345570111753
k2_w128_d16,12,geopotential,550,34.89021555572183,301.12897272297477,-763.0757016735915
k2_w128_d16,12,geopotential,600,33.77859348174237,308.63328790703986,-813.6949058398743
k2_w128_d16,12,geopotential,650,33.15042102512228,313.08636936580245,-844.4416079317281
k2_w128_d16,12,geopotential,700,32.87175612105976,336.714052483181,-924.3263281801372
k2_w128_d16,12,geopotential,750,32.908048687869325,351.26259182144156,-967.4063210284636
k2_w128_d16,12,geopotential,775,33.106802845327834,351.77871143580063,-962.55718221805
k2_w128_d16,12,geopotential,800,33.134309376287774,359.050373570637,-983.6211175947662
k2_w128_d16,12,geopotential,825,33.552452358590706,367.13081290305223,-994.1996399528537
k2_w128_d16,12,geopotential,850,33.908888374134904,388.3027866263184,-1045.1357011234518
k2_w128_d16,12,geopotential,875,34.50990938310052,391.5776098323759,-1034.6816518276087
k2_w128_d16,12,geopotential,900,35.16882829947936,368.60397990386565,-948.0985512654185
k2_w128_d16,12,geopotential,925,35.74615401078446,366.2165756075825,-924.4922446680462
k2_w128_d16,12,geopotential,950,36.5004755048873,366.1652607259921,-903.1794261884718
k2_w128_d16,12,geopotential,975,37.69775430267096,357.6503623176942,-848.7312147194773
k2_w128_d16,12,geopotential,1000,39.115070319812304,355.246158634603,-808.2078997430974
k2_w128_d16,12,u_component_of_wind,1,20.036905851047297,23.170745400159124,-15.640336748640383
k2_w128_d16,12,u_component_of_wind,2,14.895625313762883,17.34028832311302,-16.411952891238315
k2_w128_d16,12,u_component_of_wind,3,11.87113817843274,14.091461947769133,-18.70354582655127
k2_w128_d16,12,u_component_of_wind,5,10.709125424796524,14.727892679927882,-37.526568190396524
k2_w128_d16,12,u_component_of_wind,7,10.901145661516868,14.527685886547271,-33.26751460475192
k2_w128_d16,12,u_component_of_wind,10,11.447085571042013,15.135980720062422,-32.225627441383864
k2_w128_d16,12,u_component_of_wind,20,5.134926218667017,9.571565648051703,-86.4012303284155
k2_w128_d16,12,u_component_of_wind,30,4.994617706208698,9.970464850143722,-99.62418420432179
k2_w128_d16,12,u_component_of_wind,50,1.241156650762811,9.132711400435202,-635.8226211673012
k2_w128_d16,12,u_component_of_wind,70,1.3282100310726042,4.925888306733753,-270.86666953989356
k2_w128_d16,12,u_component_of_wind,100,1.4409213287299742,6.395635915815982,-343.85739792283346
k2_w128_d16,12,u_component_of_wind,125,1.5310071523389381,6.752879323805665,-341.0743159161085
k2_w128_d16,12,u_component_of_wind,150,1.5155034766378526,5.02387265471387,-231.49858988508169
k2_w128_d16,12,u_component_of_wind,175,1.4998710836592224,4.48121700563205,-198.77347823116
k2_w128_d16,12,u_component_of_wind,200,1.5072815299916444,7.304786423996508,-384.63318090529526
k2_w128_d16,12,u_component_of_wind,225,1.5752822371526003,5.584169925145619,-254.48694801759964
k2_w128_d16,12,u_component_of_wind,250,1.6351894413597452,5.75332351534586,-251.84446338900477
k2_w128_d16,12,u_component_of_wind,300,1.6742125332215807,10.972178105508869,-555.3635149532541
k2_w128_d16,12,u_component_of_wind,350,1.6053526452940072,9.391016168084278,-484.981511421398
k2_w128_d16,12,u_component_of_wind,400,1.511033214372459,4.899569402681924,-224.25292548693204
k2_w128_d16,12,u_component_of_wind,450,1.4035407323429068,4.746616604181711,-238.1887318837028
k2_w128_d16,12,u_component_of_wind,500,1.323495378745846,3.83419007336867,-189.7018104439455
k2_w128_d16,12,u_component_of_wind,550,1.2670702280044932,3.0238358415651585,-138.6478487721547
k2_w128_d16,12,u_component_of_wind,600,1.228963121357853,4.175732779683614,-239.77689868105588
k2_w128_d16,12,u_component_of_wind,650,1.2040014943902757,5.313890236589903,-341.35246188219526
k2_w128_d16,12,u_component_of_wind,700,1.167594106879074,5.435639602781589,-365.54188401231374
k2_w128_d16,12,u_component_of_wind,750,1.1315367816046833,3.0631143398273086,-170.70391255716567
k2_w128_d16,12,u_component_of_wind,775,1.1155547767662806,3.3791739675334016,-202.91421254353796
k2_w128_d16,12,u_component_of_wind,800,1.1062283673679938,3.526278165193259,-218.7658415941001
k2_w128_d16,12,u_component_of_wind,825,1.0894875805829964,3.965546683819859,-263.98273413065
k2_w128_d16,12,u_component_of_wind,850,1.0665503873353048,4.54545516885435,-326.18288107426633
k2_w128_d16,12,u_component_of_wind,875,1.043658401468093,5.836597434408689,-459.24404251414705
k2_w128_d16,12,u_component_of_wind,900,1.0268014893268385,5.905228753009186,-475.1090950287382
k2_w128_d16,12,u_component_of_wind,925,1.0137606186824544,3.233672027870354,-218.97786995050498
k2_w128_d16,12,u_component_of_wind,950,0.9903311500719211,4.313184576377853,-335.52952727626666
k2_w128_d16,12,u_component_of_wind,975,0.9280210644908848,3.9475825047196684,-325.3763902315433
k2_w128_d16,12,u_component_of_wind,1000,0.8406661732551003,2.915230417671065,-246.77622466753374
k2_w128_d16,12,v_component_of_wind,1,12.726917456271055,15.755331578855335,-23.79534661861158
k2_w128_d16,12,v_component_of_wind,2,9.349193005206905,12.265682291425469,-31.195091219041736
k2_w128_d16,12,v_component_of_wind,3,7.481465209103362,10.858977819396962,-45.14506872509252
k2_w128_d16,12,v_component_of_wind,5,5.893825716081344,9.127614072781945,-54.86739025684433
k2_w128_d16,12,v_component_of_wind,7,5.071410392081228,8.508420224722038,-67.7722678095139
k2_w128_d16,12,v_component_of_wind,10,4.120996070934423,7.721084503913987,-87.3596667167716
k2_w128_d16,12,v_component_of_wind,20,2.9789222318981445,6.077021438456962,-104.00067425005366
k2_w128_d16,12,v_component_of_wind,30,2.7181772335320478,5.727686622213887,-110.7179234509013
k2_w128_d16,12,v_component_of_wind,50,1.2203869971533807,6.973278583307278,-471.39895783655766
k2_w128_d16,12,v_component_of_wind,70,1.35218323651317,13.649475984396663,-909.439816721446
k2_w128_d16,12,v_component_of_wind,100,1.4494852221903305,4.450971911625189,-207.07259677330714
k2_w128_d16,12,v_component_of_wind,125,1.5622095852117772,6.1660762780227625,-294.7022433092339
k2_w128_d16,12,v_component_of_wind,150,1.525951820420026,5.593392671802092,-266.5510664853417
k2_w128_d16,12,v_component_of_wind,175,1.5061720902137603,12.477549610216458,-728.4278862480853
k2_w128_d16,12,v_component_of_wind,200,1.5526424951620468,6.516940076470817,-319.73217252376276
k2_w128_d16,12,v_component_of_wind,225,1.6136967238462447,5.323911823729697,-229.92022262028007
k2_w128_d16,12,v_component_of_wind,250,1.6890355299423918,12.068855988625206,-614.5412736839727
k2_w128_d16,12,v_component_of_wind,300,1.7414739981854395,22.69368821957136,-1203.1310397523857
k2_w128_d16,12,v_component_of_wind,350,1.6831197897342056,10.75793199216033,-539.1661519147843
k2_w128_d16,12,v_component_of_wind,400,1.5825811772703624,8.517052671134758,-438.1747738100221
k2_w128_d16,12,v_component_of_wind,450,1.4882726530619848,6.857950594392115,-360.7993421287765
k2_w128_d16,12,v_component_of_wind,500,1.407825867531358,5.60146564269804,-297.8805740031107
k2_w128_d16,12,v_component_of_wind,550,1.3427975296549777,3.919950324320612,-191.9241536978263
k2_w128_d16,12,v_component_of_wind,600,1.2929563209550203,3.606685375163192,-178.94874070449455
k2_w128_d16,12,v_component_of_wind,650,1.2534057443843252,7.446689182743965,-494.1164077241237
k2_w128_d16,12,v_component_of_wind,700,1.2111630798492903,3.93771987781789,-225.1188831076221
k2_w128_d16,12,v_component_of_wind,750,1.1792084699399652,4.689498615964161,-297.68189726477357
k2_w128_d16,12,v_component_of_wind,775,1.162174110131828,7.251666575399589,-523.974197340966
k2_w128_d16,12,v_component_of_wind,800,1.1510986952001483,8.543454582689655,-642.2000058130684
k2_w128_d16,12,v_component_of_wind,825,1.1391292061402858,4.650241495805924,-308.227747189658
k2_w128_d16,12,v_component_of_wind,850,1.1245301127076048,4.88587157593364,-334.48116868739135
k2_w128_d16,12,v_component_of_wind,875,1.1106709328345614,4.813496425374005,-333.3863688220779
k2_w128_d16,12,v_component_of_wind,900,1.1007664485843303,5.1703841066115315,-369.70763991408353
k2_w128_d16,12,v_component_of_wind,925,1.0844361750646052,5.137266348822458,-373.7269437287451
k2_w128_d16,12,v_component_of_wind,950,1.0526096378175709,5.642135250840668,-436.01402154542245
k2_w128_d16,12,v_component_of_wind,975,0.9816841650387664,9.115426980658066,-828.5498641304966
k2_w128_d16,12,v_component_of_wind,1000,0.882891342664934,9.92992091205853,-1024.7047549572624
k2_w128_d16,12,specific_humidity,1,8.814010256614677e-07,4.262702833307399e-07,51.63719227455681
k2_w128_d16,12,specific_humidity,2,6.305848105687949e-07,1.9436408594378046e-07,69.17716971830295
k2_w128_d16,12,specific_humidity,3,5.551204037968211e-07,1.676392580249955e-07,69.80127970825714
k2_w128_d16,12,specific_humidity,5,4.6422920435253585e-07,1.9724260080297627e-07,57.511806893305625
k2_w128_d16,12,specific_humidity,7,3.8497633158306966e-07,2.21395741011424e-07,42.49107728233118
k2_w128_d16,12,specific_humidity,10,2.692824810496123e-07,2.9833092767391633e-07,-10.787351078718022
k2_w128_d16,12,specific_humidity,20,1.0686904421861988e-07,3.6653991773426953e-07,-242.98043967198404
k2_w128_d16,12,specific_humidity,30,8.353686107986295e-08,1.8952974959091622e-07,-126.881579150696
k2_w128_d16,12,specific_humidity,50,1.4379049755336954e-08,2.2795985960786846e-07,-1485.3610877398798
k2_w128_d16,12,specific_humidity,70,4.587617223987242e-08,2.4591205294444924e-07,-436.0343745739087
k2_w128_d16,12,specific_humidity,100,1.1183224242170763e-07,5.970666321405977e-07,-433.8948940048275
k2_w128_d16,12,specific_humidity,125,2.6726925522053787e-07,1.7133595890065823e-06,-541.0612352673336
k2_w128_d16,12,specific_humidity,150,7.197026178651905e-07,3.9845696205724785e-06,-453.6411181039832
k2_w128_d16,12,specific_humidity,175,1.9495553626345717e-06,8.119972191715786e-06,-316.50380119201617
k2_w128_d16,12,specific_humidity,200,4.643745675119669e-06,1.6890306574167964e-05,-263.7216108682072
k2_w128_d16,12,specific_humidity,225,9.458771000873044e-06,5.904274455586555e-05,-524.2115867951122
k2_w128_d16,12,specific_humidity,250,1.667230086083362e-05,7.216179747346396e-05,-332.82446781527096
k2_w128_d16,12,specific_humidity,300,3.8928783541868585e-05,0.00030844616188752756,-692.3344472240915
k2_w128_d16,12,specific_humidity,350,7.415083551328772e-05,0.00043646194446015876,-488.61365679682115
k2_w128_d16,12,specific_humidity,400,0.00011836069518526932,0.0004087355547377282,-245.33047824527964
k2_w128_d16,12,specific_humidity,450,0.00016859534766541125,0.0006402127116746092,-279.73332036727027
k2_w128_d16,12,specific_humidity,500,0.00021916455873216561,0.0008146364584713754,-271.70081840965815
k2_w128_d16,12,specific_humidity,550,0.00027625702077565346,0.0009664677783005745,-249.84369830203767
k2_w128_d16,12,specific_humidity,600,0.00032256864195216695,0.0010478533581402738,-224.84662854973294
k2_w128_d16,12,specific_humidity,650,0.00038071667994356734,0.0015082519199972415,-296.1612399595431
k2_w128_d16,12,specific_humidity,700,0.0004285091770856721,0.0014706543250249185,-243.20252719602541
k2_w128_d16,12,specific_humidity,750,0.0004829884998538934,0.0017694658295156832,-266.3577559405568
k2_w128_d16,12,specific_humidity,775,0.0005058699260763329,0.002963687604722269,-485.8596156742209
k2_w128_d16,12,specific_humidity,800,0.0005257472169073568,0.004431978277152802,-742.9865407987071
k2_w128_d16,12,specific_humidity,825,0.0005367686157848093,0.00210788802844243,-292.69956671376684
k2_w128_d16,12,specific_humidity,850,0.0005331118244471129,0.002802139439265085,-425.61944994770425
k2_w128_d16,12,specific_humidity,875,0.0005124254780226714,0.003453599180432087,-573.9710120891547
k2_w128_d16,12,specific_humidity,900,0.00047490455105848146,0.0019436647282020222,-309.2748161435649
k2_w128_d16,12,specific_humidity,925,0.0004194959217314252,0.0010077796015080165,-140.23585195977884
k2_w128_d16,12,specific_humidity,950,0.00035898608466445974,0.00128752950729676,-258.6572188446244
k2_w128_d16,12,specific_humidity,975,0.0003364670375085466,0.0009731360052960356,-189.22179494962182
k2_w128_d16,12,specific_humidity,1000,0.0003317870318117355,0.0008999917403372346,-171.2558521117586
k2_w128_d16,12,specific_cloud_ice_water_content,1,1.30583857276781e-06,6.89771772036616e-06,-428.2213180260097
k2_w128_d16,12,specific_cloud_ice_water_content,2,1.2947436224920502e-06,6.940238327272806e-06,-436.0318604168618
k2_w128_d16,12,specific_cloud_ice_water_content,3,1.2953284382551769e-06,6.910585714818406e-06,-433.5006559515553
k2_w128_d16,12,specific_cloud_ice_water_content,5,1.287848892775687e-06,6.934190954764533e-06,-438.43203140232896
k2_w128_d16,12,specific_cloud_ice_water_content,7,1.2907921512427467e-06,6.916535257834778e-06,-435.83648236284114
k2_w128_d16,12,specific_cloud_ice_water_content,10,1.2984202585491805e-06,6.9163059696688106e-06,-432.6708301206654
k2_w128_d16,12,specific_cloud_ice_water_content,20,1.1161525118318823e-06,5.7391931662851215e-06,-414.19435117031514
k2_w128_d16,12,specific_cloud_ice_water_content,30,9.56380736842403e-07,4.989046041986066e-06,-421.6589847321638
k2_w128_d16,12,specific_cloud_ice_water_content,50,6.919492356812227e-07,6.45595026771698e-06,-833.0092346096907
k2_w128_d16,12,specific_cloud_ice_water_content,70,6.491564224921813e-07,5.883340643338564e-06,-806.3055435470833
k2_w128_d16,12,specific_cloud_ice_water_content,100,1.0858389330882464e-06,6.702878306835601e-06,-517.2995001912367
k2_w128_d16,12,specific_cloud_ice_water_content,125,3.005315860746965e-06,7.228948343983657e-06,-140.53872135047118
k2_w128_d16,12,specific_cloud_ice_water_content,150,4.885824464621048e-06,9.331267932933343e-06,-90.9865571410186
k2_w128_d16,12,specific_cloud_ice_water_content,175,6.109118952735168e-06,1.3226839315551049e-05,-116.50976872252824
k2_w128_d16,12,specific_cloud_ice_water_content,200,7.1879886945133235e-06,1.3509479149705405e-05,-87.9451919563723
k2_w128_d16,12,specific_cloud_ice_water_content,225,8.215178101002247e-06,1.7520107393083943e-05,-113.26509514074318
k2_w128_d16,12,specific_cloud_ice_water_content,250,8.43139824972331e-06,1.6881133374889386e-05,-100.21748320859314
k2_w128_d16,12,specific_cloud_ice_water_content,300,8.939520949991514e-06,1.7743624346289586e-05,-98.4851810913473
k2_w128_d16,12,specific_cloud_ice_water_content,350,8.775393928091811e-06,1.7084645206092026e-05,-94.68807151096226
k2_w128_d16,12,specific_cloud_ice_water_content,400,7.77109378224482e-06,1.5976667784181597e-05,-105.59097897756229
k2_w128_d16,12,specific_cloud_ice_water_content,450,6.527927469996233e-06,1.4175799490374346e-05,-117.15620394879367
k2_w128_d16,12,specific_cloud_ice_water_content,500,5.416789593015368e-06,1.2104749899136507e-05,-123.46723444353222
k2_w128_d16,12,specific_cloud_ice_water_content,550,4.222016660114664e-06,1.195303501376392e-05,-183.11198121703512
k2_w128_d16,12,specific_cloud_ice_water_content,600,3.4095412529626956e-06,1.0005227902959535e-05,-193.44792042816806
k2_w128_d16,12,specific_cloud_ice_water_content,650,2.867390812523287e-06,9.044452884011351e-06,-215.4244913009359
k2_w128_d16,12,specific_cloud_ice_water_content,700,2.4870681132802423e-06,7.890465654989666e-06,-217.25973297059315
k2_w128_d16,12,specific_cloud_ice_water_content,750,2.1844994852300086e-06,8.101557817140199e-06,-270.8656317805072
k2_w128_d16,12,specific_cloud_ice_water_content,775,2.201875157385866e-06,8.047692870024934e-06,-265.49269576116217
k2_w128_d16,12,specific_cloud_ice_water_content,800,2.304540454156447e-06,7.937603946512791e-06,-244.43326573836464
k2_w128_d16,12,specific_cloud_ice_water_content,825,2.2677248259512185e-06,7.52467650874723e-06,-231.81611907392394
k2_w128_d16,12,specific_cloud_ice_water_content,850,2.134036531332525e-06,7.748076245949698e-06,-263.07139696018606
k2_w128_d16,12,specific_cloud_ice_water_content,875,1.9460754426302446e-06,7.428699857701024e-06,-281.72722880982786
k2_w128_d16,12,specific_cloud_ice_water_content,900,1.7399831344665018e-06,7.519845864841374e-06,-332.1792387457274
k2_w128_d16,12,specific_cloud_ice_water_content,925,1.5013263194767008e-06,6.609732656675764e-06,-340.2595605584027
k2_w128_d16,12,specific_cloud_ice_water_content,950,1.2891731850767553e-06,5.358714325667124e-06,-315.67063197549174
k2_w128_d16,12,specific_cloud_ice_water_content,975,1.1288361285043949e-06,5.108508800262579e-06,-352.5465363188622
k2_w128_d16,12,specific_cloud_ice_water_content,1000,9.974010517481222e-07,5.448639038895823e-06,-446.28366687062504
k2_w128_d16,12,specific_cloud_liquid_water_content,1,2.5188116199009185e-06,1.692973000790662e-05,-572.1316462948737
k2_w128_d16,12,specific_cloud_liquid_water_content,2,2.5206757505396504e-06,1.685450116905595e-05,-568.6501096163431
k2_w128_d16,12,specific_cloud_liquid_water_content,3,2.5075289501953947e-06,1.6854925121863442e-05,-572.1727029532422
k2_w128_d16,12,specific_cloud_liquid_water_content,5,2.51587452353472e-06,1.6852343617455887e-05,-569.8403859099819
k2_w128_d16,12,specific_cloud_liquid_water_content,7,2.531710135992916e-06,1.6867567904733605e-05,-566.2519403359058
k2_w128_d16,12,specific_cloud_liquid_water_content,10,2.508134886685798e-06,1.686774289500919e-05,-572.5213617716513
k2_w128_d16,12,specific_cloud_liquid_water_content,20,2.202986879532424e-06,1.3897263949163144e-05,-530.8373453460053
k2_w128_d16,12,specific_cloud_liquid_water_content,30,1.7966072683527435e-06,1.0618294681405246e-05,-491.01924323955615
k2_w128_d16,12,specific_cloud_liquid_water_content,50,1.587656128005691e-06,1.5646574188055625e-05,-885.5140487953031
k2_w128_d16,12,specific_cloud_liquid_water_content,70,1.4024619434437792e-06,1.6396553327257254e-05,-1069.1264354022414
k2_w128_d16,12,specific_cloud_liquid_water_content,100,1.3627477738286414e-06,1.402307940644628e-05,-929.029705698834
k2_w128_d16,12,specific_cloud_liquid_water_content,125,1.2740749359110507e-06,1.4102439376550827e-05,-1006.8767604683015
k2_w128_d16,12,specific_cloud_liquid_water_content,150,1.3374166136141155e-06,1.9016293831140858e-05,-1321.8676243113894
k2_w128_d16,12,specific_cloud_liquid_water_content,175,1.4982797101538091e-06,2.0329881642322876e-05,-1256.881595909476
k2_w128_d16,12,specific_cloud_liquid_water_content,200,1.6080625842952906e-06,1.847248831171558e-05,-1048.7418768474654
k2_w128_d16,12,specific_cloud_liquid_water_content,225,1.5082875148595147e-06,1.7031896313493332e-05,-1029.2207981367349
k2_w128_d16,12,specific_cloud_liquid_water_content,250,1.5516311811016635e-06,1.9549141906407956e-05,-1159.9090650220112
k2_w128_d16,12,specific_cloud_liquid_water_content,300,2.01098556905035e-06,1.931657678610663e-05,-860.5527301336389
k2_w128_d16,12,specific_cloud_liquid_water_content,350,2.5365392756095152e-06,1.8645638670288258e-05,-635.0818041564848
k2_w128_d16,12,specific_cloud_liquid_water_content,400,3.80944303059001e-06,1.994988727730324e-05,-423.69564571788294
k2_w128_d16,12,specific_cloud_liquid_water_content,450,5.935549344714029e-06,2.1037561135320137e-05,-254.43326158269372
k2_w128_d16,12,specific_cloud_liquid_water_content,500,8.810703721967233e-06,2.2889911788338378e-05,-159.79663498692216
k2_w128_d16,12,specific_cloud_liquid_water_content,550,1.133488794268615e-05,2.4152692174826545e-05,-113.08276091437763
k2_w128_d16,12,specific_cloud_liquid_water_content,600,1.0381245387262355e-05,2.3739775213791286e-05,-128.67945345863475
k2_w128_d16,12,specific_cloud_liquid_water_content,650,9.337104898839363e-06,2.3272854864635867e-05,-149.25129487973058
k2_w128_d16,12,specific_cloud_liquid_water_content,700,1.0189405915849205e-05,2.3925258065462346e-05,-134.8052306783419
k2_w128_d16,12,specific_cloud_liquid_water_content,750,1.1791417178876958e-05,2.810941767403916e-05,-138.38879795037803
k2_w128_d16,12,specific_cloud_liquid_water_content,775,1.287892426144005e-05,3.144997789525431e-05,-144.1972423847281
k2_w128_d16,12,specific_cloud_liquid_water_content,800,1.4097905180313036e-05,4.3322881849742354e-05,-207.30013640778648
k2_w128_d16,12,specific_cloud_liquid_water_content,825,1.6783771226159038e-05,6.33236843495341e-05,-277.2911552252236
k2_w128_d16,12,specific_cloud_liquid_water_content,850,1.7293317196535624e-05,0.0001510860869840155,-773.6674708903311
k2_w128_d16,12,specific_cloud_liquid_water_content,875,1.693625271207751e-05,0.0002367902464209288,-1298.1265540048887
k2_w128_d16,12,specific_cloud_liquid_water_content,900,1.707881199621201e-05,9.686375412668182e-05,-467.1574471817225
k2_w128_d16,12,specific_cloud_liquid_water_content,925,1.6176156629044928e-05,3.4331590101053824e-05,-112.23576705118012
k2_w128_d16,12,specific_cloud_liquid_water_content,950,1.2893535656811653e-05,3.3253810998026285e-05,-157.91072273072206
k2_w128_d16,12,specific_cloud_liquid_water_content,975,9.697212781210575e-06,2.7388706624250042e-05,-182.43895686520045
k2_w128_d16,12,specific_cloud_liquid_water_content,1000,6.616425132065416e-06,1.7098585167755463e-05,-158.42633788584686
k2_w256_d16,6,temperature,1,9.9039903324195,8.703281696047135,12.123483526049018
k2_w256_d16,6,temperature,2,7.803570145844489,9.016933982163431,-15.548829748971693
k2_w256_d16,6,temperature,3,5.9621518485255605,8.657736054645522,-45.211599345403776
k2_w256_d16,6,temperature,5,4.385090055922865,6.0868672485166195,-38.80826096821417
k2_w256_d16,6,temperature,7,3.7635630458508427,5.561464979547495,-47.771271845140404
k2_w256_d16,6,temperature,10,2.9208224696340426,3.927904677545521,-34.47940497519038
k2_w256_d16,6,temperature,20,2.0939721623718794,3.4184266396464427,-63.250815893098135
k2_w256_d16,6,temperature,30,1.8917885452409964,3.4280207688902813,-81.20528203396977
k2_w256_d16,6,temperature,50,0.6339756338755826,1.4243164587211543,-124.66422723758429
k2_w256_d16,6,temperature,70,0.6243969717748195,1.1685076115064024,-87.14178068240363
k2_w256_d16,6,temperature,100,0.5034764029686181,0.9171071686573697,-82.1549457432136
k2_w256_d16,6,temperature,125,0.4184478439401238,1.2183502102074593,-191.15939485681625
k2_w256_d16,6,temperature,150,0.38677046048424973,1.5652360985028297,-304.69380638405033
k2_w256_d16,6,temperature,175,0.3775644054013143,2.0622953270673405,-446.21020879214524
k2_w256_d16,6,temperature,200,0.38323074057548784,0.610708945966774,-59.358026720322066
k2_w256_d16,6,temperature,225,0.38311832551746733,1.2227602138127778,-219.1599389460761
k2_w256_d16,6,temperature,250,0.375536959642129,0.835448789951771,-122.46779404826586
k2_w256_d16,6,temperature,300,0.3536067996173306,0.820325261429832,-131.98797713097684
k2_w256_d16,6,temperature,350,0.3426322305011085,0.7637723782872663,-122.91317345429805
k2_w256_d16,6,temperature,400,0.33801091454310517,0.5179335444534664,-53.22982843721646
k2_w256_d16,6,temperature,450,0.33209775732272495,0.5891658128556555,-77.40734463410355
k2_w256_d16,6,temperature,500,0.33127387409214315,0.8448799575405824,-155.03971898054988
k2_w256_d16,6,temperature,550,0.3422217082527592,0.9440681765755328,-175.86449188029297
k2_w256_d16,6,temperature,600,0.3478688610140707,0.8978022708336552,-158.08641458061996
k2_w256_d16,6,temperature,650,0.3556504872882546,1.192424874020824,-235.27997757370264
k2_w256_d16,6,temperature,700,0.3678094238226653,0.984559416846961,-167.68194425645112
k2_w256_d16,6,temperature,750,0.3968346574752268,1.2362576031615569,-211.52964587996772
k2_w256_d16,6,temperature,775,0.4133984937280579,0.9355539194090634,-126.30801360018746
k2_w256_d16,6,temperature,800,0.4307056925500911,1.325236304530516,-207.68952615512296
k2_w256_d16,6,temperature,825,0.45249175291351046,1.9017995828429777,-320.2948607566089
k2_w256_d16,6,temperature,850,0.4705338382263487,4.78173616768096,-916.2364062286041
k2_w256_d16,6,temperature,875,0.4887812131023916,4.614040150395626,-843.9888495528287
k2_w256_d16,6,temperature,900,0.4954273893251506,1.509896294158474,-204.76641515827137
k2_w256_d16,6,temperature,925,0.4964039870728035,0.9404015111121254,-89.44277959117288
k2_w256_d16,6,temperature,950,0.504320183895474,0.9928334560980032,-96.86569917332105
k2_w256_d16,6,temperature,975,0.5252808609988815,1.0368575466911716,-97.39107659842558
k2_w256_d16,6,temperature,1000,0.5406172426608639,1.2812487524767948,-136.9973895339736
k2_w256_d16,6,geopotential,1,30406.341476584912,2976.97402435553,90.20936462662561
k2_w256_d16,6,geopotential,2,20741.683378610287,1776.5216980844596,91.43501679368761
k2_w256_d16,6,geopotential,3,15608.950424260322,1472.1066721008435,90.56882985666472
k2_w256_d16,6,geopotential,5,9579.348559879374,980.9118462884917,89.76014036698918
k2_w256_d16,6,geopotential,7,6064.013373796517,809.3223880128096,86.65368398575754
k2_w256_d16,6,geopotential,10,2819.5194941345767,648.2300539974328,77.00920120091595
k2_w256_d16,6,geopotential,20,1363.2952418466095,507.5944252513522,62.76709478103908
k2_w256_d16,6,geopotential,30,1788.3076932888548,473.86972011894005,73.50177925771531
k2_w256_d16,6,geopotential,50,59.51691839213866,278.9006515268298,-368.6073457117508
k2_w256_d16,6,geopotential,70,53.485756496394174,392.6413858711925,-634.1045758559347
k2_w256_d16,6,geopotential,100,45.11757996644587,162.48210494086308,-260.13036395502974
k2_w256_d16,6,geopotential,125,42.396529732231734,144.45356048217417,-240.72024619589118
k2_w256_d16,6,geopotential,150,40.25195897331192,171.94565141895885,-327.17337442623153
k2_w256_d16,6,geopotential,175,39.056070799594366,166.144311572907,-325.3994530720498
k2_w256_d16,6,geopotential,200,37.6961266483971,164.53389900773962,-336.4742843273949
k2_w256_d16,6,geopotential,225,36.811898588038396,145.4725541374634,-295.17808023282186
k2_w256_d16,6,geopotential,250,36.66323376215063,140.48435156111185,-283.17501525504053
k2_w256_d16,6,geopotential,300,36.35367924692099,133.581518813572,-267.449792100165
k2_w256_d16,6,geopotential,350,35.343754282278894,136.30776493987955,-285.66294868177965
k2_w256_d16,6,geopotential,400,34.231231288368654,129.43814914678413,-278.12881475509647
k2_w256_d16,6,geopotential,450,32.43908693383431,130.22850085437543,-301.4555068088113
k2_w256_d16,6,geopotential,500,31.13852694360948,125.45316574305843,-302.8872848424997
k2_w256_d16,6,geopotential,550,30.055237075937203,129.28354729784286,-330.15314426300006
k2_w256_d16,6,geopotential,600,29.302774900635853,124.6333810638038,-325.3296197593195
k2_w256_d16,6,geopotential,650,28.674747182888026,121.05624720151323,-322.17023372312383
k2_w256_d16,6,geopotential,700,28.34902904793413,126.50223739946418,-346.23128780025263
k2_w256_d16,6,geopotential,750,28.393628952746923,127.52227317480774,-349.12284156080256
k2_w256_d16,6,geopotential,775,28.56185776252475,128.0847921668412,-348.4469926003827
k2_w256_d16,6,geopotential,800,28.586630139268834,135.43488512311626,-373.7700262790762
k2_w256_d16,6,geopotential,825,28.934198000450955,145.0719841440982,-401.38588303652716
k2_w256_d16,6,geopotential,850,29.348093950023,175.29990066809313,-497.3127282698908
k2_w256_d16,6,geopotential,875,29.8252487858047,175.95743748092437,-489.9613402878676
k2_w256_d16,6,geopotential,900,30.436649089672304,155.25683179047735,-410.09830725143377
k2_w256_d16,6,geopotential,925,31.065069282535653,149.45609503717935,-381.1065884897333
k2_w256_d16,6,geopotential,950,31.828719507031295,146.66815914982345,-360.804460315857
k2_w256_d16,6,geopotential,975,33.0033155245559,148.71458487228344,-350.6049847071678
k2_w256_d16,6,geopotential,1000,34.61192490481373,151.8071574360047,-338.59784699490024
k2_w256_d16,6,u_component_of_wind,1,19.89105783588024,21.325319787968333,-7.210586605911518
k2_w256_d16,6,u_component_of_wind,2,14.808786249493675,15.197617970155463,-2.625682578645372
k2_w256_d16,6,u_component_of_wind,3,11.813944705597986,11.254670894373364,4.734014126201325
k2_w256_d16,6,u_component_of_wind,5,10.582284597279084,11.74343753526089,-10.972611134275878
k2_w256_d16,6,u_component_of_wind,7,10.734911366240992,14.41798313146475,-34.30928900639305
k2_w256_d16,6,u_component_of_wind,10,11.367662377437185,17.72399124940561,-55.91588367881706
k2_w256_d16,6,u_component_of_wind,20,5.027319534514148,7.156648672401653,-42.3551581169445
k2_w256_d16,6,u_component_of_wind,30,4.870175131043882,6.092959268328447,-25.107600946220423
k2_w256_d16,6,u_component_of_wind,50,1.0688577185812604,8.679754011304897,-712.0588793451292
k2_w256_d16,6,u_component_of_wind,70,1.1003464791223327,4.286426195061482,-289.5524070273261
k2_w256_d16,6,u_component_of_wind,100,1.201639854243228,2.663256728445095,-121.63518620330449
k2_w256_d16,6,u_component_of_wind,125,1.2622958739185113,2.3443939627952495,-85.72460001137532
k2_w256_d16,6,u_component_of_wind,150,1.26888477889531,2.042933566514608,-61.00229118464042
k2_w256_d16,6,u_component_of_wind,175,1.2500922801444037,2.707976290066115,-116.62211126952204
k2_w256_d16,6,u_component_of_wind,200,1.2502276015838705,7.030437200073099,-462.3325857761002
k2_w256_d16,6,u_component_of_wind,225,1.3181964134406126,7.492376887881776,-468.3809189198134
k2_w256_d16,6,u_component_of_wind,250,1.3789164740587312,5.840209633729869,-323.5361418621445
k2_w256_d16,6,u_component_of_wind,300,1.4202824042437066,7.338855383719084,-416.71803873589414
k2_w256_d16,6,u_component_of_wind,350,1.3655606100042819,7.2864009232529146,-433.5831210912028
k2_w256_d16,6,u_component_of_wind,400,1.2918008869842224,2.5476289604587263,-97.21529735176921
k2_w256_d16,6,u_component_of_wind,450,1.208562363869304,1.9224529342602963,-59.06940276589596
k2_w256_d16,6,u_component_of_wind,500,1.1362973426857346,2.1307813406185274,-87.51969758041025
k2_w256_d16,6,u_component_of_wind,550,1.088282875651809,2.044772734867315,-87.88981988186042
k2_w256_d16,6,u_component_of_wind,600,1.0624623387380048,3.124669734714987,-194.09698779784298
k2_w256_d16,6,u_component_of_wind,650,1.0486021177961784,5.065658929276121,-383.0868489873445
k2_w256_d16,6,u_component_of_wind,700,1.0211193740472362,4.097752587961361,-301.30005287430794
k2_w256_d16,6,u_component_of_wind,750,0.9937667322196927,2.240876045649802,-125.49316383780997
k2_w256_d16,6,u_component_of_wind,775,0.980732525132041,2.783757542102715,-183.84472532181223
k2_w256_d16,6,u_component_of_wind,800,0.9726241763620099,2.4093453219825567,-147.71596064930637
k2_w256_d16,6,u_component_of_wind,825,0.9636016566294239,2.0864876167118855,-116.53009854821104
k2_w256_d16,6,u_component_of_wind,850,0.9505071719732253,2.759303551235971,-190.29802536973364
k2_w256_d16,6,u_component_of_wind,875,0.9320165101666982,3.605413621709459,-286.8401023351618
k2_w256_d16,6,u_component_of_wind,900,0.9178638917991448,3.159118564622102,-244.1815930278918
k2_w256_d16,6,u_component_of_wind,925,0.9094185834670749,1.9080899604720027,-109.81426981595041
k2_w256_d16,6,u_component_of_wind,950,0.8887699562518799,2.392569889460318,-169.2001313309759
k2_w256_d16,6,u_component_of_wind,975,0.8378751338693791,2.21795567670063,-164.71195850602714
k2_w256_d16,6,u_component_of_wind,1000,0.765436814134373,2.1009699787022678,-174.47987082751428
k2_w256_d16,6,v_component_of_wind,1,12.650821521634215,14.246493324410809,-12.6131872151372
k2_w256_d16,6,v_component_of_wind,2,9.32051501398184,9.771744859716083,-4.841254427006958
k2_w256_d16,6,v_component_of_wind,3,7.377398002654424,7.938274341784702,-7.602630885963757
k2_w256_d16,6,v_component_of_wind,5,5.7748836147911335,6.344071257593295,-9.856261714856185
k2_w256_d16,6,v_component_of_wind,7,5.008131173043137,5.378027319496592,-7.385911703840065
k2_w256_d16,6,v_component_of_wind,10,4.115790792237513,4.446858300794545,-8.043837145013132
k2_w256_d16,6,v_component_of_wind,20,3.008941802687958,3.5844809634803108,-19.127626871287774
k2_w256_d16,6,v_component_of_wind,30,2.687952154629618,2.8596871547182197,-6.389064619056262
k2_w256_d16,6,v_component_of_wind,50,1.0600461779103494,2.089325580766301,-97.0976004917967
k2_w256_d16,6,v_component_of_wind,70,1.1456138018320534,7.7424816881924405,-575.8369771567649
k2_w256_d16,6,v_component_of_wind,100,1.2163574774922326,6.573016979576181,-440.3852980069467
k2_w256_d16,6,v_component_of_wind,125,1.298178487730939,6.512369421932134,-401.65439371245304
k2_w256_d16,6,v_component_of_wind,150,1.2521543673879396,3.0480863270513803,-143.42736059051967
k2_w256_d16,6,v_component_of_wind,175,1.2410980136126357,7.328121560785783,-490.45470062874443
k2_w256_d16,6,v_component_of_wind,200,1.2644111116719376,5.39922715862388,-327.0151621401407
k2_w256_d16,6,v_component_of_wind,225,1.328712700822358,3.341160729318905,-151.458477611527
k2_w256_d16,6,v_component_of_wind,250,1.4041041137915926,7.508180364043498,-434.73102815493337
k2_w256_d16,6,v_component_of_wind,300,1.4833822816656723,14.666721594786688,-888.7351208157618
k2_w256_d16,6,v_component_of_wind,350,1.4440211789096822,6.842247228567926,-373.8328861446623
k2_w256_d16,6,v_component_of_wind,400,1.3599419498069474,6.064708230517645,-345.95346377678624
k2_w256_d16,6,v_component_of_wind,450,1.2703538716428981,3.479992551481499,-173.9388314675629
k2_w256_d16,6,v_component_of_wind,500,1.206848317961677,2.3697348101071736,-96.3573031372799
k2_w256_d16,6,v_component_of_wind,550,1.1635164774545141,1.9391570167651246,-66.66347699755141
k2_w256_d16,6,v_component_of_wind,600,1.1237941671360567,2.4489350968124945,-117.91669403779741
k2_w256_d16,6,v_component_of_wind,650,1.0967989546850654,6.534246756220614,-495.7561071980467
k2_w256_d16,6,v_component_of_wind,700,1.066245345582861,2.4976006153263923,-134.24258081624578
k2_w256_d16,6,v_component_of_wind,750,1.0459314049725121,3.706325094900991,-254.35642120320466
k2_w256_d16,6,v_component_of_wind,775,1.03048788244296,2.648120581957978,-156.97736257510604
k2_w256_d16,6,v_component_of_wind,800,1.0230256294909017,3.8534858434550316,-276.6753962334922
k2_w256_d16,6,v_component_of_wind,825,1.0174092622206323,2.8267416221866735,-177.83722118048448
k2_w256_d16,6,v_component_of_wind,850,1.0068843102723462,4.271174443446094,-324.1971396188316
k2_w256_d16,6,v_component_of_wind,875,0.9951970783460213,3.8499748772458005,-286.85552450016314
k2_w256_d16,6,v_component_of_wind,900,0.9873442236202928,2.7145023881160864,-174.92968745619706
k2_w256_d16,6,v_component_of_wind,925,0.9709810800237322,3.445757803796903,-254.87383582311242
k2_w256_d16,6,v_component_of_wind,950,0.9434804953967553,3.5477618634327706,-276.02916867304765
k2_w256_d16,6,v_component_of_wind,975,0.884187645615022,5.606850916460747,-534.1245485918027
k2_w256_d16,6,v_component_of_wind,1000,0.8050497380902053,7.074515670071019,-778.7675264454684
k2_w256_d16,6,specific_humidity,1,8.822090230926471e-07,4.0108215612571396e-07,54.53660690074427
k2_w256_d16,6,specific_humidity,2,6.319030013197258e-07,1.8318162207801497e-07,71.01111694430298
k2_w256_d16,6,specific_humidity,3,5.566283515854871e-07,1.709707033016607e-07,69.2845858794882
k2_w256_d16,6,specific_humidity,5,4.6491624455131087e-07,2.161225134644553e-07,53.51366703199747
k2_w256_d16,6,specific_humidity,7,3.856301475623728e-07,2.442010697807485e-07,36.6747980352727
k2_w256_d16,6,specific_humidity,10,2.699003674101188e-07,3.224150495326877e-07,-19.45706211017186
k2_w256_d16,6,specific_humidity,20,1.0596226762451903e-07,3.8942240392489506e-07,-267.51044749705324
k2_w256_d16,6,specific_humidity,30,8.362557987089006e-08,2.1383086489466416e-07,-155.70030751930057
k2_w256_d16,6,specific_humidity,50,1.262637657257945e-08,2.0784973672842856e-07,-1546.1550590833265
k2_w256_d16,6,specific_humidity,70,3.8946591100795945e-08,9.400488699841639e-08,-141.36871634060734
k2_w256_d16,6,specific_humidity,100,9.12235907885788e-08,1.4560602952543954e-07,-59.61444651186589
k2_w256_d16,6,specific_humidity,125,2.1746458476354877e-07,4.300973978476244e-07,-97.77813399605881
k2_w256_d16,6,specific_humidity,150,5.816137360944281e-07,1.3846679074297085e-06,-138.07345347925212
k2_w256_d16,6,specific_humidity,175,1.5965947565447658e-06,5.329100929413233e-06,-233.77918269918948
k2_w256_d16,6,specific_humidity,200,3.8110160640830006e-06,9.933728799941047e-06,-160.65827676670477
k2_w256_d16,6,specific_humidity,225,7.82361549999697e-06,4.044240296231818e-05,-416.92728205180634
k2_w256_d16,6,specific_humidity,250,1.38316352593059e-05,6.553943676876373e-05,-373.83722560692104
k2_w256_d16,6,specific_humidity,300,3.217009791872856e-05,0.00018303268233558955,-468.95282941937484
k2_w256_d16,6,specific_humidity,350,6.111138605841716e-05,0.0002272635225286436,-271.88409098003353
k2_w256_d16,6,specific_humidity,400,9.835611756036749e-05,0.0004558380933700762,-363.45677795821797
k2_w256_d16,6,specific_humidity,450,0.00014091692111682912,0.0004859746604488468,-244.86607896147743
k2_w256_d16,6,specific_humidity,500,0.0001837503181665113,0.0010973141426027968,-497.1767306592797
k2_w256_d16,6,specific_humidity,550,0.00023367591673103947,0.0013171528283202013,-463.66648593754815
k2_w256_d16,6,specific_humidity,600,0.0002756110944267523,0.0012892312752432317,-367.77190806659047
k2_w256_d16,6,specific_humidity,650,0.00033029212068266264,0.0012506538224915334,-278.6508197369728
k2_w256_d16,6,specific_humidity,700,0.0003705961372817684,0.0010586565522290629,-185.66313723452393
k2_w256_d16,6,specific_humidity,750,0.00041866920900150375,0.001882852253510106,-349.7231258063077
k2_w256_d16,6,specific_humidity,775,0.0004382651102223823,0.0032159851738784023,-633.799040550265
k2_w256_d16,6,specific_humidity,800,0.0004527051385557892,0.005293538185398196,-1069.312591035643
k2_w256_d16,6,specific_humidity,825,0.00046143406095093184,0.0033962563708985426,-636.0220361495367
k2_w256_d16,6,specific_humidity,850,0.00046075122437608034,0.004107938655271029,-791.5741159090212
k2_w256_d16,6,specific_humidity,875,0.0004475458472588171,0.005795541340214827,-1194.9603656724912
k2_w256_d16,6,specific_humidity,900,0.0004229372746036305,0.0019934726041796937,-371.34001278273286
k2_w256_d16,6,specific_humidity,925,0.0003760098513022903,0.0007821778862227127,-108.02058337399431
k2_w256_d16,6,specific_humidity,950,0.0003222784591136611,0.0012617641197331965,-291.5136379897478
k2_w256_d16,6,specific_humidity,975,0.00031258471640125296,0.0008843680039645535,-182.92106349477572
k2_w256_d16,6,specific_humidity,1000,0.00031323101496970535,0.0006690021958594834,-113.58108357315353
k2_w256_d16,6,specific_cloud_ice_water_content,1,1.466035147732589e-06,2.2482649536207265e-06,-53.356824841338636
k2_w256_d16,6,specific_cloud_ice_water_content,2,1.4513668724636064e-06,2.224772121558366e-06,-53.28805995013182
k2_w256_d16,6,specific_cloud_ice_water_content,3,1.4498182097670895e-06,2.239432605064683e-06,-54.462993358625525
k2_w256_d16,6,specific_cloud_ice_water_content,5,1.4418084047152534e-06,2.1512159601719415e-06,-49.202623118068935
k2_w256_d16,6,specific_cloud_ice_water_content,7,1.4457543483121473e-06,2.2010928009049955e-06,-52.24528312674084
k2_w256_d16,6,specific_cloud_ice_water_content,10,1.4557463624633837e-06,2.204537992013704e-06,-51.436956935494635
k2_w256_d16,6,specific_cloud_ice_water_content,20,1.2331259002909328e-06,1.7528009329074069e-06,-42.14290142586954
k2_w256_d16,6,specific_cloud_ice_water_content,30,9.865127650158664e-07,1.3313996657899849e-06,-34.96020659890513
k2_w256_d16,6,specific_cloud_ice_water_content,50,8.090051523409126e-07,1.2899811547179563e-06,-59.452773691898784
k2_w256_d16,6,specific_cloud_ice_water_content,70,7.098809554040918e-07,1.5278120997015107e-06,-115.22088852655874
k2_w256_d16,6,specific_cloud_ice_water_content,100,1.0793708614679525e-06,1.9556075443948827e-06,-81.18031662771048
k2_w256_d16,6,specific_cloud_ice_water_content,125,2.6172017509145215e-06,3.129212472964455e-06,-19.56328822839213
k2_w256_d16,6,specific_cloud_ice_water_content,150,4.311433631878387e-06,4.693706170971677e-06,-8.86648321028991
k2_w256_d16,6,specific_cloud_ice_water_content,175,5.304966906524722e-06,6.340406515243947e-06,-19.518304769172268
k2_w256_d16,6,specific_cloud_ice_water_content,200,6.185023156271143e-06,6.603350979859074e-06,-6.7635611543956475
k2_w256_d16,6,specific_cloud_ice_water_content,225,7.101211349720051e-06,7.897096864071527e-06,-11.207742949135735
k2_w256_d16,6,specific_cloud_ice_water_content,250,7.386617679075463e-06,8.92530892160294e-06,-20.830795763076047
k2_w256_d16,6,specific_cloud_ice_water_content,300,7.829288484206586e-06,1.0372507878132374e-05,-32.48340381193038
k2_w256_d16,6,specific_cloud_ice_water_content,350,7.80624505449205e-06,1.0386673408545071e-05,-33.05594861601393
k2_w256_d16,6,specific_cloud_ice_water_content,400,7.120926844651715e-06,1.0182682719439401e-05,-42.99659217939118
k2_w256_d16,6,specific_cloud_ice_water_content,450,6.058367179161973e-06,8.673318489429973e-06,-43.16264156557303
k2_w256_d16,6,specific_cloud_ice_water_content,500,5.082633881682386e-06,6.836243568915871e-06,-34.50198712036738
k2_w256_d16,6,specific_cloud_ice_water_content,550,4.068997740982845e-06,5.4657722337077585e-06,-34.32723686859384
k2_w256_d16,6,specific_cloud_ice_water_content,600,3.3272283591458385e-06,4.654763207204945e-06,-39.89912037176519
k2_w256_d16,6,specific_cloud_ice_water_content,650,2.827360602925425e-06,4.051412665390854e-06,-43.29310032823268
k2_w256_d16,6,specific_cloud_ice_water_content,700,2.4590415700052676e-06,3.528589522945175e-06,-43.494504769092465
k2_w256_d16,6,specific_cloud_ice_water_content,750,2.184414980923423e-06,3.515516256415775e-06,-60.93628212207429
k2_w256_d16,6,specific_cloud_ice_water_content,775,2.2108547637127945e-06,3.0753038869805532e-06,-39.1002221157236
k2_w256_d16,6,specific_cloud_ice_water_content,800,2.290939934106601e-06,3.0362735648067877e-06,-32.533966500123235
k2_w256_d16,6,specific_cloud_ice_water_content,825,2.2888853242247466e-06,3.022460859258606e-06,-32.04946649226841
k2_w256_d16,6,specific_cloud_ice_water_content,850,2.1640443022432682e-06,3.007298132769111e-06,-38.96656966087608
k2_w256_d16,6,specific_cloud_ice_water_content,875,1.9853336181535023e-06,2.4920822387555754e-06,-25.524607852728764
k2_w256_d16,6,specific_cloud_ice_water_content,900,1.7689293971152447e-06,2.5457789860698125e-06,-43.91637055845461
k2_w256_d16,6,specific_cloud_ice_water_content,925,1.536700412358683e-06,2.5231773836064295e-06,-64.19448861431631
k2_w256_d16,6,specific_cloud_ice_water_content,950,1.3183424391175329e-06,2.3966171536324006e-06,-81.79018459245226
k2_w256_d16,6,specific_cloud_ice_water_content,975,1.1477205634466718e-06,1.6973719439851476e-06,-47.89069726936326
k2_w256_d16,6,specific_cloud_ice_water_content,1000,1.0316499540797703e-06,1.7499088953617133e-06,-69.622349949371
k2_w256_d16,6,specific_cloud_liquid_water_content,1,2.794234220664137e-06,4.191768929320059e-06,-50.014945000700564
k2_w256_d16,6,specific_cloud_liquid_water_content,2,2.7952225406303136e-06,4.137223440709512e-06,-48.01052082874882
k2_w256_d16,6,specific_cloud_liquid_water_content,3,2.7823814575494895e-06,4.112262314048286e-06,-47.79649651885096
k2_w256_d16,6,specific_cloud_liquid_water_content,5,2.7920807944562068e-06,4.092556046126276e-06,-46.57727864652832
k2_w256_d16,6,specific_cloud_liquid_water_content,7,2.8064188073102174e-06,4.126242789520469e-06,-47.028760595971896
k2_w256_d16,6,specific_cloud_liquid_water_content,10,2.783263464339788e-06,4.088034977651729e-06,-46.87919523355089
k2_w256_d16,6,specific_cloud_liquid_water_content,20,2.441444851051319e-06,3.7777845910121593e-06,-54.735610324574594
k2_w256_d16,6,specific_cloud_liquid_water_content,30,1.9925068141787895e-06,3.3480233103447416e-06,-68.03070817725798
k2_w256_d16,6,specific_cloud_liquid_water_content,50,1.8631593566891737e-06,4.87909934282321e-06,-161.8723581161275
k2_w256_d16,6,specific_cloud_liquid_water_content,70,1.5703618007701363e-06,5.5168266053579715e-06,-251.30927170110806
k2_w256_d16,6,specific_cloud_liquid_water_content,100,1.4835638305329368e-06,5.462133925305972e-06,-268.176536316865
k2_w256_d16,6,specific_cloud_liquid_water_content,125,1.410904200793002e-06,4.240435191525647e-06,-200.5473503546378
k2_w256_d16,6,specific_cloud_liquid_water_content,150,1.494652820616409e-06,3.3835946567917397e-06,-126.37997333697287
k2_w256_d16,6,specific_cloud_liquid_water_content,175,1.6786215360921232e-06,3.2495379484966417e-06,-93.58371608061546
k2_w256_d16,6,specific_cloud_liquid_water_content,200,1.8146868836472083e-06,3.1507290210304537e-06,-73.62383832840797
k2_w256_d16,6,specific_cloud_liquid_water_content,225,1.6870668901885045e-06,2.580795380415956e-06,-52.97528482273697
k2_w256_d16,6,specific_cloud_liquid_water_content,250,1.7668584320715404e-06,2.5457254866826797e-06,-44.08202946389781
k2_w256_d16,6,specific_cloud_liquid_water_content,300,2.183858074862636e-06,4.441728167395474e-06,-103.38904888198184
k2_w256_d16,6,specific_cloud_liquid_water_content,350,2.6428365490185532e-06,3.882794812464999e-06,-46.917705293084346
k2_w256_d16,6,specific_cloud_liquid_water_content,400,3.651084934690932e-06,5.6401628685186774e-06,-54.47909236316144
k2_w256_d16,6,specific_cloud_liquid_water_content,450,5.691744733584412e-06,7.472953943261572e-06,-31.29460812195337
k2_w256_d16,6,specific_cloud_liquid_water_content,500,8.483398114937064e-06,1.0267894249346112e-05,-21.035157259294635
k2_w256_d16,6,specific_cloud_liquid_water_content,550,1.118571670094924e-05,1.2810516017326629e-05,-14.525661250114673
k2_w256_d16,6,specific_cloud_liquid_water_content,600,9.996005796844106e-06,1.3051899384535882e-05,-30.57114661394622
k2_w256_d16,6,specific_cloud_liquid_water_content,650,9.076147480913975e-06,1.1817674689777668e-05,-30.205846859901598
k2_w256_d16,6,specific_cloud_liquid_water_content,700,9.91877844652828e-06,1.262397847765716e-05,-27.273520078228387
k2_w256_d16,6,specific_cloud_liquid_water_content,750,1.1406600764237625e-05,1.6152037848622562e-05,-41.602552613772524
k2_w256_d16,6,specific_cloud_liquid_water_content,775,1.2568086488807575e-05,1.9798710166661953e-05,-57.531619346298754
k2_w256_d16,6,specific_cloud_liquid_water_content,800,1.3641870350792871e-05,3.0991899207477394e-05,-127.18218551077297
k2_w256_d16,6,specific_cloud_liquid_water_content,825,1.6329404614277886e-05,4.8342452728006416e-05,-196.04540930866142
k2_w256_d16,6,specific_cloud_liquid_water_content,850,1.6847740530296812e-05,0.00012361882949361833,-633.7412946936007
k2_w256_d16,6,specific_cloud_liquid_water_content,875,1.631043202896774e-05,0.0001787293018843357,-995.7974722368356
k2_w256_d16,6,specific_cloud_liquid_water_content,900,1.611341850602216e-05,8.681518942780638e-05,-438.7757377204622
k2_w256_d16,6,specific_cloud_liquid_water_content,925,1.511496953362586e-05,2.286723701980139e-05,-51.2886742439624
k2_w256_d16,6,specific_cloud_liquid_water_content,950,1.2197688597034928e-05,2.0205080768753828e-05,-65.64679945727893
k2_w256_d16,6,specific_cloud_liquid_water_content,975,9.226713461797311e-06,1.9009885413136608e-05,-106.03095015192538
k2_w256_d16,6,specific_cloud_liquid_water_content,1000,6.6486950949923395e-06,1.0797046014575315e-05,-62.39346007470592
k2_w256_d16,12,temperature,1,9.999619193236287,9.113936108725982,8.857168132056248
k2_w256_d16,12,temperature,2,7.804826977117117,9.164369127431145,-17.41924778473698
k2_w256_d16,12,temperature,3,5.953411010963248,9.500026684774866,-59.57283425049103
k2_w256_d16,12,temperature,5,4.361923497371268,7.040201589991785,-61.401308258491774
k2_w256_d16,12,temperature,7,3.7817316326889565,6.145175855849897,-62.49634962807873
k2_w256_d16,12,temperature,10,2.923750678288463,5.013626225027384,-71.47926676026681
k2_w256_d16,12,temperature,20,2.0794981320407144,3.8531169902354887,-85.29071658526735
k2_w256_d16,12,temperature,30,1.866889260951057,2.918919428585626,-56.35203917229825
k2_w256_d16,12,temperature,50,0.6958168039875192,3.2724349691250643,-370.3012273304859
k2_w256_d16,12,temperature,70,0.70585532570798,1.9587925589638158,-177.50623783976226
k2_w256_d16,12,temperature,100,0.5884833114595558,1.598644313489153,-171.65499553830963
k2_w256_d16,12,temperature,125,0.4697651978406431,2.681105863917763,-470.7331825009451
k2_w256_d16,12,temperature,150,0.4421529627420578,1.5154267661404168,-242.73812319210518
k2_w256_d16,12,temperature,175,0.43925499501062765,2.1389879090241872,-386.95812986086474
k2_w256_d16,12,temperature,200,0.44466363201520476,1.4449799785080497,-224.9602338647385
k2_w256_d16,12,temperature,225,0.4466431596807175,1.9798080263076618,-343.26393081289456
k2_w256_d16,12,temperature,250,0.4409240360832496,1.9444452052829448,-340.9932428623192
k2_w256_d16,12,temperature,300,0.4139515272711198,1.6866524458182004,-307.4516784457998
k2_w256_d16,12,temperature,350,0.40181030239913795,1.6174924580523662,-302.55126570787405
k2_w256_d16,12,temperature,400,0.39771096285070684,1.2217541383883874,-207.19649507046927
k2_w256_d16,12,temperature,450,0.3910581951113025,1.1739734538745827,-200.2042837998697
k2_w256_d16,12,temperature,500,0.39025019749241213,1.2427066100020094,-218.43843205900546
k2_w256_d16,12,temperature,550,0.4038909650225418,1.6979483688119212,-320.3977102377509
k2_w256_d16,12,temperature,600,0.40524367893150604,1.5534402203387527,-283.3348429850065
k2_w256_d16,12,temperature,650,0.4089419197527408,1.9001997990000483,-364.66251250274587
k2_w256_d16,12,temperature,700,0.4225036985649498,1.5478935193834626,-266.36212289760846
k2_w256_d16,12,temperature,750,0.45304422426316904,1.6715867831496196,-268.96768430682187
k2_w256_d16,12,temperature,775,0.47092465815862017,1.5975065741882497,-239.22763365900587
k2_w256_d16,12,temperature,800,0.49165470322162436,1.8074823650237009,-267.63247726096455
k2_w256_d16,12,temperature,825,0.5181925243322738,1.8837166425327796,-263.5167537316514
k2_w256_d16,12,temperature,850,0.5356595155887357,4.388850157945039,-719.3357963820201
k2_w256_d16,12,temperature,875,0.5496380388276881,5.12381142452061,-832.2155787196032
k2_w256_d16,12,temperature,900,0.5562096179416757,2.3726628061398363,-326.57709065157417
k2_w256_d16,12,temperature,925,0.5533069043815372,2.1934074132943864,-296.4178642856596
k2_w256_d16,12,temperature,950,0.5546559723788084,2.1092057104097512,-280.27278447283106
k2_w256_d16,12,temperature,975,0.5676659242450103,2.1975208378009548,-287.1151576913189
k2_w256_d16,12,temperature,1000,0.5772869782525235,2.167120385888147,-275.3974136829014
k2_w256_d16,12,geopotential,1,30479.225841463012,3305.9383906234016,89.15346994763199
k2_w256_d16,12,geopotential,2,20796.970742314566,2076.9180645405913,90.01336256960352
k2_w256_d16,12,geopotential,3,15653.25640758239,1719.7907592216452,89.01320776686067
k2_w256_d16,12,geopotential,5,9606.662799877837,1252.3846924885256,86.96337408132561
k2_w256_d16,12,geopotential,7,6082.266985604888,1099.7181176327506,81.91927253053028
k2_w256_d16,12,geopotential,10,2828.900572242466,1009.3025969053011,64.32173662062543
k2_w256_d16,12,geopotential,20,1362.7995288193654,846.6655862370269,37.87306435521599
k2_w256_d16,12,geopotential,30,1794.1546505209546,853.2110697506083,52.444953978584394
k2_w256_d16,12,geopotential,50,57.79047150158093,399.92239204089395,-592.0213343993111
k2_w256_d16,12,geopotential,70,50.568039056079016,483.21083090013315,-855.5656891584451
k2_w256_d16,12,geopotential,100,44.858585939177644,349.509292417578,-679.1357776891737
k2_w256_d16,12,geopotential,125,42.67975126579087,242.716429591565,-468.69223084275484
k2_w256_d16,12,geopotential,150,41.718361632433165,267.071502471764,-540.1773512220917
k2_w256_d16,12,geopotential,175,42.16759117440767,277.76654464010704,-558.7204459729465
k2_w256_d16,12,geopotential,200,41.51016708785078,262.35327168117186,-532.0217192234757
k2_w256_d16,12,geopotential,225,42.092155406836405,264.0353870153703,-527.2793219149023
k2_w256_d16,12,geopotential,250,42.9929023424175,275.96657618175453,-541.8886866111419
k2_w256_d16,12,geopotential,300,43.889933388486455,282.78183930553797,-544.2977181180217
k2_w256_d16,12,geopotential,350,42.561014426144965,302.79970230981223,-611.4485084354668
k2_w256_d16,12,geopotential,400,40.90857382902636,301.5882419148307,-637.2250207873077
k2_w256_d16,12,geopotential,450,38.239494117545874,311.59644969479797,-714.8550520489875
k2_w256_d16,12,geopotential,500,36.52369538620061,314.7924959604983,-761.8856680078251
k2_w256_d16,12,geopotential,550,34.89021555572183,333.1455124552886,-854.8393644150311
k2_w256_d16,12,geopotential,600,33.77859348174237,354.0099148868211,-948.0303600508605
k2_w256_d16,12,geopotential,650,33.15042102512228,368.63256219039255,-1011.9996391932185
k2_w256_d16,12,geopotential,700,32.87175612105976,386.42508330007917,-1075.5535112786702
k2_w256_d16,12,geopotential,750,32.908048687869325,397.36860334368663,-1107.5118981155695
k2_w256_d16,12,geopotential,775,33.106802845327834,401.5280481925115,-1112.8264093286698
k2_w256_d16,12,geopotential,800,33.134309376287774,406.9878624405853,-1128.2974056246421
k2_w256_d16,12,geopotential,825,33.552452358590706,413.0624202506693,-1131.0945734638963
k2_w256_d16,12,geopotential,850,33.908888374134904,425.54978102625483,-1154.9800404275613
k2_w256_d16,12,geopotential,875,34.50990938310052,422.0141146903902,-1122.8780725140073
k2_w256_d16,12,geopotential,900,35.16882829947936,407.9457301284951,-1059.9639506174117
k2_w256_d16,12,geopotential,925,35.74615401078446,415.6714069222257,-1062.8423208740705
k2_w256_d16,12,geopotential,950,36.5004755048873,424.22187204540205,-1062.2365631609377
k2_w256_d16,12,geopotential,975,37.69775430267096,425.79397908532064,-1029.4942814541935
k2_w256_d16,12,geopotential,1000,39.115070319812304,431.4220292952725,-1002.9560365554336
k2_w256_d16,12,u_component_of_wind,1,20.036905851047297,21.777333709340308,-8.686110875756992
k2_w256_d16,12,u_component_of_wind,2,14.895625313762883,14.566270452287267,2.2110844931854445
k2_w256_d16,12,u_component_of_wind,3,11.87113817843274,12.33038151125292,-3.8685703587759024
k2_w256_d16,12,u_component_of_wind,5,10.709125424796524,14.741605759410522,-37.65461860477386
k2_w256_d16,12,u_component_of_wind,7,10.901145661516868,17.248948634080538,-58.230604100380305
k2_w256_d16,12,u_component_of_wind,10,11.447085571042013,20.219940876426637,-76.63833078681218
k2_w256_d16,12,u_component_of_wind,20,5.134926218667017,8.538357604429441,-66.28004455818501
k2_w256_d16,12,u_component_of_wind,30,4.994617706208698,7.237012571942808,-44.896226250642556
k2_w256_d16,12,u_component_of_wind,50,1.241156650762811,9.039639766965548,-628.3238390101535
k2_w256_d16,12,u_component_of_wind,70,1.3282100310726042,3.818540561430028,-187.49523585109068
k2_w256_d16,12,u_component_of_wind,100,1.4409213287299742,6.246666161341989,-333.5188907813441
k2_w256_d16,12,u_component_of_wind,125,1.5310071523389381,6.047698493045847,-295.0143853872077
k2_w256_d16,12,u_component_of_wind,150,1.5155034766378526,4.471512259727628,-195.0512703308135
k2_w256_d16,12,u_component_of_wind,175,1.4998710836592224,5.715507963287388,-281.06661469486517
k2_w256_d16,12,u_component_of_wind,200,1.5072815299916444,5.3872150036476265,-257.41265957644225
k2_w256_d16,12,u_component_of_wind,225,1.5752822371526003,6.722845206150194,-326.7708381135603
k2_w256_d16,12,u_component_of_wind,250,1.6351894413597452,6.969870624844056,-326.24239421753146
k2_w256_d16,12,u_component_of_wind,300,1.6742125332215807,8.478412267520683,-406.4119458720223
k2_w256_d16,12,u_component_of_wind,350,1.6053526452940072,8.695571755315614,-441.66115967143725
k2_w256_d16,12,u_component_of_wind,400,1.511033214372459,4.565757614016944,-202.16130066426965
k2_w256_d16,12,u_component_of_wind,450,1.4035407323429068,3.5016084719083453,-149.4839224269017
k2_w256_d16,12,u_component_of_wind,500,1.323495378745846,3.775734993872149,-185.28509086673677
k2_w256_d16,12,u_component_of_wind,550,1.2670702280044932,2.9890093933504414,-135.8992680348766
k2_w256_d16,12,u_component_of_wind,600,1.228963121357853,4.8572802383359885,-295.23401100671697
k2_w256_d16,12,u_component_of_wind,650,1.2040014943902757,6.41521187337267,-432.82424509127617
k2_w256_d16,12,u_component_of_wind,700,1.167594106879074,5.482529557395825,-369.5578305075877
k2_w256_d16,12,u_component_of_wind,750,1.1315367816046833,2.964099321145406,-161.95342204801184
k2_w256_d16,12,u_component_of_wind,775,1.1155547767662806,2.5882291028702356,-132.0127309546266
k2_w256_d16,12,u_component_of_wind,800,1.1062283673679938,2.430192981391111,-119.68275747377324
k2_w256_d16,12,u_component_of_wind,825,1.0894875805829964,2.6556840881776322,-143.7553337465809
k2_w256_d16,12,u_component_of_wind,850,1.0665503873353048,3.875712984046036,-263.3877058288085
k2_w256_d16,12,u_component_of_wind,875,1.043658401468093,4.234932787978159,-305.777674191188
k2_w256_d16,12,u_component_of_wind,900,1.0268014893268385,3.243780260898342,-215.91113712008095
k2_w256_d16,12,u_component_of_wind,925,1.0137606186824544,3.658988255600993,-260.9321755225055
k2_w256_d16,12,u_component_of_wind,950,0.9903311500719211,3.7430608651390607,-277.96053015874816
k2_w256_d16,12,u_component_of_wind,975,0.9280210644908848,3.239478667234818,-249.07382937606118
k2_w256_d16,12,u_component_of_wind,1000,0.8406661732551003,2.619219129222662,-211.56471052961706
k2_w256_d16,12,v_component_of_wind,1,12.726917456271055,14.9481541473486,-17.45306118869383
k2_w256_d16,12,v_component_of_wind,2,9.349193005206905,12.10142164702696,-29.438141241572822
k2_w256_d16,12,v_component_of_wind,3,7.481465209103362,11.024554331535741,-47.35822493862818
k2_w256_d16,12,v_component_of_wind,5,5.893825716081344,8.99698173111641,-52.6509633050072
k2_w256_d16,12,v_component_of_wind,7,5.071410392081228,7.597056908613408,-49.801659129694166
k2_w256_d16,12,v_component_of_wind,10,4.120996070934423,6.082133152387779,-47.58890927572941
k2_w256_d16,12,v_component_of_wind,20,2.9789222318981445,4.405146145893057,-47.87717848834659
k2_w256_d16,12,v_component_of_wind,30,2.7181772335320478,3.884435512725719,-42.905895348045966
k2_w256_d16,12,v_component_of_wind,50,1.2203869971533807,3.510183487316014,-187.62871904598364
k2_w256_d16,12,v_component_of_wind,70,1.35218323651317,4.325685104047764,-219.90376653405824
k2_w256_d16,12,v_component_of_wind,100,1.4494852221903305,4.730446934479176,-226.35358139981273
k2_w256_d16,12,v_component_of_wind,125,1.5622095852117772,5.270523630155372,-237.37621891757158
k2_w256_d16,12,v_component_of_wind,150,1.525951820420026,4.916563543275283,-222.19651220193666
k2_w256_d16,12,v_component_of_wind,175,1.5061720902137603,14.135652331048789,-838.5150888729199
k2_w256_d16,12,v_component_of_wind,200,1.5526424951620468,4.594153348782769,-195.89254210791677
k2_w256_d16,12,v_component_of_wind,225,1.6136967238462447,5.509292651342874,-241.408182214777
k2_w256_d16,12,v_component_of_wind,250,1.6890355299423918,9.673221727707453,-472.70682328614953
k2_w256_d16,12,v_component_of_wind,300,1.7414739981854395,18.139397140820645,-941.6117128203648
k2_w256_d16,12,v_component_of_wind,350,1.6831197897342056,8.4816104507272,-403.92197290167894
k2_w256_d16,12,v_component_of_wind,400,1.5825811772703624,7.442642510992959,-370.28503926920433
k2_w256_d16,12,v_component_of_wind,450,1.4882726530619848,5.78564294938188,-288.74885844864843
k2_w256_d16,12,v_component_of_wind,500,1.407825867531358,4.144606266613609,-194.39764975204164
k2_w256_d16,12,v_component_of_wind,550,1.3427975296549777,3.326973360191262,-147.76433428843916
k2_w256_d16,12,v_component_of_wind,600,1.2929563209550203,3.067962220387961,-137.2827427087299
k2_w256_d16,12,v_component_of_wind,650,1.2534057443843252,5.90731717566726,-371.30126873392805
k2_w256_d16,12,v_component_of_wind,700,1.2111630798492903,3.3215788557677626,-174.24703667330078
k2_w256_d16,12,v_component_of_wind,750,1.1792084699399652,3.8137497845640693,-223.41607796950709
k2_w256_d16,12,v_component_of_wind,775,1.162174110131828,3.40952973986443,-193.375124272703
k2_w256_d16,12,v_component_of_wind,800,1.1510986952001483,3.7003607782131565,-221.46338047666302
k2_w256_d16,12,v_component_of_wind,825,1.1391292061402858,2.902497662838598,-154.79968797158122
k2_w256_d16,12,v_component_of_wind,850,1.1245301127076048,3.67130563645432,-226.47463993780272
k2_w256_d16,12,v_component_of_wind,875,1.1106709328345614,3.84900559473633,-246.54779205513373
k2_w256_d16,12,v_component_of_wind,900,1.1007664485843303,4.296220872611689,-290.293588448027
k2_w256_d16,12,v_component_of_wind,925,1.0844361750646052,4.933664405102329,-354.9520311611152
k2_w256_d16,12,v_component_of_wind,950,1.0526096378175709,4.005279355783446,-280.5094701667178
k2_w256_d16,12,v_component_of_wind,975,0.9816841650387664,4.024992281851934,-310.00888322294446
k2_w256_d16,12,v_component_of_wind,1000,0.882891342664934,5.698935259729907,-545.4854617248988
k2_w256_d16,12,specific_humidity,1,8.814010256614677e-07,3.411800687015428e-07,61.291165001141636
k2_w256_d16,12,specific_humidity,2,6.305848105687949e-07,1.509115277517468e-07,76.06800461691698
k2_w256_d16,12,specific_humidity,3,5.551204037968211e-07,1.7482318835638368e-07,68.50715859826863
k2_w256_d16,12,specific_humidity,5,4.6422920435253585e-07,2.5680894815034647e-07,44.680570342721126
k2_w256_d16,12,specific_humidity,7,3.8497633158306966e-07,3.02097122892495e-07,21.52839068047775
k2_w256_d16,12,specific_humidity,10,2.692824810496123e-07,3.9490283907306315e-07,-46.6500299365211
k2_w256_d16,12,specific_humidity,20,1.0686904421861988e-07,4.420425613349424e-07,-313.63012513770093
k2_w256_d16,12,specific_humidity,30,8.353686107986295e-08,2.216938103935053e-07,-165.38441536791942
k2_w256_d16,12,specific_humidity,50,1.4379049755336954e-08,2.698921266085914e-07,-1776.981658738734
k2_w256_d16,12,specific_humidity,70,4.587617223987242e-08,1.4072494551259083e-07,-206.7495360702355
k2_w256_d16,12,specific_humidity,100,1.1183224242170763e-07,3.066694530611367e-07,-174.22275224055545
k2_w256_d16,12,specific_humidity,125,2.6726925522053787e-07,1.6415511785616589e-06,-514.193793897891
k2_w256_d16,12,specific_humidity,150,7.197026178651905e-07,2.2997468273127236e-06,-219.54126193598137
k2_w256_d16,12,specific_humidity,175,1.9495553626345717e-06,1.141311721787264e-05,-485.42154978606453
k2_w256_d16,12,specific_humidity,200,4.643745675119669e-06,1.2997805482242862e-05,-179.8991674303505
k2_w256_d16,12,specific_humidity,225,9.458771000873044e-06,4.017745618369492e-05,-324.7640225139878
k2_w256_d16,12,specific_humidity,250,1.667230086083362e-05,7.028830341461624e-05,-321.5873022045609
k2_w256_d16,12,specific_humidity,300,3.8928783541868585e-05,0.00026349381616660203,-576.861160799463
k2_w256_d16,12,specific_humidity,350,7.415083551328772e-05,0.0004380611287331501,-490.77032065896304
k2_w256_d16,12,specific_humidity,400,0.00011836069518526932,0.00046519460152432654,-293.0313190507711
k2_w256_d16,12,specific_humidity,450,0.00016859534766541125,0.0004596270574983027,-172.62143580050818
k2_w256_d16,12,specific_humidity,500,0.00021916455873216561,0.0010546263493684694,-381.2029624996514
k2_w256_d16,12,specific_humidity,550,0.00027625702077565346,0.0010716143354839705,-287.90483314240237
k2_w256_d16,12,specific_humidity,600,0.00032256864195216695,0.001270194224972685,-293.77486208378537
k2_w256_d16,12,specific_humidity,650,0.00038071667994356734,0.001285236726833287,-237.5835088244083
k2_w256_d16,12,specific_humidity,700,0.0004285091770856721,0.0009999325313932426,-133.35148577070623
k2_w256_d16,12,specific_humidity,750,0.0004829884998538934,0.0017253385149571694,-257.2214484359552
k2_w256_d16,12,specific_humidity,775,0.0005058699260763329,0.0027535434753336654,-444.3184766271659
k2_w256_d16,12,specific_humidity,800,0.0005257472169073568,0.004481721464852693,-752.4479675262701
k2_w256_d16,12,specific_humidity,825,0.0005367686157848093,0.0028328837765877004,-427.76628388486193
k2_w256_d16,12,specific_humidity,850,0.0005331118244471129,0.004331049578425055,-712.4092131921407
k2_w256_d16,12,specific_humidity,875,0.0005124254780226714,0.005111096316668102,-897.4321215234287
k2_w256_d16,12,specific_humidity,900,0.00047490455105848146,0.0027618890423770784,-481.56718781096066
k2_w256_d16,12,specific_humidity,925,0.0004194959217314252,0.0015765545997045202,-275.8211982603924
k2_w256_d16,12,specific_humidity,950,0.00035898608466445974,0.0011639930978337384,-224.2446288473019
k2_w256_d16,12,specific_humidity,975,0.0003364670375085466,0.0012270993312566891,-264.7012023356135
k2_w256_d16,12,specific_humidity,1000,0.0003317870318117355,0.0009290520429820789,-180.01457377913647
k2_w256_d16,12,specific_cloud_ice_water_content,1,1.30583857276781e-06,5.308371939828354e-06,-306.5105787598933
k2_w256_d16,12,specific_cloud_ice_water_content,2,1.2947436224920502e-06,5.305579502129334e-06,-309.77838469035675
k2_w256_d16,12,specific_cloud_ice_water_content,3,1.2953284382551769e-06,5.292778982853413e-06,-308.605171209153
k2_w256_d16,12,specific_cloud_ice_water_content,5,1.287848892775687e-06,5.285153371079586e-06,-310.38614085294984
k2_w256_d16,12,specific_cloud_ice_water_content,7,1.2907921512427467e-06,5.301102515713238e-06,-310.68598926709086
k2_w256_d16,12,specific_cloud_ice_water_content,10,1.2984202585491805e-06,5.299708008440061e-06,-308.1658441128923
k2_w256_d16,12,specific_cloud_ice_water_content,20,1.1161525118318823e-06,4.1870316960477935e-06,-275.1307864886528
k2_w256_d16,12,specific_cloud_ice_water_content,30,9.56380736842403e-07,3.436300219473441e-06,-259.30253371881656
k2_w256_d16,12,specific_cloud_ice_water_content,50,6.919492356812227e-07,5.4002324670941745e-06,-680.4376663235498
k2_w256_d16,12,specific_cloud_ice_water_content,70,6.491564224921813e-07,4.083386278343698e-06,-529.0296355179141
k2_w256_d16,12,specific_cloud_ice_water_content,100,1.0858389330882464e-06,4.760496652216432e-06,-338.41646372699597
k2_w256_d16,12,specific_cloud_ice_water_content,125,3.005315860746965e-06,5.449747360669956e-06,-81.33692474226095
k2_w256_d16,12,specific_cloud_ice_water_content,150,4.885824464621048e-06,7.532864533532516e-06,-54.17796091691511
k2_w256_d16,12,specific_cloud_ice_water_content,175,6.109118952735168e-06,1.0079481548750238e-05,-64.99075606045392
k2_w256_d16,12,specific_cloud_ice_water_content,200,7.1879886945133235e-06,1.2730784393577301e-05,-77.11191453730109
k2_w256_d16,12,specific_cloud_ice_water_content,225,8.215178101002247e-06,1.2433177538216053e-05,-51.34398043907549
k2_w256_d16,12,specific_cloud_ice_water_content,250,8.43139824972331e-06,1.3300466028764163e-05,-57.74923250957382
k2_w256_d16,12,specific_cloud_ice_water_content,300,8.939520949991514e-06,1.4394404324867564e-05,-61.01986231019714
k2_w256_d16,12,specific_cloud_ice_water_content,350,8.775393928091811e-06,1.4480283122349585e-05,-65.01006383309209
k2_w256_d16,12,specific_cloud_ice_water_content,400,7.77109378224482e-06,1.3434363393303484e-05,-72.87609401906776
k2_w256_d16,12,specific_cloud_ice_water_content,450,6.527927469996233e-06,1.2903465607715935e-05,-97.66557865452788
k2_w256_d16,12,specific_cloud_ice_water_content,500,5.416789593015368e-06,1.0499011301459703e-05,-93.82350230102274
k2_w256_d16,12,specific_cloud_ice_water_content,550,4.222016660114664e-06,8.981440485216262e-06,-112.72868413959172
k2_w256_d16,12,specific_cloud_ice_water_content,600,3.4095412529626956e-06,8.014980608023815e-06,-135.07504421773038
k2_w256_d16,12,specific_cloud_ice_water_content,650,2.867390812523287e-06,6.6417157729707475e-06,-131.62924788498142
k2_w256_d16,12,specific_cloud_ice_water_content,700,2.4870681132802423e-06,7.882275278017154e-06,-216.9304144075519
k2_w256_d16,12,specific_cloud_ice_water_content,750,2.1844994852300086e-06,5.773137346515168e-06,-164.27734982539067
k2_w256_d16,12,specific_cloud_ice_water_content,775,2.201875157385866e-06,5.6796568699612496e-06,-157.9463622589899
k2_w256_d16,12,specific_cloud_ice_water_content,800,2.304540454156447e-06,5.770911684512959e-06,-150.41485707506666
k2_w256_d16,12,specific_cloud_ice_water_content,825,2.2677248259512185e-06,5.85674651585055e-06,-158.26530841959112
k2_w256_d16,12,specific_cloud_ice_water_content,850,2.134036531332525e-06,5.647620896587766e-06,-164.64499616889432
k2_w256_d16,12,specific_cloud_ice_water_content,875,1.9460754426302446e-06,5.51115406477151e-06,-183.19323824994345
k2_w256_d16,12,specific_cloud_ice_water_content,900,1.7399831344665018e-06,5.986771285319542e-06,-244.07065026840925
k2_w256_d16,12,specific_cloud_ice_water_content,925,1.5013263194767008e-06,4.645980054248288e-06,-209.4583765018974
k2_w256_d16,12,specific_cloud_ice_water_content,950,1.2891731850767553e-06,4.030298532265605e-06,-212.62661827903656
k2_w256_d16,12,specific_cloud_ice_water_content,975,1.1288361285043949e-06,3.720705965473482e-06,-229.60549999432413
k2_w256_d16,12,specific_cloud_ice_water_content,1000,9.974010517481222e-07,4.240183489285547e-06,-325.12322218368166
k2_w256_d16,12,specific_cloud_liquid_water_content,1,2.5188116199009185e-06,9.606443266407443e-06,-281.38792081582216
k2_w256_d16,12,specific_cloud_liquid_water_content,2,2.5206757505396504e-06,9.609762123730938e-06,-281.23753607236426
k2_w256_d16,12,specific_cloud_liquid_water_content,3,2.5075289501953947e-06,9.625562846418544e-06,-283.86646924528986
k2_w256_d16,12,specific_cloud_liquid_water_content,5,2.51587452353472e-06,9.635855749383442e-06,-283.0022387541564
k2_w256_d16,12,specific_cloud_liquid_water_content,7,2.531710135992916e-06,9.612937234002788e-06,-279.70133694759147
k2_w256_d16,12,specific_cloud_liquid_water_content,10,2.508134886685798e-06,9.615876081422099e-06,-283.38751765174544
k2_w256_d16,12,specific_cloud_liquid_water_content,20,2.202986879532424e-06,8.240072610469253e-06,-274.04092993137476
k2_w256_d16,12,specific_cloud_liquid_water_content,30,1.7966072683527435e-06,7.488468510750456e-06,-316.8116562066685
k2_w256_d16,12,specific_cloud_liquid_water_content,50,1.587656128005691e-06,1.0529375073454827e-05,-563.2024962912551
k2_w256_d16,12,specific_cloud_liquid_water_content,70,1.4024619434437792e-06,1.0299483835443331e-05,-634.3859762891462
k2_w256_d16,12,specific_cloud_liquid_water_content,100,1.3627477738286414e-06,8.56403203603665e-06,-528.4385269605682
k2_w256_d16,12,specific_cloud_liquid_water_content,125,1.2740749359110507e-06,1.0104455363647505e-05,-693.0817159056762
k2_w256_d16,12,specific_cloud_liquid_water_content,150,1.3374166136141155e-06,1.0332133686643153e-05,-672.5441408060959
k2_w256_d16,12,specific_cloud_liquid_water_content,175,1.4982797101538091e-06,1.2570626591200436e-05,-739.0039927798241
k2_w256_d16,12,specific_cloud_liquid_water_content,200,1.6080625842952906e-06,1.1375553926726082e-05,-607.4074129839448
k2_w256_d16,12,specific_cloud_liquid_water_content,225,1.5082875148595147e-06,1.0414261601224395e-05,-590.4692572618957
k2_w256_d16,12,specific_cloud_liquid_water_content,250,1.5516311811016635e-06,1.2063506343136207e-05,-677.472539226176
k2_w256_d16,12,specific_cloud_liquid_water_content,300,2.01098556905035e-06,1.435062469249505e-05,-613.6115203090126
k2_w256_d16,12,specific_cloud_liquid_water_content,350,2.5365392756095152e-06,1.199445108730458e-05,-372.8667599449011
k2_w256_d16,12,specific_cloud_liquid_water_content,400,3.80944303059001e-06,1.3442409750086384e-05,-252.87073837679657
k2_w256_d16,12,specific_cloud_liquid_water_content,450,5.935549344714029e-06,1.44066229763367e-05,-142.71760101138207
k2_w256_d16,12,specific_cloud_liquid_water_content,500,8.810703721967233e-06,1.6815532875313835e-05,-90.853459677558
k2_w256_d16,12,specific_cloud_liquid_water_content,550,1.133488794268615e-05,2.03628219266852e-05,-79.6473157004109
k2_w256_d16,12,specific_cloud_liquid_water_content,600,1.0381245387262355e-05,1.978629594377843e-05,-90.59655374350308
k2_w256_d16,12,specific_cloud_liquid_water_content,650,9.337104898839363e-06,2.2562110356985135e-05,-141.63925115363853
k2_w256_d16,12,specific_cloud_liquid_water_content,700,1.0189405915849205e-05,1.9878253198960566e-05,-95.08746008479999
k2_w256_d16,12,specific_cloud_liquid_water_content,750,1.1791417178876958e-05,2.5861401339633814e-05,-119.32394509764018
k2_w256_d16,12,specific_cloud_liquid_water_content,775,1.287892426144005e-05,2.9482920794398784e-05,-128.92378428431078
k2_w256_d16,12,specific_cloud_liquid_water_content,800,1.4097905180313036e-05,4.304639952718895e-05,-205.33897750497658
k2_w256_d16,12,specific_cloud_liquid_water_content,825,1.6783771226159038e-05,6.157782535402433e-05,-266.8890890150461
k2_w256_d16,12,specific_cloud_liquid_water_content,850,1.7293317196535624e-05,0.0001254037811633267,-625.157468275947
k2_w256_d16,12,specific_cloud_liquid_water_content,875,1.693625271207751e-05,0.00017751752783904984,-948.1511515971846
k2_w256_d16,12,specific_cloud_liquid_water_content,900,1.707881199621201e-05,8.871952029973266e-05,-419.4712625176164
k2_w256_d16,12,specific_cloud_liquid_water_content,925,1.6176156629044928e-05,3.362126737057544e-05,-107.8445958554032
k2_w256_d16,12,specific_cloud_liquid_water_content,950,1.2893535656811653e-05,2.774312519986148e-05,-115.170810693844
k2_w256_d16,12,specific_cloud_liquid_water_content,975,9.697212781210575e-06,2.0349352652691694e-05,-109.8474387622062
k2_w256_d16,12,specific_cloud_liquid_water_content,1000,6.616425132065416e-06,1.7308059522405143e-05,-161.59231272072407
