K,width,update,lead_hours,pressure_hpa,field,rmse,baseline_rmse,rmse_ratio
1,128,0,6,1,geopotential,30017.112690917347,30017.112690917347,1.0
1,128,0,6,2,geopotential,20502.3884876883,20502.3884876883,1.0
1,128,0,6,3,geopotential,15455.170984071645,15455.170984071645,1.0
1,128,0,6,5,geopotential,9454.636002500229,9454.636002500229,1.0
1,128,0,6,7,geopotential,5951.390274193691,5951.390274193691,1.0
1,128,0,6,10,geopotential,2712.6580123551735,2712.6580123551735,1.0
1,128,0,6,20,geopotential,1383.490532900262,1383.490532900262,1.0
1,128,0,6,30,geopotential,1782.3774993327822,1782.3774993327822,1.0
1,128,0,6,50,geopotential,48.71837840567823,48.71837840567823,1.0
1,128,0,6,70,geopotential,44.25181490018717,44.25181490018717,1.0
1,128,0,6,100,geopotential,32.36684696735586,32.36684696735586,1.0
1,128,0,6,125,geopotential,27.250452833998416,27.250452833998416,1.0
1,128,0,6,150,geopotential,25.853203015822537,25.853203015822537,1.0
1,128,0,6,175,geopotential,25.879460085026363,25.879460085026363,1.0
1,128,0,6,200,geopotential,26.94857391969595,26.94857391969595,1.0
1,128,0,6,225,geopotential,27.00899913723362,27.00899913723362,1.0
1,128,0,6,250,geopotential,27.853511372988223,27.853511372988223,1.0
1,128,0,6,300,geopotential,29.16670333614647,29.16670333614647,1.0
1,128,0,6,350,geopotential,29.207937994145585,29.207937994145585,1.0
1,128,0,6,400,geopotential,28.084448168897442,28.084448168897442,1.0
1,128,0,6,450,geopotential,26.924804839753435,26.924804839753435,1.0
1,128,0,6,500,geopotential,25.5906557844183,25.5906557844183,1.0
1,128,0,6,550,geopotential,24.343130155875908,24.343130155875908,1.0
1,128,0,6,600,geopotential,23.777138524480296,23.777138524480296,1.0
1,128,0,6,650,geopotential,23.42100179145581,23.42100179145581,1.0
1,128,0,6,700,geopotential,23.71434595430227,23.71434595430227,1.0
1,128,0,6,750,geopotential,23.925957089770304,23.925957089770304,1.0
1,128,0,6,775,geopotential,24.122567562987896,24.122567562987896,1.0
1,128,0,6,800,geopotential,24.41477679319394,24.41477679319394,1.0
1,128,0,6,825,geopotential,24.82136838384357,24.82136838384357,1.0
1,128,0,6,850,geopotential,25.2001591806623,25.2001591806623,1.0
1,128,0,6,875,geopotential,25.662939695315867,25.662939695315867,1.0
1,128,0,6,900,geopotential,26.37463086834615,26.37463086834615,1.0
1,128,0,6,925,geopotential,27.231975129279554,27.231975129279554,1.0
1,128,0,6,950,geopotential,28.138298628468174,28.138298628468174,1.0
1,128,0,6,975,geopotential,29.473191721908822,29.473191721908822,1.0
1,128,0,6,1000,geopotential,31.291805198544278,31.291805198544278,1.0
1,128,0,6,1,temperature,8.585644145124043,8.585644145124043,1.0
1,128,0,6,2,temperature,6.857750280841892,6.857750280841892,1.0
1,128,0,6,3,temperature,5.595503425158137,5.595503425158137,1.0
1,128,0,6,5,temperature,4.228495628067508,4.228495628067508,1.0
1,128,0,6,7,temperature,3.497812416957201,3.497812416957201,1.0
1,128,0,6,10,temperature,2.581661702999672,2.581661702999672,1.0
1,128,0,6,20,temperature,2.3380640474223027,2.3380640474223027,1.0
1,128,0,6,30,temperature,2.0263439145660045,2.0263439145660045,1.0
1,128,0,6,50,temperature,0.5925003334836259,0.5925003334836259,1.0
1,128,0,6,70,temperature,0.5706100911703732,0.5706100911703732,1.0
1,128,0,6,100,temperature,0.45749890306441693,0.45749890306441693,1.0
1,128,0,6,125,temperature,0.36691240447176915,0.36691240447176915,1.0
1,128,0,6,150,temperature,0.327471433827833,0.327471433827833,1.0
1,128,0,6,175,temperature,0.30621465563802763,0.30621465563802763,1.0
1,128,0,6,200,temperature,0.31506225114522685,0.31506225114522685,1.0
1,128,0,6,225,temperature,0.32288913260873686,0.32288913260873686,1.0
1,128,0,6,250,temperature,0.31689929214080653,0.31689929214080653,1.0
1,128,0,6,300,temperature,0.31351115945525054,0.31351115945525054,1.0
1,128,0,6,350,temperature,0.3036021504230704,0.3036021504230704,1.0
1,128,0,6,400,temperature,0.30196674989182404,0.30196674989182404,1.0
1,128,0,6,450,temperature,0.30076424636283866,0.30076424636283866,1.0
1,128,0,6,500,temperature,0.30229639005800685,0.30229639005800685,1.0
1,128,0,6,550,temperature,0.31002479252728576,0.31002479252728576,1.0
1,128,0,6,600,temperature,0.3179765382408303,0.3179765382408303,1.0
1,128,0,6,650,temperature,0.33060825539124505,0.33060825539124505,1.0
1,128,0,6,700,temperature,0.34310377892444033,0.34310377892444033,1.0
1,128,0,6,750,temperature,0.36546232228631653,0.36546232228631653,1.0
1,128,0,6,775,temperature,0.3751180538068075,0.3751180538068075,1.0
1,128,0,6,800,temperature,0.39138594820423345,0.39138594820423345,1.0
1,128,0,6,825,temperature,0.4166086232846167,0.4166086232846167,1.0
1,128,0,6,850,temperature,0.4357134643717728,0.4357134643717728,1.0
1,128,0,6,875,temperature,0.4444190285900196,0.4444190285900196,1.0
1,128,0,6,900,temperature,0.44668719440069277,0.44668719440069277,1.0
1,128,0,6,925,temperature,0.4469750334402169,0.4469750334402169,1.0
1,128,0,6,950,temperature,0.4578317390549868,0.4578317390549868,1.0
1,128,0,6,975,temperature,0.4764615387155689,0.4764615387155689,1.0
1,128,0,6,1000,temperature,0.49038267063452684,0.49038267063452684,1.0
1,128,0,6,1,u_component_of_wind,27.204844325386265,27.204844325386265,1.0
1,128,0,6,2,u_component_of_wind,22.446676899018403,22.446676899018403,1.0
1,128,0,6,3,u_component_of_wind,17.96488830999068,17.96488830999068,1.0
1,128,0,6,5,u_component_of_wind,12.295344974765397,12.295344974765397,1.0
1,128,0,6,7,u_component_of_wind,9.294833048770784,9.294833048770784,1.0
1,128,0,6,10,u_component_of_wind,7.639593738633105,7.639593738633105,1.0
1,128,0,6,20,u_component_of_wind,5.407237474167488,5.407237474167488,1.0
1,128,0,6,30,u_component_of_wind,4.887009149787574,4.887009149787574,1.0
1,128,0,6,50,u_component_of_wind,1.0080882920647531,1.0080882920647531,1.0
1,128,0,6,70,u_component_of_wind,0.9873005182055209,0.9873005182055209,1.0
1,128,0,6,100,u_component_of_wind,0.9996051790556035,0.9996051790556035,1.0
1,128,0,6,125,u_component_of_wind,0.9860765232044753,0.9860765232044753,1.0
1,128,0,6,150,u_component_of_wind,1.008586578339923,1.008586578339923,1.0
1,128,0,6,175,u_component_of_wind,1.0400778167887839,1.0400778167887839,1.0
1,128,0,6,200,u_component_of_wind,1.0819338724505698,1.0819338724505698,1.0
1,128,0,6,225,u_component_of_wind,1.1608111637816696,1.1608111637816696,1.0
1,128,0,6,250,u_component_of_wind,1.2270676950135933,1.2270676950135933,1.0
1,128,0,6,300,u_component_of_wind,1.2830383898066335,1.2830383898066335,1.0
1,128,0,6,350,u_component_of_wind,1.2326156977467604,1.2326156977467604,1.0
1,128,0,6,400,u_component_of_wind,1.156851315813363,1.156851315813363,1.0
1,128,0,6,450,u_component_of_wind,1.0782033970540394,1.0782033970540394,1.0
1,128,0,6,500,u_component_of_wind,1.0116793591201603,1.0116793591201603,1.0
1,128,0,6,550,u_component_of_wind,0.9726858959108473,0.9726858959108473,1.0
1,128,0,6,600,u_component_of_wind,0.9395080895405804,0.9395080895405804,1.0
1,128,0,6,650,u_component_of_wind,0.9249772579484165,0.9249772579484165,1.0
1,128,0,6,700,u_component_of_wind,0.9065132547455201,0.9065132547455201,1.0
1,128,0,6,750,u_component_of_wind,0.891739235815678,0.891739235815678,1.0
1,128,0,6,775,u_component_of_wind,0.8804262263120204,0.8804262263120204,1.0
1,128,0,6,800,u_component_of_wind,0.8758255989947605,0.8758255989947605,1.0
1,128,0,6,825,u_component_of_wind,0.871877105839213,0.871877105839213,1.0
1,128,0,6,850,u_component_of_wind,0.8621702091975713,0.8621702091975713,1.0
1,128,0,6,875,u_component_of_wind,0.8469161548081213,0.8469161548081213,1.0
1,128,0,6,900,u_component_of_wind,0.8358403242679547,0.8358403242679547,1.0
1,128,0,6,925,u_component_of_wind,0.8269162330630735,0.8269162330630735,1.0
1,128,0,6,950,u_component_of_wind,0.8123438089459414,0.8123438089459414,1.0
1,128,0,6,975,u_component_of_wind,0.772936429394987,0.772936429394987,1.0
1,128,0,6,1000,u_component_of_wind,0.706530603585151,0.706530603585151,1.0
1,128,0,6,1,v_component_of_wind,10.217615421462448,10.217615421462448,1.0
1,128,0,6,2,v_component_of_wind,8.013975230005627,8.013975230005627,1.0
1,128,0,6,3,v_component_of_wind,6.99604354491347,6.99604354491347,1.0
1,128,0,6,5,v_component_of_wind,5.856882113139169,5.856882113139169,1.0
1,128,0,6,7,v_component_of_wind,5.04879805780746,5.04879805780746,1.0
1,128,0,6,10,v_component_of_wind,4.212054649797571,4.212054649797571,1.0
1,128,0,6,20,v_component_of_wind,3.132682837034625,3.132682837034625,1.0
1,128,0,6,30,v_component_of_wind,2.934383552770658,2.934383552770658,1.0
1,128,0,6,50,v_component_of_wind,1.0162184764490427,1.0162184764490427,1.0
1,128,0,6,70,v_component_of_wind,1.0146993114070182,1.0146993114070182,1.0
1,128,0,6,100,v_component_of_wind,1.0124299104952352,1.0124299104952352,1.0
1,128,0,6,125,v_component_of_wind,0.9845476252423212,0.9845476252423212,1.0
1,128,0,6,150,v_component_of_wind,0.990590970267721,0.990590970267721,1.0
1,128,0,6,175,v_component_of_wind,1.0026061549574068,1.0026061549574068,1.0
1,128,0,6,200,v_component_of_wind,1.0506483400486595,1.0506483400486595,1.0
1,128,0,6,225,v_component_of_wind,1.1539458111821337,1.1539458111821337,1.0
1,128,0,6,250,v_component_of_wind,1.2472675204999661,1.2472675204999661,1.0
1,128,0,6,300,v_component_of_wind,1.347740651303455,1.347740651303455,1.0
1,128,0,6,350,v_component_of_wind,1.3290593707296534,1.3290593707296534,1.0
1,128,0,6,400,v_component_of_wind,1.2521074225075,1.2521074225075,1.0
1,128,0,6,450,v_component_of_wind,1.1675815532403064,1.1675815532403064,1.0
1,128,0,6,500,v_component_of_wind,1.093600898328093,1.093600898328093,1.0
1,128,0,6,550,v_component_of_wind,1.0396268502141275,1.0396268502141275,1.0
1,128,0,6,600,v_component_of_wind,0.9974577749310111,0.9974577749310111,1.0
1,128,0,6,650,v_component_of_wind,0.9792344605076282,0.9792344605076282,1.0
1,128,0,6,700,v_component_of_wind,0.9604954173243057,0.9604954173243057,1.0
1,128,0,6,750,v_component_of_wind,0.9424057204498179,0.9424057204498179,1.0
1,128,0,6,775,v_component_of_wind,0.9308451007215435,0.9308451007215435,1.0
1,128,0,6,800,v_component_of_wind,0.9278565426619727,0.9278565426619727,1.0
1,128,0,6,825,v_component_of_wind,0.924852716790928,0.924852716790928,1.0
1,128,0,6,850,v_component_of_wind,0.9187872484327434,0.9187872484327434,1.0
1,128,0,6,875,v_component_of_wind,0.905953755531246,0.905953755531246,1.0
1,128,0,6,900,v_component_of_wind,0.8963129279150315,0.8963129279150315,1.0
1,128,0,6,925,v_component_of_wind,0.891872274973568,0.891872274973568,1.0
1,128,0,6,950,v_component_of_wind,0.8758473474280674,0.8758473474280674,1.0
1,128,0,6,975,v_component_of_wind,0.8252007431177929,0.8252007431177929,1.0
1,128,0,6,1000,v_component_of_wind,0.7474144380338668,0.7474144380338668,1.0
1,128,0,6,1,specific_humidity,9.093771566984339e-07,9.093771566984339e-07,1.0
1,128,0,6,2,specific_humidity,7.335056784697729e-07,7.335056784697729e-07,1.0
1,128,0,6,3,specific_humidity,5.95589768955808e-07,5.95589768955808e-07,1.0
1,128,0,6,5,specific_humidity,4.224884578703961e-07,4.224884578703961e-07,1.0
1,128,0,6,7,specific_humidity,3.348673087158939e-07,3.348673087158939e-07,1.0
1,128,0,6,10,specific_humidity,2.470444360450041e-07,2.470444360450041e-07,1.0
1,128,0,6,20,specific_humidity,1.196116131921905e-07,1.196116131921905e-07,1.0
1,128,0,6,30,specific_humidity,1.0382307119485337e-07,1.0382307119485337e-07,1.0
1,128,0,6,50,specific_humidity,1.2568902329994858e-08,1.2568902329994858e-08,1.0
1,128,0,6,70,specific_humidity,2.414820950784697e-08,2.414820950784697e-08,1.0
1,128,0,6,100,specific_humidity,8.178295415058188e-08,8.178295415058188e-08,1.0
1,128,0,6,125,specific_humidity,2.1831824920281115e-07,2.1831824920281115e-07,1.0
1,128,0,6,150,specific_humidity,5.992997945378687e-07,5.992997945378687e-07,1.0
1,128,0,6,175,specific_humidity,1.5910159323679622e-06,1.5910159323679622e-06,1.0
1,128,0,6,200,specific_humidity,3.764010817253872e-06,3.764010817253872e-06,1.0
1,128,0,6,225,specific_humidity,7.610957609189218e-06,7.610957609189218e-06,1.0
1,128,0,6,250,specific_humidity,1.317197315186294e-05,1.317197315186294e-05,1.0
1,128,0,6,300,specific_humidity,2.9177964649465544e-05,2.9177964649465544e-05,1.0
1,128,0,6,350,specific_humidity,5.435803037432676e-05,5.435803037432676e-05,1.0
1,128,0,6,400,specific_humidity,8.676819061223045e-05,8.676819061223045e-05,1.0
1,128,0,6,450,specific_humidity,0.00012779900835098047,0.00012779900835098047,1.0
1,128,0,6,500,specific_humidity,0.00016685150995882826,0.00016685150995882826,1.0
1,128,0,6,550,specific_humidity,0.00021487303231659992,0.00021487303231659992,1.0
1,128,0,6,600,specific_humidity,0.00025206401385736966,0.00025206401385736966,1.0
1,128,0,6,650,specific_humidity,0.0002942486987821947,0.0002942486987821947,1.0
1,128,0,6,700,specific_humidity,0.0003363237500858548,0.0003363237500858548,1.0
1,128,0,6,750,specific_humidity,0.00037860520076298974,0.00037860520076298974,1.0
1,128,0,6,775,specific_humidity,0.00039260193803214373,0.00039260193803214373,1.0
1,128,0,6,800,specific_humidity,0.00040466835784564294,0.00040466835784564294,1.0
1,128,0,6,825,specific_humidity,0.000413348603569168,0.000413348603569168,1.0
1,128,0,6,850,specific_humidity,0.0004130505235106746,0.0004130505235106746,1.0
1,128,0,6,875,specific_humidity,0.00039473209948691704,0.00039473209948691704,1.0
1,128,0,6,900,specific_humidity,0.00036987817005644063,0.00036987817005644063,1.0
1,128,0,6,925,specific_humidity,0.00034080341872750274,0.00034080341872750274,1.0
1,128,0,6,950,specific_humidity,0.000303403494668488,0.000303403494668488,1.0
1,128,0,6,975,specific_humidity,0.0002819638950214839,0.0002819638950214839,1.0
1,128,0,6,1000,specific_humidity,0.000275698375966985,0.000275698375966985,1.0
1,128,0,6,1,specific_cloud_ice_water_content,1.4206039464794252e-06,1.4206039464794252e-06,1.0
1,128,0,6,2,specific_cloud_ice_water_content,1.4056207277356892e-06,1.4056207277356892e-06,1.0
1,128,0,6,3,specific_cloud_ice_water_content,1.4049656067194154e-06,1.4049656067194154e-06,1.0
1,128,0,6,5,specific_cloud_ice_water_content,1.3990578523496726e-06,1.3990578523496726e-06,1.0
1,128,0,6,7,specific_cloud_ice_water_content,1.4027574858603023e-06,1.4027574858603023e-06,1.0
1,128,0,6,10,specific_cloud_ice_water_content,1.4106221265270812e-06,1.4106221265270812e-06,1.0
1,128,0,6,20,specific_cloud_ice_water_content,1.1857876167668038e-06,1.1857876167668038e-06,1.0
1,128,0,6,30,specific_cloud_ice_water_content,1.01028739149733e-06,1.01028739149733e-06,1.0
1,128,0,6,50,specific_cloud_ice_water_content,7.708389414940023e-07,7.708389414940023e-07,1.0
1,128,0,6,70,specific_cloud_ice_water_content,6.990539799351904e-07,6.990539799351904e-07,1.0
1,128,0,6,100,specific_cloud_ice_water_content,9.788538346792786e-07,9.788538346792786e-07,1.0
1,128,0,6,125,specific_cloud_ice_water_content,2.300681746129077e-06,2.300681746129077e-06,1.0
1,128,0,6,150,specific_cloud_ice_water_content,3.7490564957738998e-06,3.7490564957738998e-06,1.0
1,128,0,6,175,specific_cloud_ice_water_content,4.960764079174599e-06,4.960764079174599e-06,1.0
1,128,0,6,200,specific_cloud_ice_water_content,6.1763666793779366e-06,6.1763666793779366e-06,1.0
1,128,0,6,225,specific_cloud_ice_water_content,7.1781582016565255e-06,7.1781582016565255e-06,1.0
1,128,0,6,250,specific_cloud_ice_water_content,7.50072130594897e-06,7.50072130594897e-06,1.0
1,128,0,6,300,specific_cloud_ice_water_content,7.689260186203563e-06,7.689260186203563e-06,1.0
1,128,0,6,350,specific_cloud_ice_water_content,7.394346892745032e-06,7.394346892745032e-06,1.0
1,128,0,6,400,specific_cloud_ice_water_content,6.521993740155893e-06,6.521993740155893e-06,1.0
1,128,0,6,450,specific_cloud_ice_water_content,5.656019550027895e-06,5.656019550027895e-06,1.0
1,128,0,6,500,specific_cloud_ice_water_content,4.817655002351666e-06,4.817655002351666e-06,1.0
1,128,0,6,550,specific_cloud_ice_water_content,3.980803809296654e-06,3.980803809296654e-06,1.0
1,128,0,6,600,specific_cloud_ice_water_content,3.3726014668895825e-06,3.3726014668895825e-06,1.0
1,128,0,6,650,specific_cloud_ice_water_content,2.8844669380874784e-06,2.8844669380874784e-06,1.0
1,128,0,6,700,specific_cloud_ice_water_content,2.5674993548664024e-06,2.5674993548664024e-06,1.0
1,128,0,6,750,specific_cloud_ice_water_content,2.2538395465582705e-06,2.2538395465582705e-06,1.0
1,128,0,6,775,specific_cloud_ice_water_content,2.1856198644839124e-06,2.1856198644839124e-06,1.0
1,128,0,6,800,specific_cloud_ice_water_content,2.159897297531843e-06,2.159897297531843e-06,1.0
1,128,0,6,825,specific_cloud_ice_water_content,2.114584282775733e-06,2.114584282775733e-06,1.0
1,128,0,6,850,specific_cloud_ice_water_content,1.994722956575078e-06,1.994722956575078e-06,1.0
1,128,0,6,875,specific_cloud_ice_water_content,1.7715402042323753e-06,1.7715402042323753e-06,1.0
1,128,0,6,900,specific_cloud_ice_water_content,1.560506010189548e-06,1.560506010189548e-06,1.0
1,128,0,6,925,specific_cloud_ice_water_content,1.393651179751738e-06,1.393651179751738e-06,1.0
1,128,0,6,950,specific_cloud_ice_water_content,1.2220703361723148e-06,1.2220703361723148e-06,1.0
1,128,0,6,975,specific_cloud_ice_water_content,1.0380023373445382e-06,1.0380023373445382e-06,1.0
1,128,0,6,1000,specific_cloud_ice_water_content,9.404953549931882e-07,9.404953549931882e-07,1.0
1,128,0,6,1,specific_cloud_liquid_water_content,2.607430654687599e-06,2.607430654687599e-06,1.0
1,128,0,6,2,specific_cloud_liquid_water_content,2.6116698308202425e-06,2.6116698308202425e-06,1.0
1,128,0,6,3,specific_cloud_liquid_water_content,2.5949910173011508e-06,2.5949910173011508e-06,1.0
1,128,0,6,5,specific_cloud_liquid_water_content,2.6077422040062975e-06,2.6077422040062975e-06,1.0
1,128,0,6,7,specific_cloud_liquid_water_content,2.625027431847605e-06,2.625027431847605e-06,1.0
1,128,0,6,10,specific_cloud_liquid_water_content,2.5969440454393827e-06,2.5969440454393827e-06,1.0
1,128,0,6,20,specific_cloud_liquid_water_content,2.2785213747666373e-06,2.2785213747666373e-06,1.0
1,128,0,6,30,specific_cloud_liquid_water_content,1.9447560652356706e-06,1.9447560652356706e-06,1.0
1,128,0,6,50,specific_cloud_liquid_water_content,1.9026943828573445e-06,1.9026943828573445e-06,1.0
1,128,0,6,70,specific_cloud_liquid_water_content,1.5165505909421657e-06,1.5165505909421657e-06,1.0
1,128,0,6,100,specific_cloud_liquid_water_content,1.5032028760004338e-06,1.5032028760004338e-06,1.0
1,128,0,6,125,specific_cloud_liquid_water_content,1.3879582471183588e-06,1.3879582471183588e-06,1.0
1,128,0,6,150,specific_cloud_liquid_water_content,1.480373494315754e-06,1.480373494315754e-06,1.0
1,128,0,6,175,specific_cloud_liquid_water_content,1.6357976890769738e-06,1.6357976890769738e-06,1.0
1,128,0,6,200,specific_cloud_liquid_water_content,1.8112852966820385e-06,1.8112852966820385e-06,1.0
1,128,0,6,225,specific_cloud_liquid_water_content,1.6772163907512642e-06,1.6772163907512642e-06,1.0
1,128,0,6,250,specific_cloud_liquid_water_content,1.7577519747550994e-06,1.7577519747550994e-06,1.0
1,128,0,6,300,specific_cloud_liquid_water_content,2.2215981351880656e-06,2.2215981351880656e-06,1.0
1,128,0,6,350,specific_cloud_liquid_water_content,2.753910700547746e-06,2.753910700547746e-06,1.0
1,128,0,6,400,specific_cloud_liquid_water_content,3.771407205589865e-06,3.771407205589865e-06,1.0
1,128,0,6,450,specific_cloud_liquid_water_content,5.561933571204527e-06,5.561933571204527e-06,1.0
1,128,0,6,500,specific_cloud_liquid_water_content,8.249067358806768e-06,8.249067358806768e-06,1.0
1,128,0,6,550,specific_cloud_liquid_water_content,1.1006397365588961e-05,1.1006397365588961e-05,1.0
1,128,0,6,600,specific_cloud_liquid_water_content,9.540017729517219e-06,9.540017729517219e-06,1.0
1,128,0,6,650,specific_cloud_liquid_water_content,9.543024885674254e-06,9.543024885674254e-06,1.0
1,128,0,6,700,specific_cloud_liquid_water_content,1.0752393249598763e-05,1.0752393249598763e-05,1.0
1,128,0,6,750,specific_cloud_liquid_water_content,1.2409822064669506e-05,1.2409822064669506e-05,1.0
1,128,0,6,775,specific_cloud_liquid_water_content,1.307133403266907e-05,1.307133403266907e-05,1.0
1,128,0,6,800,specific_cloud_liquid_water_content,1.4138016620359287e-05,1.4138016620359287e-05,1.0
1,128,0,6,825,specific_cloud_liquid_water_content,1.60658139419533e-05,1.60658139419533e-05,1.0
1,128,0,6,850,specific_cloud_liquid_water_content,1.7874178422521548e-05,1.7874178422521548e-05,1.0
1,128,0,6,875,specific_cloud_liquid_water_content,1.8107670967379836e-05,1.8107670967379836e-05,1.0
1,128,0,6,900,specific_cloud_liquid_water_content,1.7254756612115812e-05,1.7254756612115812e-05,1.0
1,128,0,6,925,specific_cloud_liquid_water_content,1.5449699350835324e-05,1.5449699350835324e-05,1.0
1,128,0,6,950,specific_cloud_liquid_water_content,1.305610728390447e-05,1.305610728390447e-05,1.0
1,128,0,6,975,specific_cloud_liquid_water_content,9.737965528549028e-06,9.737965528549028e-06,1.0
1,128,0,6,1000,specific_cloud_liquid_water_content,7.395349420625011e-06,7.395349420625011e-06,1.0
1,128,100,6,1,geopotential,10000.674677444627,30017.112690917347,0.3331657771492012
1,128,100,6,2,geopotential,6656.677799982592,20502.3884876883,0.32467816147274414
1,128,100,6,3,geopotential,5104.156852206737,15455.170984071645,0.3302556055489238
1,128,100,6,5,geopotential,2950.74090570811,9454.636002500229,0.3120946068074754
1,128,100,6,7,geopotential,1836.9419055392757,5951.390274193691,0.3086576112315452
1,128,100,6,10,geopotential,912.379734340574,2712.6580123551735,0.3363415993409472
1,128,100,6,20,geopotential,883.1262783498975,1383.490532900262,0.6383319996404799
1,128,100,6,30,geopotential,695.0422204632514,1782.3774993327822,0.38995230848876544
1,128,100,6,50,geopotential,292.442920916766,48.71837840567823,6.002722801682602
1,128,100,6,70,geopotential,1543.4683039254653,44.25181490018717,34.87920907666404
1,128,100,6,100,geopotential,509.0905366808645,32.36684696735586,15.7287652144281
1,128,100,6,125,geopotential,211.673930047271,27.250452833998416,7.767721561792939
1,128,100,6,150,geopotential,212.09739857831084,25.853203015822537,8.203911849858764
1,128,100,6,175,geopotential,238.54422776173084,25.879460085026363,9.2175117633057
1,128,100,6,200,geopotential,208.76619773728842,26.94857391969595,7.746836562090104
1,128,100,6,225,geopotential,212.6409770600899,27.00899913723362,7.872967671984218
1,128,100,6,250,geopotential,200.9269809801948,27.853511372988223,7.213703805224707
1,128,100,6,300,geopotential,202.92077535323855,29.16670333614647,6.957274979437173
1,128,100,6,350,geopotential,203.5291241212012,29.207937994145585,6.968281162538636
1,128,100,6,400,geopotential,202.96952878987122,28.084448168897442,7.227114720902829
1,128,100,6,450,geopotential,201.89063825435082,26.924804839753435,7.498313895158382
1,128,100,6,500,geopotential,206.4093126449108,25.5906557844183,8.06580786298528
1,128,100,6,550,geopotential,212.70371523668095,24.343130155875908,8.737730681086584
1,128,100,6,600,geopotential,214.22079352170942,23.777138524480296,9.009527925370561
1,128,100,6,650,geopotential,214.73666110676638,23.42100179145581,9.16855150000903
1,128,100,6,700,geopotential,210.43559531341515,23.71434595430227,8.873767622304499
1,128,100,6,750,geopotential,211.25158101377008,23.925957089770304,8.829388944448624
1,128,100,6,775,geopotential,205.984017055646,24.122567562987896,8.53905856073524
1,128,100,6,800,geopotential,201.2619829341477,24.41477679319394,8.243449638673457
1,128,100,6,825,geopotential,203.40641815790738,24.82136838384357,8.194810818339342
1,128,100,6,850,geopotential,211.98455574435937,25.2001591806623,8.412032409185285
1,128,100,6,875,geopotential,220.84975775850094,25.662939695315867,8.605785634091312
1,128,100,6,900,geopotential,225.512725901971,26.37463086834615,8.550365198575083
1,128,100,6,925,geopotential,216.5017684191523,27.231975129279554,7.950277840345548
1,128,100,6,950,geopotential,226.49932969000253,28.138298628468174,8.049503371921992
1,128,100,6,975,geopotential,261.4742440721721,29.473191721908822,8.871595806089976
1,128,100,6,1000,geopotential,293.79476579111144,31.291805198544278,9.388872387738724
1,128,100,6,1,temperature,7.475207646314233,8.585644145124043,0.8706635774742134
1,128,100,6,2,temperature,11.894603250348911,6.857750280841892,1.7344759962429939
1,128,100,6,3,temperature,9.033847800345727,5.595503425158137,1.614483472519797
1,128,100,6,5,temperature,5.3319443518275635,4.228495628067508,1.2609553895327898
1,128,100,6,7,temperature,4.143756719464603,3.497812416957201,1.1846709387204128
1,128,100,6,10,temperature,3.3136798468018016,2.581661702999672,1.2835453394035272
1,128,100,6,20,temperature,5.425819636425661,2.3380640474223027,2.3206462810150925
1,128,100,6,30,temperature,4.280842790821697,2.0263439145660045,2.1125943923189134
1,128,100,6,50,temperature,2.0655422750206998,0.5925003334836259,3.4861453374655063
1,128,100,6,70,temperature,6.214818644556819,0.5706100911703732,10.891533011289129
1,128,100,6,100,temperature,1.8079728311579613,0.45749890306441693,3.95186265813493
1,128,100,6,125,temperature,7.6650123422288114,0.36691240447176915,20.89057837459559
1,128,100,6,150,temperature,4.7243337230421965,0.327471433827833,14.426704851226805
1,128,100,6,175,temperature,1.5323018812066207,0.30621465563802763,5.004012228003662
1,128,100,6,200,temperature,0.6646614115159583,0.31506225114522685,2.109619318404428
1,128,100,6,225,temperature,0.9840979625404379,0.32288913260873686,3.0477890494163065
1,128,100,6,250,temperature,0.5542608581780769,0.31689929214080653,1.749012610390447
1,128,100,6,300,temperature,0.6323322417155602,0.31351115945525054,2.0169369499136347
1,128,100,6,350,temperature,0.5566960522070987,0.3036021504230704,1.8336367230315769
1,128,100,6,400,temperature,0.699098661797456,0.30196674989182404,2.3151511285527286
1,128,100,6,450,temperature,0.6186270264401218,0.30076424636283866,2.0568502869646847
1,128,100,6,500,temperature,0.5931902646976329,0.30229639005800685,1.9622803454047442
1,128,100,6,550,temperature,0.45490112816257355,0.31002479252728576,1.4673056449913986
1,128,100,6,600,temperature,0.5679559843966463,0.3179765382408303,1.7861568892434625
1,128,100,6,650,temperature,0.6781068419211791,0.33060825539124505,2.051088655117522
1,128,100,6,700,temperature,0.7271534506857986,0.34310377892444033,2.1193396731603333
1,128,100,6,750,temperature,0.5921964085816245,0.36546232228631653,1.6204034519259585
1,128,100,6,775,temperature,0.7246592483340637,0.3751180538068075,1.9318165067770268
1,128,100,6,800,temperature,0.9330564087055029,0.39138594820423345,2.3839803472418337
1,128,100,6,825,temperature,1.0668090416918843,0.4166086232846167,2.5606984158920465
1,128,100,6,850,temperature,0.8598987515168047,0.4357134643717728,1.9735418384571555
1,128,100,6,875,temperature,1.2952560916127094,0.4444190285900196,2.9144928733634274
1,128,100,6,900,temperature,1.0810168063491064,0.44668719440069277,2.4200756589843038
1,128,100,6,925,temperature,0.8707145075639755,0.4469750334402169,1.9480159794661864
1,128,100,6,950,temperature,1.0428358769490178,0.4578317390549868,2.2777710411723344
1,128,100,6,975,temperature,1.0493120938065763,0.4764615387155689,2.2023017778838585
1,128,100,6,1000,temperature,1.1938466626320443,0.49038267063452684,2.4345204961816367
1,128,100,6,1,u_component_of_wind,25.804233226733658,27.204844325386265,0.948516114192735
1,128,100,6,2,u_component_of_wind,22.596613933827868,22.446676899018403,1.006679698535511
1,128,100,6,3,u_component_of_wind,18.503111896236323,17.96488830999068,1.0299597513192622
1,128,100,6,5,u_component_of_wind,21.139947850514382,12.295344974765397,1.7193456461694556
1,128,100,6,7,u_component_of_wind,16.775674925709772,9.294833048770784,1.8048387569401594
1,128,100,6,10,u_component_of_wind,10.45790396438376,7.639593738633105,1.3689083899185082
1,128,100,6,20,u_component_of_wind,10.744746757914308,5.407237474167488,1.987104655426401
1,128,100,6,30,u_component_of_wind,8.045681452239522,4.887009149787574,1.646340574702883
1,128,100,6,50,u_component_of_wind,4.01078271660219,1.0080882920647531,3.978602616629301
1,128,100,6,70,u_component_of_wind,5.093879578097847,0.9873005182055209,5.159401300990184
1,128,100,6,100,u_component_of_wind,23.808236037005944,0.9996051790556035,23.817639740021395
1,128,100,6,125,u_component_of_wind,20.92503296193584,0.9860765232044753,21.22049604622498
1,128,100,6,150,u_component_of_wind,4.751831796451908,1.008586578339923,4.7113771871455565
1,128,100,6,175,u_component_of_wind,12.502779090873961,1.0400778167887839,12.02100351440626
1,128,100,6,200,u_component_of_wind,17.65999700628678,1.0819338724505698,16.322621424437944
1,128,100,6,225,u_component_of_wind,14.55799470505882,1.1608111637816696,12.541225618154849
1,128,100,6,250,u_component_of_wind,16.39690484776239,1.2270676950135933,13.362673399678041
1,128,100,6,300,u_component_of_wind,14.64531156435428,1.2830383898066335,11.414554451922106
1,128,100,6,350,u_component_of_wind,10.563155872675916,1.2326156977467604,8.569707405142998
1,128,100,6,400,u_component_of_wind,13.744170020145669,1.156851315813363,11.880671121925785
1,128,100,6,450,u_component_of_wind,9.440078823960222,1.0782033970540394,8.755378484016301
1,128,100,6,500,u_component_of_wind,13.243554534897811,1.0116793591201603,13.090663969279255
1,128,100,6,550,u_component_of_wind,5.59020472875706,0.9726858959108473,5.747183908246406
1,128,100,6,600,u_component_of_wind,2.584187284677215,0.9395080895405804,2.7505748097825142
1,128,100,6,650,u_component_of_wind,8.000128831924393,0.9249772579484165,8.649000570747587
1,128,100,6,700,u_component_of_wind,4.6635970777152975,0.9065132547455201,5.144543726527727
1,128,100,6,750,u_component_of_wind,7.996397313357273,0.891739235815678,8.96719241701071
1,128,100,6,775,u_component_of_wind,5.337924920505223,0.8804262263120204,6.062887225503297
1,128,100,6,800,u_component_of_wind,9.729775957421584,0.8758255989947605,11.109261899388477
1,128,100,6,825,u_component_of_wind,14.060766419605802,0.871877105839213,16.127004970582192
1,128,100,6,850,u_component_of_wind,14.691519088787798,0.8621702091975713,17.04016090101433
1,128,100,6,875,u_component_of_wind,15.051063992513662,0.8469161548081213,17.77161045643728
1,128,100,6,900,u_component_of_wind,14.344210484955294,0.8358403242679547,17.16142433965271
1,128,100,6,925,u_component_of_wind,8.318556060486051,0.8269162330630735,10.059732446746573
1,128,100,6,950,u_component_of_wind,12.561095918028878,0.8123438089459414,15.462782850930516
1,128,100,6,975,u_component_of_wind,16.41094872275677,0.772936429394987,21.231951424003107
1,128,100,6,1000,u_component_of_wind,14.228847081178234,0.706530603585151,20.139038576640193
1,128,100,6,1,v_component_of_wind,14.172190897456078,10.217615421462448,1.387035067662354
1,128,100,6,2,v_component_of_wind,13.29429594917088,8.013975230005627,1.6588890741008124
1,128,100,6,3,v_component_of_wind,12.012573953932366,6.99604354491347,1.717052484995781
1,128,100,6,5,v_component_of_wind,8.72944280085285,5.856882113139169,1.4904590244815508
1,128,100,6,7,v_component_of_wind,8.075577085828817,5.04879805780746,1.5995048709347262
1,128,100,6,10,v_component_of_wind,7.330311877112539,4.212054649797571,1.7403173715860574
1,128,100,6,20,v_component_of_wind,6.8031821331003375,3.132682837034625,2.1716791922479395
1,128,100,6,30,v_component_of_wind,3.2350984661169013,2.934383552770658,1.1024797569705251
1,128,100,6,50,v_component_of_wind,2.511115953508033,1.0162184764490427,2.4710394582497544
1,128,100,6,70,v_component_of_wind,16.701262173046217,1.0146993114070182,16.459321481048068
1,128,100,6,100,v_component_of_wind,9.365183238996721,1.0124299104952352,9.25020403083083
1,128,100,6,125,v_component_of_wind,2.8260218513677358,0.9845476252423212,2.8703759766544383
1,128,100,6,150,v_component_of_wind,12.86677505337548,0.990590970267721,12.98898883552114
1,128,100,6,175,v_component_of_wind,10.052224390334867,1.0026061549574068,10.026094833580899
1,128,100,6,200,v_component_of_wind,4.094003001811202,1.0506483400486595,3.896644429687666
1,128,100,6,225,v_component_of_wind,10.396084179040926,1.1539458111821337,9.009161503338612
1,128,100,6,250,v_component_of_wind,3.451432652827289,1.2472675204999661,2.767195165511714
1,128,100,6,300,v_component_of_wind,12.906124820911495,1.347740651303455,9.57611897246659
1,128,100,6,350,v_component_of_wind,5.267058826968875,1.3290593707296534,3.9629973972323453
1,128,100,6,400,v_component_of_wind,5.359964332553329,1.2521074225075,4.280754379539846
1,128,100,6,450,v_component_of_wind,4.063626207924687,1.1675815532403064,3.480378905137027
1,128,100,6,500,v_component_of_wind,3.012669417373749,1.093600898328093,2.7548161509189923
1,128,100,6,550,v_component_of_wind,1.5810201965226067,1.0396268502141275,1.520757371932988
1,128,100,6,600,v_component_of_wind,2.0209800991081885,0.9974577749310111,2.0261309800788
1,128,100,6,650,v_component_of_wind,3.9158759351828833,0.9792344605076282,3.9989155744712264
1,128,100,6,700,v_component_of_wind,3.231915959327556,0.9604954173243057,3.3648426645603853
1,128,100,6,750,v_component_of_wind,2.6033500062661776,0.9424057204498179,2.7624514047130124
1,128,100,6,775,v_component_of_wind,3.6606421737125374,0.9308451007215435,3.9326007848942806
1,128,100,6,800,v_component_of_wind,5.376423990915686,0.9278565426619727,5.7944560863805545
1,128,100,6,825,v_component_of_wind,3.490223872516857,0.924852716790928,3.773815883492567
1,128,100,6,850,v_component_of_wind,4.6520753418450385,0.9187872484327434,5.063278087261762
1,128,100,6,875,v_component_of_wind,4.977830634797995,0.905953755531246,5.494574755506172
1,128,100,6,900,v_component_of_wind,4.609727391919461,0.8963129279150315,5.142988847257208
1,128,100,6,925,v_component_of_wind,6.689773152805725,0.891872274973568,7.500819725564388
1,128,100,6,950,v_component_of_wind,5.57867034328616,0.8758473474280674,6.369455087884858
1,128,100,6,975,v_component_of_wind,3.8999089292452673,0.8252007431177929,4.726012381557656
1,128,100,6,1000,v_component_of_wind,2.9271450621607227,0.7474144380338668,3.916361409689664
1,128,100,6,1,specific_humidity,8.13013846126705e-07,9.093771566984339e-07,0.8940337242233096
1,128,100,6,2,specific_humidity,6.385475903569811e-07,7.335056784697729e-07,0.870542122712817
1,128,100,6,3,specific_humidity,4.992717776039644e-07,5.95589768955808e-07,0.8382813198408211
1,128,100,6,5,specific_humidity,3.179039891617961e-07,4.224884578703961e-07,0.7524560333890051
1,128,100,6,7,specific_humidity,2.4172351471805234e-07,3.348673087158939e-07,0.7218486499771585
1,128,100,6,10,specific_humidity,1.6677779097430287e-07,2.470444360450041e-07,0.6750922775039586
1,128,100,6,20,specific_humidity,1.0452439586011228e-07,1.196116131921905e-07,0.8738649456400504
1,128,100,6,30,specific_humidity,1.0562491981745737e-07,1.0382307119485337e-07,1.0173549925066492
1,128,100,6,50,specific_humidity,5.7588305164745526e-08,1.2568902329994858e-08,4.581808629964036
1,128,100,6,70,specific_humidity,9.191392389977403e-08,2.414820950784697e-08,3.8062417782944347
1,128,100,6,100,specific_humidity,2.1163212026565524e-07,8.178295415058188e-08,2.5877289768230938
1,128,100,6,125,specific_humidity,5.990647377902071e-07,2.1831824920281115e-07,2.7439975356054354
1,128,100,6,150,specific_humidity,1.8671884774132948e-06,5.992997945378687e-07,3.1156167487978514
1,128,100,6,175,specific_humidity,5.489653135056965e-06,1.5910159323679622e-06,3.4504073927698076
1,128,100,6,200,specific_humidity,1.203226709854379e-05,3.764010817253872e-06,3.1966611369417457
1,128,100,6,225,specific_humidity,2.2412585827476622e-05,7.610957609189218e-06,2.944778696496274
1,128,100,6,250,specific_humidity,3.971609808943074e-05,1.317197315186294e-05,3.01519731565909
1,128,100,6,300,specific_humidity,7.189945518741892e-05,2.9177964649465544e-05,2.4641696585486788
1,128,100,6,350,specific_humidity,0.00012251912799175982,5.435803037432676e-05,2.2539287598916657
1,128,100,6,400,specific_humidity,0.00018081279830373744,8.676819061223045e-05,2.0838604219810812
1,128,100,6,450,specific_humidity,0.0002900848590260011,0.00012779900835098047,2.2698521903184674
1,128,100,6,500,specific_humidity,0.00030248224485046615,0.00016685150995882826,1.8128828736707607
1,128,100,6,550,specific_humidity,0.00031643411294552315,0.00021487303231659992,1.4726562451042264
1,128,100,6,600,specific_humidity,0.0003511399610890068,0.00025206401385736966,1.3930586747210145
1,128,100,6,650,specific_humidity,0.0004488120661150181,0.0002942486987821947,1.5252813962220186
1,128,100,6,700,specific_humidity,0.0004889921495921188,0.0003363237500858548,1.4539328532917812
1,128,100,6,750,specific_humidity,0.0005551432859892282,0.00037860520076298974,1.4662854204603304
1,128,100,6,775,specific_humidity,0.0006924852887166311,0.00039260193803214373,1.7638356351158277
1,128,100,6,800,specific_humidity,0.0005777897098221599,0.00040466835784564294,1.4278104492730133
1,128,100,6,825,specific_humidity,0.0006439902555277525,0.000413348603569168,1.557983382469538
1,128,100,6,850,specific_humidity,0.0006672332682439505,0.0004130505235106746,1.6153793065624986
1,128,100,6,875,specific_humidity,0.0009043188342827197,0.00039473209948691704,2.2909685719964923
1,128,100,6,900,specific_humidity,0.0006500380508977691,0.00036987817005644063,1.7574382689267067
1,128,100,6,925,specific_humidity,0.0006302894398543119,0.00034080341872750274,1.8494222922049803
1,128,100,6,950,specific_humidity,0.0006486661233040777,0.000303403494668488,2.1379652334355566
1,128,100,6,975,specific_humidity,0.0006328807295924505,0.0002819638950214839,2.2445452796154237
1,128,100,6,1000,specific_humidity,0.0006049447978204184,0.000275698375966985,2.194226918089865
1,128,100,6,1,specific_cloud_ice_water_content,1.8495922754770177e-06,1.4206039464794252e-06,1.3019760222831436
1,128,100,6,2,specific_cloud_ice_water_content,1.8533778114346937e-06,1.4056207277356892e-06,1.3185475817650294
1,128,100,6,3,specific_cloud_ice_water_content,1.847478015474933e-06,1.4049656067194154e-06,1.3149631611187842
1,128,100,6,5,specific_cloud_ice_water_content,1.8563699399061154e-06,1.3990578523496726e-06,1.3268714633840208
1,128,100,6,7,specific_cloud_ice_water_content,1.8551192514634927e-06,1.4027574858603023e-06,1.3224803789414532
1,128,100,6,10,specific_cloud_ice_water_content,1.8630275559297268e-06,1.4106221265270812e-06,1.3207134078610103
1,128,100,6,20,specific_cloud_ice_water_content,1.613100302452642e-06,1.1857876167668038e-06,1.360361905997095
1,128,100,6,30,specific_cloud_ice_water_content,1.3807899297986006e-06,1.01028739149733e-06,1.3667298448139147
1,128,100,6,50,specific_cloud_ice_water_content,1.7358912708932143e-06,7.708389414940023e-07,2.251950670173454
1,128,100,6,70,specific_cloud_ice_water_content,3.751892741442388e-06,6.990539799351904e-07,5.367100179860541
1,128,100,6,100,specific_cloud_ice_water_content,6.875501631393844e-06,9.788538346792786e-07,7.024032994309719
1,128,100,6,125,specific_cloud_ice_water_content,3.060093409476132e-06,2.300681746129077e-06,1.330081144262901
1,128,100,6,150,specific_cloud_ice_water_content,5.973882861938398e-06,3.7490564957738998e-06,1.5934363402291802
1,128,100,6,175,specific_cloud_ice_water_content,8.297915412977673e-06,4.960764079174599e-06,1.6727091392659674
1,128,100,6,200,specific_cloud_ice_water_content,7.59294862020256e-06,6.1763666793779366e-06,1.2293552203683764
1,128,100,6,225,specific_cloud_ice_water_content,1.0449586152005366e-05,7.1781582016565255e-06,1.455747541144173
1,128,100,6,250,specific_cloud_ice_water_content,1.0055724214714766e-05,7.50072130594897e-06,1.3406342942963863
1,128,100,6,300,specific_cloud_ice_water_content,9.822441699405599e-06,7.689260186203563e-06,1.2774235051935805
1,128,100,6,350,specific_cloud_ice_water_content,1.0412117544342128e-05,7.394346892745032e-06,1.4081186202608351
1,128,100,6,400,specific_cloud_ice_water_content,1.0556972494836645e-05,6.521993740155893e-06,1.618672589309217
1,128,100,6,450,specific_cloud_ice_water_content,8.197438765185471e-06,5.656019550027895e-06,1.4493299912913211
1,128,100,6,500,specific_cloud_ice_water_content,6.820633415733469e-06,4.817655002351666e-06,1.4157579595060417
1,128,100,6,550,specific_cloud_ice_water_content,5.433553009751405e-06,3.980803809296654e-06,1.3649386581328231
1,128,100,6,600,specific_cloud_ice_water_content,6.3695964759679376e-06,3.3726014668895825e-06,1.8886300496816084
1,128,100,6,650,specific_cloud_ice_water_content,4.155594273669172e-06,2.8844669380874784e-06,1.4406801543804497
1,128,100,6,700,specific_cloud_ice_water_content,4.739576853102951e-06,2.5674993548664024e-06,1.8459895010760659
1,128,100,6,750,specific_cloud_ice_water_content,3.7277600853659225e-06,2.2538395465582705e-06,1.6539598353655676
1,128,100,6,775,specific_cloud_ice_water_content,3.5068422251547828e-06,2.1856198644839124e-06,1.6045069328571686
1,128,100,6,800,specific_cloud_ice_water_content,7.904993754707771e-06,2.159897297531843e-06,3.6598933494388652
1,128,100,6,825,specific_cloud_ice_water_content,4.831902807930072e-06,2.114584282775733e-06,2.285036755114542
1,128,100,6,850,specific_cloud_ice_water_content,2.5551336789414812e-06,1.994722956575078e-06,1.2809466450060931
1,128,100,6,875,specific_cloud_ice_water_content,2.56363620619905e-06,1.7715402042323753e-06,1.4471227918363259
1,128,100,6,900,specific_cloud_ice_water_content,3.3076116172440454e-06,1.560506010189548e-06,2.1195763397555156
1,128,100,6,925,specific_cloud_ice_water_content,2.855717364365555e-06,1.393651179751738e-06,2.0490904796380014
1,128,100,6,950,specific_cloud_ice_water_content,2.5763196917439136e-06,1.2220703361723148e-06,2.1081599114935448
1,128,100,6,975,specific_cloud_ice_water_content,1.494596201479931e-06,1.0380023373445382e-06,1.4398774913199817
1,128,100,6,1000,specific_cloud_ice_water_content,1.3754032124022144e-06,9.404953549931882e-07,1.4624242481369578
1,128,100,6,1,specific_cloud_liquid_water_content,6.544354421969516e-06,2.607430654687599e-06,2.5098862783576528
1,128,100,6,2,specific_cloud_liquid_water_content,6.699028656966927e-06,2.6116698308202425e-06,2.5650365823090953
1,128,100,6,3,specific_cloud_liquid_water_content,6.666490682017592e-06,2.5949910173011508e-06,2.568984107294095
1,128,100,6,5,specific_cloud_liquid_water_content,6.565100120257532e-06,2.6077422040062975e-06,2.517541845268106
1,128,100,6,7,specific_cloud_liquid_water_content,6.701459833888249e-06,2.625027431847605e-06,2.5529104010815913
1,128,100,6,10,specific_cloud_liquid_water_content,6.630313335282981e-06,2.5969440454393827e-06,2.553121368528055
1,128,100,6,20,specific_cloud_liquid_water_content,8.666531641662903e-06,2.2785213747666373e-06,3.803577064336522
1,128,100,6,30,specific_cloud_liquid_water_content,1.4929610011694543e-05,1.9447560652356706e-06,7.676854839830688
1,128,100,6,50,specific_cloud_liquid_water_content,1.80729979360644e-05,1.9026943828573445e-06,9.498634199425938
1,128,100,6,70,specific_cloud_liquid_water_content,5.828079470434899e-05,1.5165505909421657e-06,38.4298387752048
1,128,100,6,100,specific_cloud_liquid_water_content,5.3727803172315205e-05,1.5032028760004338e-06,35.74221685583024
1,128,100,6,125,specific_cloud_liquid_water_content,3.301591874370646e-05,1.3879582471183588e-06,23.787400530421728
1,128,100,6,150,specific_cloud_liquid_water_content,2.32374398161329e-05,1.480373494315754e-06,15.697011534831294
1,128,100,6,175,specific_cloud_liquid_water_content,1.0182382874171852e-05,1.6357976890769738e-06,6.224720173016892
1,128,100,6,200,specific_cloud_liquid_water_content,5.101769734080349e-06,1.8112852966820385e-06,2.8166571789799812
1,128,100,6,225,specific_cloud_liquid_water_content,6.3762612281574226e-06,1.6772163907512642e-06,3.801692651776046
1,128,100,6,250,specific_cloud_liquid_water_content,4.561504266652517e-06,1.7577519747550994e-06,2.595078448020548
1,128,100,6,300,specific_cloud_liquid_water_content,4.153437157332712e-06,2.2215981351880656e-06,1.8695717697751442
1,128,100,6,350,specific_cloud_liquid_water_content,3.957660080291159e-06,2.753910700547746e-06,1.4371054513510517
1,128,100,6,400,specific_cloud_liquid_water_content,5.782703278879271e-06,3.771407205589865e-06,1.5333012225008014
1,128,100,6,450,specific_cloud_liquid_water_content,8.724174219763485e-06,5.561933571204527e-06,1.56855059631252
1,128,100,6,500,specific_cloud_liquid_water_content,1.2529876247885374e-05,8.249067358806768e-06,1.5189445912947215
1,128,100,6,550,specific_cloud_liquid_water_content,1.314280101722735e-05,1.1006397365588961e-05,1.1941056260895837
1,128,100,6,600,specific_cloud_liquid_water_content,1.1728751794258452e-05,9.540017729517219e-06,1.2294266244358432
1,128,100,6,650,specific_cloud_liquid_water_content,1.2610412491511317e-05,9.543024885674254e-06,1.3214271829513666
1,128,100,6,700,specific_cloud_liquid_water_content,1.3531012169194666e-05,1.0752393249598763e-05,1.2584186473741175
1,128,100,6,750,specific_cloud_liquid_water_content,1.487319118218711e-05,1.2409822064669506e-05,1.1985015663142151
1,128,100,6,775,specific_cloud_liquid_water_content,1.665952394082192e-05,1.307133403266907e-05,1.2745083171453593
1,128,100,6,800,specific_cloud_liquid_water_content,1.893988069347199e-05,1.4138016620359287e-05,1.3396419881270922
1,128,100,6,825,specific_cloud_liquid_water_content,2.2207494603634337e-05,1.60658139419533e-05,1.3822825711707654
1,128,100,6,850,specific_cloud_liquid_water_content,5.697957361888415e-05,1.7874178422521548e-05,3.18781497375508
1,128,100,6,875,specific_cloud_liquid_water_content,9.19635112449833e-05,1.8107670967379836e-05,5.078704567288167
1,128,100,6,900,specific_cloud_liquid_water_content,3.635467102982744e-05,1.7254756612115812e-05,2.1069361827045534
1,128,100,6,925,specific_cloud_liquid_water_content,3.6399636119022544e-05,1.5449699350835324e-05,2.3560093495964707
1,128,100,6,950,specific_cloud_liquid_water_content,2.1680333597410952e-05,1.305610728390447e-05,1.6605511218599132
1,128,100,6,975,specific_cloud_liquid_water_content,2.109775424319045e-05,9.737965528549028e-06,2.1665464086248463
1,128,100,6,1000,specific_cloud_liquid_water_content,1.0328163078980736e-05,7.395349420625011e-06,1.3965754005045865
1,128,200,6,1,geopotential,3816.699168665345,30017.112690917347,0.1271507758912539
1,128,200,6,2,geopotential,2447.116435558601,20502.3884876883,0.11935762689445167
1,128,200,6,3,geopotential,1963.6105820349503,15455.170984071645,0.12705201282203088
1,128,200,6,5,geopotential,1172.3681875733264,9454.636002500229,0.12399929381345827
1,128,200,6,7,geopotential,886.5157266277888,5951.390274193691,0.14895943397828942
1,128,200,6,10,geopotential,857.1744305653751,2712.6580123551735,0.3159905991323847
1,128,200,6,20,geopotential,909.3743426202902,1383.490532900262,0.6573043479480379
1,128,200,6,30,geopotential,690.9280986230789,1782.3774993327822,0.38764408711494724
1,128,200,6,50,geopotential,284.98139164245794,48.71837840567823,5.849566446350414
1,128,200,6,70,geopotential,977.1609088238507,44.25181490018717,22.081826723444006
1,128,200,6,100,geopotential,620.4797126429551,32.36684696735586,19.170224188619624
1,128,200,6,125,geopotential,247.12190284905046,27.250452833998416,9.068542983650325
1,128,200,6,150,geopotential,205.5742695832992,25.853203015822537,7.951597697874602
1,128,200,6,175,geopotential,233.18369502518144,25.879460085026363,9.010377119888199
1,128,200,6,200,geopotential,173.8006433660451,26.94857391969595,6.44934473653239
1,128,200,6,225,geopotential,176.45159121512546,27.00899913723362,6.533066638958707
1,128,200,6,250,geopotential,176.96267573981618,27.853511372988223,6.3533345354593616
1,128,200,6,300,geopotential,192.23987266569029,29.16670333614647,6.59107306198182
1,128,200,6,350,geopotential,183.1185351519871,29.207937994145585,6.269478358543873
1,128,200,6,400,geopotential,185.94868294170462,28.084448168897442,6.621055248208023
1,128,200,6,450,geopotential,179.00304135891182,26.924804839753435,6.648257709731687
1,128,200,6,500,geopotential,165.0035337563315,25.5906557844183,6.447804040129338
1,128,200,6,550,geopotential,164.69222792868428,24.343130155875908,6.765449918482694
1,128,200,6,600,geopotential,163.7834517277224,23.777138524480296,6.888274279055715
1,128,200,6,650,geopotential,167.0591450990255,23.42100179145581,7.132877858365997
1,128,200,6,700,geopotential,167.7235209098496,23.71434595430227,7.072660626316836
1,128,200,6,750,geopotential,179.71670373440338,23.925957089770304,7.511369474588016
1,128,200,6,775,geopotential,178.76279897916314,24.122567562987896,7.410604137075573
1,128,200,6,800,geopotential,180.97452512714057,24.41477679319394,7.412499678374716
1,128,200,6,825,geopotential,198.68665322563194,24.82136838384357,8.004661554234
1,128,200,6,850,geopotential,218.6559548757195,25.2001591806623,8.676768797695065
1,128,200,6,875,geopotential,224.7385356318315,25.662939695315867,8.757318463903491
1,128,200,6,900,geopotential,215.0493563338644,26.37463086834615,8.153644212399524
1,128,200,6,925,geopotential,199.30641964945897,27.231975129279554,7.318838193090396
1,128,200,6,950,geopotential,194.9632289056212,28.138298628468174,6.928749725769573
1,128,200,6,975,geopotential,209.5564359876057,29.473191721908822,7.110069311965031
1,128,200,6,1000,geopotential,208.5313226538677,31.291805198544278,6.6640873331132955
1,128,200,6,1,temperature,7.516918044323433,8.585644145124043,0.8755217334033626
1,128,200,6,2,temperature,14.107710295675899,6.857750280841892,2.057192186639955
1,128,200,6,3,temperature,12.037493987812352,5.595503425158137,2.151279889078462
1,128,200,6,5,temperature,8.267665438701663,4.228495628067508,1.9552262000280516
1,128,200,6,7,temperature,6.869543343998185,3.497812416957201,1.9639541876788529
1,128,200,6,10,temperature,4.159132690569939,2.581661702999672,1.6110293171786914
1,128,200,6,20,temperature,5.306568456771118,2.3380640474223027,2.269642041081624
1,128,200,6,30,temperature,4.691860120094543,2.0263439145660045,2.3154312978996114
1,128,200,6,50,temperature,2.445089092339997,0.5925003334836259,4.12673032260423
1,128,200,6,70,temperature,5.598419474964376,0.5706100911703732,9.811287184707002
1,128,200,6,100,temperature,2.524767214579052,0.45749890306441693,5.5186300943404865
1,128,200,6,125,temperature,7.322645004077126,0.36691240447176915,19.9574746310888
1,128,200,6,150,temperature,3.549872397639859,0.327471433827833,10.840250571309962
1,128,200,6,175,temperature,2.4006188322698905,0.30621465563802763,7.839660147121211
1,128,200,6,200,temperature,1.3932114278839847,0.31506225114522685,4.422019530488877
1,128,200,6,225,temperature,0.8638748971047192,0.32288913260873686,2.675453615069559
1,128,200,6,250,temperature,0.7843059346035169,0.31689929214080653,2.474937477156085
1,128,200,6,300,temperature,1.8031411640162907,0.31351115945525054,5.75144172586834
1,128,200,6,350,temperature,0.8707832525855346,0.3036021504230704,2.8681722160798127
1,128,200,6,400,temperature,1.1629721000079636,0.30196674989182404,3.851325023117891
1,128,200,6,450,temperature,0.9848088053017374,0.30076424636283866,3.2743546389276434
1,128,200,6,500,temperature,1.1633800597220105,0.30229639005800685,3.848474867658104
1,128,200,6,550,temperature,1.0767865546747646,0.31002479252728576,3.4732272406246185
1,128,200,6,600,temperature,1.1885319472800013,0.3179765382408303,3.737797618199826
1,128,200,6,650,temperature,1.1585120045231359,0.33060825539124505,3.504183533324482
1,128,200,6,700,temperature,0.9604660825888558,0.34310377892444033,2.799345683687073
1,128,200,6,750,temperature,1.2043492177247188,0.36546232228631653,3.2954128080573724
1,128,200,6,775,temperature,0.993677702913795,0.3751180538068075,2.6489732840892715
1,128,200,6,800,temperature,1.119023750627462,0.39138594820423345,2.8591311358054474
1,128,200,6,825,temperature,0.9946438285342659,0.4166086232846167,2.3874777739652067
1,128,200,6,850,temperature,2.451905077951715,0.4357134643717728,5.627333737521651
1,128,200,6,875,temperature,2.5870103844646377,0.4444190285900196,5.821106248920717
1,128,200,6,900,temperature,1.1895979028878818,0.44668719440069277,2.6631564947455697
1,128,200,6,925,temperature,0.8714660650552889,0.4469750334402169,1.9496974100497446
1,128,200,6,950,temperature,0.9120198246390684,0.4578317390549868,1.9920415009268992
1,128,200,6,975,temperature,0.9624744712868218,0.4764615387155689,2.0200465159925236
1,128,200,6,1000,temperature,1.0612376209844778,0.49038267063452684,2.1641009858918907
1,128,200,6,1,u_component_of_wind,28.21380632431542,27.204844325386265,1.0370875858307207
1,128,200,6,2,u_component_of_wind,21.51808155600588,22.446676899018403,0.9586310549579331
1,128,200,6,3,u_component_of_wind,17.788484428450293,17.96488830999068,0.9901806302106378
1,128,200,6,5,u_component_of_wind,19.959793045605256,12.295344974765397,1.6233617752547933
1,128,200,6,7,u_component_of_wind,15.390059728531957,9.294833048770784,1.6557650522369793
1,128,200,6,10,u_component_of_wind,9.661338493113487,7.639593738633105,1.2646403491662788
1,128,200,6,20,u_component_of_wind,7.162623179970174,5.407237474167488,1.3246363257002967
1,128,200,6,30,u_component_of_wind,7.385235949965657,4.887009149787574,1.5111974877899859
1,128,200,6,50,u_component_of_wind,7.238871575549395,1.0080882920647531,7.180791238754329
1,128,200,6,70,u_component_of_wind,4.884249086113102,0.9873005182055209,4.947074366972402
1,128,200,6,100,u_component_of_wind,17.116514087125957,0.9996051790556035,17.123274714619942
1,128,200,6,125,u_component_of_wind,22.289271868125386,0.9860765232044753,22.603998111314358
1,128,200,6,150,u_component_of_wind,6.979892976654398,1.008586578339923,6.920469820392524
1,128,200,6,175,u_component_of_wind,13.696180803471691,1.0400778167887839,13.168419307084475
1,128,200,6,200,u_component_of_wind,19.690784668784325,1.0819338724505698,18.19961937616842
1,128,200,6,225,u_component_of_wind,4.927276008708042,1.1608111637816696,4.244683513084119
1,128,200,6,250,u_component_of_wind,9.182260309753907,1.2270676950135933,7.4830918840644625
1,128,200,6,300,u_component_of_wind,14.201028490389952,1.2830383898066335,11.06828026597878
1,128,200,6,350,u_component_of_wind,9.766081428771182,1.2326156977467604,7.923054563254161
1,128,200,6,400,u_component_of_wind,10.184779294835787,1.156851315813363,8.803879250182671
1,128,200,6,450,u_component_of_wind,4.205851764790157,1.0782033970540394,3.900796247054822
1,128,200,6,500,u_component_of_wind,4.687215693308946,1.0116793591201603,4.633104007761249
1,128,200,6,550,u_component_of_wind,4.137882492154041,0.9726858959108473,4.254078844516631
1,128,200,6,600,u_component_of_wind,4.209300734640163,0.9395080895405804,4.480324098857426
1,128,200,6,650,u_component_of_wind,6.479300844315911,0.9249772579484165,7.00482178198293
1,128,200,6,700,u_component_of_wind,2.3252642384708073,0.9065132547455201,2.5650636946544862
1,128,200,6,750,u_component_of_wind,3.640906157501999,0.891739235815678,4.082926949122795
1,128,200,6,775,u_component_of_wind,2.5692314053482,0.8804262263120204,2.918167733496926
1,128,200,6,800,u_component_of_wind,3.986580651725197,0.8758255989947605,4.55179736274076
1,128,200,6,825,u_component_of_wind,4.655137966183525,0.871877105839213,5.3392134453430655
1,128,200,6,850,u_component_of_wind,5.447959442683355,0.8621702091975713,6.318890846105451
1,128,200,6,875,u_component_of_wind,7.578602188023824,0.8469161548081213,8.948468092146435
1,128,200,6,900,u_component_of_wind,8.370508257391181,0.8358403242679547,10.0144824488125
1,128,200,6,925,u_component_of_wind,6.690795071264363,0.8269162330630735,8.091261005338154
1,128,200,6,950,u_component_of_wind,9.187412334794324,0.8123438089459414,11.309758545110933
1,128,200,6,975,u_component_of_wind,6.103466647152323,0.772936429394987,7.896466533385919
1,128,200,6,1000,u_component_of_wind,1.556825315494906,0.706530603585151,2.203478954195475
1,128,200,6,1,v_component_of_wind,12.013551697982033,10.217615421462448,1.1757686311766207
1,128,200,6,2,v_component_of_wind,10.150384054432463,8.013975230005627,1.2665854040112046
1,128,200,6,3,v_component_of_wind,9.010013081598274,6.99604354491347,1.2878726416946156
1,128,200,6,5,v_component_of_wind,6.698252974628604,5.856882113139169,1.143655078800703
1,128,200,6,7,v_component_of_wind,5.709218576323072,5.04879805780746,1.1308074735717222
1,128,200,6,10,v_component_of_wind,4.864627583631994,4.212054649797571,1.1549298354582807
1,128,200,6,20,v_component_of_wind,4.315153291461191,3.132682837034625,1.3774625507719396
1,128,200,6,30,v_component_of_wind,6.380807460053393,2.934383552770658,2.1744967368115886
1,128,200,6,50,v_component_of_wind,6.148671657232021,1.0162184764490427,6.050541098915298
1,128,200,6,70,v_component_of_wind,21.877640058535064,1.0146993114070182,21.560712432335002
1,128,200,6,100,v_component_of_wind,3.2638172862821158,1.0124299104952352,3.223746406983969
1,128,200,6,125,v_component_of_wind,6.514284243218896,0.9845476252423212,6.616525271304749
1,128,200,6,150,v_component_of_wind,10.81990231752388,0.990590970267721,10.922674082724225
1,128,200,6,175,v_component_of_wind,7.218776781658647,1.0026061549574068,7.20001243356153
1,128,200,6,200,v_component_of_wind,5.34488306891445,1.0506483400486595,5.087223636280536
1,128,200,6,225,v_component_of_wind,8.327054273798563,1.1539458111821337,7.216157113364015
1,128,200,6,250,v_component_of_wind,10.268624154887588,1.2472675204999661,8.232896300203038
1,128,200,6,300,v_component_of_wind,14.261993672247533,1.347740651303455,10.58214995478112
1,128,200,6,350,v_component_of_wind,4.385332350864075,1.3290593707296534,3.2995759613481583
1,128,200,6,400,v_component_of_wind,4.650055530200324,1.2521074225075,3.7137832158905444
1,128,200,6,450,v_component_of_wind,3.9545965751302603,1.1675815532403064,3.386998162274274
1,128,200,6,500,v_component_of_wind,2.4927449561676793,1.093600898328093,2.2793918329608274
1,128,200,6,550,v_component_of_wind,1.4340517593309963,1.0396268502141275,1.379390844932132
1,128,200,6,600,v_component_of_wind,1.6782447511386682,0.9974577749310111,1.6825221010029658
1,128,200,6,650,v_component_of_wind,3.197207228911635,0.9792344605076282,3.2650068577593006
1,128,200,6,700,v_component_of_wind,2.769862834600269,0.9604954173243057,2.883785580483453
1,128,200,6,750,v_component_of_wind,3.239358516617635,0.9424057204498179,3.4373290041909583
1,128,200,6,775,v_component_of_wind,4.174364440891245,0.9308451007215435,4.4844888130747975
1,128,200,6,800,v_component_of_wind,4.767763739191433,0.9278565426619727,5.138470787211312
1,128,200,6,825,v_component_of_wind,3.192381733927909,0.924852716790928,3.4517731050246545
1,128,200,6,850,v_component_of_wind,3.609605455052202,0.9187872484327434,3.928662986136807
1,128,200,6,875,v_component_of_wind,4.053082639255202,0.905953755531246,4.473829502344188
1,128,200,6,900,v_component_of_wind,5.0677408595651405,0.8963129279150315,5.653986126646108
1,128,200,6,925,v_component_of_wind,8.437367858740762,0.891872274973568,9.460287190776073
1,128,200,6,950,v_component_of_wind,6.501897439866562,0.8758473474280674,7.423550986321344
1,128,200,6,975,v_component_of_wind,4.967047793442007,0.8252007431177929,6.019199370416694
1,128,200,6,1000,v_component_of_wind,3.04587512337268,0.7474144380338668,4.075215795115087
1,128,200,6,1,specific_humidity,3.880046644038336e-07,9.093771566984339e-07,0.4266707840039829
1,128,200,6,2,specific_humidity,2.3163568110442074e-07,7.335056784697729e-07,0.3157926215208792
1,128,200,6,3,specific_humidity,1.5670848649783445e-07,5.95589768955808e-07,0.26311480597219933
1,128,200,6,5,specific_humidity,2.4849377539648506e-07,4.224884578703961e-07,0.5881670156128
1,128,200,6,7,specific_humidity,3.2903637374771284e-07,3.348673087158939e-07,0.9825873269309543
1,128,200,6,10,specific_humidity,4.108728777301484e-07,2.470444360450041e-07,1.6631537399016738
1,128,200,6,20,specific_humidity,3.6875448437610473e-07,1.196116131921905e-07,3.082932121177853
1,128,200,6,30,specific_humidity,1.422815972760038e-07,1.0382307119485337e-07,1.3704236990733218
1,128,200,6,50,specific_humidity,4.374701435136895e-07,1.2568902329994858e-08,34.8057556680742
1,128,200,6,70,specific_humidity,3.475017585284756e-07,2.414820950784697e-08,14.390373680315916
1,128,200,6,100,specific_humidity,4.7010705195845845e-07,8.178295415058188e-08,5.748227816433232
1,128,200,6,125,specific_humidity,9.342683671278517e-07,2.1831824920281115e-07,4.279387410531789
1,128,200,6,150,specific_humidity,3.0837711576439313e-06,5.992997945378687e-07,5.145623585641115
1,128,200,6,175,specific_humidity,2.682936617355925e-06,1.5910159323679622e-06,1.686304054392982
1,128,200,6,200,specific_humidity,8.838042273427496e-06,3.764010817253872e-06,2.348038489399324
1,128,200,6,225,specific_humidity,2.64995045606543e-05,7.610957609189218e-06,3.481756951143661
1,128,200,6,250,specific_humidity,4.205577215524407e-05,1.317197315186294e-05,3.192822492907681
1,128,200,6,300,specific_humidity,7.201136948936562e-05,2.9177964649465544e-05,2.4680052345832375
1,128,200,6,350,specific_humidity,0.00012213831499376226,5.435803037432676e-05,2.246923116100396
1,128,200,6,400,specific_humidity,0.0002988360475449115,8.676819061223045e-05,3.4440737491048816
1,128,200,6,450,specific_humidity,0.0003402074488085727,0.00012779900835098047,2.6620507717418658
1,128,200,6,500,specific_humidity,0.0005413509645224427,0.00016685150995882826,3.244507434520819
1,128,200,6,550,specific_humidity,0.0008277244158233323,0.00021487303231659992,3.8521558843351738
1,128,200,6,600,specific_humidity,0.0004988976534325993,0.00025206401385736966,1.9792498175280995
1,128,200,6,650,specific_humidity,0.0006067692357466071,0.0002942486987821947,2.062096581082055
1,128,200,6,700,specific_humidity,0.0006424325753231384,0.0003363237500858548,1.9101611918847299
1,128,200,6,750,specific_humidity,0.0007563344260666335,0.00037860520076298974,1.9976863089635835
1,128,200,6,775,specific_humidity,0.0008715028248254996,0.00039260193803214373,2.2198128445156744
1,128,200,6,800,specific_humidity,0.0008183900223190134,0.00040466835784564294,2.0223721634078955
1,128,200,6,825,specific_humidity,0.0009097789944512627,0.000413348603569168,2.20099689849085
1,128,200,6,850,specific_humidity,0.001369014929446601,0.0004130505235106746,3.31440066413866
1,128,200,6,875,specific_humidity,0.001829932813819041,0.00039473209948691704,4.635885493471736
1,128,200,6,900,specific_humidity,0.0010163793116248834,0.00036987817005644063,2.7478759059227302
1,128,200,6,925,specific_humidity,0.0007988032123161531,0.00034080341872750274,2.3438826268196995
1,128,200,6,950,specific_humidity,0.0008233182752178072,0.000303403494668488,2.713608411522751
1,128,200,6,975,specific_humidity,0.0007029422728384864,0.0002819638950214839,2.493022281398569
1,128,200,6,1000,specific_humidity,0.000846038939660958,0.000275698375966985,3.0687120904994796
1,128,200,6,1,specific_cloud_ice_water_content,2.0664355391414893e-06,1.4206039464794252e-06,1.4546176253153311
1,128,200,6,2,specific_cloud_ice_water_content,2.0575952346983675e-06,1.4056207277356892e-06,1.4638338736032601
1,128,200,6,3,specific_cloud_ice_water_content,2.059129867584087e-06,1.4049656067194154e-06,1.4656087364246164
1,128,200,6,5,specific_cloud_ice_water_content,2.0630611938824334e-06,1.3990578523496726e-06,1.4746074941916008
1,128,200,6,7,specific_cloud_ice_water_content,2.0674660640042316e-06,1.4027574858603023e-06,1.4738585142793001
1,128,200,6,10,specific_cloud_ice_water_content,2.0670127215246066e-06,1.4106221265270812e-06,1.4653199341297332
1,128,200,6,20,specific_cloud_ice_water_content,1.666923347632381e-06,1.1857876167668038e-06,1.4057520284934777
1,128,200,6,30,specific_cloud_ice_water_content,1.4409639062475653e-06,1.01028739149733e-06,1.4262910914011673
1,128,200,6,50,specific_cloud_ice_water_content,2.3204603490342516e-06,7.708389414940023e-07,3.010305037958836
1,128,200,6,70,specific_cloud_ice_water_content,2.4469854236331446e-06,6.990539799351904e-07,3.500424135858587
1,128,200,6,100,specific_cloud_ice_water_content,3.1486341680234684e-06,9.788538346792786e-07,3.216654066697423
1,128,200,6,125,specific_cloud_ice_water_content,3.2154988846180407e-06,2.300681746129077e-06,1.3976287202817832
1,128,200,6,150,specific_cloud_ice_water_content,4.985816945095969e-06,3.7490564957738998e-06,1.3298857861214415
1,128,200,6,175,specific_cloud_ice_water_content,6.348069440138332e-06,4.960764079174599e-06,1.2796555810399597
1,128,200,6,200,specific_cloud_ice_water_content,7.1269295509605465e-06,6.1763666793779366e-06,1.1539032445655166
1,128,200,6,225,specific_cloud_ice_water_content,8.577890627371726e-06,7.1781582016565255e-06,1.1949988264945428
1,128,200,6,250,specific_cloud_ice_water_content,9.055820291486538e-06,7.50072130594897e-06,1.207326591951122
1,128,200,6,300,specific_cloud_ice_water_content,9.632785635261584e-06,7.689260186203563e-06,1.2527584451551252
1,128,200,6,350,specific_cloud_ice_water_content,9.638749577570005e-06,7.394346892745032e-06,1.3035295364661712
1,128,200,6,400,specific_cloud_ice_water_content,9.391895709836426e-06,6.521993740155893e-06,1.4400344563366498
1,128,200,6,450,specific_cloud_ice_water_content,7.929573406517502e-06,5.656019550027895e-06,1.401970650274431
1,128,200,6,500,specific_cloud_ice_water_content,6.731190113416802e-06,4.817655002351666e-06,1.3971922252903275
1,128,200,6,550,specific_cloud_ice_water_content,5.64004057820967e-06,3.980803809296654e-06,1.416809480798346
1,128,200,6,600,specific_cloud_ice_water_content,4.795732492114044e-06,3.3726014668895825e-06,1.4219683348880705
1,128,200,6,650,specific_cloud_ice_water_content,4.2347049998540315e-06,2.8844669380874784e-06,1.4681066175304534
1,128,200,6,700,specific_cloud_ice_water_content,3.929729021435295e-06,2.5674993548664024e-06,1.5305667025726577
1,128,200,6,750,specific_cloud_ice_water_content,3.553149969076749e-06,2.2538395465582705e-06,1.5764875430030467
1,128,200,6,775,specific_cloud_ice_water_content,3.633239191066547e-06,2.1856198644839124e-06,1.6623381083354396
1,128,200,6,800,specific_cloud_ice_water_content,3.9481623783528446e-06,2.159897297531843e-06,1.8279398668003737
1,128,200,6,825,specific_cloud_ice_water_content,2.8908002812320413e-06,2.114584282775733e-06,1.3670773516945844
1,128,200,6,850,specific_cloud_ice_water_content,3.1901221999952344e-06,1.994722956575078e-06,1.5992808372109208
1,128,200,6,875,specific_cloud_ice_water_content,2.3623103124546055e-06,1.7715402042323753e-06,1.3334782393370612
1,128,200,6,900,specific_cloud_ice_water_content,2.86714866338898e-06,1.560506010189548e-06,1.837319846682756
1,128,200,6,925,specific_cloud_ice_water_content,2.4876685639168944e-06,1.393651179751738e-06,1.7850008668309973
1,128,200,6,950,specific_cloud_ice_water_content,2.532670759918607e-06,1.2220703361723148e-06,2.0724427105000074
1,128,200,6,975,specific_cloud_ice_water_content,1.5544038328153525e-06,1.0380023373445382e-06,1.4974955035187054
1,128,200,6,1000,specific_cloud_ice_water_content,1.4612793215425995e-06,9.404953549931882e-07,1.5537336934037098
1,128,200,6,1,specific_cloud_liquid_water_content,7.573237326015902e-06,2.607430654687599e-06,2.9044827375949005
1,128,200,6,2,specific_cloud_liquid_water_content,7.579983339986878e-06,2.6116698308202425e-06,2.902351304340123
1,128,200,6,3,specific_cloud_liquid_water_content,7.589179433879524e-06,2.5949910173011508e-06,2.924549404326047
1,128,200,6,5,specific_cloud_liquid_water_content,7.577334322224862e-06,2.6077422040062975e-06,2.905706825844877
1,128,200,6,7,specific_cloud_liquid_water_content,7.581703582800028e-06,2.625027431847605e-06,2.888237848799814
1,128,200,6,10,specific_cloud_liquid_water_content,7.5927677098762565e-06,2.5969440454393827e-06,2.9237317312285866
1,128,200,6,20,specific_cloud_liquid_water_content,7.599562678892813e-06,2.2785213747666373e-06,3.335304536992175
1,128,200,6,30,specific_cloud_liquid_water_content,8.623314912009303e-06,1.9447560652356706e-06,4.434137044824852
1,128,200,6,50,specific_cloud_liquid_water_content,1.2604005466527367e-05,1.9026943828573445e-06,6.624293202358373
1,128,200,6,70,specific_cloud_liquid_water_content,2.6013597553759495e-05,1.5165505909421657e-06,17.153135351454644
1,128,200,6,100,specific_cloud_liquid_water_content,2.730550107083104e-05,1.5032028760004338e-06,18.164880806696356
1,128,200,6,125,specific_cloud_liquid_water_content,1.4615439331655712e-05,1.3879582471183588e-06,10.530172187816088
1,128,200,6,150,specific_cloud_liquid_water_content,1.357731151457739e-05,1.480373494315754e-06,9.171544591085091
1,128,200,6,175,specific_cloud_liquid_water_content,6.037015697315337e-06,1.6357976890769738e-06,3.6905637766989536
1,128,200,6,200,specific_cloud_liquid_water_content,3.129637753922553e-06,1.8112852966820385e-06,1.7278546674317448
1,128,200,6,225,specific_cloud_liquid_water_content,3.362325568718143e-06,1.6772163907512642e-06,2.0047058848572776
1,128,200,6,250,specific_cloud_liquid_water_content,2.825846636837738e-06,1.7577519747550994e-06,1.607648108164664
1,128,200,6,300,specific_cloud_liquid_water_content,4.2609289214109e-06,2.2215981351880656e-06,1.917956651980264
1,128,200,6,350,specific_cloud_liquid_water_content,4.014535281227974e-06,2.753910700547746e-06,1.4577579732086057
1,128,200,6,400,specific_cloud_liquid_water_content,5.483793641224782e-06,3.771407205589865e-06,1.4540444301789714
1,128,200,6,450,specific_cloud_liquid_water_content,8.373784959031876e-06,5.561933571204527e-06,1.5055528534869569
1,128,200,6,500,specific_cloud_liquid_water_content,1.106202443731991e-05,8.249067358806768e-06,1.3410030438786522
1,128,200,6,550,specific_cloud_liquid_water_content,1.322682154184049e-05,1.1006397365588961e-05,1.201739415950363
1,128,200,6,600,specific_cloud_liquid_water_content,1.331901977439846e-05,9.540017729517219e-06,1.396121071472315
1,128,200,6,650,specific_cloud_liquid_water_content,1.3332574436687039e-05,9.543024885674254e-06,1.397101505697796
1,128,200,6,700,specific_cloud_liquid_water_content,1.4803789350505947e-05,1.0752393249598763e-05,1.3767901719050657
1,128,200,6,750,specific_cloud_liquid_water_content,1.805527178310299e-05,1.2409822064669506e-05,1.4549178617561291
1,128,200,6,775,specific_cloud_liquid_water_content,2.0796277794426865e-05,1.307133403266907e-05,1.5909835784512054
1,128,200,6,800,specific_cloud_liquid_water_content,2.848052107446881e-05,1.4138016620359287e-05,2.0144636860488454
1,128,200,6,825,specific_cloud_liquid_water_content,3.9195520399444965e-05,1.60658139419533e-05,2.439684695780781
1,128,200,6,850,specific_cloud_liquid_water_content,0.00010615744574724171,1.7874178422521548e-05,5.939151061258449
1,128,200,6,875,specific_cloud_liquid_water_content,0.00017144213406653823,1.8107670967379836e-05,9.467928502532635
1,128,200,6,900,specific_cloud_liquid_water_content,7.653240341519153e-05,1.7254756612115812e-05,4.435438014898025
1,128,200,6,925,specific_cloud_liquid_water_content,3.2514461605008836e-05,1.5449699350835324e-05,2.1045368499841306
1,128,200,6,950,specific_cloud_liquid_water_content,2.3151188121680708e-05,1.305610728390447e-05,1.773207558597609
1,128,200,6,975,specific_cloud_liquid_water_content,1.5578024437678825e-05,9.737965528549028e-06,1.5997206389782708
1,128,200,6,1000,specific_cloud_liquid_water_content,1.0144461777967035e-05,7.395349420625011e-06,1.371735289434057
1,128,300,6,1,geopotential,3060.303862251938,30017.112690917347,0.10195197298832584
1,128,300,6,2,geopotential,1961.5420651229872,20502.3884876883,0.09567383167580182
1,128,300,6,3,geopotential,1524.2673473044717,15455.170984071645,0.09862507175594543
1,128,300,6,5,geopotential,1028.5824751962582,9454.636002500229,0.10879133526920073
1,128,300,6,7,geopotential,837.1927822563291,5951.390274193691,0.14067179998034224
1,128,300,6,10,geopotential,783.0927226152725,2712.6580123551735,0.28868096127435494
1,128,300,6,20,geopotential,675.8520833308824,1383.490532900262,0.4885122574088518
1,128,300,6,30,geopotential,442.5228068178226,1782.3774993327822,0.24827670175564784
1,128,300,6,50,geopotential,393.4227931841474,48.71837840567823,8.075449266970946
1,128,300,6,70,geopotential,707.893273954847,44.25181490018717,15.996932002710986
1,128,300,6,100,geopotential,364.0901671627757,32.36684696735586,11.248861142699042
1,128,300,6,125,geopotential,202.9787651173969,27.250452833998416,7.448638242963618
1,128,300,6,150,geopotential,155.0285667405024,25.853203015822537,5.996493612246911
1,128,300,6,175,geopotential,158.7358813099207,25.879460085026363,6.133662788497042
1,128,300,6,200,geopotential,139.2290204997104,26.94857391969595,5.1664708089785725
1,128,300,6,225,geopotential,142.36568132100842,27.00899913723362,5.271046164933535
1,128,300,6,250,geopotential,141.7285597187998,27.853511372988223,5.088355210260683
1,128,300,6,300,geopotential,140.06990621862573,29.16670333614647,4.802390746884179
1,128,300,6,350,geopotential,140.8110685555646,29.207937994145585,4.820986287487623
1,128,300,6,400,geopotential,142.9630772288524,28.084448168897442,5.090471294614187
1,128,300,6,450,geopotential,138.64084126138889,26.924804839753435,5.149186487572643
1,128,300,6,500,geopotential,131.22990987654464,25.5906557844183,5.128040132384893
1,128,300,6,550,geopotential,133.8819185033222,24.343130155875908,5.499782388133269
1,128,300,6,600,geopotential,133.73152884380193,23.777138524480296,5.624374384079715
1,128,300,6,650,geopotential,132.8957945121249,23.42100179145581,5.674214779344172
1,128,300,6,700,geopotential,138.4325225370008,23.71434595430227,5.837501181932715
1,128,300,6,750,geopotential,154.14604274129758,23.925957089770304,6.442628069712777
1,128,300,6,775,geopotential,154.460275859112,24.122567562987896,6.403144087203462
1,128,300,6,800,geopotential,160.56427430059355,24.41477679319394,6.576520263144643
1,128,300,6,825,geopotential,177.13938782347032,24.82136838384357,7.136568181259974
1,128,300,6,850,geopotential,203.45508428303862,25.2001591806623,8.073563457454775
1,128,300,6,875,geopotential,211.53522724055685,25.662939695315867,8.24282914397244
1,128,300,6,900,geopotential,195.63706847170832,26.37463086834615,7.417622997200111
1,128,300,6,925,geopotential,184.94133050586328,27.231975129279554,6.791330031254918
1,128,300,6,950,geopotential,177.9076403401517,28.138298628468174,6.32261540362495
1,128,300,6,975,geopotential,178.06328987382562,29.473191721908822,6.041533999911612
1,128,300,6,1000,geopotential,164.1638089936237,31.291805198544278,5.246223666292693
1,128,300,6,1,temperature,6.90808316899242,8.585644145124043,0.8046086062064028
1,128,300,6,2,temperature,12.695749104976919,6.857750280841892,1.8512994181844609
1,128,300,6,3,temperature,11.945959106785782,5.595503425158137,2.1349212392713657
1,128,300,6,5,temperature,8.309730618924844,4.228495628067508,1.9651742250287079
1,128,300,6,7,temperature,7.010429920401737,3.497812416957201,2.0042326702299875
1,128,300,6,10,temperature,5.6843362328719635,2.581661702999672,2.201812974282125
1,128,300,6,20,temperature,3.165686062263113,2.3380640474223027,1.3539774779708267
1,128,300,6,30,temperature,3.426039185865381,2.0263439145660045,1.6907491177770575
1,128,300,6,50,temperature,1.4144503282734557,0.5925003334836259,2.3872565943670394
1,128,300,6,70,temperature,4.83410067336463,0.5706100911703732,8.471810695547726
1,128,300,6,100,temperature,5.029267537038512,0.45749890306441693,10.992960864717919
1,128,300,6,125,temperature,4.967179952114229,0.36691240447176915,13.53778147475091
1,128,300,6,150,temperature,1.826141702704314,0.327471433827833,5.576491608316596
1,128,300,6,175,temperature,2.031348650800922,0.30621465563802763,6.633740787384627
1,128,300,6,200,temperature,1.1798058162252882,0.31506225114522685,3.744675256831898
1,128,300,6,225,temperature,1.0878863614841667,0.32288913260873686,3.3692256927160833
1,128,300,6,250,temperature,0.8617675010672498,0.31689929214080653,2.7193733859283733
1,128,300,6,300,temperature,2.264634984124038,0.31351115945525054,7.223458929050606
1,128,300,6,350,temperature,1.2808498861185575,0.3036021504230704,4.21884326027892
1,128,300,6,400,temperature,1.2103134837655833,0.30196674989182404,4.008101833063288
1,128,300,6,450,temperature,0.6298419499179316,0.30076424636283866,2.0941383742737067
1,128,300,6,500,temperature,0.9987446899233813,0.30229639005800685,3.303859135505174
1,128,300,6,550,temperature,0.873053627582111,0.31002479252728576,2.8160768061969503
1,128,300,6,600,temperature,0.9766702415171841,0.3179765382408303,3.071516681452359
1,128,300,6,650,temperature,1.2683448682259229,0.33060825539124505,3.836398055834846
1,128,300,6,700,temperature,1.2866905815627911,0.34310377892444033,3.7501498397840476
1,128,300,6,750,temperature,1.599724487235275,0.36546232228631653,4.37726241443295
1,128,300,6,775,temperature,0.9373468452509647,0.3751180538068075,2.4988049381747834
1,128,300,6,800,temperature,1.4482870401304582,0.39138594820423345,3.700406329801885
1,128,300,6,825,temperature,1.7280726716682537,0.4166086232846167,4.147952238827465
1,128,300,6,850,temperature,3.8039251163493186,0.4357134643717728,8.730336396268942
1,128,300,6,875,temperature,3.6090675168953523,0.4444190285900196,8.120866310215417
1,128,300,6,900,temperature,1.3761904156144618,0.44668719440069277,3.080881728568146
1,128,300,6,925,temperature,0.980417629050807,0.4469750334402169,2.1934505413084517
1,128,300,6,950,temperature,1.2059389953778368,0.4578317390549868,2.634022267366222
1,128,300,6,975,temperature,1.206330334068393,0.4764615387155689,2.531852491851458
1,128,300,6,1000,temperature,1.2655905224194748,0.49038267063452684,2.5808222806525234
1,128,300,6,1,u_component_of_wind,31.397908577130686,27.204844325386265,1.1541293234981556
1,128,300,6,2,u_component_of_wind,21.263148421030493,22.446676899018403,0.9472737776147316
1,128,300,6,3,u_component_of_wind,16.982319713900942,17.96488830999068,0.945306167278351
1,128,300,6,5,u_component_of_wind,18.203377920670455,12.295344974765397,1.4805097342149025
1,128,300,6,7,u_component_of_wind,13.556608758788226,9.294833048770784,1.458510194605491
1,128,300,6,10,u_component_of_wind,9.883433316763963,7.639593738633105,1.2937118981581253
1,128,300,6,20,u_component_of_wind,8.049125824382884,5.407237474167488,1.488583747770787
1,128,300,6,30,u_component_of_wind,7.22182614621128,4.887009149787574,1.477759898715392
1,128,300,6,50,u_component_of_wind,8.865724039389255,1.0080882920647531,8.794590820245116
1,128,300,6,70,u_component_of_wind,2.872476860357496,0.9873005182055209,2.909425050822822
1,128,300,6,100,u_component_of_wind,11.103561581550998,0.9996051790556035,11.107947231767351
1,128,300,6,125,u_component_of_wind,16.03209099998441,0.9860765232044753,16.258465365228002
1,128,300,6,150,u_component_of_wind,3.6799873904647664,1.008586578339923,3.648657903540437
1,128,300,6,175,u_component_of_wind,7.655331270648785,1.0400778167887839,7.3603447233250705
1,128,300,6,200,u_component_of_wind,14.086350747418562,1.0819338724505698,13.019604160754403
1,128,300,6,225,u_component_of_wind,4.73226704016664,1.1608111637816696,4.076689807797804
1,128,300,6,250,u_component_of_wind,5.515840094695032,1.2270676950135933,4.495139198195523
1,128,300,6,300,u_component_of_wind,10.03102790790294,1.2830383898066335,7.818182205299963
1,128,300,6,350,u_component_of_wind,9.577391651428789,1.2326156977467604,7.769973779286116
1,128,300,6,400,u_component_of_wind,6.12402342749181,1.156851315813363,5.293699668903527
1,128,300,6,450,u_component_of_wind,2.849598121685804,1.0782033970540394,2.6429133218015473
1,128,300,6,500,u_component_of_wind,2.0692852504379746,1.0116793591201603,2.045396332131947
1,128,300,6,550,u_component_of_wind,2.7567765406580707,0.9726858959108473,2.834189898555645
1,128,300,6,600,u_component_of_wind,1.8605621331389197,0.9395080895405804,1.9803577572692694
1,128,300,6,650,u_component_of_wind,4.229417840179924,0.9249772579484165,4.57245602941709
1,128,300,6,700,u_component_of_wind,1.8903689081875499,0.9065132547455201,2.08531855247745
1,128,300,6,750,u_component_of_wind,1.8886816864990623,0.891739235815678,2.117975312336096
1,128,300,6,775,u_component_of_wind,2.165297858994011,0.8804262263120204,2.4593745555083406
1,128,300,6,800,u_component_of_wind,3.287565782503455,0.8758255989947605,3.7536762870105633
1,128,300,6,825,u_component_of_wind,2.283844400466285,0.871877105839213,2.619456784873371
1,128,300,6,850,u_component_of_wind,2.812930995354513,0.8621702091975713,3.26261678418758
1,128,300,6,875,u_component_of_wind,4.144404926016999,0.8469161548081213,4.8935244681404875
1,128,300,6,900,u_component_of_wind,3.957124552585536,0.8358403242679547,4.734306825949397
1,128,300,6,925,u_component_of_wind,2.550327031282573,0.8269162330630735,3.0841419351941126
1,128,300,6,950,u_component_of_wind,2.70550168993039,0.8123438089459414,3.330488470689424
1,128,300,6,975,u_component_of_wind,2.1480445352345217,0.772936429394987,2.779070119538673
1,128,300,6,1000,u_component_of_wind,2.573883440161774,0.706530603585151,3.6429893158217173
1,128,300,6,1,v_component_of_wind,12.863414703343459,10.217615421462448,1.2589448880923253
1,128,300,6,2,v_component_of_wind,9.824475423036427,8.013975230005627,1.2259178673590096
1,128,300,6,3,v_component_of_wind,8.72711309938729,6.99604354491347,1.2474355031326825
1,128,300,6,5,v_component_of_wind,6.689441211440611,5.856882113139169,1.1421505644502734
1,128,300,6,7,v_component_of_wind,5.597578566672491,5.04879805780746,1.1086952780803734
1,128,300,6,10,v_component_of_wind,4.653341750170279,4.212054649797571,1.1047676578445904
1,128,300,6,20,v_component_of_wind,4.051257752643663,3.132682837034625,1.2932230817463009
1,128,300,6,30,v_component_of_wind,4.888834370194827,2.934383552770658,1.6660515853760043
1,128,300,6,50,v_component_of_wind,4.265060551495857,1.0162184764490427,4.196991739806971
1,128,300,6,70,v_component_of_wind,15.94080210848876,1.0146993114070182,15.709877723662467
1,128,300,6,100,v_component_of_wind,2.079546540954336,1.0124299104952352,2.0540153144400044
1,128,300,6,125,v_component_of_wind,5.389374877849177,0.9845476252423212,5.473960567953958
1,128,300,6,150,v_component_of_wind,8.922877140418295,0.990590970267721,9.00763020079495
1,128,300,6,175,v_component_of_wind,2.2405115047634436,1.0026061549574068,2.2346875626936744
1,128,300,6,200,v_component_of_wind,2.6919671805029033,1.0506483400486595,2.5621961962822195
1,128,300,6,225,v_component_of_wind,4.320927108165973,1.1539458111821337,3.744480084155336
1,128,300,6,250,v_component_of_wind,9.969798620266113,1.2472675204999661,7.993312145472792
1,128,300,6,300,v_component_of_wind,13.982717268290079,1.347740651303455,10.374931745782709
1,128,300,6,350,v_component_of_wind,3.6186448205092683,1.3290593707296534,2.722711189736116
1,128,300,6,400,v_component_of_wind,3.515859158460885,1.2521074225075,2.807953291595335
1,128,300,6,450,v_component_of_wind,3.6692529071602182,1.1675815532403064,3.1426095222018544
1,128,300,6,500,v_component_of_wind,1.9105646955283264,1.093600898328093,1.7470401665262119
1,128,300,6,550,v_component_of_wind,1.5998112164390523,1.0396268502141275,1.5388321455044625
1,128,300,6,600,v_component_of_wind,1.9777327278864494,0.9974577749310111,1.982773384089606
1,128,300,6,650,v_component_of_wind,5.079274728783769,0.9792344605076282,5.186985276386933
1,128,300,6,700,v_component_of_wind,1.9000314444316746,0.9604954173243057,1.9781785630218578
1,128,300,6,750,v_component_of_wind,3.1571386273458257,0.9424057204498179,3.350084320200113
1,128,300,6,775,v_component_of_wind,4.215273988420277,0.9308451007215435,4.5284376371029
1,128,300,6,800,v_component_of_wind,3.7600555745595687,0.9278565426619727,4.052410476917221
1,128,300,6,825,v_component_of_wind,3.210485712896993,0.924852716790928,3.4713480910093435
1,128,300,6,850,v_component_of_wind,3.067467957234316,0.9187872484327434,3.3386052782804367
1,128,300,6,875,v_component_of_wind,3.6395973183340007,0.905953755531246,4.0174206421825165
1,128,300,6,900,v_component_of_wind,5.675938016433402,0.8963129279150315,6.33254061127574
1,128,300,6,925,v_component_of_wind,8.453057727925069,0.891872274973568,9.477879249218267
1,128,300,6,950,v_component_of_wind,6.778879785311438,0.8758473474280674,7.739795987528731
1,128,300,6,975,v_component_of_wind,8.209512087937426,0.8252007431177929,9.94850302354316
1,128,300,6,1000,v_component_of_wind,8.097291212155328,0.7474144380338668,10.833736679553446
1,128,300,6,1,specific_humidity,4.046767101332938e-07,9.093771566984339e-07,0.4450042616008794
1,128,300,6,2,specific_humidity,2.439059519561203e-07,7.335056784697729e-07,0.33252087763649324
1,128,300,6,3,specific_humidity,1.5353398827232928e-07,5.95589768955808e-07,0.25778479798520737
1,128,300,6,5,specific_humidity,2.1991455426043684e-07,4.224884578703961e-07,0.5205220406941827
1,128,300,6,7,specific_humidity,2.9236396269135457e-07,3.348673087158939e-07,0.8730740657022458
1,128,300,6,10,specific_humidity,3.742519581807465e-07,2.470444360450041e-07,1.5149175758508846
1,128,300,6,20,specific_humidity,3.474985281280553e-07,1.196116131921905e-07,2.9052239899958447
1,128,300,6,30,specific_humidity,1.3621751874468832e-07,1.0382307119485337e-07,1.3120158860359428
1,128,300,6,50,specific_humidity,3.856530691929537e-07,1.2568902329994858e-08,30.68311448905272
1,128,300,6,70,specific_humidity,3.148307061211161e-07,2.414820950784697e-08,13.037434763799434
1,128,300,6,100,specific_humidity,6.396858021469236e-07,8.178295415058188e-08,7.821749761803784
1,128,300,6,125,specific_humidity,1.4120151298108658e-06,2.1831824920281115e-07,6.467691706794267
1,128,300,6,150,specific_humidity,3.4193821626895925e-06,5.992997945378687e-07,5.705628791890947
1,128,300,6,175,specific_humidity,3.8116393113955793e-06,1.5910159323679622e-06,2.3957266761763907
1,128,300,6,200,specific_humidity,1.0678897115537487e-05,3.764010817253872e-06,2.837105851711803
1,128,300,6,225,specific_humidity,3.352352140616732e-05,7.610957609189218e-06,4.404639091103612
1,128,300,6,250,specific_humidity,4.570477401357551e-05,1.317197315186294e-05,3.4698502256749126
1,128,300,6,300,specific_humidity,0.00010531533622635148,2.9177964649465544e-05,3.6094133875194943
1,128,300,6,350,specific_humidity,0.00014537012295210536,5.435803037432676e-05,2.6743081371977655
1,128,300,6,400,specific_humidity,0.0003870720356053735,8.676819061223045e-05,4.4609900572343335
1,128,300,6,450,specific_humidity,0.0003270038912722958,0.00012779900835098047,2.5587357483575266
1,128,300,6,500,specific_humidity,0.0006011115164211129,0.00016685150995882826,3.6026735183244143
1,128,300,6,550,specific_humidity,0.0012807281370006865,0.00021487303231659992,5.960394951347947
1,128,300,6,600,specific_humidity,0.0007838027683320092,0.00025206401385736966,3.1095385506934115
1,128,300,6,650,specific_humidity,0.000522831340323928,0.0002942486987821947,1.7768348423893354
1,128,300,6,700,specific_humidity,0.0006483293971547251,0.0003363237500858548,1.9276943629143746
1,128,300,6,750,specific_humidity,0.0010465034863778684,0.00037860520076298974,2.76410224758901
1,128,300,6,775,specific_humidity,0.0013576901650382278,0.00039260193803214373,3.45818508141717
1,128,300,6,800,specific_humidity,0.0014499580687572765,0.00040466835784564294,3.5830774525502926
1,128,300,6,825,specific_humidity,0.0014882567495210722,0.000413348603569168,3.600488151333584
1,128,300,6,850,specific_humidity,0.0021151676982615964,0.0004130505235106746,5.120844976260957
1,128,300,6,875,specific_humidity,0.0029849458500916886,0.00039473209948691704,7.561953674331523
1,128,300,6,900,specific_humidity,0.001511798880437137,0.00036987817005644063,4.087288742145685
1,128,300,6,925,specific_humidity,0.0007908710344811143,0.00034080341872750274,2.320607690597944
1,128,300,6,950,specific_humidity,0.0008932372396394002,0.000303403494668488,2.9440571889766476
1,128,300,6,975,specific_humidity,0.0006582728563064909,0.0002819638950214839,2.3345998119948463
1,128,300,6,1000,specific_humidity,0.0007880034088106908,0.000275698375966985,2.858208380977386
1,128,300,6,1,specific_cloud_ice_water_content,1.8247269065178862e-06,1.4206039464794252e-06,1.284472643511915
1,128,300,6,2,specific_cloud_ice_water_content,1.8009401856244394e-06,1.4056207277356892e-06,1.2812419097757397
1,128,300,6,3,specific_cloud_ice_water_content,1.7998158000347727e-06,1.4049656067194154e-06,1.2810390456726763
1,128,300,6,5,specific_cloud_ice_water_content,1.7904525540821386e-06,1.3990578523496726e-06,1.279755909360811
1,128,300,6,7,specific_cloud_ice_water_content,1.8117205172951846e-06,1.4027574858603023e-06,1.2915422199184114
1,128,300,6,10,specific_cloud_ice_water_content,1.7977347607335687e-06,1.4106221265270812e-06,1.274426883661289
1,128,300,6,20,specific_cloud_ice_water_content,1.501893148856726e-06,1.1857876167668038e-06,1.2665785403897394
1,128,300,6,30,specific_cloud_ice_water_content,1.2897990855417247e-06,1.01028739149733e-06,1.276665527449704
1,128,300,6,50,specific_cloud_ice_water_content,1.7477947764186815e-06,7.708389414940023e-07,2.2673929433704934
1,128,300,6,70,specific_cloud_ice_water_content,1.717236757349339e-06,6.990539799351904e-07,2.45651524294096
1,128,300,6,100,specific_cloud_ice_water_content,1.9027601266495462e-06,9.788538346792786e-07,1.9438654263156516
1,128,300,6,125,specific_cloud_ice_water_content,2.932662081686859e-06,2.300681746129077e-06,1.2746926369199458
1,128,300,6,150,specific_cloud_ice_water_content,4.4259161693348016e-06,3.7490564957738998e-06,1.1805413373535147
1,128,300,6,175,specific_cloud_ice_water_content,5.936407087804012e-06,4.960764079174599e-06,1.1966719225220133
1,128,300,6,200,specific_cloud_ice_water_content,7.0058542717579996e-06,6.1763666793779366e-06,1.1343002505258653
1,128,300,6,225,specific_cloud_ice_water_content,8.336621009242549e-06,7.1781582016565255e-06,1.1613871936283993
1,128,300,6,250,specific_cloud_ice_water_content,9.255062384137483e-06,7.50072130594897e-06,1.2338896496257115
1,128,300,6,300,specific_cloud_ice_water_content,9.584009978283553e-06,7.689260186203563e-06,1.2464150966668601
1,128,300,6,350,specific_cloud_ice_water_content,9.415593333516888e-06,7.394346892745032e-06,1.2733502322909684
1,128,300,6,400,specific_cloud_ice_water_content,9.117294004480603e-06,6.521993740155893e-06,1.3979305052602942
1,128,300,6,450,specific_cloud_ice_water_content,7.872292511692936e-06,5.656019550027895e-06,1.3918432286278273
1,128,300,6,500,specific_cloud_ice_water_content,6.540465897864636e-06,4.817655002351666e-06,1.3576036255547577
1,128,300,6,550,specific_cloud_ice_water_content,5.462931186636311e-06,3.980803809296654e-06,1.3723186191387629
1,128,300,6,600,specific_cloud_ice_water_content,4.494889386457151e-06,3.3726014668895825e-06,1.3327662430873015
1,128,300,6,650,specific_cloud_ice_water_content,3.854391729062893e-06,2.8844669380874784e-06,1.3362578985282165
1,128,300,6,700,specific_cloud_ice_water_content,3.527832968908481e-06,2.5674993548664024e-06,1.3740346077290635
1,128,300,6,750,specific_cloud_ice_water_content,3.1866671222014425e-06,2.2538395465582705e-06,1.4138837554197892
1,128,300,6,775,specific_cloud_ice_water_content,2.841146193000683e-06,2.1856198644839124e-06,1.2999269631325203
1,128,300,6,800,specific_cloud_ice_water_content,3.0095229969108464e-06,2.159897297531843e-06,1.393363934641655
1,128,300,6,825,specific_cloud_ice_water_content,2.6724059039296038e-06,2.114584282775733e-06,1.263797298456054
1,128,300,6,850,specific_cloud_ice_water_content,2.711825094603064e-06,1.994722956575078e-06,1.3594996165579023
1,128,300,6,875,specific_cloud_ice_water_content,2.2322461950930694e-06,1.7715402042323753e-06,1.260059574013632
1,128,300,6,900,specific_cloud_ice_water_content,2.4046378770112993e-06,1.560506010189548e-06,1.5409347104784417
1,128,300,6,925,specific_cloud_ice_water_content,2.223264633408673e-06,1.393651179751738e-06,1.5952805592319883
1,128,300,6,950,specific_cloud_ice_water_content,2.097222792080524e-06,1.2220703361723148e-06,1.7161228204338075
1,128,300,6,975,specific_cloud_ice_water_content,1.5063046920025796e-06,1.0380023373445382e-06,1.451157321915163
1,128,300,6,1000,specific_cloud_ice_water_content,1.3331105088591049e-06,9.404953549931882e-07,1.417455707549731
1,128,300,6,1,specific_cloud_liquid_water_content,5.095840255444898e-06,2.607430654687599e-06,1.9543531277749127
1,128,300,6,2,specific_cloud_liquid_water_content,5.116574768213333e-06,2.6116698308202425e-06,1.959120064807878
1,128,300,6,3,specific_cloud_liquid_water_content,5.113761379199316e-06,2.5949910173011508e-06,1.9706277767842693
1,128,300,6,5,specific_cloud_liquid_water_content,5.128700571942674e-06,2.6077422040062975e-06,1.9667206996394835
1,128,300,6,7,specific_cloud_liquid_water_content,5.124165099955893e-06,2.625027431847605e-06,1.95204249593281
1,128,300,6,10,specific_cloud_liquid_water_content,5.101502274248711e-06,2.5969440454393827e-06,1.9644251801295842
1,128,300,6,20,specific_cloud_liquid_water_content,4.711112705325055e-06,2.2785213747666373e-06,2.067618393883867
1,128,300,6,30,specific_cloud_liquid_water_content,4.611578055420645e-06,1.9447560652356706e-06,2.371288686461457
1,128,300,6,50,specific_cloud_liquid_water_content,8.44182916763839e-06,1.9026943828573445e-06,4.436776207307131
1,128,300,6,70,specific_cloud_liquid_water_content,1.1666637165762952e-05,1.5165505909421657e-06,7.69287700353932
1,128,300,6,100,specific_cloud_liquid_water_content,1.0276902828824456e-05,1.5032028760004338e-06,6.836670547203963
1,128,300,6,125,specific_cloud_liquid_water_content,7.062956589498707e-06,1.3879582471183588e-06,5.088738515126535
1,128,300,6,150,specific_cloud_liquid_water_content,5.3964963281805656e-06,1.480373494315754e-06,3.645361355699556
1,128,300,6,175,specific_cloud_liquid_water_content,2.8361330665750783e-06,1.6357976890769738e-06,1.7337920731355319
1,128,300,6,200,specific_cloud_liquid_water_content,2.7214192332395406e-06,1.8112852966820385e-06,1.5024796139099181
1,128,300,6,225,specific_cloud_liquid_water_content,2.321988270286561e-06,1.6772163907512642e-06,1.3844297510391539
1,128,300,6,250,specific_cloud_liquid_water_content,2.521821822821037e-06,1.7577519747550994e-06,1.4346858140622443
1,128,300,6,300,specific_cloud_liquid_water_content,3.3096054006613605e-06,2.2215981351880656e-06,1.4897408078627108
1,128,300,6,350,specific_cloud_liquid_water_content,3.798138180551771e-06,2.753910700547746e-06,1.379179862221506
1,128,300,6,400,specific_cloud_liquid_water_content,5.198445685188329e-06,3.771407205589865e-06,1.3783835586577209
1,128,300,6,450,specific_cloud_liquid_water_content,7.722945976511615e-06,5.561933571204527e-06,1.3885361767884412
1,128,300,6,500,specific_cloud_liquid_water_content,1.056895594673841e-05,8.249067358806768e-06,1.281230409090418
1,128,300,6,550,specific_cloud_liquid_water_content,1.2870580151251521e-05,1.1006397365588961e-05,1.169372658803947
1,128,300,6,600,specific_cloud_liquid_water_content,1.3095917994562142e-05,9.540017729517219e-06,1.3727351841331297
1,128,300,6,650,specific_cloud_liquid_water_content,1.320115526748253e-05,9.543024885674254e-06,1.383330277939416
1,128,300,6,700,specific_cloud_liquid_water_content,1.514985408148892e-05,1.0752393249598763e-05,1.4089750746471492
1,128,300,6,750,specific_cloud_liquid_water_content,1.897548843636635e-05,1.2409822064669506e-05,1.5290701460087128
1,128,300,6,775,specific_cloud_liquid_water_content,2.270496548973461e-05,1.307133403266907e-05,1.7370044582280806
1,128,300,6,800,specific_cloud_liquid_water_content,3.181806006023826e-05,1.4138016620359287e-05,2.2505320876776334
1,128,300,6,825,specific_cloud_liquid_water_content,5.048269367519807e-05,1.60658139419533e-05,3.1422431417166234
1,128,300,6,850,specific_cloud_liquid_water_content,0.00013238473404879558,1.7874178422521548e-05,7.406479387158305
1,128,300,6,875,specific_cloud_liquid_water_content,0.00019842782813891664,1.8107670967379836e-05,10.958219226336482
1,128,300,6,900,specific_cloud_liquid_water_content,8.758575874165219e-05,1.7254756612115812e-05,5.076035594738664
1,128,300,6,925,specific_cloud_liquid_water_content,2.8267377208809773e-05,1.5449699350835324e-05,1.8296393066886076
1,128,300,6,950,specific_cloud_liquid_water_content,2.100114768044812e-05,1.305610728390447e-05,1.6085305691642309
1,128,300,6,975,specific_cloud_liquid_water_content,1.4658643442423176e-05,9.737965528549028e-06,1.5053086190794245
1,128,300,6,1000,specific_cloud_liquid_water_content,9.914230524887594e-06,7.395349420625011e-06,1.3406033928887302
1,128,400,6,1,geopotential,3251.379905434515,30017.112690917347,0.10831754335980241
1,128,400,6,2,geopotential,2124.765772572496,20502.3884876883,0.10363503617387895
1,128,400,6,3,geopotential,1774.4898096751713,15455.170984071645,0.11481528166229865
1,128,400,6,5,geopotential,989.985115829013,9454.636002500229,0.10470896135686415
1,128,400,6,7,geopotential,760.4475255957614,5951.390274193691,0.12777645063762663
1,128,400,6,10,geopotential,673.3926587227373,2712.6580123551735,0.2482408971774835
1,128,400,6,20,geopotential,625.7798337235444,1383.490532900262,0.45231956333788503
1,128,400,6,30,geopotential,413.1417182951237,1782.3774993327822,0.23179248977827638
1,128,400,6,50,geopotential,416.4228373720974,48.71837840567823,8.547551273249326
1,128,400,6,70,geopotential,532.1800149044905,44.25181490018717,12.026173753660881
1,128,400,6,100,geopotential,250.9223101502601,32.36684696735586,7.75244837420624
1,128,400,6,125,geopotential,192.21054947344032,27.250452833998416,7.053480932751075
1,128,400,6,150,geopotential,141.49696391276024,25.853203015822537,5.473092205486571
1,128,400,6,175,geopotential,138.72834674130894,25.879460085026363,5.360557997945869
1,128,400,6,200,geopotential,124.62121934463454,26.94857391969595,4.624408687301721
1,128,400,6,225,geopotential,123.58850341753792,27.00899913723362,4.575826849028379
1,128,400,6,250,geopotential,120.81987102254725,27.853511372988223,4.33768904051774
1,128,400,6,300,geopotential,120.66121038469808,29.16670333614647,4.136950583481333
1,128,400,6,350,geopotential,123.6826282634136,29.207937994145585,4.234555287271715
1,128,400,6,400,geopotential,123.27716941839205,28.084448168897442,4.389517240182674
1,128,400,6,450,geopotential,121.70176035835794,26.924804839753435,4.52006100258413
1,128,400,6,500,geopotential,117.6806716614092,25.5906557844183,4.598579757110519
1,128,400,6,550,geopotential,121.4132031121656,24.343130155875908,4.987575645971686
1,128,400,6,600,geopotential,119.77990218129236,23.777138524480296,5.03760795513599
1,128,400,6,650,geopotential,118.38496376018557,23.42100179145581,5.054649874258302
1,128,400,6,700,geopotential,125.71714686328589,23.71434595430227,5.301312003524947
1,128,400,6,750,geopotential,136.11027963302274,23.925957089770304,5.688812327228388
1,128,400,6,775,geopotential,136.17438728544866,24.122567562987896,5.64510336347387
1,128,400,6,800,geopotential,143.33031571294018,24.41477679319394,5.870637971709661
1,128,400,6,825,geopotential,155.64297283543158,24.82136838384357,6.270523463031187
1,128,400,6,850,geopotential,179.76769054634326,25.2001591806623,7.133593453024319
1,128,400,6,875,geopotential,183.93453877565943,25.662939695315867,7.167321474446363
1,128,400,6,900,geopotential,165.13148229073298,26.37463086834615,6.260996907028475
1,128,400,6,925,geopotential,160.49110366214848,27.231975129279554,5.89348010565675
1,128,400,6,950,geopotential,155.5678897701021,28.138298628468174,5.528688561600183
1,128,400,6,975,geopotential,151.70194429901326,29.473191721908822,5.14711625840801
1,128,400,6,1000,geopotential,141.25216574537845,31.291805198544278,4.514030585616378
1,128,400,6,1,temperature,6.763341566623065,8.585644145124043,0.7877500455762659
1,128,400,6,2,temperature,11.731208480752572,6.857750280841892,1.7106497029390797
1,128,400,6,3,temperature,11.153560483472646,5.595503425158137,1.9933077751904744
1,128,400,6,5,temperature,7.6829458455021955,4.228495628067508,1.8169454390599495
1,128,400,6,7,temperature,6.566843836025279,3.497812416957201,1.877414524629618
1,128,400,6,10,temperature,5.638074605117615,2.581661702999672,2.1838936521259353
1,128,400,6,20,temperature,2.7983763670949418,2.3380640474223027,1.196877549261377
1,128,400,6,30,temperature,3.2586806391326752,2.0263439145660045,1.6081577345820925
1,128,400,6,50,temperature,1.1220049040943851,0.5925003334836259,1.8936780971877587
1,128,400,6,70,temperature,3.976352271963907,0.5706100911703732,6.968597880573838
1,128,400,6,100,temperature,5.879945265332538,0.45749890306441693,12.852370193562253
1,128,400,6,125,temperature,4.028245193779021,0.36691240447176915,10.97876535294124
1,128,400,6,150,temperature,1.0619237033459914,0.327471433827833,3.2427979776223603
1,128,400,6,175,temperature,1.3376584448664015,0.30621465563802763,4.3683684638779345
1,128,400,6,200,temperature,0.8596640388225864,0.31506225114522685,2.7285529627804483
1,128,400,6,225,temperature,0.9498149666498765,0.32288913260873686,2.9416132992026753
1,128,400,6,250,temperature,1.0206874951445526,0.31689929214080653,3.2208576051064033
1,128,400,6,300,temperature,1.5500896822658046,0.31351115945525054,4.9442886975991645
1,128,400,6,350,temperature,1.294422081984119,0.3036021504230704,4.263547146093459
1,128,400,6,400,temperature,0.9868037476886501,0.30196674989182404,3.2679218756441255
1,128,400,6,450,temperature,0.4876537140342995,0.30076424636283866,1.621381929306848
1,128,400,6,500,temperature,0.724728739422727,0.30229639005800685,2.397411160892992
1,128,400,6,550,temperature,0.8665035126421236,0.31002479252728576,2.794949092872504
1,128,400,6,600,temperature,1.0138432637797026,0.3179765382408303,3.1884216030172454
1,128,400,6,650,temperature,1.5362671367911482,0.33060825539124505,4.646790005207567
1,128,400,6,700,temperature,1.2163512716779283,0.34310377892444033,3.5451409934654143
1,128,400,6,750,temperature,1.6731804566458104,0.36546232228631653,4.578257058562058
1,128,400,6,775,temperature,0.9367040344330294,0.3751180538068075,2.497091315459449
1,128,400,6,800,temperature,1.4550146891014866,0.39138594820423345,3.7175956259477902
1,128,400,6,825,temperature,1.9324644720288788,0.4166086232846167,4.638560903499751
1,128,400,6,850,temperature,3.801424749700925,0.4357134643717728,8.724597839045334
1,128,400,6,875,temperature,3.7564970054319446,0.4444190285900196,8.452601629930085
1,128,400,6,900,temperature,1.489395110112963,0.44668719440069277,3.334313427344254
1,128,400,6,925,temperature,1.0820713872378727,0.4469750334402169,2.420876573148912
1,128,400,6,950,temperature,1.2973236556200562,0.4578317390549868,2.833625423824634
1,128,400,6,975,temperature,1.2804574855498023,0.4764615387155689,2.6874309498341087
1,128,400,6,1000,temperature,1.2140683372454206,0.49038267063452684,2.475757015790314
1,128,400,6,1,u_component_of_wind,29.192522799437214,27.204844325386265,1.0730634018808238
1,128,400,6,2,u_component_of_wind,20.509537263192787,22.446676899018403,0.9137003822641414
1,128,400,6,3,u_component_of_wind,16.773789867394715,17.96488830999068,0.9336985333811639
1,128,400,6,5,u_component_of_wind,18.498256364826478,12.295344974765397,1.5044926679805855
1,128,400,6,7,u_component_of_wind,14.134548276066564,9.294833048770784,1.5206887742793638
1,128,400,6,10,u_component_of_wind,11.017594439854836,7.639593738633105,1.4421702012947786
1,128,400,6,20,u_component_of_wind,9.335849465492482,5.407237474167488,1.7265469678543854
1,128,400,6,30,u_component_of_wind,7.144836685692116,4.887009149787574,1.4620059972678143
1,128,400,6,50,u_component_of_wind,7.5297505291461055,1.0080882920647531,7.4693363551755665
1,128,400,6,70,u_component_of_wind,3.84280396282676,0.9873005182055209,3.8922333088726533
1,128,400,6,100,u_component_of_wind,7.744581412335479,0.9996051790556035,7.747640343012551
1,128,400,6,125,u_component_of_wind,10.269383214357893,0.9860765232044753,10.41438769983616
1,128,400,6,150,u_component_of_wind,3.439841291420716,1.008586578339923,3.4105562827164544
1,128,400,6,175,u_component_of_wind,5.022072228014497,1.0400778167887839,4.828554312907113
1,128,400,6,200,u_component_of_wind,12.445810792643975,1.0819338724505698,11.503300811217171
1,128,400,6,225,u_component_of_wind,5.2078125845250955,1.1608111637816696,4.486356391989872
1,128,400,6,250,u_component_of_wind,5.194952164936147,1.2270676950135933,4.233631270749572
1,128,400,6,300,u_component_of_wind,9.560883687017386,1.2830383898066335,7.451751843885439
1,128,400,6,350,u_component_of_wind,9.080411925233395,1.2326156977467604,7.366782641039313
1,128,400,6,400,u_component_of_wind,5.079274489081003,1.156851315813363,4.390602681304683
1,128,400,6,450,u_component_of_wind,2.3813802875743892,1.0782033970540394,2.2086558937590093
1,128,400,6,500,u_component_of_wind,1.6027562264773298,1.0116793591201603,1.5842531648280525
1,128,400,6,550,u_component_of_wind,1.678699472283083,0.9726858959108473,1.7258392245022809
1,128,400,6,600,u_component_of_wind,2.134419787306875,0.9395080895405804,2.27184822682113
1,128,400,6,650,u_component_of_wind,3.9265996768805747,0.9249772579484165,4.245076993124895
1,128,400,6,700,u_component_of_wind,3.1340047535007862,0.9065132547455201,3.4572078644129434
1,128,400,6,750,u_component_of_wind,2.37033683433788,0.891739235815678,2.6581053509098114
1,128,400,6,775,u_component_of_wind,2.138472989351464,0.8804262263120204,2.428906506237577
1,128,400,6,800,u_component_of_wind,3.322230378259332,0.8758255989947605,3.7932556231200167
1,128,400,6,825,u_component_of_wind,2.405543373271198,0.871877105839213,2.7590394989850964
1,128,400,6,850,u_component_of_wind,2.9171240276145696,0.8621702091975713,3.3834665086950295
1,128,400,6,875,u_component_of_wind,4.304747921869341,0.8469161548081213,5.082850170504342
1,128,400,6,900,u_component_of_wind,4.136462188131532,0.8358403242679547,4.948866509586417
1,128,400,6,925,u_component_of_wind,2.559813008225471,0.8269162330630735,3.0956134441131717
1,128,400,6,950,u_component_of_wind,2.2518990400804757,0.8123438089459414,2.772100944552569
1,128,400,6,975,u_component_of_wind,2.0809709682786988,0.772936429394987,2.6922925212718605
1,128,400,6,1000,u_component_of_wind,2.4233863517206773,0.706530603585151,3.429980724718333
1,128,400,6,1,v_component_of_wind,13.248333317020615,10.217615421462448,1.2966169473546676
1,128,400,6,2,v_component_of_wind,9.63746282800154,8.013975230005627,1.2025820583918592
1,128,400,6,3,v_component_of_wind,8.35408647652761,6.99604354491347,1.1941158488931243
1,128,400,6,5,v_component_of_wind,6.611852181761028,5.856882113139169,1.1289030672016054
1,128,400,6,7,v_component_of_wind,5.589779936778995,5.04879805780746,1.1071506272933538
1,128,400,6,10,v_component_of_wind,4.819556844967975,4.212054649797571,1.1442294190555198
1,128,400,6,20,v_component_of_wind,4.689381091719587,3.132682837034625,1.4969217554620118
1,128,400,6,30,v_component_of_wind,4.243068723555436,2.934383552770658,1.4459829968543518
1,128,400,6,50,v_component_of_wind,4.575372353476782,1.0162184764490427,4.502351078544092
1,128,400,6,70,v_component_of_wind,14.176713812924447,1.0146993114070182,13.971344666891033
1,128,400,6,100,v_component_of_wind,2.735414668706781,1.0124299104952352,2.701831149347157
1,128,400,6,125,v_component_of_wind,4.77015400700116,0.9845476252423212,4.84502108857061
1,128,400,6,150,v_component_of_wind,7.2063819372374205,0.990590970267721,7.274831038778594
1,128,400,6,175,v_component_of_wind,2.8090275444008883,1.0026061549574068,2.801725812784605
1,128,400,6,200,v_component_of_wind,1.9103286542509645,1.0506483400486595,1.8182379217031743
1,128,400,6,225,v_component_of_wind,3.388210240712851,1.1539458111821337,2.9361952770051443
1,128,400,6,250,v_component_of_wind,9.753753292718738,1.2472675204999661,7.820097238488944
1,128,400,6,300,v_component_of_wind,13.865995550958097,1.347740651303455,10.288326272230288
1,128,400,6,350,v_component_of_wind,5.058624239169777,1.3290593707296534,3.8061687465418443
1,128,400,6,400,v_component_of_wind,4.3187553604712985,1.2521074225075,3.4491891692666887
1,128,400,6,450,v_component_of_wind,3.2865538999557327,1.1675815532403064,2.814838835741103
1,128,400,6,500,v_component_of_wind,1.7374668211427746,1.093600898328093,1.58875767549115
1,128,400,6,550,v_component_of_wind,1.8891424026636165,1.0396268502141275,1.81713506367647
1,128,400,6,600,v_component_of_wind,2.3324949182556747,0.9974577749310111,2.3384397584318806
1,128,400,6,650,v_component_of_wind,6.524952524957212,0.9792344605076282,6.663319958710116
1,128,400,6,700,v_component_of_wind,2.1620801487650496,0.9604954173243057,2.2510051685494257
1,128,400,6,750,v_component_of_wind,3.0110199770942163,0.9424057204498179,3.195035759818003
1,128,400,6,775,v_component_of_wind,3.933959792818781,0.9308451007215435,4.226223879536323
1,128,400,6,800,v_component_of_wind,4.557130383311622,0.9278565426619727,4.911460095153772
1,128,400,6,825,v_component_of_wind,2.830958308178729,0.924852716790928,3.060982853574398
1,128,400,6,850,v_component_of_wind,2.7778596818884087,0.9187872484327434,3.023398166035553
1,128,400,6,875,v_component_of_wind,3.6239880914097173,0.905953755531246,4.000191035451508
1,128,400,6,900,v_component_of_wind,5.597090036330398,0.8963129279150315,6.244571356736015
1,128,400,6,925,v_component_of_wind,5.359543759720755,0.891872274973568,6.009317600863412
1,128,400,6,950,v_component_of_wind,4.968283005061558,0.8758473474280674,5.6725444447037034
1,128,400,6,975,v_component_of_wind,6.84650738250453,0.8252007431177929,8.29677801384048
1,128,400,6,1000,v_component_of_wind,6.865259886210339,0.7474144380338668,9.185345555097854
1,128,400,6,1,specific_humidity,4.361556938542928e-07,9.093771566984339e-07,0.4796202440775957
1,128,400,6,2,specific_humidity,2.707393426066466e-07,7.335056784697729e-07,0.36910326743680894
1,128,400,6,3,specific_humidity,1.6652379290452076e-07,5.95589768955808e-07,0.2795947841690958
1,128,400,6,5,specific_humidity,1.9218574546870682e-07,4.224884578703961e-07,0.4548899310467372
1,128,400,6,7,specific_humidity,2.5903980514074787e-07,3.348673087158939e-07,0.7735595514954279
1,128,400,6,10,specific_humidity,3.380156379063063e-07,2.470444360450041e-07,1.3682382138115832
1,128,400,6,20,specific_humidity,3.233582000071852e-07,1.196116131921905e-07,2.7034013786572473
1,128,400,6,30,specific_humidity,1.3015001851839808e-07,1.0382307119485337e-07,1.2535751160176598
1,128,400,6,50,specific_humidity,3.501887606901021e-07,1.2568902329994858e-08,27.86152294734598
1,128,400,6,70,specific_humidity,3.0315668483984615e-07,2.414820950784697e-08,12.554002595568639
1,128,400,6,100,specific_humidity,5.416802796150555e-07,8.178295415058188e-08,6.623388519540309
1,128,400,6,125,specific_humidity,1.0945896670068654e-06,2.1831824920281115e-07,5.013734174782724
1,128,400,6,150,specific_humidity,3.3654511052267344e-06,5.992997945378687e-07,5.615638676836018
1,128,400,6,175,specific_humidity,4.418979318838826e-06,1.5910159323679622e-06,2.7774576161923856
1,128,400,6,200,specific_humidity,1.190739509874753e-05,3.764010817253872e-06,3.1634858869600344
1,128,400,6,225,specific_humidity,3.828485738530917e-05,7.610957609189218e-06,5.030228698039955
1,128,400,6,250,specific_humidity,5.254331591790144e-05,1.317197315186294e-05,3.989023915560451
1,128,400,6,300,specific_humidity,0.00013164293648256086,2.9177964649465544e-05,4.511724449051733
1,128,400,6,350,specific_humidity,0.00019613168140040628,5.435803037432676e-05,3.6081454763864853
1,128,400,6,400,specific_humidity,0.0004464716457438859,8.676819061223045e-05,5.145568238701445
1,128,400,6,450,specific_humidity,0.00034467000451803985,0.00012779900835098047,2.696969318975123
1,128,400,6,500,specific_humidity,0.0005996543965879738,0.00016685150995882826,3.593940484781603
1,128,400,6,550,specific_humidity,0.0011939586009548306,0.00021487303231659992,5.556577240440386
1,128,400,6,600,specific_humidity,0.0010486268250241152,0.00025206401385736966,4.160160782084032
1,128,400,6,650,specific_humidity,0.0008572959110106174,0.0002942486987821947,2.9135079086456552
1,128,400,6,700,specific_humidity,0.0007649422759710344,0.0003363237500858548,2.2744224152346195
1,128,400,6,750,specific_humidity,0.0012675832707840903,0.00037860520076298974,3.3480344914163207
1,128,400,6,775,specific_humidity,0.0017288085688770686,0.00039260193803214373,4.40346417427905
1,128,400,6,800,specific_humidity,0.0020262903510553025,0.00040466835784564294,5.00728636615619
1,128,400,6,825,specific_humidity,0.0016540076354144486,0.000413348603569168,4.001483544718626
1,128,400,6,850,specific_humidity,0.0019331885169723108,0.0004130505235106746,4.680271315337895
1,128,400,6,875,specific_humidity,0.0032316895600108435,0.00039473209948691704,8.187045249706008
1,128,400,6,900,specific_humidity,0.0018466174659291436,0.00036987817005644063,4.992501897712329
1,128,400,6,925,specific_humidity,0.0007577208425756799,0.00034080341872750274,2.223336976503552
1,128,400,6,950,specific_humidity,0.0008438114148949608,0.000303403494668488,2.781152589613202
1,128,400,6,975,specific_humidity,0.0007061224998567961,0.0002819638950214839,2.5043011262239587
1,128,400,6,1000,specific_humidity,0.0007446891987082196,0.000275698375966985,2.7011011439450643
1,128,400,6,1,specific_cloud_ice_water_content,1.7055110650519191e-06,1.4206039464794252e-06,1.2005535175926814
1,128,400,6,2,specific_cloud_ice_water_content,1.6948022759620466e-06,1.4056207277356892e-06,1.205732273664034
1,128,400,6,3,specific_cloud_ice_water_content,1.69632633802974e-06,1.4049656067194154e-06,1.2073792624651145
1,128,400,6,5,specific_cloud_ice_water_content,1.6960555467818883e-06,1.3990578523496726e-06,1.2122840695496742
1,128,400,6,7,specific_cloud_ice_water_content,1.704282935050216e-06,1.4027574858603023e-06,1.2149519444588743
1,128,400,6,10,specific_cloud_ice_water_content,1.6989218706844889e-06,1.4106221265270812e-06,1.2043777271998384
1,128,400,6,20,specific_cloud_ice_water_content,1.4380352854077015e-06,1.1857876167668038e-06,1.2127258415201554
1,128,400,6,30,specific_cloud_ice_water_content,1.2798436056121013e-06,1.01028739149733e-06,1.2668114205753538
1,128,400,6,50,specific_cloud_ice_water_content,1.5754010645502674e-06,7.708389414940023e-07,2.043748674005626
1,128,400,6,70,specific_cloud_ice_water_content,1.642528988462666e-06,6.990539799351904e-07,2.3496454288336155
1,128,400,6,100,specific_cloud_ice_water_content,1.7607076803312228e-06,9.788538346792786e-07,1.7987442230413477
1,128,400,6,125,specific_cloud_ice_water_content,2.8701125009313283e-06,2.300681746129077e-06,1.247505225683789
1,128,400,6,150,specific_cloud_ice_water_content,4.4514878981455935e-06,3.7490564957738998e-06,1.1873621811683834
1,128,400,6,175,specific_cloud_ice_water_content,5.857896334589953e-06,4.960764079174599e-06,1.1808455796520412
1,128,400,6,200,specific_cloud_ice_water_content,7.052483179928589e-06,6.1763666793779366e-06,1.1418498198100655
1,128,400,6,225,specific_cloud_ice_water_content,8.415890907190767e-06,7.1781582016565255e-06,1.172430402167593
1,128,400,6,250,specific_cloud_ice_water_content,9.566039744028416e-06,7.50072130594897e-06,1.275349310264521
1,128,400,6,300,specific_cloud_ice_water_content,9.901511738856587e-06,7.689260186203563e-06,1.2877066842688392
1,128,400,6,350,specific_cloud_ice_water_content,9.71465706327165e-06,7.394346892745032e-06,1.3137951470471572
1,128,400,6,400,specific_cloud_ice_water_content,9.086487041582095e-06,6.521993740155893e-06,1.3932069553573205
1,128,400,6,450,specific_cloud_ice_water_content,7.895009808610617e-06,5.656019550027895e-06,1.3958597099565684
1,128,400,6,500,specific_cloud_ice_water_content,6.467533046144254e-06,4.817655002351666e-06,1.3424649633456993
1,128,400,6,550,specific_cloud_ice_water_content,5.440695936805951e-06,3.980803809296654e-06,1.3667330010335872
1,128,400,6,600,specific_cloud_ice_water_content,4.516402138960562e-06,3.3726014668895825e-06,1.3391449251565029
1,128,400,6,650,specific_cloud_ice_water_content,3.8425681773852835e-06,2.8844669380874784e-06,1.3321588563372704
1,128,400,6,700,specific_cloud_ice_water_content,3.432180027070468e-06,2.5674993548664024e-06,1.3367793143025184
1,128,400,6,750,specific_cloud_ice_water_content,3.1046045998588573e-06,2.2538395465582705e-06,1.3774736558331089
1,128,400,6,775,specific_cloud_ice_water_content,2.6921034742752515e-06,2.1856198644839124e-06,1.2317345381150873
1,128,400,6,800,specific_cloud_ice_water_content,2.785047709980347e-06,2.159897297531843e-06,1.2894352491495198
1,128,400,6,825,specific_cloud_ice_water_content,2.695756994899929e-06,2.114584282775733e-06,1.2748401739567046
1,128,400,6,850,specific_cloud_ice_water_content,2.560780499381675e-06,1.994722956575078e-06,1.2837775245633671
1,128,400,6,875,specific_cloud_ice_water_content,2.269896785850149e-06,1.7715402042323753e-06,1.2813126004293627
1,128,400,6,900,specific_cloud_ice_water_content,2.2324318773874396e-06,1.560506010189548e-06,1.430582043779681
1,128,400,6,925,specific_cloud_ice_water_content,2.243525265155222e-06,1.393651179751738e-06,1.6098183661387053
1,128,400,6,950,specific_cloud_ice_water_content,2.102219038941774e-06,1.2220703361723148e-06,1.7202111668352913
1,128,400,6,975,specific_cloud_ice_water_content,1.4083909537139935e-06,1.0380023373445382e-06,1.3568283066847415
1,128,400,6,1000,specific_cloud_ice_water_content,1.339315274196154e-06,9.404953549931882e-07,1.4240530451166922
1,128,400,6,1,specific_cloud_liquid_water_content,4.737472408159321e-06,2.607430654687599e-06,1.8169121390217473
1,128,400,6,2,specific_cloud_liquid_water_content,4.746767335586507e-06,2.6116698308202425e-06,1.8175219851950803
1,128,400,6,3,specific_cloud_liquid_water_content,4.741043704941587e-06,2.5949910173011508e-06,1.8269981180406474
1,128,400,6,5,specific_cloud_liquid_water_content,4.755409157095124e-06,2.6077422040062975e-06,1.8235733385720976
1,128,400,6,7,specific_cloud_liquid_water_content,4.750537697324985e-06,2.625027431847605e-06,1.8097097347212696
1,128,400,6,10,specific_cloud_liquid_water_content,4.728687730120565e-06,2.5969440454393827e-06,1.8208662363845842
1,128,400,6,20,specific_cloud_liquid_water_content,4.238969763591716e-06,2.2785213747666373e-06,1.8604037734892283
1,128,400,6,30,specific_cloud_liquid_water_content,3.919464223209439e-06,1.9447560652356706e-06,2.015401465136692
1,128,400,6,50,specific_cloud_liquid_water_content,6.576402806498958e-06,1.9026943828573445e-06,3.456363179368269
1,128,400,6,70,specific_cloud_liquid_water_content,8.494421778389533e-06,1.5165505909421657e-06,5.601146331104144
1,128,400,6,100,specific_cloud_liquid_water_content,7.348199370131467e-06,1.5032028760004338e-06,4.888361702502056
1,128,400,6,125,specific_cloud_liquid_water_content,4.758050843993928e-06,1.3879582471183588e-06,3.4280936432147464
1,128,400,6,150,specific_cloud_liquid_water_content,4.4145899634629105e-06,1.480373494315754e-06,2.982078496010485
1,128,400,6,175,specific_cloud_liquid_water_content,2.6270039389997654e-06,1.6357976890769738e-06,1.6059467234497051
1,128,400,6,200,specific_cloud_liquid_water_content,2.7129413223512473e-06,1.8112852966820385e-06,1.4977990089804665
1,128,400,6,225,specific_cloud_liquid_water_content,2.339452118796477e-06,1.6772163907512642e-06,1.3948421513747442
1,128,400,6,250,specific_cloud_liquid_water_content,2.402959473820807e-06,1.7577519747550994e-06,1.3670640160456096
1,128,400,6,300,specific_cloud_liquid_water_content,3.125896847712209e-06,2.2215981351880656e-06,1.4070487358631094
1,128,400,6,350,specific_cloud_liquid_water_content,3.7635097241707358e-06,2.753910700547746e-06,1.366605577814191
1,128,400,6,400,specific_cloud_liquid_water_content,5.254004364796937e-06,3.771407205589865e-06,1.3931151101927184
1,128,400,6,450,specific_cloud_liquid_water_content,7.46597232391298e-06,5.561933571204527e-06,1.3423339614421361
1,128,400,6,500,specific_cloud_liquid_water_content,1.038713411997502e-05,8.249067358806768e-06,1.2591889080509973
1,128,400,6,550,specific_cloud_liquid_water_content,1.2641724217259045e-05,1.1006397365588961e-05,1.1485796666566723
1,128,400,6,600,specific_cloud_liquid_water_content,1.271775183159655e-05,9.540017729517219e-06,1.3330951987905943
1,128,400,6,650,specific_cloud_liquid_water_content,1.340435329267903e-05,9.543024885674254e-06,1.4046231098905866
1,128,400,6,700,specific_cloud_liquid_water_content,1.5257538777453261e-05,1.0752393249598763e-05,1.4189900260597903
1,128,400,6,750,specific_cloud_liquid_water_content,1.909102236257157e-05,1.2409822064669506e-05,1.538380023749357
1,128,400,6,775,specific_cloud_liquid_water_content,2.2942512643963207e-05,1.307133403266907e-05,1.7551775959992444
1,128,400,6,800,specific_cloud_liquid_water_content,3.1992568128451925e-05,1.4138016620359287e-05,2.2628752665618883
1,128,400,6,825,specific_cloud_liquid_water_content,5.336305842544972e-05,1.60658139419533e-05,3.3215284714645326
1,128,400,6,850,specific_cloud_liquid_water_content,0.00014186238138506186,1.7874178422521548e-05,7.936721791157383
1,128,400,6,875,specific_cloud_liquid_water_content,0.00021005986462854244,1.8107670967379836e-05,11.600600928024148
1,128,400,6,900,specific_cloud_liquid_water_content,9.183421200536384e-05,1.7254756612115812e-05,5.322254846578386
1,128,400,6,925,specific_cloud_liquid_water_content,3.270862345628816e-05,1.5449699350835324e-05,2.1171042046536455
1,128,400,6,950,specific_cloud_liquid_water_content,2.371987974707942e-05,1.305610728390447e-05,1.8167650763961793
1,128,400,6,975,specific_cloud_liquid_water_content,1.5608473092587763e-05,9.737965528549028e-06,1.602847437365436
1,128,400,6,1000,specific_cloud_liquid_water_content,1.0437844842090836e-05,7.395349420625011e-06,1.4114065811387573
1,128,500,6,1,geopotential,3090.183095236997,30017.112690917347,0.1029473796182946
1,128,500,6,2,geopotential,2098.280173335282,20502.3884876883,0.10234320623644905
1,128,500,6,3,geopotential,1509.3220042326025,15455.170984071645,0.09765805928566787
1,128,500,6,5,geopotential,1185.5555048146225,9454.636002500229,0.12539409285572797
1,128,500,6,7,geopotential,919.3839966307855,5951.390274193691,0.15448222251822427
1,128,500,6,10,geopotential,784.4562668155439,2712.6580123551735,0.2891836210988006
1,128,500,6,20,geopotential,585.5040828466073,1383.490532900262,0.4232078709054796
1,128,500,6,30,geopotential,343.24607826000357,1782.3774993327822,0.19257765450276096
1,128,500,6,50,geopotential,383.10676355344447,48.71837840567823,7.86370105267692
1,128,500,6,70,geopotential,413.7951639193306,44.25181490018717,9.35091961431802
1,128,500,6,100,geopotential,235.99339181515984,32.36684696735586,7.29120732869578
1,128,500,6,125,geopotential,192.85798026212723,27.250452833998416,7.077239465962646
1,128,500,6,150,geopotential,151.06915023875342,25.853203015822537,5.843343671818803
1,128,500,6,175,geopotential,153.8246176472837,25.879460085026363,5.943888208714421
1,128,500,6,200,geopotential,139.5360953765822,26.94857391969595,5.177865655985575
1,128,500,6,225,geopotential,136.2024193297535,27.00899913723362,5.042853259304593
1,128,500,6,250,geopotential,134.50029883423755,27.853511372988223,4.828845348549959
1,128,500,6,300,geopotential,134.97945909103456,29.16670333614647,4.627861350506271
1,128,500,6,350,geopotential,139.02740110501625,29.207937994145585,4.759918387011188
1,128,500,6,400,geopotential,138.7547751380738,28.084448168897442,4.9406267235024375
1,128,500,6,450,geopotential,137.74006013535993,26.924804839753435,5.1157310500535935
1,128,500,6,500,geopotential,132.3564318457817,25.5906557844183,5.172060964782748
1,128,500,6,550,geopotential,138.20778320829606,24.343130155875908,5.67748610483996
1,128,500,6,600,geopotential,134.97478551299935,23.777138524480296,5.676662285246518
1,128,500,6,650,geopotential,133.15657227632474,23.42100179145581,5.685349135018701
1,128,500,6,700,geopotential,140.15241436814534,23.71434595430227,5.910026556845385
1,128,500,6,750,geopotential,140.63107465815804,23.925957089770304,5.877761718392689
1,128,500,6,775,geopotential,139.5080662275914,24.122567562987896,5.783300880526646
1,128,500,6,800,geopotential,147.28131292916706,24.41477679319394,6.032466083008565
1,128,500,6,825,geopotential,155.42770447991418,24.82136838384357,6.26185076005251
1,128,500,6,850,geopotential,175.93953829622265,25.2001591806623,6.981683609015945
1,128,500,6,875,geopotential,177.83095687525088,25.662939695315867,6.92948504678556
1,128,500,6,900,geopotential,158.08133567245693,26.37463086834615,5.993689028731783
1,128,500,6,925,geopotential,154.07528101338787,27.231975129279554,5.657881232703081
1,128,500,6,950,geopotential,151.5896090078727,28.138298628468174,5.387305430560253
1,128,500,6,975,geopotential,145.71123883733543,29.473191721908822,4.943856783892914
1,128,500,6,1000,geopotential,141.78680484222858,31.291805198544278,4.531116180182044
1,128,500,6,1,temperature,7.119503996164958,8.585644145124043,0.8292335293454092
1,128,500,6,2,temperature,11.299509433943049,6.857750280841892,1.6476991682694904
1,128,500,6,3,temperature,10.534355031175414,5.595503425158137,1.8826465164531103
1,128,500,6,5,temperature,7.459312623974924,4.228495628067508,1.764058256194521
1,128,500,6,7,temperature,6.451309843468513,3.497812416957201,1.8443841677137744
1,128,500,6,10,temperature,5.1855794549470575,2.581661702999672,2.0086208231395517
1,128,500,6,20,temperature,3.122366617462436,2.3380640474223027,1.3354495660222911
1,128,500,6,30,temperature,3.6118251223897793,2.0263439145660045,1.7824344112698893
1,128,500,6,50,temperature,1.1145892730764508,0.5925003334836259,1.8811622712905245
1,128,500,6,70,temperature,3.2518799733968797,0.5706100911703732,5.6989527940646445
1,128,500,6,100,temperature,5.377327466825653,0.45749890306441693,11.753749420615579
1,128,500,6,125,temperature,4.580813908216243,0.36691240447176915,12.484761628081445
1,128,500,6,150,temperature,1.2356925693202774,0.327471433827833,3.773436219691573
1,128,500,6,175,temperature,0.6883239547165599,0.30621465563802763,2.2478478480475435
1,128,500,6,200,temperature,0.7724658969928205,0.31506225114522685,2.4517881599111506
1,128,500,6,225,temperature,0.869838638407937,0.32288913260873686,2.6939235501058807
1,128,500,6,250,temperature,1.0465604519205884,0.31689929214080653,3.3025017028298524
1,128,500,6,300,temperature,1.0196870228872312,0.31351115945525054,3.2524744084357793
1,128,500,6,350,temperature,1.1863120360273982,0.3036021504230704,3.9074559728060856
1,128,500,6,400,temperature,0.7263343978045048,0.30196674989182404,2.405345615253022
1,128,500,6,450,temperature,0.521570120445876,0.30076424636283866,1.7341493437243853
1,128,500,6,500,temperature,0.6497995005058329,0.30229639005800685,2.149544360689007
1,128,500,6,550,temperature,1.047683527280992,0.31002479252728576,3.3793540146915304
1,128,500,6,600,temperature,1.062984676714854,0.3179765382408303,3.3429657502270396
1,128,500,6,650,temperature,1.7347756327281565,0.33060825539124505,5.2472241828178365
1,128,500,6,700,temperature,1.0756395888081192,0.34310377892444033,3.1350269361067014
1,128,500,6,750,temperature,1.5488916514967552,0.36546232228631653,4.238170550132106
1,128,500,6,775,temperature,0.912495078615658,0.3751180538068075,2.432554416817297
1,128,500,6,800,temperature,1.4103656511771376,0.39138594820423345,3.6035163184785035
1,128,500,6,825,temperature,1.911349478236933,0.4166086232846167,4.58787785804219
1,128,500,6,850,temperature,3.73724337957964,0.4357134643717728,8.577296056177953
1,128,500,6,875,temperature,3.7421122326647223,0.4444190285900196,8.420234040241453
1,128,500,6,900,temperature,1.514064658509243,0.44668719440069277,3.3895412214371166
1,128,500,6,925,temperature,1.2368391913011636,0.4469750334402169,2.767132610923763
1,128,500,6,950,temperature,1.3089045554991119,0.4578317390549868,2.858920524384853
1,128,500,6,975,temperature,1.4439194416601655,0.4764615387155689,3.030505768739784
1,128,500,6,1000,temperature,1.4187252429427955,0.49038267063452684,2.8930982432699897
1,128,500,6,1,u_component_of_wind,29.750434469645768,27.204844325386265,1.0935712079000606
1,128,500,6,2,u_component_of_wind,20.7248675378784,22.446676899018403,0.9232933512213873
1,128,500,6,3,u_component_of_wind,16.747547494404756,17.96488830999068,0.9322377743418013
1,128,500,6,5,u_component_of_wind,16.908846790860068,12.295344974765397,1.3752234545320432
1,128,500,6,7,u_component_of_wind,12.626393938199515,9.294833048770784,1.3584314932767212
1,128,500,6,10,u_component_of_wind,10.241942518364393,7.639593738633105,1.3406396817374358
1,128,500,6,20,u_component_of_wind,8.93934031144055,5.407237474167488,1.65321762806744
1,128,500,6,30,u_component_of_wind,7.2340167606241526,4.887009149787574,1.480254392594824
1,128,500,6,50,u_component_of_wind,8.131513401987158,1.0080882920647531,8.066271045894501
1,128,500,6,70,u_component_of_wind,3.2134317054771726,0.9873005182055209,3.2547655412131062
1,128,500,6,100,u_component_of_wind,5.652733935739997,0.9996051790556035,5.654966635007361
1,128,500,6,125,u_component_of_wind,7.83342892146186,0.9860765232044753,7.944037543866665
1,128,500,6,150,u_component_of_wind,4.496173355972291,1.008586578339923,4.4578952888434635
1,128,500,6,175,u_component_of_wind,4.738833849692903,1.0400778167887839,4.556230094709589
1,128,500,6,200,u_component_of_wind,12.975365223635503,1.0819338724505698,11.992752564670543
1,128,500,6,225,u_component_of_wind,4.213072477845451,1.1608111637816696,3.6294210542567313
1,128,500,6,250,u_component_of_wind,4.876102897091574,1.2270676950135933,3.97378475279439
1,128,500,6,300,u_component_of_wind,9.724850748966569,1.2830383898066335,7.579547756503373
1,128,500,6,350,u_component_of_wind,9.054044079200635,1.2326156977467604,7.345390859252856
1,128,500,6,400,u_component_of_wind,4.982951170726942,1.156851315813363,4.3073393292754405
1,128,500,6,450,u_component_of_wind,2.445240321000126,1.0782033970540394,2.2678840816873915
1,128,500,6,500,u_component_of_wind,1.900354985473781,1.0116793591201603,1.8784162870798176
1,128,500,6,550,u_component_of_wind,2.7086451344127878,0.9726858959108473,2.7847069087769025
1,128,500,6,600,u_component_of_wind,2.245099536290275,0.9395080895405804,2.389654289606095
1,128,500,6,650,u_component_of_wind,4.562920285002242,0.9249772579484165,4.933008077542058
1,128,500,6,700,u_component_of_wind,3.1273733436264735,0.9065132547455201,3.4498925716253335
1,128,500,6,750,u_component_of_wind,1.8539556928659688,0.891739235815678,2.0790334420691345
1,128,500,6,775,u_component_of_wind,2.1243361985344333,0.8804262263120204,2.4128497482781426
1,128,500,6,800,u_component_of_wind,3.140930414502978,0.8758255989947605,3.586250982053983
1,128,500,6,825,u_component_of_wind,2.27201859564166,0.871877105839213,2.6058931705228807
1,128,500,6,850,u_component_of_wind,2.511975907211405,0.8621702091975713,2.913549877290844
1,128,500,6,875,u_component_of_wind,3.7168022145682373,0.8469161548081213,4.388630673139446
1,128,500,6,900,u_component_of_wind,3.6347296008171823,0.8358403242679547,4.348593260322239
1,128,500,6,925,u_component_of_wind,2.8729697806613927,0.8269162330630735,3.4743177915607024
1,128,500,6,950,u_component_of_wind,2.417555103053929,0.8123438089459414,2.9760245310305664
1,128,500,6,975,u_component_of_wind,2.342913243568195,0.772936429394987,3.031184913100941
1,128,500,6,1000,u_component_of_wind,3.1215349750709063,0.706530603585151,4.4181171476950745
1,128,500,6,1,v_component_of_wind,12.525008453790994,10.217615421462448,1.22582500291426
1,128,500,6,2,v_component_of_wind,9.532929266318988,8.013975230005627,1.1895381496346717
1,128,500,6,3,v_component_of_wind,8.401581165282154,6.99604354491347,1.2009046415084983
1,128,500,6,5,v_component_of_wind,6.575862302434243,5.856882113139169,1.1227581801044166
1,128,500,6,7,v_component_of_wind,5.7074965040069365,5.04879805780746,1.130466387971463
1,128,500,6,10,v_component_of_wind,5.242135084540657,4.212054649797571,1.2445553347206908
1,128,500,6,20,v_component_of_wind,5.661359934875078,3.132682837034625,1.8071921829897342
1,128,500,6,30,v_component_of_wind,4.184328626680244,2.934383552770658,1.4259651308123584
1,128,500,6,50,v_component_of_wind,5.024848266329737,1.0162184764490427,4.944653519672257
1,128,500,6,70,v_component_of_wind,16.961564710550277,1.0146993114070182,16.71585317923471
1,128,500,6,100,v_component_of_wind,6.626080326322351,1.0124299104952352,6.544729919211069
1,128,500,6,125,v_component_of_wind,5.839219702626946,0.9845476252423212,5.930865661465357
1,128,500,6,150,v_component_of_wind,7.563220741742496,0.990590970267721,7.63505924115019
1,128,500,6,175,v_component_of_wind,4.0348155630257585,1.0026061549574068,4.024327541852331
1,128,500,6,200,v_component_of_wind,2.2869557790450474,1.0506483400486595,2.176709077500784
1,128,500,6,225,v_component_of_wind,3.068464179787098,1.1539458111821337,2.6591059563218824
1,128,500,6,250,v_component_of_wind,8.597704960591415,1.2472675204999661,6.893232461585332
1,128,500,6,300,v_component_of_wind,15.17552913389857,1.347740651303455,11.259977295499468
1,128,500,6,350,v_component_of_wind,6.3565072932178905,1.3290593707296534,4.782711316897881
1,128,500,6,400,v_component_of_wind,5.373169248548175,1.2521074225075,4.291300532176177
1,128,500,6,450,v_component_of_wind,3.2003466543244454,1.1675815532403064,2.7410048107070124
1,128,500,6,500,v_component_of_wind,1.8430340556195957,1.093600898328093,1.6852894492289126
1,128,500,6,550,v_component_of_wind,2.182093971128437,1.0396268502141275,2.0989203680907242
1,128,500,6,600,v_component_of_wind,2.7113374134293173,0.9974577749310111,2.718247811158569
1,128,500,6,650,v_component_of_wind,7.24337639538775,0.9792344605076282,7.3969786476191155
1,128,500,6,700,v_component_of_wind,2.5403120500200647,0.9604954173243057,2.6447935140562397
1,128,500,6,750,v_component_of_wind,3.753600744329083,0.9424057204498179,3.982998683982371
1,128,500,6,775,v_component_of_wind,5.029369589061138,0.9308451007215435,5.4030145135454095
1,128,500,6,800,v_component_of_wind,6.3540795768473135,0.9278565426619727,6.848127145407399
1,128,500,6,825,v_component_of_wind,3.5555110402425836,0.924852716790928,3.844407845369764
1,128,500,6,850,v_component_of_wind,3.165648432542909,0.9187872484327434,3.4454640483341876
1,128,500,6,875,v_component_of_wind,3.670342584237213,0.905953755531246,4.051357546484197
1,128,500,6,900,v_component_of_wind,5.4657460263062125,0.8963129279150315,6.0980332382580045
1,128,500,6,925,v_component_of_wind,3.990272668566924,0.891872274973568,4.474040488236033
1,128,500,6,950,v_component_of_wind,4.480366140931233,0.8758473474280674,5.115464645851659
1,128,500,6,975,v_component_of_wind,6.143975247175623,0.8252007431177929,7.4454310644005375
1,128,500,6,1000,v_component_of_wind,5.482037771868146,0.7474144380338668,7.33466935197169
1,128,500,6,1,specific_humidity,4.095528016438011e-07,9.093771566984339e-07,0.45036627391292205
1,128,500,6,2,specific_humidity,2.4643901037833683e-07,7.335056784697729e-07,0.33597423661730025
1,128,500,6,3,specific_humidity,1.5377812028142445e-07,5.95589768955808e-07,0.25819469758694696
1,128,500,6,5,specific_humidity,2.1455574687428402e-07,4.224884578703961e-07,0.5078381264088919
1,128,500,6,7,specific_humidity,2.8625158523187997e-07,3.348673087158939e-07,0.8548209328929741
1,128,500,6,10,specific_humidity,3.696536393637114e-07,2.470444360450041e-07,1.496304249071902
1,128,500,6,20,specific_humidity,3.523509379474026e-07,1.196116131921905e-07,2.945792039283421
1,128,500,6,30,specific_humidity,1.413635737637813e-07,1.0382307119485337e-07,1.3615815072400674
1,128,500,6,50,specific_humidity,3.3523682338775876e-07,1.2568902329994858e-08,26.671925247421022
1,128,500,6,70,specific_humidity,3.3002511935810576e-07,2.414820950784697e-08,13.666649664061593
1,128,500,6,100,specific_humidity,5.113025604613277e-07,8.178295415058188e-08,6.251945356729203
1,128,500,6,125,specific_humidity,1.0076188884667029e-06,2.1831824920281115e-07,4.615367208861477
1,128,500,6,150,specific_humidity,3.228959691990288e-06,5.992997945378687e-07,5.387887200061865
1,128,500,6,175,specific_humidity,4.030120836289811e-06,1.5910159323679622e-06,2.5330486981935167
1,128,500,6,200,specific_humidity,1.4002608532426436e-05,3.764010817253872e-06,3.7201297265777753
1,128,500,6,225,specific_humidity,4.3602927283212563e-05,7.610957609189218e-06,5.728967302428256
1,128,500,6,250,specific_humidity,4.982814550640994e-05,1.317197315186294e-05,3.7828915176131104
1,128,500,6,300,specific_humidity,0.00015570979615485433,2.9177964649465544e-05,5.3365544178800866
1,128,500,6,350,specific_humidity,0.00022702778607161666,5.435803037432676e-05,4.176527083638439
1,128,500,6,400,specific_humidity,0.0005038643489511757,8.676819061223045e-05,5.807016896352721
1,128,500,6,450,specific_humidity,0.0003912026483328909,0.00012779900835098047,3.061077338397748
1,128,500,6,500,specific_humidity,0.0007017143344382657,0.00016685150995882826,4.205621720842792
1,128,500,6,550,specific_humidity,0.0011162922502089383,0.00021487303231659992,5.195124945061333
1,128,500,6,600,specific_humidity,0.0012621626401572372,0.00025206401385736966,5.007309932275503
1,128,500,6,650,specific_humidity,0.0011088745279961025,0.0002942486987821947,3.7684942451245997
1,128,500,6,700,specific_humidity,0.0009585038510613205,0.0003363237500858548,2.849943992408027
1,128,500,6,750,specific_humidity,0.0015259063086780252,0.00037860520076298974,4.0303363651712125
1,128,500,6,775,specific_humidity,0.0021257068035681944,0.00039260193803214373,5.41440731093425
1,128,500,6,800,specific_humidity,0.002562190225576129,0.00040466835784564294,6.33158035685472
1,128,500,6,825,specific_humidity,0.0017861330788329292,0.000413348603569168,4.321130066510665
1,128,500,6,850,specific_humidity,0.0018389238657284873,0.0004130505235106746,4.452055526037757
1,128,500,6,875,specific_humidity,0.0034343204257403547,0.00039473209948691704,8.700382943784843
1,128,500,6,900,specific_humidity,0.002087413591014656,0.00036987817005644063,5.643516595467454
1,128,500,6,925,specific_humidity,0.0008372935930929337,0.00034080341872750274,2.456822752011215
1,128,500,6,950,specific_humidity,0.0007438460515252552,0.000303403494668488,2.451672655708907
1,128,500,6,975,specific_humidity,0.0006350872951790582,0.0002819638950214839,2.252370982216246
1,128,500,6,1000,specific_humidity,0.0006804270504376057,0.000275698375966985,2.468012544691548
1,128,500,6,1,specific_cloud_ice_water_content,1.7531933641151508e-06,1.4206039464794252e-06,1.2341183258430026
1,128,500,6,2,specific_cloud_ice_water_content,1.7419826592507394e-06,1.4056207277356892e-06,1.2392977884275331
1,128,500,6,3,specific_cloud_ice_water_content,1.7352406045474662e-06,1.4049656067194154e-06,1.2350769273272393
1,128,500,6,5,specific_cloud_ice_water_content,1.7334481872054434e-06,1.3990578523496726e-06,1.2390110847054487
1,128,500,6,7,specific_cloud_ice_water_content,1.7496381688300194e-06,1.4027574858603023e-06,1.247284856054058
1,128,500,6,10,specific_cloud_ice_water_content,1.7384506738575294e-06,1.4106221265270812e-06,1.232399975277259
1,128,500,6,20,specific_cloud_ice_water_content,1.4430389715633733e-06,1.1857876167668038e-06,1.2169455568257637
1,128,500,6,30,specific_cloud_ice_water_content,1.270934376173552e-06,1.01028739149733e-06,1.2579929106013303
1,128,500,6,50,specific_cloud_ice_water_content,1.49726854091213e-06,7.708389414940023e-07,1.9423882997013584
1,128,500,6,70,specific_cloud_ice_water_content,1.7890285169203088e-06,6.990539799351904e-07,2.5592136920330106
1,128,500,6,100,specific_cloud_ice_water_content,1.7331571410361366e-06,9.788538346792786e-07,1.770598509841876
1,128,500,6,125,specific_cloud_ice_water_content,3.083621741814544e-06,2.300681746129077e-06,1.3403078226715939
1,128,500,6,150,specific_cloud_ice_water_content,4.47187286481655e-06,3.7490564957738998e-06,1.1927995403263303
1,128,500,6,175,specific_cloud_ice_water_content,6.078122907471982e-06,4.960764079174599e-06,1.2252392596108492
1,128,500,6,200,specific_cloud_ice_water_content,7.380770483365212e-06,6.1763666793779366e-06,1.1950019917063246
1,128,500,6,225,specific_cloud_ice_water_content,8.782509495011478e-06,7.1781582016565255e-06,1.22350458826398
1,128,500,6,250,specific_cloud_ice_water_content,9.997163190593401e-06,7.50072130594897e-06,1.3328269086153692
1,128,500,6,300,specific_cloud_ice_water_content,1.027013728816441e-05,7.689260186203563e-06,1.3356469984708776
1,128,500,6,350,specific_cloud_ice_water_content,1.001335301090328e-05,7.394346892745032e-06,1.3541903235196995
1,128,500,6,400,specific_cloud_ice_water_content,9.167506827802895e-06,6.521993740155893e-06,1.4056295042662472
1,128,500,6,450,specific_cloud_ice_water_content,7.884276417079087e-06,5.656019550027895e-06,1.3939620164573516
1,128,500,6,500,specific_cloud_ice_water_content,6.515995488700824e-06,4.817655002351666e-06,1.3525243060202814
1,128,500,6,550,specific_cloud_ice_water_content,5.474030024784204e-06,3.980803809296654e-06,1.3751067088511908
1,128,500,6,600,specific_cloud_ice_water_content,4.642438571308551e-06,3.3726014668895825e-06,1.3765156117274921
1,128,500,6,650,specific_cloud_ice_water_content,3.840962150609294e-06,2.8844669380874784e-06,1.3316020717353105
1,128,500,6,700,specific_cloud_ice_water_content,3.51134300607606e-06,2.5674993548664024e-06,1.367612030523283
1,128,500,6,750,specific_cloud_ice_water_content,3.354348872209479e-06,2.2538395465582705e-06,1.4882820196015032
1,128,500,6,775,specific_cloud_ice_water_content,2.7369693286733505e-06,2.1856198644839124e-06,1.2522622863878607
1,128,500,6,800,specific_cloud_ice_water_content,2.9686671280897192e-06,2.159897297531843e-06,1.3744482811669207
1,128,500,6,825,specific_cloud_ice_water_content,2.8227734969067275e-06,2.114584282775733e-06,1.334907064192013
1,128,500,6,850,specific_cloud_ice_water_content,2.477134023191004e-06,1.994722956575078e-06,1.2418436430110682
1,128,500,6,875,specific_cloud_ice_water_content,2.319951002480041e-06,1.7715402042323753e-06,1.3095672324779652
1,128,500,6,900,specific_cloud_ice_water_content,2.2341815500239278e-06,1.560506010189548e-06,1.4317032651175443
1,128,500,6,925,specific_cloud_ice_water_content,2.3929808256719987e-06,1.393651179751738e-06,1.717058658895032
1,128,500,6,950,specific_cloud_ice_water_content,1.8788608895798942e-06,1.2220703361723148e-06,1.5374408771468375
1,128,500,6,975,specific_cloud_ice_water_content,1.5019108836714582e-06,1.0380023373445382e-06,1.4469243754438073
1,128,500,6,1000,specific_cloud_ice_water_content,1.5019535790073828e-06,9.404953549931882e-07,1.596981389682952
1,128,500,6,1,specific_cloud_liquid_water_content,4.888713062521217e-06,2.607430654687599e-06,1.8749158501041487
1,128,500,6,2,specific_cloud_liquid_water_content,4.879712279819812e-06,2.6116698308202425e-06,1.8684261778554334
1,128,500,6,3,specific_cloud_liquid_water_content,4.873377878798023e-06,2.5949910173011508e-06,1.877994122641105
1,128,500,6,5,specific_cloud_liquid_water_content,4.877197777476101e-06,2.6077422040062975e-06,1.8702760456855045
1,128,500,6,7,specific_cloud_liquid_water_content,4.8761569868162954e-06,2.625027431847605e-06,1.8575642020564527
1,128,500,6,10,specific_cloud_liquid_water_content,4.857978819389276e-06,2.5969440454393827e-06,1.8706520950732861
1,128,500,6,20,specific_cloud_liquid_water_content,4.444205810816086e-06,2.2785213747666373e-06,1.950477998597338
1,128,500,6,30,specific_cloud_liquid_water_content,4.052294494567632e-06,1.9447560652356706e-06,2.0837032299351974
1,128,500,6,50,specific_cloud_liquid_water_content,5.957722398240948e-06,1.9026943828573445e-06,3.131203020263308
1,128,500,6,70,specific_cloud_liquid_water_content,7.48894290510559e-06,1.5165505909421657e-06,4.938142485871864
1,128,500,6,100,specific_cloud_liquid_water_content,6.460901147164277e-06,1.5032028760004338e-06,4.298089932048808
1,128,500,6,125,specific_cloud_liquid_water_content,4.663338853229722e-06,1.3879582471183588e-06,3.359855285929256
1,128,500,6,150,specific_cloud_liquid_water_content,4.111105943742287e-06,1.480373494315754e-06,2.7770734612095227
1,128,500,6,175,specific_cloud_liquid_water_content,2.5786935942935437e-06,1.6357976890769738e-06,1.5764135207628365
1,128,500,6,200,specific_cloud_liquid_water_content,2.7907603118413156e-06,1.8112852966820385e-06,1.5407624171374361
1,128,500,6,225,specific_cloud_liquid_water_content,2.428339639797905e-06,1.6772163907512642e-06,1.4478392014224206
1,128,500,6,250,specific_cloud_liquid_water_content,2.5744684358249856e-06,1.7577519747550994e-06,1.4646369185184254
1,128,500,6,300,specific_cloud_liquid_water_content,3.4593970860125857e-06,2.2215981351880656e-06,1.557166001905982
1,128,500,6,350,specific_cloud_liquid_water_content,3.7649618291117748e-06,2.753910700547746e-06,1.3671328661321274
1,128,500,6,400,specific_cloud_liquid_water_content,5.431504277305743e-06,3.771407205589865e-06,1.440179747563544
1,128,500,6,450,specific_cloud_liquid_water_content,7.543092430840979e-06,5.561933571204527e-06,1.3561996622709394
1,128,500,6,500,specific_cloud_liquid_water_content,1.0676641900646195e-05,8.249067358806768e-06,1.2942847277453406
1,128,500,6,550,specific_cloud_liquid_water_content,1.2681087848886588e-05,1.1006397365588961e-05,1.1521560986461816
1,128,500,6,600,specific_cloud_liquid_water_content,1.34737147283163e-05,9.540017729517219e-06,1.4123364453116325
1,128,500,6,650,specific_cloud_liquid_water_content,1.445747273662428e-05,9.543024885674254e-06,1.514977998048341
1,128,500,6,700,specific_cloud_liquid_water_content,1.583881651164439e-05,1.0752393249598763e-05,1.4730503380943059
1,128,500,6,750,specific_cloud_liquid_water_content,2.013143257171207e-05,1.2409822064669506e-05,1.6222176649112336
1,128,500,6,775,specific_cloud_liquid_water_content,2.4501782330173586e-05,1.307133403266907e-05,1.8744668500503847
1,128,500,6,800,specific_cloud_liquid_water_content,3.4129366055213354e-05,1.4138016620359287e-05,2.414013717176266
1,128,500,6,825,specific_cloud_liquid_water_content,5.815268341082169e-05,1.60658139419533e-05,3.619653733133637
1,128,500,6,850,specific_cloud_liquid_water_content,0.0001543638495174887,1.7874178422521548e-05,8.636136770515256
1,128,500,6,875,specific_cloud_liquid_water_content,0.0002234517007513905,1.8107670967379836e-05,12.340167940643985
1,128,500,6,900,specific_cloud_liquid_water_content,8.394660524953541e-05,1.7254756612115812e-05,4.865128331661916
1,128,500,6,925,specific_cloud_liquid_water_content,3.61009377040263e-05,1.5449699350835324e-05,2.3366757426301903
1,128,500,6,950,specific_cloud_liquid_water_content,2.956671978067169e-05,1.305610728390447e-05,2.264589217731188
1,128,500,6,975,specific_cloud_liquid_water_content,2.1022006462343274e-05,9.737965528549028e-06,2.1587678042926473
1,128,500,6,1000,specific_cloud_liquid_water_content,1.3476350206539135e-05,7.395349420625011e-06,1.8222736263082746
1,128,600,6,1,geopotential,3001.89343086087,30017.112690917347,0.10000606859730352
1,128,600,6,2,geopotential,2027.6202598185168,20502.3884876883,0.09889678273514838
1,128,600,6,3,geopotential,1492.297946757868,15455.170984071645,0.09655654720972386
1,128,600,6,5,geopotential,1175.9363710087373,9454.636002500229,0.12437669421623077
1,128,600,6,7,geopotential,951.6107259516059,5951.390274193691,0.1598972142825119
1,128,600,6,10,geopotential,781.9781946715563,2712.6580123551735,0.2882700993305935
1,128,600,6,20,geopotential,535.163161514277,1383.490532900262,0.386820978378793
1,128,600,6,30,geopotential,326.2917827803414,1782.3774993327822,0.18306547457117583
1,128,600,6,50,geopotential,344.717969013418,48.71837840567823,7.07572748302395
1,128,600,6,70,geopotential,383.8016522412289,44.25181490018717,8.673127940784312
1,128,600,6,100,geopotential,214.18233848683641,32.36684696735586,6.617337138302464
1,128,600,6,125,geopotential,173.93082912933733,27.250452833998416,6.382676654544853
1,128,600,6,150,geopotential,140.8446863867886,25.853203015822537,5.447862158533687
1,128,600,6,175,geopotential,142.36196428229093,25.879460085026363,5.500963459614845
1,128,600,6,200,geopotential,138.27301908124252,26.94857391969595,5.130995780826186
1,128,600,6,225,geopotential,135.56842941366517,27.00899913723362,5.0193799749793575
1,128,600,6,250,geopotential,132.74962772818668,27.853511372988223,4.765992551191395
1,128,600,6,300,geopotential,132.39013590005976,29.16670333614647,4.5390846670006715
1,128,600,6,350,geopotential,135.64774584941838,29.207937994145585,4.644208224374056
1,128,600,6,400,geopotential,136.07092958752406,28.084448168897442,4.845063316509025
1,128,600,6,450,geopotential,134.99101177287943,26.924804839753435,5.013630092262374
1,128,600,6,500,geopotential,129.5368348694402,25.5906557844183,5.061880241002378
1,128,600,6,550,geopotential,136.06640120461387,24.343130155875908,5.58951952083986
1,128,600,6,600,geopotential,132.5057581117175,23.777138524480296,5.572821892562605
1,128,600,6,650,geopotential,131.07054487079054,23.42100179145581,5.596282603018554
1,128,600,6,700,geopotential,140.39663927897988,23.71434595430227,5.920325171502739
1,128,600,6,750,geopotential,136.7246374727023,23.925957089770304,5.714489788630433
1,128,600,6,775,geopotential,135.72062879925167,24.122567562987896,5.626292824960002
1,128,600,6,800,geopotential,143.3763479776035,24.41477679319394,5.872523398107504
1,128,600,6,825,geopotential,148.7507764623745,24.82136838384357,5.992851568940799
1,128,600,6,850,geopotential,167.93068815177048,25.2001591806623,6.663874102852274
1,128,600,6,875,geopotential,167.7696948355531,25.662939695315867,6.537430895579562
1,128,600,6,900,geopotential,147.11256175143018,26.37463086834615,5.577805524019265
1,128,600,6,925,geopotential,144.3262383033053,27.231975129279554,5.299881393771073
1,128,600,6,950,geopotential,144.98834874462034,28.138298628468174,5.152704883085299
1,128,600,6,975,geopotential,140.8635591891287,29.473191721908822,4.7793791903582035
1,128,600,6,1000,geopotential,144.32868780213946,31.291805198544278,4.6123477660168275
1,128,600,6,1,temperature,7.11271842823714,8.585644145124043,0.8284431905178127
1,128,600,6,2,temperature,10.907191056983452,6.857750280841892,1.590491139266802
1,128,600,6,3,temperature,9.88052161274845,5.595503425158137,1.7657967231910348
1,128,600,6,5,temperature,7.047516353230971,4.228495628067508,1.6666722572566077
1,128,600,6,7,temperature,6.244439198268334,3.497812416957201,1.7852413033916967
1,128,600,6,10,temperature,4.816375499573209,2.581661702999672,1.8656106235673673
1,128,600,6,20,temperature,3.0568757639893063,2.3380640474223027,1.3074388476908867
1,128,600,6,30,temperature,3.581555022390157,2.0263439145660045,1.7674961277031014
1,128,600,6,50,temperature,1.0358009190007935,0.5925003334836259,1.748186221112766
1,128,600,6,70,temperature,2.7827078247379604,0.5706100911703732,4.876723822094302
1,128,600,6,100,temperature,4.579698464852381,0.45749890306441693,10.010293869945189
1,128,600,6,125,temperature,4.6085077160180195,0.36691240447176915,12.560239609921952
1,128,600,6,150,temperature,1.0408162058719934,0.327471433827833,3.1783419814847087
1,128,600,6,175,temperature,0.6359457297416541,0.30621465563802763,2.076797168367399
1,128,600,6,200,temperature,0.8078987583191632,0.31506225114522685,2.5642512087135603
1,128,600,6,225,temperature,0.7287677285769374,0.32288913260873686,2.2570215438623222
1,128,600,6,250,temperature,0.9091060029614432,0.31689929214080653,2.8687536561536526
1,128,600,6,300,temperature,1.0559115560311114,0.31351115945525054,3.3680190455288352
1,128,600,6,350,temperature,1.1740582805847193,0.3036021504230704,3.8670947453720794
1,128,600,6,400,temperature,0.6229982109755322,0.30196674989182404,2.063135133913631
1,128,600,6,450,temperature,0.5108601027736178,0.30076424636283866,1.6985399991903354
1,128,600,6,500,temperature,0.615941783561898,0.30229639005800685,2.0375426363632942
1,128,600,6,550,temperature,1.1118360768416327,0.31002479252728576,3.5862811737670244
1,128,600,6,600,temperature,1.1329065863345318,0.3179765382408303,3.562862192922192
1,128,600,6,650,temperature,1.9307406695453762,0.33060825539124505,5.83996508877408
1,128,600,6,700,temperature,1.0506862682093847,0.34310377892444033,3.062298735103034
1,128,600,6,750,temperature,1.4440466264520404,0.36546232228631653,3.9512872829629795
1,128,600,6,775,temperature,0.8296290818454511,0.3751180538068075,2.211647969022373
1,128,600,6,800,temperature,1.2954334383492605,0.39138594820423345,3.3098619004923395
1,128,600,6,825,temperature,1.6879212885063333,0.4166086232846167,4.051575493561465
1,128,600,6,850,temperature,3.732412993699209,0.4357134643717728,8.566209903751162
1,128,600,6,875,temperature,3.5331940911095225,0.4444190285900196,7.950141339175026
1,128,600,6,900,temperature,1.321361934044636,0.44668719440069277,2.9581370377484606
1,128,600,6,925,temperature,1.3661851508597562,0.4469750334402169,3.0565133366503434
1,128,600,6,950,temperature,1.2692694540761997,0.4578317390549868,2.7723491968820384
1,128,600,6,975,temperature,1.5838755288554616,0.4764615387155689,3.3242463455187314
1,128,600,6,1000,temperature,1.6746610888889448,0.49038267063452684,3.4150087047774957
1,128,600,6,1,u_component_of_wind,27.416106958555925,27.204844325386265,1.0077656255129723
1,128,600,6,2,u_component_of_wind,19.16255143839061,22.446676899018403,0.8536921311157908
1,128,600,6,3,u_component_of_wind,15.687039419388302,17.96488830999068,0.8732055078051548
1,128,600,6,5,u_component_of_wind,17.530226144030987,12.295344974765397,1.4257612275222455
1,128,600,6,7,u_component_of_wind,13.302888685899536,9.294833048770784,1.4312133005615209
1,128,600,6,10,u_component_of_wind,10.546588401509123,7.639593738633105,1.380516917827118
1,128,600,6,20,u_component_of_wind,9.296269090380976,5.407237474167488,1.7192270794084652
1,128,600,6,30,u_component_of_wind,6.814129965380391,4.887009149787574,1.3943354220395892
1,128,600,6,50,u_component_of_wind,7.860685283499153,1.0080882920647531,7.797615888781925
1,128,600,6,70,u_component_of_wind,3.2102373414514624,0.9873005182055209,3.2515300886160428
1,128,600,6,100,u_component_of_wind,3.5794351436181295,0.9996051790556035,3.580848937777484
1,128,600,6,125,u_component_of_wind,5.012525152324044,0.9860765232044753,5.08330239526921
1,128,600,6,150,u_component_of_wind,3.93826918950094,1.008586578339923,3.9047408264971266
1,128,600,6,175,u_component_of_wind,3.334056087665454,1.0400778167887839,3.205583307179144
1,128,600,6,200,u_component_of_wind,10.98528540767218,1.0819338724505698,10.153379691117918
1,128,600,6,225,u_component_of_wind,5.544289647762994,1.1608111637816696,4.776220130155285
1,128,600,6,250,u_component_of_wind,4.749235831713121,1.2270676950135933,3.8703943156620304
1,128,600,6,300,u_component_of_wind,9.863190330532763,1.2830383898066335,7.687369613327971
1,128,600,6,350,u_component_of_wind,8.677550801242608,1.2326156977467604,7.039948312442636
1,128,600,6,400,u_component_of_wind,3.828149115252756,1.156851315813363,3.309110741306671
1,128,600,6,450,u_component_of_wind,2.3629301989227476,1.0782033970540394,2.191544012362556
1,128,600,6,500,u_component_of_wind,2.0049284512586993,1.0116793591201603,1.9817825017230264
1,128,600,6,550,u_component_of_wind,2.4737180293658456,0.9726858959108473,2.543182788776221
1,128,600,6,600,u_component_of_wind,2.3548997308276935,0.9395080895405804,2.5065241662573015
1,128,600,6,650,u_component_of_wind,5.694106059358663,0.9249772579484165,6.15594168443459
1,128,600,6,700,u_component_of_wind,3.2996057732513515,0.9065132547455201,3.6398869580540545
1,128,600,6,750,u_component_of_wind,1.9467146536047018,0.891739235815678,2.1830537172944204
1,128,600,6,775,u_component_of_wind,2.4176733502435366,0.8804262263120204,2.746026047373469
1,128,600,6,800,u_component_of_wind,3.286696087342749,0.8758255989947605,3.7526832866213256
1,128,600,6,825,u_component_of_wind,2.463651069149267,0.871877105839213,2.825686157658555
1,128,600,6,850,u_component_of_wind,2.666981780423539,0.8621702091975713,3.0933355757046166
1,128,600,6,875,u_component_of_wind,3.7643736752610346,0.8469161548081213,4.444800886002579
1,128,600,6,900,u_component_of_wind,3.42163902245668,0.8358403242679547,4.093651530217112
1,128,600,6,925,u_component_of_wind,3.260350774011364,0.8269162330630735,3.9427824048565743
1,128,600,6,950,u_component_of_wind,2.1891703104984708,0.8123438089459414,2.6948815100087162
1,128,600,6,975,u_component_of_wind,1.9857726603010182,0.772936429394987,2.569128048286421
1,128,600,6,1000,u_component_of_wind,2.9660304558225956,0.706530603585151,4.198021204986813
1,128,600,6,1,v_component_of_wind,12.953131263272677,10.217615421462448,1.267725465186739
1,128,600,6,2,v_component_of_wind,9.216508016437151,8.013975230005627,1.1500544675916948
1,128,600,6,3,v_component_of_wind,7.925449700527685,6.99604354491347,1.1328473943376107
1,128,600,6,5,v_component_of_wind,6.312301534884437,5.856882113139169,1.0777579969935869
1,128,600,6,7,v_component_of_wind,5.530073602542199,5.04879805780746,1.0953247761594456
1,128,600,6,10,v_component_of_wind,5.167080599397071,4.212054649797571,1.226736362417662
1,128,600,6,20,v_component_of_wind,5.534454665419404,3.132682837034625,1.7666820911427723
1,128,600,6,30,v_component_of_wind,4.428563240462046,2.934383552770658,1.5091971314658499
1,128,600,6,50,v_component_of_wind,4.847927741619438,1.0162184764490427,4.77055658204472
1,128,600,6,70,v_component_of_wind,17.486807593994698,1.0146993114070182,17.233487199027334
1,128,600,6,100,v_component_of_wind,9.211728021893707,1.0124299104952352,9.098632830185492
1,128,600,6,125,v_component_of_wind,8.121442890761163,0.9845476252423212,8.248908110221969
1,128,600,6,150,v_component_of_wind,8.145249290197551,0.990590970267721,8.222616129840336
1,128,600,6,175,v_component_of_wind,5.844899205410202,1.0026061549574068,5.829706087988765
1,128,600,6,200,v_component_of_wind,2.8988595971729305,1.0506483400486595,2.759115002302934
1,128,600,6,225,v_component_of_wind,3.155273973170902,1.1539458111821337,2.7343346131119906
1,128,600,6,250,v_component_of_wind,7.945631376797767,1.2472675204999661,6.370430758601625
1,128,600,6,300,v_component_of_wind,14.693535494740475,1.347740651303455,10.902346442195505
1,128,600,6,350,v_component_of_wind,6.429118577081741,1.3290593707296534,4.837344906234065
1,128,600,6,400,v_component_of_wind,5.778798961988692,1.2521074225075,4.615258130501242
1,128,600,6,450,v_component_of_wind,3.1569983660744683,1.1675815532403064,2.703878249286377
1,128,600,6,500,v_component_of_wind,2.1573543958166135,1.093600898328093,1.9727072272113133
1,128,600,6,550,v_component_of_wind,2.1693682032468393,1.0396268502141275,2.0866796608802707
1,128,600,6,600,v_component_of_wind,2.814980245589846,0.9974577749310111,2.822154798266567
1,128,600,6,650,v_component_of_wind,6.817052910309455,0.9792344605076282,6.961614593072575
1,128,600,6,700,v_component_of_wind,2.731252153520168,0.9604954173243057,2.8435868659620858
1,128,600,6,750,v_component_of_wind,4.083342327599412,0.9424057204498179,4.33289212808513
1,128,600,6,775,v_component_of_wind,5.7939691161000795,0.9308451007215435,6.224418124571844
1,128,600,6,800,v_component_of_wind,7.42118137634939,0.9278565426619727,7.998199112826646
1,128,600,6,825,v_component_of_wind,3.8408997557951805,0.924852716790928,4.152985319784116
1,128,600,6,850,v_component_of_wind,3.309102861331115,0.9187872484327434,3.6015985931190753
1,128,600,6,875,v_component_of_wind,3.5121951413222146,0.905953755531246,3.8767929597716426
1,128,600,6,900,v_component_of_wind,5.011845668785587,0.8963129279150315,5.591624880881668
1,128,600,6,925,v_component_of_wind,3.1419141307252434,0.891872274973568,3.522829690852716
1,128,600,6,950,v_component_of_wind,3.4537275367836457,0.8758473474280674,3.943298506212919
1,128,600,6,975,v_component_of_wind,5.515182506102973,0.8252007431177929,6.683443455546805
1,128,600,6,1000,v_component_of_wind,5.587686921275164,0.7474144380338668,7.476022186531504
1,128,600,6,1,specific_humidity,4.244833976573174e-07,9.093771566984339e-07,0.4667847598002551
1,128,600,6,2,specific_humidity,2.588482631422148e-07,7.335056784697729e-07,0.35289196899227776
1,128,600,6,3,specific_humidity,1.5974750328912515e-07,5.95589768955808e-07,0.26821733954428995
1,128,600,6,5,specific_humidity,2.0219130974102288e-07,4.224884578703961e-07,0.4785723869480186
1,128,600,6,7,specific_humidity,2.707350553870641e-07,3.348673087158939e-07,0.8084845798332602
1,128,600,6,10,specific_humidity,3.5222557923114955e-07,2.470444360450041e-07,1.425757992651106
1,128,600,6,20,specific_humidity,3.4032067568874735e-07,1.196116131921905e-07,2.845214328327168
1,128,600,6,30,specific_humidity,1.411047477746797e-07,1.0382307119485337e-07,1.3590885546995304
1,128,600,6,50,specific_humidity,3.1188572917668624e-07,1.2568902329994858e-08,24.814078508064423
1,128,600,6,70,specific_humidity,3.027332675641678e-07,2.414820950784697e-08,12.536468489135581
1,128,600,6,100,specific_humidity,4.844422101945545e-07,8.178295415058188e-08,5.923510775883456
1,128,600,6,125,specific_humidity,1.1112084437670424e-06,2.1831824920281115e-07,5.089855968635782
1,128,600,6,150,specific_humidity,3.1173253274864835e-06,5.992997945378687e-07,5.201612541666749
1,128,600,6,175,specific_humidity,4.875244221554751e-06,1.5910159323679622e-06,3.0642334387555517
1,128,600,6,200,specific_humidity,1.5332295862849043e-05,3.764010817253872e-06,4.073393145568881
1,128,600,6,225,specific_humidity,4.874187340095084e-05,7.610957609189218e-06,6.404170920897196
1,128,600,6,250,specific_humidity,5.547728422152067e-05,1.317197315186294e-05,4.211767180354023
1,128,600,6,300,specific_humidity,0.00017465840051585093,2.9177964649465544e-05,5.985969296150003
1,128,600,6,350,specific_humidity,0.0002556686129275334,5.435803037432676e-05,4.703419369077902
1,128,600,6,400,specific_humidity,0.0005191017606568811,8.676819061223045e-05,5.982627469745934
1,128,600,6,450,specific_humidity,0.0004129814417079156,0.00012779900835098047,3.231491754409589
1,128,600,6,500,specific_humidity,0.0008261795611380108,0.00016685150995882826,4.95158576234567
1,128,600,6,550,specific_humidity,0.0011259655552593637,0.00021487303231659992,5.2401436472508784
1,128,600,6,600,specific_humidity,0.0013354070378876301,0.00025206401385736966,5.297888490513643
1,128,600,6,650,specific_humidity,0.0013342098191178836,0.0002942486987821947,4.534293013494264
1,128,600,6,700,specific_humidity,0.001037978753588524,0.0003363237500858548,3.0862487508644714
1,128,600,6,750,specific_humidity,0.0017288691090282674,0.00037860520076298974,4.566416693548156
1,128,600,6,775,specific_humidity,0.0024015468216466813,0.00039260193803214373,6.117001952878944
1,128,600,6,800,specific_humidity,0.0031238124231065677,0.00040466835784564294,7.7194383068075645
1,128,600,6,825,specific_humidity,0.0018779798667543372,0.000413348603569168,4.543331828239947
1,128,600,6,850,specific_humidity,0.0018930910999351684,0.0004130505235106746,4.583195014123363
1,128,600,6,875,specific_humidity,0.0035070901231940986,0.00039473209948691704,8.884735058924027
1,128,600,6,900,specific_humidity,0.0021186011051659956,0.00036987817005644063,5.727834937765354
1,128,600,6,925,specific_humidity,0.0008503129614500592,0.00034080341872750274,2.4950247407287502
1,128,600,6,950,specific_humidity,0.0009200968950852628,0.000303403494668488,3.032585027046577
1,128,600,6,975,specific_humidity,0.0007136099926067234,0.0002819638950214839,2.5308559188131188
1,128,600,6,1000,specific_humidity,0.0006154523598525973,0.000275698375966985,2.232339445939638
1,128,600,6,1,specific_cloud_ice_water_content,1.6047385969772642e-06,1.4206039464794252e-06,1.1296171610350414
1,128,600,6,2,specific_cloud_ice_water_content,1.6073263450828555e-06,1.4056207277356892e-06,1.1434993191030225
1,128,600,6,3,specific_cloud_ice_water_content,1.6029784319242766e-06,1.4049656067194154e-06,1.1409378452097625
1,128,600,6,5,specific_cloud_ice_water_content,1.6065182234298586e-06,1.3990578523496726e-06,1.1482857701214877
1,128,600,6,7,specific_cloud_ice_water_content,1.6066446828523941e-06,1.4027574858603023e-06,1.1453474310757636
1,128,600,6,10,specific_cloud_ice_water_content,1.6021956910943578e-06,1.4106221265270812e-06,1.13580785453786
1,128,600,6,20,specific_cloud_ice_water_content,1.3761607248041541e-06,1.1857876167668038e-06,1.1605457042606213
1,128,600,6,30,specific_cloud_ice_water_content,1.2265860233817438e-06,1.01028739149733e-06,1.2140961410632287
1,128,600,6,50,specific_cloud_ice_water_content,1.584334902110348e-06,7.708389414940023e-07,2.0553384330060798
1,128,600,6,70,specific_cloud_ice_water_content,1.6489649620687466e-06,6.990539799351904e-07,2.358852119290735
1,128,600,6,100,specific_cloud_ice_water_content,1.6153146822984996e-06,9.788538346792786e-07,1.6502103021619743
1,128,600,6,125,specific_cloud_ice_water_content,3.1577558563234302e-06,2.300681746129077e-06,1.372530495204906
1,128,600,6,150,specific_cloud_ice_water_content,4.503985439144427e-06,3.7490564957738998e-06,1.2013650485719585
1,128,600,6,175,specific_cloud_ice_water_content,6.30516932158902e-06,4.960764079174599e-06,1.2710076957818384
1,128,600,6,200,specific_cloud_ice_water_content,7.552361979405488e-06,6.1763666793779366e-06,1.2227839394027262
1,128,600,6,225,specific_cloud_ice_water_content,9.005077893596286e-06,7.1781582016565255e-06,1.254510926147902
1,128,600,6,250,specific_cloud_ice_water_content,1.0154839447762607e-05,7.50072130594897e-06,1.3538483878488599
1,128,600,6,300,specific_cloud_ice_water_content,1.0295893383935447e-05,7.689260186203563e-06,1.3389966179592714
1,128,600,6,350,specific_cloud_ice_water_content,9.89987808649965e-06,7.394346892745032e-06,1.3388441508218827
1,128,600,6,400,specific_cloud_ice_water_content,9.054818386263945e-06,6.521993740155893e-06,1.3883512844413601
1,128,600,6,450,specific_cloud_ice_water_content,7.8915534579537e-06,5.656019550027895e-06,1.3952486175396581
1,128,600,6,500,specific_cloud_ice_water_content,6.476344653855491e-06,4.817655002351666e-06,1.34429398757158
1,128,600,6,550,specific_cloud_ice_water_content,5.452539594673789e-06,3.980803809296654e-06,1.3697081935914768
1,128,600,6,600,specific_cloud_ice_water_content,4.626194492367998e-06,3.3726014668895825e-06,1.371699128339215
1,128,600,6,650,specific_cloud_ice_water_content,3.871189413230182e-06,2.8844669380874784e-06,1.3420813953918784
1,128,600,6,700,specific_cloud_ice_water_content,3.4652606973035683e-06,2.5674993548664024e-06,1.3496637071146917
1,128,600,6,750,specific_cloud_ice_water_content,3.3096725242213087e-06,2.2538395465582705e-06,1.468459691052697
1,128,600,6,775,specific_cloud_ice_water_content,2.756085048465184e-06,2.1856198644839124e-06,1.261008418367379
1,128,600,6,800,specific_cloud_ice_water_content,3.0021179975250664e-06,2.159897297531843e-06,1.3899355311734707
1,128,600,6,825,specific_cloud_ice_water_content,2.880737747096427e-06,2.114584282775733e-06,1.3623187169985933
1,128,600,6,850,specific_cloud_ice_water_content,2.4658002995100075e-06,1.994722956575078e-06,1.2361617894766523
1,128,600,6,875,specific_cloud_ice_water_content,2.3338138263064595e-06,1.7715402042323753e-06,1.3173925269834463
1,128,600,6,900,specific_cloud_ice_water_content,2.164054238504682e-06,1.560506010189548e-06,1.3867644369032732
1,128,600,6,925,specific_cloud_ice_water_content,2.4231668366778143e-06,1.393651179751738e-06,1.738718319105841
1,128,600,6,950,specific_cloud_ice_water_content,1.8803360917555786e-06,1.2220703361723148e-06,1.5386480107561067
1,128,600,6,975,specific_cloud_ice_water_content,1.5007441073133036e-06,1.0380023373445382e-06,1.445800315972863
1,128,600,6,1000,specific_cloud_ice_water_content,1.3884497426372467e-06,9.404953549931882e-07,1.4762962254580225
1,128,600,6,1,specific_cloud_liquid_water_content,4.958070967606517e-06,2.607430654687599e-06,1.9015159458576483
1,128,600,6,2,specific_cloud_liquid_water_content,4.943768651068172e-06,2.6116698308202425e-06,1.8929531569139775
1,128,600,6,3,specific_cloud_liquid_water_content,4.947797296268162e-06,2.5949910173011508e-06,1.906672224790197
1,128,600,6,5,specific_cloud_liquid_water_content,4.950973779143685e-06,2.6077422040062975e-06,1.8985671864103209
1,128,600,6,7,specific_cloud_liquid_water_content,4.945696009551293e-06,2.625027431847605e-06,1.8840549815017757
1,128,600,6,10,specific_cloud_liquid_water_content,4.929579355407947e-06,2.5969440454393827e-06,1.8982231689069375
1,128,600,6,20,specific_cloud_liquid_water_content,4.448148688012194e-06,2.2785213747666373e-06,1.952208452934863
1,128,600,6,30,specific_cloud_liquid_water_content,3.859522176398352e-06,1.9447560652356706e-06,1.9845790664397003
1,128,600,6,50,specific_cloud_liquid_water_content,5.2093293420230945e-06,1.9026943828573445e-06,2.7378697225142683
1,128,600,6,70,specific_cloud_liquid_water_content,6.194895963200928e-06,1.5165505909421657e-06,4.084859417286115
1,128,600,6,100,specific_cloud_liquid_water_content,6.069307451914384e-06,1.5032028760004338e-06,4.037583714623382
1,128,600,6,125,specific_cloud_liquid_water_content,3.514445595390423e-06,1.3879582471183588e-06,2.5320974911795937
1,128,600,6,150,specific_cloud_liquid_water_content,3.851818805794977e-06,1.480373494315754e-06,2.601923650068683
1,128,600,6,175,specific_cloud_liquid_water_content,2.5744193151862987e-06,1.6357976890769738e-06,1.5738005575976561
1,128,600,6,200,specific_cloud_liquid_water_content,2.9569749477094812e-06,1.8112852966820385e-06,1.6325285437507542
1,128,600,6,225,specific_cloud_liquid_water_content,2.340436619973803e-06,1.6772163907512642e-06,1.3954291365620788
1,128,600,6,250,specific_cloud_liquid_water_content,2.4762336212997467e-06,1.7577519747550994e-06,1.408750299737112
1,128,600,6,300,specific_cloud_liquid_water_content,3.5365245747936838e-06,2.2215981351880656e-06,1.591883121784447
1,128,600,6,350,specific_cloud_liquid_water_content,3.750972241478697e-06,2.753910700547746e-06,1.362052967343
1,128,600,6,400,specific_cloud_liquid_water_content,5.574022654415331e-06,3.771407205589865e-06,1.4779689252737505
1,128,600,6,450,specific_cloud_liquid_water_content,7.618857328261876e-06,5.561933571204527e-06,1.3698217051182595
1,128,600,6,500,specific_cloud_liquid_water_content,1.044726922032289e-05,8.249067358806768e-06,1.2664788352309069
1,128,600,6,550,specific_cloud_liquid_water_content,1.2582606945239362e-05,1.1006397365588961e-05,1.1432084929604989
1,128,600,6,600,specific_cloud_liquid_water_content,1.3295515043174409e-05,9.540017729517219e-06,1.3936572677467383
1,128,600,6,650,specific_cloud_liquid_water_content,1.4055225945648217e-05,9.543024885674254e-06,1.4728271291367545
1,128,600,6,700,specific_cloud_liquid_water_content,1.553653695453847e-05,1.0752393249598763e-05,1.444937568212382
1,128,600,6,750,specific_cloud_liquid_water_content,1.959992428037626e-05,1.2409822064669506e-05,1.5793880184774622
1,128,600,6,775,specific_cloud_liquid_water_content,2.353617388293637e-05,1.307133403266907e-05,1.8005946312834342
1,128,600,6,800,specific_cloud_liquid_water_content,3.359544348596903e-05,1.4138016620359287e-05,2.3762486908941884
1,128,600,6,825,specific_cloud_liquid_water_content,5.929785249767061e-05,1.60658139419533e-05,3.690933600495881
1,128,600,6,850,specific_cloud_liquid_water_content,0.00015522716967295767,1.7874178422521548e-05,8.684436621566377
1,128,600,6,875,specific_cloud_liquid_water_content,0.00022090159248853793,1.8107670967379836e-05,12.199337666698403
1,128,600,6,900,specific_cloud_liquid_water_content,8.644297814968067e-05,1.7254756612115812e-05,5.0098057070815365
1,128,600,6,925,specific_cloud_liquid_water_content,3.5402551635778436e-05,1.5449699350835324e-05,2.2914718812223565
1,128,600,6,950,specific_cloud_liquid_water_content,3.142641693262031e-05,1.305610728390447e-05,2.4070280864927254
1,128,600,6,975,specific_cloud_liquid_water_content,2.3921363201932004e-05,9.737965528549028e-06,2.4565052250186312
1,128,600,6,1000,specific_cloud_liquid_water_content,1.5186427167145304e-05,7.395349420625011e-06,2.0535104297832945
1,128,700,6,1,geopotential,2890.8595489885497,30017.112690917347,0.09630704920741005
1,128,700,6,2,geopotential,1944.3106618309803,20502.3884876883,0.0948333733407959
1,128,700,6,3,geopotential,1306.402430343432,15455.170984071645,0.0845285006351487
1,128,700,6,5,geopotential,1075.1101901083643,9454.636002500229,0.11371248875409451
1,128,700,6,7,geopotential,860.486915843385,5951.390274193691,0.14458586585635502
1,128,700,6,10,geopotential,693.829350179259,2712.6580123551735,0.2557747224379623
1,128,700,6,20,geopotential,457.3063208542905,1383.490532900262,0.33054531995648895
1,128,700,6,30,geopotential,323.4138979183346,1782.3774993327822,0.18145084194532407
1,128,700,6,50,geopotential,330.4996165775154,48.71837840567823,6.78387966498891
1,128,700,6,70,geopotential,369.07514168048334,44.25181490018717,8.340339091469044
1,128,700,6,100,geopotential,193.0891604679839,32.36684696735586,5.96564628809001
1,128,700,6,125,geopotential,167.9217664457636,27.250452833998416,6.162164257184739
1,128,700,6,150,geopotential,142.0860608309186,25.853203015822537,5.495878431154541
1,128,700,6,175,geopotential,143.00564637451575,25.879460085026363,5.525835774961071
1,128,700,6,200,geopotential,140.4489600041008,26.94857391969595,5.21173997639447
1,128,700,6,225,geopotential,135.55934446536557,27.00899913723362,5.019043607524442
1,128,700,6,250,geopotential,134.06894352826842,27.853511372988223,4.813358780260854
1,128,700,6,300,geopotential,133.8604770817738,29.16670333614647,4.589496301279951
1,128,700,6,350,geopotential,137.28716908064015,29.207937994145585,4.700337596860069
1,128,700,6,400,geopotential,137.1444254239253,28.084448168897442,4.883287170150205
1,128,700,6,450,geopotential,137.55510701934767,26.924804839753435,5.108861803754019
1,128,700,6,500,geopotential,131.5912876515265,25.5906557844183,5.142161606176975
1,128,700,6,550,geopotential,138.34499058654663,24.343130155875908,5.68312249495791
1,128,700,6,600,geopotential,134.2603758519303,23.777138524480296,5.646616211353584
1,128,700,6,650,geopotential,132.30815819010147,23.42100179145581,5.649124634727138
1,128,700,6,700,geopotential,145.7028805713889,23.71434595430227,6.144081766039826
1,128,700,6,750,geopotential,139.2228800209685,23.925957089770304,5.818905362849377
1,128,700,6,775,geopotential,137.97101049716466,24.122567562987896,5.719582301382314
1,128,700,6,800,geopotential,146.50109665840077,24.41477679319394,6.000509359530192
1,128,700,6,825,geopotential,151.36414375814957,24.82136838384357,6.098138564216859
1,128,700,6,850,geopotential,170.10015023072017,25.2001591806623,6.749963324090784
1,128,700,6,875,geopotential,168.1148699939574,25.662939695315867,6.550881231453098
1,128,700,6,900,geopotential,146.3089242434138,26.37463086834615,5.5473354290242725
1,128,700,6,925,geopotential,143.81749981847673,27.231975129279554,5.281199734346319
1,128,700,6,950,geopotential,145.81760126079678,28.138298628468174,5.182175482112117
1,128,700,6,975,geopotential,143.59453380069792,29.473191721908822,4.872038805826289
1,128,700,6,1000,geopotential,151.56839541638595,31.291805198544278,4.843708902528801
1,128,700,6,1,temperature,6.945238085084773,8.585644145124043,0.8089361692248928
1,128,700,6,2,temperature,11.067856126941512,6.857750280841892,1.6139193866334203
1,128,700,6,3,temperature,9.98244770342981,5.595503425158137,1.7840124372987387
1,128,700,6,5,temperature,7.092142512114762,4.228495628067508,1.677225929959395
1,128,700,6,7,temperature,6.325716036946673,3.497812416957201,1.8084777806494001
1,128,700,6,10,temperature,4.768804498446702,2.581661702999672,1.84718411901364
1,128,700,6,20,temperature,3.3598028197840577,2.3380640474223027,1.437002045982536
1,128,700,6,30,temperature,3.755223923291479,2.0263439145660045,1.8532016684323598
1,128,700,6,50,temperature,0.9139075426718313,0.5925003334836259,1.5424591194716817
1,128,700,6,70,temperature,2.353330638291837,0.5706100911703732,4.1242359269618625
1,128,700,6,100,temperature,4.2635715381791535,0.45749890306441693,9.319304395313123
1,128,700,6,125,temperature,4.0381295447571794,0.36691240447176915,11.005704619255738
1,128,700,6,150,temperature,0.8377824663199174,0.327471433827833,2.55833755185003
1,128,700,6,175,temperature,0.6292350213926448,0.30621465563802763,2.054882122090379
1,128,700,6,200,temperature,0.8965787007456726,0.31506225114522685,2.8457192110025193
1,128,700,6,225,temperature,0.7163221525352093,0.32288913260873686,2.2184771185941945
1,128,700,6,250,temperature,0.9319290196803941,0.31689929214080653,2.9407734343133654
1,128,700,6,300,temperature,1.140587942375294,0.31351115945525054,3.638109547223621
1,128,700,6,350,temperature,1.0910803544676364,0.3036021504230704,3.593783354127146
1,128,700,6,400,temperature,0.5953003298751244,0.30196674989182404,1.971410196945139
1,128,700,6,450,temperature,0.5084756580040257,0.30076424636283866,1.6906120463221759
1,128,700,6,500,temperature,0.5982136353683444,0.30229639005800685,1.978897714436996
1,128,700,6,550,temperature,1.052831681470422,0.31002479252728576,3.395959635640303
1,128,700,6,600,temperature,1.1612705810103927,0.3179765382408303,3.6520637259434063
1,128,700,6,650,temperature,2.020867044240037,0.33060825539124505,6.112572845008129
1,128,700,6,700,temperature,1.0340862942133404,0.34310377892444033,3.013916947971217
1,128,700,6,750,temperature,1.3605097006330238,0.36546232228631653,3.7227085192304745
1,128,700,6,775,temperature,0.8239845721300798,0.3751180538068075,2.1966006801540043
1,128,700,6,800,temperature,1.28582262427883,0.39138594820423345,3.2853060519379214
1,128,700,6,825,temperature,1.5450268659102084,0.4166086232846167,3.7085810987994945
1,128,700,6,850,temperature,3.8510758153498097,0.4357134643717728,8.838551319276828
1,128,700,6,875,temperature,3.5359877240320206,0.4444190285900196,7.956427372721702
1,128,700,6,900,temperature,1.1907055804543631,0.44668719440069277,2.6656362559305022
1,128,700,6,925,temperature,1.2674821198767927,0.4469750334402169,2.835688852957643
1,128,700,6,950,temperature,1.0973591815145938,0.4578317390549868,2.396861309309091
1,128,700,6,975,temperature,1.3836519703660564,0.4764615387155689,2.9040160809119344
1,128,700,6,1000,temperature,1.6025290805567654,0.49038267063452684,3.2679153985665628
1,128,700,6,1,u_component_of_wind,28.86506746532989,27.204844325386265,1.0610267465634562
1,128,700,6,2,u_component_of_wind,19.956323382741395,22.446676899018403,0.88905469047911
1,128,700,6,3,u_component_of_wind,16.15604718909053,17.96488830999068,0.8993124204454856
1,128,700,6,5,u_component_of_wind,15.891208177921678,12.295344974765397,1.2924572844874482
1,128,700,6,7,u_component_of_wind,11.575722740902801,9.294833048770784,1.2453932932591683
1,128,700,6,10,u_component_of_wind,9.313223214706772,7.639593738633105,1.2190730990851244
1,128,700,6,20,u_component_of_wind,8.793349240533786,5.407237474167488,1.6262184308610623
1,128,700,6,30,u_component_of_wind,6.825300553818314,4.887009149787574,1.3966211939903965
1,128,700,6,50,u_component_of_wind,8.369500024044578,1.0080882920647531,8.3023482069237
1,128,700,6,70,u_component_of_wind,3.3418570460154147,0.9873005182055209,3.384842795473707
1,128,700,6,100,u_component_of_wind,4.040053170709496,0.9996051790556035,4.041648898344459
1,128,700,6,125,u_component_of_wind,5.82151930123021,0.9860765232044753,5.903719604145818
1,128,700,6,150,u_component_of_wind,4.61969537337023,1.008586578339923,4.580365704423699
1,128,700,6,175,u_component_of_wind,3.185111175019762,1.0400778167887839,3.0623777602080957
1,128,700,6,200,u_component_of_wind,9.667508068392525,1.0819338724505698,8.935396436471402
1,128,700,6,225,u_component_of_wind,5.842912231177018,1.1608111637816696,5.033473499808603
1,128,700,6,250,u_component_of_wind,3.9946911955164404,1.2270676950135933,3.255477437593358
1,128,700,6,300,u_component_of_wind,9.26515902553943,1.2830383898066335,7.221264070622065
1,128,700,6,350,u_component_of_wind,8.851806574708426,1.2326156977467604,7.18131903633035
1,128,700,6,400,u_component_of_wind,3.504843017270909,1.156851315813363,3.0296399972599
1,128,700,6,450,u_component_of_wind,2.1516850273616868,1.0782033970540394,1.9956207087092348
1,128,700,6,500,u_component_of_wind,1.6572797256119742,1.0116793591201603,1.638147215984797
1,128,700,6,550,u_component_of_wind,2.3081600722072984,0.9726858959108473,2.3729757796538005
1,128,700,6,600,u_component_of_wind,2.615789718936213,0.9395080895405804,2.784212023352917
1,128,700,6,650,u_component_of_wind,5.735848077273147,0.9249772579484165,6.201069299795715
1,128,700,6,700,u_component_of_wind,3.5568276962739844,0.9065132547455201,3.923635619947411
1,128,700,6,750,u_component_of_wind,2.1616762056151404,0.891739235815678,2.424112474582152
1,128,700,6,775,u_component_of_wind,2.410104604810986,0.8804262263120204,2.7374293640780896
1,128,700,6,800,u_component_of_wind,2.6636998371740424,0.8758255989947605,3.0413587365239567
1,128,700,6,825,u_component_of_wind,2.3020875459068573,0.871877105839213,2.640380772116978
1,128,700,6,850,u_component_of_wind,2.5150509436949773,0.8621702091975713,2.91711650073801
1,128,700,6,875,u_component_of_wind,3.5047288638973146,0.8469161548081213,4.138224125257537
1,128,700,6,900,u_component_of_wind,3.3762002492431273,0.8358403242679547,4.03928854736707
1,128,700,6,925,u_component_of_wind,3.363616347421678,0.8269162330630735,4.067662736480729
1,128,700,6,950,u_component_of_wind,2.4121065563930766,0.8123438089459414,2.9693173380897813
1,128,700,6,975,u_component_of_wind,2.004375898677156,0.772936429394987,2.5931963127240274
1,128,700,6,1000,u_component_of_wind,2.6922222480186786,0.706530603585151,3.810482142397689
1,128,700,6,1,v_component_of_wind,12.471994440172962,10.217615421462448,1.220636511134987
1,128,700,6,2,v_component_of_wind,8.9267604786392,8.013975230005627,1.113899185165429
1,128,700,6,3,v_component_of_wind,7.9413102821728305,6.99604354491347,1.1351144730862381
1,128,700,6,5,v_component_of_wind,6.457594654787075,5.856882113139169,1.1025652437668643
1,128,700,6,7,v_component_of_wind,5.941801898138799,5.04879805780746,1.1768745412485646
1,128,700,6,10,v_component_of_wind,5.643822519765208,4.212054649797571,1.3399214846456104
1,128,700,6,20,v_component_of_wind,5.816577980726909,3.132682837034625,1.856740143612125
1,128,700,6,30,v_component_of_wind,4.176049054290595,2.934383552770658,1.4231435595212325
1,128,700,6,50,v_component_of_wind,4.5975794806345585,1.0162184764490427,4.5242037880474415
1,128,700,6,70,v_component_of_wind,16.49018632091617,1.0146993114070182,16.251303352172666
1,128,700,6,100,v_component_of_wind,9.681470615376192,1.0124299104952352,9.56260825071876
1,128,700,6,125,v_component_of_wind,7.705442889924201,0.9845476252423212,7.826379031717946
1,128,700,6,150,v_component_of_wind,7.926708829307813,0.990590970267721,8.001999884135335
1,128,700,6,175,v_component_of_wind,4.889482171254646,1.0026061549574068,4.876772546306943
1,128,700,6,200,v_component_of_wind,2.7715033286723263,1.0506483400486595,2.637898165378501
1,128,700,6,225,v_component_of_wind,2.7458344630220943,1.1539458111821337,2.3795176830783644
1,128,700,6,250,v_component_of_wind,7.627341445612311,1.2472675204999661,6.115240972966968
1,128,700,6,300,v_component_of_wind,13.40245977055879,1.347740651303455,9.944390827416775
1,128,700,6,350,v_component_of_wind,6.273896084339386,1.3290593707296534,4.720553665631218
1,128,700,6,400,v_component_of_wind,6.014344357635654,1.2521074225075,4.8033772897785285
1,128,700,6,450,v_component_of_wind,3.2821470692993207,1.1675815532403064,2.8110645121024826
1,128,700,6,500,v_component_of_wind,2.570239716771202,1.093600898328093,2.3502538455304927
1,128,700,6,550,v_component_of_wind,2.264864183461375,1.0396268502141275,2.178535676521716
1,128,700,6,600,v_component_of_wind,2.7501301906342546,0.9974577749310111,2.7571394596873704
1,128,700,6,650,v_component_of_wind,6.19392103361139,0.9792344605076282,6.325268649553555
1,128,700,6,700,v_component_of_wind,2.5584665371514537,0.9604954173243057,2.6636946840190934
1,128,700,6,750,v_component_of_wind,3.8825585943786542,0.9424057204498179,4.1198376772643925
1,128,700,6,775,v_component_of_wind,5.6878723960858695,0.9308451007215435,6.110439203769695
1,128,700,6,800,v_component_of_wind,7.6596530425756315,0.9278565426619727,8.25521262220179
1,128,700,6,825,v_component_of_wind,4.244397802577589,0.924852716790928,4.589268891705139
1,128,700,6,850,v_component_of_wind,3.4449710748641578,0.9187872484327434,3.7494763676145366
1,128,700,6,875,v_component_of_wind,3.4119515652758707,0.905953755531246,3.766143188263646
1,128,700,6,900,v_component_of_wind,4.697237541293462,0.8963129279150315,5.2406223262002865
1,128,700,6,925,v_component_of_wind,2.5475963473108036,0.891872274973568,2.856458731589459
1,128,700,6,950,v_component_of_wind,3.149958146892839,0.8758473474280674,3.596469357522993
1,128,700,6,975,v_component_of_wind,5.405869377891425,0.8252007431177929,6.550974926981818
1,128,700,6,1000,v_component_of_wind,5.683274733206217,0.7474144380338668,7.603913496983713
1,128,700,6,1,specific_humidity,3.951670762000426e-07,9.093771566984339e-07,0.43454695699057155
1,128,700,6,2,specific_humidity,2.3321470858678656e-07,7.335056784697729e-07,0.3179453348927238
1,128,700,6,3,specific_humidity,1.4710935701775844e-07,5.95589768955808e-07,0.24699779056928994
1,128,700,6,5,specific_humidity,2.2512817220721067e-07,4.224884578703961e-07,0.5328623019478361
1,128,700,6,7,specific_humidity,2.9815754625825273e-07,3.348673087158939e-07,0.8903751978704311
1,128,700,6,10,specific_humidity,3.81500090111441e-07,2.470444360450041e-07,1.5442569612939718
1,128,700,6,20,specific_humidity,3.631175845375798e-07,1.196116131921905e-07,3.0358054276395956
1,128,700,6,30,specific_humidity,1.463756519319262e-07,1.0382307119485337e-07,1.409856694156262
1,128,700,6,50,specific_humidity,3.2808562510591155e-07,1.2568902329994858e-08,26.10296559652284
1,128,700,6,70,specific_humidity,3.38133767260212e-07,2.414820950784697e-08,14.002436377336187
1,128,700,6,100,specific_humidity,4.174261390148167e-07,8.178295415058188e-08,5.104072643869477
1,128,700,6,125,specific_humidity,1.0081124726374953e-06,2.1831824920281115e-07,4.617628055916612
1,128,700,6,150,specific_humidity,3.266800280707056e-06,5.992997945378687e-07,5.451028534435169
1,128,700,6,175,specific_humidity,5.122099393179249e-06,1.5910159323679622e-06,3.2193891267674846
1,128,700,6,200,specific_humidity,1.560706837792456e-05,3.764010817253872e-06,4.146393072619033
1,128,700,6,225,specific_humidity,4.9662100383016684e-05,7.610957609189218e-06,6.5250790942596115
1,128,700,6,250,specific_humidity,5.757048962215243e-05,1.317197315186294e-05,4.370680759701528
1,128,700,6,300,specific_humidity,0.00018556877951452687,2.9177964649465544e-05,6.359894589766252
1,128,700,6,350,specific_humidity,0.00025649591850884806,5.435803037432676e-05,4.71863893416548
1,128,700,6,400,specific_humidity,0.0005022203281000109,8.676819061223045e-05,5.788069620403266
1,128,700,6,450,specific_humidity,0.00041931227622801445,0.00012779900835098047,3.2810291851125895
1,128,700,6,500,specific_humidity,0.000896652249386952,0.00016685150995882826,5.373953460823981
1,128,700,6,550,specific_humidity,0.0011369956617057633,0.00021487303231659992,5.291476782579594
1,128,700,6,600,specific_humidity,0.0013970358429762223,0.00025206401385736966,5.542385133035034
1,128,700,6,650,specific_humidity,0.0013045626910364928,0.0002942486987821947,4.433537672165343
1,128,700,6,700,specific_humidity,0.0011345781141920363,0.0003363237500858548,3.3734700980897356
1,128,700,6,750,specific_humidity,0.0018102622404052135,0.00037860520076298974,4.781398239530402
1,128,700,6,775,specific_humidity,0.002585013693596394,0.00039260193803214373,6.584312106438837
1,128,700,6,800,specific_humidity,0.003420021279291243,0.00040466835784564294,8.451417594147005
1,128,700,6,825,specific_humidity,0.001962317779462752,0.000413348603569168,4.747367627514885
1,128,700,6,850,specific_humidity,0.002012041850482594,0.0004130505235106746,4.871176129693481
1,128,700,6,875,specific_humidity,0.0035936147392117753,0.00039473209948691704,9.103933386422964
1,128,700,6,900,specific_humidity,0.002084044595146167,0.00036987817005644063,5.63440820210654
1,128,700,6,925,specific_humidity,0.0008437636206860904,0.00034080341872750274,2.4758073843171777
1,128,700,6,950,specific_humidity,0.0009817176360509806,0.000303403494668488,3.2356833500670397
1,128,700,6,975,specific_humidity,0.0007042314839423154,0.0002819638950214839,2.4975945373738626
1,128,700,6,1000,specific_humidity,0.0005710962533281739,0.000275698375966985,2.071453091898383
1,128,700,6,1,specific_cloud_ice_water_content,1.5472397939420447e-06,1.4206039464794252e-06,1.0891422607803192
1,128,700,6,2,specific_cloud_ice_water_content,1.540627950067387e-06,1.4056207277356892e-06,1.0960481157311763
1,128,700,6,3,specific_cloud_ice_water_content,1.5418963769162872e-06,1.4049656067194154e-06,1.0974620087082445
1,128,700,6,5,specific_cloud_ice_water_content,1.5397470929660398e-06,1.3990578523496726e-06,1.1005599878375896
1,128,700,6,7,specific_cloud_ice_water_content,1.5447467228836617e-06,1.4027574858603023e-06,1.1012215143776463
1,128,700,6,10,specific_cloud_ice_water_content,1.541390413774929e-06,1.4106221265270812e-06,1.092702563492178
1,128,700,6,20,specific_cloud_ice_water_content,1.350484219255034e-06,1.1857876167668038e-06,1.1388921592361505
1,128,700,6,30,specific_cloud_ice_water_content,1.3717406847715468e-06,1.01028739149733e-06,1.3577727449795378
1,128,700,6,50,specific_cloud_ice_water_content,1.2930417321072813e-06,7.708389414940023e-07,1.677447340168325
1,128,700,6,70,specific_cloud_ice_water_content,1.387595681895139e-06,6.990539799351904e-07,1.984962137006621
1,128,700,6,100,specific_cloud_ice_water_content,1.5949050548648675e-06,9.788538346792786e-07,1.6293597658402574
1,128,700,6,125,specific_cloud_ice_water_content,3.038921347986178e-06,2.300681746129077e-06,1.3208786278672386
1,128,700,6,150,specific_cloud_ice_water_content,4.514923646118958e-06,3.7490564957738998e-06,1.204282637833913
1,128,700,6,175,specific_cloud_ice_water_content,6.250050849150983e-06,4.960764079174599e-06,1.2598968121440888
1,128,700,6,200,specific_cloud_ice_water_content,7.61259255386349e-06,6.1763666793779366e-06,1.2325357202772498
1,128,700,6,225,specific_cloud_ice_water_content,9.028481447460341e-06,7.1781582016565255e-06,1.2577713103866688
1,128,700,6,250,specific_cloud_ice_water_content,1.0143405663961393e-05,7.50072130594897e-06,1.352324029945821
1,128,700,6,300,specific_cloud_ice_water_content,1.0713965660550641e-05,7.689260186203563e-06,1.3933675543681237
1,128,700,6,350,specific_cloud_ice_water_content,1.0240430939457855e-05,7.394346892745032e-06,1.384899990221619
1,128,700,6,400,specific_cloud_ice_water_content,9.063421946637447e-06,6.521993740155893e-06,1.3896704455317073
1,128,700,6,450,specific_cloud_ice_water_content,7.849449580920464e-06,5.656019550027895e-06,1.3878045348838568
1,128,700,6,500,specific_cloud_ice_water_content,6.479467945180687e-06,4.817655002351666e-06,1.3449422887313085
1,128,700,6,550,specific_cloud_ice_water_content,5.417546782477637e-06,3.980803809296654e-06,1.360917805048733
1,128,700,6,600,specific_cloud_ice_water_content,4.591422744417132e-06,3.3726014668895825e-06,1.3613890610833481
1,128,700,6,650,specific_cloud_ice_water_content,3.870908541882419e-06,2.8844669380874784e-06,1.3419840216469918
1,128,700,6,700,specific_cloud_ice_water_content,3.4777046513115732e-06,2.5674993548664024e-06,1.3545104284914349
1,128,700,6,750,specific_cloud_ice_water_content,3.25685040106422e-06,2.2538395465582705e-06,1.4450231854515105
1,128,700,6,775,specific_cloud_ice_water_content,2.742396332518971e-06,2.1856198644839124e-06,1.2547453365896863
1,128,700,6,800,specific_cloud_ice_water_content,3.036799595101117e-06,2.159897297531843e-06,1.405992589819584
1,128,700,6,825,specific_cloud_ice_water_content,2.927523603898321e-06,2.114584282775733e-06,1.3844440383598584
1,128,700,6,850,specific_cloud_ice_water_content,2.5084291508719874e-06,1.994722956575078e-06,1.2575326025118487
1,128,700,6,875,specific_cloud_ice_water_content,2.434998618658456e-06,1.7715402042323753e-06,1.3745093748598065
1,128,700,6,900,specific_cloud_ice_water_content,2.217842476518396e-06,1.560506010189548e-06,1.4212328962763843
1,128,700,6,925,specific_cloud_ice_water_content,2.4798957687214977e-06,1.393651179751738e-06,1.779423577973981
1,128,700,6,950,specific_cloud_ice_water_content,2.03155783835455e-06,1.2220703361723148e-06,1.662390271837918
1,128,700,6,975,specific_cloud_ice_water_content,1.5400833989524422e-06,1.0380023373445382e-06,1.483699355525874
1,128,700,6,1000,specific_cloud_ice_water_content,1.3947588378034593e-06,9.404953549931882e-07,1.4830044937474054
1,128,700,6,1,specific_cloud_liquid_water_content,5.002813359467374e-06,2.607430654687599e-06,1.9186755170164898
1,128,700,6,2,specific_cloud_liquid_water_content,5.048859426559129e-06,2.6116698308202425e-06,1.933192077718891
1,128,700,6,3,specific_cloud_liquid_water_content,5.07315928138332e-06,2.5949910173011508e-06,1.9549814421552487
1,128,700,6,5,specific_cloud_liquid_water_content,5.0886979030797615e-06,2.6077422040062975e-06,1.9513807366625235
1,128,700,6,7,specific_cloud_liquid_water_content,5.046692307460961e-06,2.625027431847605e-06,1.9225293595918294
1,128,700,6,10,specific_cloud_liquid_water_content,5.0219424775743756e-06,2.5969440454393827e-06,1.9337892498660678
1,128,700,6,20,specific_cloud_liquid_water_content,4.348215110761424e-06,2.2785213747666373e-06,1.9083494931912859
1,128,700,6,30,specific_cloud_liquid_water_content,3.6928284593345353e-06,1.9447560652356706e-06,1.8988646058738625
1,128,700,6,50,specific_cloud_liquid_water_content,4.497998715325933e-06,1.9026943828573445e-06,2.3640153436365994
1,128,700,6,70,specific_cloud_liquid_water_content,5.847793266465889e-06,1.5165505909421657e-06,3.8559829796597254
1,128,700,6,100,specific_cloud_liquid_water_content,5.835668858337662e-06,1.5032028760004338e-06,3.882156528242285
1,128,700,6,125,specific_cloud_liquid_water_content,3.41955898797724e-06,1.3879582471183588e-06,2.463733325607478
1,128,700,6,150,specific_cloud_liquid_water_content,3.2797163530856715e-06,1.480373494315754e-06,2.2154654657617976
1,128,700,6,175,specific_cloud_liquid_water_content,2.519986086993661e-06,1.6357976890769738e-06,1.5405242982190575
1,128,700,6,200,specific_cloud_liquid_water_content,2.985875670968549e-06,1.8112852966820385e-06,1.6484844637331053
1,128,700,6,225,specific_cloud_liquid_water_content,2.3148847649331557e-06,1.6772163907512642e-06,1.3801944565401398
1,128,700,6,250,specific_cloud_liquid_water_content,2.416125299332824e-06,1.7577519747550994e-06,1.3745541657943254
1,128,700,6,300,specific_cloud_liquid_water_content,3.457053043569133e-06,2.2215981351880656e-06,1.5561108864886952
1,128,700,6,350,specific_cloud_liquid_water_content,3.695427569396877e-06,2.753910700547746e-06,1.3418835870973833
1,128,700,6,400,specific_cloud_liquid_water_content,5.458094678865436e-06,3.771407205589865e-06,1.4472302727681101
1,128,700,6,450,specific_cloud_liquid_water_content,7.588722291221284e-06,5.561933571204527e-06,1.364403618646208
1,128,700,6,500,specific_cloud_liquid_water_content,1.079781254719015e-05,8.249067358806768e-06,1.3089737393964085
1,128,700,6,550,specific_cloud_liquid_water_content,1.267421790570242e-05,1.1006397365588961e-05,1.151531921364917
1,128,700,6,600,specific_cloud_liquid_water_content,1.3540614282569233e-05,9.540017729517219e-06,1.4193489641716281
1,128,700,6,650,specific_cloud_liquid_water_content,1.4073152461412944e-05,9.543024885674254e-06,1.47470562321798
1,128,700,6,700,specific_cloud_liquid_water_content,1.4952808578379896e-05,1.0752393249598763e-05,1.3906493402236637
1,128,700,6,750,specific_cloud_liquid_water_content,1.8998364800398104e-05,1.2409822064669506e-05,1.5309135539087249
1,128,700,6,775,specific_cloud_liquid_water_content,2.2649412690610238e-05,1.307133403266907e-05,1.7327544865736548
1,128,700,6,800,specific_cloud_liquid_water_content,3.193360048219261e-05,1.4138016620359287e-05,2.2587044095143445
1,128,700,6,825,specific_cloud_liquid_water_content,5.6788454314180066e-05,1.60658139419533e-05,3.5347387016530867
1,128,700,6,850,specific_cloud_liquid_water_content,0.00015306263466775057,1.7874178422521548e-05,8.563338188170425
1,128,700,6,875,specific_cloud_liquid_water_content,0.0002460944969120513,1.8107670967379836e-05,13.590621198904023
1,128,700,6,900,specific_cloud_liquid_water_content,8.420362133223098e-05,1.7254756612115812e-05,4.88002370738197
1,128,700,6,925,specific_cloud_liquid_water_content,3.423092449041326e-05,1.5449699350835324e-05,2.2156369333208086
1,128,700,6,950,specific_cloud_liquid_water_content,3.7564071524192224e-05,1.305610728390447e-05,2.877126444150861
1,128,700,6,975,specific_cloud_liquid_water_content,2.5524889091530435e-05,9.737965528549028e-06,2.6211726686337617
1,128,700,6,1000,specific_cloud_liquid_water_content,1.670549562296246e-05,7.395349420625011e-06,2.2589190412520916
1,128,800,6,1,geopotential,2726.488001388171,30017.112690917347,0.09083112121617076
1,128,800,6,2,geopotential,1847.6192524226303,20502.3884876883,0.0901172687041867
1,128,800,6,3,geopotential,1497.9557510007598,15455.170984071645,0.09692262560825615
1,128,800,6,5,geopotential,971.5912760401739,9454.636002500229,0.10276347770376794
1,128,800,6,7,geopotential,771.2287209005975,5951.390274193691,0.12958799295095558
1,128,800,6,10,geopotential,611.1370874515087,2712.6580123551735,0.22529087141394194
1,128,800,6,20,geopotential,454.5725536161521,1383.490532900262,0.3285693272242456
1,128,800,6,30,geopotential,360.9644978602723,1782.3774993327822,0.2025185450306662
1,128,800,6,50,geopotential,358.7924565520879,48.71837840567823,7.364622310792469
1,128,800,6,70,geopotential,393.9935383217749,44.25181490018717,8.903443603622875
1,128,800,6,100,geopotential,234.33966479262634,32.36684696735586,7.240114090475776
1,128,800,6,125,geopotential,164.93279513467854,27.250452833998416,6.0524790593169095
1,128,800,6,150,geopotential,140.0040229810403,25.853203015822537,5.415345359542328
1,128,800,6,175,geopotential,144.40595227202533,25.879460085026363,5.579944550527057
1,128,800,6,200,geopotential,142.98381366629243,26.94857391969595,5.305802603594902
1,128,800,6,225,geopotential,137.4668962388993,27.00899913723362,5.089670133292442
1,128,800,6,250,geopotential,134.51540238695222,27.853511372988223,4.829387598053528
1,128,800,6,300,geopotential,134.87702462369842,29.16670333614647,4.624349316041642
1,128,800,6,350,geopotential,138.5909211556247,29.207937994145585,4.74497450601969
1,128,800,6,400,geopotential,138.5786910437435,28.084448168897442,4.934356915626159
1,128,800,6,450,geopotential,138.05662310810118,26.924804839753435,5.127488348746206
1,128,800,6,500,geopotential,132.78481939471908,25.5906557844183,5.188800963653672
1,128,800,6,550,geopotential,137.8483708090436,24.343130155875908,5.662721676561794
1,128,800,6,600,geopotential,135.08172112985554,23.777138524480296,5.681159698454844
1,128,800,6,650,geopotential,133.43560100970737,23.42100179145581,5.697262747248748
1,128,800,6,700,geopotential,148.17687862347262,23.71434595430227,6.248406720093002
1,128,800,6,750,geopotential,142.81937161430434,23.925957089770304,5.969222927151686
1,128,800,6,775,geopotential,141.60297325350712,24.122567562987896,5.87014516111351
1,128,800,6,800,geopotential,151.3528161765364,24.41477679319394,6.199229976934655
1,128,800,6,825,geopotential,157.5127054045486,24.82136838384357,6.3458510009897315
1,128,800,6,850,geopotential,176.21177245812407,25.2001591806623,6.992486483710098
1,128,800,6,875,geopotential,173.607901797074,25.662939695315867,6.76492653835608
1,128,800,6,900,geopotential,150.9442948573096,26.37463086834615,5.723086537619274
1,128,800,6,925,geopotential,147.0191836901804,27.231975129279554,5.398770489185223
1,128,800,6,950,geopotential,147.3006354822305,28.138298628468174,5.234880666637143
1,128,800,6,975,geopotential,145.89422838667386,29.473191721908822,4.950065461631825
1,128,800,6,1000,geopotential,157.68643247264495,31.291805198544278,5.039224534095612
1,128,800,6,1,temperature,6.945684095212947,8.585644145124043,0.8089881175843443
1,128,800,6,2,temperature,10.981953581909268,6.857750280841892,1.6013930417660336
1,128,800,6,3,temperature,9.919998962205037,5.595503425158137,1.7728519149149986
1,128,800,6,5,temperature,6.756529861694509,4.228495628067508,1.5978566506836747
1,128,800,6,7,temperature,6.010582854759362,3.497812416957201,1.7183834174812775
1,128,800,6,10,temperature,4.501609650952104,2.581661702999672,1.743686884196181
1,128,800,6,20,temperature,3.2272297408792365,2.3380640474223027,1.3802999727219758
1,128,800,6,30,temperature,3.413705474451676,2.0263439145660045,1.6846624355879944
1,128,800,6,50,temperature,0.9311453678154613,0.5925003334836259,1.5715524788665696
1,128,800,6,70,temperature,2.3032113093743387,0.5706100911703732,4.036401292255878
1,128,800,6,100,temperature,4.2065941469712165,0.45749890306441693,9.194763350894675
1,128,800,6,125,temperature,5.075825249152599,0.36691240447176915,13.833888381233896
1,128,800,6,150,temperature,1.445148419315567,0.327471433827833,4.413051857449493
1,128,800,6,175,temperature,0.6981540112044342,0.30621465563802763,2.279949696560941
1,128,800,6,200,temperature,0.8607762716375268,0.31506225114522685,2.7320831629580242
1,128,800,6,225,temperature,0.7634119770135537,0.32288913260873686,2.3643161070354863
1,128,800,6,250,temperature,0.955001558131531,0.31689929214080653,3.0135805974195713
1,128,800,6,300,temperature,0.89527192989527,0.31351115945525054,2.8556301837895437
1,128,800,6,350,temperature,1.0277471585474152,0.3036021504230704,3.38517746700821
1,128,800,6,400,temperature,0.6180233507004327,0.30196674989182404,2.046660272767886
1,128,800,6,450,temperature,0.5138147296569394,0.30076424636283866,1.7083637296338707
1,128,800,6,500,temperature,0.6251452418340563,0.30229639005800685,2.0679877841548118
1,128,800,6,550,temperature,1.0059102495611896,0.31002479252728576,3.244612282008568
1,128,800,6,600,temperature,1.175019720614079,0.3179765382408303,3.6953032041758322
1,128,800,6,650,temperature,1.9462090978022286,0.33060825539124505,5.886752874634258
1,128,800,6,700,temperature,1.0897322288459024,0.34310377892444033,3.176100922764501
1,128,800,6,750,temperature,1.3972549798503395,0.36546232228631653,3.8232531635796887
1,128,800,6,775,temperature,0.8253308732175167,0.3751180538068075,2.200189686531528
1,128,800,6,800,temperature,1.355427650685542,0.39138594820423345,3.4631484776204875
1,128,800,6,825,temperature,1.3941606691192103,0.4166086232846167,3.346451780396188
1,128,800,6,850,temperature,3.695361735677611,0.4357134643717728,8.481174069306569
1,128,800,6,875,temperature,3.47178714726224,0.4444190285900196,7.811967813972687
1,128,800,6,900,temperature,1.1457790084959298,0.44668719440069277,2.565059000702244
1,128,800,6,925,temperature,1.120773243283645,0.4469750334402169,2.507462742734039
1,128,800,6,950,temperature,1.0947243035510499,0.4578317390549868,2.3911061863266116
1,128,800,6,975,temperature,1.4203741184758487,0.4764615387155689,2.9810887197838714
1,128,800,6,1000,temperature,1.7484862903081495,0.49038267063452684,3.5655548105843735
1,128,800,6,1,u_component_of_wind,27.33465113499197,27.204844325386265,1.00477145937882
1,128,800,6,2,u_component_of_wind,19.405224953835038,22.446676899018403,0.8645032421116924
1,128,800,6,3,u_component_of_wind,15.667103626693509,17.96488830999068,0.8720957991139126
1,128,800,6,5,u_component_of_wind,14.776482720693911,12.295344974765397,1.2017948866844101
1,128,800,6,7,u_component_of_wind,11.434093662844939,9.294833048770784,1.2301558944468687
1,128,800,6,10,u_component_of_wind,9.995323128265726,7.639593738633105,1.3083579402553562
1,128,800,6,20,u_component_of_wind,9.076626910410985,5.407237474167488,1.678607043573289
1,128,800,6,30,u_component_of_wind,7.59911647638408,4.887009149787574,1.5549626046258567
1,128,800,6,50,u_component_of_wind,8.395945206030195,1.0080882920647531,8.32858120872898
1,128,800,6,70,u_component_of_wind,3.8535015362375953,0.9873005182055209,3.9030684833849474
1,128,800,6,100,u_component_of_wind,4.849550057409928,0.9996051790556035,4.851465517607297
1,128,800,6,125,u_component_of_wind,8.4677106940184,0.9860765232044753,8.587275424122955
1,128,800,6,150,u_component_of_wind,7.314717647119125,1.008586578339923,7.252443968824908
1,128,800,6,175,u_component_of_wind,4.126030244735686,1.0400778167887839,3.967039944640593
1,128,800,6,200,u_component_of_wind,9.430891361074856,1.0819338724505698,8.716698498138317
1,128,800,6,225,u_component_of_wind,6.6423964931608594,1.1608111637816696,5.7222024567039655
1,128,800,6,250,u_component_of_wind,4.154680346758964,1.2270676950135933,3.3858607505048357
1,128,800,6,300,u_component_of_wind,8.84226386591202,1.2830383898066335,6.89165962309564
1,128,800,6,350,u_component_of_wind,8.637470223579099,1.2326156977467604,7.00743162639298
1,128,800,6,400,u_component_of_wind,3.4921635549900256,1.156851315813363,3.0186796758187917
1,128,800,6,450,u_component_of_wind,2.5239992236396303,1.0782033970540394,2.3409305058172873
1,128,800,6,500,u_component_of_wind,1.8149210942714846,1.0116793591201603,1.7939686896942224
1,128,800,6,550,u_component_of_wind,2.423843362924921,0.9726858959108473,2.491907586112548
1,128,800,6,600,u_component_of_wind,2.6242791295066468,0.9395080895405804,2.7932480398225414
1,128,800,6,650,u_component_of_wind,5.043658612257823,0.9249772579484165,5.452737966168563
1,128,800,6,700,u_component_of_wind,3.3350957671142316,0.9065132547455201,3.679036957987418
1,128,800,6,750,u_component_of_wind,2.4029875137057006,0.891739235815678,2.694719955332768
1,128,800,6,775,u_component_of_wind,2.323283867651793,0.8804262263120204,2.6388171981015343
1,128,800,6,800,u_component_of_wind,2.7113464179347906,0.8758255989947605,3.0957606412130123
1,128,800,6,825,u_component_of_wind,2.5966610108414314,0.871877105839213,2.978241994715588
1,128,800,6,850,u_component_of_wind,2.9281280790197024,0.8621702091975713,3.3962297093806275
1,128,800,6,875,u_component_of_wind,3.568376146800657,0.8469161548081213,4.213375936380755
1,128,800,6,900,u_component_of_wind,3.2228183489596764,0.8358403242679547,3.8557823251495837
1,128,800,6,925,u_component_of_wind,3.029241978090371,0.8269162330630735,3.6632996874053556
1,128,800,6,950,u_component_of_wind,2.0035126587296745,0.8123438089459414,2.466335850247123
1,128,800,6,975,u_component_of_wind,1.854075314862766,0.772936429394987,2.3987423083603865
1,128,800,6,1000,u_component_of_wind,2.1996610476462597,0.706530603585151,3.1133273441865237
1,128,800,6,1,v_component_of_wind,13.149240922014467,10.217615421462448,1.2869187554655894
1,128,800,6,2,v_component_of_wind,8.970056842249624,8.013975230005627,1.1193017927812245
1,128,800,6,3,v_component_of_wind,7.622777146030528,6.99604354491347,1.0895840051728565
1,128,800,6,5,v_component_of_wind,6.318652384907528,5.856882113139169,1.0788423367327877
1,128,800,6,7,v_component_of_wind,5.559898344768058,5.04879805780746,1.1012320716948132
1,128,800,6,10,v_component_of_wind,5.016412091821787,4.212054649797571,1.190965575924537
1,128,800,6,20,v_component_of_wind,5.107568869085915,3.132682837034625,1.6304136533402476
1,128,800,6,30,v_component_of_wind,4.121244631864531,2.934383552770658,1.4044669204791698
1,128,800,6,50,v_component_of_wind,4.025466388233647,1.0162184764490427,3.9612214120528244
1,128,800,6,70,v_component_of_wind,15.752451374695216,1.0146993114070182,15.524255508612011
1,128,800,6,100,v_component_of_wind,7.469717627235407,1.0124299104952352,7.378009627927287
1,128,800,6,125,v_component_of_wind,7.438106660005531,0.9845476252423212,7.5548469868837795
1,128,800,6,150,v_component_of_wind,9.112466676439995,0.990590970267721,9.199020534153693
1,128,800,6,175,v_component_of_wind,5.310912239670454,1.0026061549574068,5.297107157591781
1,128,800,6,200,v_component_of_wind,3.024710878522045,1.0506483400486595,2.8788994026126375
1,128,800,6,225,v_component_of_wind,2.846068667736787,1.1539458111821337,2.466379824908066
1,128,800,6,250,v_component_of_wind,7.715365310907207,1.2472675204999661,6.185814337420179
1,128,800,6,300,v_component_of_wind,13.361588251047403,1.347740651303455,9.914064874517857
1,128,800,6,350,v_component_of_wind,6.178183409266594,1.3290593707296534,4.648538316143674
1,128,800,6,400,v_component_of_wind,6.00525433852154,1.2521074225075,4.796117514019104
1,128,800,6,450,v_component_of_wind,3.331885782545951,1.1675815532403064,2.853664288630806
1,128,800,6,500,v_component_of_wind,2.743433243922946,1.093600898328093,2.5086238024466985
1,128,800,6,550,v_component_of_wind,2.2583791419168846,1.0396268502141275,2.1722978215229203
1,128,800,6,600,v_component_of_wind,2.5515129224198208,0.9974577749310111,2.558015974757724
1,128,800,6,650,v_component_of_wind,5.1689218332068085,0.9792344605076282,5.278533427558581
1,128,800,6,700,v_component_of_wind,2.6130347142494506,0.9604954173243057,2.7205072165036417
1,128,800,6,750,v_component_of_wind,4.306247143614591,0.9424057204498179,4.569419571815826
1,128,800,6,775,v_component_of_wind,6.205025216464531,0.9308451007215435,6.666012649854109
1,128,800,6,800,v_component_of_wind,8.09275551170795,0.9278565426619727,8.721990027133128
1,128,800,6,825,v_component_of_wind,4.485731054095196,0.924852716790928,4.850211252727757
1,128,800,6,850,v_component_of_wind,3.438394931069341,0.9187872484327434,3.742318950262441
1,128,800,6,875,v_component_of_wind,3.2908085399286042,0.905953755531246,3.6324244144215654
1,128,800,6,900,v_component_of_wind,4.262641632344886,0.8963129279150315,4.7557515903072805
1,128,800,6,925,v_component_of_wind,2.2573679394220765,0.891872274973568,2.5310439653357055
1,128,800,6,950,v_component_of_wind,2.6858681791929455,0.8758473474280674,3.066593952793279
1,128,800,6,975,v_component_of_wind,4.842334650580873,0.8252007431177929,5.86806869839386
1,128,800,6,1000,v_component_of_wind,5.235410218651423,0.7474144380338668,7.004695055695722
1,128,800,6,1,specific_humidity,4.248666795019681e-07,9.093771566984339e-07,0.46720623711780973
1,128,800,6,2,specific_humidity,2.5439109573254516e-07,7.335056784697729e-07,0.34681544151539706
1,128,800,6,3,specific_humidity,1.5243995599953094e-07,5.95589768955808e-07,0.25594790902266457
1,128,800,6,5,specific_humidity,1.9914514218330313e-07,4.224884578703961e-07,0.47136232593694555
1,128,800,6,7,specific_humidity,2.709870414872215e-07,3.348673087158939e-07,0.8092370752056024
1,128,800,6,10,specific_humidity,3.517097585265099e-07,2.470444360450041e-07,1.4236700253489576
1,128,800,6,20,specific_humidity,3.406633918086362e-07,1.196116131921905e-07,2.8480795695085424
1,128,800,6,30,specific_humidity,1.414462472553955e-07,1.0382307119485337e-07,1.362377799342225
1,128,800,6,50,specific_humidity,3.1581671128590455e-07,1.2568902329994858e-08,25.126833115110518
1,128,800,6,70,specific_humidity,3.1263399928700077e-07,2.414820950784697e-08,12.946467073900871
1,128,800,6,100,specific_humidity,3.538712172760296e-07,8.178295415058188e-08,4.326955671281676
1,128,800,6,125,specific_humidity,9.079197516555516e-07,2.1831824920281115e-07,4.158698390862054
1,128,800,6,150,specific_humidity,3.2077987566987617e-06,5.992997945378687e-07,5.352577768147502
1,128,800,6,175,specific_humidity,4.8442515294331745e-06,1.5910159323679622e-06,3.0447536262087036
1,128,800,6,200,specific_humidity,1.4798462025503268e-05,3.764010817253872e-06,3.9315673476995623
1,128,800,6,225,specific_humidity,4.844982626225083e-05,7.610957609189218e-06,6.365798990097398
1,128,800,6,250,specific_humidity,5.5796006414331135e-05,1.317197315186294e-05,4.235964177199966
1,128,800,6,300,specific_humidity,0.00019334847856765117,2.9177964649465544e-05,6.626523847378531
1,128,800,6,350,specific_humidity,0.0002706668326223281,5.435803037432676e-05,4.979334805886634
1,128,800,6,400,specific_humidity,0.0004961765912072414,8.676819061223045e-05,5.718415789314646
1,128,800,6,450,specific_humidity,0.00041074974968023366,0.00012779900835098047,3.2140292399779202
1,128,800,6,500,specific_humidity,0.0009170181760787407,0.00016685150995882826,5.496013648932641
1,128,800,6,550,specific_humidity,0.0011083051771902377,0.00021487303231659992,5.157953816918402
1,128,800,6,600,specific_humidity,0.0013358372828096124,0.00025206401385736966,5.299595378043514
1,128,800,6,650,specific_humidity,0.0013195943883774525,0.0002942486987821947,4.484622680877943
1,128,800,6,700,specific_humidity,0.0011389777366607886,0.0003363237500858548,3.3865516079968687
1,128,800,6,750,specific_humidity,0.00181362362610831,0.00037860520076298974,4.790276579543488
1,128,800,6,775,specific_humidity,0.002593415050596726,0.00039260193803214373,6.605711279969264
1,128,800,6,800,specific_humidity,0.0035348070103315057,0.00040466835784564294,8.735071427748808
1,128,800,6,825,specific_humidity,0.001989631915228277,0.000413348603569168,4.813447772771633
1,128,800,6,850,specific_humidity,0.0020040019601350774,0.0004130505235106746,4.851711464017276
1,128,800,6,875,specific_humidity,0.003622685512373505,0.00039473209948691704,9.177580229939153
1,128,800,6,900,specific_humidity,0.0019755676687418454,0.00036987817005644063,5.341130752432317
1,128,800,6,925,specific_humidity,0.0008624075223029912,0.00034080341872750274,2.5305131196249797
1,128,800,6,950,specific_humidity,0.0011047494312561418,0.000303403494668488,3.64118888104186
1,128,800,6,975,specific_humidity,0.0007503609342676698,0.0002819638950214839,2.661195094536827
1,128,800,6,1000,specific_humidity,0.0005818264421999204,0.000275698375966985,2.1103731212025507
1,128,800,6,1,specific_cloud_ice_water_content,1.559490530702641e-06,1.4206039464794252e-06,1.0977658724427788
1,128,800,6,2,specific_cloud_ice_water_content,1.5493777744324912e-06,1.4056207277356892e-06,1.1022729985836077
1,128,800,6,3,specific_cloud_ice_water_content,1.5494059026276111e-06,1.4049656067194154e-06,1.1028069977068427
1,128,800,6,5,specific_cloud_ice_water_content,1.541473563093585e-06,1.3990578523496726e-06,1.1017940112374407
1,128,800,6,7,specific_cloud_ice_water_content,1.5545129514148845e-06,1.4027574858603023e-06,1.1081836789924606
1,128,800,6,10,specific_cloud_ice_water_content,1.5478213143738228e-06,1.4106221265270812e-06,1.0972614743996132
1,128,800,6,20,specific_cloud_ice_water_content,1.3227043979223837e-06,1.1857876167668038e-06,1.115464843130088
1,128,800,6,30,specific_cloud_ice_water_content,1.2318360310439614e-06,1.01028739149733e-06,1.2192926897942156
1,128,800,6,50,specific_cloud_ice_water_content,1.279132171016415e-06,7.708389414940023e-07,1.6594026354419298
1,128,800,6,70,specific_cloud_ice_water_content,1.481803531774915e-06,6.990539799351904e-07,2.1197269085175563
1,128,800,6,100,specific_cloud_ice_water_content,1.5863287190992859e-06,9.788538346792786e-07,1.6205981556164066
1,128,800,6,125,specific_cloud_ice_water_content,2.9584137020302914e-06,2.300681746129077e-06,1.2858856758471073
1,128,800,6,150,specific_cloud_ice_water_content,4.5241330106406454e-06,3.7490564957738998e-06,1.2067390864182617
1,128,800,6,175,specific_cloud_ice_water_content,6.072431598486092e-06,4.960764079174599e-06,1.2240919950171183
1,128,800,6,200,specific_cloud_ice_water_content,7.517202796872173e-06,6.1763666793779366e-06,1.2170914045584613
1,128,800,6,225,specific_cloud_ice_water_content,8.92025166742929e-06,7.1781582016565255e-06,1.242693657179461
1,128,800,6,250,specific_cloud_ice_water_content,1.0067157979331464e-05,7.50072130594897e-06,1.3421586496417355
1,128,800,6,300,specific_cloud_ice_water_content,1.0750061543477427e-05,7.689260186203563e-06,1.3980618789263628
1,128,800,6,350,specific_cloud_ice_water_content,1.0203713161339398e-05,7.394346892745032e-06,1.3799343348836903
1,128,800,6,400,specific_cloud_ice_water_content,9.219551979612904e-06,6.521993740155893e-06,1.4136094493388047
1,128,800,6,450,specific_cloud_ice_water_content,7.777975899457792e-06,5.656019550027895e-06,1.3751677890539526
1,128,800,6,500,specific_cloud_ice_water_content,6.481920398046745e-06,4.817655002351666e-06,1.3454513440424216
1,128,800,6,550,specific_cloud_ice_water_content,5.376464650450124e-06,3.980803809296654e-06,1.3505977455844682
1,128,800,6,600,specific_cloud_ice_water_content,4.599917925874123e-06,3.3726014668895825e-06,1.3639079419948323
1,128,800,6,650,specific_cloud_ice_water_content,3.918454931455981e-06,2.8844669380874784e-06,1.3584676183024929
1,128,800,6,700,specific_cloud_ice_water_content,3.4732293718681816e-06,2.5674993548664024e-06,1.3527673786110486
1,128,800,6,750,specific_cloud_ice_water_content,3.1674552884540463e-06,2.2538395465582705e-06,1.4053597086318386
1,128,800,6,775,specific_cloud_ice_water_content,2.71296385824279e-06,2.1856198644839124e-06,1.241278916946245
1,128,800,6,800,specific_cloud_ice_water_content,3.0146665107932404e-06,2.159897297531843e-06,1.3957453042967176
1,128,800,6,825,specific_cloud_ice_water_content,2.785823023832637e-06,2.114584282775733e-06,1.3174329566924592
1,128,800,6,850,specific_cloud_ice_water_content,2.697534283932967e-06,1.994722956575078e-06,1.3523353080392726
1,128,800,6,875,specific_cloud_ice_water_content,2.607217107237265e-06,1.7715402042323753e-06,1.4717233630986073
1,128,800,6,900,specific_cloud_ice_water_content,2.268554682652977e-06,1.560506010189548e-06,1.4537301797238356
1,128,800,6,925,specific_cloud_ice_water_content,2.393799644697241e-06,1.393651179751738e-06,1.7176461940237207
1,128,800,6,950,specific_cloud_ice_water_content,2.452193375084226e-06,1.2220703361723148e-06,2.006589393835398
1,128,800,6,975,specific_cloud_ice_water_content,1.529936251110126e-06,1.0380023373445382e-06,1.4739237052433563
1,128,800,6,1000,specific_cloud_ice_water_content,1.4273238802500495e-06,9.404953549931882e-07,1.5176299092517977
1,128,800,6,1,specific_cloud_liquid_water_content,5.00269303497156e-06,2.607430654687599e-06,1.9186293702491357
1,128,800,6,2,specific_cloud_liquid_water_content,5.047164918480797e-06,2.6116698308202425e-06,1.9325432560116693
1,128,800,6,3,specific_cloud_liquid_water_content,5.066527730636091e-06,2.5949910173011508e-06,1.9524259224239606
1,128,800,6,5,specific_cloud_liquid_water_content,5.0776998599928845e-06,2.6077422040062975e-06,1.9471632787136586
1,128,800,6,7,specific_cloud_liquid_water_content,5.046417362985036e-06,2.625027431847605e-06,1.9224246199336497
1,128,800,6,10,specific_cloud_liquid_water_content,5.02053640165945e-06,2.5969440454393827e-06,1.9332478150525627
1,128,800,6,20,specific_cloud_liquid_water_content,4.398083859682615e-06,2.2785213747666373e-06,1.930235945288448
1,128,800,6,30,specific_cloud_liquid_water_content,3.7994110876103716e-06,1.9447560652356706e-06,1.9536697457991725
1,128,800,6,50,specific_cloud_liquid_water_content,5.160929920174051e-06,1.9026943828573445e-06,2.712432415143675
1,128,800,6,70,specific_cloud_liquid_water_content,6.163134098727574e-06,1.5165505909421657e-06,4.063915925744813
1,128,800,6,100,specific_cloud_liquid_water_content,8.227457232927895e-06,1.5032028760004338e-06,5.473284653910894
1,128,800,6,125,specific_cloud_liquid_water_content,3.607583874608696e-06,1.3879582471183588e-06,2.5992020164141563
1,128,800,6,150,specific_cloud_liquid_water_content,4.650880285626548e-06,1.480373494315754e-06,3.141693838402747
1,128,800,6,175,specific_cloud_liquid_water_content,3.1544956278796238e-06,1.6357976890769738e-06,1.9284142831009872
1,128,800,6,200,specific_cloud_liquid_water_content,3.047368828593204e-06,1.8112852966820385e-06,1.6824344757700274
1,128,800,6,225,specific_cloud_liquid_water_content,2.2800705470029074e-06,1.6772163907512642e-06,1.3594373150512862
1,128,800,6,250,specific_cloud_liquid_water_content,2.4177546096016474e-06,1.7577519747550994e-06,1.3754810942189404
1,128,800,6,300,specific_cloud_liquid_water_content,3.3783477817864967e-06,2.2215981351880656e-06,1.5206835693083207
1,128,800,6,350,specific_cloud_liquid_water_content,3.7509182252527837e-06,2.753910700547746e-06,1.3620333529720972
1,128,800,6,400,specific_cloud_liquid_water_content,5.580235930888063e-06,3.771407205589865e-06,1.4796163942777665
1,128,800,6,450,specific_cloud_liquid_water_content,7.68047790872833e-06,5.561933571204527e-06,1.3809006904526904
1,128,800,6,500,specific_cloud_liquid_water_content,1.0759011156106747e-05,8.249067358806768e-06,1.3042700087326047
1,128,800,6,550,specific_cloud_liquid_water_content,1.278518968379418e-05,1.1006397365588961e-05,1.1616144010724652
1,128,800,6,600,specific_cloud_liquid_water_content,1.4116880954977988e-05,9.540017729517219e-06,1.4797541634854368
1,128,800,6,650,specific_cloud_liquid_water_content,1.4882293135861737e-05,9.543024885674254e-06,1.559494323252018
1,128,800,6,700,specific_cloud_liquid_water_content,1.5604277370472034e-05,1.0752393249598763e-05,1.4512375996901272
1,128,800,6,750,specific_cloud_liquid_water_content,1.9948611669014053e-05,1.2409822064669506e-05,1.6074857129343794
1,128,800,6,775,specific_cloud_liquid_water_content,2.3793803772080907e-05,1.307133403266907e-05,1.8203041642584652
1,128,800,6,800,specific_cloud_liquid_water_content,3.3759875281575565e-05,1.4138016620359287e-05,2.3878791621280206
1,128,800,6,825,specific_cloud_liquid_water_content,6.151353416430756e-05,1.60658139419533e-05,3.828846418025222
1,128,800,6,850,specific_cloud_liquid_water_content,0.00016013787225047527,1.7874178422521548e-05,8.959173868864418
1,128,800,6,875,specific_cloud_liquid_water_content,0.00022966361678727516,1.8107670967379836e-05,12.683222331629725
1,128,800,6,900,specific_cloud_liquid_water_content,9.373303072997512e-05,1.7254756612115812e-05,5.432300949649929
1,128,800,6,925,specific_cloud_liquid_water_content,3.429662362911651e-05,1.5449699350835324e-05,2.219889387508514
1,128,800,6,950,specific_cloud_liquid_water_content,3.373797434247053e-05,1.305610728390447e-05,2.5840760656173987
1,128,800,6,975,specific_cloud_liquid_water_content,2.7211322079666435e-05,9.737965528549028e-06,2.794353913031459
1,128,800,6,1000,specific_cloud_liquid_water_content,1.9143201082314922e-05,7.395349420625011e-06,2.5885458540912394
1,128,900,6,1,geopotential,2498.6765360849245,30017.112690917347,0.08324173486682415
1,128,900,6,2,geopotential,1615.591919333592,20502.3884876883,0.07880018078399774
1,128,900,6,3,geopotential,1270.8682448035715,15455.170984071645,0.08222932286633058
1,128,900,6,5,geopotential,895.4220790301257,9454.636002500229,0.09470719748421157
1,128,900,6,7,geopotential,761.6246071949569,5951.390274193691,0.12797423326403234
1,128,900,6,10,geopotential,673.4739366328358,2712.6580123551735,0.24827085963855608
1,128,900,6,20,geopotential,543.7029964413738,1383.490532900262,0.392993651573162
1,128,900,6,30,geopotential,373.7449678297127,1782.3774993327822,0.20968900694135836
1,128,900,6,50,geopotential,309.0642972816558,48.71837840567823,6.343895412693656
1,128,900,6,70,geopotential,279.24286384055193,44.25181490018717,6.310314378526672
1,128,900,6,100,geopotential,227.188369198746,32.36684696735586,7.0191690104346804
1,128,900,6,125,geopotential,175.4930778417853,27.250452833998416,6.4400059298403765
1,128,900,6,150,geopotential,136.89789132359036,25.853203015822537,5.295200414424737
1,128,900,6,175,geopotential,142.9973968746812,25.879460085026363,5.525517008657313
1,128,900,6,200,geopotential,134.74432593825887,26.94857391969595,5.00005404144143
1,128,900,6,225,geopotential,130.18889937128955,27.00899913723362,4.820204507016178
1,128,900,6,250,geopotential,127.64848136361927,27.853511372988223,4.582850602003818
1,128,900,6,300,geopotential,127.04226160397431,29.16670333614647,4.355729207370861
1,128,900,6,350,geopotential,129.42604274464586,29.207937994145585,4.431194107936956
1,128,900,6,400,geopotential,130.02969962403955,28.084448168897442,4.629953874900877
1,128,900,6,450,geopotential,130.21582306310833,26.924804839753435,4.836277322643754
1,128,900,6,500,geopotential,125.27112443243293,25.5906557844183,4.895190083745658
1,128,900,6,550,geopotential,130.07878502460196,24.343130155875908,5.34355213120379
1,128,900,6,600,geopotential,127.43949444161683,23.777138524480296,5.359749000511924
1,128,900,6,650,geopotential,126.0217707942882,23.42100179145581,5.380716500361742
1,128,900,6,700,geopotential,139.45370318507028,23.71434595430227,5.880562907102673
1,128,900,6,750,geopotential,134.90748559041276,23.925957089770304,5.6385408150754115
1,128,900,6,775,geopotential,134.25789064807057,24.122567562987896,5.565655077864396
1,128,900,6,800,geopotential,144.47584248198743,24.41477679319394,5.917557375427765
1,128,900,6,825,geopotential,150.6778506330775,24.82136838384357,6.070489277744854
1,128,900,6,850,geopotential,168.77305216895758,25.2001591806623,6.697301035243776
1,128,900,6,875,geopotential,168.1723801687896,25.662939695315867,6.553122213020876
1,128,900,6,900,geopotential,148.75666557772064,26.37463086834615,5.640142086547754
1,128,900,6,925,geopotential,145.50631355587987,27.231975129279554,5.343215571588596
1,128,900,6,950,geopotential,146.1848109148102,28.138298628468174,5.195225654720702
1,128,900,6,975,geopotential,142.43189328061592,29.473191721908822,4.832591414751309
1,128,900,6,1000,geopotential,149.3283837736129,31.291805198544278,4.772124293441523
1,128,900,6,1,temperature,7.089848402148516,8.585644145124043,0.8257794385963436
1,128,900,6,2,temperature,10.047802549018828,6.857750280841892,1.4651747493764542
1,128,900,6,3,temperature,9.01844369217995,5.595503425158137,1.6117305284153367
1,128,900,6,5,temperature,6.304173325160589,4.228495628067508,1.4908785250516388
1,128,900,6,7,temperature,5.577747979829793,3.497812416957201,1.5946389671410564
1,128,900,6,10,temperature,4.585350788293017,2.581661702999672,1.776123797694031
1,128,900,6,20,temperature,3.098659210572565,2.3380640474223027,1.325309806627758
1,128,900,6,30,temperature,3.31953269760043,2.0263439145660045,1.638188203758786
1,128,900,6,50,temperature,0.9687403015675862,0.5925003334836259,1.6350038081360134
1,128,900,6,70,temperature,2.412439646658158,0.5706100911703732,4.227825066517883
1,128,900,6,100,temperature,4.059459028538175,0.45749890306441693,8.87315576353763
1,128,900,6,125,temperature,4.490783724102283,0.36691240447176915,12.239389209442255
1,128,900,6,150,temperature,1.098686951857949,0.327471433827833,3.3550619637729375
1,128,900,6,175,temperature,0.7018086972253647,0.30621465563802763,2.2918847426263085
1,128,900,6,200,temperature,0.8792622010028835,0.31506225114522685,2.790757057714257
1,128,900,6,225,temperature,0.7756560479086446,0.32288913260873686,2.4022364631532866
1,128,900,6,250,temperature,0.9811658860455216,0.31689929214080653,3.096144139096291
1,128,900,6,300,temperature,0.7763504439552423,0.31351115945525054,2.476308802864339
1,128,900,6,350,temperature,0.8917312977078542,0.3036021504230704,2.9371705584602226
1,128,900,6,400,temperature,0.625839862808381,0.30196674989182404,2.072545613159663
1,128,900,6,450,temperature,0.508922134930388,0.30076424636283866,1.6920965210619814
1,128,900,6,500,temperature,0.5736305133577609,0.30229639005800685,1.8975764588114616
1,128,900,6,550,temperature,0.9354909410285437,0.31002479252728576,3.017471388022007
1,128,900,6,600,temperature,1.0900688823208764,0.3179765382408303,3.4281424923724275
1,128,900,6,650,temperature,1.8411203157146296,0.33060825539124505,5.568887907943586
1,128,900,6,700,temperature,1.0361720245476829,0.34310377892444033,3.0199959551476487
1,128,900,6,750,temperature,1.3463136531114392,0.36546232228631653,3.6838644396745446
1,128,900,6,775,temperature,0.8071710526742072,0.3751180538068075,2.1517787386738645
1,128,900,6,800,temperature,1.278558437366626,0.39138594820423345,3.2667458891483947
1,128,900,6,825,temperature,1.2872843502679054,0.4166086232846167,3.0899128782278344
1,128,900,6,850,temperature,3.423865903137605,0.4357134643717728,7.858067705284841
1,128,900,6,875,temperature,3.2113957722357283,0.4444190285900196,7.2260537142712415
1,128,900,6,900,temperature,1.156674818585682,0.44668719440069277,2.5894514843604575
1,128,900,6,925,temperature,1.0621172224814202,0.4469750334402169,2.3762338900825406
1,128,900,6,950,temperature,1.0739665367048652,0.4578317390549868,2.345766894452634
1,128,900,6,975,temperature,1.332912974895704,0.4764615387155689,2.797524808589864
1,128,900,6,1000,temperature,1.662683341759493,0.49038267063452684,3.3905833980798645
1,128,900,6,1,u_component_of_wind,25.377759762959307,27.204844325386265,0.9328397346967353
1,128,900,6,2,u_component_of_wind,17.808952311884525,22.446676899018403,0.7933892572162125
1,128,900,6,3,u_component_of_wind,14.71364140607418,17.96488830999068,0.8190221476574163
1,128,900,6,5,u_component_of_wind,16.499835583636756,12.295344974765397,1.3419579212702475
1,128,900,6,7,u_component_of_wind,12.926937731566012,9.294833048770784,1.390765994799182
1,128,900,6,10,u_component_of_wind,10.302309461894604,7.639593738633105,1.3485415343222056
1,128,900,6,20,u_component_of_wind,9.337940669324997,5.407237474167488,1.7269337094840078
1,128,900,6,30,u_component_of_wind,6.771099283065002,4.887009149787574,1.385530306068554
1,128,900,6,50,u_component_of_wind,7.321909634593301,1.0080882920647531,7.2631630505267175
1,128,900,6,70,u_component_of_wind,2.9691534207502195,0.9873005182055209,3.0073451456774656
1,128,900,6,100,u_component_of_wind,4.077310390272498,0.9996051790556035,4.078920833648157
1,128,900,6,125,u_component_of_wind,5.651722972594179,0.9860765232044753,5.731525738213143
1,128,900,6,150,u_component_of_wind,5.572220998511867,1.008586578339923,5.524782024844541
1,128,900,6,175,u_component_of_wind,3.282708303827052,1.0400778167887839,3.1562141320947865
1,128,900,6,200,u_component_of_wind,10.039249270077095,1.0819338724505698,9.27898601357058
1,128,900,6,225,u_component_of_wind,5.757812569148244,1.1608111637816696,4.960162986708834
1,128,900,6,250,u_component_of_wind,3.9217166247614137,1.2270676950135933,3.1960067408652377
1,128,900,6,300,u_component_of_wind,8.645493575917163,1.2830383898066335,6.738296877632885
1,128,900,6,350,u_component_of_wind,8.551625385432533,1.2326156977467604,6.937787179787691
1,128,900,6,400,u_component_of_wind,3.990540760696689,1.156851315813363,3.4494845674191117
1,128,900,6,450,u_component_of_wind,2.3266676058068443,1.0782033970540394,2.1579115890044185
1,128,900,6,500,u_component_of_wind,1.618397883195967,1.0116793591201603,1.5997142460269813
1,128,900,6,550,u_component_of_wind,2.518234893184573,0.9726858959108473,2.588949735748389
1,128,900,6,600,u_component_of_wind,2.755187517825846,0.9395080895405804,2.9325851991047074
1,128,900,6,650,u_component_of_wind,5.319250782092012,0.9249772579484165,5.750682772341904
1,128,900,6,700,u_component_of_wind,3.497915127287072,0.9065132547455201,3.8586475255334465
1,128,900,6,750,u_component_of_wind,2.0171485174500625,0.891739235815678,2.262038538211193
1,128,900,6,775,u_component_of_wind,2.4462998435379473,0.8804262263120204,2.7785404051230365
1,128,900,6,800,u_component_of_wind,2.364675063327122,0.8758255989947605,2.6999382822804066
1,128,900,6,825,u_component_of_wind,2.1931310034614433,0.871877105839213,2.515412996594831
1,128,900,6,850,u_component_of_wind,2.1995293620160674,0.8621702091975713,2.5511544455510555
1,128,900,6,875,u_component_of_wind,3.254896074537619,0.8469161548081213,3.8432329529421407
1,128,900,6,900,u_component_of_wind,2.7420365468573693,0.8358403242679547,3.280574611255922
1,128,900,6,925,u_component_of_wind,2.198370351174808,0.8269162330630735,2.6585163808328893
1,128,900,6,950,u_component_of_wind,2.044832791854273,0.8123438089459414,2.5172011768115157
1,128,900,6,975,u_component_of_wind,1.9567336167769285,0.772936429394987,2.5315582787429936
1,128,900,6,1000,u_component_of_wind,2.745370972909122,0.706530603585151,3.8857070861166885
1,128,900,6,1,v_component_of_wind,12.897938339499648,10.217615421462448,1.2623237230486373
1,128,900,6,2,v_component_of_wind,8.902998463393088,8.013975230005627,1.1109341129554298
1,128,900,6,3,v_component_of_wind,7.6565163481069485,6.99604354491347,1.0944066169619084
1,128,900,6,5,v_component_of_wind,6.241160679389235,5.856882113139169,1.0656114565440862
1,128,900,6,7,v_component_of_wind,5.442079993907524,5.04879805780746,1.077896151043691
1,128,900,6,10,v_component_of_wind,4.902911021568781,4.212054649797571,1.1640188528428548
1,128,900,6,20,v_component_of_wind,4.869047337494073,3.132682837034625,1.5542739532812322
1,128,900,6,30,v_component_of_wind,4.793204978695267,2.934383552770658,1.633462324367754
1,128,900,6,50,v_component_of_wind,4.677473072593817,1.0162184764490427,4.6028223074020875
1,128,900,6,70,v_component_of_wind,16.480223457764577,1.0146993114070182,16.24148481476006
1,128,900,6,100,v_component_of_wind,8.5514694905732,1.0124299104952352,8.446480494032626
1,128,900,6,125,v_component_of_wind,7.984006777117627,0.9845476252423212,8.109314950764894
1,128,900,6,150,v_component_of_wind,9.345778583163073,0.990590970267721,9.434548530799999
1,128,900,6,175,v_component_of_wind,3.7270205426683622,1.0026061549574068,3.7173325978900413
1,128,900,6,200,v_component_of_wind,2.937077799595877,1.0506483400486595,2.7954908294623584
1,128,900,6,225,v_component_of_wind,2.8356066076040407,1.1539458111821337,2.4573134891829693
1,128,900,6,250,v_component_of_wind,7.644807412166332,1.2472675204999661,6.129244357378854
1,128,900,6,300,v_component_of_wind,13.18583040924317,1.347740651303455,9.783655628767015
1,128,900,6,350,v_component_of_wind,6.295807301565659,1.3290593707296534,4.73703992479227
1,128,900,6,400,v_component_of_wind,6.156353440459426,1.2521074225075,4.916793343601914
1,128,900,6,450,v_component_of_wind,3.4927659186839577,1.1675815532403064,2.991453495467389
1,128,900,6,500,v_component_of_wind,2.9180885868666295,1.093600898328093,2.6683304588793133
1,128,900,6,550,v_component_of_wind,2.249659318168095,1.0396268502141275,2.163910366209513
1,128,900,6,600,v_component_of_wind,2.589280971535093,0.9974577749310111,2.5958802834678187
1,128,900,6,650,v_component_of_wind,5.14231691103609,0.9792344605076282,5.251364324301199
1,128,900,6,700,v_component_of_wind,2.819116069376659,0.9604954173243057,2.935064570354739
1,128,900,6,750,v_component_of_wind,4.327278051741119,0.9424057204498179,4.5917357650117765
1,128,900,6,775,v_component_of_wind,6.224699679428903,0.9308451007215435,6.687148779752758
1,128,900,6,800,v_component_of_wind,8.197298289117901,0.9278565426619727,8.834661299687852
1,128,900,6,825,v_component_of_wind,4.612812446305895,0.924852716790928,4.98761842027293
1,128,900,6,850,v_component_of_wind,3.50911842087489,0.9187872484327434,3.8192937775972657
1,128,900,6,875,v_component_of_wind,3.2960445549285415,0.905953755531246,3.6382039754289224
1,128,900,6,900,v_component_of_wind,4.226526408241158,0.8963129279150315,4.715458492909101
1,128,900,6,925,v_component_of_wind,2.3449879463935988,0.891872274973568,2.6292867400358375
1,128,900,6,950,v_component_of_wind,2.7022796931221023,0.8758473474280674,3.085331823013871
1,128,900,6,975,v_component_of_wind,4.954277297614954,0.8252007431177929,6.003723747141316
1,128,900,6,1000,v_component_of_wind,5.33027848579468,0.7474144380338668,7.131623654229108
1,128,900,6,1,specific_humidity,4.021677507632588e-07,9.093771566984339e-07,0.4422452750224789
1,128,900,6,2,specific_humidity,2.3350941977554812e-07,7.335056784697729e-07,0.31834711936067284
1,128,900,6,3,specific_humidity,1.4132491215867545e-07,5.95589768955808e-07,0.23728566124708161
1,128,900,6,5,specific_humidity,2.1611208722494145e-07,4.224884578703961e-07,0.5115218728442439
1,128,900,6,7,specific_humidity,2.9160461169639114e-07,3.348673087158939e-07,0.8708064481259727
1,128,900,6,10,specific_humidity,3.75465739972527e-07,2.470444360450041e-07,1.5198307882721487
1,128,900,6,20,specific_humidity,3.666341766975142e-07,1.196116131921905e-07,3.0652055173640274
1,128,900,6,30,specific_humidity,1.6005493438676627e-07,1.0382307119485337e-07,1.5416124041098522
1,128,900,6,50,specific_humidity,2.8449688126517674e-07,1.2568902329994858e-08,22.634982259846485
1,128,900,6,70,specific_humidity,2.9727091043279125e-07,2.414820950784697e-08,12.310267158158991
1,128,900,6,100,specific_humidity,3.965127687652523e-07,8.178295415058188e-08,4.8483546832409345
1,128,900,6,125,specific_humidity,8.46033624178142e-07,2.1831824920281115e-07,3.8752308946569185
1,128,900,6,150,specific_humidity,2.3951979185779537e-06,5.992997945378687e-07,3.996660670349363
1,128,900,6,175,specific_humidity,4.063860676901928e-06,1.5910159323679622e-06,2.5542551738332047
1,128,900,6,200,specific_humidity,1.3410372406867319e-05,3.764010817253872e-06,3.562787956239507
1,128,900,6,225,specific_humidity,4.642053025238229e-05,7.610957609189218e-06,6.09917077929007
1,128,900,6,250,specific_humidity,5.5140801932235986e-05,1.317197315186294e-05,4.186221858828896
1,128,900,6,300,specific_humidity,0.00018904101390284812,2.9177964649465544e-05,6.478896529416105
1,128,900,6,350,specific_humidity,0.00026676471292352806,5.435803037432676e-05,4.907549281798863
1,128,900,6,400,specific_humidity,0.00046930880471478145,8.676819061223045e-05,5.408765601810646
1,128,900,6,450,specific_humidity,0.0003993041132919688,0.00012779900835098047,3.1244695748760507
1,128,900,6,500,specific_humidity,0.0009205402800519978,0.00016685150995882826,5.517122861394227
1,128,900,6,550,specific_humidity,0.0010706904456066566,0.00021487303231659992,4.982898198360562
1,128,900,6,600,specific_humidity,0.0012834675363725214,0.00025206401385736966,5.091831700731272
1,128,900,6,650,specific_humidity,0.001334876208722234,0.0002942486987821947,4.536557729046477
1,128,900,6,700,specific_humidity,0.0010811367042492792,0.0003363237500858548,3.2145713883521245
1,128,900,6,750,specific_humidity,0.0017811608935347602,0.00037860520076298974,4.704533614290689
1,128,900,6,775,specific_humidity,0.0025698200100737973,0.00039260193803214373,6.545612135677733
1,128,900,6,800,specific_humidity,0.003507837689674892,0.00040466835784564294,8.668425938587777
1,128,900,6,825,specific_humidity,0.0019386361665519774,0.000413348603569168,4.690075519337213
1,128,900,6,850,specific_humidity,0.0019078991307660562,0.0004130505235106746,4.61904542463738
1,128,900,6,875,specific_humidity,0.003335847253275025,0.00039473209948691704,8.450914576268424
1,128,900,6,900,specific_humidity,0.0019341102905650683,0.00036987817005644063,5.229046878516614
1,128,900,6,925,specific_humidity,0.0008580199076493096,0.00034080341872750274,2.517638792630068
1,128,900,6,950,specific_humidity,0.0010376090923572066,0.000303403494668488,3.4198982892103595
1,128,900,6,975,specific_humidity,0.0007340211632062213,0.0002819638950214839,2.6032452245359052
1,128,900,6,1000,specific_humidity,0.0006290130698620936,0.000275698375966985,2.281526206514246
1,128,900,6,1,specific_cloud_ice_water_content,1.5470876027703406e-06,1.4206039464794252e-06,1.0890351294633316
1,128,900,6,2,specific_cloud_ice_water_content,1.5486467749015869e-06,1.4056207277356892e-06,1.101752943979631
1,128,900,6,3,specific_cloud_ice_water_content,1.5427671007457957e-06,1.4049656067194154e-06,1.0980817561421634
1,128,900,6,5,specific_cloud_ice_water_content,1.5402743096771713e-06,1.3990578523496726e-06,1.100936824799868
1,128,900,6,7,specific_cloud_ice_water_content,1.5454116100719328e-06,1.4027574858603023e-06,1.1016955002197986
1,128,900,6,10,specific_cloud_ice_water_content,1.5406794966998981e-06,1.4106221265270812e-06,1.092198589350796
1,128,900,6,20,specific_cloud_ice_water_content,1.339516039399099e-06,1.1857876167668038e-06,1.129642459120508
1,128,900,6,30,specific_cloud_ice_water_content,1.330499923217325e-06,1.01028739149733e-06,1.3169519232002027
1,128,900,6,50,specific_cloud_ice_water_content,1.2550552461800247e-06,7.708389414940023e-07,1.6281679331710175
1,128,900,6,70,specific_cloud_ice_water_content,1.228452904221947e-06,6.990539799351904e-07,1.757307646450761
1,128,900,6,100,specific_cloud_ice_water_content,1.7853100116193084e-06,9.788538346792786e-07,1.8238780381386208
1,128,900,6,125,specific_cloud_ice_water_content,2.9094537802712203e-06,2.300681746129077e-06,1.2646050611591146
1,128,900,6,150,specific_cloud_ice_water_content,4.506039748587585e-06,3.7490564957738998e-06,1.20191300228924
1,128,900,6,175,specific_cloud_ice_water_content,6.144092928607293e-06,4.960764079174599e-06,1.238537618509281
1,128,900,6,200,specific_cloud_ice_water_content,7.5313813878554075e-06,6.1763666793779366e-06,1.2193870245757403
1,128,900,6,225,specific_cloud_ice_water_content,8.970066982104312e-06,7.1781582016565255e-06,1.2496335034848163
1,128,900,6,250,specific_cloud_ice_water_content,1.0064573956506451e-05,7.50072130594897e-06,1.3418141463973658
1,128,900,6,300,specific_cloud_ice_water_content,1.032557925264262e-05,7.689260186203563e-06,1.3428573104040968
1,128,900,6,350,specific_cloud_ice_water_content,9.836948538614743e-06,7.394346892745032e-06,1.3303336564134245
1,128,900,6,400,specific_cloud_ice_water_content,8.976997988271606e-06,6.521993740155893e-06,1.3764192892428369
1,128,900,6,450,specific_cloud_ice_water_content,7.748702092219174e-06,5.656019550027895e-06,1.3699920984503948
1,128,900,6,500,specific_cloud_ice_water_content,6.461459019852206e-06,4.817655002351666e-06,1.3412041785263042
1,128,900,6,550,specific_cloud_ice_water_content,5.398373688998154e-06,3.980803809296654e-06,1.3561014176058988
1,128,900,6,600,specific_cloud_ice_water_content,4.526418807507378e-06,3.3726014668895825e-06,1.3421149376661798
1,128,900,6,650,specific_cloud_ice_water_content,3.892896392016293e-06,2.8844669380874784e-06,1.3496068686429268
1,128,900,6,700,specific_cloud_ice_water_content,3.405272663584777e-06,2.5674993548664024e-06,1.3262993258909572
1,128,900,6,750,specific_cloud_ice_water_content,3.062669681554812e-06,2.2538395465582705e-06,1.3588676648396143
1,128,900,6,775,specific_cloud_ice_water_content,2.728639517230974e-06,2.1856198644839124e-06,1.2484510969043943
1,128,900,6,800,specific_cloud_ice_water_content,3.008531658615628e-06,2.159897297531843e-06,1.3929049599041288
1,128,900,6,825,specific_cloud_ice_water_content,2.857715949315729e-06,2.114584282775733e-06,1.3514315662861711
1,128,900,6,850,specific_cloud_ice_water_content,2.480959627405922e-06,1.994722956575078e-06,1.243761505440188
1,128,900,6,875,specific_cloud_ice_water_content,2.3263831548347014e-06,1.7715402042323753e-06,1.313198057417356
1,128,900,6,900,specific_cloud_ice_water_content,2.299277320717376e-06,1.560506010189548e-06,1.473417792500583
1,128,900,6,925,specific_cloud_ice_water_content,2.6356215225122747e-06,1.393651179751738e-06,1.8911629831087133
1,128,900,6,950,specific_cloud_ice_water_content,2.0495781970434183e-06,1.2220703361723148e-06,1.6771360341361097
1,128,900,6,975,specific_cloud_ice_water_content,1.459977822163686e-06,1.0380023373445382e-06,1.406526526615213
1,128,900,6,1000,specific_cloud_ice_water_content,1.3330142305123246e-06,9.404953549931882e-07,1.4173533377227359
1,128,900,6,1,specific_cloud_liquid_water_content,4.676790168000466e-06,2.607430654687599e-06,1.793639328276134
1,128,900,6,2,specific_cloud_liquid_water_content,4.667298017917786e-06,2.6116698308202425e-06,1.787093438396819
1,128,900,6,3,specific_cloud_liquid_water_content,4.672820714155948e-06,2.5949910173011508e-06,1.8007078571762407
1,128,900,6,5,specific_cloud_liquid_water_content,4.672071950423992e-06,2.6077422040062975e-06,1.791615729210597
1,128,900,6,7,specific_cloud_liquid_water_content,4.667748724138143e-06,2.625027431847605e-06,1.7781714078518351
1,128,900,6,10,specific_cloud_liquid_water_content,4.658998260713848e-06,2.5969440454393827e-06,1.7940310531124986
1,128,900,6,20,specific_cloud_liquid_water_content,4.281001218452763e-06,2.2785213747666373e-06,1.8788505852358819
1,128,900,6,30,specific_cloud_liquid_water_content,4.1504363149320915e-06,1.9447560652356706e-06,2.1341680785189534
1,128,900,6,50,specific_cloud_liquid_water_content,4.3865678324659705e-06,1.9026943828573445e-06,2.305450561050432
1,128,900,6,70,specific_cloud_liquid_water_content,5.087982137223973e-06,1.5165505909421657e-06,3.3549702645020467
1,128,900,6,100,specific_cloud_liquid_water_content,4.979316190012898e-06,1.5032028760004338e-06,3.312471170399398
1,128,900,6,125,specific_cloud_liquid_water_content,3.5205263945877086e-06,1.3879582471183588e-06,2.5364786022179917
1,128,900,6,150,specific_cloud_liquid_water_content,3.0927864865042774e-06,1.480373494315754e-06,2.089193368011361
1,128,900,6,175,specific_cloud_liquid_water_content,2.4217127089759878e-06,1.6357976890769738e-06,1.480447567047536
1,128,900,6,200,specific_cloud_liquid_water_content,2.966006757339796e-06,1.8112852966820385e-06,1.63751495293039
1,128,900,6,225,specific_cloud_liquid_water_content,2.2501235200177954e-06,1.6772163907512642e-06,1.3415821192934518
1,128,900,6,250,specific_cloud_liquid_water_content,2.6962717114074943e-06,1.7577519747550994e-06,1.5339318345997905
1,128,900,6,300,specific_cloud_liquid_water_content,3.3047044184680997e-06,2.2215981351880656e-06,1.487534746327263
1,128,900,6,350,specific_cloud_liquid_water_content,3.6994220403392943e-06,2.753910700547746e-06,1.3433340593082732
1,128,900,6,400,specific_cloud_liquid_water_content,5.407828694181182e-06,3.771407205589865e-06,1.4339020952619126
1,128,900,6,450,specific_cloud_liquid_water_content,7.475051509389024e-06,5.561933571204527e-06,1.3439663407864435
1,128,900,6,500,specific_cloud_liquid_water_content,1.0593198851708762e-05,8.249067358806768e-06,1.2841692752574485
1,128,900,6,550,specific_cloud_liquid_water_content,1.2972206942356923e-05,1.1006397365588961e-05,1.1786060880296747
1,128,900,6,600,specific_cloud_liquid_water_content,1.3913896766852024e-05,9.540017729517219e-06,1.4584770344610407
1,128,900,6,650,specific_cloud_liquid_water_content,1.3826594435562457e-05,9.543024885674254e-06,1.4488691584906783
1,128,900,6,700,specific_cloud_liquid_water_content,1.4990007865523136e-05,1.0752393249598763e-05,1.3941089688179424
1,128,900,6,750,specific_cloud_liquid_water_content,1.8692432202705916e-05,1.2409822064669506e-05,1.5062610974836508
1,128,900,6,775,specific_cloud_liquid_water_content,2.2436709462786086e-05,1.307133403266907e-05,1.7164819907983542
1,128,900,6,800,specific_cloud_liquid_water_content,3.283039773285796e-05,1.4138016620359287e-05,2.3221360261792965
1,128,900,6,825,specific_cloud_liquid_water_content,6.108346609000524e-05,1.60658139419533e-05,3.802077274808689
1,128,900,6,850,specific_cloud_liquid_water_content,0.00015110731213919209,1.7874178422521548e-05,8.453944487249617
1,128,900,6,875,specific_cloud_liquid_water_content,0.0002150934337263701,1.8107670967379836e-05,11.878580857463744
1,128,900,6,900,specific_cloud_liquid_water_content,8.109897270709963e-05,1.7254756612115812e-05,4.700093691855043
1,128,900,6,925,specific_cloud_liquid_water_content,3.182140568337382e-05,1.5449699350835324e-05,2.059677988598097
1,128,900,6,950,specific_cloud_liquid_water_content,3.412339492136205e-05,1.305610728390447e-05,2.613596394342536
1,128,900,6,975,specific_cloud_liquid_water_content,2.5983640997669787e-05,9.737965528549028e-06,2.6682822938213246
1,128,900,6,1000,specific_cloud_liquid_water_content,1.9038624165464325e-05,7.395349420625011e-06,2.574404951355942
1,128,1000,6,1,geopotential,2870.241524519748,30017.112690917347,0.09562017353481946
1,128,1000,6,2,geopotential,1860.5963080254537,20502.3884876883,0.09075022206035864
1,128,1000,6,3,geopotential,1452.9236034806293,15455.170984071645,0.09400889870309662
1,128,1000,6,5,geopotential,976.5830909322235,9454.636002500229,0.10329145306852335
1,128,1000,6,7,geopotential,788.9500790723824,5951.390274193691,0.13256567671144223
1,128,1000,6,10,geopotential,637.6978420209874,2712.6580123551735,0.2350822842822446
1,128,1000,6,20,geopotential,479.52081576006657,1383.490532900262,0.34660216630093554
1,128,1000,6,30,geopotential,382.156410804192,1782.3774993327822,0.21440823335530715
1,128,1000,6,50,geopotential,362.66094751922776,48.71837840567823,7.444027477666598
1,128,1000,6,70,geopotential,346.9151442600841,44.25181490018717,7.839568728256087
1,128,1000,6,100,geopotential,251.98521649694493,32.36684696735586,7.7852877282451685
1,128,1000,6,125,geopotential,159.32092631728668,27.250452833998416,5.846542341436378
1,128,1000,6,150,geopotential,126.72327097350512,25.853203015822537,4.901646844143398
1,128,1000,6,175,geopotential,132.5459410626332,25.879460085026363,5.121665623129563
1,128,1000,6,200,geopotential,129.73374904651666,26.94857391969595,4.814122982281372
1,128,1000,6,225,geopotential,126.5617802568806,27.00899913723362,4.685911522075142
1,128,1000,6,250,geopotential,124.28187783805546,27.853511372988223,4.461982411258264
1,128,1000,6,300,geopotential,123.38930743725399,29.16670333614647,4.23048522197354
1,128,1000,6,350,geopotential,125.70462618020252,29.207937994145585,4.303782971786596
1,128,1000,6,400,geopotential,126.39019779506407,28.084448168897442,4.500362515046205
1,128,1000,6,450,geopotential,126.51494994545949,26.924804839753435,4.69882514277931
1,128,1000,6,500,geopotential,121.90745603527944,25.5906557844183,4.763748809809975
1,128,1000,6,550,geopotential,126.38712751462701,24.343130155875908,5.191901234776904
1,128,1000,6,600,geopotential,124.51372357567759,23.777138524480296,5.236699254095763
1,128,1000,6,650,geopotential,122.77702432255462,23.42100179145581,5.2421764626372545
1,128,1000,6,700,geopotential,138.8187673012719,23.71434595430227,5.853788570377473
1,128,1000,6,750,geopotential,135.53674806199498,23.925957089770304,5.6648412246774695
1,128,1000,6,775,geopotential,134.82289989960134,24.122567562987896,5.589077512066537
1,128,1000,6,800,geopotential,146.07480709735424,24.41477679319394,5.983049049953847
1,128,1000,6,825,geopotential,152.61549925050807,24.82136838384357,6.148553008457291
1,128,1000,6,850,geopotential,171.3796149582992,25.2001591806623,6.80073541320365
1,128,1000,6,875,geopotential,170.6431185136754,25.662939695315867,6.649398725930922
1,128,1000,6,900,geopotential,149.09232132105467,26.37463086834615,5.652868548768572
1,128,1000,6,925,geopotential,145.23033815649893,27.231975129279554,5.333081330569691
1,128,1000,6,950,geopotential,145.54594912873168,28.138298628468174,5.172521304521213
1,128,1000,6,975,geopotential,140.72609594250335,29.473191721908822,4.774715180843307
1,128,1000,6,1000,geopotential,147.7329744227775,31.291805198544278,4.7211394000896485
1,128,1000,6,1,temperature,6.9001181083312435,8.585644145124043,0.8036808877351337
1,128,1000,6,2,temperature,10.0154397921896,6.857750280841892,1.4604555987069354
1,128,1000,6,3,temperature,8.899686499079749,5.595503425158137,1.5905068450258757
1,128,1000,6,5,temperature,6.122771473588279,4.228495628067508,1.4479786695171508
1,128,1000,6,7,temperature,5.562476797892027,3.497812416957201,1.5902730434958283
1,128,1000,6,10,temperature,4.397541730168031,2.581661702999672,1.7033764435744858
1,128,1000,6,20,temperature,3.126264475302241,2.3380640474223027,1.337116696503213
1,128,1000,6,30,temperature,3.2953224833031927,2.0263439145660045,1.6262404716274304
1,128,1000,6,50,temperature,0.9819974737494636,0.5925003334836259,1.6573787696890836
1,128,1000,6,70,temperature,2.528316801874629,0.5706100911703732,4.430900961966553
1,128,1000,6,100,temperature,3.843777045325493,0.45749890306441693,8.401718604305112
1,128,1000,6,125,temperature,5.031566124754904,0.36691240447176915,13.713262521060503
1,128,1000,6,150,temperature,1.465318452468433,0.327471433827833,4.474645117408376
1,128,1000,6,175,temperature,0.730412368034261,0.30621465563802763,2.38529526456654
1,128,1000,6,200,temperature,0.8941445884967537,0.31506225114522685,2.8379933973257905
1,128,1000,6,225,temperature,0.7887277482346465,0.32288913260873686,2.4427200192903142
1,128,1000,6,250,temperature,0.8930672588520556,0.31689929214080653,2.8181421700848825
1,128,1000,6,300,temperature,0.844846172579615,0.31351115945525054,2.694788198441164
1,128,1000,6,350,temperature,0.9018174629315607,0.3036021504230704,2.970392211237225
1,128,1000,6,400,temperature,0.6347450509767281,0.30196674989182404,2.1020362381093873
1,128,1000,6,450,temperature,0.4942229290795157,0.30076424636283866,1.6432236712181894
1,128,1000,6,500,temperature,0.5760891937843026,0.30229639005800685,1.9057098024682277
1,128,1000,6,550,temperature,0.9143487704717959,0.31002479252728576,2.949276291802768
1,128,1000,6,600,temperature,1.1581055311107393,0.3179765382408303,3.6421100044607977
1,128,1000,6,650,temperature,1.8510708755624383,0.33060825539124505,5.5989856435129335
1,128,1000,6,700,temperature,1.0788806442738401,0.34310377892444033,3.1444732193154756
1,128,1000,6,750,temperature,1.3371801466523934,0.36546232228631653,3.6588727896409456
1,128,1000,6,775,temperature,0.824458436395544,0.3751180538068075,2.197863920514353
1,128,1000,6,800,temperature,1.222273834137798,0.39138594820423345,3.1229374476673595
1,128,1000,6,825,temperature,1.2136804225242526,0.4166086232846167,2.9132388402222205
1,128,1000,6,850,temperature,3.5117816628653054,0.4357134643717728,8.059841960423963
1,128,1000,6,875,temperature,3.20033325484818,0.4444190285900196,7.20116162667849
1,128,1000,6,900,temperature,1.120723559164827,0.44668719440069277,2.5089672889962054
1,128,1000,6,925,temperature,1.1307071949930225,0.4469750334402169,2.5296875896855995
1,128,1000,6,950,temperature,1.141201323947743,0.4578317390549868,2.492621691766725
1,128,1000,6,975,temperature,1.2273276040562964,0.4764615387155689,2.575921673268508
1,128,1000,6,1000,temperature,1.5300846760886355,0.49038267063452684,3.1201850467284955
1,128,1000,6,1,u_component_of_wind,23.623866436335387,27.204844325386265,0.8683698444945969
1,128,1000,6,2,u_component_of_wind,16.483837104912194,22.446676899018403,0.7343553426223655
1,128,1000,6,3,u_component_of_wind,13.893707908215678,17.96488830999068,0.7733812572878103
1,128,1000,6,5,u_component_of_wind,18.65003660114768,12.295344974765397,1.5168371964694332
1,128,1000,6,7,u_component_of_wind,15.002783536574865,9.294833048770784,1.6140993020373768
1,128,1000,6,10,u_component_of_wind,11.62985139129198,7.639593738633105,1.5223128073526095
1,128,1000,6,20,u_component_of_wind,9.41999291315747,5.407237474167488,1.7421082314509955
1,128,1000,6,30,u_component_of_wind,6.536056612860102,4.887009149787574,1.337434903952289
1,128,1000,6,50,u_component_of_wind,6.7932185633983035,1.0080882920647531,6.73871387741695
1,128,1000,6,70,u_component_of_wind,4.035216560982793,0.9873005182055209,4.087120878166909
1,128,1000,6,100,u_component_of_wind,3.1540668975000927,0.9996051790556035,3.1553126810326844
1,128,1000,6,125,u_component_of_wind,5.0648107086831615,0.9860765232044753,5.136326227729194
1,128,1000,6,150,u_component_of_wind,6.080275933110644,1.008586578339923,6.028511645592625
1,128,1000,6,175,u_component_of_wind,3.941341532924674,1.0400778167887839,3.7894679314413944
1,128,1000,6,200,u_component_of_wind,10.060261248223897,1.0819338724505698,9.29840677363904
1,128,1000,6,225,u_component_of_wind,6.041949678368714,1.1608111637816696,5.204937604739568
1,128,1000,6,250,u_component_of_wind,3.946956919211168,1.2270676950135933,3.216576343139279
1,128,1000,6,300,u_component_of_wind,8.220573232910668,1.2830383898066335,6.407114002371815
1,128,1000,6,350,u_component_of_wind,8.183830116504776,1.2326156977467604,6.639401178700659
1,128,1000,6,400,u_component_of_wind,3.8322759850897965,1.156851315813363,3.312678070816202
1,128,1000,6,450,u_component_of_wind,2.3148320470053,1.0782033970540394,2.146934477604211
1,128,1000,6,500,u_component_of_wind,1.7159765052987426,1.0116793591201603,1.6961663691459488
1,128,1000,6,550,u_component_of_wind,2.315383052967797,0.9726858959108473,2.3804015897646122
1,128,1000,6,600,u_component_of_wind,2.7358323466248344,0.9395080895405804,2.911983810552027
1,128,1000,6,650,u_component_of_wind,5.435813908079756,0.9249772579484165,5.876700060860196
1,128,1000,6,700,u_component_of_wind,3.6161320502060916,0.9065132547455201,3.9890559032379795
1,128,1000,6,750,u_component_of_wind,1.9625690702334733,0.891739235815678,2.200832924479657
1,128,1000,6,775,u_component_of_wind,2.05837702051279,0.8804262263120204,2.337932422952729
1,128,1000,6,800,u_component_of_wind,2.123061391446397,0.8758255989947605,2.424068666048545
1,128,1000,6,825,u_component_of_wind,1.9793323266038179,0.871877105839213,2.2701964684559983
1,128,1000,6,850,u_component_of_wind,2.091880510880223,0.8621702091975713,2.426296441890695
1,128,1000,6,875,u_component_of_wind,2.8843555906670595,0.8469161548081213,3.4057156358300236
1,128,1000,6,900,u_component_of_wind,2.7709842050906963,0.8358403242679547,3.3152076115944493
1,128,1000,6,925,u_component_of_wind,2.347216767643658,0.8269162330630735,2.8385181881713315
1,128,1000,6,950,u_component_of_wind,2.0225904640492383,0.8123438089459414,2.4898207406463224
1,128,1000,6,975,u_component_of_wind,1.9317618489212063,0.772936429394987,2.499250618104888
1,128,1000,6,1000,u_component_of_wind,1.8490931416248042,0.706530603585151,2.6171451487620545
1,128,1000,6,1,v_component_of_wind,12.837610595116306,10.217615421462448,1.2564194350230162
1,128,1000,6,2,v_component_of_wind,8.780034383769085,8.013975230005627,1.0955904069799476
1,128,1000,6,3,v_component_of_wind,7.732055536409487,6.99604354491347,1.1052040323607106
1,128,1000,6,5,v_component_of_wind,6.307465864255738,5.856882113139169,1.07693235793593
1,128,1000,6,7,v_component_of_wind,5.797245546324112,5.04879805780746,1.1482427064713459
1,128,1000,6,10,v_component_of_wind,5.493883962300568,4.212054649797571,1.3043239983993564
1,128,1000,6,20,v_component_of_wind,5.351762206226465,3.132682837034625,1.708363879981034
1,128,1000,6,30,v_component_of_wind,4.782164758945462,2.934383552770658,1.6296999601262487
1,128,1000,6,50,v_component_of_wind,5.05612774077313,1.0162184764490427,4.975433785105623
1,128,1000,6,70,v_component_of_wind,16.739303405827442,1.0146993114070182,16.496811634390614
1,128,1000,6,100,v_component_of_wind,7.906274488003663,1.0124299104952352,7.809206747098442
1,128,1000,6,125,v_component_of_wind,7.3833477210277225,0.9845476252423212,7.499228611932816
1,128,1000,6,150,v_component_of_wind,8.992387752541212,0.990590970267721,9.077801052548352
1,128,1000,6,175,v_component_of_wind,4.691515795822042,1.0026061549574068,4.6793207608239245
1,128,1000,6,200,v_component_of_wind,3.9980781529035427,1.0506483400486595,3.8053438058241036
1,128,1000,6,225,v_component_of_wind,2.9483155810372383,1.1539458111821337,2.55498616353302
1,128,1000,6,250,v_component_of_wind,9.024435731573654,1.2472675204999661,7.235364974433244
1,128,1000,6,300,v_component_of_wind,13.751716820442203,1.347740651303455,10.203533452183366
1,128,1000,6,350,v_component_of_wind,6.465671121973891,1.3290593707296534,4.864847473611535
1,128,1000,6,400,v_component_of_wind,6.517035465899945,1.2521074225075,5.2048533127044125
1,128,1000,6,450,v_component_of_wind,3.7520547610143287,1.1675815532403064,3.2135269271782487
1,128,1000,6,500,v_component_of_wind,3.2769268822828055,1.093600898328093,2.99645591668094
1,128,1000,6,550,v_component_of_wind,2.3389367944977963,1.0396268502141275,2.249784905051323
1,128,1000,6,600,v_component_of_wind,2.5461234802129766,0.9974577749310111,2.552612796455548
1,128,1000,6,650,v_component_of_wind,4.859627119584626,0.9792344605076282,4.962679843870517
1,128,1000,6,700,v_component_of_wind,2.638796364861323,0.9604954173243057,2.747328427877703
1,128,1000,6,750,v_component_of_wind,4.33350687703349,0.9424057204498179,4.598345259369895
1,128,1000,6,775,v_component_of_wind,6.441183363568651,0.9308451007215435,6.919715598842144
1,128,1000,6,800,v_component_of_wind,8.520656128800752,0.9278565426619727,9.18316112138998
1,128,1000,6,825,v_component_of_wind,4.525227338705767,0.924852716790928,4.892916738578105
1,128,1000,6,850,v_component_of_wind,3.463909214498544,0.9187872484327434,3.77008847304666
1,128,1000,6,875,v_component_of_wind,3.191151722407529,0.905953755531246,3.522422312313564
1,128,1000,6,900,v_component_of_wind,4.1850775081045075,0.8963129279150315,4.669214710357545
1,128,1000,6,925,v_component_of_wind,2.344762541341094,0.891872274973568,2.629034007600006
1,128,1000,6,950,v_component_of_wind,2.6707928858763963,0.8758473474280674,3.0493817144268354
1,128,1000,6,975,v_component_of_wind,5.021712118513097,0.8252007431177929,6.085443039641416
1,128,1000,6,1000,v_component_of_wind,5.5439852134012515,0.7474144380338668,7.417551670509799
1,128,1000,6,1,specific_humidity,4.375133856783828e-07,9.093771566984339e-07,0.4811132349825126
1,128,1000,6,2,specific_humidity,2.6393074566770327e-07,7.335056784697729e-07,0.3598209985481109
1,128,1000,6,3,specific_humidity,1.559004416879699e-07,5.95589768955808e-07,0.2617580922541628
1,128,1000,6,5,specific_humidity,1.864112160589693e-07,4.224884578703961e-07,0.4412220324280513
1,128,1000,6,7,specific_humidity,2.557298130972017e-07,3.348673087158939e-07,0.7636750630506199
1,128,1000,6,10,specific_humidity,3.3616854326124585e-07,2.470444360450041e-07,1.360761442933311
1,128,1000,6,20,specific_humidity,3.2851684367533504e-07,1.196116131921905e-07,2.7465296630309477
1,128,1000,6,30,specific_humidity,1.379636526958239e-07,1.0382307119485337e-07,1.3288342476104955
1,128,1000,6,50,specific_humidity,3.1516675622206294e-07,1.2568902329994858e-08,25.07512175267193
1,128,1000,6,70,specific_humidity,3.1971466650319256e-07,2.414820950784697e-08,13.239684143012804
1,128,1000,6,100,specific_humidity,3.7774126993249083e-07,8.178295415058188e-08,4.618826427289227
1,128,1000,6,125,specific_humidity,8.54674322463381e-07,2.1831824920281115e-07,3.914809346374952
1,128,1000,6,150,specific_humidity,2.843858198095185e-06,5.992997945378687e-07,4.745301473510661
1,128,1000,6,175,specific_humidity,3.995939014779987e-06,1.5910159323679622e-06,2.5115644246457656
1,128,1000,6,200,specific_humidity,1.2521709857438671e-05,3.764010817253872e-06,3.3266933771923104
1,128,1000,6,225,specific_humidity,4.595243084330006e-05,7.610957609189218e-06,6.037667426739917
1,128,1000,6,250,specific_humidity,5.491746647234969e-05,1.317197315186294e-05,4.1692665054196985
1,128,1000,6,300,specific_humidity,0.00019246037453241806,2.9177964649465544e-05,6.596086356419086
1,128,1000,6,350,specific_humidity,0.0002691942896384734,5.435803037432676e-05,4.952245101316503
1,128,1000,6,400,specific_humidity,0.00046063178876617567,8.676819061223045e-05,5.308763332691267
1,128,1000,6,450,specific_humidity,0.00038460902388821763,0.00012779900835098047,3.0094836325486005
1,128,1000,6,500,specific_humidity,0.000940130863838538,0.00016685150995882826,5.634536145765307
1,128,1000,6,550,specific_humidity,0.0010404382154993582,0.00021487303231659992,4.842107007483134
1,128,1000,6,600,specific_humidity,0.001253419903727976,0.00025206401385736966,4.9726253444381925
1,128,1000,6,650,specific_humidity,0.0013158549947260162,0.0002942486987821947,4.471914404964023
1,128,1000,6,700,specific_humidity,0.0010587489089180348,0.0003363237500858548,3.148005184432451
1,128,1000,6,750,specific_humidity,0.0017358039007035434,0.00037860520076298974,4.584733377157627
1,128,1000,6,775,specific_humidity,0.002586972350553149,0.00039260193803214373,6.589301019551626
1,128,1000,6,800,specific_humidity,0.003586891699016804,0.00040466835784564294,8.863780993682218
1,128,1000,6,825,specific_humidity,0.0019067768159360804,0.000413348603569168,4.612999292779777
1,128,1000,6,850,specific_humidity,0.002014516181957666,0.0004130505235106746,4.877166514245089
1,128,1000,6,875,specific_humidity,0.0033527832958982705,0.00039473209948691704,8.493819733070366
1,128,1000,6,900,specific_humidity,0.0019100890066437726,0.00036987817005644063,5.164103105496351
1,128,1000,6,925,specific_humidity,0.0008308422095768427,0.00034080341872750274,2.437892825955369
1,128,1000,6,950,specific_humidity,0.0012128298351708543,0.000303403494668488,3.997415509323798
1,128,1000,6,975,specific_humidity,0.0007850691058031236,0.0002819638950214839,2.7842894770030973
1,128,1000,6,1000,specific_humidity,0.0005841637795617764,0.000275698375966985,2.1188509998032425
1,128,1000,6,1,specific_cloud_ice_water_content,1.5212944921721318e-06,1.4206039464794252e-06,1.0708786892660973
1,128,1000,6,2,specific_cloud_ice_water_content,1.5219244686330288e-06,1.4056207277356892e-06,1.0827419079716425
1,128,1000,6,3,specific_cloud_ice_water_content,1.5211320419276563e-06,1.4049656067194154e-06,1.0826827608111267
1,128,1000,6,5,specific_cloud_ice_water_content,1.518720701269803e-06,1.3990578523496726e-06,1.0855310226944228
1,128,1000,6,7,specific_cloud_ice_water_content,1.5206788212837845e-06,1.4027574858603023e-06,1.0840639501924751
1,128,1000,6,10,specific_cloud_ice_water_content,1.5179801162132179e-06,1.4106221265270812e-06,1.076106838016535
1,128,1000,6,20,specific_cloud_ice_water_content,1.3321665257574312e-06,1.1857876167668038e-06,1.1234444574398132
1,128,1000,6,30,specific_cloud_ice_water_content,1.3086925390480117e-06,1.01028739149733e-06,1.2953665957450191
1,128,1000,6,50,specific_cloud_ice_water_content,1.2103594316046576e-06,7.708389414940023e-07,1.5701845955768636
1,128,1000,6,70,specific_cloud_ice_water_content,1.5326099362318092e-06,6.990539799351904e-07,2.1924057086033586
1,128,1000,6,100,specific_cloud_ice_water_content,1.565835312756106e-06,9.788538346792786e-07,1.5996620305105633
1,128,1000,6,125,specific_cloud_ice_water_content,2.908821958722458e-06,2.300681746129077e-06,1.2643304375394744
1,128,1000,6,150,specific_cloud_ice_water_content,4.490107776238392e-06,3.7490564957738998e-06,1.197663407126523
1,128,1000,6,175,specific_cloud_ice_water_content,6.28373141249864e-06,4.960764079174599e-06,1.2666862024094008
1,128,1000,6,200,specific_cloud_ice_water_content,7.560362127727535e-06,6.1763666793779366e-06,1.22407922330301
1,128,1000,6,225,specific_cloud_ice_water_content,9.031774808315828e-06,7.1781582016565255e-06,1.2582301134337688
1,128,1000,6,250,specific_cloud_ice_water_content,1.0167225479963903e-05,7.50072130594897e-06,1.3554996999955293
1,128,1000,6,300,specific_cloud_ice_water_content,1.0326974096616588e-05,7.689260186203563e-06,1.3430387119876288
1,128,1000,6,350,specific_cloud_ice_water_content,9.89620832205715e-06,7.394346892745032e-06,1.338347857573036
1,128,1000,6,400,specific_cloud_ice_water_content,9.061667324107934e-06,6.521993740155893e-06,1.3894014139135522
1,128,1000,6,450,specific_cloud_ice_water_content,7.733135986006949e-06,5.656019550027895e-06,1.367239967543749
1,128,1000,6,500,specific_cloud_ice_water_content,6.534851943340179e-06,4.817655002351666e-06,1.3564383377701994
1,128,1000,6,550,specific_cloud_ice_water_content,5.390087074512429e-06,3.980803809296654e-06,1.3540197740779327
1,128,1000,6,600,specific_cloud_ice_water_content,4.479039461005018e-06,3.3726014668895825e-06,1.3280666289740601
1,128,1000,6,650,specific_cloud_ice_water_content,3.911935595093535e-06,2.8844669380874784e-06,1.3562074653860692
1,128,1000,6,700,specific_cloud_ice_water_content,3.426204872373272e-06,2.5674993548664024e-06,1.334452086961304
1,128,1000,6,750,specific_cloud_ice_water_content,3.0845706479536367e-06,2.2538395465582705e-06,1.368584845653248
1,128,1000,6,775,specific_cloud_ice_water_content,2.773194685733743e-06,2.1856198644839124e-06,1.2688366951627126
1,128,1000,6,800,specific_cloud_ice_water_content,2.9411355041235043e-06,2.159897297531843e-06,1.361701552886055
1,128,1000,6,825,specific_cloud_ice_water_content,2.783974307803513e-06,2.114584282775733e-06,1.3165586874357627
1,128,1000,6,850,specific_cloud_ice_water_content,2.5637655082738743e-06,1.994722956575078e-06,1.2852739774328548
1,128,1000,6,875,specific_cloud_ice_water_content,2.4148155294161584e-06,1.7715402042323753e-06,1.363116413416381
1,128,1000,6,900,specific_cloud_ice_water_content,2.252595141688427e-06,1.560506010189548e-06,1.443503022083724
1,128,1000,6,925,specific_cloud_ice_water_content,2.4332035371896548e-06,1.393651179751738e-06,1.7459200498241607
1,128,1000,6,950,specific_cloud_ice_water_content,2.1379595650298853e-06,1.2220703361723148e-06,1.7494570498505482
1,128,1000,6,975,specific_cloud_ice_water_content,1.4976198447996936e-06,1.0380023373445382e-06,1.4427904359357884
1,128,1000,6,1000,specific_cloud_ice_water_content,1.3468709043104004e-06,9.404953549931882e-07,1.4320867159627337
1,128,1000,6,1,specific_cloud_liquid_water_content,4.5788650607648405e-06,2.607430654687599e-06,1.756083158926212
1,128,1000,6,2,specific_cloud_liquid_water_content,4.575502899303762e-06,2.6116698308202425e-06,1.7519453819576964
1,128,1000,6,3,specific_cloud_liquid_water_content,4.582272793747996e-06,2.5949910173011508e-06,1.7658145108007592
1,128,1000,6,5,specific_cloud_liquid_water_content,4.581924882641719e-06,2.6077422040062975e-06,1.757046718652813
1,128,1000,6,7,specific_cloud_liquid_water_content,4.5732313233288986e-06,2.625027431847605e-06,1.7421651552456598
1,128,1000,6,10,specific_cloud_liquid_water_content,4.5663374544965616e-06,2.5969440454393827e-06,1.7583503435569683
1,128,1000,6,20,specific_cloud_liquid_water_content,4.068044057722143e-06,2.2785213747666373e-06,1.7853877092282207
1,128,1000,6,30,specific_cloud_liquid_water_content,3.5867665291133963e-06,1.9447560652356706e-06,1.8443272106102122
1,128,1000,6,50,specific_cloud_liquid_water_content,5.189737935645545e-06,1.9026943828573445e-06,2.727573057661488
1,128,1000,6,70,specific_cloud_liquid_water_content,7.204586773546251e-06,1.5165505909421657e-06,4.750640576434948
1,128,1000,6,100,specific_cloud_liquid_water_content,5.265836135956526e-06,1.5032028760004338e-06,3.5030774754551537
1,128,1000,6,125,specific_cloud_liquid_water_content,3.837155418396827e-06,1.3879582471183588e-06,2.764604357777638
1,128,1000,6,150,specific_cloud_liquid_water_content,3.6601008879233115e-06,1.480373494315754e-06,2.472417198752301
1,128,1000,6,175,specific_cloud_liquid_water_content,2.504916218573942e-06,1.6357976890769738e-06,1.5313117479627831
1,128,1000,6,200,specific_cloud_liquid_water_content,3.271493298287497e-06,1.8112852966820385e-06,1.8061722823457502
1,128,1000,6,225,specific_cloud_liquid_water_content,2.3543430371541496e-06,1.6772163907512642e-06,1.403720503887745
1,128,1000,6,250,specific_cloud_liquid_water_content,2.4508279710401094e-06,1.7577519747550994e-06,1.3942968099248323
1,128,1000,6,300,specific_cloud_liquid_water_content,3.6449236576014156e-06,2.2215981351880656e-06,1.6406764121148585
1,128,1000,6,350,specific_cloud_liquid_water_content,3.6735058321257235e-06,2.753910700547746e-06,1.3339233662860137
1,128,1000,6,400,specific_cloud_liquid_water_content,5.238230775999866e-06,3.771407205589865e-06,1.3889326955296473
1,128,1000,6,450,specific_cloud_liquid_water_content,7.622959034123905e-06,5.561933571204527e-06,1.370559165537288
1,128,1000,6,500,specific_cloud_liquid_water_content,1.0724590158195426e-05,8.249067358806768e-06,1.300097294847007
1,128,1000,6,550,specific_cloud_liquid_water_content,1.3383274089697889e-05,1.1006397365588961e-05,1.2159541078845775
1,128,1000,6,600,specific_cloud_liquid_water_content,1.5040997904396162e-05,9.540017729517219e-06,1.5766215882239587
1,128,1000,6,650,specific_cloud_liquid_water_content,1.4175869366160906e-05,9.543024885674254e-06,1.485469181521402
1,128,1000,6,700,specific_cloud_liquid_water_content,1.5426075522301965e-05,1.0752393249598763e-05,1.4346643732433806
1,128,1000,6,750,specific_cloud_liquid_water_content,1.851212310030694e-05,1.2409822064669506e-05,1.49173154972226
1,128,1000,6,775,specific_cloud_liquid_water_content,2.133710520555312e-05,1.307133403266907e-05,1.6323586523170075
1,128,1000,6,800,specific_cloud_liquid_water_content,3.0337575537929612e-05,1.4138016620359287e-05,2.1458155236741154
1,128,1000,6,825,specific_cloud_liquid_water_content,5.703439192378465e-05,1.60658139419533e-05,3.550046834219116
1,128,1000,6,850,specific_cloud_liquid_water_content,0.00014893036025272793,1.7874178422521548e-05,8.332151371224704
1,128,1000,6,875,specific_cloud_liquid_water_content,0.0002162264766195869,1.8107670967379836e-05,11.941153393449067
1,128,1000,6,900,specific_cloud_liquid_water_content,0.00010187055338318204,1.7254756612115812e-05,5.903911348807514
1,128,1000,6,925,specific_cloud_liquid_water_content,3.3083465927843116e-05,1.5449699350835324e-05,2.141366325426545
1,128,1000,6,950,specific_cloud_liquid_water_content,3.140363807048965e-05,1.305610728390447e-05,2.4052833963155282
1,128,1000,6,975,specific_cloud_liquid_water_content,2.3395763944087493e-05,9.737965528549028e-06,2.4025309881717662
1,128,1000,6,1000,specific_cloud_liquid_water_content,1.5970571142818808e-05,7.395349420625011e-06,2.159542468443509
1,256,0,6,1,geopotential,30017.112690917347,30017.112690917347,1.0
1,256,0,6,2,geopotential,20502.3884876883,20502.3884876883,1.0
1,256,0,6,3,geopotential,15455.170984071645,15455.170984071645,1.0
1,256,0,6,5,geopotential,9454.636002500229,9454.636002500229,1.0
1,256,0,6,7,geopotential,5951.390274193691,5951.390274193691,1.0
1,256,0,6,10,geopotential,2712.6580123551735,2712.6580123551735,1.0
1,256,0,6,20,geopotential,1383.490532900262,1383.490532900262,1.0
1,256,0,6,30,geopotential,1782.3774993327822,1782.3774993327822,1.0
1,256,0,6,50,geopotential,48.71837840567823,48.71837840567823,1.0
1,256,0,6,70,geopotential,44.25181490018717,44.25181490018717,1.0
1,256,0,6,100,geopotential,32.36684696735586,32.36684696735586,1.0
1,256,0,6,125,geopotential,27.250452833998416,27.250452833998416,1.0
1,256,0,6,150,geopotential,25.853203015822537,25.853203015822537,1.0
1,256,0,6,175,geopotential,25.879460085026363,25.879460085026363,1.0
1,256,0,6,200,geopotential,26.94857391969595,26.94857391969595,1.0
1,256,0,6,225,geopotential,27.00899913723362,27.00899913723362,1.0
1,256,0,6,250,geopotential,27.853511372988223,27.853511372988223,1.0
1,256,0,6,300,geopotential,29.16670333614647,29.16670333614647,1.0
1,256,0,6,350,geopotential,29.207937994145585,29.207937994145585,1.0
1,256,0,6,400,geopotential,28.084448168897442,28.084448168897442,1.0
1,256,0,6,450,geopotential,26.924804839753435,26.924804839753435,1.0
1,256,0,6,500,geopotential,25.5906557844183,25.5906557844183,1.0
1,256,0,6,550,geopotential,24.343130155875908,24.343130155875908,1.0
1,256,0,6,600,geopotential,23.777138524480296,23.777138524480296,1.0
1,256,0,6,650,geopotential,23.42100179145581,23.42100179145581,1.0
1,256,0,6,700,geopotential,23.71434595430227,23.71434595430227,1.0
1,256,0,6,750,geopotential,23.925957089770304,23.925957089770304,1.0
1,256,0,6,775,geopotential,24.122567562987896,24.122567562987896,1.0
1,256,0,6,800,geopotential,24.41477679319394,24.41477679319394,1.0
1,256,0,6,825,geopotential,24.82136838384357,24.82136838384357,1.0
1,256,0,6,850,geopotential,25.2001591806623,25.2001591806623,1.0
1,256,0,6,875,geopotential,25.662939695315867,25.662939695315867,1.0
1,256,0,6,900,geopotential,26.37463086834615,26.37463086834615,1.0
1,256,0,6,925,geopotential,27.231975129279554,27.231975129279554,1.0
1,256,0,6,950,geopotential,28.138298628468174,28.138298628468174,1.0
1,256,0,6,975,geopotential,29.473191721908822,29.473191721908822,1.0
1,256,0,6,1000,geopotential,31.291805198544278,31.291805198544278,1.0
1,256,0,6,1,temperature,8.585644145124043,8.585644145124043,1.0
1,256,0,6,2,temperature,6.857750280841892,6.857750280841892,1.0
1,256,0,6,3,temperature,5.595503425158137,5.595503425158137,1.0
1,256,0,6,5,temperature,4.228495628067508,4.228495628067508,1.0
1,256,0,6,7,temperature,3.497812416957201,3.497812416957201,1.0
1,256,0,6,10,temperature,2.581661702999672,2.581661702999672,1.0
1,256,0,6,20,temperature,2.3380640474223027,2.3380640474223027,1.0
1,256,0,6,30,temperature,2.0263439145660045,2.0263439145660045,1.0
1,256,0,6,50,temperature,0.5925003334836259,0.5925003334836259,1.0
1,256,0,6,70,temperature,0.5706100911703732,0.5706100911703732,1.0
1,256,0,6,100,temperature,0.45749890306441693,0.45749890306441693,1.0
1,256,0,6,125,temperature,0.36691240447176915,0.36691240447176915,1.0
1,256,0,6,150,temperature,0.327471433827833,0.327471433827833,1.0
1,256,0,6,175,temperature,0.30621465563802763,0.30621465563802763,1.0
1,256,0,6,200,temperature,0.31506225114522685,0.31506225114522685,1.0
1,256,0,6,225,temperature,0.32288913260873686,0.32288913260873686,1.0
1,256,0,6,250,temperature,0.31689929214080653,0.31689929214080653,1.0
1,256,0,6,300,temperature,0.31351115945525054,0.31351115945525054,1.0
1,256,0,6,350,temperature,0.3036021504230704,0.3036021504230704,1.0
1,256,0,6,400,temperature,0.30196674989182404,0.30196674989182404,1.0
1,256,0,6,450,temperature,0.30076424636283866,0.30076424636283866,1.0
1,256,0,6,500,temperature,0.30229639005800685,0.30229639005800685,1.0
1,256,0,6,550,temperature,0.31002479252728576,0.31002479252728576,1.0
1,256,0,6,600,temperature,0.3179765382408303,0.3179765382408303,1.0
1,256,0,6,650,temperature,0.33060825539124505,0.33060825539124505,1.0
1,256,0,6,700,temperature,0.34310377892444033,0.34310377892444033,1.0
1,256,0,6,750,temperature,0.36546232228631653,0.36546232228631653,1.0
1,256,0,6,775,temperature,0.3751180538068075,0.3751180538068075,1.0
1,256,0,6,800,temperature,0.39138594820423345,0.39138594820423345,1.0
1,256,0,6,825,temperature,0.4166086232846167,0.4166086232846167,1.0
1,256,0,6,850,temperature,0.4357134643717728,0.4357134643717728,1.0
1,256,0,6,875,temperature,0.4444190285900196,0.4444190285900196,1.0
1,256,0,6,900,temperature,0.44668719440069277,0.44668719440069277,1.0
1,256,0,6,925,temperature,0.4469750334402169,0.4469750334402169,1.0
1,256,0,6,950,temperature,0.4578317390549868,0.4578317390549868,1.0
1,256,0,6,975,temperature,0.4764615387155689,0.4764615387155689,1.0
1,256,0,6,1000,temperature,0.49038267063452684,0.49038267063452684,1.0
1,256,0,6,1,u_component_of_wind,27.204844325386265,27.204844325386265,1.0
1,256,0,6,2,u_component_of_wind,22.446676899018403,22.446676899018403,1.0
1,256,0,6,3,u_component_of_wind,17.96488830999068,17.96488830999068,1.0
1,256,0,6,5,u_component_of_wind,12.295344974765397,12.295344974765397,1.0
1,256,0,6,7,u_component_of_wind,9.294833048770784,9.294833048770784,1.0
1,256,0,6,10,u_component_of_wind,7.639593738633105,7.639593738633105,1.0
1,256,0,6,20,u_component_of_wind,5.407237474167488,5.407237474167488,1.0
1,256,0,6,30,u_component_of_wind,4.887009149787574,4.887009149787574,1.0
1,256,0,6,50,u_component_of_wind,1.0080882920647531,1.0080882920647531,1.0
1,256,0,6,70,u_component_of_wind,0.9873005182055209,0.9873005182055209,1.0
1,256,0,6,100,u_component_of_wind,0.9996051790556035,0.9996051790556035,1.0
1,256,0,6,125,u_component_of_wind,0.9860765232044753,0.9860765232044753,1.0
1,256,0,6,150,u_component_of_wind,1.008586578339923,1.008586578339923,1.0
1,256,0,6,175,u_component_of_wind,1.0400778167887839,1.0400778167887839,1.0
1,256,0,6,200,u_component_of_wind,1.0819338724505698,1.0819338724505698,1.0
1,256,0,6,225,u_component_of_wind,1.1608111637816696,1.1608111637816696,1.0
1,256,0,6,250,u_component_of_wind,1.2270676950135933,1.2270676950135933,1.0
1,256,0,6,300,u_component_of_wind,1.2830383898066335,1.2830383898066335,1.0
1,256,0,6,350,u_component_of_wind,1.2326156977467604,1.2326156977467604,1.0
1,256,0,6,400,u_component_of_wind,1.156851315813363,1.156851315813363,1.0
1,256,0,6,450,u_component_of_wind,1.0782033970540394,1.0782033970540394,1.0
1,256,0,6,500,u_component_of_wind,1.0116793591201603,1.0116793591201603,1.0
1,256,0,6,550,u_component_of_wind,0.9726858959108473,0.9726858959108473,1.0
1,256,0,6,600,u_component_of_wind,0.9395080895405804,0.9395080895405804,1.0
1,256,0,6,650,u_component_of_wind,0.9249772579484165,0.9249772579484165,1.0
1,256,0,6,700,u_component_of_wind,0.9065132547455201,0.9065132547455201,1.0
1,256,0,6,750,u_component_of_wind,0.891739235815678,0.891739235815678,1.0
1,256,0,6,775,u_component_of_wind,0.8804262263120204,0.8804262263120204,1.0
1,256,0,6,800,u_component_of_wind,0.8758255989947605,0.8758255989947605,1.0
1,256,0,6,825,u_component_of_wind,0.871877105839213,0.871877105839213,1.0
1,256,0,6,850,u_component_of_wind,0.8621702091975713,0.8621702091975713,1.0
1,256,0,6,875,u_component_of_wind,0.8469161548081213,0.8469161548081213,1.0
1,256,0,6,900,u_component_of_wind,0.8358403242679547,0.8358403242679547,1.0
1,256,0,6,925,u_component_of_wind,0.8269162330630735,0.8269162330630735,1.0
1,256,0,6,950,u_component_of_wind,0.8123438089459414,0.8123438089459414,1.0
1,256,0,6,975,u_component_of_wind,0.772936429394987,0.772936429394987,1.0
1,256,0,6,1000,u_component_of_wind,0.706530603585151,0.706530603585151,1.0
1,256,0,6,1,v_component_of_wind,10.217615421462448,10.217615421462448,1.0
1,256,0,6,2,v_component_of_wind,8.013975230005627,8.013975230005627,1.0
1,256,0,6,3,v_component_of_wind,6.99604354491347,6.99604354491347,1.0
1,256,0,6,5,v_component_of_wind,5.856882113139169,5.856882113139169,1.0
1,256,0,6,7,v_component_of_wind,5.04879805780746,5.04879805780746,1.0
1,256,0,6,10,v_component_of_wind,4.212054649797571,4.212054649797571,1.0
1,256,0,6,20,v_component_of_wind,3.132682837034625,3.132682837034625,1.0
1,256,0,6,30,v_component_of_wind,2.934383552770658,2.934383552770658,1.0
1,256,0,6,50,v_component_of_wind,1.0162184764490427,1.0162184764490427,1.0
1,256,0,6,70,v_component_of_wind,1.0146993114070182,1.0146993114070182,1.0
1,256,0,6,100,v_component_of_wind,1.0124299104952352,1.0124299104952352,1.0
1,256,0,6,125,v_component_of_wind,0.9845476252423212,0.9845476252423212,1.0
1,256,0,6,150,v_component_of_wind,0.990590970267721,0.990590970267721,1.0
1,256,0,6,175,v_component_of_wind,1.0026061549574068,1.0026061549574068,1.0
1,256,0,6,200,v_component_of_wind,1.0506483400486595,1.0506483400486595,1.0
1,256,0,6,225,v_component_of_wind,1.1539458111821337,1.1539458111821337,1.0
1,256,0,6,250,v_component_of_wind,1.2472675204999661,1.2472675204999661,1.0
1,256,0,6,300,v_component_of_wind,1.347740651303455,1.347740651303455,1.0
1,256,0,6,350,v_component_of_wind,1.3290593707296534,1.3290593707296534,1.0
1,256,0,6,400,v_component_of_wind,1.2521074225075,1.2521074225075,1.0
1,256,0,6,450,v_component_of_wind,1.1675815532403064,1.1675815532403064,1.0
1,256,0,6,500,v_component_of_wind,1.093600898328093,1.093600898328093,1.0
1,256,0,6,550,v_component_of_wind,1.0396268502141275,1.0396268502141275,1.0
1,256,0,6,600,v_component_of_wind,0.9974577749310111,0.9974577749310111,1.0
1,256,0,6,650,v_component_of_wind,0.9792344605076282,0.9792344605076282,1.0
1,256,0,6,700,v_component_of_wind,0.9604954173243057,0.9604954173243057,1.0
1,256,0,6,750,v_component_of_wind,0.9424057204498179,0.9424057204498179,1.0
1,256,0,6,775,v_component_of_wind,0.9308451007215435,0.9308451007215435,1.0
1,256,0,6,800,v_component_of_wind,0.9278565426619727,0.9278565426619727,1.0
1,256,0,6,825,v_component_of_wind,0.924852716790928,0.924852716790928,1.0
1,256,0,6,850,v_component_of_wind,0.9187872484327434,0.9187872484327434,1.0
1,256,0,6,875,v_component_of_wind,0.905953755531246,0.905953755531246,1.0
1,256,0,6,900,v_component_of_wind,0.8963129279150315,0.8963129279150315,1.0
1,256,0,6,925,v_component_of_wind,0.891872274973568,0.891872274973568,1.0
1,256,0,6,950,v_component_of_wind,0.8758473474280674,0.8758473474280674,1.0
1,256,0,6,975,v_component_of_wind,0.8252007431177929,0.8252007431177929,1.0
1,256,0,6,1000,v_component_of_wind,0.7474144380338668,0.7474144380338668,1.0
1,256,0,6,1,specific_humidity,9.093771566984339e-07,9.093771566984339e-07,1.0
1,256,0,6,2,specific_humidity,7.335056784697729e-07,7.335056784697729e-07,1.0
1,256,0,6,3,specific_humidity,5.95589768955808e-07,5.95589768955808e-07,1.0
1,256,0,6,5,specific_humidity,4.224884578703961e-07,4.224884578703961e-07,1.0
1,256,0,6,7,specific_humidity,3.348673087158939e-07,3.348673087158939e-07,1.0
1,256,0,6,10,specific_humidity,2.470444360450041e-07,2.470444360450041e-07,1.0
1,256,0,6,20,specific_humidity,1.196116131921905e-07,1.196116131921905e-07,1.0
1,256,0,6,30,specific_humidity,1.0382307119485337e-07,1.0382307119485337e-07,1.0
1,256,0,6,50,specific_humidity,1.2568902329994858e-08,1.2568902329994858e-08,1.0
1,256,0,6,70,specific_humidity,2.414820950784697e-08,2.414820950784697e-08,1.0
1,256,0,6,100,specific_humidity,8.178295415058188e-08,8.178295415058188e-08,1.0
1,256,0,6,125,specific_humidity,2.1831824920281115e-07,2.1831824920281115e-07,1.0
1,256,0,6,150,specific_humidity,5.992997945378687e-07,5.992997945378687e-07,1.0
1,256,0,6,175,specific_humidity,1.5910159323679622e-06,1.5910159323679622e-06,1.0
1,256,0,6,200,specific_humidity,3.764010817253872e-06,3.764010817253872e-06,1.0
1,256,0,6,225,specific_humidity,7.610957609189218e-06,7.610957609189218e-06,1.0
1,256,0,6,250,specific_humidity,1.317197315186294e-05,1.317197315186294e-05,1.0
1,256,0,6,300,specific_humidity,2.9177964649465544e-05,2.9177964649465544e-05,1.0
1,256,0,6,350,specific_humidity,5.435803037432676e-05,5.435803037432676e-05,1.0
1,256,0,6,400,specific_humidity,8.676819061223045e-05,8.676819061223045e-05,1.0
1,256,0,6,450,specific_humidity,0.00012779900835098047,0.00012779900835098047,1.0
1,256,0,6,500,specific_humidity,0.00016685150995882826,0.00016685150995882826,1.0
1,256,0,6,550,specific_humidity,0.00021487303231659992,0.00021487303231659992,1.0
1,256,0,6,600,specific_humidity,0.00025206401385736966,0.00025206401385736966,1.0
1,256,0,6,650,specific_humidity,0.0002942486987821947,0.0002942486987821947,1.0
1,256,0,6,700,specific_humidity,0.0003363237500858548,0.0003363237500858548,1.0
1,256,0,6,750,specific_humidity,0.00037860520076298974,0.00037860520076298974,1.0
1,256,0,6,775,specific_humidity,0.00039260193803214373,0.00039260193803214373,1.0
1,256,0,6,800,specific_humidity,0.00040466835784564294,0.00040466835784564294,1.0
1,256,0,6,825,specific_humidity,0.000413348603569168,0.000413348603569168,1.0
1,256,0,6,850,specific_humidity,0.0004130505235106746,0.0004130505235106746,1.0
1,256,0,6,875,specific_humidity,0.00039473209948691704,0.00039473209948691704,1.0
1,256,0,6,900,specific_humidity,0.00036987817005644063,0.00036987817005644063,1.0
1,256,0,6,925,specific_humidity,0.00034080341872750274,0.00034080341872750274,1.0
1,256,0,6,950,specific_humidity,0.000303403494668488,0.000303403494668488,1.0
1,256,0,6,975,specific_humidity,0.0002819638950214839,0.0002819638950214839,1.0
1,256,0,6,1000,specific_humidity,0.000275698375966985,0.000275698375966985,1.0
1,256,0,6,1,specific_cloud_ice_water_content,1.4206039464794252e-06,1.4206039464794252e-06,1.0
1,256,0,6,2,specific_cloud_ice_water_content,1.4056207277356892e-06,1.4056207277356892e-06,1.0
1,256,0,6,3,specific_cloud_ice_water_content,1.4049656067194154e-06,1.4049656067194154e-06,1.0
1,256,0,6,5,specific_cloud_ice_water_content,1.3990578523496726e-06,1.3990578523496726e-06,1.0
1,256,0,6,7,specific_cloud_ice_water_content,1.4027574858603023e-06,1.4027574858603023e-06,1.0
1,256,0,6,10,specific_cloud_ice_water_content,1.4106221265270812e-06,1.4106221265270812e-06,1.0
1,256,0,6,20,specific_cloud_ice_water_content,1.1857876167668038e-06,1.1857876167668038e-06,1.0
1,256,0,6,30,specific_cloud_ice_water_content,1.01028739149733e-06,1.01028739149733e-06,1.0
1,256,0,6,50,specific_cloud_ice_water_content,7.708389414940023e-07,7.708389414940023e-07,1.0
1,256,0,6,70,specific_cloud_ice_water_content,6.990539799351904e-07,6.990539799351904e-07,1.0
1,256,0,6,100,specific_cloud_ice_water_content,9.788538346792786e-07,9.788538346792786e-07,1.0
1,256,0,6,125,specific_cloud_ice_water_content,2.300681746129077e-06,2.300681746129077e-06,1.0
1,256,0,6,150,specific_cloud_ice_water_content,3.7490564957738998e-06,3.7490564957738998e-06,1.0
1,256,0,6,175,specific_cloud_ice_water_content,4.960764079174599e-06,4.960764079174599e-06,1.0
1,256,0,6,200,specific_cloud_ice_water_content,6.1763666793779366e-06,6.1763666793779366e-06,1.0
1,256,0,6,225,specific_cloud_ice_water_content,7.1781582016565255e-06,7.1781582016565255e-06,1.0
1,256,0,6,250,specific_cloud_ice_water_content,7.50072130594897e-06,7.50072130594897e-06,1.0
1,256,0,6,300,specific_cloud_ice_water_content,7.689260186203563e-06,7.689260186203563e-06,1.0
1,256,0,6,350,specific_cloud_ice_water_content,7.394346892745032e-06,7.394346892745032e-06,1.0
1,256,0,6,400,specific_cloud_ice_water_content,6.521993740155893e-06,6.521993740155893e-06,1.0
1,256,0,6,450,specific_cloud_ice_water_content,5.656019550027895e-06,5.656019550027895e-06,1.0
1,256,0,6,500,specific_cloud_ice_water_content,4.817655002351666e-06,4.817655002351666e-06,1.0
1,256,0,6,550,specific_cloud_ice_water_content,3.980803809296654e-06,3.980803809296654e-06,1.0
1,256,0,6,600,specific_cloud_ice_water_content,3.3726014668895825e-06,3.3726014668895825e-06,1.0
1,256,0,6,650,specific_cloud_ice_water_content,2.8844669380874784e-06,2.8844669380874784e-06,1.0
1,256,0,6,700,specific_cloud_ice_water_content,2.5674993548664024e-06,2.5674993548664024e-06,1.0
1,256,0,6,750,specific_cloud_ice_water_content,2.2538395465582705e-06,2.2538395465582705e-06,1.0
1,256,0,6,775,specific_cloud_ice_water_content,2.1856198644839124e-06,2.1856198644839124e-06,1.0
1,256,0,6,800,specific_cloud_ice_water_content,2.159897297531843e-06,2.159897297531843e-06,1.0
1,256,0,6,825,specific_cloud_ice_water_content,2.114584282775733e-06,2.114584282775733e-06,1.0
1,256,0,6,850,specific_cloud_ice_water_content,1.994722956575078e-06,1.994722956575078e-06,1.0
1,256,0,6,875,specific_cloud_ice_water_content,1.7715402042323753e-06,1.7715402042323753e-06,1.0
1,256,0,6,900,specific_cloud_ice_water_content,1.560506010189548e-06,1.560506010189548e-06,1.0
1,256,0,6,925,specific_cloud_ice_water_content,1.393651179751738e-06,1.393651179751738e-06,1.0
1,256,0,6,950,specific_cloud_ice_water_content,1.2220703361723148e-06,1.2220703361723148e-06,1.0
1,256,0,6,975,specific_cloud_ice_water_content,1.0380023373445382e-06,1.0380023373445382e-06,1.0
1,256,0,6,1000,specific_cloud_ice_water_content,9.404953549931882e-07,9.404953549931882e-07,1.0
1,256,0,6,1,specific_cloud_liquid_water_content,2.607430654687599e-06,2.607430654687599e-06,1.0
1,256,0,6,2,specific_cloud_liquid_water_content,2.6116698308202425e-06,2.6116698308202425e-06,1.0
1,256,0,6,3,specific_cloud_liquid_water_content,2.5949910173011508e-06,2.5949910173011508e-06,1.0
1,256,0,6,5,specific_cloud_liquid_water_content,2.6077422040062975e-06,2.6077422040062975e-06,1.0
1,256,0,6,7,specific_cloud_liquid_water_content,2.625027431847605e-06,2.625027431847605e-06,1.0
1,256,0,6,10,specific_cloud_liquid_water_content,2.5969440454393827e-06,2.5969440454393827e-06,1.0
1,256,0,6,20,specific_cloud_liquid_water_content,2.2785213747666373e-06,2.2785213747666373e-06,1.0
1,256,0,6,30,specific_cloud_liquid_water_content,1.9447560652356706e-06,1.9447560652356706e-06,1.0
1,256,0,6,50,specific_cloud_liquid_water_content,1.9026943828573445e-06,1.9026943828573445e-06,1.0
1,256,0,6,70,specific_cloud_liquid_water_content,1.5165505909421657e-06,1.5165505909421657e-06,1.0
1,256,0,6,100,specific_cloud_liquid_water_content,1.5032028760004338e-06,1.5032028760004338e-06,1.0
1,256,0,6,125,specific_cloud_liquid_water_content,1.3879582471183588e-06,1.3879582471183588e-06,1.0
1,256,0,6,150,specific_cloud_liquid_water_content,1.480373494315754e-06,1.480373494315754e-06,1.0
1,256,0,6,175,specific_cloud_liquid_water_content,1.6357976890769738e-06,1.6357976890769738e-06,1.0
1,256,0,6,200,specific_cloud_liquid_water_content,1.8112852966820385e-06,1.8112852966820385e-06,1.0
1,256,0,6,225,specific_cloud_liquid_water_content,1.6772163907512642e-06,1.6772163907512642e-06,1.0
1,256,0,6,250,specific_cloud_liquid_water_content,1.7577519747550994e-06,1.7577519747550994e-06,1.0
1,256,0,6,300,specific_cloud_liquid_water_content,2.2215981351880656e-06,2.2215981351880656e-06,1.0
1,256,0,6,350,specific_cloud_liquid_water_content,2.753910700547746e-06,2.753910700547746e-06,1.0
1,256,0,6,400,specific_cloud_liquid_water_content,3.771407205589865e-06,3.771407205589865e-06,1.0
1,256,0,6,450,specific_cloud_liquid_water_content,5.561933571204527e-06,5.561933571204527e-06,1.0
1,256,0,6,500,specific_cloud_liquid_water_content,8.249067358806768e-06,8.249067358806768e-06,1.0
1,256,0,6,550,specific_cloud_liquid_water_content,1.1006397365588961e-05,1.1006397365588961e-05,1.0
1,256,0,6,600,specific_cloud_liquid_water_content,9.540017729517219e-06,9.540017729517219e-06,1.0
1,256,0,6,650,specific_cloud_liquid_water_content,9.543024885674254e-06,9.543024885674254e-06,1.0
1,256,0,6,700,specific_cloud_liquid_water_content,1.0752393249598763e-05,1.0752393249598763e-05,1.0
1,256,0,6,750,specific_cloud_liquid_water_content,1.2409822064669506e-05,1.2409822064669506e-05,1.0
1,256,0,6,775,specific_cloud_liquid_water_content,1.307133403266907e-05,1.307133403266907e-05,1.0
1,256,0,6,800,specific_cloud_liquid_water_content,1.4138016620359287e-05,1.4138016620359287e-05,1.0
1,256,0,6,825,specific_cloud_liquid_water_content,1.60658139419533e-05,1.60658139419533e-05,1.0
1,256,0,6,850,specific_cloud_liquid_water_content,1.7874178422521548e-05,1.7874178422521548e-05,1.0
1,256,0,6,875,specific_cloud_liquid_water_content,1.8107670967379836e-05,1.8107670967379836e-05,1.0
1,256,0,6,900,specific_cloud_liquid_water_content,1.7254756612115812e-05,1.7254756612115812e-05,1.0
1,256,0,6,925,specific_cloud_liquid_water_content,1.5449699350835324e-05,1.5449699350835324e-05,1.0
1,256,0,6,950,specific_cloud_liquid_water_content,1.305610728390447e-05,1.305610728390447e-05,1.0
1,256,0,6,975,specific_cloud_liquid_water_content,9.737965528549028e-06,9.737965528549028e-06,1.0
1,256,0,6,1000,specific_cloud_liquid_water_content,7.395349420625011e-06,7.395349420625011e-06,1.0
1,256,100,6,1,geopotential,7612.104466026105,30017.112690917347,0.2535921607253517
1,256,100,6,2,geopotential,5013.128601556115,20502.3884876883,0.24451436985337116
1,256,100,6,3,geopotential,3873.8826894968574,15455.170984071645,0.25065285227121364
1,256,100,6,5,geopotential,2279.344882120701,9454.636002500229,0.24108224594981134
1,256,100,6,7,geopotential,1491.6790294920359,5951.390274193691,0.25064379258746095
1,256,100,6,10,geopotential,834.3688993937365,2712.6580123551735,0.30758351977783
1,256,100,6,20,geopotential,775.2113408660714,1383.490532900262,0.5603300654620075
1,256,100,6,30,geopotential,671.5309987255071,1782.3774993327822,0.3767613757337539
1,256,100,6,50,geopotential,344.3198925751706,48.71837840567823,7.067556512411329
1,256,100,6,70,geopotential,1399.0184987273208,44.25181490018717,31.614940582276624
1,256,100,6,100,geopotential,733.0794649034897,32.36684696735586,22.649084899831283
1,256,100,6,125,geopotential,254.6961413212102,27.250452833998416,9.34649207015908
1,256,100,6,150,geopotential,235.76808918050784,25.853203015822537,9.119492429476315
1,256,100,6,175,geopotential,257.0150210834573,25.879460085026363,9.931235823276083
1,256,100,6,200,geopotential,221.96243593248573,26.94857391969595,8.236518807782243
1,256,100,6,225,geopotential,220.70917900708196,27.00899913723362,8.171690401619523
1,256,100,6,250,geopotential,214.45470712046603,27.853511372988223,7.699377800116071
1,256,100,6,300,geopotential,214.97338312772374,29.16670333614647,7.370506726459755
1,256,100,6,350,geopotential,215.19665655382315,29.207937994145585,7.367745597000274
1,256,100,6,400,geopotential,214.50729563048102,28.084448168897442,7.637938774529331
1,256,100,6,450,geopotential,210.28786037804034,26.924804839753435,7.810190700716182
1,256,100,6,500,geopotential,219.20435007689713,25.5906557844183,8.565796512739889
1,256,100,6,550,geopotential,217.01036968898842,24.343130155875908,8.91464525307181
1,256,100,6,600,geopotential,226.41176918091384,23.777138524480296,9.522246293337881
1,256,100,6,650,geopotential,225.4429788446332,23.42100179145581,9.625676170985853
1,256,100,6,700,geopotential,219.76292690633593,23.71434595430227,9.267087834925778
1,256,100,6,750,geopotential,235.47847968232068,23.925957089770304,9.84196698166783
1,256,100,6,775,geopotential,230.64187108213386,24.122567562987896,9.56124883803894
1,256,100,6,800,geopotential,228.15854902015138,24.41477679319394,9.345100754054597
1,256,100,6,825,geopotential,243.2956107410026,24.82136838384357,9.801861322817548
1,256,100,6,850,geopotential,265.0330620547365,25.2001591806623,10.517118568763381
1,256,100,6,875,geopotential,279.2775870863071,25.662939695315867,10.882525166720566
1,256,100,6,900,geopotential,278.5509281130982,26.37463086834615,10.56132044097742
1,256,100,6,925,geopotential,264.59996446971707,27.231975129279554,9.716517557524565
1,256,100,6,950,geopotential,276.56391362873245,28.138298628468174,9.828736174863334
1,256,100,6,975,geopotential,306.03280798203485,29.473191721908822,10.383429486347287
1,256,100,6,1000,geopotential,315.03318984729316,31.291805198544278,10.06759398661822
1,256,100,6,1,temperature,7.489678979186814,8.585644145124043,0.8723491042242125
1,256,100,6,2,temperature,12.521315883622453,6.857750280841892,1.8258634932512114
1,256,100,6,3,temperature,9.383152334902347,5.595503425158137,1.6769094077781153
1,256,100,6,5,temperature,5.487825784021107,4.228495628067508,1.29781990256642
1,256,100,6,7,temperature,4.355755110941602,3.497812416957201,1.2452797896837298
1,256,100,6,10,temperature,3.522998201812357,2.581661702999672,1.3646242641779642
1,256,100,6,20,temperature,6.17992379350269,2.3380640474223027,2.6431798565638127
1,256,100,6,30,temperature,4.683661151255577,2.0263439145660045,2.3113851096982754
1,256,100,6,50,temperature,2.5255784395058942,0.5925003334836259,4.262577245580049
1,256,100,6,70,temperature,7.173556938261406,0.5706100911703732,12.571731641737685
1,256,100,6,100,temperature,1.9153720550887028,0.45749890306441693,4.186615623030279
1,256,100,6,125,temperature,9.213993705327898,0.36691240447176915,25.112243666422124
1,256,100,6,150,temperature,5.111515607014183,0.327471433827833,15.609042740813676
1,256,100,6,175,temperature,2.0166154594849193,0.30621465563802763,6.585626854740533
1,256,100,6,200,temperature,0.7878270153156258,0.31506225114522685,2.5005439796482625
1,256,100,6,225,temperature,1.1636204100592742,0.32288913260873686,3.6037769393412793
1,256,100,6,250,temperature,0.6964233298585824,0.31689929214080653,2.1976171835345832
1,256,100,6,300,temperature,0.7177724500272931,0.31351115945525054,2.2894637985916586
1,256,100,6,350,temperature,0.5236808901969906,0.3036021504230704,1.7248919003611793
1,256,100,6,400,temperature,0.8827938333462833,0.30196674989182404,2.9234802628518985
1,256,100,6,450,temperature,0.835844176108375,0.30076424636283866,2.7790676126444294
1,256,100,6,500,temperature,0.7194677049986136,0.30229639005800685,2.380007597380031
1,256,100,6,550,temperature,0.5994938800631696,0.31002479252728576,1.9336965768968533
1,256,100,6,600,temperature,0.8005490374640355,0.3179765382408303,2.517635552273711
1,256,100,6,650,temperature,0.977788082971476,0.33060825539124505,2.9575428532912826
1,256,100,6,700,temperature,0.608953716602441,0.34310377892444033,1.7748382676267382
1,256,100,6,750,temperature,0.5847076609997969,0.36546232228631653,1.5999122901148632
1,256,100,6,775,temperature,0.6229165632988152,0.3751180538068075,1.6605880654830554
1,256,100,6,800,temperature,0.7751621561509563,0.39138594820423345,1.9805569405533698
1,256,100,6,825,temperature,1.2195224573984509,0.4166086232846167,2.9272616773592404
1,256,100,6,850,temperature,1.4716633238041175,0.4357134643717728,3.377594323200487
1,256,100,6,875,temperature,1.7618272281774223,0.4444190285900196,3.9643379667316703
1,256,100,6,900,temperature,0.9326305748577769,0.44668719440069277,2.0878829448179284
1,256,100,6,925,temperature,0.9302595579648082,0.4469750334402169,2.0812338237438284
1,256,100,6,950,temperature,0.9872690726704977,0.4578317390549868,2.1564015520381474
1,256,100,6,975,temperature,1.0916443066387653,0.4764615387155689,2.2911488502966852
1,256,100,6,1000,temperature,1.2510629061375287,0.49038267063452684,2.5511972201601774
1,256,100,6,1,u_component_of_wind,25.662100931060706,27.204844325386265,0.9432915926342594
1,256,100,6,2,u_component_of_wind,22.78184721237105,22.446676899018403,1.0149318455850054
1,256,100,6,3,u_component_of_wind,18.598858878702046,17.96488830999068,1.0352894244468418
1,256,100,6,5,u_component_of_wind,22.0651772808175,12.295344974765397,1.7945960301320067
1,256,100,6,7,u_component_of_wind,18.36474234261762,9.294833048770784,1.975801205493014
1,256,100,6,10,u_component_of_wind,11.853637854458961,7.639593738633105,1.5516057869040354
1,256,100,6,20,u_component_of_wind,8.454229043248764,5.407237474167488,1.563502450861084
1,256,100,6,30,u_component_of_wind,7.465063179651118,4.887009149787574,1.527532065286926
1,256,100,6,50,u_component_of_wind,4.147554133375037,1.0080882920647531,4.1142766620968
1,256,100,6,70,u_component_of_wind,6.883214728372473,0.9873005182055209,6.971752370679535
1,256,100,6,100,u_component_of_wind,28.77154335078246,0.9996051790556035,28.78290744548256
1,256,100,6,125,u_component_of_wind,23.016557993237306,0.9860765232044753,23.341553572779397
1,256,100,6,150,u_component_of_wind,6.225764921441312,1.008586578339923,6.172762016810269
1,256,100,6,175,u_component_of_wind,13.079996824052884,1.0400778167887839,12.57597904014247
1,256,100,6,200,u_component_of_wind,18.078801125459776,1.0819338724505698,16.70970988690045
1,256,100,6,225,u_component_of_wind,12.537024150266253,1.1608111637816696,10.800227066582787
1,256,100,6,250,u_component_of_wind,15.101779028751977,1.2270676950135933,12.307209365971191
1,256,100,6,300,u_component_of_wind,18.05285240547198,1.2830383898066335,14.070391462092356
1,256,100,6,350,u_component_of_wind,12.57825270318327,1.2326156977467604,10.204520943694375
1,256,100,6,400,u_component_of_wind,15.665705128817569,1.156851315813363,13.541675507196247
1,256,100,6,450,u_component_of_wind,10.695558006357635,1.0782033970540394,9.919796242138508
1,256,100,6,500,u_component_of_wind,13.98842597083712,1.0116793591201603,13.826936217224604
1,256,100,6,550,u_component_of_wind,6.801806828113183,0.9726858959108473,6.992809144974599
1,256,100,6,600,u_component_of_wind,2.604393233238093,0.9395080895405804,2.772081754518624
1,256,100,6,650,u_component_of_wind,6.486984666690601,0.9249772579484165,7.013128821219476
1,256,100,6,700,u_component_of_wind,4.351582865825583,0.9065132547455201,4.800352165889925
1,256,100,6,750,u_component_of_wind,7.976195346067708,0.891739235815678,8.94453784886099
1,256,100,6,775,u_component_of_wind,5.820462290055246,0.8804262263120204,6.6109596876007775
1,256,100,6,800,u_component_of_wind,9.879316252175647,0.8758255989947605,11.28000399110822
1,256,100,6,825,u_component_of_wind,14.669742785606658,0.871877105839213,16.825470800138174
1,256,100,6,850,u_component_of_wind,15.857923716120686,0.8621702091975713,18.393031383999897
1,256,100,6,875,u_component_of_wind,16.183704846325707,0.8469161548081213,19.108981159997253
1,256,100,6,900,u_component_of_wind,14.380969864813354,0.8358403242679547,17.20540328968752
1,256,100,6,925,u_component_of_wind,9.00961792827887,0.8269162330630735,10.895442087169252
1,256,100,6,950,u_component_of_wind,15.780271115443934,0.8123438089459414,19.42560642632294
1,256,100,6,975,u_component_of_wind,18.14073235995858,0.772936429394987,23.469889204417715
1,256,100,6,1000,u_component_of_wind,15.183171191268853,0.706530603585151,21.48975729320829
1,256,100,6,1,v_component_of_wind,12.969847996987236,10.217615421462448,1.2693615351526766
1,256,100,6,2,v_component_of_wind,11.66438062405911,8.013975230005627,1.4555049509494078
1,256,100,6,3,v_component_of_wind,10.691504574709043,6.99604354491347,1.528221559238634
1,256,100,6,5,v_component_of_wind,7.949495619939287,5.856882113139169,1.3572913824073063
1,256,100,6,7,v_component_of_wind,7.333220331325902,5.04879805780746,1.4524685375335644
1,256,100,6,10,v_component_of_wind,6.941319954299193,4.212054649797571,1.6479653118063862
1,256,100,6,20,v_component_of_wind,7.111913321114862,3.132682837034625,2.270230882308835
1,256,100,6,30,v_component_of_wind,3.642944173155631,2.934383552770658,1.241468304208544
1,256,100,6,50,v_component_of_wind,3.421294458205639,1.0162184764490427,3.3666918457934534
1,256,100,6,70,v_component_of_wind,22.80582035290066,1.0146993114070182,22.475446761935117
1,256,100,6,100,v_component_of_wind,6.955130537761057,1.0124299104952352,6.869740280943418
1,256,100,6,125,v_component_of_wind,5.003756894342675,0.9845476252423212,5.082290349449706
1,256,100,6,150,v_component_of_wind,13.375722379587636,0.990590970267721,13.502770347253074
1,256,100,6,175,v_component_of_wind,8.614404388180812,1.0026061549574068,8.59201227280195
1,256,100,6,200,v_component_of_wind,4.080647203081214,1.0506483400486595,3.883932470584995
1,256,100,6,225,v_component_of_wind,12.494488748919679,1.1539458111821337,10.827621737384689
1,256,100,6,250,v_component_of_wind,8.305181517048231,1.2472675204999661,6.658701024876448
1,256,100,6,300,v_component_of_wind,14.211316510798678,1.347740651303455,10.544548387001855
1,256,100,6,350,v_component_of_wind,5.83491686157066,1.3290593707296534,4.390260503085947
1,256,100,6,400,v_component_of_wind,6.2732532336869715,1.2521074225075,5.010155774912672
1,256,100,6,450,v_component_of_wind,4.6119470476274005,1.1675815532403064,3.949999924911618
1,256,100,6,500,v_component_of_wind,3.4920913702188265,1.093600898328093,3.1932045552976116
1,256,100,6,550,v_component_of_wind,1.6188969112185838,1.0396268502141275,1.5571903619891565
1,256,100,6,600,v_component_of_wind,2.0202930457433848,0.9974577749310111,2.0254421756180285
1,256,100,6,650,v_component_of_wind,3.8226860626779398,0.9792344605076282,3.903749527662953
1,256,100,6,700,v_component_of_wind,3.6648246446122816,0.9604954173243057,3.815556616419415
1,256,100,6,750,v_component_of_wind,3.074042288577408,0.9424057204498179,3.261909623288516
1,256,100,6,775,v_component_of_wind,4.312544000923026,0.9308451007215435,4.6329340913758505
1,256,100,6,800,v_component_of_wind,6.2406879601929095,0.9278565426619727,6.7259190114548275
1,256,100,6,825,v_component_of_wind,4.082526616757249,0.924852716790928,4.414245146970947
1,256,100,6,850,v_component_of_wind,5.225117113008944,0.9187872484327434,5.68697173575481
1,256,100,6,875,v_component_of_wind,5.685924299083277,0.905953755531246,6.276174986160396
1,256,100,6,900,v_component_of_wind,5.5283006060994735,0.8963129279150315,6.16782424298977
1,256,100,6,925,v_component_of_wind,7.510366290828359,0.891872274973568,8.420898935389532
1,256,100,6,950,v_component_of_wind,5.695932639628391,0.8758473474280674,6.503339487588268
1,256,100,6,975,v_component_of_wind,4.017410932964867,0.8252007431177929,4.86840440519502
1,256,100,6,1000,v_component_of_wind,2.620494667199891,0.7474144380338668,3.5060798050587723
1,256,100,6,1,specific_humidity,7.050911414495628e-07,9.093771566984339e-07,0.7753561173775821
1,256,100,6,2,specific_humidity,5.319261600381775e-07,7.335056784697729e-07,0.7251834248207496
1,256,100,6,3,specific_humidity,4.0038268772485564e-07,5.95589768955808e-07,0.6722457446285709
1,256,100,6,5,specific_humidity,2.3468782655313464e-07,4.224884578703961e-07,0.5554893209062014
1,256,100,6,7,specific_humidity,1.8867492427843347e-07,3.348673087158939e-07,0.5634319008383942
1,256,100,6,10,specific_humidity,1.6468801563707863e-07,2.470444360450041e-07,0.6666331704271915
1,256,100,6,20,specific_humidity,1.4719605274758354e-07,1.196116131921905e-07,1.2306167337704133
1,256,100,6,30,specific_humidity,1.1263303508213446e-07,1.0382307119485337e-07,1.0848555507546747
1,256,100,6,50,specific_humidity,1.4827285637170109e-07,1.2568902329994858e-08,11.796802336339082
1,256,100,6,70,specific_humidity,9.88451669538346e-08,2.414820950784697e-08,4.093271052734358
1,256,100,6,100,specific_humidity,2.4618060069895465e-07,8.178295415058188e-08,3.010170068516693
1,256,100,6,125,specific_humidity,6.133162394086135e-07,2.1831824920281115e-07,2.8092760987601224
1,256,100,6,150,specific_humidity,2.2169702282092596e-06,5.992997945378687e-07,3.6992674591500685
1,256,100,6,175,specific_humidity,5.211916393048129e-06,1.5910159323679622e-06,3.2758417354696503
1,256,100,6,200,specific_humidity,1.2945706222936675e-05,3.764010817253872e-06,3.4393382090175653
1,256,100,6,225,specific_humidity,2.464417276046459e-05,7.610957609189218e-06,3.237985812811522
1,256,100,6,250,specific_humidity,4.2389782385242236e-05,1.317197315186294e-05,3.218180138732439
1,256,100,6,300,specific_humidity,6.432924635201777e-05,2.9177964649465544e-05,2.204720141546819
1,256,100,6,350,specific_humidity,0.00011316015167116165,5.435803037432676e-05,2.0817559225730715
1,256,100,6,400,specific_humidity,0.000159240752827483,8.676819061223045e-05,1.8352434423708859
1,256,100,6,450,specific_humidity,0.0002724794819543214,0.00012779900835098047,2.1320938673170144
1,256,100,6,500,specific_humidity,0.00028721371127905776,0.00016685150995882826,1.721373161980552
1,256,100,6,550,specific_humidity,0.0003321974021154575,0.00021487303231659992,1.5460171922644468
1,256,100,6,600,specific_humidity,0.0004026486970791197,0.00025206401385736966,1.5974065116131904
1,256,100,6,650,specific_humidity,0.0006076034089828292,0.0002942486987821947,2.0649315069106975
1,256,100,6,700,specific_humidity,0.0005120621116720858,0.0003363237500858548,1.5225273610364107
1,256,100,6,750,specific_humidity,0.0005808442874840713,0.00037860520076298974,1.534168802524414
1,256,100,6,775,specific_humidity,0.0007025074465529274,0.00039260193803214373,1.7893631653326445
1,256,100,6,800,specific_humidity,0.0006212335207591731,0.00040466835784564294,1.5351670292841058
1,256,100,6,825,specific_humidity,0.0007187539540954556,0.000413348603569168,1.738856616156881
1,256,100,6,850,specific_humidity,0.0007979789348888749,0.0004130505235106746,1.9319160477186819
1,256,100,6,875,specific_humidity,0.0014355622059651382,0.00039473209948691704,3.6368012832782513
1,256,100,6,900,specific_humidity,0.0006798257011328515,0.00036987817005644063,1.837971949058565
1,256,100,6,925,specific_humidity,0.0006514444704787034,0.00034080341872750274,1.9114962898878103
1,256,100,6,950,specific_humidity,0.000618824812657954,0.000303403494668488,2.0396100359163927
1,256,100,6,975,specific_humidity,0.0005796930762284997,0.0002819638950214839,2.055912428732518
1,256,100,6,1000,specific_humidity,0.0005457987402411703,0.000275698375966985,1.9796951589824745
1,256,100,6,1,specific_cloud_ice_water_content,2.165939706658403e-06,1.4206039464794252e-06,1.5246611921824424
1,256,100,6,2,specific_cloud_ice_water_content,2.1692916344422707e-06,1.4056207277356892e-06,1.5432979833306648
1,256,100,6,3,specific_cloud_ice_water_content,2.1675538856409686e-06,1.4049656067194154e-06,1.542780745147343
1,256,100,6,5,specific_cloud_ice_water_content,2.1695276767281766e-06,1.3990578523496726e-06,1.5507061935176767
1,256,100,6,7,specific_cloud_ice_water_content,2.1721457069099886e-06,1.4027574858603023e-06,1.54848270553183
1,256,100,6,10,specific_cloud_ice_water_content,2.178248689972606e-06,1.4106221265270812e-06,1.5441758987117291
1,256,100,6,20,specific_cloud_ice_water_content,1.9100476839141266e-06,1.1857876167668038e-06,1.610783969158075
1,256,100,6,30,specific_cloud_ice_water_content,1.7213875801386345e-06,1.01028739149733e-06,1.7038593123362598
1,256,100,6,50,specific_cloud_ice_water_content,2.2623597223971843e-06,7.708389414940023e-07,2.9349318004256366
1,256,100,6,70,specific_cloud_ice_water_content,3.212231518583155e-06,6.990539799351904e-07,4.595112267125584
1,256,100,6,100,specific_cloud_ice_water_content,6.527394206365697e-06,9.788538346792786e-07,6.668405409582317
1,256,100,6,125,specific_cloud_ice_water_content,3.4230281708514155e-06,2.300681746129077e-06,1.4878321074223755
1,256,100,6,150,specific_cloud_ice_water_content,5.9498582868921934e-06,3.7490564957738998e-06,1.587028174581827
1,256,100,6,175,specific_cloud_ice_water_content,8.298545053576074e-06,4.960764079174599e-06,1.6728360633825656
1,256,100,6,200,specific_cloud_ice_water_content,7.404542529968694e-06,6.1763666793779366e-06,1.1988508640025328
1,256,100,6,225,specific_cloud_ice_water_content,9.086365329893035e-06,7.1781582016565255e-06,1.265835200984585
1,256,100,6,250,specific_cloud_ice_water_content,1.1084525206245682e-05,7.50072130594897e-06,1.4777945685642695
1,256,100,6,300,specific_cloud_ice_water_content,1.0086520425478146e-05,7.689260186203563e-06,1.3117673457813097
1,256,100,6,350,specific_cloud_ice_water_content,1.0787540218988848e-05,7.394346892745032e-06,1.4588902002383806
1,256,100,6,400,specific_cloud_ice_water_content,1.0117332739232495e-05,6.521993740155893e-06,1.551263791766636
1,256,100,6,450,specific_cloud_ice_water_content,8.247777372578094e-06,5.656019550027895e-06,1.45822999719607
1,256,100,6,500,specific_cloud_ice_water_content,7.159108225081706e-06,4.817655002351666e-06,1.4860151300969238
1,256,100,6,550,specific_cloud_ice_water_content,5.991380595353238e-06,3.980803809296654e-06,1.5050680421278593
1,256,100,6,600,specific_cloud_ice_water_content,6.092623843255685e-06,3.3726014668895825e-06,1.8065057206046558
1,256,100,6,650,specific_cloud_ice_water_content,4.805447944435129e-06,2.8844669380874784e-06,1.6659743542151124
1,256,100,6,700,specific_cloud_ice_water_content,5.205046515299768e-06,2.5674993548664024e-06,2.0272825017206704
1,256,100,6,750,specific_cloud_ice_water_content,3.7845950903096235e-06,2.2538395465582705e-06,1.679176805682062
1,256,100,6,775,specific_cloud_ice_water_content,3.8026489895771623e-06,2.1856198644839124e-06,1.7398492077098122
1,256,100,6,800,specific_cloud_ice_water_content,7.290643027674057e-06,2.159897297531843e-06,3.3754581923896185
1,256,100,6,825,specific_cloud_ice_water_content,4.397968472488407e-06,2.114584282775733e-06,2.079826521133205
1,256,100,6,850,specific_cloud_ice_water_content,3.3018578018737507e-06,1.994722956575078e-06,1.6552964365252063
1,256,100,6,875,specific_cloud_ice_water_content,2.655037462134558e-06,1.7715402042323753e-06,1.4987170236336862
1,256,100,6,900,specific_cloud_ice_water_content,3.6635963834491626e-06,1.560506010189548e-06,2.3476977080044446
1,256,100,6,925,specific_cloud_ice_water_content,2.8014425419678156e-06,1.393651179751738e-06,2.0101461417819473
1,256,100,6,950,specific_cloud_ice_water_content,3.145321915359473e-06,1.2220703361723148e-06,2.573765046299246
1,256,100,6,975,specific_cloud_ice_water_content,1.6108996452783378e-06,1.0380023373445382e-06,1.5519229459534838
1,256,100,6,1000,specific_cloud_ice_water_content,1.5018439043714769e-06,9.404953549931882e-07,1.5968647759906847
1,256,100,6,1,specific_cloud_liquid_water_content,7.107361042109382e-06,2.607430654687599e-06,2.7258101876388836
1,256,100,6,2,specific_cloud_liquid_water_content,7.220454008010379e-06,2.6116698308202425e-06,2.7646886764942504
1,256,100,6,3,specific_cloud_liquid_water_content,7.2001650832377475e-06,2.5949910173011508e-06,2.774639694408685
1,256,100,6,5,specific_cloud_liquid_water_content,7.156562041711716e-06,2.6077422040062975e-06,2.744351811585143
1,256,100,6,7,specific_cloud_liquid_water_content,7.22232611018213e-06,2.625027431847605e-06,2.7513335756261994
1,256,100,6,10,specific_cloud_liquid_water_content,7.197110210832062e-06,2.5969440454393827e-06,2.7713766969570446
1,256,100,6,20,specific_cloud_liquid_water_content,8.791199079569593e-06,2.2785213747666373e-06,3.8582912484066445
1,256,100,6,30,specific_cloud_liquid_water_content,1.5693513869440408e-05,1.9447560652356706e-06,8.069656729693051
1,256,100,6,50,specific_cloud_liquid_water_content,2.0816733283070795e-05,1.9026943828573445e-06,10.94066050261291
1,256,100,6,70,specific_cloud_liquid_water_content,6.23304070485072e-05,1.5165505909421657e-06,41.100117213883436
1,256,100,6,100,specific_cloud_liquid_water_content,5.916511501373086e-05,1.5032028760004338e-06,39.35936789261025
1,256,100,6,125,specific_cloud_liquid_water_content,3.3895977651788545e-05,1.3879582471183588e-06,24.421467808676848
1,256,100,6,150,specific_cloud_liquid_water_content,2.7610164183160748e-05,1.480373494315754e-06,18.6508096025608
1,256,100,6,175,specific_cloud_liquid_water_content,1.1110881911898006e-05,1.6357976890769738e-06,6.792332564161713
1,256,100,6,200,specific_cloud_liquid_water_content,4.203869199338261e-06,1.8112852966820385e-06,2.3209315545370033
1,256,100,6,225,specific_cloud_liquid_water_content,5.483560545805929e-06,1.6772163907512642e-06,3.2694413052746967
1,256,100,6,250,specific_cloud_liquid_water_content,3.5858468220114026e-06,1.7577519747550994e-06,2.040018656506419
1,256,100,6,300,specific_cloud_liquid_water_content,4.991634971370622e-06,2.2215981351880656e-06,2.2468667452982283
1,256,100,6,350,specific_cloud_liquid_water_content,4.670973332623852e-06,2.753910700547746e-06,1.6961237456591483
1,256,100,6,400,specific_cloud_liquid_water_content,5.940962296485714e-06,3.771407205589865e-06,1.5752640785328618
1,256,100,6,450,specific_cloud_liquid_water_content,9.546690260936008e-06,5.561933571204527e-06,1.7164337075799554
1,256,100,6,500,specific_cloud_liquid_water_content,1.1035220872907131e-05,8.249067358806768e-06,1.337753759656944
1,256,100,6,550,specific_cloud_liquid_water_content,1.3678521065779532e-05,1.1006397365588961e-05,1.242779141206082
1,256,100,6,600,specific_cloud_liquid_water_content,1.197078207900396e-05,9.540017729517219e-06,1.2547966280991127
1,256,100,6,650,specific_cloud_liquid_water_content,1.2567972017730687e-05,9.543024885674254e-06,1.3169799060879959
1,256,100,6,700,specific_cloud_liquid_water_content,1.3953349812888835e-05,1.0752393249598763e-05,1.297697125559421
1,256,100,6,750,specific_cloud_liquid_water_content,1.5474117370032192e-05,1.2409822064669506e-05,1.2469249993589084
1,256,100,6,775,specific_cloud_liquid_water_content,1.7767127638243705e-05,1.307133403266907e-05,1.3592436390836986
1,256,100,6,800,specific_cloud_liquid_water_content,2.1567261175759878e-05,1.4138016620359287e-05,1.5254799704155244
1,256,100,6,825,specific_cloud_liquid_water_content,2.501271563627793e-05,1.60658139419533e-05,1.5568906578060904
1,256,100,6,850,specific_cloud_liquid_water_content,8.047833226183581e-05,1.7874178422521548e-05,4.502491267538917
1,256,100,6,875,specific_cloud_liquid_water_content,0.00015659669105146193,1.8107670967379836e-05,8.648085738555991
1,256,100,6,900,specific_cloud_liquid_water_content,5.7668302793793156e-05,1.7254756612115812e-05,3.342168428692878
1,256,100,6,925,specific_cloud_liquid_water_content,2.875424998720942e-05,1.5449699350835324e-05,1.8611527211145862
1,256,100,6,950,specific_cloud_liquid_water_content,2.279680923794575e-05,1.305610728390447e-05,1.746064791153301
1,256,100,6,975,specific_cloud_liquid_water_content,2.010993413696476e-05,9.737965528549028e-06,2.065106317947828
1,256,100,6,1000,specific_cloud_liquid_water_content,1.0235601759745104e-05,7.395349420625011e-06,1.3840592482620047
1,256,200,6,1,geopotential,3360.3046285950168,30017.112690917347,0.11194629754019567
1,256,200,6,2,geopotential,2248.0075892518043,20502.3884876883,0.10964613174712472
1,256,200,6,3,geopotential,1653.8396810640484,15455.170984071645,0.10700882460430382
1,256,200,6,5,geopotential,1206.5656920387084,9454.636002500229,0.12761630291421464
1,256,200,6,7,geopotential,913.4059939960074,5951.390274193691,0.15347775089741664
1,256,200,6,10,geopotential,905.5450960825714,2712.6580123551735,0.333822063805368
1,256,200,6,20,geopotential,819.0383370401514,1383.490532900262,0.592008631474457
1,256,200,6,30,geopotential,551.297463050507,1782.3774993327822,0.30930454589831863
1,256,200,6,50,geopotential,368.4447380356981,48.71837840567823,7.562746341178611
1,256,200,6,70,geopotential,890.3089530854988,44.25181490018717,20.119151160097008
1,256,200,6,100,geopotential,417.57948093304464,32.36684696735586,12.901456893660404
1,256,200,6,125,geopotential,171.2914261457623,27.250452833998416,6.28581943900963
1,256,200,6,150,geopotential,152.3600062976231,25.853203015822537,5.893273889675355
1,256,200,6,175,geopotential,152.5586714581159,25.879460085026363,5.8949711839770975
1,256,200,6,200,geopotential,151.64844805087915,26.94857391969595,5.627327386702404
1,256,200,6,225,geopotential,176.51934901504256,27.00899913723362,6.53557535094662
1,256,200,6,250,geopotential,165.76560973590438,27.853511372988223,5.951336171448047
1,256,200,6,300,geopotential,146.90665256932053,29.16670333614647,5.036793184208043
1,256,200,6,350,geopotential,146.59158440582215,29.207937994145585,5.018895357666291
1,256,200,6,400,geopotential,154.02787580908023,28.084448168897442,5.484454417005807
1,256,200,6,450,geopotential,147.96233248308593,26.924804839753435,5.4953910850497705
1,256,200,6,500,geopotential,135.32663077648397,25.5906557844183,5.288126725493372
1,256,200,6,550,geopotential,136.63902042647953,24.343130155875908,5.613042347123868
1,256,200,6,600,geopotential,135.16214547024006,23.777138524480296,5.6845421214617895
1,256,200,6,650,geopotential,135.65037464493915,23.42100179145581,5.791826321213366
1,256,200,6,700,geopotential,138.0596425730003,23.71434595430227,5.821777367971367
1,256,200,6,750,geopotential,153.53156814657183,23.925957089770304,6.416945728462216
1,256,200,6,775,geopotential,154.62451005638758,24.122567562987896,6.409952408782281
1,256,200,6,800,geopotential,161.97058839708694,24.41477679319394,6.634121203280432
1,256,200,6,825,geopotential,184.17596913236048,24.82136838384357,7.42005703651061
1,256,200,6,850,geopotential,211.42857354447338,25.2001591806623,8.389969762838486
1,256,200,6,875,geopotential,218.41275764213322,25.662939695315867,8.51082378851551
1,256,200,6,900,geopotential,205.67041512084015,26.37463086834615,7.798039568685609
1,256,200,6,925,geopotential,197.89649439771992,27.231975129279554,7.267063569874648
1,256,200,6,950,geopotential,191.0302912660216,28.138298628468174,6.788978032692843
1,256,200,6,975,geopotential,193.26863017271194,29.473191721908822,6.557438094804174
1,256,200,6,1000,geopotential,177.60378017337487,31.291805198544278,5.675728167374542
1,256,200,6,1,temperature,7.475450665522802,8.585644145124043,0.870691882771342
1,256,200,6,2,temperature,14.862927497920309,6.857750280841892,2.1673182733763325
1,256,200,6,3,temperature,13.680364152783634,5.595503425158137,2.4448853147466365
1,256,200,6,5,temperature,9.237565711696703,4.228495628067508,2.184598619513868
1,256,200,6,7,temperature,7.661157736233748,3.497812416957201,2.1902711818086296
1,256,200,6,10,temperature,5.517963647341563,2.581661702999672,2.1373689825162443
1,256,200,6,20,temperature,4.124190104351561,2.3380640474223027,1.7639337591707327
1,256,200,6,30,temperature,3.787855416414246,2.0263439145660045,1.869305298664228
1,256,200,6,50,temperature,2.118415799895223,0.5925003334836259,3.5753833039045317
1,256,200,6,70,temperature,5.791055432555086,0.5706100911703732,10.14888366358384
1,256,200,6,100,temperature,4.380455025818871,0.45749890306441693,9.574788040971745
1,256,200,6,125,temperature,6.2429045281657265,0.36691240447176915,17.01470010847253
1,256,200,6,150,temperature,2.807872247013927,0.327471433827833,8.574403618027201
1,256,200,6,175,temperature,1.9515238268227226,0.30621465563802763,6.373058215507469
1,256,200,6,200,temperature,1.6484548052682542,0.31506225114522685,5.232155865313121
1,256,200,6,225,temperature,1.1231716532948794,0.32288913260873686,3.4785055917502508
1,256,200,6,250,temperature,1.2274673602575426,0.31689929214080653,3.8733673147876493
1,256,200,6,300,temperature,2.854237905959508,0.31351115945525054,9.104103059422075
1,256,200,6,350,temperature,1.667102878199513,0.3036021504230704,5.491077305863613
1,256,200,6,400,temperature,1.1878060931125203,0.30196674989182404,3.9335658430540366
1,256,200,6,450,temperature,0.7000866320104973,0.30076424636283866,2.327692338689488
1,256,200,6,500,temperature,1.0845749667510012,0.30229639005800685,3.5877866968338092
1,256,200,6,550,temperature,1.0131742587180377,0.31002479252728576,3.268042695743008
1,256,200,6,600,temperature,1.151569712092528,0.3179765382408303,3.6215555979804637
1,256,200,6,650,temperature,1.148291994114405,0.33060825539124505,3.473270783137296
1,256,200,6,700,temperature,1.2460674270391565,0.34310377892444033,3.6317508100473894
1,256,200,6,750,temperature,1.4504236194505442,0.36546232228631653,3.9687363949770704
1,256,200,6,775,temperature,0.9137469332888917,0.3751180538068075,2.4358916453524992
1,256,200,6,800,temperature,1.4590222381219888,0.39138594820423345,3.727835004849587
1,256,200,6,825,temperature,1.4954532077963454,0.4166086232846167,3.589587743061883
1,256,200,6,850,temperature,3.4824527778776972,0.4357134643717728,7.992529638483451
1,256,200,6,875,temperature,3.5790385254290116,0.4444190285900196,8.053297215432028
1,256,200,6,900,temperature,1.3118553282922334,0.44668719440069277,2.9368545701255475
1,256,200,6,925,temperature,0.9046531738575466,0.4469750334402169,2.0239456483614635
1,256,200,6,950,temperature,0.9552762525281859,0.4578317390549868,2.0865225606681994
1,256,200,6,975,temperature,0.991356650904638,0.4764615387155689,2.0806645874861345
1,256,200,6,1000,temperature,1.022718743435211,0.49038267063452684,2.085552375070416
1,256,200,6,1,u_component_of_wind,29.978444397445084,27.204844325386265,1.101952433135985
1,256,200,6,2,u_component_of_wind,21.478775501586366,22.446676899018403,0.9568799692806927
1,256,200,6,3,u_component_of_wind,17.39645741711387,17.96488830999068,0.9683587850328746
1,256,200,6,5,u_component_of_wind,20.129431745323927,12.295344974765397,1.6371587610300466
1,256,200,6,7,u_component_of_wind,14.519575656891922,9.294833048770784,1.5621125824107294
1,256,200,6,10,u_component_of_wind,9.088818203001825,7.639593738633105,1.189699153377758
1,256,200,6,20,u_component_of_wind,6.868628827531099,5.407237474167488,1.2702657984498102
1,256,200,6,30,u_component_of_wind,6.582559500708309,4.887009149787574,1.3469505169628004
1,256,200,6,50,u_component_of_wind,4.927072229417389,1.0080882920647531,4.8875403753830176
1,256,200,6,70,u_component_of_wind,5.715203139962257,0.9873005182055209,5.788716844137779
1,256,200,6,100,u_component_of_wind,15.205186161344294,0.9996051790556035,15.211191858479255
1,256,200,6,125,u_component_of_wind,16.906658586473654,0.9860765232044753,17.14538191369946
1,256,200,6,150,u_component_of_wind,4.412293807156403,1.008586578339923,4.374729846612466
1,256,200,6,175,u_component_of_wind,12.516489552743959,1.0400778167887839,12.034185664480693
1,256,200,6,200,u_component_of_wind,15.252488006993012,1.0819338724505698,14.097430901619036
1,256,200,6,225,u_component_of_wind,3.9533884417915104,1.1608111637816696,3.405711941046667
1,256,200,6,250,u_component_of_wind,7.2908376793468985,1.2270676950135933,5.941675189538856
1,256,200,6,300,u_component_of_wind,10.065407097006787,1.2830383898066335,7.8449773420448805
1,256,200,6,350,u_component_of_wind,8.313514249651625,1.2326156977467604,6.744611694341433
1,256,200,6,400,u_component_of_wind,7.89785701902126,1.156851315813363,6.827028600013656
1,256,200,6,450,u_component_of_wind,3.022076348717567,1.0782033970540394,2.8028814943217073
1,256,200,6,500,u_component_of_wind,2.147410647894866,1.0116793591201603,2.12261980887149
1,256,200,6,550,u_component_of_wind,3.1025198117607595,0.9726858959108473,3.1896420260679146
1,256,200,6,600,u_component_of_wind,2.9422583579612307,0.9395080895405804,3.131700930217637
1,256,200,6,650,u_component_of_wind,5.121387156585793,0.9249772579484165,5.536770890935136
1,256,200,6,700,u_component_of_wind,1.6368914134153643,0.9065132547455201,1.8057004735963609
1,256,200,6,750,u_component_of_wind,1.9746284558884688,0.891739235815678,2.214356368520969
1,256,200,6,775,u_component_of_wind,2.598872993750831,0.8804262263120204,2.9518350499815735
1,256,200,6,800,u_component_of_wind,3.493445358144086,0.8758255989947605,3.9887454330562275
1,256,200,6,825,u_component_of_wind,3.5318910156606425,0.871877105839213,4.050904642416399
1,256,200,6,850,u_component_of_wind,4.7186884110889,0.8621702091975713,5.47303578893154
1,256,200,6,875,u_component_of_wind,6.501027025094442,0.8469161548081213,7.6761164469313075
1,256,200,6,900,u_component_of_wind,6.069125279006053,0.8358403242679547,7.261106102199019
1,256,200,6,925,u_component_of_wind,3.9422310275008465,0.8269162330630735,4.767388605854289
1,256,200,6,950,u_component_of_wind,6.81589373238662,0.8123438089459414,8.390405216764806
1,256,200,6,975,u_component_of_wind,4.759412451415991,0.772936429394987,6.157572952204365
1,256,200,6,1000,u_component_of_wind,2.110277151413896,0.706530603585151,2.986816339880691
1,256,200,6,1,v_component_of_wind,12.761527825156849,10.217615421462448,1.2489731995932072
1,256,200,6,2,v_component_of_wind,9.842231387458888,8.013975230005627,1.228133492428074
1,256,200,6,3,v_component_of_wind,8.50334608194432,6.99604354491347,1.21545070829737
1,256,200,6,5,v_component_of_wind,6.529819217734247,5.856882113139169,1.1148968156769674
1,256,200,6,7,v_component_of_wind,5.502653572963076,5.04879805780746,1.0898937747081752
1,256,200,6,10,v_component_of_wind,4.857597286216845,4.212054649797571,1.1532607456672717
1,256,200,6,20,v_component_of_wind,5.225441580436008,3.132682837034625,1.6680404152826314
1,256,200,6,30,v_component_of_wind,4.255642747132557,2.934383552770658,1.4502680616221284
1,256,200,6,50,v_component_of_wind,4.851658344095409,1.0162184764490427,4.774227645465065
1,256,200,6,70,v_component_of_wind,15.996613474625134,1.0146993114070182,15.764880585602901
1,256,200,6,100,v_component_of_wind,5.198624729485427,1.0124299104952352,5.134799629677568
1,256,200,6,125,v_component_of_wind,2.0167344454571254,0.9845476252423212,2.0483868872882183
1,256,200,6,150,v_component_of_wind,6.388022877502004,0.990590970267721,6.448698876969928
1,256,200,6,175,v_component_of_wind,4.293955347547513,1.0026061549574068,4.282793723453584
1,256,200,6,200,v_component_of_wind,3.9937006818084595,1.0506483400486595,3.8011773583761586
1,256,200,6,225,v_component_of_wind,3.8390507814386305,1.1539458111821337,3.3268900014514564
1,256,200,6,250,v_component_of_wind,10.582068442691327,1.2472675204999661,8.484201078570148
1,256,200,6,300,v_component_of_wind,12.073449610501875,1.347740651303455,8.95828852444656
1,256,200,6,350,v_component_of_wind,3.7072609522925823,1.3290593707296534,2.789387016064825
1,256,200,6,400,v_component_of_wind,3.5201185254343748,1.2521074225075,2.811355050020311
1,256,200,6,450,v_component_of_wind,3.780483920016428,1.1675815532403064,3.237875683736797
1,256,200,6,500,v_component_of_wind,2.2254734725821184,1.093600898328093,2.034996017271422
1,256,200,6,550,v_component_of_wind,1.50783156311409,1.0396268502141275,1.4503584269716854
1,256,200,6,600,v_component_of_wind,1.7510305581608603,0.9974577749310111,1.7554934175353638
1,256,200,6,650,v_component_of_wind,4.070811635272729,0.9792344605076282,4.1571368241702285
1,256,200,6,700,v_component_of_wind,2.1009172271197603,0.9604954173243057,2.187326653751642
1,256,200,6,750,v_component_of_wind,2.5962172563812955,0.9424057204498179,2.7548827432224203
1,256,200,6,775,v_component_of_wind,3.4709343940302912,0.9308451007215435,3.728799121722616
1,256,200,6,800,v_component_of_wind,3.9961257869523354,0.9278565426619727,4.306835812665238
1,256,200,6,825,v_component_of_wind,2.6830408154623977,0.924852716790928,2.901046584770887
1,256,200,6,850,v_component_of_wind,2.9315877189784265,0.9187872484327434,3.190714416181869
1,256,200,6,875,v_component_of_wind,3.4714864634977856,0.905953755531246,3.831858350719156
1,256,200,6,900,v_component_of_wind,4.648777882575212,0.8963129279150315,5.18655676805758
1,256,200,6,925,v_component_of_wind,7.836145618433782,0.891872274973568,8.786174700481656
1,256,200,6,950,v_component_of_wind,6.612402833963892,0.8758473474280674,7.549720682926385
1,256,200,6,975,v_component_of_wind,6.62071518203737,0.8252007431177929,8.023157076934792
1,256,200,6,1000,v_component_of_wind,5.027395609931847,0.7474144380338668,6.726382785910333
1,256,200,6,1,specific_humidity,4.177716483165568e-07,9.093771566984339e-07,0.45940415947252294
1,256,200,6,2,specific_humidity,2.568196214932558e-07,7.335056784697729e-07,0.3501262894501765
1,256,200,6,3,specific_humidity,1.6094123928815762e-07,5.95589768955808e-07,0.27022163186302023
1,256,200,6,5,specific_humidity,2.143387750446509e-07,4.224884578703961e-07,0.5073245695871818
1,256,200,6,7,specific_humidity,2.8769503501366905e-07,3.348673087158939e-07,0.8591314455773094
1,256,200,6,10,specific_humidity,3.6656391303334173e-07,2.470444360450041e-07,1.4837974855930969
1,256,200,6,20,specific_humidity,3.369711958074229e-07,1.196116131921905e-07,2.8172113627961997
1,256,200,6,30,specific_humidity,1.3488007541858926e-07,1.0382307119485337e-07,1.2991339387894685
1,256,200,6,50,specific_humidity,3.980019633511487e-07,1.2568902329994858e-08,31.665610321542815
1,256,200,6,70,specific_humidity,3.2817027257430574e-07,2.414820950784697e-08,13.589838719415892
1,256,200,6,100,specific_humidity,6.110687954372142e-07,8.178295415058188e-08,7.471835687325394
1,256,200,6,125,specific_humidity,1.2348629632735851e-06,2.1831824920281115e-07,5.656251677460249
1,256,200,6,150,specific_humidity,3.897364365206445e-06,5.992997945378687e-07,6.5031965649375465
1,256,200,6,175,specific_humidity,3.371380207722071e-06,1.5910159323679622e-06,2.1190109659708645
1,256,200,6,200,specific_humidity,1.3447220637350985e-05,3.764010817253872e-06,3.572577574886392
1,256,200,6,225,specific_humidity,3.2660914495728705e-05,7.610957609189218e-06,4.291301590787341
1,256,200,6,250,specific_humidity,3.9995428459863325e-05,1.317197315186294e-05,3.036403733802531
1,256,200,6,300,specific_humidity,8.747959383238708e-05,2.9177964649465544e-05,2.998139002611666
1,256,200,6,350,specific_humidity,0.00012267451425803386,5.435803037432676e-05,2.256787330469076
1,256,200,6,400,specific_humidity,0.00033617030862891534,8.676819061223045e-05,3.8743496465342946
1,256,200,6,450,specific_humidity,0.0003517322291498684,0.00012779900835098047,2.7522297214066755
1,256,200,6,500,specific_humidity,0.0006313320476217065,0.00016685150995882826,3.7837958300616634
1,256,200,6,550,specific_humidity,0.0012243146695194804,0.00021487303231659992,5.6978516862718305
1,256,200,6,600,specific_humidity,0.0006156824963562623,0.00025206401385736966,2.442564041309943
1,256,200,6,650,specific_humidity,0.000496610730220149,0.0002942486987821947,1.687724473465707
1,256,200,6,700,specific_humidity,0.000641092476312722,0.0003363237500858548,1.90617664125435
1,256,200,6,750,specific_humidity,0.0009601748275114358,0.00037860520076298974,2.5360846221246547
1,256,200,6,775,specific_humidity,0.0012015770312108916,0.00039260193803214373,3.0605478853049224
1,256,200,6,800,specific_humidity,0.0012065076016100594,0.00040466835784564294,2.981472552075027
1,256,200,6,825,specific_humidity,0.0012594259688856555,0.000413348603569168,3.0468857473106437
1,256,200,6,850,specific_humidity,0.0016452107752623043,0.0004130505235106746,3.9830739379750155
1,256,200,6,875,specific_humidity,0.003124302095054613,0.00039473209948691704,7.914993736551097
1,256,200,6,900,specific_humidity,0.0014788509163651616,0.00036987817005644063,3.9982108599150363
1,256,200,6,925,specific_humidity,0.0008809153116543742,0.00034080341872750274,2.584819468488755
1,256,200,6,950,specific_humidity,0.0011845576895036078,0.000303403494668488,3.9042321869031453
1,256,200,6,975,specific_humidity,0.0010276253005119108,0.0002819638950214839,3.644527964949598
1,256,200,6,1000,specific_humidity,0.0011211717774619423,0.000275698375966985,4.066660797436845
1,256,200,6,1,specific_cloud_ice_water_content,1.9706516085754897e-06,1.4206039464794252e-06,1.3871928298236857
1,256,200,6,2,specific_cloud_ice_water_content,1.960980849148399e-06,1.4056207277356892e-06,1.3950995531400123
1,256,200,6,3,specific_cloud_ice_water_content,1.9606021046846986e-06,1.4049656067194154e-06,1.3954804981046407
1,256,200,6,5,specific_cloud_ice_water_content,1.9640139359258557e-06,1.3990578523496726e-06,1.4038118099457841
1,256,200,6,7,specific_cloud_ice_water_content,1.968384757315344e-06,1.4027574858603023e-06,1.4032252739026705
1,256,200,6,10,specific_cloud_ice_water_content,1.968908092057386e-06,1.4106221265270812e-06,1.395772868602871
1,256,200,6,20,specific_cloud_ice_water_content,1.5846852504310003e-06,1.1857876167668038e-06,1.3363988862962157
1,256,200,6,30,specific_cloud_ice_water_content,1.3418774096635617e-06,1.01028739149733e-06,1.3282135568125695
1,256,200,6,50,specific_cloud_ice_water_content,1.9143436822774553e-06,7.708389414940023e-07,2.4834548168611823
1,256,200,6,70,specific_cloud_ice_water_content,2.3730714675538187e-06,6.990539799351904e-07,3.3946898746986998
1,256,200,6,100,specific_cloud_ice_water_content,2.7221673936260706e-06,9.788538346792786e-07,2.780974336702669
1,256,200,6,125,specific_cloud_ice_water_content,3.049118415893858e-06,2.300681746129077e-06,1.3253108219005232
1,256,200,6,150,specific_cloud_ice_water_content,4.633127000144101e-06,3.7490564957738998e-06,1.2358114649290466
1,256,200,6,175,specific_cloud_ice_water_content,6.080228841109979e-06,4.960764079174599e-06,1.2256637776093646
1,256,200,6,200,specific_cloud_ice_water_content,6.72306763262186e-06,6.1763666793779366e-06,1.088514976785508
1,256,200,6,225,specific_cloud_ice_water_content,7.934276617032498e-06,7.1781582016565255e-06,1.1053359920656918
1,256,200,6,250,specific_cloud_ice_water_content,8.692970082720676e-06,7.50072130594897e-06,1.1589512165751459
1,256,200,6,300,specific_cloud_ice_water_content,9.465087042681297e-06,7.689260186203563e-06,1.2309489877405901
1,256,200,6,350,specific_cloud_ice_water_content,9.724346706030217e-06,7.394346892745032e-06,1.3151055592984506
1,256,200,6,400,specific_cloud_ice_water_content,9.464775358720641e-06,6.521993740155893e-06,1.4512088995802084
1,256,200,6,450,specific_cloud_ice_water_content,7.916691667598701e-06,5.656019550027895e-06,1.3996931229772105
1,256,200,6,500,specific_cloud_ice_water_content,6.72781047789563e-06,4.817655002351666e-06,1.3964907148003647
1,256,200,6,550,specific_cloud_ice_water_content,5.693782139418366e-06,3.980803809296654e-06,1.430309659099821
1,256,200,6,600,specific_cloud_ice_water_content,4.753748046515124e-06,3.3726014668895825e-06,1.4095196521690772
1,256,200,6,650,specific_cloud_ice_water_content,3.930392387594136e-06,2.8844669380874784e-06,1.362606149405252
1,256,200,6,700,specific_cloud_ice_water_content,3.5951521300342753e-06,2.5674993548664024e-06,1.40025434601184
1,256,200,6,750,specific_cloud_ice_water_content,3.441805655059451e-06,2.2538395465582705e-06,1.5270854841087804
1,256,200,6,775,specific_cloud_ice_water_content,3.0434593928925396e-06,2.1856198644839124e-06,1.3924925566190294
1,256,200,6,800,specific_cloud_ice_water_content,3.4992069837618696e-06,2.159897297531843e-06,1.6200802638905478
1,256,200,6,825,specific_cloud_ice_water_content,2.864409433033901e-06,2.114584282775733e-06,1.3545969561799172
1,256,200,6,850,specific_cloud_ice_water_content,3.0733619834947464e-06,1.994722956575078e-06,1.5407462842718178
1,256,200,6,875,specific_cloud_ice_water_content,2.303730082723943e-06,1.7715402042323753e-06,1.3004108386702804
1,256,200,6,900,specific_cloud_ice_water_content,2.805029680259605e-06,1.560506010189548e-06,1.7975128977035402
1,256,200,6,925,specific_cloud_ice_water_content,2.4188082802876795e-06,1.393651179751738e-06,1.7355908820158001
1,256,200,6,950,specific_cloud_ice_water_content,2.706167209108269e-06,1.2220703361723148e-06,2.2144119933262933
1,256,200,6,975,specific_cloud_ice_water_content,1.5756721128333179e-06,1.0380023373445382e-06,1.5179851298449571
1,256,200,6,1000,specific_cloud_ice_water_content,1.2748462758802264e-06,9.404953549931882e-07,1.3555051272841852
1,256,200,6,1,specific_cloud_liquid_water_content,5.285315751261095e-06,2.607430654687599e-06,2.0270206387883163
1,256,200,6,2,specific_cloud_liquid_water_content,5.348352006762051e-06,2.6116698308202425e-06,2.0478668259081982
1,256,200,6,3,specific_cloud_liquid_water_content,5.343225242415883e-06,2.5949910173011508e-06,2.059053463689041
1,256,200,6,5,specific_cloud_liquid_water_content,5.327954218925862e-06,2.6077422040062975e-06,2.04312919073844
1,256,200,6,7,specific_cloud_liquid_water_content,5.348801581928367e-06,2.625027431847605e-06,2.037617404311716
1,256,200,6,10,specific_cloud_liquid_water_content,5.33583922562764e-06,2.5969440454393827e-06,2.0546608368394232
1,256,200,6,20,specific_cloud_liquid_water_content,5.379673180648616e-06,2.2785213747666373e-06,2.3610369602960577
1,256,200,6,30,specific_cloud_liquid_water_content,6.340387458426825e-06,1.9447560652356706e-06,3.2602481986132696
1,256,200,6,50,specific_cloud_liquid_water_content,1.0326831580267202e-05,1.9026943828573445e-06,5.427477830022827
1,256,200,6,70,specific_cloud_liquid_water_content,1.6531383220736263e-05,1.5165505909421657e-06,10.90064737666684
1,256,200,6,100,specific_cloud_liquid_water_content,1.5854065788610827e-05,1.5032028760004338e-06,10.546857008944581
1,256,200,6,125,specific_cloud_liquid_water_content,1.1366725363959318e-05,1.3879582471183588e-06,8.189529755350065
1,256,200,6,150,specific_cloud_liquid_water_content,6.665305558388981e-06,1.480373494315754e-06,4.502448594210857
1,256,200,6,175,specific_cloud_liquid_water_content,3.787950884957383e-06,1.6357976890769738e-06,2.3156597605262528
1,256,200,6,200,specific_cloud_liquid_water_content,2.764992708806497e-06,1.8112852966820385e-06,1.52653627447398
1,256,200,6,225,specific_cloud_liquid_water_content,3.0193533179070933e-06,1.6772163907512642e-06,1.8002169156924677
1,256,200,6,250,specific_cloud_liquid_water_content,2.5919303551570715e-06,1.7577519747550994e-06,1.4745711524620502
1,256,200,6,300,specific_cloud_liquid_water_content,4.047998813380031e-06,2.2215981351880656e-06,1.8221111862057604
1,256,200,6,350,specific_cloud_liquid_water_content,4.175996479610132e-06,2.753910700547746e-06,1.5163877604235811
1,256,200,6,400,specific_cloud_liquid_water_content,5.353807942711708e-06,3.771407205589865e-06,1.419578330013385
1,256,200,6,450,specific_cloud_liquid_water_content,8.208047254522884e-06,5.561933571204527e-06,1.47575427671735
1,256,200,6,500,specific_cloud_liquid_water_content,1.0741321458773013e-05,8.249067358806768e-06,1.302125560570856
1,256,200,6,550,specific_cloud_liquid_water_content,1.325431794456597e-05,1.1006397365588961e-05,1.2042376360138547
1,256,200,6,600,specific_cloud_liquid_water_content,1.46699581409478e-05,9.540017729517219e-06,1.5377286035389985
1,256,200,6,650,specific_cloud_liquid_water_content,1.477329072685575e-05,9.543024885674254e-06,1.5480721159003827
1,256,200,6,700,specific_cloud_liquid_water_content,1.6517490259163274e-05,1.0752393249598763e-05,1.536168727811331
1,256,200,6,750,specific_cloud_liquid_water_content,2.038386496276944e-05,1.2409822064669506e-05,1.6425590033882806
1,256,200,6,775,specific_cloud_liquid_water_content,2.4203891647291624e-05,1.307133403266907e-05,1.8516772340756535
1,256,200,6,800,specific_cloud_liquid_water_content,3.3642943048235254e-05,1.4138016620359287e-05,2.379608395691665
1,256,200,6,825,specific_cloud_liquid_water_content,5.321761888945165e-05,1.60658139419533e-05,3.3124757377204754
1,256,200,6,850,specific_cloud_liquid_water_content,0.00014118382174335275,1.7874178422521548e-05,7.89875866772486
1,256,200,6,875,specific_cloud_liquid_water_content,0.0002164052703202497,1.8107670967379836e-05,11.951027313788403
1,256,200,6,900,specific_cloud_liquid_water_content,9.366099959852276e-05,1.7254756612115812e-05,5.428126383003085
1,256,200,6,925,specific_cloud_liquid_water_content,3.264865020281899e-05,1.5449699350835324e-05,2.11322236513643
1,256,200,6,950,specific_cloud_liquid_water_content,2.095938142404378e-05,1.305610728390447e-05,1.605331586841542
1,256,200,6,975,specific_cloud_liquid_water_content,1.4055850534229404e-05,9.737965528549028e-06,1.443407300325877
1,256,200,6,1000,specific_cloud_liquid_water_content,9.318731787807373e-06,7.395349420625011e-06,1.2600799851076963
1,256,300,6,1,geopotential,3091.0998019314393,30017.112690917347,0.10297791908769267
1,256,300,6,2,geopotential,2086.761536161528,20502.3884876883,0.10178138695472629
1,256,300,6,3,geopotential,1520.8309659159702,15455.170984071645,0.09840272666561656
1,256,300,6,5,geopotential,1172.965106249435,9454.636002500229,0.12406242883800608
1,256,300,6,7,geopotential,889.0603222623279,5951.390274193691,0.1493869972059226
1,256,300,6,10,geopotential,758.8784689620654,2712.6580123551735,0.27975456747796784
1,256,300,6,20,geopotential,603.9148334748038,1383.490532900262,0.4365153350263951
1,256,300,6,30,geopotential,399.66045202119983,1782.3774993327822,0.22422884723960512
1,256,300,6,50,geopotential,546.992244315624,48.71837840567823,11.22763651451648
1,256,300,6,70,geopotential,648.4475496447552,44.25181490018717,14.65358090074657
1,256,300,6,100,geopotential,386.1757225533696,32.36684696735586,11.931212297041283
1,256,300,6,125,geopotential,222.30224743317055,27.250452833998416,8.157745076288059
1,256,300,6,150,geopotential,148.74240267902974,25.853203015822537,5.753345246544392
1,256,300,6,175,geopotential,150.82012776438398,25.879460085026363,5.827792669123234
1,256,300,6,200,geopotential,136.0397798730545,26.94857391969595,5.048125376817319
1,256,300,6,225,geopotential,143.36354329476313,27.00899913723362,5.307991701814948
1,256,300,6,250,geopotential,142.64978268022392,27.853511372988223,5.121429064005295
1,256,300,6,300,geopotential,136.58351315981912,29.16670333614647,4.682857420864234
1,256,300,6,350,geopotential,138.84523531662595,29.207937994145585,4.753681528098833
1,256,300,6,400,geopotential,140.03811256174322,28.084448168897442,4.986322384529905
1,256,300,6,450,geopotential,137.2263311768226,26.924804839753435,5.096650913295135
1,256,300,6,500,geopotential,132.9441361427329,25.5906557844183,5.195026546513132
1,256,300,6,550,geopotential,135.77291233402724,24.343130155875908,5.577463188367112
1,256,300,6,600,geopotential,134.8831271099594,23.777138524480296,5.672807388958406
1,256,300,6,650,geopotential,133.1106598843295,23.42100179145581,5.68338882638613
1,256,300,6,700,geopotential,138.39747262345537,23.71434595430227,5.836023177284686
1,256,300,6,750,geopotential,155.6300001017789,23.925957089770304,6.504650974581891
1,256,300,6,775,geopotential,157.60699545776632,24.122567562987896,6.53359121271934
1,256,300,6,800,geopotential,165.5710381481467,24.41477679319394,6.781591310484665
1,256,300,6,825,geopotential,184.0966018681124,24.82136838384357,7.416859498686719
1,256,300,6,850,geopotential,218.30467238972219,25.2001591806623,8.662829104557458
1,256,300,6,875,geopotential,228.2972862013713,25.662939695315867,8.895991219705873
1,256,300,6,900,geopotential,212.62850650433455,26.37463086834615,8.061857152265338
1,256,300,6,925,geopotential,208.65110711212802,27.231975129279554,7.661989485580441
1,256,300,6,950,geopotential,201.31195579356697,28.138298628468174,7.154375552397292
1,256,300,6,975,geopotential,191.73652121343167,29.473191721908822,6.50545495793402
1,256,300,6,1000,geopotential,169.72385503193772,31.291805198544278,5.423907440144534
1,256,300,6,1,temperature,6.8476608343433885,8.585644145124043,0.7975710055758962
1,256,300,6,2,temperature,12.736364275995898,6.857750280841892,1.857221939325606
1,256,300,6,3,temperature,12.30552548456033,5.595503425158137,2.199181119116652
1,256,300,6,5,temperature,8.333625331310873,4.228495628067508,1.9708251029029626
1,256,300,6,7,temperature,6.976096396699958,3.497812416957201,1.9944169569758028
1,256,300,6,10,temperature,6.092950825987081,2.581661702999672,2.3600887827044064
1,256,300,6,20,temperature,2.7950104783535763,2.3380640474223027,1.1954379442406864
1,256,300,6,30,temperature,2.833847734026091,2.0263439145660045,1.3985028472489256
1,256,300,6,50,temperature,1.478240111063739,0.5925003334836259,2.494918614429086
1,256,300,6,70,temperature,5.09409824338728,0.5706100911703732,8.927459086709842
1,256,300,6,100,temperature,6.264375118583541,0.45749890306441693,13.692656040535908
1,256,300,6,125,temperature,5.562572021849309,0.36691240447176915,15.160490498699678
1,256,300,6,150,temperature,1.680145543073769,0.327471433827833,5.130662920531566
1,256,300,6,175,temperature,1.5849952344332894,0.30621465563802763,5.176092016663277
1,256,300,6,200,temperature,1.5581514219452084,0.31506225114522685,4.945535100702952
1,256,300,6,225,temperature,1.26977983025324,0.32288913260873686,3.932556726187203
1,256,300,6,250,temperature,0.7790600345250791,0.31689929214080653,2.4583836374709307
1,256,300,6,300,temperature,2.095944674506112,0.31351115945525054,6.6853909702862735
1,256,300,6,350,temperature,1.2264318258887987,0.3036021504230704,4.039601907232089
1,256,300,6,400,temperature,1.2368130993201465,0.30196674989182404,4.095858566425674
1,256,300,6,450,temperature,0.5244455321380175,0.30076424636283866,1.743709694487197
1,256,300,6,500,temperature,0.8422677490192377,0.30229639005800685,2.7862315817189125
1,256,300,6,550,temperature,0.930728044095445,0.31002479252728576,3.002108433032917
1,256,300,6,600,temperature,1.0715065150517449,0.3179765382408303,3.369765961286751
1,256,300,6,650,temperature,1.4908779153304192,0.33060825539124505,4.509499962625251
1,256,300,6,700,temperature,1.456064185351067,0.34310377892444033,4.243801073586331
1,256,300,6,750,temperature,1.8861457012843026,0.36546232228631653,5.160985377328794
1,256,300,6,775,temperature,0.9700957482570611,0.3751180538068075,2.5861078623442575
1,256,300,6,800,temperature,1.5844271781880475,0.39138594820423345,4.048247479138571
1,256,300,6,825,temperature,1.9946349552483083,0.4166086232846167,4.787790851572516
1,256,300,6,850,temperature,4.370257329468671,0.4357134643717728,10.030117696201708
1,256,300,6,875,temperature,3.915571058506463,0.4444190285900196,8.810538718220842
1,256,300,6,900,temperature,1.4806271830398055,0.44668719440069277,3.314684641959168
1,256,300,6,925,temperature,1.004280681698229,0.4469750334402169,2.246838428465719
1,256,300,6,950,temperature,1.2721078302867679,0.4578317390549868,2.778548802476065
1,256,300,6,975,temperature,1.2511154163298137,0.4764615387155689,2.625847659608652
1,256,300,6,1000,temperature,1.1870239635976239,0.49038267063452684,2.4206074861121896
1,256,300,6,1,u_component_of_wind,30.528018404664138,27.204844325386265,1.1221537620113065
1,256,300,6,2,u_component_of_wind,20.39459796275448,22.446676899018403,0.9085798336432749
1,256,300,6,3,u_component_of_wind,16.344859316861832,17.96488830999068,0.9098224845501592
1,256,300,6,5,u_component_of_wind,19.56461186603593,12.295344974765397,1.5912210601808863
1,256,300,6,7,u_component_of_wind,14.159857202640492,9.294833048770784,1.5234116770406214
1,256,300,6,10,u_component_of_wind,9.81426939641989,7.639593738633105,1.2846585475860504
1,256,300,6,20,u_component_of_wind,7.985631500320879,5.407237474167488,1.4768412777266393
1,256,300,6,30,u_component_of_wind,6.865191430015465,4.887009149787574,1.4047838298632769
1,256,300,6,50,u_component_of_wind,7.738935715341321,1.0080882920647531,7.676843165681981
1,256,300,6,70,u_component_of_wind,4.495237800132874,0.9873005182055209,4.553059293742947
1,256,300,6,100,u_component_of_wind,9.36288354474283,0.9996051790556035,9.366581667362505
1,256,300,6,125,u_component_of_wind,12.062443631446941,0.9860765232044753,12.232766268734746
1,256,300,6,150,u_component_of_wind,3.787762567630933,1.008586578339923,3.755515539246396
1,256,300,6,175,u_component_of_wind,7.989121168429924,1.0400778167887839,7.681272535064877
1,256,300,6,200,u_component_of_wind,13.274724869773356,1.0819338724505698,12.26944197588179
1,256,300,6,225,u_component_of_wind,3.1439533159574755,1.1608111637816696,2.708410647701872
1,256,300,6,250,u_component_of_wind,5.959837472832628,1.2270676950135933,4.856975289180444
1,256,300,6,300,u_component_of_wind,10.03327290569768,1.2830383898066335,7.819931956369437
1,256,300,6,350,u_component_of_wind,9.527153279505491,1.2326156977467604,7.72921624876372
1,256,300,6,400,u_component_of_wind,5.387133912043104,1.156851315813363,4.656721082826015
1,256,300,6,450,u_component_of_wind,2.5839799284982625,1.0782033970540394,2.3965607375736675
1,256,300,6,500,u_component_of_wind,1.6541411456762647,1.0116793591201603,1.6350448694681703
1,256,300,6,550,u_component_of_wind,2.847120661908948,0.9726858959108473,2.9270709834266007
1,256,300,6,600,u_component_of_wind,2.488852304937038,0.9395080895405804,2.6491015166820833
1,256,300,6,650,u_component_of_wind,4.452628989986419,0.9249772579484165,4.813771313537235
1,256,300,6,700,u_component_of_wind,2.962585212968057,0.9065132547455201,3.2681101985648575
1,256,300,6,750,u_component_of_wind,2.034872203447126,0.891739235815678,2.281913951656303
1,256,300,6,775,u_component_of_wind,2.3843161894252343,0.8804262263120204,2.7081385335518617
1,256,300,6,800,u_component_of_wind,3.8498308074818595,0.8758255989947605,4.395659149379225
1,256,300,6,825,u_component_of_wind,2.688675901082879,0.871877105839213,3.0837785314880266
1,256,300,6,850,u_component_of_wind,3.37555526634737,0.8621702091975713,3.9151842992685006
1,256,300,6,875,u_component_of_wind,5.02150332235989,0.8469161548081213,5.929162283481969
1,256,300,6,900,u_component_of_wind,4.727107651406085,0.8358403242679547,5.655515191309031
1,256,300,6,925,u_component_of_wind,2.9134310731763,0.8269162330630735,3.523248131656978
1,256,300,6,950,u_component_of_wind,3.679230322716921,0.8123438089459414,4.529154136708342
1,256,300,6,975,u_component_of_wind,2.6430534890901067,0.772936429394987,3.4194965958053585
1,256,300,6,1000,u_component_of_wind,2.872538595571289,0.706530603585151,4.065695924557486
1,256,300,6,1,v_component_of_wind,13.717416637004213,10.217615421462448,1.342526222722213
1,256,300,6,2,v_component_of_wind,9.882390730521138,8.013975230005627,1.2331446562899095
1,256,300,6,3,v_component_of_wind,8.385663946047776,6.99604354491347,1.198629467099964
1,256,300,6,5,v_component_of_wind,6.5197544553189255,5.856882113139169,1.1131783651053326
1,256,300,6,7,v_component_of_wind,5.478648263523345,5.04879805780746,1.085139116438053
1,256,300,6,10,v_component_of_wind,5.014510340785519,4.212054649797571,1.19051407393931
1,256,300,6,20,v_component_of_wind,5.369609160759657,3.132682837034625,1.7140608992650177
1,256,300,6,30,v_component_of_wind,4.124637498786785,2.934383552770658,1.4056231656874862
1,256,300,6,50,v_component_of_wind,5.816383493671006,1.0162184764490427,5.723556133318014
1,256,300,6,70,v_component_of_wind,12.717109621171385,1.0146993114070182,12.532884844020824
1,256,300,6,100,v_component_of_wind,2.4886239223310795,1.0124299104952352,2.4580703281610443
1,256,300,6,125,v_component_of_wind,2.484444273806919,0.9845476252423212,2.5234373737841644
1,256,300,6,150,v_component_of_wind,7.665000480368367,0.990590970267721,7.737805724492718
1,256,300,6,175,v_component_of_wind,1.7406374965105524,1.0026061549574068,1.7361129172247094
1,256,300,6,200,v_component_of_wind,2.6817884351711685,1.0506483400486595,2.5525081351643926
1,256,300,6,225,v_component_of_wind,3.3866228683645727,1.1539458111821337,2.9348196731137866
1,256,300,6,250,v_component_of_wind,10.898791810226355,1.2472675204999661,8.738134867696694
1,256,300,6,300,v_component_of_wind,13.649476679373448,1.347740651303455,10.127673055029156
1,256,300,6,350,v_component_of_wind,3.444173003025593,1.3290593707296534,2.5914365293814847
1,256,300,6,400,v_component_of_wind,3.527684384766611,1.2521074225075,2.8173975502053863
1,256,300,6,450,v_component_of_wind,3.6677848252510588,1.1675815532403064,3.1413521522947283
1,256,300,6,500,v_component_of_wind,1.965290797408833,1.093600898328093,1.79708228149171
1,256,300,6,550,v_component_of_wind,1.7283191093204089,1.0396268502141275,1.6624417779941278
1,256,300,6,600,v_component_of_wind,2.427492527337656,0.9974577749310111,2.4336794883428055
1,256,300,6,650,v_component_of_wind,7.249506652738438,0.9792344605076282,7.4032389025406085
1,256,300,6,700,v_component_of_wind,1.9209620923038466,0.9604954173243057,1.9999700755003655
1,256,300,6,750,v_component_of_wind,3.472141056403854,0.9424057204498179,3.684337839913125
1,256,300,6,775,v_component_of_wind,4.756353644526169,0.9308451007215435,5.109715505661777
1,256,300,6,800,v_component_of_wind,5.3824606295144415,0.9278565426619727,5.80096209061849
1,256,300,6,825,v_component_of_wind,2.7924102034303213,0.924852716790928,3.0193025902756503
1,256,300,6,850,v_component_of_wind,2.583133093480892,0.9187872484327434,2.811459451453174
1,256,300,6,875,v_component_of_wind,3.207600018077847,0.905953755531246,3.540578090762402
1,256,300,6,900,v_component_of_wind,4.636181778688718,0.8963129279150315,5.172503524492528
1,256,300,6,925,v_component_of_wind,7.106628203336147,0.891872274973568,7.968212941193583
1,256,300,6,950,v_component_of_wind,5.825775382467004,0.8758473474280674,6.6515876306235775
1,256,300,6,975,v_component_of_wind,7.325099708364406,0.8252007431177929,8.876748802586558
1,256,300,6,1000,v_component_of_wind,6.487890626517928,0.7474144380338668,8.680445943196979
1,256,300,6,1,specific_humidity,4.0316405185420784e-07,9.093771566984339e-07,0.4433408612526919
1,256,300,6,2,specific_humidity,2.4410966151955833e-07,7.335056784697729e-07,0.33279859813603047
1,256,300,6,3,specific_humidity,1.5674876697638835e-07,5.95589768955808e-07,0.2631824372188282
1,256,300,6,5,specific_humidity,2.2504370920092846e-07,4.224884578703961e-07,0.5326623840454443
1,256,300,6,7,specific_humidity,2.972844640443628e-07,3.348673087158939e-07,0.8877679495927836
1,256,300,6,10,specific_humidity,3.759239787876392e-07,2.470444360450041e-07,1.521685672447839
1,256,300,6,20,specific_humidity,3.53099309384276e-07,1.196116131921905e-07,2.9520487180197152
1,256,300,6,30,specific_humidity,1.4109821266489655e-07,1.0382307119485337e-07,1.3590256100215512
1,256,300,6,50,specific_humidity,3.4745095963931626e-07,1.2568902329994858e-08,27.64369954647093
1,256,300,6,70,specific_humidity,3.2117141917426604e-07,2.414820950784697e-08,13.30000963714934
1,256,300,6,100,specific_humidity,7.098887741409999e-07,8.178295415058188e-08,8.68015568175644
1,256,300,6,125,specific_humidity,1.466071764029535e-06,2.1831824920281115e-07,6.715296450859672
1,256,300,6,150,specific_humidity,3.308752357358305e-06,5.992997945378687e-07,5.521030354949055
1,256,300,6,175,specific_humidity,3.5668159006858824e-06,1.5910159323679622e-06,2.24184800926366
1,256,300,6,200,specific_humidity,1.1448135020574161e-05,3.764010817253872e-06,3.041472401752138
1,256,300,6,225,specific_humidity,3.973658717129331e-05,7.610957609189218e-06,5.22097076500816
1,256,300,6,250,specific_humidity,4.78371837412981e-05,1.317197315186294e-05,3.6317401493133463
1,256,300,6,300,specific_humidity,0.00012690028166968098,2.9177964649465544e-05,4.349182103488683
1,256,300,6,350,specific_humidity,0.00018332940072334454,5.435803037432676e-05,3.3726277324781586
1,256,300,6,400,specific_humidity,0.00047998256991838543,8.676819061223045e-05,5.531780327925027
1,256,300,6,450,specific_humidity,0.0003605737339740595,0.00012779900835098047,2.821412612090062
1,256,300,6,500,specific_humidity,0.0006014279427139143,0.00016685150995882826,3.6045699727998906
1,256,300,6,550,specific_humidity,0.00123488906850445,0.00021487303231659992,5.747063999566637
1,256,300,6,600,specific_humidity,0.0011057513249770434,0.00025206401385736966,4.386787737192555
1,256,300,6,650,specific_humidity,0.0008476524317375879,0.0002942486987821947,2.880734682075951
1,256,300,6,700,specific_humidity,0.0007142678079817327,0.0003363237500858548,2.123750724709149
1,256,300,6,750,specific_humidity,0.0014075404030341842,0.00037860520076298974,3.7176995989426915
1,256,300,6,775,specific_humidity,0.0017477467844723737,0.00039260193803214373,4.451701877053086
1,256,300,6,800,specific_humidity,0.0020573641823967374,0.00040466835784564294,5.08407475531235
1,256,300,6,825,specific_humidity,0.0015978012353557785,0.000413348603569168,3.865505342365114
1,256,300,6,850,specific_humidity,0.002000013371592686,0.0004130505235106746,4.8420550459391904
1,256,300,6,875,specific_humidity,0.0035873811326841737,0.00039473209948691704,9.088141393484706
1,256,300,6,900,specific_humidity,0.002087318541031076,0.00036987817005644063,5.6432596190052715
1,256,300,6,925,specific_humidity,0.0009679906023783064,0.00034080341872750274,2.8403195190723296
1,256,300,6,950,specific_humidity,0.0008433477914114125,0.000303403494668488,2.7796245139921387
1,256,300,6,975,specific_humidity,0.0007984663701640852,0.0002819638950214839,2.831803589971145
1,256,300,6,1000,specific_humidity,0.0008145024588578365,0.000275698375966985,2.9543244714483685
1,256,300,6,1,specific_cloud_ice_water_content,1.74508305493688e-06,1.4206039464794252e-06,1.228409268650553
1,256,300,6,2,specific_cloud_ice_water_content,1.73434829063665e-06,1.4056207277356892e-06,1.2338664736614315
1,256,300,6,3,specific_cloud_ice_water_content,1.738037028745259e-06,1.4049656067194154e-06,1.2370673135576342
1,256,300,6,5,specific_cloud_ice_water_content,1.7356146170369348e-06,1.3990578523496726e-06,1.2405595766622701
1,256,300,6,7,specific_cloud_ice_water_content,1.7415204414283269e-06,1.4027574858603023e-06,1.2414978775609693
1,256,300,6,10,specific_cloud_ice_water_content,1.7376415435325698e-06,1.4106221265270812e-06,1.231826377068537
1,256,300,6,20,specific_cloud_ice_water_content,1.4652372935897798e-06,1.1857876167668038e-06,1.2356658754667467
1,256,300,6,30,specific_cloud_ice_water_content,1.3042088271341671e-06,1.01028739149733e-06,1.290928539849657
1,256,300,6,50,specific_cloud_ice_water_content,1.7778171607334462e-06,7.708389414940023e-07,2.3063406180385333
1,256,300,6,70,specific_cloud_ice_water_content,1.7122098044296205e-06,6.990539799351904e-07,2.4493241631903166
1,256,300,6,100,specific_cloud_ice_water_content,1.756544023951497e-06,9.788538346792786e-07,1.7944906192526984
1,256,300,6,125,specific_cloud_ice_water_content,2.914591556604527e-06,2.300681746129077e-06,1.2668382150240292
1,256,300,6,150,specific_cloud_ice_water_content,4.377140007324364e-06,3.7490564957738998e-06,1.1675310874238538
1,256,300,6,175,specific_cloud_ice_water_content,6.061363614619625e-06,4.960764079174599e-06,1.2218608903546468
1,256,300,6,200,specific_cloud_ice_water_content,6.892074243828789e-06,6.1763666793779366e-06,1.1158784122776428
1,256,300,6,225,specific_cloud_ice_water_content,8.232448464876753e-06,7.1781582016565255e-06,1.1468747600153093
1,256,300,6,250,specific_cloud_ice_water_content,9.303756212653124e-06,7.50072130594897e-06,1.2403815357429868
1,256,300,6,300,specific_cloud_ice_water_content,9.959621688540192e-06,7.689260186203563e-06,1.2952639717420695
1,256,300,6,350,specific_cloud_ice_water_content,9.871333422961669e-06,7.394346892745032e-06,1.3349838148176323
1,256,300,6,400,specific_cloud_ice_water_content,9.371871857209206e-06,6.521993740155893e-06,1.4369642521283978
1,256,300,6,450,specific_cloud_ice_water_content,7.932073684018693e-06,5.656019550027895e-06,1.4024127062961746
1,256,300,6,500,specific_cloud_ice_water_content,6.548122865641604e-06,4.817655002351666e-06,1.3591929813249883
1,256,300,6,550,specific_cloud_ice_water_content,5.512923763287024e-06,3.980803809296654e-06,1.3848770317221617
1,256,300,6,600,specific_cloud_ice_water_content,4.551971858559675e-06,3.3726014668895825e-06,1.3496915966053291
1,256,300,6,650,specific_cloud_ice_water_content,3.829657793291555e-06,2.8844669380874784e-06,1.3276830261853434
1,256,300,6,700,specific_cloud_ice_water_content,3.4036499803039797e-06,2.5674993548664024e-06,1.3256673166646562
1,256,300,6,750,specific_cloud_ice_water_content,3.2833697689134024e-06,2.2538395465582705e-06,1.456789492369711
1,256,300,6,775,specific_cloud_ice_water_content,2.743667741748306e-06,2.1856198644839124e-06,1.2553270522164497
1,256,300,6,800,specific_cloud_ice_water_content,2.939741320513388e-06,2.159897297531843e-06,1.3610560668197917
1,256,300,6,825,specific_cloud_ice_water_content,2.741692033350152e-06,2.114584282775733e-06,1.2965631380515317
1,256,300,6,850,specific_cloud_ice_water_content,2.766867781487086e-06,1.994722956575078e-06,1.3870937677670154
1,256,300,6,875,specific_cloud_ice_water_content,2.2951471638294137e-06,1.7715402042323753e-06,1.2955659478379844
1,256,300,6,900,specific_cloud_ice_water_content,2.6171786128686298e-06,1.560506010189548e-06,1.677134593381497
1,256,300,6,925,specific_cloud_ice_water_content,2.2808947868880615e-06,1.393651179751738e-06,1.6366324802267775
1,256,300,6,950,specific_cloud_ice_water_content,2.23300461879552e-06,1.2220703361723148e-06,1.827230849731272
1,256,300,6,975,specific_cloud_ice_water_content,1.5022123249927648e-06,1.0380023373445382e-06,1.447214780687092
1,256,300,6,1000,specific_cloud_ice_water_content,1.3392616323309406e-06,9.404953549931882e-07,1.4239960093589623
1,256,300,6,1,specific_cloud_liquid_water_content,4.621170626321787e-06,2.607430654687599e-06,1.772308160147583
1,256,300,6,2,specific_cloud_liquid_water_content,4.655467081045295e-06,2.6116698308202425e-06,1.7825634106219166
1,256,300,6,3,specific_cloud_liquid_water_content,4.64789274548764e-06,2.5949910173011508e-06,1.7911016702946252
1,256,300,6,5,specific_cloud_liquid_water_content,4.675087300143946e-06,2.6077422040062975e-06,1.792772035886664
1,256,300,6,7,specific_cloud_liquid_water_content,4.67235553981242e-06,2.625027431847605e-06,1.779926366911838
1,256,300,6,10,specific_cloud_liquid_water_content,4.62961984709192e-06,2.5969440454393827e-06,1.782718366698049
1,256,300,6,20,specific_cloud_liquid_water_content,4.235282788428144e-06,2.2785213747666373e-06,1.8587856297209042
1,256,300,6,30,specific_cloud_liquid_water_content,4.414614776450798e-06,1.9447560652356706e-06,2.270009517062914
1,256,300,6,50,specific_cloud_liquid_water_content,7.866974552494182e-06,1.9026943828573445e-06,4.13464959132326
1,256,300,6,70,specific_cloud_liquid_water_content,1.220494393989779e-05,1.5165505909421657e-06,8.04783171283155
1,256,300,6,100,specific_cloud_liquid_water_content,1.0208219426387321e-05,1.5032028760004338e-06,6.7909791747793165
1,256,300,6,125,specific_cloud_liquid_water_content,6.480249206834104e-06,1.3879582471183588e-06,4.6689078870263
1,256,300,6,150,specific_cloud_liquid_water_content,5.516387604643519e-06,1.480373494315754e-06,3.7263485369232834
1,256,300,6,175,specific_cloud_liquid_water_content,2.896080564297565e-06,1.6357976890769738e-06,1.7704393297753875
1,256,300,6,200,specific_cloud_liquid_water_content,2.781501393213458e-06,1.8112852966820385e-06,1.5356506224108857
1,256,300,6,225,specific_cloud_liquid_water_content,2.442464309066782e-06,1.6772163907512642e-06,1.4562606963152473
1,256,300,6,250,specific_cloud_liquid_water_content,2.461829219302847e-06,1.7577519747550994e-06,1.4005555133259593
1,256,300,6,300,specific_cloud_liquid_water_content,3.3267058922666007e-06,2.2215981351880656e-06,1.4974381908116718
1,256,300,6,350,specific_cloud_liquid_water_content,3.827746016831212e-06,2.753910700547746e-06,1.389931059155216
1,256,300,6,400,specific_cloud_liquid_water_content,5.229826279559614e-06,3.771407205589865e-06,1.3867042179396922
1,256,300,6,450,specific_cloud_liquid_water_content,7.752788736323168e-06,5.561933571204527e-06,1.3939017136884242
1,256,300,6,500,specific_cloud_liquid_water_content,1.0558497707299285e-05,8.249067358806768e-06,1.2799626003813571
1,256,300,6,550,specific_cloud_liquid_water_content,1.3064443108231267e-05,1.1006397365588961e-05,1.1869863202537734
1,256,300,6,600,specific_cloud_liquid_water_content,1.4744508296344608e-05,9.540017729517219e-06,1.545543070714059
1,256,300,6,650,specific_cloud_liquid_water_content,1.5000916501397336e-05,9.543024885674254e-06,1.5719246969497407
1,256,300,6,700,specific_cloud_liquid_water_content,1.705016976720551e-05,1.0752393249598763e-05,1.585709280847011
1,256,300,6,750,specific_cloud_liquid_water_content,2.1030751811915417e-05,1.2409822064669506e-05,1.69468600777037
1,256,300,6,775,specific_cloud_liquid_water_content,2.5075803651146274e-05,1.307133403266907e-05,1.9183813670796368
1,256,300,6,800,specific_cloud_liquid_water_content,3.593993109365121e-05,1.4138016620359287e-05,2.5420772983033797
1,256,300,6,825,specific_cloud_liquid_water_content,5.90560331777877e-05,1.60658139419533e-05,3.6758818066212213
1,256,300,6,850,specific_cloud_liquid_water_content,0.00015583421841844784,1.7874178422521548e-05,8.718398951534242
1,256,300,6,875,specific_cloud_liquid_water_content,0.00023555811943099127,1.8107670967379836e-05,13.008747500180379
1,256,300,6,900,specific_cloud_liquid_water_content,9.61407730212917e-05,1.7254756612115812e-05,5.571841735152862
1,256,300,6,925,specific_cloud_liquid_water_content,3.158004700505182e-05,1.5449699350835324e-05,2.044055763670532
1,256,300,6,950,specific_cloud_liquid_water_content,2.2155135795596827e-05,1.305610728390447e-05,1.6969174129650122
1,256,300,6,975,specific_cloud_liquid_water_content,1.4543471857200463e-05,9.737965528549028e-06,1.4934815505931929
1,256,300,6,1000,specific_cloud_liquid_water_content,9.974057751415203e-06,7.395349420625011e-06,1.3486932373470266
1,256,400,6,1,geopotential,3176.3106879812794,30017.112690917347,0.10581666267130267
1,256,400,6,2,geopotential,2055.6347000120477,20502.3884876883,0.10026318159205978
1,256,400,6,3,geopotential,1749.131680039844,15455.170984071645,0.11317452791965409
1,256,400,6,5,geopotential,964.5740927841156,9454.636002500229,0.1020212827367483
1,256,400,6,7,geopotential,723.4459067274408,5951.390274193691,0.12155914389691996
1,256,400,6,10,geopotential,615.556789263607,2712.6580123551735,0.22692015965889142
1,256,400,6,20,geopotential,619.7357878974152,1383.490532900262,0.4479508700346798
1,256,400,6,30,geopotential,425.8789278350122,1782.3774993327822,0.23893868049525777
1,256,400,6,50,geopotential,391.3748282682601,48.71837840567823,8.033412463142339
1,256,400,6,70,geopotential,476.449787196257,44.25181490018717,10.766785232897686
1,256,400,6,100,geopotential,221.42062694330707,32.36684696735586,6.840969933420596
1,256,400,6,125,geopotential,199.77620794051458,27.250452833998416,7.331115161920109
1,256,400,6,150,geopotential,133.5996865074162,25.853203015822537,5.1676260935889164
1,256,400,6,175,geopotential,132.2469835948881,25.879460085026363,5.110113702542237
1,256,400,6,200,geopotential,126.13911306491762,26.94857391969595,4.680734254836621
1,256,400,6,225,geopotential,124.28665544093926,27.00899913723362,4.601675715913598
1,256,400,6,250,geopotential,121.53095869077578,27.853511372988223,4.36321859256259
1,256,400,6,300,geopotential,122.90378287721835,29.16670333614647,4.21383868655814
1,256,400,6,350,geopotential,127.33082941286146,29.207937994145585,4.359459727639231
1,256,400,6,400,geopotential,128.76752962530097,28.084448168897442,4.5850119201525406
1,256,400,6,450,geopotential,126.15019749077342,26.924804839753435,4.6852780639107
1,256,400,6,500,geopotential,120.57420508947357,25.5906557844183,4.711649678117631
1,256,400,6,550,geopotential,125.56501564763775,24.343130155875908,5.158129412430104
1,256,400,6,600,geopotential,122.87605855817193,23.777138524480296,5.167823639991923
1,256,400,6,650,geopotential,121.9715431167808,23.42100179145581,5.2077850556024075
1,256,400,6,700,geopotential,126.12581826122666,23.71434595430227,5.3185450909872065
1,256,400,6,750,geopotential,128.33156221283295,23.925957089770304,5.363696078335856
1,256,400,6,775,geopotential,127.17561367870131,24.122567562987896,5.272059590946336
1,256,400,6,800,geopotential,132.84314716512336,24.41477679319394,5.441096115290137
1,256,400,6,825,geopotential,139.79163555098995,24.82136838384357,5.631906887211805
1,256,400,6,850,geopotential,160.53355164839834,25.2001591806623,6.3703387941924605
1,256,400,6,875,geopotential,160.78714250286734,25.662939695315867,6.265343893249106
1,256,400,6,900,geopotential,141.15137428304894,26.37463086834615,5.351785774278023
1,256,400,6,925,geopotential,141.3259229950139,27.231975129279554,5.189705202215085
1,256,400,6,950,geopotential,139.55320792487925,28.138298628468174,4.959546764625278
1,256,400,6,975,geopotential,134.43164457913485,29.473191721908822,4.561149869601853
1,256,400,6,1000,geopotential,130.31132734744756,31.291805198544278,4.1643914922974705
1,256,400,6,1,temperature,6.88894055436079,8.585644145124043,0.8023789989331384
1,256,400,6,2,temperature,11.727414508850224,6.857750280841892,1.7100964643773098
1,256,400,6,3,temperature,11.523725816168124,5.595503425158137,2.059461846516955
1,256,400,6,5,temperature,7.975146271378154,4.228495628067508,1.8860481298458684
1,256,400,6,7,temperature,6.718899718891386,3.497812416957201,1.9208862334408021
1,256,400,6,10,temperature,5.453241602830171,2.581661702999672,2.1122990655568725
1,256,400,6,20,temperature,2.781996596488526,2.3380640474223027,1.1898718512675714
1,256,400,6,30,temperature,3.2941254951176195,2.0263439145660045,1.6256497583842495
1,256,400,6,50,temperature,0.9527949049766704,0.5925003334836259,1.6080917615264119
1,256,400,6,70,temperature,3.335472944542664,0.5706100911703732,5.8454503279135945
1,256,400,6,100,temperature,6.3279012924764855,0.45749890306441693,13.831511398368319
1,256,400,6,125,temperature,4.144606283256152,0.36691240447176915,11.295901236217391
1,256,400,6,150,temperature,0.9758781139511862,0.327471433827833,2.9800404345016878
1,256,400,6,175,temperature,0.6370669759490436,0.30621465563802763,2.0804588030630127
1,256,400,6,200,temperature,0.8314612410479483,0.31506225114522685,2.6390379616271105
1,256,400,6,225,temperature,0.8021626208227451,0.32288913260873686,2.4843283338209194
1,256,400,6,250,temperature,0.888441403933467,0.31689929214080653,2.8035449304150215
1,256,400,6,300,temperature,1.2726865772937153,0.31351115945525054,4.059461805139903
1,256,400,6,350,temperature,1.278833105418288,0.3036021504230704,4.212200419648644
1,256,400,6,400,temperature,0.7074517622289376,0.30196674989182404,2.3428134471175177
1,256,400,6,450,temperature,0.5083293019520708,0.30076424636283866,1.6901254324585775
1,256,400,6,500,temperature,0.716993663578047,0.30229639005800685,2.3718234393750617
1,256,400,6,550,temperature,1.1380484110486262,0.31002479252728576,3.670830328669488
1,256,400,6,600,temperature,1.1252860871502792,0.3179765382408303,3.5388965908484913
1,256,400,6,650,temperature,1.8105988830210855,0.33060825539124505,5.476568880224739
1,256,400,6,700,temperature,1.2291020321055952,0.34310377892444033,3.5823039779934134
1,256,400,6,750,temperature,1.663359861593742,0.36546232228631653,4.551385355370793
1,256,400,6,775,temperature,0.9609168930914372,0.3751180538068075,2.561638618402319
1,256,400,6,800,temperature,1.3654293907101223,0.39138594820423345,3.4887031508796333
1,256,400,6,825,temperature,1.855814772297686,0.4166086232846167,4.454575994289584
1,256,400,6,850,temperature,3.6055229833562867,0.4357134643717728,8.2749863802232
1,256,400,6,875,temperature,4.104872028208893,0.4444190285900196,9.236490258376568
1,256,400,6,900,temperature,1.758383855358594,0.44668719440069277,3.936499361074737
1,256,400,6,925,temperature,1.1273985076291864,0.4469750334402169,2.522285191080983
1,256,400,6,950,temperature,1.1593528181720782,0.4578317390549868,2.532268340690196
1,256,400,6,975,temperature,1.2158096188801208,0.4764615387155689,2.5517476650007573
1,256,400,6,1000,temperature,1.1937414242257092,0.49038267063452684,2.434305891521568
1,256,400,6,1,u_component_of_wind,28.41324945945934,27.204844325386265,1.0444187483530443
1,256,400,6,2,u_component_of_wind,20.25546638237744,22.446676899018403,0.9023815183646722
1,256,400,6,3,u_component_of_wind,16.63899546662967,17.96488830999068,0.9261953194207363
1,256,400,6,5,u_component_of_wind,18.573868925454267,12.295344974765397,1.510642358028565
1,256,400,6,7,u_component_of_wind,13.914972341710353,9.294833048770784,1.497065333900814
1,256,400,6,10,u_component_of_wind,10.357489460746127,7.639593738633105,1.3557644313425643
1,256,400,6,20,u_component_of_wind,9.527410041101268,5.407237474167488,1.7619736670744486
1,256,400,6,30,u_component_of_wind,7.58346474148739,4.887009149787574,1.5517598819754663
1,256,400,6,50,u_component_of_wind,7.255216681368878,1.0080882920647531,7.197005201309142
1,256,400,6,70,u_component_of_wind,2.7349876747023676,0.9873005182055209,2.7701673647182674
1,256,400,6,100,u_component_of_wind,5.28899219185982,0.9996051790556035,5.291081221544589
1,256,400,6,125,u_component_of_wind,7.088770906017355,0.9860765232044753,7.188864899633565
1,256,400,6,150,u_component_of_wind,2.726969235284747,1.008586578339923,2.7037532462242218
1,256,400,6,175,u_component_of_wind,3.9348572481454447,1.0400778167887839,3.7832335087140163
1,256,400,6,200,u_component_of_wind,10.702127810345903,1.0819338724505698,9.891665362232986
1,256,400,6,225,u_component_of_wind,3.3774668549895375,1.1608111637816696,2.9095747528706455
1,256,400,6,250,u_component_of_wind,4.915854515348421,1.2270676950135933,4.006180372382768
1,256,400,6,300,u_component_of_wind,9.519648132705521,1.2830383898066335,7.419612856744081
1,256,400,6,350,u_component_of_wind,8.44730091236086,1.2326156977467604,6.853150521936926
1,256,400,6,400,u_component_of_wind,4.367496065329396,1.156851315813363,3.775330507584444
1,256,400,6,450,u_component_of_wind,2.3197979569994867,1.0782033970540394,2.1515402041375857
1,256,400,6,500,u_component_of_wind,1.7020663949187955,1.0116793591201603,1.6824168444032037
1,256,400,6,550,u_component_of_wind,2.531226955874162,0.9726858959108473,2.6023066300389375
1,256,400,6,600,u_component_of_wind,2.464048484034163,0.9395080895405804,2.6227006573611122
1,256,400,6,650,u_component_of_wind,3.8953239249790315,0.9249772579484165,4.2112645381344755
1,256,400,6,700,u_component_of_wind,3.47689079472475,0.9065132547455201,3.835454999166886
1,256,400,6,750,u_component_of_wind,1.999821289346555,0.891739235815678,2.242607714257755
1,256,400,6,775,u_component_of_wind,1.8579519252222252,0.8804262263120204,2.110286892525817
1,256,400,6,800,u_component_of_wind,2.803019573422028,0.8758255989947605,3.2004312007313187
1,256,400,6,825,u_component_of_wind,2.241540445612436,0.871877105839213,2.5709362369996778
1,256,400,6,850,u_component_of_wind,2.8116287727616585,0.8621702091975713,3.2611063833653726
1,256,400,6,875,u_component_of_wind,4.14938654355437,0.8469161548081213,4.899406535106727
1,256,400,6,900,u_component_of_wind,3.9359301263480693,0.8358403242679547,4.708949798270661
1,256,400,6,925,u_component_of_wind,2.176860168118877,0.8269162330630735,2.6325038511522796
1,256,400,6,950,u_component_of_wind,2.8099083602333583,0.8123438089459414,3.459013695050328
1,256,400,6,975,u_component_of_wind,2.358238858689383,0.772936429394987,3.0510126952293937
1,256,400,6,1000,u_component_of_wind,2.338140400330181,0.706530603585151,3.309326430399117
1,256,400,6,1,v_component_of_wind,12.86419430805253,10.217615421462448,1.2590211881561773
1,256,400,6,2,v_component_of_wind,9.465184850209212,8.013975230005627,1.181084864696115
1,256,400,6,3,v_component_of_wind,8.07782437963064,6.99604354491347,1.1546275159341577
1,256,400,6,5,v_component_of_wind,6.3715207135573895,5.856882113139169,1.0878690385902927
1,256,400,6,7,v_component_of_wind,5.353075418784433,5.04879805780746,1.060267286885527
1,256,400,6,10,v_component_of_wind,4.966560841346224,4.212054649797571,1.1791301999334018
1,256,400,6,20,v_component_of_wind,5.467734092428569,3.132682837034625,1.745383869630507
1,256,400,6,30,v_component_of_wind,4.105217779697304,2.934383552770658,1.399005176341429
1,256,400,6,50,v_component_of_wind,5.080954825226175,1.0162184764490427,4.999864638340842
1,256,400,6,70,v_component_of_wind,13.65329795343215,1.0146993114070182,13.455511204102425
1,256,400,6,100,v_component_of_wind,4.105578546253942,1.0124299104952352,4.055173107485216
1,256,400,6,125,v_component_of_wind,3.0826742161618963,0.9845476252423212,3.131056474188514
1,256,400,6,150,v_component_of_wind,5.602727233113439,0.990590970267721,5.655944180067807
1,256,400,6,175,v_component_of_wind,4.56402022646876,1.0026061549574068,4.552156600976234
1,256,400,6,200,v_component_of_wind,1.9438707055945412,1.0506483400486595,1.8501630198211831
1,256,400,6,225,v_component_of_wind,2.96997959739586,1.1539458111821337,2.573760022884724
1,256,400,6,250,v_component_of_wind,9.469804150942487,1.2472675204999661,7.592440270669859
1,256,400,6,300,v_component_of_wind,12.46858341524926,1.347740651303455,9.251470899234494
1,256,400,6,350,v_component_of_wind,4.722322696346772,1.3290593707296534,3.5531314855815794
1,256,400,6,400,v_component_of_wind,4.379067781750241,1.2521074225075,3.497357896801391
1,256,400,6,450,v_component_of_wind,2.9542152950595537,1.1675815532403064,2.5302003845991994
1,256,400,6,500,v_component_of_wind,1.685429027086486,1.093600898328093,1.5411737770727743
1,256,400,6,550,v_component_of_wind,1.8704230196959795,1.0396268502141275,1.7991291965100136
1,256,400,6,600,v_component_of_wind,2.4583817201064138,0.9974577749310111,2.464647408534609
1,256,400,6,650,v_component_of_wind,7.7925388888574325,0.9792344605076282,7.95778662121208
1,256,400,6,700,v_component_of_wind,1.7843535597227327,0.9604954173243057,1.8577429184342023
1,256,400,6,750,v_component_of_wind,3.093047520747275,0.9424057204498179,3.282076343160288
1,256,400,6,775,v_component_of_wind,4.082421803042142,0.9308451007215435,4.385715517949934
1,256,400,6,800,v_component_of_wind,5.875931155681002,0.9278565426619727,6.332801338904458
1,256,400,6,825,v_component_of_wind,2.647377820232225,0.924852716790928,2.8624858554972388
1,256,400,6,850,v_component_of_wind,2.296701957052698,0.9187872484327434,2.49971030940012
1,256,400,6,875,v_component_of_wind,2.800618316301918,0.905953755531246,3.091347984599558
1,256,400,6,900,v_component_of_wind,3.8624593216318917,0.8963129279150315,4.309275478840404
1,256,400,6,925,v_component_of_wind,3.1905041452540464,0.891872274973568,3.577310602405038
1,256,400,6,950,v_component_of_wind,3.6342972781294502,0.8758473474280674,4.149464274569755
1,256,400,6,975,v_component_of_wind,6.3971841986681275,0.8252007431177929,7.752276342478965
1,256,400,6,1000,v_component_of_wind,7.036816161688836,0.7474144380338668,9.414878551449636
1,256,400,6,1,specific_humidity,4.2744424727476957e-07,9.093771566984339e-07,0.4700406691835541
1,256,400,6,2,specific_humidity,2.643065808516469e-07,7.335056784697729e-07,0.36033338065362874
1,256,400,6,3,specific_humidity,1.644288538028775e-07,5.95589768955808e-07,0.27607736461147625
1,256,400,6,5,specific_humidity,2.0137981284107844e-07,4.224884578703961e-07,0.47665163175381786
1,256,400,6,7,specific_humidity,2.708158260680418e-07,3.348673087158939e-07,0.8087257818821776
1,256,400,6,10,specific_humidity,3.5048422041904955e-07,2.470444360450041e-07,1.4187092250691362
1,256,400,6,20,specific_humidity,3.3170852753856404e-07,1.196116131921905e-07,2.7732133919603505
1,256,400,6,30,specific_humidity,1.309258914079396e-07,1.0382307119485337e-07,1.2610481456690885
1,256,400,6,50,specific_humidity,3.388953272862052e-07,1.2568902329994858e-08,26.96300109496864
1,256,400,6,70,specific_humidity,3.4768891835704694e-07,2.414820950784697e-08,14.398124144320732
1,256,400,6,100,specific_humidity,5.218685107376713e-07,8.178295415058188e-08,6.381140375252124
1,256,400,6,125,specific_humidity,1.0297439537999275e-06,2.1831824920281115e-07,4.716710387519305
1,256,400,6,150,specific_humidity,3.6474467216647353e-06,5.992997945378687e-07,6.086180497487655
1,256,400,6,175,specific_humidity,4.71833280304816e-06,1.5910159323679622e-06,2.9656100275662904
1,256,400,6,200,specific_humidity,1.3498424641519385e-05,3.764010817253872e-06,3.5861811500763694
1,256,400,6,225,specific_humidity,4.629841777053675e-05,7.610957609189218e-06,6.083126479989532
1,256,400,6,250,specific_humidity,5.985046260088941e-05,1.317197315186294e-05,4.543773503852354
1,256,400,6,300,specific_humidity,0.00016311065534340473,2.9177964649465544e-05,5.590199909519475
1,256,400,6,350,specific_humidity,0.00022933595630133489,5.435803037432676e-05,4.218989443179862
1,256,400,6,400,specific_humidity,0.0005201232029286419,8.676819061223045e-05,5.994399551940498
1,256,400,6,450,specific_humidity,0.00042553960897651093,0.00012779900835098047,3.329756736514194
1,256,400,6,500,specific_humidity,0.0006904109179251229,0.00016685150995882826,4.137876355422174
1,256,400,6,550,specific_humidity,0.0011647263261789502,0.00021487303231659992,5.420532831047918
1,256,400,6,600,specific_humidity,0.001401417406476735,0.00025206401385736966,5.559767874162817
1,256,400,6,650,specific_humidity,0.00135517575151152,0.0002942486987821947,4.605545435273555
1,256,400,6,700,specific_humidity,0.0008901282187645855,0.0003363237500858548,2.6466409777405215
1,256,400,6,750,specific_humidity,0.0017112632471223057,0.00037860520076298974,4.519914791644851
1,256,400,6,775,specific_humidity,0.0021974967913557823,0.00039260193803214373,5.5972642477782815
1,256,400,6,800,specific_humidity,0.002832333912882095,0.00040466835784564294,6.9991484581615415
1,256,400,6,825,specific_humidity,0.0017626949016531412,0.000413348603569168,4.2644268939889605
1,256,400,6,850,specific_humidity,0.001922424954430189,0.0004130505235106746,4.654212608401421
1,256,400,6,875,specific_humidity,0.003459547084133321,0.00039473209948691704,8.764291246215166
1,256,400,6,900,specific_humidity,0.002375250601855311,0.00036987817005644063,6.421710698668336
1,256,400,6,925,specific_humidity,0.001089111784666266,0.00034080341872750274,3.195718484083314
1,256,400,6,950,specific_humidity,0.0007941563911324927,0.000303403494668488,2.617492563822387
1,256,400,6,975,specific_humidity,0.0007332268408270405,0.0002819638950214839,2.60042811783109
1,256,400,6,1000,specific_humidity,0.0007168626896652048,0.000275698375966985,2.600170157516813
1,256,400,6,1,specific_cloud_ice_water_content,1.6830071862823286e-06,1.4206039464794252e-06,1.1847124530754665
1,256,400,6,2,specific_cloud_ice_water_content,1.67848438395618e-06,1.4056207277356892e-06,1.194123244511374
1,256,400,6,3,specific_cloud_ice_water_content,1.682245765102997e-06,1.4049656067194154e-06,1.1973572570441982
1,256,400,6,5,specific_cloud_ice_water_content,1.6828923341591178e-06,1.3990578523496726e-06,1.2028754431653803
1,256,400,6,7,specific_cloud_ice_water_content,1.6835340473236881e-06,1.4027574858603023e-06,1.2001604441919533
1,256,400,6,10,specific_cloud_ice_water_content,1.681508803461546e-06,1.4106221265270812e-06,1.1920334807177464
1,256,400,6,20,specific_cloud_ice_water_content,1.4542275632070546e-06,1.1857876167668038e-06,1.2263811349052416
1,256,400,6,30,specific_cloud_ice_water_content,1.3203037981502377e-06,1.01028739149733e-06,1.3068596215908796
1,256,400,6,50,specific_cloud_ice_water_content,1.4567286150358313e-06,7.708389414940023e-07,1.8897963460596205
1,256,400,6,70,specific_cloud_ice_water_content,1.5075325842240629e-06,6.990539799351904e-07,2.156532438830871
1,256,400,6,100,specific_cloud_ice_water_content,1.791984230908062e-06,9.788538346792786e-07,1.8306964404907353
1,256,400,6,125,specific_cloud_ice_water_content,2.8749892943387195e-06,2.300681746129077e-06,1.2496249423354278
1,256,400,6,150,specific_cloud_ice_water_content,4.300029827755187e-06,3.7490564957738998e-06,1.146963197967907
1,256,400,6,175,specific_cloud_ice_water_content,5.796274775193447e-06,4.960764079174599e-06,1.1684237917151394
1,256,400,6,200,specific_cloud_ice_water_content,6.995756870019103e-06,6.1763666793779366e-06,1.1326654055979222
1,256,400,6,225,specific_cloud_ice_water_content,8.382406414703859e-06,7.1781582016565255e-06,1.1677656272286427
1,256,400,6,250,specific_cloud_ice_water_content,9.57997109377976e-06,7.50072130594897e-06,1.2772066449371604
1,256,400,6,300,specific_cloud_ice_water_content,1.0118582847238382e-05,7.689260186203563e-06,1.315937112570807
1,256,400,6,350,specific_cloud_ice_water_content,9.933512704831728e-06,7.394346892745032e-06,1.343392844414427
1,256,400,6,400,specific_cloud_ice_water_content,9.173700877290724e-06,6.521993740155893e-06,1.4065792214439397
1,256,400,6,450,specific_cloud_ice_water_content,7.908235917967429e-06,5.656019550027895e-06,1.3981981229057856
1,256,400,6,500,specific_cloud_ice_water_content,6.4735106753312e-06,4.817655002351666e-06,1.343705739030971
1,256,400,6,550,specific_cloud_ice_water_content,5.475828725836871e-06,3.980803809296654e-06,1.375558552533732
1,256,400,6,600,specific_cloud_ice_water_content,4.544582588615777e-06,3.3726014668895825e-06,1.3475006262175018
1,256,400,6,650,specific_cloud_ice_water_content,3.8354688256760685e-06,2.8844669380874784e-06,1.3296976210859757
1,256,400,6,700,specific_cloud_ice_water_content,3.4057247060705446e-06,2.5674993548664024e-06,1.3264753892207923
1,256,400,6,750,specific_cloud_ice_water_content,3.0843439103399792e-06,2.2538395465582705e-06,1.3684842450519301
1,256,400,6,775,specific_cloud_ice_water_content,2.6980710275793215e-06,2.1856198644839124e-06,1.2344649092107394
1,256,400,6,800,specific_cloud_ice_water_content,2.8565021564780047e-06,2.159897297531843e-06,1.3225175843972699
1,256,400,6,825,specific_cloud_ice_water_content,2.725849959455528e-06,2.114584282775733e-06,1.2890713232188644
1,256,400,6,850,specific_cloud_ice_water_content,2.463346957672648e-06,1.994722956575078e-06,1.234931873397694
1,256,400,6,875,specific_cloud_ice_water_content,2.371286612808405e-06,1.7715402042323753e-06,1.3385451863543258
1,256,400,6,900,specific_cloud_ice_water_content,2.147596353554074e-06,1.560506010189548e-06,1.376217931575422
1,256,400,6,925,specific_cloud_ice_water_content,2.193660102925245e-06,1.393651179751738e-06,1.5740381343601482
1,256,400,6,950,specific_cloud_ice_water_content,2.0798198380947298e-06,1.2220703361723148e-06,1.701882270221041
1,256,400,6,975,specific_cloud_ice_water_content,1.391888332058972e-06,1.0380023373445382e-06,1.3409298630480544
1,256,400,6,1000,specific_cloud_ice_water_content,1.3526309036475765e-06,9.404953549931882e-07,1.4382111474196206
1,256,400,6,1,specific_cloud_liquid_water_content,4.753197135881448e-06,2.607430654687599e-06,1.8229428757141526
1,256,400,6,2,specific_cloud_liquid_water_content,4.723546859918366e-06,2.6116698308202425e-06,1.8086309395528952
1,256,400,6,3,specific_cloud_liquid_water_content,4.719006810751691e-06,2.5949910173011508e-06,1.818506029226862
1,256,400,6,5,specific_cloud_liquid_water_content,4.7176829480480235e-06,2.6077422040062975e-06,1.8091063375820682
1,256,400,6,7,specific_cloud_liquid_water_content,4.724469673150998e-06,2.625027431847605e-06,1.7997791626222042
1,256,400,6,10,specific_cloud_liquid_water_content,4.723935682661801e-06,2.5969440454393827e-06,1.819036375064657
1,256,400,6,20,specific_cloud_liquid_water_content,4.364784771324875e-06,2.2785213747666373e-06,1.9156216042835719
1,256,400,6,30,specific_cloud_liquid_water_content,4.196433222188217e-06,1.9447560652356706e-06,2.157819840340584
1,256,400,6,50,specific_cloud_liquid_water_content,4.626731203747474e-06,1.9026943828573445e-06,2.4316733393617036
1,256,400,6,70,specific_cloud_liquid_water_content,6.813975239152397e-06,1.5165505909421657e-06,4.493074797405325
1,256,400,6,100,specific_cloud_liquid_water_content,6.674130547499438e-06,1.5032028760004338e-06,4.4399399801956685
1,256,400,6,125,specific_cloud_liquid_water_content,3.869829883157154e-06,1.3879582471183588e-06,2.7881457465969093
1,256,400,6,150,specific_cloud_liquid_water_content,3.6315047852748895e-06,1.480373494315754e-06,2.4531003825851485
1,256,400,6,175,specific_cloud_liquid_water_content,2.7387365368271778e-06,1.6357976890769738e-06,1.6742513790764406
1,256,400,6,200,specific_cloud_liquid_water_content,2.7713525013559302e-06,1.8112852966820385e-06,1.5300474786785765
1,256,400,6,225,specific_cloud_liquid_water_content,2.2593511044880278e-06,1.6772163907512642e-06,1.3470838449629101
1,256,400,6,250,specific_cloud_liquid_water_content,2.4896267570609362e-06,1.7577519747550994e-06,1.4163697682136331
1,256,400,6,300,specific_cloud_liquid_water_content,3.2219899053103244e-06,2.2215981351880656e-06,1.450302759206076
1,256,400,6,350,specific_cloud_liquid_water_content,3.6470538930987693e-06,2.753910700547746e-06,1.324318138701222
1,256,400,6,400,specific_cloud_liquid_water_content,5.329011706856294e-06,3.771407205589865e-06,1.4130035332588309
1,256,400,6,450,specific_cloud_liquid_water_content,7.424719028994266e-06,5.561933571204527e-06,1.334916883479844
1,256,400,6,500,specific_cloud_liquid_water_content,1.0348885896392389e-05,8.249067358806768e-06,1.2545522355741026
1,256,400,6,550,specific_cloud_liquid_water_content,1.2649311771691773e-05,1.1006397365588961e-05,1.1492690434055484
1,256,400,6,600,specific_cloud_liquid_water_content,1.3495552816871375e-05,9.540017729517219e-06,1.4146255488724684
1,256,400,6,650,specific_cloud_liquid_water_content,1.4452235668107357e-05,9.543024885674254e-06,1.5144292130897286
1,256,400,6,700,specific_cloud_liquid_water_content,1.6089419924853057e-05,1.0752393249598763e-05,1.4963570947754772
1,256,400,6,750,specific_cloud_liquid_water_content,2.0269003550469416e-05,1.2409822064669506e-05,1.6333033177143472
1,256,400,6,775,specific_cloud_liquid_water_content,2.3821774645529337e-05,1.307133403266907e-05,1.822444027976929
1,256,400,6,800,specific_cloud_liquid_water_content,3.426251354530328e-05,1.4138016620359287e-05,2.4234314094640363
1,256,400,6,825,specific_cloud_liquid_water_content,5.596352609300414e-05,1.60658139419533e-05,3.483391896308743
1,256,400,6,850,specific_cloud_liquid_water_content,0.00015320705967315556,1.7874178422521548e-05,8.57141828013275
1,256,400,6,875,specific_cloud_liquid_water_content,0.0002302692763523577,1.8107670967379836e-05,12.716670010581568
1,256,400,6,900,specific_cloud_liquid_water_content,7.961184709968038e-05,1.7254756612115812e-05,4.613907277241983
1,256,400,6,925,specific_cloud_liquid_water_content,3.741705161038984e-05,1.5449699350835324e-05,2.4218627664341446
1,256,400,6,950,specific_cloud_liquid_water_content,3.065112683523538e-05,1.305610728390447e-05,2.347646673600943
1,256,400,6,975,specific_cloud_liquid_water_content,1.6929870018715044e-05,9.737965528549028e-06,1.7385428166778096
1,256,400,6,1000,specific_cloud_liquid_water_content,1.21272510596799e-05,7.395349420625011e-06,1.639848284363415
1,256,500,6,1,geopotential,2924.044083771801,30017.112690917347,0.09741256975247209
1,256,500,6,2,geopotential,1967.594578819362,20502.3884876883,0.09596904185094844
1,256,500,6,3,geopotential,1334.3399134809513,15455.170984071645,0.0863361469670018
1,256,500,6,5,geopotential,1069.9527335851465,9454.636002500229,0.11316699376921577
1,256,500,6,7,geopotential,855.7228734270119,5951.390274193691,0.1437853735013114
1,256,500,6,10,geopotential,693.5118893535613,2712.6580123551735,0.25565769300621977
1,256,500,6,20,geopotential,470.24713541486244,1383.490532900262,0.33989906272005066
1,256,500,6,30,geopotential,326.3676116843339,1782.3774993327822,0.18310801825455428
1,256,500,6,50,geopotential,386.080537960765,48.71837840567823,7.924741146880343
1,256,500,6,70,geopotential,428.9433896582064,44.25181490018717,9.693238359278958
1,256,500,6,100,geopotential,235.5099370636406,32.36684696735586,7.276270601865179
1,256,500,6,125,geopotential,188.50312221756226,27.250452833998416,6.917430817236937
1,256,500,6,150,geopotential,147.4646597313889,25.853203015822537,5.703922242870193
1,256,500,6,175,geopotential,147.0240493460476,25.879460085026363,5.681109608276352
1,256,500,6,200,geopotential,150.90914475296438,26.94857391969595,5.599893530643162
1,256,500,6,225,geopotential,144.70225872239953,27.00899913723362,5.357557234429997
1,256,500,6,250,geopotential,142.5794962318028,27.853511372988223,5.118905631771567
1,256,500,6,300,geopotential,143.2141976152949,29.16670333614647,4.910194887805805
1,256,500,6,350,geopotential,146.40489626801275,29.207937994145585,5.0125036658650135
1,256,500,6,400,geopotential,146.4892604527161,28.084448168897442,5.216027730783328
1,256,500,6,450,geopotential,145.52790207795553,26.924804839753435,5.404975187158616
1,256,500,6,500,geopotential,139.92017791428265,25.5906557844183,5.4676276799236065
1,256,500,6,550,geopotential,147.32450635082535,24.343130155875908,6.05199517923394
1,256,500,6,600,geopotential,143.09629075581606,23.777138524480296,6.01823009982837
1,256,500,6,650,geopotential,140.26001154014403,23.42100179145581,5.988642705766417
1,256,500,6,700,geopotential,153.287915796292,23.71434595430227,6.463931836521193
1,256,500,6,750,geopotential,149.4868207388517,23.925957089770304,6.247893038425858
1,256,500,6,775,geopotential,148.04273179366896,24.122567562987896,6.137105074205125
1,256,500,6,800,geopotential,155.16372622881624,24.41477679319394,6.355320285871748
1,256,500,6,825,geopotential,159.58665293519167,24.82136838384357,6.42940592425468
1,256,500,6,850,geopotential,178.7434691474786,25.2001591806623,7.092950003452357
1,256,500,6,875,geopotential,176.40848097104745,25.662939695315867,6.8740558589726355
1,256,500,6,900,geopotential,153.4044986145178,26.37463086834615,5.816365710681023
1,256,500,6,925,geopotential,149.87113215160608,27.231975129279554,5.503498421987985
1,256,500,6,950,geopotential,149.16887453970057,28.138298628468174,5.301275550071209
1,256,500,6,975,geopotential,143.10285726892076,29.473191721908822,4.855356644748645
1,256,500,6,1000,geopotential,144.03618050290848,31.291805198544278,4.603000037518103
1,256,500,6,1,temperature,6.904334107720538,8.585644145124043,0.8041719399285429
1,256,500,6,2,temperature,11.260398821950663,6.857750280841892,1.641996042551768
1,256,500,6,3,temperature,10.558857942655468,5.595503425158137,1.8870255525501818
1,256,500,6,5,temperature,7.487966693108569,4.228495628067508,1.770834677800221
1,256,500,6,7,temperature,6.562286504787856,3.497812416957201,1.8761116156413233
1,256,500,6,10,temperature,5.228242188806364,2.581661702999672,2.025146123030601
1,256,500,6,20,temperature,3.0861580587948145,2.3380640474223027,1.3199630105074664
1,256,500,6,30,temperature,3.7573820298415557,2.0263439145660045,1.854266693246047
1,256,500,6,50,temperature,1.0198649804583162,0.5925003334836259,1.7212901374451308
1,256,500,6,70,temperature,2.8430425655360825,0.5706100911703732,4.982461070228785
1,256,500,6,100,temperature,5.048188570480209,0.45749890306441693,11.034318414025602
1,256,500,6,125,temperature,4.8240333869102345,0.36691240447176915,13.147643219790362
1,256,500,6,150,temperature,1.0731477947052852,0.327471433827833,3.2770730019446184
1,256,500,6,175,temperature,0.5875031762252545,0.30621465563802763,1.9185991441237038
1,256,500,6,200,temperature,0.6957931019470782,0.31506225114522685,2.208430554336244
1,256,500,6,225,temperature,0.684419655376501,0.32288913260873686,2.1196738640499593
1,256,500,6,250,temperature,0.9491611339363021,0.31689929214080653,2.995150691326143
1,256,500,6,300,temperature,1.2150003637446654,0.31351115945525054,3.8754612941236948
1,256,500,6,350,temperature,1.2287852786254065,0.3036021504230704,4.047353672933775
1,256,500,6,400,temperature,0.5778209598694762,0.30196674989182404,1.9135251151872636
1,256,500,6,450,temperature,0.5302619309579877,0.30076424636283866,1.7630484253712975
1,256,500,6,500,temperature,0.6718728523577909,0.30229639005800685,2.222563267225477
1,256,500,6,550,temperature,1.1952252398687397,0.31002479252728576,3.85525696227519
1,256,500,6,600,temperature,1.173704877906396,0.3179765382408303,3.6911681736010693
1,256,500,6,650,temperature,2.054757751008952,0.33060825539124505,6.21508300988229
1,256,500,6,700,temperature,1.154169395230266,0.34310377892444033,3.363907558373007
1,256,500,6,750,temperature,1.585976077622543,0.36546232228631653,4.339643188662363
1,256,500,6,775,temperature,0.8326620190726136,0.3751180538068075,2.2197332562976277
1,256,500,6,800,temperature,1.2701085114802224,0.39138594820423345,3.245156136309352
1,256,500,6,825,temperature,1.6351913570694967,0.4166086232846167,3.9250060264652142
1,256,500,6,850,temperature,3.8199733815939014,0.4357134643717728,8.767168549867229
1,256,500,6,875,temperature,3.8833634126092034,0.4444190285900196,8.738067370629262
1,256,500,6,900,temperature,1.5407955835214235,0.44668719440069277,3.4493838257187206
1,256,500,6,925,temperature,1.4909960144459715,0.4469750334402169,3.3357478671018277
1,256,500,6,950,temperature,1.2328413565813008,0.4578317390549868,2.692782634786343
1,256,500,6,975,temperature,1.419726805411931,0.4764615387155689,2.979730135698233
1,256,500,6,1000,temperature,1.4708854707318992,0.49038267063452684,2.9994646198012225
1,256,500,6,1,u_component_of_wind,28.427197572227843,27.204844325386265,1.0449314553033828
1,256,500,6,2,u_component_of_wind,19.93086881715627,22.446676899018403,0.8879206889652272
1,256,500,6,3,u_component_of_wind,16.057504936615164,17.96488830999068,0.8938271510257719
1,256,500,6,5,u_component_of_wind,15.976991069933307,12.295344974765397,1.29943414379377
1,256,500,6,7,u_component_of_wind,12.167144426695163,9.294833048770784,1.3090223743506868
1,256,500,6,10,u_component_of_wind,10.473631225650093,7.639593738633105,1.3709670414390467
1,256,500,6,20,u_component_of_wind,9.522264736320967,5.407237474167488,1.7610221082045299
1,256,500,6,30,u_component_of_wind,7.3307824053865875,4.887009149787574,1.5000549785557977
1,256,500,6,50,u_component_of_wind,8.727114823331386,1.0080882920647531,8.657093720884928
1,256,500,6,70,u_component_of_wind,2.959270506853104,0.9873005182055209,2.997335109508257
1,256,500,6,100,u_component_of_wind,4.221257263223957,0.9996051790556035,4.222924562287754
1,256,500,6,125,u_component_of_wind,5.960152779630629,0.9860765232044753,6.044310597986641
1,256,500,6,150,u_component_of_wind,4.174981683133613,1.008586578339923,4.1394380738294165
1,256,500,6,175,u_component_of_wind,3.2798940192458983,1.0400778167887839,3.1535082916896497
1,256,500,6,200,u_component_of_wind,10.397409303713044,1.0819338724505698,9.610022912179478
1,256,500,6,225,u_component_of_wind,5.503161887643269,1.1608111637816696,4.740789940127012
1,256,500,6,250,u_component_of_wind,4.096923334386565,1.2270676950135933,3.33879161763865
1,256,500,6,300,u_component_of_wind,10.440934311224993,1.2830383898066335,8.137663217387084
1,256,500,6,350,u_component_of_wind,9.386676604748386,1.2326156977467604,7.615249928998446
1,256,500,6,400,u_component_of_wind,4.265102753769653,1.156851315813363,3.686820160437756
1,256,500,6,450,u_component_of_wind,2.4658916764456724,1.0782033970540394,2.287037569333574
1,256,500,6,500,u_component_of_wind,1.7448035596845326,1.0116793591201603,1.7246606288399098
1,256,500,6,550,u_component_of_wind,2.761453690718704,0.9726858959108473,2.838998388203018
1,256,500,6,600,u_component_of_wind,2.182581641828703,0.9395080895405804,2.3231110685763077
1,256,500,6,650,u_component_of_wind,4.451616142079505,0.9249772579484165,4.812676315905445
1,256,500,6,700,u_component_of_wind,3.2694150094467562,0.9065132547455201,3.60658268627805
1,256,500,6,750,u_component_of_wind,1.9293469103790533,0.891739235815678,2.1635774595185
1,256,500,6,775,u_component_of_wind,2.091088758663887,0.8804262263120204,2.3750868569910266
1,256,500,6,800,u_component_of_wind,2.9872142439766214,0.8758255989947605,3.410740959621679
1,256,500,6,825,u_component_of_wind,2.2786115365234867,0.871877105839213,2.613454948252416
1,256,500,6,850,u_component_of_wind,2.642475976000268,0.8621702091975713,3.0649121806929998
1,256,500,6,875,u_component_of_wind,4.032622303003925,0.8469161548081213,4.761536641035691
1,256,500,6,900,u_component_of_wind,3.3136819859269617,0.8358403242679547,3.964491649561355
1,256,500,6,925,u_component_of_wind,2.3856298740677206,0.8269162330630735,2.8849716315651954
1,256,500,6,950,u_component_of_wind,2.6878118403687137,0.8123438089459414,3.3087121619801474
1,256,500,6,975,u_component_of_wind,2.3186247527283634,0.772936429394987,2.999761254031277
1,256,500,6,1000,u_component_of_wind,2.7450993204094964,0.706530603585151,3.8853225981720088
1,256,500,6,1,v_component_of_wind,12.819078784394193,10.217615421462448,1.2546057231188485
1,256,500,6,2,v_component_of_wind,9.413981104874773,8.013975230005627,1.174695558033084
1,256,500,6,3,v_component_of_wind,8.264626616487627,6.99604354491347,1.1813286414571404
1,256,500,6,5,v_component_of_wind,6.574694295184649,5.856882113139169,1.1225587553546894
1,256,500,6,7,v_component_of_wind,5.833041012171271,5.04879805780746,1.1553326049852712
1,256,500,6,10,v_component_of_wind,5.565030247555663,4.212054649797571,1.3212151100231133
1,256,500,6,20,v_component_of_wind,5.896536359566872,3.132682837034625,1.8822640740575225
1,256,500,6,30,v_component_of_wind,4.579176073498844,2.934383552770658,1.5605240389161688
1,256,500,6,50,v_component_of_wind,5.7654332262069365,1.0162184764490427,5.673419013550123
1,256,500,6,70,v_component_of_wind,17.529497592275554,1.0146993114070182,17.275558774124452
1,256,500,6,100,v_component_of_wind,9.393861646032065,1.0124299104952352,9.278530344324784
1,256,500,6,125,v_component_of_wind,7.224572230896064,0.9845476252423212,7.3379611566458465
1,256,500,6,150,v_component_of_wind,7.142990527688488,0.990590970267721,7.210837512235746
1,256,500,6,175,v_component_of_wind,4.642819167388417,1.0026061549574068,4.630750713460018
1,256,500,6,200,v_component_of_wind,2.1767037247551935,1.0506483400486595,2.0717719162382937
1,256,500,6,225,v_component_of_wind,3.0235635971433643,1.1539458111821337,2.6201954787165813
1,256,500,6,250,v_component_of_wind,7.407633017186382,1.2472675204999661,5.93908916526347
1,256,500,6,300,v_component_of_wind,14.422549963014713,1.347740651303455,10.701279915439276
1,256,500,6,350,v_component_of_wind,5.666077553915061,1.3290593707296534,4.263223809786906
1,256,500,6,400,v_component_of_wind,5.216837440299865,1.2521074225075,4.166445583281107
1,256,500,6,450,v_component_of_wind,2.9294087093354335,1.1675815532403064,2.5089542578037936
1,256,500,6,500,v_component_of_wind,1.8934740872087257,1.093600898328093,1.7314123370815497
1,256,500,6,550,v_component_of_wind,2.0144702480913295,1.0396268502141275,1.937685860726296
1,256,500,6,600,v_component_of_wind,2.766423026589923,0.9974577749310111,2.7734738212665313
1,256,500,6,650,v_component_of_wind,7.803829921282645,0.9792344605076282,7.9693170900431705
1,256,500,6,700,v_component_of_wind,2.369725866046469,0.9604954173243057,2.4671912258029494
1,256,500,6,750,v_component_of_wind,3.689039120797402,0.9424057204498179,3.91449143478946
1,256,500,6,775,v_component_of_wind,5.1815503603369075,0.9308451007215435,5.566501189425002
1,256,500,6,800,v_component_of_wind,6.963247254181585,0.9278565426619727,7.504659323955821
1,256,500,6,825,v_component_of_wind,3.54876923886054,0.924852716790928,3.8371182507568653
1,256,500,6,850,v_component_of_wind,3.108112907957111,0.9187872484327434,3.3828428869239247
1,256,500,6,875,v_component_of_wind,3.178560947690936,0.905953755531246,3.5085245005988703
1,256,500,6,900,v_component_of_wind,4.319472134698893,0.8963129279150315,4.819156346150984
1,256,500,6,925,v_component_of_wind,2.89320598835227,0.891872274973568,3.2439689735147494
1,256,500,6,950,v_component_of_wind,3.505429860931317,0.8758473474280674,4.002329711022177
1,256,500,6,975,v_component_of_wind,6.1749125621688545,0.8252007431177929,7.482921717737013
1,256,500,6,1000,v_component_of_wind,6.6145799156463205,0.7474144380338668,8.849949344096832
1,256,500,6,1,specific_humidity,4.1340417410839696e-07,9.093771566984339e-07,0.4546014500840264
1,256,500,6,2,specific_humidity,2.5042634437915145e-07,7.335056784697729e-07,0.3414102327082002
1,256,500,6,3,specific_humidity,1.5792627501948912e-07,5.95589768955808e-07,0.26515948266936573
1,256,500,6,5,specific_humidity,2.152628996979532e-07,4.224884578703961e-07,0.5095119066281993
1,256,500,6,7,specific_humidity,2.8577421757678856e-07,3.348673087158939e-07,0.8533953901700312
1,256,500,6,10,specific_humidity,3.6710994417712117e-07,2.470444360450041e-07,1.486007740365562
1,256,500,6,20,specific_humidity,3.460887911457294e-07,1.196116131921905e-07,2.893438035900729
1,256,500,6,30,specific_humidity,1.3539330228821083e-07,1.0382307119485337e-07,1.3040772222400066
1,256,500,6,50,specific_humidity,3.3846602021293186e-07,1.2568902329994858e-08,26.928844804944102
1,256,500,6,70,specific_humidity,3.3162384767911304e-07,2.414820950784697e-08,13.732854502995417
1,256,500,6,100,specific_humidity,4.921366925931093e-07,8.178295415058188e-08,6.017594958565186
1,256,500,6,125,specific_humidity,1.1347197904434015e-06,2.1831824920281115e-07,5.197548966185051
1,256,500,6,150,specific_humidity,3.405641877386142e-06,5.992997945378687e-07,5.682701560096973
1,256,500,6,175,specific_humidity,4.9520069245828666e-06,1.5910159323679622e-06,3.1124810404711845
1,256,500,6,200,specific_humidity,1.5647198516336322e-05,3.764010817253872e-06,4.157054609038591
1,256,500,6,225,specific_humidity,5.023189474694625e-05,7.610957609189218e-06,6.599944097218191
1,256,500,6,250,specific_humidity,6.047954201829991e-05,1.317197315186294e-05,4.591532439446717
1,256,500,6,300,specific_humidity,0.00018715278245387678,2.9177964649465544e-05,6.414182233143013
1,256,500,6,350,specific_humidity,0.00026215637683394533,5.435803037432676e-05,4.822771815473312
1,256,500,6,400,specific_humidity,0.0005303481883644447,8.676819061223045e-05,6.112242108799826
1,256,500,6,450,specific_humidity,0.000454802612367768,0.00012779900835098047,3.558733500644403
1,256,500,6,500,specific_humidity,0.0008535207135499334,0.00016685150995882826,5.115450940543154
1,256,500,6,550,specific_humidity,0.001193586093436042,0.00021487303231659992,5.554843623546853
1,256,500,6,600,specific_humidity,0.0014610705882006406,0.00025206401385736966,5.7964267324069
1,256,500,6,650,specific_humidity,0.0013902821958582173,0.0002942486987821947,4.724854184953646
1,256,500,6,700,specific_humidity,0.0010961218765574196,0.0003363237500858548,3.2591271840826224
1,256,500,6,750,specific_humidity,0.0019493096565688674,0.00037860520076298974,5.148660537785778
1,256,500,6,775,specific_humidity,0.0025456170523218136,0.00039260193803214373,6.4839645598320885
1,256,500,6,800,specific_humidity,0.0033149232632501665,0.00040466835784564294,8.191703648137999
1,256,500,6,825,specific_humidity,0.0019224357283688421,0.000413348603569168,4.650882358786413
1,256,500,6,850,specific_humidity,0.002053933162902976,0.0004130505235106746,4.972595471967476
1,256,500,6,875,specific_humidity,0.0035793816261188165,0.00039473209948691704,9.067875733367996
1,256,500,6,900,specific_humidity,0.002290591455160599,0.00036987817005644063,6.192826829469476
1,256,500,6,925,specific_humidity,0.0009667054679430511,0.00034080341872750274,2.8365486225242442
1,256,500,6,950,specific_humidity,0.0008832621130336766,0.000303403494668488,2.911179760795991
1,256,500,6,975,specific_humidity,0.0006969550499768503,0.0002819638950214839,2.4717882760264276
1,256,500,6,1000,specific_humidity,0.0006164528702077155,0.000275698375966985,2.235968449380841
1,256,500,6,1,specific_cloud_ice_water_content,1.678977978790716e-06,1.4206039464794252e-06,1.1818761893148328
1,256,500,6,2,specific_cloud_ice_water_content,1.6687165757933384e-06,1.4056207277356892e-06,1.187174137992024
1,256,500,6,3,specific_cloud_ice_water_content,1.664809071979247e-06,1.4049656067194154e-06,1.1849464954993199
1,256,500,6,5,specific_cloud_ice_water_content,1.6559232417271488e-06,1.3990578523496726e-06,1.1835988332763216
1,256,500,6,7,specific_cloud_ice_water_content,1.6745032665669204e-06,1.4027574858603023e-06,1.1937225667628202
1,256,500,6,10,specific_cloud_ice_water_content,1.6679983981676614e-06,1.4106221265270812e-06,1.182455858872875
1,256,500,6,20,specific_cloud_ice_water_content,1.3769128567172685e-06,1.1857876167668038e-06,1.1611799931522233
1,256,500,6,30,specific_cloud_ice_water_content,1.2435062289124165e-06,1.01028739149733e-06,1.230844054254143
1,256,500,6,50,specific_cloud_ice_water_content,1.3663849078432937e-06,7.708389414940023e-07,1.7725945515869155
1,256,500,6,70,specific_cloud_ice_water_content,1.4269579053171305e-06,6.990539799351904e-07,2.0412699823973885
1,256,500,6,100,specific_cloud_ice_water_content,1.6286008790007448e-06,9.788538346792786e-07,1.663783520380605
1,256,500,6,125,specific_cloud_ice_water_content,3.0282214563419277e-06,2.300681746129077e-06,1.3162278796000118
1,256,500,6,150,specific_cloud_ice_water_content,4.380708933911994e-06,3.7490564957738998e-06,1.1684830406930704
1,256,500,6,175,specific_cloud_ice_water_content,6.080814830802129e-06,4.960764079174599e-06,1.2257819024955308
1,256,500,6,200,specific_cloud_ice_water_content,7.344244149124378e-06,6.1763666793779366e-06,1.189088104766485
1,256,500,6,225,specific_cloud_ice_water_content,8.797311679070266e-06,7.1781582016565255e-06,1.2255667027567159
1,256,500,6,250,specific_cloud_ice_water_content,1.0033447801545436e-05,7.50072130594897e-06,1.3376643915016162
1,256,500,6,300,specific_cloud_ice_water_content,1.0414244112274847e-05,7.689260186203563e-06,1.3543883104593835
1,256,500,6,350,specific_cloud_ice_water_content,1.0154949316173671e-05,7.394346892745032e-06,1.3733395881301167
1,256,500,6,400,specific_cloud_ice_water_content,9.217124342639131e-06,6.521993740155893e-06,1.4132372262011428
1,256,500,6,450,specific_cloud_ice_water_content,7.916663229266535e-06,5.656019550027895e-06,1.3996880950009254
1,256,500,6,500,specific_cloud_ice_water_content,6.4602578140502005e-06,4.817655002351666e-06,1.3409548443997594
1,256,500,6,550,specific_cloud_ice_water_content,5.468642946667182e-06,3.980803809296654e-06,1.3737534449439261
1,256,500,6,600,specific_cloud_ice_water_content,4.5856655995809784e-06,3.3726014668895825e-06,1.3596820272423582
1,256,500,6,650,specific_cloud_ice_water_content,3.954119841492799e-06,2.8844669380874784e-06,1.3708320900757298
1,256,500,6,700,specific_cloud_ice_water_content,3.477319650781462e-06,2.5674993548664024e-06,1.3543604769327786
1,256,500,6,750,specific_cloud_ice_water_content,3.1928858556253267e-06,2.2538395465582705e-06,1.4166429285088322
1,256,500,6,775,specific_cloud_ice_water_content,2.7249897359978335e-06,2.1856198644839124e-06,1.246781190214558
1,256,500,6,800,specific_cloud_ice_water_content,2.952180526924779e-06,2.159897297531843e-06,1.3668152325104963
1,256,500,6,825,specific_cloud_ice_water_content,2.844716883670269e-06,2.114584282775733e-06,1.3452842276573242
1,256,500,6,850,specific_cloud_ice_water_content,2.5219655754981883e-06,1.994722956575078e-06,1.2643187201436639
1,256,500,6,875,specific_cloud_ice_water_content,2.315118667228868e-06,1.7715402042323753e-06,1.3068394731871356
1,256,500,6,900,specific_cloud_ice_water_content,2.2341820498804003e-06,1.560506010189548e-06,1.4317035854344602
1,256,500,6,925,specific_cloud_ice_water_content,2.4249231760006133e-06,1.393651179751738e-06,1.7399785622343344
1,256,500,6,950,specific_cloud_ice_water_content,2.05732993460462e-06,1.2220703361723148e-06,1.6834791531299649
1,256,500,6,975,specific_cloud_ice_water_content,1.4568043472173634e-06,1.0380023373445382e-06,1.403469235863401
1,256,500,6,1000,specific_cloud_ice_water_content,1.3326184793563626e-06,9.404953549931882e-07,1.4169325475998917
1,256,500,6,1,specific_cloud_liquid_water_content,5.258913002802066e-06,2.607430654687599e-06,2.0168946749734924
1,256,500,6,2,specific_cloud_liquid_water_content,5.342152844507245e-06,2.6116698308202425e-06,2.045493186567708
1,256,500,6,3,specific_cloud_liquid_water_content,5.369021251484423e-06,2.5949910173011508e-06,2.068994156699751
1,256,500,6,5,specific_cloud_liquid_water_content,5.400468023028795e-06,2.6077422040062975e-06,2.070936312160001
1,256,500,6,7,specific_cloud_liquid_water_content,5.336761813824704e-06,2.625027431847605e-06,2.0330308739167977
1,256,500,6,10,specific_cloud_liquid_water_content,5.2792402181795805e-06,2.5969440454393827e-06,2.0328663713223647
1,256,500,6,20,specific_cloud_liquid_water_content,4.537907648147915e-06,2.2785213747666373e-06,1.991601965381027
1,256,500,6,30,specific_cloud_liquid_water_content,3.8830156845486195e-06,1.9447560652356706e-06,1.9966595060229653
1,256,500,6,50,specific_cloud_liquid_water_content,5.33122562735831e-06,1.9026943828573445e-06,2.8019348117022433
1,256,500,6,70,specific_cloud_liquid_water_content,6.755466411405138e-06,1.5165505909421657e-06,4.4544945956654605
1,256,500,6,100,specific_cloud_liquid_water_content,6.850645904405194e-06,1.5032028760004338e-06,4.557366150491065
1,256,500,6,125,specific_cloud_liquid_water_content,3.63279612697123e-06,1.3879582471183588e-06,2.6173670097883295
1,256,500,6,150,specific_cloud_liquid_water_content,4.366043705636124e-06,1.480373494315754e-06,2.949285246189956
1,256,500,6,175,specific_cloud_liquid_water_content,2.449807550832886e-06,1.6357976890769738e-06,1.497622577163091
1,256,500,6,200,specific_cloud_liquid_water_content,2.97215902737869e-06,1.8112852966820385e-06,1.6409115851727896
1,256,500,6,225,specific_cloud_liquid_water_content,2.372454422410346e-06,1.6772163907512642e-06,1.414518982459782
1,256,500,6,250,specific_cloud_liquid_water_content,2.798327501696945e-06,1.7577519747550994e-06,1.5919922388861631
1,256,500,6,300,specific_cloud_liquid_water_content,3.589883036140232e-06,2.2215981351880656e-06,1.6159011746003002
1,256,500,6,350,specific_cloud_liquid_water_content,3.6829223712906258e-06,2.753910700547746e-06,1.3373426998043552
1,256,500,6,400,specific_cloud_liquid_water_content,5.47583199081378e-06,3.771407205589865e-06,1.4519333745498677
1,256,500,6,450,specific_cloud_liquid_water_content,7.515906596846697e-06,5.561933571204527e-06,1.3513118236000443
1,256,500,6,500,specific_cloud_liquid_water_content,1.0765170515954053e-05,8.249067358806768e-06,1.305016682214514
1,256,500,6,550,specific_cloud_liquid_water_content,1.2538284486741018e-05,1.1006397365588961e-05,1.1391815205528957
1,256,500,6,600,specific_cloud_liquid_water_content,1.3071070531625246e-05,9.540017729517219e-06,1.370130633110125
1,256,500,6,650,specific_cloud_liquid_water_content,1.4179157210223068e-05,9.543024885674254e-06,1.4858137100227473
1,256,500,6,700,specific_cloud_liquid_water_content,1.5795495309607667e-05,1.0752393249598763e-05,1.4690213557988212
1,256,500,6,750,specific_cloud_liquid_water_content,1.9936798060664506e-05,1.2409822064669506e-05,1.606533756630092
1,256,500,6,775,specific_cloud_liquid_water_content,2.4292545837912376e-05,1.307133403266907e-05,1.8584595709357765
1,256,500,6,800,specific_cloud_liquid_water_content,3.436316865557232e-05,1.4138016620359287e-05,2.4305508741649122
1,256,500,6,825,specific_cloud_liquid_water_content,5.7742130287659964e-05,1.60658139419533e-05,3.5940992779006136
1,256,500,6,850,specific_cloud_liquid_water_content,0.00016026506781612268,1.7874178422521548e-05,8.966290031780591
1,256,500,6,875,specific_cloud_liquid_water_content,0.0002429678804334711,1.8107670967379836e-05,13.417953135506323
1,256,500,6,900,specific_cloud_liquid_water_content,9.440312619175417e-05,1.7254756612115812e-05,5.471136354683027
1,256,500,6,925,specific_cloud_liquid_water_content,3.9403911816850176e-05,1.5449699350835324e-05,2.5504646350752265
1,256,500,6,950,specific_cloud_liquid_water_content,3.887042022639173e-05,1.305610728390447e-05,2.977182967415645
1,256,500,6,975,specific_cloud_liquid_water_content,2.1773795184229972e-05,9.737965528549028e-06,2.2359696304526047
1,256,500,6,1000,specific_cloud_liquid_water_content,1.4284497269910124e-05,7.395349420625011e-06,1.931551365250147
1,256,600,6,1,geopotential,2679.5888352632433,30017.112690917347,0.08926870691577342
1,256,600,6,2,geopotential,1782.045923941391,20502.3884876883,0.0869189423959804
1,256,600,6,3,geopotential,1534.230696915944,15455.170984071645,0.0992697329907995
1,256,600,6,5,geopotential,939.4987742876068,9454.636002500229,0.09936911098842528
1,256,600,6,7,geopotential,731.4501891755673,5951.390274193691,0.12290408719241085
1,256,600,6,10,geopotential,566.8791464490687,2712.6580123551735,0.20897553022428178
1,256,600,6,20,geopotential,403.42207967870155,1383.490532900262,0.2915972824425427
1,256,600,6,30,geopotential,381.9299207407954,1782.3774993327822,0.21428116147323875
1,256,600,6,50,geopotential,399.189970833187,48.71837840567823,8.193827132527476
1,256,600,6,70,geopotential,373.7521150805571,44.25181490018717,8.446029070752898
1,256,600,6,100,geopotential,224.36155637551994,32.36684696735586,6.931832334542924
1,256,600,6,125,geopotential,171.76970759206608,27.250452833998416,6.30337076005436
1,256,600,6,150,geopotential,145.54180139263818,25.853203015822537,5.629546223095238
1,256,600,6,175,geopotential,145.37538266409592,25.879460085026363,5.617404002497289
1,256,600,6,200,geopotential,149.53831629271218,26.94857391969595,5.5490252188602405
1,256,600,6,225,geopotential,141.99500733711596,27.00899913723362,5.257322073122171
1,256,600,6,250,geopotential,140.50812367188036,27.853511372988223,5.0445389735723705
1,256,600,6,300,geopotential,142.78779140173123,29.16670333614647,4.895575264578272
1,256,600,6,350,geopotential,146.9004708183746,29.207937994145585,5.029470784545599
1,256,600,6,400,geopotential,145.3204585012687,28.084448168897442,5.1744103223009414
1,256,600,6,450,geopotential,146.04134954409247,26.924804839753435,5.424044869156045
1,256,600,6,500,geopotential,139.26600810082724,25.5906557844183,5.442064840934004
1,256,600,6,550,geopotential,144.97621361335717,24.343130155875908,5.955528836473934
1,256,600,6,600,geopotential,141.51152782499926,23.777138524480296,5.951579399653277
1,256,600,6,650,geopotential,138.16690792147918,23.42100179145581,5.899274042662158
1,256,600,6,700,geopotential,154.54129812687646,23.71434595430227,6.516785174032576
1,256,600,6,750,geopotential,150.9535875299809,23.925957089770304,6.309197452942104
1,256,600,6,775,geopotential,149.40237835779502,24.122567562987896,6.193469163996802
1,256,600,6,800,geopotential,157.60218179116046,24.41477679319394,6.455196503581999
1,256,600,6,825,geopotential,162.71056332307182,24.82136838384357,6.555261611965819
1,256,600,6,850,geopotential,184.3003012194672,25.2001591806623,7.313457819778085
1,256,600,6,875,geopotential,181.86426728829878,25.662939695315867,7.086649832306374
1,256,600,6,900,geopotential,153.56147685759623,26.37463086834615,5.82231757570852
1,256,600,6,925,geopotential,149.71239132778632,27.231975129279554,5.497669214849459
1,256,600,6,950,geopotential,149.06186725430092,28.138298628468174,5.29747264475655
1,256,600,6,975,geopotential,142.73425048632498,29.473191721908822,4.84285013421956
1,256,600,6,1000,geopotential,149.66280393268184,31.291805198544278,4.782811441624476
1,256,600,6,1,temperature,6.900263457665671,8.585644145124043,0.8036978170804421
1,256,600,6,2,temperature,11.052321835885365,6.857750280841892,1.6116541698465763
1,256,600,6,3,temperature,10.262752323775164,5.595503425158137,1.8341070577550622
1,256,600,6,5,temperature,7.055471936048427,4.228495628067508,1.668553678811037
1,256,600,6,7,temperature,6.094192599114232,3.497812416957201,1.7422868560846554
1,256,600,6,10,temperature,4.639150973093639,2.581661702999672,1.7969631604727063
1,256,600,6,20,temperature,3.152728263332946,2.3380640474223027,1.3484353719089963
1,256,600,6,30,temperature,3.5056431659957483,2.0263439145660045,1.7300336536143102
1,256,600,6,50,temperature,0.9600692094079287,0.5925003334836259,1.6203690616732132
1,256,600,6,70,temperature,2.661515761248039,0.5706100911703732,4.664333495730908
1,256,600,6,100,temperature,4.135797736068117,0.45749890306441693,9.040016726522701
1,256,600,6,125,temperature,4.398898264216169,0.36691240447176915,11.988960336593438
1,256,600,6,150,temperature,0.947393717613558,0.327471433827833,2.893057591434516
1,256,600,6,175,temperature,0.6574448727986347,0.30621465563802763,2.1470065546953827
1,256,600,6,200,temperature,0.8112647241498337,0.31506225114522685,2.574934703224361
1,256,600,6,225,temperature,0.6739747581575904,0.32288913260873686,2.087325617658009
1,256,600,6,250,temperature,0.9038528426561769,0.31689929214080653,2.8521769062663975
1,256,600,6,300,temperature,1.0672474160957497,0.31351115945525054,3.4041768017131293
1,256,600,6,350,temperature,1.1525152758731527,0.3036021504230704,3.7961367344306343
1,256,600,6,400,temperature,0.5573234905456873,0.30196674989182404,1.8456452266527417
1,256,600,6,450,temperature,0.5404778156102588,0.30076424636283866,1.7970148451695696
1,256,600,6,500,temperature,0.6173153443049896,0.30229639005800685,2.042086391394004
1,256,600,6,550,temperature,1.05250720717853,0.31002479252728576,3.3949130280795115
1,256,600,6,600,temperature,1.1522798884879284,0.3179765382408303,3.6237890218655386
1,256,600,6,650,temperature,2.1032220028883817,0.33060825539124505,6.361674182634696
1,256,600,6,700,temperature,1.1549989871155533,0.34310377892444033,3.3663254620401943
1,256,600,6,750,temperature,1.4915838977674434,0.36546232228631653,4.081361625560082
1,256,600,6,775,temperature,0.8096792456626798,0.3751180538068075,2.1584651483601456
1,256,600,6,800,temperature,1.257025025370492,0.39138594820423345,3.2117275317062477
1,256,600,6,825,temperature,1.4697160538282739,0.4166086232846167,3.527809967640061
1,256,600,6,850,temperature,4.110276371030179,0.4357134643717728,9.433438961902455
1,256,600,6,875,temperature,3.787306087072697,0.4444190285900196,8.5219260279841
1,256,600,6,900,temperature,1.2735336157617598,0.44668719440069277,2.85106363407266
1,256,600,6,925,temperature,1.380922419118922,0.4469750334402169,3.0894844584280814
1,256,600,6,950,temperature,1.1067085529219904,0.4578317390549868,2.417282286296608
1,256,600,6,975,temperature,1.3470872972629782,0.4764615387155689,2.827273951417814
1,256,600,6,1000,temperature,1.4561988131565415,0.49038267063452684,2.969515238522406
1,256,600,6,1,u_component_of_wind,27.728871215878343,27.204844325386265,1.019262263890372
1,256,600,6,2,u_component_of_wind,19.081757480059636,22.446676899018403,0.8500927583135517
1,256,600,6,3,u_component_of_wind,15.158276397367263,17.96488830999068,0.8437723706268412
1,256,600,6,5,u_component_of_wind,15.469480691045332,12.295344974765397,1.2581575159374898
1,256,600,6,7,u_component_of_wind,11.914235721148753,9.294833048770784,1.2818127726053539
1,256,600,6,10,u_component_of_wind,10.315760644152189,7.639593738633105,1.3503022538994214
1,256,600,6,20,u_component_of_wind,9.786568018750765,5.407237474167488,1.8099016485784232
1,256,600,6,30,u_component_of_wind,7.055892702940961,4.887009149787574,1.443805912098131
1,256,600,6,50,u_component_of_wind,7.929960353882913,1.0080882920647531,7.866335137809083
1,256,600,6,70,u_component_of_wind,3.006915901326531,0.9873005182055209,3.045593358739226
1,256,600,6,100,u_component_of_wind,3.142485017158827,0.9996051790556035,3.143726226116346
1,256,600,6,125,u_component_of_wind,4.4845018884219785,0.9860765232044753,4.547823402030292
1,256,600,6,150,u_component_of_wind,4.06070877851861,1.008586578339923,4.026138028925894
1,256,600,6,175,u_component_of_wind,3.2623184621537504,1.0400778167887839,3.1366099819589297
1,256,600,6,200,u_component_of_wind,9.175308980764878,1.0819338724505698,8.480471140054883
1,256,600,6,225,u_component_of_wind,5.722411674325248,1.1608111637816696,4.92966629962696
1,256,600,6,250,u_component_of_wind,3.92121500745018,1.2270676950135933,3.195597947354275
1,256,600,6,300,u_component_of_wind,9.805765288593335,1.2830383898066335,7.642612541056671
1,256,600,6,350,u_component_of_wind,9.637285581223757,1.2326156977467604,7.818564698503238
1,256,600,6,400,u_component_of_wind,3.5202764418605472,1.156851315813363,3.0429808859105623
1,256,600,6,450,u_component_of_wind,2.2871632985479975,1.0782033970540394,2.1212725769527188
1,256,600,6,500,u_component_of_wind,1.715756163700463,1.0116793591201603,1.6959485712870785
1,256,600,6,550,u_component_of_wind,2.4389499488373474,0.9726858959108473,2.507438381794828
1,256,600,6,600,u_component_of_wind,2.4218260386298223,0.9395080895405804,2.57775964421349
1,256,600,6,650,u_component_of_wind,4.797415837412467,0.9249772579484165,5.186523015769115
1,256,600,6,700,u_component_of_wind,3.687919970676416,0.9065132547455201,4.068247156200384
1,256,600,6,750,u_component_of_wind,2.3587551081795612,0.891739235815678,2.6451175561676354
1,256,600,6,775,u_component_of_wind,2.1619491687641954,0.8804262263120204,2.455571067913653
1,256,600,6,800,u_component_of_wind,3.0723119199191378,0.8758255989947605,3.507903769249747
1,256,600,6,825,u_component_of_wind,2.4096894842068135,0.871877105839213,2.763794883554605
1,256,600,6,850,u_component_of_wind,2.9777845129538734,0.8621702091975713,3.4538244086690506
1,256,600,6,875,u_component_of_wind,4.452710050368159,0.8469161548081213,5.257557108917083
1,256,600,6,900,u_component_of_wind,3.5150556024611936,0.8358403242679547,4.205415197621326
1,256,600,6,925,u_component_of_wind,2.6547097509878705,0.8269162330630735,3.210373245611906
1,256,600,6,950,u_component_of_wind,2.3246860788160637,0.8123438089459414,2.861702216740552
1,256,600,6,975,u_component_of_wind,2.128170321349695,0.772936429394987,2.7533575083471127
1,256,600,6,1000,u_component_of_wind,2.2518536830292737,0.706530603585151,3.1871990705040716
1,256,600,6,1,v_component_of_wind,13.148106221021552,10.217615421462448,1.2868077020596713
1,256,600,6,2,v_component_of_wind,9.228271469423158,8.013975230005627,1.1515223349918786
1,256,600,6,3,v_component_of_wind,7.7820549387064,6.99604354491347,1.1123508435513392
1,256,600,6,5,v_component_of_wind,6.245346477174472,5.856882113139169,1.0663261367620551
1,256,600,6,7,v_component_of_wind,5.331992767998766,5.04879805780746,1.0560915106821067
1,256,600,6,10,v_component_of_wind,4.8380140003888235,4.212054649797571,1.1486114028984253
1,256,600,6,20,v_component_of_wind,5.159581266445315,3.132682837034625,1.6470168015250906
1,256,600,6,30,v_component_of_wind,4.674343604191254,2.934383552770658,1.592955903728985
1,256,600,6,50,v_component_of_wind,5.214474416346185,1.0162184764490427,5.131253305457549
1,256,600,6,70,v_component_of_wind,16.129559857265285,1.0146993114070182,15.895901057525567
1,256,600,6,100,v_component_of_wind,8.083751657322654,1.0124299104952352,7.984504975132991
1,256,600,6,125,v_component_of_wind,6.624317372374713,0.9845476252423212,6.728285359222015
1,256,600,6,150,v_component_of_wind,6.381286437566563,0.990590970267721,6.441898451630274
1,256,600,6,175,v_component_of_wind,5.0529819294249885,1.0026061549574068,5.039847306382885
1,256,600,6,200,v_component_of_wind,2.3658887029226023,1.0506483400486595,2.251836901786785
1,256,600,6,225,v_component_of_wind,2.7398303672794473,1.1539458111821337,2.374314582824899
1,256,600,6,250,v_component_of_wind,7.777335655520766,1.2472675204999661,6.235499223457071
1,256,600,6,300,v_component_of_wind,13.669909013123476,1.347740651303455,10.14283348944231
1,256,600,6,350,v_component_of_wind,6.072281912672858,1.3290593707296534,4.568856776758721
1,256,600,6,400,v_component_of_wind,5.3583268018123045,1.2521074225075,4.279446559849947
1,256,600,6,450,v_component_of_wind,3.0564115534682452,1.1675815532403064,2.6177285389495943
1,256,600,6,500,v_component_of_wind,2.3626202198626713,1.093600898328093,2.1604044249366168
1,256,600,6,550,v_component_of_wind,2.088218404095744,1.0396268502141275,2.008623001287089
1,256,600,6,600,v_component_of_wind,2.7059043866154093,0.9974577749310111,2.712800937165047
1,256,600,6,650,v_component_of_wind,6.8318445373863685,0.9792344605076282,6.976719889784913
1,256,600,6,700,v_component_of_wind,2.482612463181678,0.9604954173243057,2.5847207788847144
1,256,600,6,750,v_component_of_wind,3.747556331284816,0.9424057204498179,3.976584872061342
1,256,600,6,775,v_component_of_wind,5.375272309333439,0.9308451007215435,5.774615244971266
1,256,600,6,800,v_component_of_wind,7.730882181179849,0.9278565426619727,8.331980026783393
1,256,600,6,825,v_component_of_wind,4.055284703257398,0.924852716790928,4.3847897396339
1,256,600,6,850,v_component_of_wind,3.2909086381013624,0.9187872484327434,3.5817961597910246
1,256,600,6,875,v_component_of_wind,3.134657310674525,0.905953755531246,3.4600632665145037
1,256,600,6,900,v_component_of_wind,4.028169449060763,0.8963129279150315,4.494155248246765
1,256,600,6,925,v_component_of_wind,2.51847235044891,0.891872274973568,2.823803835054239
1,256,600,6,950,v_component_of_wind,2.9020821265788252,0.8758473474280674,3.3134565459389838
1,256,600,6,975,v_component_of_wind,4.9334748514208755,0.8252007431177929,5.978514794813568
1,256,600,6,1000,v_component_of_wind,5.302113130490082,0.7474144380338668,7.093939935703829
1,256,600,6,1,specific_humidity,4.141344514168679e-07,9.093771566984339e-07,0.4554045022644026
1,256,600,6,2,specific_humidity,2.4962746129973854e-07,7.335056784697729e-07,0.3403211026539114
1,256,600,6,3,specific_humidity,1.5609330084480355e-07,5.95589768955808e-07,0.2620819043256357
1,256,600,6,5,specific_humidity,2.1356933041600584e-07,4.224884578703961e-07,0.5055033491152107
1,256,600,6,7,specific_humidity,2.850227033927943e-07,3.348673087158939e-07,0.8511511753290063
1,256,600,6,10,specific_humidity,3.650782031175458e-07,2.470444360450041e-07,1.4777835476166705
1,256,600,6,20,specific_humidity,3.5247346493531056e-07,1.196116131921905e-07,2.9468164129595045
1,256,600,6,30,specific_humidity,1.4873837412648915e-07,1.0382307119485337e-07,1.432613892218036
1,256,600,6,50,specific_humidity,2.903675576406279e-07,1.2568902329994858e-08,23.102061740720576
1,256,600,6,70,specific_humidity,2.9832090339666053e-07,2.414820950784697e-08,12.353748351393135
1,256,600,6,100,specific_humidity,3.9731571499701186e-07,8.178295415058188e-08,4.858172697766078
1,256,600,6,125,specific_humidity,9.139759515647989e-07,2.1831824920281115e-07,4.186438627564032
1,256,600,6,150,specific_humidity,3.207022254568083e-06,5.992997945378687e-07,5.351282085856675
1,256,600,6,175,specific_humidity,5.2474986806008035e-06,1.5910159323679622e-06,3.298206242844329
1,256,600,6,200,specific_humidity,1.644378715597156e-05,3.764010817253872e-06,4.368687539524272
1,256,600,6,225,specific_humidity,5.123179167848605e-05,7.610957609189218e-06,6.731320066298948
1,256,600,6,250,specific_humidity,6.070126556025698e-05,1.317197315186294e-05,4.608365418029407
1,256,600,6,300,specific_humidity,0.0001971096359301887,2.9177964649465544e-05,6.7554278819033104
1,256,600,6,350,specific_humidity,0.0002738114727786814,5.435803037432676e-05,5.037185322814828
1,256,600,6,400,specific_humidity,0.0005263444173356483,8.676819061223045e-05,6.066098804432799
1,256,600,6,450,specific_humidity,0.0004608436722272845,0.00012779900835098047,3.606003506393787
1,256,600,6,500,specific_humidity,0.0009383878643806938,0.00016685150995882826,5.624089734712304
1,256,600,6,550,specific_humidity,0.0011718048832272373,0.00021487303231659992,5.453475806590132
1,256,600,6,600,specific_humidity,0.001451652046363363,0.00025206401385736966,5.759061058135731
1,256,600,6,650,specific_humidity,0.0013392050136026915,0.0002942486987821947,4.551269110603551
1,256,600,6,700,specific_humidity,0.0011311015316946662,0.0003363237500858548,3.3631330865153743
1,256,600,6,750,specific_humidity,0.001965408416201235,0.00037860520076298974,5.191181769929247
1,256,600,6,775,specific_humidity,0.0026983611455981184,0.00039260193803214373,6.8730204418328515
1,256,600,6,800,specific_humidity,0.0035797285871335114,0.00040466835784564294,8.846079802708385
1,256,600,6,825,specific_humidity,0.0019748582469048316,0.000413348603569168,4.77770634726329
1,256,600,6,850,specific_humidity,0.0021516450806794703,0.0004130505235106746,5.209157132623425
1,256,600,6,875,specific_humidity,0.003688981472314086,0.00039473209948691704,9.345532013001018
1,256,600,6,900,specific_humidity,0.0020921340030938852,0.00036987817005644063,5.656278668121023
1,256,600,6,925,specific_humidity,0.000896775928121864,0.00034080341872750274,2.631358369203749
1,256,600,6,950,specific_humidity,0.0009444589082664848,0.000303403494668488,3.1128807837182038
1,256,600,6,975,specific_humidity,0.0006883777430100312,0.0002819638950214839,2.441368399161819
1,256,600,6,1000,specific_humidity,0.0006001189025904562,0.000275698375966985,2.1767226610806034
1,256,600,6,1,specific_cloud_ice_water_content,1.5445357962407924e-06,1.4206039464794252e-06,1.0872388465965466
1,256,600,6,2,specific_cloud_ice_water_content,1.5585897358977223e-06,1.4056207277356892e-06,1.1088266593851746
1,256,600,6,3,specific_cloud_ice_water_content,1.5579846043573581e-06,1.4049656067194154e-06,1.1089129847066086
1,256,600,6,5,specific_cloud_ice_water_content,1.5664707374346774e-06,1.3990578523496726e-06,1.1196611596896013
1,256,600,6,7,specific_cloud_ice_water_content,1.5528546350171864e-06,1.4027574858603023e-06,1.1070014957466654
1,256,600,6,10,specific_cloud_ice_water_content,1.551932401050501e-06,1.4106221265270812e-06,1.1001758528141923
1,256,600,6,20,specific_cloud_ice_water_content,1.3764892662194238e-06,1.1857876167668038e-06,1.160822770246658
1,256,600,6,30,specific_cloud_ice_water_content,1.3105619644270305e-06,1.01028739149733e-06,1.2972169854408144
1,256,600,6,50,specific_cloud_ice_water_content,1.3161497920024373e-06,7.708389414940023e-07,1.7074251457140193
1,256,600,6,70,specific_cloud_ice_water_content,1.3620794631511657e-06,6.990539799351904e-07,1.9484610663077044
1,256,600,6,100,specific_cloud_ice_water_content,1.5306747931556452e-06,9.788538346792786e-07,1.5637419387105642
1,256,600,6,125,specific_cloud_ice_water_content,2.8891437556500406e-06,2.300681746129077e-06,1.2557772323403953
1,256,600,6,150,specific_cloud_ice_water_content,4.599661820478627e-06,3.7490564957738998e-06,1.2268851711526798
1,256,600,6,175,specific_cloud_ice_water_content,6.100735506092048e-06,4.960764079174599e-06,1.2297975490717399
1,256,600,6,200,specific_cloud_ice_water_content,7.369171742982052e-06,6.1763666793779366e-06,1.1931240688132607
1,256,600,6,225,specific_cloud_ice_water_content,8.95789865813321e-06,7.1781582016565255e-06,1.247938315996709
1,256,600,6,250,specific_cloud_ice_water_content,1.0255403943926737e-05,7.50072130594897e-06,1.367255697901077
1,256,600,6,300,specific_cloud_ice_water_content,1.0425429631642475e-05,7.689260186203563e-06,1.3558430042916585
1,256,600,6,350,specific_cloud_ice_water_content,1.0162739326956151e-05,7.394346892745032e-06,1.3743930971006146
1,256,600,6,400,specific_cloud_ice_water_content,9.155268183262628e-06,6.521993740155893e-06,1.4037529853629993
1,256,600,6,450,specific_cloud_ice_water_content,7.92364395348727e-06,5.656019550027895e-06,1.4009223064740275
1,256,600,6,500,specific_cloud_ice_water_content,6.498235497475001e-06,4.817655002351666e-06,1.3488378670334396
1,256,600,6,550,specific_cloud_ice_water_content,5.477078194105429e-06,3.980803809296654e-06,1.375872425894092
1,256,600,6,600,specific_cloud_ice_water_content,4.546397560918715e-06,3.3726014668895825e-06,1.3480387782407264
1,256,600,6,650,specific_cloud_ice_water_content,4.029641626419336e-06,2.8844669380874784e-06,1.397014322892935
1,256,600,6,700,specific_cloud_ice_water_content,3.4655955658390584e-06,2.5674993548664024e-06,1.3497941330619683
1,256,600,6,750,specific_cloud_ice_water_content,3.078865090649033e-06,2.2538395465582705e-06,1.3660533622948534
1,256,600,6,775,specific_cloud_ice_water_content,2.7822279669549964e-06,2.1856198644839124e-06,1.2729697474688537
1,256,600,6,800,specific_cloud_ice_water_content,2.9607264862276973e-06,2.159897297531843e-06,1.3707718832793472
1,256,600,6,825,specific_cloud_ice_water_content,2.814603357734227e-06,2.114584282775733e-06,1.3310433547910447
1,256,600,6,850,specific_cloud_ice_water_content,2.763109464582004e-06,1.994722956575078e-06,1.3852096379971675
1,256,600,6,875,specific_cloud_ice_water_content,2.3828628962965765e-06,1.7715402042323753e-06,1.3450797732976616
1,256,600,6,900,specific_cloud_ice_water_content,2.3515939785197018e-06,1.560506010189548e-06,1.50694323710683
1,256,600,6,925,specific_cloud_ice_water_content,2.5756716103070116e-06,1.393651179751738e-06,1.8481465432159545
1,256,600,6,950,specific_cloud_ice_water_content,2.213233775714273e-06,1.2220703361723148e-06,1.8110526949262287
1,256,600,6,975,specific_cloud_ice_water_content,1.5234931239822502e-06,1.0380023373445382e-06,1.46771646765239
1,256,600,6,1000,specific_cloud_ice_water_content,1.5183697349522097e-06,9.404953549931882e-07,1.61443618715502
1,256,600,6,1,specific_cloud_liquid_water_content,4.6074110302643096e-06,2.607430654687599e-06,1.767031089391074
1,256,600,6,2,specific_cloud_liquid_water_content,4.642091410210839e-06,2.6116698308202425e-06,1.7774419091684748
1,256,600,6,3,specific_cloud_liquid_water_content,4.655513325788038e-06,2.5949910173011508e-06,1.7940383202674346
1,256,600,6,5,specific_cloud_liquid_water_content,4.666185852720803e-06,2.6077422040062975e-06,1.7893585667908816
1,256,600,6,7,specific_cloud_liquid_water_content,4.6367639057109605e-06,2.625027431847605e-06,1.7663677908491076
1,256,600,6,10,specific_cloud_liquid_water_content,4.612785111938117e-06,2.5969440454393827e-06,1.7762358492239556
1,256,600,6,20,specific_cloud_liquid_water_content,4.034864151335899e-06,2.2785213747666373e-06,1.7708256749398033
1,256,600,6,30,specific_cloud_liquid_water_content,3.59660602990105e-06,1.9447560652356706e-06,1.8493867144541873
1,256,600,6,50,specific_cloud_liquid_water_content,4.269555278922281e-06,1.9026943828573445e-06,2.243952217124085
1,256,600,6,70,specific_cloud_liquid_water_content,7.101375902958383e-06,1.5165505909421657e-06,4.682584244384893
1,256,600,6,100,specific_cloud_liquid_water_content,6.533510807358602e-06,1.5032028760004338e-06,4.346393232523802
1,256,600,6,125,specific_cloud_liquid_water_content,3.6335160123991495e-06,1.3879582471183588e-06,2.6178856748342083
1,256,600,6,150,specific_cloud_liquid_water_content,3.736654388633124e-06,1.480373494315754e-06,2.524129486903742
1,256,600,6,175,specific_cloud_liquid_water_content,2.4754299186774717e-06,1.6357976890769738e-06,1.5132861081826534
1,256,600,6,200,specific_cloud_liquid_water_content,3.027167720296394e-06,1.8112852966820385e-06,1.6712815622374022
1,256,600,6,225,specific_cloud_liquid_water_content,2.356279300748207e-06,1.6772163907512642e-06,1.4048749545625265
1,256,600,6,250,specific_cloud_liquid_water_content,2.379526938215806e-06,1.7577519747550994e-06,1.3537330478876783
1,256,600,6,300,specific_cloud_liquid_water_content,3.560284113923748e-06,2.2215981351880656e-06,1.602577917910594
1,256,600,6,350,specific_cloud_liquid_water_content,3.601538690280168e-06,2.753910700547746e-06,1.3077906591393218
1,256,600,6,400,specific_cloud_liquid_water_content,5.417958732990908e-06,3.771407205589865e-06,1.436588105617599
1,256,600,6,450,specific_cloud_liquid_water_content,7.4840675442178315e-06,5.561933571204527e-06,1.34558736604922
1,256,600,6,500,specific_cloud_liquid_water_content,1.0687156885322753e-05,8.249067358806768e-06,1.2955594154426513
1,256,600,6,550,specific_cloud_liquid_water_content,1.270720612533816e-05,1.1006397365588961e-05,1.1545291073232287
1,256,600,6,600,specific_cloud_liquid_water_content,1.3210027734461421e-05,9.540017729517219e-06,1.3846963505727077
1,256,600,6,650,specific_cloud_liquid_water_content,1.4096278115556088e-05,9.543024885674254e-06,1.477128927612571
1,256,600,6,700,specific_cloud_liquid_water_content,1.4980215439312268e-05,1.0752393249598763e-05,1.3931982482012804
1,256,600,6,750,specific_cloud_liquid_water_content,1.900160265493411e-05,1.2409822064669506e-05,1.5311744645421839
1,256,600,6,775,specific_cloud_liquid_water_content,2.287174271337543e-05,1.307133403266907e-05,1.749763463791246
1,256,600,6,800,specific_cloud_liquid_water_content,3.244589514834368e-05,1.4138016620359287e-05,2.294939666545613
1,256,600,6,825,specific_cloud_liquid_water_content,5.655036114692924e-05,1.60658139419533e-05,3.5199188383015585
1,256,600,6,850,specific_cloud_liquid_water_content,0.00016118922184746166,1.7874178422521548e-05,9.017993333017337
1,256,600,6,875,specific_cloud_liquid_water_content,0.00027177177349686185,1.8107670967379836e-05,15.008654287260168
1,256,600,6,900,specific_cloud_liquid_water_content,9.229588868263385e-05,1.7254756612115812e-05,5.349011333942911
1,256,600,6,925,specific_cloud_liquid_water_content,3.69083492972898e-05,1.5449699350835324e-05,2.3889364096456847
1,256,600,6,950,specific_cloud_liquid_water_content,3.749104856353328e-05,1.305610728390447e-05,2.871533432461307
1,256,600,6,975,specific_cloud_liquid_water_content,2.5069627958338672e-05,9.737965528549028e-06,2.5744215139026156
1,256,600,6,1000,specific_cloud_liquid_water_content,1.4746284236629809e-05,7.395349420625011e-06,1.993994252050303
1,256,700,6,1,geopotential,2631.478964006246,30017.112690917347,0.08766595878498619
1,256,700,6,2,geopotential,1695.4543422917588,20502.3884876883,0.08269545488857948
1,256,700,6,3,geopotential,1292.2103681578922,15455.170984071645,0.08361022789651862
1,256,700,6,5,geopotential,922.1498092666551,9454.636002500229,0.09753414187736022
1,256,700,6,7,geopotential,778.8283670638316,5951.390274193691,0.13086494603470603
1,256,700,6,10,geopotential,696.3486398069604,2712.6580123551735,0.2567034387067389
1,256,700,6,20,geopotential,612.666697725704,1383.490532900262,0.44284126501491
1,256,700,6,30,geopotential,428.38073376479554,1782.3774993327822,0.2403423146472373
1,256,700,6,50,geopotential,283.84509497551164,48.71837840567823,5.826242667847683
1,256,700,6,70,geopotential,289.7017023935554,44.25181490018717,6.546662618177273
1,256,700,6,100,geopotential,188.5747944126693,32.36684696735586,5.8261712857869545
1,256,700,6,125,geopotential,171.58586244043772,27.250452833998416,6.296624261097139
1,256,700,6,150,geopotential,131.7745075596493,25.853203015822537,5.097028305506338
1,256,700,6,175,geopotential,129.83485869602725,25.879460085026363,5.016907550213871
1,256,700,6,200,geopotential,130.22269307711704,26.94857391969595,4.8322665780077125
1,256,700,6,225,geopotential,126.12741454456551,27.00899913723362,4.6698292633395235
1,256,700,6,250,geopotential,122.19077859124697,27.853511372988223,4.386907523255583
1,256,700,6,300,geopotential,122.65455881908797,29.16670333614647,4.205293872450832
1,256,700,6,350,geopotential,126.53060742897846,29.207937994145585,4.332062313140358
1,256,700,6,400,geopotential,130.49437779818223,28.084448168897442,4.646499621904633
1,256,700,6,450,geopotential,126.7363916840143,26.924804839753435,4.707049593796606
1,256,700,6,500,geopotential,121.91775738671303,25.5906557844183,4.764151353282108
1,256,700,6,550,geopotential,128.0604637083784,24.343130155875908,5.260640800438203
1,256,700,6,600,geopotential,125.38645416083303,23.777138524480296,5.273403863620449
1,256,700,6,650,geopotential,124.4206316851598,23.42100179145581,5.312353109103538
1,256,700,6,700,geopotential,133.09429093563878,23.71434595430227,5.612395601890624
1,256,700,6,750,geopotential,129.7476635030633,23.925957089770304,5.422882897275518
1,256,700,6,775,geopotential,129.2414761648031,24.122567562987896,5.357699831385396
1,256,700,6,800,geopotential,137.81962589263208,24.41477679319394,5.644926720405316
1,256,700,6,825,geopotential,140.03435042351418,24.82136838384357,5.641685351830308
1,256,700,6,850,geopotential,158.14672401075626,25.2001591806623,6.275624010030556
1,256,700,6,875,geopotential,158.38081533774172,25.662939695315867,6.171577271276144
1,256,700,6,900,geopotential,139.64226109734014,26.37463086834615,5.2945674119342305
1,256,700,6,925,geopotential,140.39585572454027,27.231975129279554,5.155551701925139
1,256,700,6,950,geopotential,142.7941811218652,28.138298628468174,5.074726905392815
1,256,700,6,975,geopotential,141.09523578957848,29.473191721908822,4.7872397777908695
1,256,700,6,1000,geopotential,146.75491080211927,31.291805198544278,4.689883177751165
1,256,700,6,1,temperature,6.93920772011685,8.585644145124043,0.808233791527193
1,256,700,6,2,temperature,10.913963794548582,6.857750280841892,1.5914787426772163
1,256,700,6,3,temperature,10.448101471090034,5.595503425158137,1.8672317175455495
1,256,700,6,5,temperature,7.4646088252203935,4.228495628067508,1.7653107586708898
1,256,700,6,7,temperature,6.6658328203524215,3.497812416957201,1.9057147799112477
1,256,700,6,10,temperature,5.274617281967225,2.581661702999672,2.043109395719264
1,256,700,6,20,temperature,2.748436586213717,2.3380640474223027,1.1755180912361434
1,256,700,6,30,temperature,3.3702837294304326,2.0263439145660045,1.6632338198880068
1,256,700,6,50,temperature,0.920146484946664,0.5925003334836259,1.5529889739245064
1,256,700,6,70,temperature,2.6047887354929586,0.5706100911703732,4.5649188049764415
1,256,700,6,100,temperature,4.662423626707342,0.45749890306441693,10.191114329406078
1,256,700,6,125,temperature,3.664272265375862,0.36691240447176915,9.986776736674209
1,256,700,6,150,temperature,0.8870727004575649,0.327471433827833,2.708855212463938
1,256,700,6,175,temperature,0.609843954265452,0.30621465563802763,1.9915570435215897
1,256,700,6,200,temperature,0.8896835664974593,0.31506225114522685,2.8238342208992937
1,256,700,6,225,temperature,0.7769115729595325,0.32288913260873686,2.406124872282278
1,256,700,6,250,temperature,0.7987575511468759,0.31689929214080653,2.5205406605703846
1,256,700,6,300,temperature,1.3828393736077629,0.31351115945525054,4.410813879833022
1,256,700,6,350,temperature,1.2022676573723563,0.3036021504230704,3.9600103480722817
1,256,700,6,400,temperature,0.6390373999757424,0.30196674989182404,2.1162508792927364
1,256,700,6,450,temperature,0.48734249118323286,0.30076424636283866,1.620347155876062
1,256,700,6,500,temperature,0.6430946600774974,0.30229639005800685,2.127364669998526
1,256,700,6,550,temperature,0.9717491161759081,0.31002479252728576,3.134423889955133
1,256,700,6,600,temperature,1.1691978786127704,0.3179765382408303,3.6769941741023637
1,256,700,6,650,temperature,2.1323818973003634,0.33060825539124505,6.449874927584254
1,256,700,6,700,temperature,1.2363979779253713,0.34310377892444033,3.6035685232066643
1,256,700,6,750,temperature,1.395983374064189,0.36546232228631653,3.8197737193015606
1,256,700,6,775,temperature,0.7734196038025469,0.3751180538068075,2.061803200228992
1,256,700,6,800,temperature,1.165526518157602,0.39138594820423345,2.977946764581864
1,256,700,6,825,temperature,1.3391111061606473,0.4166086232846167,3.214314422017616
1,256,700,6,850,temperature,3.4570395339182967,0.4357134643717728,7.934204050597288
1,256,700,6,875,temperature,3.713465571668891,0.4444190285900196,8.35577536688825
1,256,700,6,900,temperature,1.1935632585754445,0.44668719440069277,2.6720337487552417
1,256,700,6,925,temperature,1.2835926870445908,0.4469750334402169,2.8717324034078784
1,256,700,6,950,temperature,1.119123941135609,0.4578317390549868,2.4444000834140494
1,256,700,6,975,temperature,1.2707797927058397,0.4764615387155689,2.667119356856318
1,256,700,6,1000,temperature,1.3858423329781469,0.49038267063452684,2.826042631532935
1,256,700,6,1,u_component_of_wind,29.536646810613274,27.204844325386265,1.0857127670843196
1,256,700,6,2,u_component_of_wind,19.6092036244586,22.446676899018403,0.8735904968327902
1,256,700,6,3,u_component_of_wind,15.655545377447767,17.96488830999068,0.8714524191470405
1,256,700,6,5,u_component_of_wind,15.367266613927937,12.295344974765397,1.2498442821626607
1,256,700,6,7,u_component_of_wind,11.353379159677024,9.294833048770784,1.2214720910106587
1,256,700,6,10,u_component_of_wind,9.63762769190422,7.639593738633105,1.261536676115006
1,256,700,6,20,u_component_of_wind,8.578319483766416,5.407237474167488,1.5864514042056486
1,256,700,6,30,u_component_of_wind,6.79526721449346,4.887009149787574,1.3904756480328737
1,256,700,6,50,u_component_of_wind,9.01236552871175,1.0080882920647531,8.940055746756807
1,256,700,6,70,u_component_of_wind,3.532023033306099,0.9873005182055209,3.577454856121991
1,256,700,6,100,u_component_of_wind,3.363123570404951,0.9996051790556035,3.3644519264919452
1,256,700,6,125,u_component_of_wind,4.250908802985872,0.9860765232044753,4.310931964155882
1,256,700,6,150,u_component_of_wind,3.215800564522023,1.008586578339923,3.1884229213272404
1,256,700,6,175,u_component_of_wind,2.7896841272244184,1.0400778167887839,2.6821878922843516
1,256,700,6,200,u_component_of_wind,8.724877561660604,1.0819338724505698,8.064150484445818
1,256,700,6,225,u_component_of_wind,4.431442117255066,1.1608111637816696,3.8175391963137173
1,256,700,6,250,u_component_of_wind,3.6425836663149767,1.2270676950135933,2.968527067510016
1,256,700,6,300,u_component_of_wind,10.1913360774175,1.2830383898066335,7.943126377499456
1,256,700,6,350,u_component_of_wind,8.83760851545311,1.2326156977467604,7.169800394079346
1,256,700,6,400,u_component_of_wind,3.470583477217197,1.156851315813363,3.000025525991719
1,256,700,6,450,u_component_of_wind,2.2860118049828717,1.0782033970540394,2.120204602609221
1,256,700,6,500,u_component_of_wind,1.7346432801759326,1.0116793591201603,1.714617644946835
1,256,700,6,550,u_component_of_wind,2.125930931427988,0.9726858959108473,2.1856294414932513
1,256,700,6,600,u_component_of_wind,2.353286945187817,0.9395080895405804,2.5048075385264377
1,256,700,6,650,u_component_of_wind,4.779273911598144,0.9249772579484165,5.166909640782403
1,256,700,6,700,u_component_of_wind,2.9569328229106904,0.9065132547455201,3.2618748897839027
1,256,700,6,750,u_component_of_wind,2.4567972020481332,0.891739235815678,2.755062358337176
1,256,700,6,775,u_component_of_wind,3.044259712606308,0.8804262263120204,3.4577113012163174
1,256,700,6,800,u_component_of_wind,3.1678187258667525,0.8758255989947605,3.6169515135235315
1,256,700,6,825,u_component_of_wind,2.593103084834946,0.871877105839213,2.974161229223918
1,256,700,6,850,u_component_of_wind,2.622737843525435,0.8621702091975713,3.0420186357012247
1,256,700,6,875,u_component_of_wind,3.767800644885337,0.8469161548081213,4.44884729556136
1,256,700,6,900,u_component_of_wind,3.58329474029812,0.8358403242679547,4.2870565540570675
1,256,700,6,925,u_component_of_wind,4.007043787868989,0.8269162330630735,4.845767476381552
1,256,700,6,950,u_component_of_wind,2.446570018693727,0.8123438089459414,3.011742062598199
1,256,700,6,975,u_component_of_wind,2.0096618346474826,0.772936429394987,2.600035084671242
1,256,700,6,1000,u_component_of_wind,2.7674507886671234,0.706530603585151,3.916958125556398
1,256,700,6,1,v_component_of_wind,12.875332986793042,10.217615421462448,1.260111332801582
1,256,700,6,2,v_component_of_wind,8.976185527002741,8.013975230005627,1.1200665424313319
1,256,700,6,3,v_component_of_wind,7.693317195424289,6.99604354491347,1.0996668539917505
1,256,700,6,5,v_component_of_wind,6.261444734321841,5.856882113139169,1.0690747420500555
1,256,700,6,7,v_component_of_wind,5.873575771395303,5.04879805780746,1.1633612008530243
1,256,700,6,10,v_component_of_wind,5.99423318005681,4.212054649797571,1.4231138193672035
1,256,700,6,20,v_component_of_wind,6.357607658928986,3.132682837034625,2.0294450442825713
1,256,700,6,30,v_component_of_wind,4.204500261986825,2.934383552770658,1.432839363489792
1,256,700,6,50,v_component_of_wind,5.209026236468828,1.0162184764490427,5.125892076545048
1,256,700,6,70,v_component_of_wind,15.023633997669396,1.0146993114070182,14.805996051024309
1,256,700,6,100,v_component_of_wind,9.207664366876974,1.0124299104952352,9.094619065899582
1,256,700,6,125,v_component_of_wind,5.780022125056216,0.9845476252423212,5.87073898394058
1,256,700,6,150,v_component_of_wind,6.594691504641597,0.990590970267721,6.657330525493575
1,256,700,6,175,v_component_of_wind,4.731609618363271,1.0026061549574068,4.719310364261909
1,256,700,6,200,v_component_of_wind,2.9515900860148503,1.0506483400486595,2.809303525743115
1,256,700,6,225,v_component_of_wind,2.498743000527707,1.1539458111821337,2.165390243037432
1,256,700,6,250,v_component_of_wind,6.286604641366677,1.2472675204999661,5.040301730014341
1,256,700,6,300,v_component_of_wind,11.322301070654358,1.347740651303455,8.400949440609436
1,256,700,6,350,v_component_of_wind,5.774040514582385,1.3290593707296534,4.344456419138324
1,256,700,6,400,v_component_of_wind,4.715157768156134,1.2521074225075,3.7657773473728375
1,256,700,6,450,v_component_of_wind,2.8655997051945996,1.1675815532403064,2.4543036820356603
1,256,700,6,500,v_component_of_wind,2.3215596826538505,1.093600898328093,2.1228582439929156
1,256,700,6,550,v_component_of_wind,1.871607890276825,1.0396268502141275,1.800268904070088
1,256,700,6,600,v_component_of_wind,2.385081204501683,0.9974577749310111,2.3911600715796184
1,256,700,6,650,v_component_of_wind,5.526796239706901,0.9792344605076282,5.643996879809406
1,256,700,6,700,v_component_of_wind,2.4364539023818983,0.9604954173243057,2.5366637450173735
1,256,700,6,750,v_component_of_wind,3.4082181233238695,0.9424057204498179,3.6165083141654737
1,256,700,6,775,v_component_of_wind,5.0196808281000935,0.9308451007215435,5.392605949377715
1,256,700,6,800,v_component_of_wind,6.103173238735395,0.9278565426619727,6.5777121334141855
1,256,700,6,825,v_component_of_wind,3.588889715004865,0.924852716790928,3.880498645727792
1,256,700,6,850,v_component_of_wind,2.997400255191167,0.9187872484327434,3.2623442046067765
1,256,700,6,875,v_component_of_wind,2.9593850938653294,0.905953755531246,3.266596198533294
1,256,700,6,900,v_component_of_wind,3.7720550000999515,0.8963129279150315,4.208413024761743
1,256,700,6,925,v_component_of_wind,2.445389474010255,0.891872274973568,2.7418606258196867
1,256,700,6,950,v_component_of_wind,3.3522945212984814,0.8758473474280674,3.8274872112617806
1,256,700,6,975,v_component_of_wind,6.440787921762153,0.8252007431177929,7.805116482842001
1,256,700,6,1000,v_component_of_wind,7.188850886914839,0.7474144380338668,9.618292771846479
1,256,700,6,1,specific_humidity,4.165622687961281e-07,9.093771566984339e-07,0.4580742607484122
1,256,700,6,2,specific_humidity,2.5286292425489717e-07,7.335056784697729e-07,0.34473206094657033
1,256,700,6,3,specific_humidity,1.5709498318798402e-07,5.95589768955808e-07,0.26376373701550315
1,256,700,6,5,specific_humidity,2.0876205404629296e-07,4.224884578703961e-07,0.4941248693481076
1,256,700,6,7,specific_humidity,2.774186955856412e-07,3.348673087158939e-07,0.8284436502609072
1,256,700,6,10,specific_humidity,3.5789197405058327e-07,2.470444360450041e-07,1.4486947359761062
1,256,700,6,20,specific_humidity,3.4031170475651217e-07,1.196116131921905e-07,2.8451393278151293
1,256,700,6,30,specific_humidity,1.3261197751769123e-07,1.0382307119485337e-07,1.277288140213145
1,256,700,6,50,specific_humidity,3.3817328058236777e-07,1.2568902329994858e-08,26.905554017659878
1,256,700,6,70,specific_humidity,3.271022036628685e-07,2.414820950784697e-08,13.545608984242767
1,256,700,6,100,specific_humidity,4.1901700083036347e-07,8.178295415058188e-08,5.1235248858686795
1,256,700,6,125,specific_humidity,1.065915275083379e-06,2.1831824920281115e-07,4.882392007885587
1,256,700,6,150,specific_humidity,2.603931558166955e-06,5.992997945378687e-07,4.344956534108101
1,256,700,6,175,specific_humidity,5.148692921909044e-06,1.5910159323679622e-06,3.2361039365872797
1,256,700,6,200,specific_humidity,1.5916120050663307e-05,3.764010817253872e-06,4.228500082333799
1,256,700,6,225,specific_humidity,5.3496466394110524e-05,7.610957609189218e-06,7.028874570201345
1,256,700,6,250,specific_humidity,6.433498235664315e-05,1.317197315186294e-05,4.8842327276945685
1,256,700,6,300,specific_humidity,0.00020411490105927795,2.9177964649465544e-05,6.995515400455348
1,256,700,6,350,specific_humidity,0.0002841922416929718,5.435803037432676e-05,5.2281556144682435
1,256,700,6,400,specific_humidity,0.0005194640978940832,8.676819061223045e-05,5.9868033922198896
1,256,700,6,450,specific_humidity,0.00044809706447461304,0.00012779900835098047,3.506264017667358
1,256,700,6,500,specific_humidity,0.0009842282380628945,0.00016685150995882826,5.898827276455331
1,256,700,6,550,specific_humidity,0.0012406635528683528,0.00021487303231659992,5.773937936708244
1,256,700,6,600,specific_humidity,0.0014971679850918971,0.00025206401385736966,5.939633992891461
1,256,700,6,650,specific_humidity,0.0013930210714181617,0.0002942486987821947,4.7341622144242255
1,256,700,6,700,specific_humidity,0.0010816766417382235,0.0003363237500858548,3.2161767982846867
1,256,700,6,750,specific_humidity,0.0019403655558179766,0.00037860520076298974,5.125036718744555
1,256,700,6,775,specific_humidity,0.0028072617800037774,0.00039260193803214373,7.150402247311211
1,256,700,6,800,specific_humidity,0.004047261734998858,0.00040466835784564294,10.001428716951102
1,256,700,6,825,specific_humidity,0.0020841172256468522,0.000413348603569168,5.042032820846593
1,256,700,6,850,specific_humidity,0.002030288703764886,0.0004130505235106746,4.915351968346838
1,256,700,6,875,specific_humidity,0.0036977077132555767,0.00039473209948691704,9.367638755657199
1,256,700,6,900,specific_humidity,0.00213688960801758,0.00036987817005644063,5.777279604501955
1,256,700,6,925,specific_humidity,0.0008843311875941772,0.00034080341872750274,2.5948424780951647
1,256,700,6,950,specific_humidity,0.0011081302427269175,0.000303403494668488,3.652331835985308
1,256,700,6,975,specific_humidity,0.0008363264249785972,0.0002819638950214839,2.966076294679056
1,256,700,6,1000,specific_humidity,0.0005659774575503677,0.000275698375966985,2.0528864399917386
1,256,700,6,1,specific_cloud_ice_water_content,1.5256250576185771e-06,1.4206039464794252e-06,1.0739270867150676
1,256,700,6,2,specific_cloud_ice_water_content,1.529348045216906e-06,1.4056207277356892e-06,1.0880232590768129
1,256,700,6,3,specific_cloud_ice_water_content,1.5316403812419828e-06,1.4049656067194154e-06,1.0901621889651463
1,256,700,6,5,specific_cloud_ice_water_content,1.5367194307613888e-06,1.3990578523496726e-06,1.098395915637454
1,256,700,6,7,specific_cloud_ice_water_content,1.5279131981056498e-06,1.4027574858603023e-06,1.0892212043114424
1,256,700,6,10,specific_cloud_ice_water_content,1.5271855055721157e-06,1.4106221265270812e-06,1.082632603624339
1,256,700,6,20,specific_cloud_ice_water_content,1.3665066178768412e-06,1.1857876167668038e-06,1.1524041898858668
1,256,700,6,30,specific_cloud_ice_water_content,1.3239272335313064e-06,1.01028739149733e-06,1.3104461608385867
1,256,700,6,50,specific_cloud_ice_water_content,1.299127723416977e-06,7.708389414940023e-07,1.6853426228040207
1,256,700,6,70,specific_cloud_ice_water_content,1.2286626710003754e-06,6.990539799351904e-07,1.7576077188120514
1,256,700,6,100,specific_cloud_ice_water_content,2.3389282370816874e-06,9.788538346792786e-07,2.3894560701680625
1,256,700,6,125,specific_cloud_ice_water_content,2.9412401107307988e-06,2.300681746129077e-06,1.2784211096034765
1,256,700,6,150,specific_cloud_ice_water_content,4.441369294635389e-06,3.7490564957738998e-06,1.184663207834263
1,256,700,6,175,specific_cloud_ice_water_content,6.120344241216093e-06,4.960764079174599e-06,1.233750314172254
1,256,700,6,200,specific_cloud_ice_water_content,7.442080454001334e-06,6.1763666793779366e-06,1.2049285349021532
1,256,700,6,225,specific_cloud_ice_water_content,8.957785417868995e-06,7.1781582016565255e-06,1.2479225403254248
1,256,700,6,250,specific_cloud_ice_water_content,1.0065796324560904e-05,7.50072130594897e-06,1.3419771131314429
1,256,700,6,300,specific_cloud_ice_water_content,1.0337773803622831e-05,7.689260186203563e-06,1.3444432303346112
1,256,700,6,350,specific_cloud_ice_water_content,9.865880375719033e-06,7.394346892745032e-06,1.334246353170007
1,256,700,6,400,specific_cloud_ice_water_content,9.058461340098295e-06,6.521993740155893e-06,1.3889098488895166
1,256,700,6,450,specific_cloud_ice_water_content,7.851563893180188e-06,5.656019550027895e-06,1.3881783511765735
1,256,700,6,500,specific_cloud_ice_water_content,6.481708201145848e-06,4.817655002351666e-06,1.345407298360281
1,256,700,6,550,specific_cloud_ice_water_content,5.432692891533985e-06,3.980803809296654e-06,1.3647225916651888
1,256,700,6,600,specific_cloud_ice_water_content,4.563986596605369e-06,3.3726014668895825e-06,1.353254050741594
1,256,700,6,650,specific_cloud_ice_water_content,3.885702489379751e-06,2.8844669380874784e-06,1.3471128540499526
1,256,700,6,700,specific_cloud_ice_water_content,3.4392607102365126e-06,2.5674993548664024e-06,1.3395371273288874
1,256,700,6,750,specific_cloud_ice_water_content,3.3127408098859738e-06,2.2538395465582705e-06,1.4698210504579619
1,256,700,6,775,specific_cloud_ice_water_content,2.7911532038322995e-06,2.1856198644839124e-06,1.2770533655866871
1,256,700,6,800,specific_cloud_ice_water_content,3.031430593660663e-06,2.159897297531843e-06,1.4035068228127041
1,256,700,6,825,specific_cloud_ice_water_content,2.853664386401501e-06,2.114584282775733e-06,1.3495155570983466
1,256,700,6,850,specific_cloud_ice_water_content,2.506468799918615e-06,1.994722956575078e-06,1.2565498339790504
1,256,700,6,875,specific_cloud_ice_water_content,2.5577129557119166e-06,1.7715402042323753e-06,1.4437792321062208
1,256,700,6,900,specific_cloud_ice_water_content,2.3277444372279543e-06,1.560506010189548e-06,1.4916600269583151
1,256,700,6,925,specific_cloud_ice_water_content,2.7304149006958244e-06,1.393651179751738e-06,1.959180991890822
1,256,700,6,950,specific_cloud_ice_water_content,1.8122717936393367e-06,1.2220703361723148e-06,1.4829521182189978
1,256,700,6,975,specific_cloud_ice_water_content,1.752961086751719e-06,1.0380023373445382e-06,1.6887833713710305
1,256,700,6,1000,specific_cloud_ice_water_content,1.379327207308885e-06,9.404953549931882e-07,1.466596512131498
1,256,700,6,1,specific_cloud_liquid_water_content,4.658166818228623e-06,2.607430654687599e-06,1.7864969140614504
1,256,700,6,2,specific_cloud_liquid_water_content,4.6199535512843655e-06,2.6116698308202425e-06,1.7689653940036458
1,256,700,6,3,specific_cloud_liquid_water_content,4.612719688252978e-06,2.5949910173011508e-06,1.777547458738532
1,256,700,6,5,specific_cloud_liquid_water_content,4.606457969670079e-06,2.6077422040062975e-06,1.766454507118509
1,256,700,6,7,specific_cloud_liquid_water_content,4.624527763309377e-06,2.625027431847605e-06,1.7617064519796042
1,256,700,6,10,specific_cloud_liquid_water_content,4.625297081687343e-06,2.5969440454393827e-06,1.7810538081519498
1,256,700,6,20,specific_cloud_liquid_water_content,4.3704894474199795e-06,2.2785213747666373e-06,1.918125278885127
1,256,700,6,30,specific_cloud_liquid_water_content,4.487569637646939e-06,1.9447560652356706e-06,2.307523147949727
1,256,700,6,50,specific_cloud_liquid_water_content,4.289614876433197e-06,1.9026943828573445e-06,2.254494949415538
1,256,700,6,70,specific_cloud_liquid_water_content,5.978846096537534e-06,1.5165505909421657e-06,3.942398052690838
1,256,700,6,100,specific_cloud_liquid_water_content,7.761574060405253e-06,1.5032028760004338e-06,5.163357644083574
1,256,700,6,125,specific_cloud_liquid_water_content,4.777191562569941e-06,1.3879582471183588e-06,3.4418842011193176
1,256,700,6,150,specific_cloud_liquid_water_content,3.660338556865326e-06,1.480373494315754e-06,2.472577745359577
1,256,700,6,175,specific_cloud_liquid_water_content,2.5401336440425597e-06,1.6357976890769738e-06,1.552840953990999
1,256,700,6,200,specific_cloud_liquid_water_content,2.974046912673886e-06,1.8112852966820385e-06,1.6419538755831706
1,256,700,6,225,specific_cloud_liquid_water_content,2.3554955936958297e-06,1.6772163907512642e-06,1.4044076880507639
1,256,700,6,250,specific_cloud_liquid_water_content,2.4325046973584025e-06,1.7577519747550994e-06,1.3838725441894688
1,256,700,6,300,specific_cloud_liquid_water_content,3.330013278411754e-06,2.2215981351880656e-06,1.498926932674013
1,256,700,6,350,specific_cloud_liquid_water_content,3.6039913529368397e-06,2.753910700547746e-06,1.3086812699554908
1,256,700,6,400,specific_cloud_liquid_water_content,5.270704567668782e-06,3.771407205589865e-06,1.3975432193735813
1,256,700,6,450,specific_cloud_liquid_water_content,7.475560256994058e-06,5.561933571204527e-06,1.3440578103443808
1,256,700,6,500,specific_cloud_liquid_water_content,1.0468549739145362e-05,8.249067358806768e-06,1.2690585836917743
1,256,700,6,550,specific_cloud_liquid_water_content,1.342312709453666e-05,1.1006397365588961e-05,1.2195750024893253
1,256,700,6,600,specific_cloud_liquid_water_content,1.3546951294892017e-05,9.540017729517219e-06,1.4200132199940443
1,256,700,6,650,specific_cloud_liquid_water_content,1.3408187627182331e-05,9.543024885674254e-06,1.405024904347715
1,256,700,6,700,specific_cloud_liquid_water_content,1.458112780454883e-05,1.0752393249598763e-05,1.3560820801539173
1,256,700,6,750,specific_cloud_liquid_water_content,1.8435353846095175e-05,1.2409822064669506e-05,1.4855453809108372
1,256,700,6,775,specific_cloud_liquid_water_content,2.2417612923899852e-05,1.307133403266907e-05,1.7150210428309542
1,256,700,6,800,specific_cloud_liquid_water_content,3.405881569646924e-05,1.4138016620359287e-05,2.4090236000588114
1,256,700,6,825,specific_cloud_liquid_water_content,5.7909304820514544e-05,1.60658139419533e-05,3.6045048840814515
1,256,700,6,850,specific_cloud_liquid_water_content,0.00015366292124278233,1.7874178422521548e-05,8.596922197507347
1,256,700,6,875,specific_cloud_liquid_water_content,0.00023739295966036388,1.8107670967379836e-05,13.110076944076173
1,256,700,6,900,specific_cloud_liquid_water_content,9.101880915960267e-05,1.7254756612115812e-05,5.274998147217666
1,256,700,6,925,specific_cloud_liquid_water_content,3.013624757415241e-05,1.5449699350835324e-05,1.9506041437966897
1,256,700,6,950,specific_cloud_liquid_water_content,4.041296185031309e-05,1.305610728390447e-05,3.0953300988981662
1,256,700,6,975,specific_cloud_liquid_water_content,1.811899364268459e-05,9.737965528549028e-06,1.8606549375806167
1,256,700,6,1000,specific_cloud_liquid_water_content,1.2416203654548345e-05,7.395349420625011e-06,1.6789204875053763
1,256,800,6,1,geopotential,2529.2237420501724,30017.112690917347,0.08425939456913427
1,256,800,6,2,geopotential,1611.3224926609935,20502.3884876883,0.07859194033068849
1,256,800,6,3,geopotential,1425.4713800360657,15455.170984071645,0.0922326502570033
1,256,800,6,5,geopotential,851.9359618573651,9454.636002500229,0.0901077483714947
1,256,800,6,7,geopotential,698.1719305128267,5951.390274193691,0.11731240909207838
1,256,800,6,10,geopotential,578.8688169671603,2712.6580123551735,0.2133954277799202
1,256,800,6,20,geopotential,478.6527829545284,1383.490532900262,0.3459747440057367
1,256,800,6,30,geopotential,420.1188262456585,1782.3774993327822,0.2357069848575436
1,256,800,6,50,geopotential,339.2714644330717,48.71837840567823,6.9639317960864
1,256,800,6,70,geopotential,299.943396428656,44.25181490018717,6.778103838344206
1,256,800,6,100,geopotential,203.0789719393,32.36684696735586,6.274289619378705
1,256,800,6,125,geopotential,154.1641531760273,27.250452833998416,5.657306104788389
1,256,800,6,150,geopotential,131.48604504970092,25.853203015822537,5.085870596739195
1,256,800,6,175,geopotential,131.64437005325334,25.879460085026363,5.086828304019436
1,256,800,6,200,geopotential,135.51696892805177,26.94857391969595,5.028725057284246
1,256,800,6,225,geopotential,129.45959360035698,27.00899913723362,4.793202182078962
1,256,800,6,250,geopotential,127.26171803841271,27.853511372988223,4.568964980186612
1,256,800,6,300,geopotential,127.03010241151536,29.16670333614647,4.3553123212963945
1,256,800,6,350,geopotential,129.6699257087616,29.207937994145585,4.439543994333066
1,256,800,6,400,geopotential,130.3016338966289,28.084448168897442,4.639636610020114
1,256,800,6,450,geopotential,131.92470051100295,26.924804839753435,4.899745840171188
1,256,800,6,500,geopotential,126.14906423550474,25.5906557844183,4.929497129663816
1,256,800,6,550,geopotential,131.7004066424714,24.343130155875908,5.410167295625364
1,256,800,6,600,geopotential,129.25879414678406,23.777138524480296,5.436263661992073
1,256,800,6,650,geopotential,126.38653052040861,23.42100179145581,5.396290544946525
1,256,800,6,700,geopotential,145.05929421307175,23.71434595430227,6.116942651195278
1,256,800,6,750,geopotential,140.45443181477788,23.925957089770304,5.870378822790336
1,256,800,6,775,geopotential,138.4877367286146,24.122567562987896,5.7410031650652815
1,256,800,6,800,geopotential,148.11145186427407,24.41477679319394,6.066467578993506
1,256,800,6,825,geopotential,153.310174169738,24.82136838384357,6.176539979541532
1,256,800,6,850,geopotential,173.52156244243136,25.2001591806623,6.885732792338295
1,256,800,6,875,geopotential,172.19738260731958,25.662939695315867,6.709963264214425
1,256,800,6,900,geopotential,147.85559079043074,26.37463086834615,5.60597763542092
1,256,800,6,925,geopotential,145.04561515562756,27.231975129279554,5.326298017938329
1,256,800,6,950,geopotential,145.3846666342699,28.138298628468174,5.166789526044082
1,256,800,6,975,geopotential,140.15262924651464,29.473191721908822,4.755257949967208
1,256,800,6,1000,geopotential,149.27110474681973,31.291805198544278,4.770293813338834
1,256,800,6,1,temperature,6.959022509406081,8.585644145124043,0.8105416893336125
1,256,800,6,2,temperature,10.236222222038192,6.857750280841892,1.4926501845123386
1,256,800,6,3,temperature,9.418764256666156,5.595503425158137,1.6832737898645764
1,256,800,6,5,temperature,6.384363528409787,4.228495628067508,1.509842764417743
1,256,800,6,7,temperature,5.529162892571286,3.497812416957201,1.5807488319745822
1,256,800,6,10,temperature,4.348244264489848,2.581661702999672,1.6842811974309249
1,256,800,6,20,temperature,2.9902620010791585,2.3380640474223027,1.2789478561872156
1,256,800,6,30,temperature,3.180314663585561,2.0263439145660045,1.5694841535656645
1,256,800,6,50,temperature,0.922700791255888,0.5925003334836259,1.557300036998861
1,256,800,6,70,temperature,2.3078963380747766,0.5706100911703732,4.044611852799643
1,256,800,6,100,temperature,3.939006074361973,0.45749890306441693,8.609869986523993
1,256,800,6,125,temperature,4.092399534143727,0.36691240447176915,11.153614552866944
1,256,800,6,150,temperature,0.9485875107102435,0.327471433827833,2.896703079172885
1,256,800,6,175,temperature,0.7731643118753231,0.30621465563802763,2.524909561445911
1,256,800,6,200,temperature,0.8688840506043237,0.31506225114522685,2.7578170582035697
1,256,800,6,225,temperature,0.7920438996193883,0.32288913260873686,2.452990267031232
1,256,800,6,250,temperature,0.8749547300390562,0.31689929214080653,2.760986697471988
1,256,800,6,300,temperature,0.9271042472753488,0.31351115945525054,2.9571650619590795
1,256,800,6,350,temperature,0.9775769549221499,0.3036021504230704,3.219927637402745
1,256,800,6,400,temperature,0.6168150804892685,0.30196674989182404,2.0426589374831337
1,256,800,6,450,temperature,0.4992547537584959,0.30076424636283866,1.6599538003470016
1,256,800,6,500,temperature,0.5867885443959071,0.30229639005800685,1.9411033796444273
1,256,800,6,550,temperature,0.9107179995712803,0.31002479252728576,2.9375650642234574
1,256,800,6,600,temperature,1.0916563194303663,0.3179765382408303,3.4331348012964513
1,256,800,6,650,temperature,1.8694542754041652,0.33060825539124505,5.6545904251296895
1,256,800,6,700,temperature,1.1480601010413005,0.34310377892444033,3.3461015924692887
1,256,800,6,750,temperature,1.4089958946481398,0.36546232228631653,3.8553793612253164
1,256,800,6,775,temperature,0.7284411321413353,0.3751180538068075,1.9418983563944792
1,256,800,6,800,temperature,1.1650031144129276,0.39138594820423345,2.9766094561090486
1,256,800,6,825,temperature,1.16929917777026,0.4166086232846167,2.806709012769099
1,256,800,6,850,temperature,3.761556772470953,0.4357134643717728,8.63309739095279
1,256,800,6,875,temperature,3.1523756375924927,0.4444190285900196,7.093250816900972
1,256,800,6,900,temperature,1.100483482555137,0.44668719440069277,2.463655767055565
1,256,800,6,925,temperature,1.1881647632646057,0.4469750334402169,2.658235190721281
1,256,800,6,950,temperature,1.060277760598695,0.4578317390549868,2.3158677526097704
1,256,800,6,975,temperature,1.4864435542484853,0.4764615387155689,3.1197556013767582
1,256,800,6,1000,temperature,1.6803301300177806,0.49038267063452684,3.4265691482195537
1,256,800,6,1,u_component_of_wind,26.794139956974888,27.204844325386265,0.9849032634225322
1,256,800,6,2,u_component_of_wind,18.603431159662094,22.446676899018403,0.8287833091443315
1,256,800,6,3,u_component_of_wind,14.847178238852502,17.96488830999068,0.8264553601814296
1,256,800,6,5,u_component_of_wind,15.001022111557708,12.295344974765397,1.2200570331572935
1,256,800,6,7,u_component_of_wind,11.812177466063929,9.294833048770784,1.2708326662872182
1,256,800,6,10,u_component_of_wind,10.100864620350848,7.639593738633105,1.322173006304144
1,256,800,6,20,u_component_of_wind,9.348184302758973,5.407237474167488,1.7288281395849447
1,256,800,6,30,u_component_of_wind,7.051831167860075,4.887009149787574,1.4429748240120648
1,256,800,6,50,u_component_of_wind,7.796070991181602,1.0080882920647531,7.7335200225505965
1,256,800,6,70,u_component_of_wind,3.301598047597919,0.9873005182055209,3.344065952278416
1,256,800,6,100,u_component_of_wind,4.133259677443489,0.9996051790556035,4.134892219494567
1,256,800,6,125,u_component_of_wind,6.6644676608644415,0.9860765232044753,6.7585704598328435
1,256,800,6,150,u_component_of_wind,5.551160236590882,1.008586578339923,5.503900563229565
1,256,800,6,175,u_component_of_wind,3.481256490787791,1.0400778167887839,3.347111566648051
1,256,800,6,200,u_component_of_wind,9.514949719114592,1.0819338724505698,8.794391192840022
1,256,800,6,225,u_component_of_wind,5.313145702553794,1.1608111637816696,4.577097350825542
1,256,800,6,250,u_component_of_wind,3.8444304766931308,1.2270676950135933,3.133022320052638
1,256,800,6,300,u_component_of_wind,10.304929574295954,1.2830383898066335,8.031661138252463
1,256,800,6,350,u_component_of_wind,9.635201983453754,1.2326156977467604,7.816874311325943
1,256,800,6,400,u_component_of_wind,3.8678476587226016,1.156851315813363,3.343426770451639
1,256,800,6,450,u_component_of_wind,2.3068871013057923,1.0782033970540394,2.139565788429965
1,256,800,6,500,u_component_of_wind,1.823001818310109,1.0116793591201603,1.8019561256004488
1,256,800,6,550,u_component_of_wind,2.2379594845290227,0.9726858959108473,2.300803881229656
1,256,800,6,600,u_component_of_wind,2.5023009119040003,0.9395080895405804,2.663416036287272
1,256,800,6,650,u_component_of_wind,4.738781880891341,0.9249772579484165,5.123133396167898
1,256,800,6,700,u_component_of_wind,3.398157937281557,0.9065132547455201,3.7486025929488487
1,256,800,6,750,u_component_of_wind,2.45023814057803,0.891739235815678,2.7477070001711716
1,256,800,6,775,u_component_of_wind,2.261283441000508,0.8804262263120204,2.568396276054498
1,256,800,6,800,u_component_of_wind,2.5133880526349217,0.8758255989947605,2.8697357733316924
1,256,800,6,825,u_component_of_wind,2.145495280254318,0.871877105839213,2.460777173623801
1,256,800,6,850,u_component_of_wind,2.900745315366548,0.8621702091975713,3.3644694335545355
1,256,800,6,875,u_component_of_wind,4.012962449559047,0.8469161548081213,4.738323182025297
1,256,800,6,900,u_component_of_wind,3.1179166453147715,0.8358403242679547,3.730277847082221
1,256,800,6,925,u_component_of_wind,2.7527268535511693,0.8269162330630735,3.3289065367050346
1,256,800,6,950,u_component_of_wind,2.0016809974276026,0.8123438089459414,2.4640810644262663
1,256,800,6,975,u_component_of_wind,1.8467810108462037,0.772936429394987,2.3893051751898464
1,256,800,6,1000,u_component_of_wind,2.179850779209782,0.706530603585151,3.085288546806829
1,256,800,6,1,v_component_of_wind,12.525211056971584,10.217615421462448,1.2258448317267798
1,256,800,6,2,v_component_of_wind,8.685569653368423,8.013975230005627,1.0838029073072546
1,256,800,6,3,v_component_of_wind,7.356496503957299,6.99604354491347,1.0515224007297523
1,256,800,6,5,v_component_of_wind,6.107071710940847,5.856882113139169,1.0427171988386807
1,256,800,6,7,v_component_of_wind,5.341672957523263,5.04879805780746,1.058008836234379
1,256,800,6,10,v_component_of_wind,4.81444427116938,4.212054649797571,1.1430156233610977
1,256,800,6,20,v_component_of_wind,4.9471364917703555,3.132682837034625,1.579201198820778
1,256,800,6,30,v_component_of_wind,4.7940254547851415,2.934383552770658,1.6337419320179194
1,256,800,6,50,v_component_of_wind,4.89898000929404,1.0162184764490427,4.820794074136965
1,256,800,6,70,v_component_of_wind,15.61268779530519,1.0146993114070182,15.386516596385663
1,256,800,6,100,v_component_of_wind,6.954143504274829,1.0124299104952352,6.868765365568047
1,256,800,6,125,v_component_of_wind,6.002026653458378,0.9845476252423212,6.0962278508174075
1,256,800,6,150,v_component_of_wind,7.458365550915916,0.990590970267721,7.5292080937303405
1,256,800,6,175,v_component_of_wind,4.526929016348415,1.0026061549574068,4.515161805026751
1,256,800,6,200,v_component_of_wind,3.5860656268129825,1.0506483400486595,3.4131930638627366
1,256,800,6,225,v_component_of_wind,2.9963098507907167,1.1539458111821337,2.5965776050794056
1,256,800,6,250,v_component_of_wind,8.53787813073827,1.2472675204999661,6.845266144119481
1,256,800,6,300,v_component_of_wind,12.942549129707452,1.347740651303455,9.603145172767611
1,256,800,6,350,v_component_of_wind,6.775773306137129,1.3290593707296534,5.098172027045887
1,256,800,6,400,v_component_of_wind,5.521479922218755,1.2521074225075,4.409749373708934
1,256,800,6,450,v_component_of_wind,3.2269106023872838,1.1675815532403064,2.7637560677726256
1,256,800,6,500,v_component_of_wind,2.8203652132405383,1.093600898328093,2.5789711928294303
1,256,800,6,550,v_component_of_wind,2.060463405246059,1.0396268502141275,1.9819259235385023
1,256,800,6,600,v_component_of_wind,2.5560153430767585,0.9974577749310111,2.562529870754223
1,256,800,6,650,v_component_of_wind,5.562872639225723,0.9792344605076282,5.680838311533654
1,256,800,6,700,v_component_of_wind,2.5284485026036414,0.9604954173243057,2.632442026269372
1,256,800,6,750,v_component_of_wind,3.8076565927601957,0.9424057204498179,4.0403581070611185
1,256,800,6,775,v_component_of_wind,5.720065012583837,0.9308451007215435,6.145023493328734
1,256,800,6,800,v_component_of_wind,7.7791766360149746,0.9278565426619727,8.384029511390755
1,256,800,6,825,v_component_of_wind,4.358492391508644,0.924852716790928,4.712634036078551
1,256,800,6,850,v_component_of_wind,3.3488437909474658,0.9187872484327434,3.6448522731022712
1,256,800,6,875,v_component_of_wind,3.1310275356635024,0.905953755531246,3.4560566878245194
1,256,800,6,900,v_component_of_wind,3.9484655337397028,0.8963129279150315,4.405231042382119
1,256,800,6,925,v_component_of_wind,2.2664646758928004,0.891872274973568,2.541243560867469
1,256,800,6,950,v_component_of_wind,2.430983328026927,0.8758473474280674,2.7755787982523765
1,256,800,6,975,v_component_of_wind,4.839689257572428,0.8252007431177929,5.864862941454706
1,256,800,6,1000,v_component_of_wind,5.59367532128921,0.7474144380338668,7.4840343411131025
1,256,800,6,1,specific_humidity,4.3222387352456375e-07,9.093771566984339e-07,0.47529660310996474
1,256,800,6,2,specific_humidity,2.6274886552150273e-07,7.335056784697729e-07,0.35820972247910193
1,256,800,6,3,specific_humidity,1.5969282076346156e-07,5.95589768955808e-07,0.2681255271450282
1,256,800,6,5,specific_humidity,1.9469886666842642e-07,4.224884578703961e-07,0.46083830940572784
1,256,800,6,7,specific_humidity,2.641739830074782e-07,3.348673087158939e-07,0.7888915284698845
1,256,800,6,10,specific_humidity,3.435138537420091e-07,2.470444360450041e-07,1.3904941930342896
1,256,800,6,20,specific_humidity,3.366285085372214e-07,1.196116131921905e-07,2.814346362809527
1,256,800,6,30,specific_humidity,1.4319383824117193e-07,1.0382307119485337e-07,1.3792101947401283
1,256,800,6,50,specific_humidity,2.906165347052023e-07,1.2568902329994858e-08,23.121870715127212
1,256,800,6,70,specific_humidity,2.881401666435981e-07,2.414820950784697e-08,11.932154495759482
1,256,800,6,100,specific_humidity,3.550553028684766e-07,8.178295415058188e-08,4.341434062344279
1,256,800,6,125,specific_humidity,7.693475233011783e-07,2.1831824920281115e-07,3.523972577237359
1,256,800,6,150,specific_humidity,3.051881746731231e-06,5.992997945378687e-07,5.0924124695964466
1,256,800,6,175,specific_humidity,4.30630319673385e-06,1.5910159323679622e-06,2.70663738126408
1,256,800,6,200,specific_humidity,1.3780321003550252e-05,3.764010817253872e-06,3.6610736984023946
1,256,800,6,225,specific_humidity,4.3599281243941175e-05,7.610957609189218e-06,5.728488251110589
1,256,800,6,250,specific_humidity,5.496298451611703e-05,1.317197315186294e-05,4.17272217931476
1,256,800,6,300,specific_humidity,0.0001985769898664975,2.9177964649465544e-05,6.805717679493277
1,256,800,6,350,specific_humidity,0.00029121681806526723,5.435803037432676e-05,5.357383556023925
1,256,800,6,400,specific_humidity,0.0004754406464614353,8.676819061223045e-05,5.47943483789115
1,256,800,6,450,specific_humidity,0.0004355340641303924,0.00012779900835098047,3.407961217776155
1,256,800,6,500,specific_humidity,0.0009641391723931564,0.00016685150995882826,5.778426414187467
1,256,800,6,550,specific_humidity,0.0011186576331832755,0.00021487303231659992,5.206133227249356
1,256,800,6,600,specific_humidity,0.0013881646081953481,0.00025206401385736966,5.507190760601157
1,256,800,6,650,specific_humidity,0.001415564257662597,0.0002942486987821947,4.8107749108872335
1,256,800,6,700,specific_humidity,0.0010801838906939424,0.0003363237500858548,3.2117383634613947
1,256,800,6,750,specific_humidity,0.0019020340685749861,0.00037860520076298974,5.0237927655031775
1,256,800,6,775,specific_humidity,0.0026483512543192937,0.00039260193803214373,6.7456397887227535
1,256,800,6,800,specific_humidity,0.003681617131345707,0.00040466835784564294,9.097862632368273
1,256,800,6,825,specific_humidity,0.00191176596366881,0.000413348603569168,4.6250693655697885
1,256,800,6,850,specific_humidity,0.0020219025708128288,0.0004130505235106746,4.8950490453998325
1,256,800,6,875,specific_humidity,0.0032711990015621014,0.00039473209948691704,8.287137037535306
1,256,800,6,900,specific_humidity,0.0018480719223285254,0.00036987817005644063,4.996434155728962
1,256,800,6,925,specific_humidity,0.0008584888121853455,0.00034080341872750274,2.519014672419616
1,256,800,6,950,specific_humidity,0.000995504530051407,0.000303403494668488,3.28112413846498
1,256,800,6,975,specific_humidity,0.000673724269523277,0.0002819638950214839,2.389399073494652
1,256,800,6,1000,specific_humidity,0.0005845004776789694,0.000275698375966985,2.1200722551552627
1,256,800,6,1,specific_cloud_ice_water_content,1.4833588381083603e-06,1.4206039464794252e-06,1.0441747974757185
1,256,800,6,2,specific_cloud_ice_water_content,1.4944005301669886e-06,1.4056207277356892e-06,1.063160567199599
1,256,800,6,3,specific_cloud_ice_water_content,1.4866934704687789e-06,1.4049656067194154e-06,1.0581707220151797
1,256,800,6,5,specific_cloud_ice_water_content,1.492676564852965e-06,1.3990578523496726e-06,1.066915540587591
1,256,800,6,7,specific_cloud_ice_water_content,1.4873534416721007e-06,1.4027574858603023e-06,1.0603069002764338
1,256,800,6,10,specific_cloud_ice_water_content,1.485069794689084e-06,1.4106221265270812e-06,1.0527764783792888
1,256,800,6,20,specific_cloud_ice_water_content,1.3162430805809587e-06,1.1857876167668038e-06,1.1100158763420533
1,256,800,6,30,specific_cloud_ice_water_content,1.2984755599634088e-06,1.01028739149733e-06,1.2852536524671063
1,256,800,6,50,specific_cloud_ice_water_content,1.1752624834335629e-06,7.708389414940023e-07,1.5246537508285798
1,256,800,6,70,specific_cloud_ice_water_content,1.2347807137074983e-06,6.990539799351904e-07,1.7663596076256878
1,256,800,6,100,specific_cloud_ice_water_content,1.817907985845592e-06,9.788538346792786e-07,1.8571802259335577
1,256,800,6,125,specific_cloud_ice_water_content,2.906080169964963e-06,2.300681746129077e-06,1.263138708712961
1,256,800,6,150,specific_cloud_ice_water_content,4.455966205838238e-06,3.7490564957738998e-06,1.1885566970946417
1,256,800,6,175,specific_cloud_ice_water_content,6.146060098114323e-06,4.960764079174599e-06,1.238934164177576
1,256,800,6,200,specific_cloud_ice_water_content,7.503032547282275e-06,6.1763666793779366e-06,1.2147971350752051
1,256,800,6,225,specific_cloud_ice_water_content,8.932262728981032e-06,7.1781582016565255e-06,1.2443669362037335
1,256,800,6,250,specific_cloud_ice_water_content,1.0081046843898883e-05,7.50072130594897e-06,1.3440103201679292
1,256,800,6,300,specific_cloud_ice_water_content,1.0639031329481484e-05,7.689260186203563e-06,1.3836222304677037
1,256,800,6,350,specific_cloud_ice_water_content,1.0345516203007055e-05,7.394346892745032e-06,1.3991115582036817
1,256,800,6,400,specific_cloud_ice_water_content,9.098749291877249e-06,6.521993740155893e-06,1.3950870936683488
1,256,800,6,450,specific_cloud_ice_water_content,7.833411530185261e-06,5.656019550027895e-06,1.3849689628718889
1,256,800,6,500,specific_cloud_ice_water_content,6.477859506947748e-06,4.817655002351666e-06,1.3446084254239208
1,256,800,6,550,specific_cloud_ice_water_content,5.399566956465362e-06,3.980803809296654e-06,1.3564011730131915
1,256,800,6,600,specific_cloud_ice_water_content,4.506632251571475e-06,3.3726014668895825e-06,1.3362480849917213
1,256,800,6,650,specific_cloud_ice_water_content,3.835993010503986e-06,2.8844669380874784e-06,1.3298793478449122
1,256,800,6,700,specific_cloud_ice_water_content,3.4022554578507494e-06,2.5674993548664024e-06,1.3251241724373415
1,256,800,6,750,specific_cloud_ice_water_content,2.9924444500991253e-06,2.2538395465582705e-06,1.3277096209749015
1,256,800,6,775,specific_cloud_ice_water_content,2.7166229827708607e-06,2.1856198644839124e-06,1.2429530985308523
1,256,800,6,800,specific_cloud_ice_water_content,2.903284225286547e-06,2.159897297531843e-06,1.3441769794351734
1,256,800,6,825,specific_cloud_ice_water_content,2.7880758419561464e-06,2.114584282775733e-06,1.3184983283316316
1,256,800,6,850,specific_cloud_ice_water_content,2.5771625280968926e-06,1.994722956575078e-06,1.291990208265241
1,256,800,6,875,specific_cloud_ice_water_content,2.4146918890728246e-06,1.7715402042323753e-06,1.3630466208465943
1,256,800,6,900,specific_cloud_ice_water_content,2.257219679334074e-06,1.560506010189548e-06,1.44646650803985
1,256,800,6,925,specific_cloud_ice_water_content,2.6220169169726657e-06,1.393651179751738e-06,1.8814011390136705
1,256,800,6,950,specific_cloud_ice_water_content,2.119818999875904e-06,1.2220703361723148e-06,1.7346129245845672
1,256,800,6,975,specific_cloud_ice_water_content,1.5035473891294162e-06,1.0380023373445382e-06,1.4485009667471993
1,256,800,6,1000,specific_cloud_ice_water_content,1.3379378218173425e-06,9.404953549931882e-07,1.4225884420524681
1,256,800,6,1,specific_cloud_liquid_water_content,4.150246940389135e-06,2.607430654687599e-06,1.5916998340599715
1,256,800,6,2,specific_cloud_liquid_water_content,4.138849459721068e-06,2.6116698308202425e-06,1.5847521807230844
1,256,800,6,3,specific_cloud_liquid_water_content,4.1397645324014e-06,2.5949910173011508e-06,1.5952905057478188
1,256,800,6,5,specific_cloud_liquid_water_content,4.145639861997038e-06,2.6077422040062975e-06,1.589742979819115
1,256,800,6,7,specific_cloud_liquid_water_content,4.139918368192252e-06,2.625027431847605e-06,1.5770952783066357
1,256,800,6,10,specific_cloud_liquid_water_content,4.130403181909337e-06,2.5969440454393827e-06,1.590486013421404
1,256,800,6,20,specific_cloud_liquid_water_content,3.60143693741407e-06,2.2785213747666373e-06,1.5806026563094777
1,256,800,6,30,specific_cloud_liquid_water_content,3.0959357651123584e-06,1.9447560652356706e-06,1.5919404085967896
1,256,800,6,50,specific_cloud_liquid_water_content,4.654136729662077e-06,1.9026943828573445e-06,2.446076874769974
1,256,800,6,70,specific_cloud_liquid_water_content,5.8792230084503064e-06,1.5165505909421657e-06,3.8767074725794712
1,256,800,6,100,specific_cloud_liquid_water_content,5.2215218930672676e-06,1.5032028760004338e-06,3.473597593799282
1,256,800,6,125,specific_cloud_liquid_water_content,2.845964400135947e-06,1.3879582471183588e-06,2.050468309147383
1,256,800,6,150,specific_cloud_liquid_water_content,3.3172255642001706e-06,1.480373494315754e-06,2.2408031330859726
1,256,800,6,175,specific_cloud_liquid_water_content,2.7438093091895695e-06,1.6357976890769738e-06,1.6773524791674024
1,256,800,6,200,specific_cloud_liquid_water_content,2.8691521901828913e-06,1.8112852966820385e-06,1.5840421138727743
1,256,800,6,225,specific_cloud_liquid_water_content,2.223260937291479e-06,1.6772163907512642e-06,1.3255659493618641
1,256,800,6,250,specific_cloud_liquid_water_content,2.4121773896328005e-06,1.7577519747550994e-06,1.3723081664970849
1,256,800,6,300,specific_cloud_liquid_water_content,3.2741836885093633e-06,2.2215981351880656e-06,1.4737965596249445
1,256,800,6,350,specific_cloud_liquid_water_content,3.5949108712920356e-06,2.753910700547746e-06,1.3053839656373087
1,256,800,6,400,specific_cloud_liquid_water_content,5.395153698021394e-06,3.771407205589865e-06,1.4305412817859768
1,256,800,6,450,specific_cloud_liquid_water_content,7.4683613773532546e-06,5.561933571204527e-06,1.3427634979351002
1,256,800,6,500,specific_cloud_liquid_water_content,1.0661417580846407e-05,8.249067358806768e-06,1.2924391470102612
1,256,800,6,550,specific_cloud_liquid_water_content,1.3660534922753128e-05,1.1006397365588961e-05,1.2411449876834555
1,256,800,6,600,specific_cloud_liquid_water_content,1.541514543185385e-05,9.540017729517219e-06,1.615840333730066
1,256,800,6,650,specific_cloud_liquid_water_content,1.483927036346565e-05,9.543024885674254e-06,1.5549860281452252
1,256,800,6,700,specific_cloud_liquid_water_content,1.564392758080408e-05,1.0752393249598763e-05,1.4549251703929122
1,256,800,6,750,specific_cloud_liquid_water_content,1.9126328495945563e-05,1.2409822064669506e-05,1.5412250390275783
1,256,800,6,775,specific_cloud_liquid_water_content,2.3345707240345956e-05,1.307133403266907e-05,1.7860233073378917
1,256,800,6,800,specific_cloud_liquid_water_content,3.507677981968666e-05,1.4138016620359287e-05,2.4810255046082457
1,256,800,6,825,specific_cloud_liquid_water_content,6.424441806073756e-05,1.60658139419533e-05,3.998827466374023
1,256,800,6,850,specific_cloud_liquid_water_content,0.00016438137585735434,1.7874178422521548e-05,9.196583583961154
1,256,800,6,875,specific_cloud_liquid_water_content,0.00022628454761840927,1.8107670967379836e-05,12.49661251444489
1,256,800,6,900,specific_cloud_liquid_water_content,8.59421701294346e-05,1.7254756612115812e-05,4.9807813614182415
1,256,800,6,925,specific_cloud_liquid_water_content,3.397657189662984e-05,1.5449699350835324e-05,2.1991736618999527
1,256,800,6,950,specific_cloud_liquid_water_content,4.1736978801368564e-05,1.305610728390447e-05,3.1967398776526434
1,256,800,6,975,specific_cloud_liquid_water_content,2.7822853525650736e-05,9.737965528549028e-06,2.857152599696703
1,256,800,6,1000,specific_cloud_liquid_water_content,1.6665414094157537e-05,7.395349420625011e-06,2.2534992123129562
1,256,900,6,1,geopotential,2454.2361575195328,30017.112690917347,0.08176123342676266
1,256,900,6,2,geopotential,1575.559676609785,20502.3884876883,0.07684761595244914
1,256,900,6,3,geopotential,1297.9304410929055,15455.170984071645,0.08398033528264257
1,256,900,6,5,geopotential,839.661046746693,9454.636002500229,0.08880945247650456
1,256,900,6,7,geopotential,705.685142648302,5951.390274193691,0.11857483884198973
1,256,900,6,10,geopotential,615.9122673039972,2712.6580123551735,0.2270512038372475
1,256,900,6,20,geopotential,509.96235082813166,1383.490532900262,0.368605594834884
1,256,900,6,30,geopotential,390.10420809264434,1782.3774993327822,0.2188673321104404
1,256,900,6,50,geopotential,320.66468944944364,48.71837840567823,6.582006625492886
1,256,900,6,70,geopotential,293.4554964320986,44.25181490018717,6.63149064267774
1,256,900,6,100,geopotential,223.99257386699767,32.36684696735586,6.920432320544204
1,256,900,6,125,geopotential,163.00127704559503,27.250452833998416,5.98159883942296
1,256,900,6,150,geopotential,127.28710900584927,25.853203015822537,4.9234560579572175
1,256,900,6,175,geopotential,129.63374989009998,25.879460085026363,5.00913656869932
1,256,900,6,200,geopotential,130.72716192651174,26.94857391969595,4.850986264284915
1,256,900,6,225,geopotential,125.60980884618208,27.00899913723362,4.650665069370193
1,256,900,6,250,geopotential,122.56226472090833,27.853511372988223,4.400244661424152
1,256,900,6,300,geopotential,121.39228192031909,29.16670333614647,4.162015861761001
1,256,900,6,350,geopotential,124.12059495655774,29.207937994145585,4.249550070307475
1,256,900,6,400,geopotential,125.3861260181778,28.084448168897442,4.4646106366098595
1,256,900,6,450,geopotential,126.7632977764025,26.924804839753435,4.708048898807295
1,256,900,6,500,geopotential,121.38899312223774,25.5906557844183,4.743488957252489
1,256,900,6,550,geopotential,126.75783525454715,24.343130155875908,5.207129668324537
1,256,900,6,600,geopotential,124.32052057881725,23.777138524480296,5.228573675962741
1,256,900,6,650,geopotential,122.0328594968142,23.42100179145581,5.2104030640283225
1,256,900,6,700,geopotential,137.89589408195098,23.71434595430227,5.814872328660358
1,256,900,6,750,geopotential,132.98210480333384,23.925957089770304,5.558068348295717
1,256,900,6,775,geopotential,131.98451981121255,24.122567562987896,5.471412587676655
1,256,900,6,800,geopotential,142.06276930051052,24.41477679319394,5.818720789620861
1,256,900,6,825,geopotential,146.92688643230005,24.82136838384357,5.919370929119926
1,256,900,6,850,geopotential,166.3508736678076,25.2001591806623,6.601183447898984
1,256,900,6,875,geopotential,166.2922462829526,25.662939695315867,6.479859605223057
1,256,900,6,900,geopotential,146.14647627493747,26.37463086834615,5.54117617814083
1,256,900,6,925,geopotential,144.78631214234977,27.231975129279554,5.31677601257343
1,256,900,6,950,geopotential,146.01417634520413,28.138298628468174,5.189161515169868
1,256,900,6,975,geopotential,141.8815715011728,29.473191721908822,4.813919470951139
1,256,900,6,1000,geopotential,149.5102108646725,31.291805198544278,4.777934987005091
1,256,900,6,1,temperature,6.9068462902264836,8.585644145124043,0.8044645426108207
1,256,900,6,2,temperature,9.789843850803758,6.857750280841892,1.4275591046458909
1,256,900,6,3,temperature,9.059284215949502,5.595503425158137,1.6190293397405031
1,256,900,6,5,temperature,6.310866869564373,4.228495628067508,1.4924614862256682
1,256,900,6,7,temperature,5.5629229784038365,3.497812416957201,1.5904006033700075
1,256,900,6,10,temperature,4.4038201370993635,2.581661702999672,1.705808368301121
1,256,900,6,20,temperature,3.05011621989576,2.3380640474223027,1.3045477617512184
1,256,900,6,30,temperature,3.3875806228729837,2.0263439145660045,1.6717698306402862
1,256,900,6,50,temperature,0.9535406149579394,0.5925003334836259,1.6093503430648974
1,256,900,6,70,temperature,2.5486514364986768,0.5706100911703732,4.466537616380322
1,256,900,6,100,temperature,4.092558245578569,0.45749890306441693,8.9455039523938
1,256,900,6,125,temperature,4.404144156801588,0.36691240447176915,12.003257734341469
1,256,900,6,150,temperature,1.0055443599806697,0.327471433827833,3.0706322937143007
1,256,900,6,175,temperature,0.7235131644795001,0.30621465563802763,2.3627646526976016
1,256,900,6,200,temperature,0.8930089825507314,0.31506225114522685,2.834389011392869
1,256,900,6,225,temperature,0.7905911024172925,0.32288913260873686,2.4484908985007454
1,256,900,6,250,temperature,0.9375516809949105,0.31689929214080653,2.9585161729497713
1,256,900,6,300,temperature,0.9105780999064098,0.31351115945525054,2.904451954720235
1,256,900,6,350,temperature,0.9074979827281491,0.3036021504230704,2.9891026182243707
1,256,900,6,400,temperature,0.6346292223738306,0.30196674989182404,2.101652657457084
1,256,900,6,450,temperature,0.5032081301752447,0.30076424636283866,1.6730982364445672
1,256,900,6,500,temperature,0.576400138847478,0.30229639005800685,1.9067384123802276
1,256,900,6,550,temperature,0.891896919806324,0.31002479252728576,2.876856758892361
1,256,900,6,600,temperature,1.0786450783385233,0.3179765382408303,3.3922159298481795
1,256,900,6,650,temperature,1.8456780143711065,0.33060825539124505,5.582673706035903
1,256,900,6,700,temperature,1.1455501065676925,0.34310377892444033,3.338786037736909
1,256,900,6,750,temperature,1.3482280774709487,0.36546232228631653,3.6891028028183372
1,256,900,6,775,temperature,0.7510319590770944,0.3751180538068075,2.0021216026672213
1,256,900,6,800,temperature,1.1755426319960536,0.39138594820423345,3.0035381632623936
1,256,900,6,825,temperature,1.170261140493638,0.4166086232846167,2.809018044962897
1,256,900,6,850,temperature,3.6244892441648204,0.4357134643717728,8.318515585444986
1,256,900,6,875,temperature,3.1232760624962466,0.4444190285900196,7.027773028543059
1,256,900,6,900,temperature,1.125129429847064,0.44668719440069277,2.51883072528331
1,256,900,6,925,temperature,1.115570050659735,0.4469750334402169,2.495821840592676
1,256,900,6,950,temperature,1.0323938468077514,0.4578317390549868,2.2549634696334544
1,256,900,6,975,temperature,1.312788043456391,0.4764615387155689,2.7552864959370416
1,256,900,6,1000,temperature,1.610522904534101,0.49038267063452684,3.2842165944611734
1,256,900,6,1,u_component_of_wind,25.87167469806673,27.204844325386265,0.9509951385358422
1,256,900,6,2,u_component_of_wind,17.615901265443384,22.446676899018403,0.7847888284173472
1,256,900,6,3,u_component_of_wind,14.166143042650932,17.96488830999068,0.7885461238728002
1,256,900,6,5,u_component_of_wind,15.122322365422647,12.295344974765397,1.229922576101708
1,256,900,6,7,u_component_of_wind,11.832567144974153,9.294833048770784,1.2730263236453696
1,256,900,6,10,u_component_of_wind,10.17418506704028,7.639593738633105,1.3317704337587812
1,256,900,6,20,u_component_of_wind,8.866925344248076,5.407237474167488,1.6398253982017408
1,256,900,6,30,u_component_of_wind,6.888562794033284,4.887009149787574,1.4095661749134871
1,256,900,6,50,u_component_of_wind,8.624450844436678,1.0080882920647531,8.555253455798194
1,256,900,6,70,u_component_of_wind,3.2320557257109943,0.9873005182055209,3.2736291191110216
1,256,900,6,100,u_component_of_wind,3.2376101302323717,0.9996051790556035,3.2388889114111703
1,256,900,6,125,u_component_of_wind,4.3558220688330485,0.9860765232044753,4.417326613433443
1,256,900,6,150,u_component_of_wind,4.7496215542119655,1.008586578339923,4.709185761751437
1,256,900,6,175,u_component_of_wind,3.190631903826655,1.0400778167887839,3.067685756127034
1,256,900,6,200,u_component_of_wind,9.537207256007134,1.0819338724505698,8.814963186618284
1,256,900,6,225,u_component_of_wind,4.977231960307874,1.1608111637816696,4.287718894857229
1,256,900,6,250,u_component_of_wind,3.744865389432712,1.2270676950135933,3.05188165628566
1,256,900,6,300,u_component_of_wind,9.480426022956895,1.2830383898066335,7.389043148105403
1,256,900,6,350,u_component_of_wind,8.467113463104853,1.2326156977467604,6.869224104952469
1,256,900,6,400,u_component_of_wind,4.009183903414343,1.156851315813363,3.465599985591538
1,256,900,6,450,u_component_of_wind,2.3443911995787245,1.0782033970540394,2.174349669073825
1,256,900,6,500,u_component_of_wind,1.909929425949192,1.0116793591201603,1.8878801951739175
1,256,900,6,550,u_component_of_wind,2.395523434597327,0.9726858959108473,2.462792402632814
1,256,900,6,600,u_component_of_wind,2.5556404701505566,0.9395080895405804,2.7201899574917605
1,256,900,6,650,u_component_of_wind,5.095818630906432,0.9249772579484165,5.509128561937696
1,256,900,6,700,u_component_of_wind,3.2864995711734513,0.9065132547455201,3.625429141790155
1,256,900,6,750,u_component_of_wind,2.007961019042562,0.891739235815678,2.2517356401906783
1,256,900,6,775,u_component_of_wind,2.5156393675921693,0.8804262263120204,2.857297173131499
1,256,900,6,800,u_component_of_wind,2.424806317434478,0.8758255989947605,2.7685949351304404
1,256,900,6,825,u_component_of_wind,2.0292945609258024,0.871877105839213,2.327500684827059
1,256,900,6,850,u_component_of_wind,2.247400460161006,0.8621702091975713,2.6066783985179445
1,256,900,6,875,u_component_of_wind,3.4341761049152177,0.8469161548081213,4.054918642676347
1,256,900,6,900,u_component_of_wind,2.5908596395296595,0.8358403242679547,3.0997064442886084
1,256,900,6,925,u_component_of_wind,2.014635663704419,0.8269162330630735,2.4363237570530942
1,256,900,6,950,u_component_of_wind,2.092820144230352,0.8123438089459414,2.57627388943346
1,256,900,6,975,u_component_of_wind,1.9990879432157482,0.772936429394987,2.5863549280249694
1,256,900,6,1000,u_component_of_wind,2.52452906884311,0.706530603585151,3.5731347743931865
1,256,900,6,1,v_component_of_wind,12.562435899834888,10.217615421462448,1.2294880343066217
1,256,900,6,2,v_component_of_wind,8.870888866217207,8.013975230005627,1.1069274126282742
1,256,900,6,3,v_component_of_wind,7.616350324023905,6.99604354491347,1.088665368522675
1,256,900,6,5,v_component_of_wind,6.255042570539876,5.856882113139169,1.0679816410351652
1,256,900,6,7,v_component_of_wind,5.531958065166268,5.04879805780746,1.0956980259116622
1,256,900,6,10,v_component_of_wind,5.092552171354055,4.212054649797571,1.2090422833423589
1,256,900,6,20,v_component_of_wind,4.995049489161722,3.132682837034625,1.5944957561966278
1,256,900,6,30,v_component_of_wind,5.303843960517613,2.934383552770658,1.8074814914736348
1,256,900,6,50,v_component_of_wind,5.650016910353147,1.0162184764490427,5.559844700025449
1,256,900,6,70,v_component_of_wind,16.346852366023437,1.0146993114070182,16.110045786230316
1,256,900,6,100,v_component_of_wind,8.92932826009254,1.0124299104952352,8.819700176306242
1,256,900,6,125,v_component_of_wind,7.283195966766983,0.9845476252423212,7.397504986083747
1,256,900,6,150,v_component_of_wind,8.147072919568638,0.990590970267721,8.224457080773488
1,256,900,6,175,v_component_of_wind,4.30358774595765,1.0026061549574068,4.292401083594462
1,256,900,6,200,v_component_of_wind,3.971337768891739,1.0506483400486595,3.7798924887729908
1,256,900,6,225,v_component_of_wind,2.9568683192118352,1.1539458111821337,2.562397896468586
1,256,900,6,250,v_component_of_wind,8.305940025552054,1.2472675204999661,6.65930916105522
1,256,900,6,300,v_component_of_wind,12.798277519995507,1.347740651303455,9.496098160738692
1,256,900,6,350,v_component_of_wind,6.709291513468752,1.3290593707296534,5.048150339427916
1,256,900,6,400,v_component_of_wind,5.52617294808814,1.2521074225075,4.413497475337456
1,256,900,6,450,v_component_of_wind,3.2934310219664793,1.1675815532403064,2.8207288928353256
1,256,900,6,500,v_component_of_wind,2.875081232155904,1.093600898328093,2.6290040878270626
1,256,900,6,550,v_component_of_wind,2.0290049653944924,1.0396268502141275,1.9516665666884103
1,256,900,6,600,v_component_of_wind,2.45169785028643,0.9974577749310111,2.4579465035058763
1,256,900,6,650,v_component_of_wind,5.041245200099576,0.9792344605076282,5.1481492976526075
1,256,900,6,700,v_component_of_wind,2.677359249367264,0.9604954173243057,2.787477379981366
1,256,900,6,750,v_component_of_wind,4.007971270338178,0.9424057204498179,4.252914836324573
1,256,900,6,775,v_component_of_wind,5.935725003647623,0.9308451007215435,6.376705425044998
1,256,900,6,800,v_component_of_wind,7.663625413290579,0.9278565426619727,8.259493855918752
1,256,900,6,825,v_component_of_wind,4.155752619726239,0.924852716790928,4.493421000206336
1,256,900,6,850,v_component_of_wind,3.20323922806564,0.9187872484327434,3.4863775411877866
1,256,900,6,875,v_component_of_wind,3.1562345243416243,0.905953755531246,3.4838803913239773
1,256,900,6,900,v_component_of_wind,3.976776316036395,0.8963129279150315,4.436816866277963
1,256,900,6,925,v_component_of_wind,2.414691532763003,0.891872274973568,2.7074409649459796
1,256,900,6,950,v_component_of_wind,2.6588789611946737,0.8758473474280674,3.035778973359333
1,256,900,6,975,v_component_of_wind,5.306829911914797,0.8252007431177929,6.430956292967462
1,256,900,6,1000,v_component_of_wind,6.075073379954891,0.7474144380338668,8.128118846534267
1,256,900,6,1,specific_humidity,4.105663107820901e-07,9.093771566984339e-07,0.4514807830369126
1,256,900,6,2,specific_humidity,2.432112210738178e-07,7.335056784697729e-07,0.3315737399350485
1,256,900,6,3,specific_humidity,1.4924108814964042e-07,5.95589768955808e-07,0.25057698424083225
1,256,900,6,5,specific_humidity,2.118770249166993e-07,4.224884578703961e-07,0.5014977828854567
1,256,900,6,7,specific_humidity,2.845592269782223e-07,3.348673087158939e-07,0.8497671154267445
1,256,900,6,10,specific_humidity,3.669448014572967e-07,2.470444360450041e-07,1.485339266618619
1,256,900,6,20,specific_humidity,3.554613413285774e-07,1.196116131921905e-07,2.9717962315032604
1,256,900,6,30,specific_humidity,1.5020058879289224e-07,1.0382307119485337e-07,1.4466976083860814
1,256,900,6,50,specific_humidity,2.952502233870963e-07,1.2568902329994858e-08,23.490533670748725
1,256,900,6,70,specific_humidity,2.904460581315138e-07,2.414820950784697e-08,12.027643624556646
1,256,900,6,100,specific_humidity,4.2537052649074384e-07,8.178295415058188e-08,5.2012125376094325
1,256,900,6,125,specific_humidity,8.143833837148124e-07,2.1831824920281115e-07,3.730257945400957
1,256,900,6,150,specific_humidity,2.5761480124332094e-06,5.992997945378687e-07,4.298596521995682
1,256,900,6,175,specific_humidity,3.6650655054401806e-06,1.5910159323679622e-06,2.303600756521238
1,256,900,6,200,specific_humidity,1.194905472352144e-05,3.764010817253872e-06,3.174553768216631
1,256,900,6,225,specific_humidity,4.036904083390338e-05,7.610957609189218e-06,5.304068542592215
1,256,900,6,250,specific_humidity,5.5353405128689415e-05,1.317197315186294e-05,4.202362431999086
1,256,900,6,300,specific_humidity,0.0002022598620153288,2.9177964649465544e-05,6.931938688843179
1,256,900,6,350,specific_humidity,0.00029236537118093825,5.435803037432676e-05,5.378512966117737
1,256,900,6,400,specific_humidity,0.0004721910235586873,8.676819061223045e-05,5.441983061153397
1,256,900,6,450,specific_humidity,0.0004296798306487751,0.00012779900835098047,3.362153088611807
1,256,900,6,500,specific_humidity,0.000984597721669183,0.00016685150995882826,5.901041722140477
1,256,900,6,550,specific_humidity,0.0010845065852854107,0.00021487303231659992,5.047197284801512
1,256,900,6,600,specific_humidity,0.0013440016269099606,0.00025206401385736966,5.331985341114434
1,256,900,6,650,specific_humidity,0.0014043994334964254,0.0002942486987821947,4.7728314154278495
1,256,900,6,700,specific_humidity,0.0010663139985365806,0.0003363237500858548,3.170498658701261
1,256,900,6,750,specific_humidity,0.0018582322294164867,0.00037860520076298974,4.90810011503185
1,256,900,6,775,specific_humidity,0.002675763932807492,0.00039260193803214373,6.815462873717189
1,256,900,6,800,specific_humidity,0.0037452285043810445,0.00040466835784564294,9.255056472217746
1,256,900,6,825,specific_humidity,0.0019803728751776905,0.000413348603569168,4.791047696974506
1,256,900,6,850,specific_humidity,0.0019669824390517203,0.0004130505235106746,4.762086783799675
1,256,900,6,875,specific_humidity,0.003334275476164069,0.00039473209948691704,8.446932693079804
1,256,900,6,900,specific_humidity,0.0019392608825410894,0.00036987817005644063,5.24297198249135
1,256,900,6,925,specific_humidity,0.000906648051273074,0.00034080341872750274,2.660325576129286
1,256,900,6,950,specific_humidity,0.0010471298243316346,0.000303403494668488,3.4512780595219397
1,256,900,6,975,specific_humidity,0.0007378977778136856,0.0002819638950214839,2.616993845107234
1,256,900,6,1000,specific_humidity,0.0006091409934621807,0.000275698375966985,2.209447158786041
1,256,900,6,1,specific_cloud_ice_water_content,1.48810742909885e-06,1.4206039464794252e-06,1.047517453958025
1,256,900,6,2,specific_cloud_ice_water_content,1.4925067379137636e-06,1.4056207277356892e-06,1.0618132675931997
1,256,900,6,3,specific_cloud_ice_water_content,1.4875251914170726e-06,1.4049656067194154e-06,1.0587627087117337
1,256,900,6,5,specific_cloud_ice_water_content,1.4879074206796283e-06,1.3990578523496726e-06,1.0635067150230677
1,256,900,6,7,specific_cloud_ice_water_content,1.4892394089257247e-06,1.4027574858603023e-06,1.0616513716284919
1,256,900,6,10,specific_cloud_ice_water_content,1.485436671503369e-06,1.4106221265270812e-06,1.0530365599471203
1,256,900,6,20,specific_cloud_ice_water_content,1.292971524502238e-06,1.1857876167668038e-06,1.0903904765236834
1,256,900,6,30,specific_cloud_ice_water_content,1.2450743224923463e-06,1.01028739149733e-06,1.2323961805036907
1,256,900,6,50,specific_cloud_ice_water_content,1.2401828463787417e-06,7.708389414940023e-07,1.6088741494754792
1,256,900,6,70,specific_cloud_ice_water_content,1.232407793536165e-06,6.990539799351904e-07,1.7629651341809427
1,256,900,6,100,specific_cloud_ice_water_content,1.5409921493595203e-06,9.788538346792786e-07,1.574282180612212
1,256,900,6,125,specific_cloud_ice_water_content,2.8711984021413127e-06,2.300681746129077e-06,1.2479772167411405
1,256,900,6,150,specific_cloud_ice_water_content,4.456160725924473e-06,3.7490564957738998e-06,1.1886085821719818
1,256,900,6,175,specific_cloud_ice_water_content,6.1907720532977425e-06,4.960764079174599e-06,1.247947282816118
1,256,900,6,200,specific_cloud_ice_water_content,7.522453269705864e-06,6.1763666793779366e-06,1.217941495413854
1,256,900,6,225,specific_cloud_ice_water_content,8.94607382416841e-06,7.1781582016565255e-06,1.2462909806172697
1,256,900,6,250,specific_cloud_ice_water_content,1.0092270649366123e-05,7.50072130594897e-06,1.3455066836521101
1,256,900,6,300,specific_cloud_ice_water_content,1.0685333528958334e-05,7.689260186203563e-06,1.3896439020402078
1,256,900,6,350,specific_cloud_ice_water_content,1.017211008527956e-05,7.394346892745032e-06,1.3756603839157089
1,256,900,6,400,specific_cloud_ice_water_content,9.03580022684563e-06,6.521993740155893e-06,1.3854352805051375
1,256,900,6,450,specific_cloud_ice_water_content,7.812794996955844e-06,5.656019550027895e-06,1.3813239024107178
1,256,900,6,500,specific_cloud_ice_water_content,6.44579509525673e-06,4.817655002351666e-06,1.3379528198076267
1,256,900,6,550,specific_cloud_ice_water_content,5.409247828950208e-06,3.980803809296654e-06,1.3588330618850413
1,256,900,6,600,specific_cloud_ice_water_content,4.5609683635011095e-06,3.3726014668895825e-06,1.3523591234476664
1,256,900,6,650,specific_cloud_ice_water_content,3.859136559890979e-06,2.8844669380874784e-06,1.3379028578673005
1,256,900,6,700,specific_cloud_ice_water_content,3.395528791614732e-06,2.5674993548664024e-06,1.3225042433521528
1,256,900,6,750,specific_cloud_ice_water_content,3.0579690033299533e-06,2.2538395465582705e-06,1.3567820335744973
1,256,900,6,775,specific_cloud_ice_water_content,2.741586161297518e-06,2.1856198644839124e-06,1.2543746540045677
1,256,900,6,800,specific_cloud_ice_water_content,2.940823485777187e-06,2.159897297531843e-06,1.361557093079251
1,256,900,6,825,specific_cloud_ice_water_content,2.8282616376875745e-06,2.114584282775733e-06,1.3375024399476878
1,256,900,6,850,specific_cloud_ice_water_content,2.455844695441747e-06,1.994722956575078e-06,1.23117081865765
1,256,900,6,875,specific_cloud_ice_water_content,2.3541496882761567e-06,1.7715402042323753e-06,1.3288717256610225
1,256,900,6,900,specific_cloud_ice_water_content,2.2169663547801887e-06,1.560506010189548e-06,1.420671461887483
1,256,900,6,925,specific_cloud_ice_water_content,2.5563625336743692e-06,1.393651179751738e-06,1.8342915148464582
1,256,900,6,950,specific_cloud_ice_water_content,2.0688616223339416e-06,1.2220703361723148e-06,1.6929153430021784
1,256,900,6,975,specific_cloud_ice_water_content,1.5154740979953144e-06,1.0380023373445382e-06,1.4599910264867657
1,256,900,6,1000,specific_cloud_ice_water_content,1.3357472023166701e-06,9.404953549931882e-07,1.420259223211522
1,256,900,6,1,specific_cloud_liquid_water_content,4.190705198565908e-06,2.607430654687599e-06,1.6072163572334788
1,256,900,6,2,specific_cloud_liquid_water_content,4.140588789758738e-06,2.6116698308202425e-06,1.5854181646147478
1,256,900,6,3,specific_cloud_liquid_water_content,4.130013191976454e-06,2.5949910173011508e-06,1.591532750765265
1,256,900,6,5,specific_cloud_liquid_water_content,4.1237075302803425e-06,2.6077422040062975e-06,1.581332512065439
1,256,900,6,7,specific_cloud_liquid_water_content,4.1408715908488465e-06,2.625027431847605e-06,1.5774584069524662
1,256,900,6,10,specific_cloud_liquid_water_content,4.144862424618748e-06,2.5969440454393827e-06,1.5960538048163722
1,256,900,6,20,specific_cloud_liquid_water_content,3.760028704889921e-06,2.2785213747666373e-06,1.6502055879440751
1,256,900,6,30,specific_cloud_liquid_water_content,3.2099047165130065e-06,1.9447560652356706e-06,1.6505436202992492
1,256,900,6,50,specific_cloud_liquid_water_content,4.5489891095078235e-06,1.9026943828573445e-06,2.390814389579709
1,256,900,6,70,specific_cloud_liquid_water_content,4.743020897854993e-06,1.5165505909421657e-06,3.127505884857006
1,256,900,6,100,specific_cloud_liquid_water_content,4.527573655432646e-06,1.5032028760004338e-06,3.0119511662185907
1,256,900,6,125,specific_cloud_liquid_water_content,3.155798268741145e-06,1.3879582471183588e-06,2.2736982724755066
1,256,900,6,150,specific_cloud_liquid_water_content,3.021419933871539e-06,1.480373494315754e-06,2.040984890281405
1,256,900,6,175,specific_cloud_liquid_water_content,2.6789601281846433e-06,1.6357976890769738e-06,1.6377087130476944
1,256,900,6,200,specific_cloud_liquid_water_content,2.9271376145128126e-06,1.8112852966820385e-06,1.6160555269094397
1,256,900,6,225,specific_cloud_liquid_water_content,2.211015214497041e-06,1.6772163907512642e-06,1.318264731187534
1,256,900,6,250,specific_cloud_liquid_water_content,2.5647795402939775e-06,1.7577519747550994e-06,1.4591248237120131
1,256,900,6,300,specific_cloud_liquid_water_content,3.232436245800599e-06,2.2215981351880656e-06,1.4550049329812578
1,256,900,6,350,specific_cloud_liquid_water_content,3.565067775945215e-06,2.753910700547746e-06,1.294547341435629
1,256,900,6,400,specific_cloud_liquid_water_content,5.295864405664927e-06,3.771407205589865e-06,1.404214426332844
1,256,900,6,450,specific_cloud_liquid_water_content,7.603031543939299e-06,5.561933571204527e-06,1.3669763305520277
1,256,900,6,500,specific_cloud_liquid_water_content,1.0208573203940077e-05,8.249067358806768e-06,1.237542713606445
1,256,900,6,550,specific_cloud_liquid_water_content,1.3876268176715864e-05,1.1006397365588961e-05,1.2607457023221271
1,256,900,6,600,specific_cloud_liquid_water_content,1.6324277487356774e-05,9.540017729517219e-06,1.7111370177907288
1,256,900,6,650,specific_cloud_liquid_water_content,1.5267602605599905e-05,9.543024885674254e-06,1.5998703543694246
1,256,900,6,700,specific_cloud_liquid_water_content,1.655499177074546e-05,1.0752393249598763e-05,1.539656464049362
1,256,900,6,750,specific_cloud_liquid_water_content,1.871088847744974e-05,1.2409822064669506e-05,1.5077483286983808
1,256,900,6,775,specific_cloud_liquid_water_content,2.2336531065050694e-05,1.307133403266907e-05,1.7088180142306209
1,256,900,6,800,specific_cloud_liquid_water_content,3.2971278521876786e-05,1.4138016620359287e-05,2.332100704592247
1,256,900,6,825,specific_cloud_liquid_water_content,6.130178791526732e-05,1.60658139419533e-05,3.8156664913931015
1,256,900,6,850,specific_cloud_liquid_water_content,0.0001599862691568366,1.7874178422521548e-05,8.950692187074354
1,256,900,6,875,specific_cloud_liquid_water_content,0.0002210743154566839,1.8107670967379836e-05,12.208876329536771
1,256,900,6,900,specific_cloud_liquid_water_content,8.498604299003334e-05,1.7254756612115812e-05,4.925368980884871
1,256,900,6,925,specific_cloud_liquid_water_content,3.4767523148501625e-05,1.5449699350835324e-05,2.2503689139181753
1,256,900,6,950,specific_cloud_liquid_water_content,3.689156764126384e-05,1.305610728390447e-05,2.825617685199604
1,256,900,6,975,specific_cloud_liquid_water_content,2.6180355227839836e-05,9.737965528549028e-06,2.688483046185187
1,256,900,6,1000,specific_cloud_liquid_water_content,1.82805428561867e-05,7.395349420625011e-06,2.471897109446079
1,256,1000,6,1,geopotential,2941.578002202544,30017.112690917347,0.0979967004985331
1,256,1000,6,2,geopotential,1999.3943698818705,20502.3884876883,0.09752007045825459
1,256,1000,6,3,geopotential,1264.6188220941378,15455.170984071645,0.08182496482228989
1,256,1000,6,5,geopotential,1124.796078861204,9454.636002500229,0.11896767665764792
1,256,1000,6,7,geopotential,966.9836515861368,5951.390274193691,0.16248029570151928
1,256,1000,6,10,geopotential,752.6154683102903,2712.6580123551735,0.2774457616413126
1,256,1000,6,20,geopotential,459.1749667232204,1383.490532900262,0.33189599480716003
1,256,1000,6,30,geopotential,337.97097731488384,1782.3774993327822,0.1896180676884669
1,256,1000,6,50,geopotential,324.465414323996,48.71837840567823,6.660020816419022
1,256,1000,6,70,geopotential,358.73922658716026,44.25181490018717,8.106768669179328
1,256,1000,6,100,geopotential,183.99872028473683,32.36684696735586,5.684789762509518
1,256,1000,6,125,geopotential,144.43970929338917,27.250452833998416,5.3004517089412255
1,256,1000,6,150,geopotential,127.34285166238504,25.853203015822537,4.925612179831233
1,256,1000,6,175,geopotential,128.45330453762222,25.879460085026363,4.963523354644644
1,256,1000,6,200,geopotential,134.39491670828707,26.94857391969595,4.987088263325935
1,256,1000,6,225,geopotential,129.22258476397923,27.00899913723362,4.78442700180762
1,256,1000,6,250,geopotential,127.13719104484346,27.853511372988223,4.564494197601907
1,256,1000,6,300,geopotential,124.52137999885375,29.16670333614647,4.269299089572926
1,256,1000,6,350,geopotential,126.5955040478324,29.207937994145585,4.334284196070503
1,256,1000,6,400,geopotential,126.79447433840205,28.084448168897442,4.514757547517795
1,256,1000,6,450,geopotential,130.16590945231843,26.924804839753435,4.8344235075061155
1,256,1000,6,500,geopotential,124.44248362039063,25.5906557844183,4.86280948283324
1,256,1000,6,550,geopotential,129.86333310927728,24.343130155875908,5.334701506245328
1,256,1000,6,600,geopotential,128.3640265933465,23.777138524480296,5.398632239164792
1,256,1000,6,650,geopotential,125.675920939311,23.42100179145581,5.365949845286237
1,256,1000,6,700,geopotential,147.2849245842865,23.71434595430227,6.210794295912934
1,256,1000,6,750,geopotential,139.75984863233373,23.925957089770304,5.84134829415409
1,256,1000,6,775,geopotential,137.5710792166042,24.122567562987896,5.703003167361187
1,256,1000,6,800,geopotential,149.69796302968172,24.41477679319394,6.131449175132853
1,256,1000,6,825,geopotential,156.09182567088632,24.82136838384357,6.28860678658183
1,256,1000,6,850,geopotential,175.0629589427909,25.2001591806623,6.946898933762608
1,256,1000,6,875,geopotential,173.16263482412558,25.662939695315867,6.747575955054445
1,256,1000,6,900,geopotential,148.614307497018,26.37463086834615,5.63474454823098
1,256,1000,6,925,geopotential,143.6833857360972,27.231975129279554,5.276274859020792
1,256,1000,6,950,geopotential,144.5170380858336,28.138298628468174,5.135955090746757
1,256,1000,6,975,geopotential,138.9571283750937,29.473191721908822,4.714695635484917
1,256,1000,6,1000,geopotential,145.4303696038499,31.291805198544278,4.647554485307081
1,256,1000,6,1,temperature,6.838786026642113,8.585644145124043,0.7965373256852248
1,256,1000,6,2,temperature,9.904434675536491,6.857750280841892,1.4442687863986456
1,256,1000,6,3,temperature,8.628573079824482,5.595503425158137,1.5420548294241507
1,256,1000,6,5,temperature,5.973604239193454,4.228495628067508,1.4127020019939076
1,256,1000,6,7,temperature,5.454616334867597,3.497812416957201,1.5594364947713946
1,256,1000,6,10,temperature,4.286374726819385,2.581661702999672,1.6603161916369527
1,256,1000,6,20,temperature,3.3031717524645603,2.3380640474223027,1.4127806961089373
1,256,1000,6,30,temperature,3.4608902330269107,2.0263439145660045,1.7079480971363898
1,256,1000,6,50,temperature,1.0203410230194367,0.5925003334836259,1.7220935843534586
1,256,1000,6,70,temperature,2.4426713616561537,0.5706100911703732,4.2808064551505085
1,256,1000,6,100,temperature,3.9917721094705696,0.45749890306441693,8.725205858927533
1,256,1000,6,125,temperature,4.044285481380442,0.36691240447176915,11.022482293022655
1,256,1000,6,150,temperature,0.8958255246941761,0.327471433827833,2.735583724732318
1,256,1000,6,175,temperature,0.6320710804390858,0.30621465563802763,2.064143791949164
1,256,1000,6,200,temperature,0.8512802951167402,0.31506225114522685,2.7019431620970216
1,256,1000,6,225,temperature,0.7934891497583485,0.32288913260873686,2.4574662620183765
1,256,1000,6,250,temperature,0.9473362629635648,0.31689929214080653,2.9893921711337836
1,256,1000,6,300,temperature,0.982661539487041,0.31351115945525054,3.134374997031972
1,256,1000,6,350,temperature,0.815525125166121,0.3036021504230704,2.6861638629030935
1,256,1000,6,400,temperature,0.6377346260161899,0.30196674989182404,2.111936583231931
1,256,1000,6,450,temperature,0.5227560089722,0.30076424636283866,1.7380922609449825
1,256,1000,6,500,temperature,0.5873218908911245,0.30229639005800685,1.942867696099265
1,256,1000,6,550,temperature,0.9266694164930478,0.31002479252728576,2.9890171329168465
1,256,1000,6,600,temperature,1.1116970602512437,0.3179765382408303,3.496160648837753
1,256,1000,6,650,temperature,1.7520949607264356,0.33060825539124505,5.299610436687339
1,256,1000,6,700,temperature,1.0815535987088423,0.34310377892444033,3.1522637322715887
1,256,1000,6,750,temperature,1.4227782500844421,0.36546232228631653,3.8930914716012386
1,256,1000,6,775,temperature,0.7993179000609185,0.3751180538068075,2.1308435889694115
1,256,1000,6,800,temperature,1.2776529401943457,0.39138594820423345,3.2644323232770724
1,256,1000,6,825,temperature,1.2056798168153786,0.4166086232846167,2.894034711306703
1,256,1000,6,850,temperature,3.6045730137206915,0.4357134643717728,8.272806117933246
1,256,1000,6,875,temperature,3.028132428240223,0.4444190285900196,6.813687608848318
1,256,1000,6,900,temperature,1.149643101596196,0.44668719440069277,2.573709557845371
1,256,1000,6,925,temperature,1.1447084371304852,0.4469750334402169,2.5610120286138764
1,256,1000,6,950,temperature,1.1695877060824216,0.4578317390549868,2.5546234703967325
1,256,1000,6,975,temperature,1.2337701733713864,0.4764615387155689,2.589443371856096
1,256,1000,6,1000,temperature,1.6111456358644913,0.49038267063452684,3.285486482994519
1,256,1000,6,1,u_component_of_wind,22.559900902398823,27.204844325386265,0.8292604299649309
1,256,1000,6,2,u_component_of_wind,15.663674520077592,22.446676899018403,0.6978170795857345
1,256,1000,6,3,u_component_of_wind,13.811806283219514,17.96488830999068,0.7688222740320882
1,256,1000,6,5,u_component_of_wind,19.750974933734234,12.295344974765397,1.6063782654549792
1,256,1000,6,7,u_component_of_wind,16.363921295187712,9.294833048770784,1.7605395609931689
1,256,1000,6,10,u_component_of_wind,12.644703270359823,7.639593738633105,1.6551538868377371
1,256,1000,6,20,u_component_of_wind,10.331199948066194,5.407237474167488,1.9106244172597233
1,256,1000,6,30,u_component_of_wind,7.013045695192744,4.887009149787574,1.4350383803757731
1,256,1000,6,50,u_component_of_wind,7.393311067569093,1.0080882920647531,7.3339916014957485
1,256,1000,6,70,u_component_of_wind,4.60071249885792,0.9873005182055209,4.659890695914955
1,256,1000,6,100,u_component_of_wind,2.8312273039935345,0.9996051790556035,2.8323455733476606
1,256,1000,6,125,u_component_of_wind,5.012511126440315,0.9860765232044753,5.083288171338918
1,256,1000,6,150,u_component_of_wind,5.54071529786562,1.008586578339923,5.493544547246827
1,256,1000,6,175,u_component_of_wind,4.044621546344656,1.0400778167887839,3.8887682066254725
1,256,1000,6,200,u_component_of_wind,10.226094495900538,1.0819338724505698,9.451681619634048
1,256,1000,6,225,u_component_of_wind,6.0922256442005045,1.1608111637816696,5.248248668072215
1,256,1000,6,250,u_component_of_wind,4.122901339678293,1.2270676950135933,3.359962418073944
1,256,1000,6,300,u_component_of_wind,10.183250964578207,1.2830383898066335,7.936824841315093
1,256,1000,6,350,u_component_of_wind,9.592327668630867,1.2326156977467604,7.782091114177584
1,256,1000,6,400,u_component_of_wind,4.504521174112248,1.156851315813363,3.8937771107994057
1,256,1000,6,450,u_component_of_wind,2.4323799340189933,1.0782033970540394,2.255956474135541
1,256,1000,6,500,u_component_of_wind,1.9985924799957866,1.0116793591201603,1.9755196762479441
1,256,1000,6,550,u_component_of_wind,2.5697125214870895,0.9726858959108473,2.641872913229349
1,256,1000,6,600,u_component_of_wind,2.746358111816683,0.9395080895405804,2.9231872959812963
1,256,1000,6,650,u_component_of_wind,4.879108834022268,0.9249772579484165,5.2748419402700195
1,256,1000,6,700,u_component_of_wind,3.3458244926934673,0.9065132547455201,3.6908721137593514
1,256,1000,6,750,u_component_of_wind,2.0211041337474676,0.891739235815678,2.266474382389101
1,256,1000,6,775,u_component_of_wind,2.0619565065585133,0.8804262263120204,2.3419980515525465
1,256,1000,6,800,u_component_of_wind,2.343000992538028,0.8758255989947605,2.6751912655067813
1,256,1000,6,825,u_component_of_wind,2.051419505863085,0.871877105839213,2.3528769044675397
1,256,1000,6,850,u_component_of_wind,2.1982116170064683,0.8621702091975713,2.5496260408398492
1,256,1000,6,875,u_component_of_wind,3.3582848000080427,0.8469161548081213,3.965309648354625
1,256,1000,6,900,u_component_of_wind,2.9313490067547785,0.8358403242679547,3.507068182337471
1,256,1000,6,925,u_component_of_wind,2.0399616769518527,0.8269162330630735,2.466950817249531
1,256,1000,6,950,u_component_of_wind,2.3654168426012827,0.8123438089459414,2.9118420261865907
1,256,1000,6,975,u_component_of_wind,2.063506504232775,0.772936429394987,2.669697566005495
1,256,1000,6,1000,u_component_of_wind,1.990598311201927,0.706530603585151,2.817426875921618
1,256,1000,6,1,v_component_of_wind,11.133797378427174,10.217615421462448,1.0896669055521755
1,256,1000,6,2,v_component_of_wind,9.122005925736484,8.013975230005627,1.1382623060253805
1,256,1000,6,3,v_component_of_wind,8.877426595826085,6.99604354491347,1.2689210035407068
1,256,1000,6,5,v_component_of_wind,7.114024153730952,5.856882113139169,1.2146435622754888
1,256,1000,6,7,v_component_of_wind,6.785906087091632,5.04879805780746,1.3440636780070674
1,256,1000,6,10,v_component_of_wind,6.384297884266441,4.212054649797571,1.5157205722801501
1,256,1000,6,20,v_component_of_wind,5.5082493830618215,3.132682837034625,1.7583169665129237
1,256,1000,6,30,v_component_of_wind,5.987731940169543,2.934383552770658,2.040541678512306
1,256,1000,6,50,v_component_of_wind,6.918493129622179,1.0162184764490427,6.8080765012238
1,256,1000,6,70,v_component_of_wind,18.234976021703183,1.0146993114070182,17.97081738078438
1,256,1000,6,100,v_component_of_wind,9.12182044007496,1.0124299104952352,9.00982907114328
1,256,1000,6,125,v_component_of_wind,8.128581515091518,0.9845476252423212,8.256158774534525
1,256,1000,6,150,v_component_of_wind,8.967915549244525,0.990590970267721,9.0530964024645
1,256,1000,6,175,v_component_of_wind,3.5253951711871956,1.0026061549574068,3.51623132748169
1,256,1000,6,200,v_component_of_wind,3.9598992415446674,1.0506483400486595,3.769005375634315
1,256,1000,6,225,v_component_of_wind,3.2962007012334027,1.1539458111821337,2.8564605627855997
1,256,1000,6,250,v_component_of_wind,8.740531044972608,1.2472675204999661,7.007743648667267
1,256,1000,6,300,v_component_of_wind,14.998630836034298,1.347740651303455,11.128721851291276
1,256,1000,6,350,v_component_of_wind,7.769942407165519,1.3290593707296534,5.846196624684887
1,256,1000,6,400,v_component_of_wind,6.459257563924244,1.2521074225075,5.158708787931935
1,256,1000,6,450,v_component_of_wind,3.9452943917585075,1.1675815532403064,3.379031109912118
1,256,1000,6,500,v_component_of_wind,3.6847122393409295,1.093600898328093,3.3693390751362324
1,256,1000,6,550,v_component_of_wind,2.33587370083109,1.0396268502141275,2.246838565539145
1,256,1000,6,600,v_component_of_wind,2.7539557046235994,0.9974577749310111,2.7609747237812408
1,256,1000,6,650,v_component_of_wind,5.51494008596722,0.9792344605076282,5.631889305762702
1,256,1000,6,700,v_component_of_wind,2.746257200995779,0.9604954173243057,2.859209061763302
1,256,1000,6,750,v_component_of_wind,4.001178917877768,0.9424057204498179,4.245707375341453
1,256,1000,6,775,v_component_of_wind,6.211228963503493,0.9308451007215435,6.672677289367336
1,256,1000,6,800,v_component_of_wind,8.58758187794148,0.9278565426619727,9.255290535866836
1,256,1000,6,825,v_component_of_wind,4.4186454942606455,0.924852716790928,4.777674773549402
1,256,1000,6,850,v_component_of_wind,3.4605686659123536,0.9187872484327434,3.766452649201816
1,256,1000,6,875,v_component_of_wind,3.3041935128606568,0.905953755531246,3.6471988693540953
1,256,1000,6,900,v_component_of_wind,4.44890559477801,0.8963129279150315,4.963562898871583
1,256,1000,6,925,v_component_of_wind,2.8598346273701245,0.891872274973568,3.2065517760991953
1,256,1000,6,950,v_component_of_wind,2.5742003584626327,0.8758473474280674,2.939097053866513
1,256,1000,6,975,v_component_of_wind,5.267304163367882,0.8252007431177929,6.383057949592762
1,256,1000,6,1000,v_component_of_wind,5.935921013514152,0.7474144380338668,7.941940523826466
1,256,1000,6,1,specific_humidity,4.393811873479518e-07,9.093771566984339e-07,0.4831671700916264
1,256,1000,6,2,specific_humidity,2.6606866430532867e-07,7.335056784697729e-07,0.3627356571531888
1,256,1000,6,3,specific_humidity,1.5913439635430568e-07,5.95589768955808e-07,0.26718792808227915
1,256,1000,6,5,specific_humidity,1.867808872134038e-07,4.224884578703961e-07,0.44209701764373716
1,256,1000,6,7,specific_humidity,2.5551836575179743e-07,3.348673087158939e-07,0.7630436268372283
1,256,1000,6,10,specific_humidity,3.3580558622989736e-07,2.470444360450041e-07,1.3592922455809677
1,256,1000,6,20,specific_humidity,3.2831512392401507e-07,1.196116131921905e-07,2.7448432067919883
1,256,1000,6,30,specific_humidity,1.3977699064035808e-07,1.0382307119485337e-07,1.346299902629802
1,256,1000,6,50,specific_humidity,3.0552170278486526e-07,1.2568902329994858e-08,24.307747388231178
1,256,1000,6,70,specific_humidity,3.08512377209424e-07,2.414820950784697e-08,12.775786838737373
1,256,1000,6,100,specific_humidity,3.65071186172297e-07,8.178295415058188e-08,4.463903144170044
1,256,1000,6,125,specific_humidity,6.988884788024998e-07,2.1831824920281115e-07,3.2012370993010903
1,256,1000,6,150,specific_humidity,3.026851321808384e-06,5.992997945378687e-07,5.050646353287082
1,256,1000,6,175,specific_humidity,3.6547330926383512e-06,1.5910159323679622e-06,2.2971065331815312
1,256,1000,6,200,specific_humidity,1.130784384381105e-05,3.764010817253872e-06,3.0042006765700453
1,256,1000,6,225,specific_humidity,3.851206464645221e-05,7.610957609189218e-06,5.060081349021576
1,256,1000,6,250,specific_humidity,5.3693209530403745e-05,1.317197315186294e-05,4.076322424238301
1,256,1000,6,300,specific_humidity,0.00020194969728778596,2.9177964649465544e-05,6.92130858728301
1,256,1000,6,350,specific_humidity,0.0002776023549904378,5.435803037432676e-05,5.106924461368068
1,256,1000,6,400,specific_humidity,0.00047078413390624815,8.676819061223045e-05,5.42576871298603
1,256,1000,6,450,specific_humidity,0.00042410727710078645,0.00012779900835098047,3.3185490448880524
1,256,1000,6,500,specific_humidity,0.000963799973126759,0.00016685150995882826,5.776393473242065
1,256,1000,6,550,specific_humidity,0.0010131664018357164,0.00021487303231659992,4.715186409911547
1,256,1000,6,600,specific_humidity,0.001290164996200652,0.00025206401385736966,5.118402172753988
1,256,1000,6,650,specific_humidity,0.0013523439644383046,0.0002942486987821947,4.595921647352196
1,256,1000,6,700,specific_humidity,0.0011139597966715147,0.0003363237500858548,3.31216512775904
1,256,1000,6,750,specific_humidity,0.0018461657987985107,0.00037860520076298974,4.876229367895628
1,256,1000,6,775,specific_humidity,0.0025571442107365653,0.00039260193803214373,6.513325490836478
1,256,1000,6,800,specific_humidity,0.003475511670127361,0.00040466835784564294,8.588543192826219
1,256,1000,6,825,specific_humidity,0.0018801868380155396,0.000413348603569168,4.548671077585767
1,256,1000,6,850,specific_humidity,0.0019907338188258172,0.0004130505235106746,4.819589143492201
1,256,1000,6,875,specific_humidity,0.0031198868249004857,0.00039473209948691704,7.903808251104471
1,256,1000,6,900,specific_humidity,0.001837990418981521,0.00036987817005644063,4.969177874706846
1,256,1000,6,925,specific_humidity,0.000873858710921823,0.00034080341872750274,2.5641136881333253
1,256,1000,6,950,specific_humidity,0.0010603648221085722,0.000303403494668488,3.4948998305611916
1,256,1000,6,975,specific_humidity,0.0007307157686317926,0.0002819638950214839,2.591522466293483
1,256,1000,6,1000,specific_humidity,0.0006168457886777917,0.000275698375966985,2.2373936245154353
1,256,1000,6,1,specific_cloud_ice_water_content,1.5117642843256718e-06,1.4206039464794252e-06,1.0641701285373466
1,256,1000,6,2,specific_cloud_ice_water_content,1.505297495087886e-06,1.4056207277356892e-06,1.0709129891053655
1,256,1000,6,3,specific_cloud_ice_water_content,1.5058435118599094e-06,1.4049656067194154e-06,1.0718009783713092
1,256,1000,6,5,specific_cloud_ice_water_content,1.5019727493521689e-06,1.3990578523496726e-06,1.0735601439423352
1,256,1000,6,7,specific_cloud_ice_water_content,1.5090109097626049e-06,1.4027574858603023e-06,1.075746110766351
1,256,1000,6,10,specific_cloud_ice_water_content,1.5043088287691722e-06,1.4106221265270812e-06,1.0664151656778174
1,256,1000,6,20,specific_cloud_ice_water_content,1.3025692079225324e-06,1.1857876167668038e-06,1.0984844077509832
1,256,1000,6,30,specific_cloud_ice_water_content,1.1770945740068245e-06,1.01028739149733e-06,1.1651086452363542
1,256,1000,6,50,specific_cloud_ice_water_content,1.6452986638343595e-06,7.708389414940023e-07,2.1344259809260833
1,256,1000,6,70,specific_cloud_ice_water_content,1.1852075217296598e-06,6.990539799351904e-07,1.6954449237804796
1,256,1000,6,100,specific_cloud_ice_water_content,1.5383027884856066e-06,9.788538346792786e-07,1.5715347215139954
1,256,1000,6,125,specific_cloud_ice_water_content,2.968157920247773e-06,2.300681746129077e-06,1.2901210370542262
1,256,1000,6,150,specific_cloud_ice_water_content,4.480950119309836e-06,3.7490564957738998e-06,1.1952207507037995
1,256,1000,6,175,specific_cloud_ice_water_content,6.261465808353786e-06,4.960764079174599e-06,1.2621978607367286
1,256,1000,6,200,specific_cloud_ice_water_content,7.642279768264655e-06,6.1763666793779366e-06,1.2373423025192476
1,256,1000,6,225,specific_cloud_ice_water_content,9.03224796059473e-06,7.1781582016565255e-06,1.2582960289883736
1,256,1000,6,250,specific_cloud_ice_water_content,1.0145235809459426e-05,7.50072130594897e-06,1.352568025879463
1,256,1000,6,300,specific_cloud_ice_water_content,1.0575593352646479e-05,7.689260186203563e-06,1.3753720249474342
1,256,1000,6,350,specific_cloud_ice_water_content,1.0661746604829017e-05,7.394346892745032e-06,1.4418780670527906
1,256,1000,6,400,specific_cloud_ice_water_content,9.29983388051648e-06,6.521993740155893e-06,1.425918860249349
1,256,1000,6,450,specific_cloud_ice_water_content,7.780973217118905e-06,5.656019550027895e-06,1.375697723159484
1,256,1000,6,500,specific_cloud_ice_water_content,6.4848762738986056e-06,4.817655002351666e-06,1.3460648947948972
1,256,1000,6,550,specific_cloud_ice_water_content,5.390116833053306e-06,3.980803809296654e-06,1.3540272495884835
1,256,1000,6,600,specific_cloud_ice_water_content,4.565914497475681e-06,3.3726014668895825e-06,1.353825686877449
1,256,1000,6,650,specific_cloud_ice_water_content,3.9502175802724716e-06,2.8844669380874784e-06,1.3694792365661956
1,256,1000,6,700,specific_cloud_ice_water_content,3.498075349507093e-06,2.5674993548664024e-06,1.3624444901522137
1,256,1000,6,750,specific_cloud_ice_water_content,3.0757472671262766e-06,2.2538395465582705e-06,1.3646700235707114
1,256,1000,6,775,specific_cloud_ice_water_content,2.759503312167866e-06,2.1856198644839124e-06,1.2625723974280696
1,256,1000,6,800,specific_cloud_ice_water_content,2.9444902190174325e-06,2.159897297531843e-06,1.3632547354830986
1,256,1000,6,825,specific_cloud_ice_water_content,2.879961063713154e-06,2.114584282775733e-06,1.361951418617725
1,256,1000,6,850,specific_cloud_ice_water_content,2.535457379847426e-06,1.994722956575078e-06,1.2710824686154834
1,256,1000,6,875,specific_cloud_ice_water_content,2.3658658287769336e-06,1.7715402042323753e-06,1.3354852591686368
1,256,1000,6,900,specific_cloud_ice_water_content,2.3004320243881657e-06,1.560506010189548e-06,1.4741577471455825
1,256,1000,6,925,specific_cloud_ice_water_content,2.9123906104912574e-06,1.393651179751738e-06,2.0897557816512338
1,256,1000,6,950,specific_cloud_ice_water_content,1.9046549450079654e-06,1.2220703361723148e-06,1.5585477272720616
1,256,1000,6,975,specific_cloud_ice_water_content,1.6073231983552392e-06,1.0380023373445382e-06,1.5484774364450486
1,256,1000,6,1000,specific_cloud_ice_water_content,1.3259212845373236e-06,9.404953549931882e-07,1.4098116247973675
1,256,1000,6,1,specific_cloud_liquid_water_content,4.111101732748316e-06,2.607430654687599e-06,1.5766868911192096
1,256,1000,6,2,specific_cloud_liquid_water_content,4.1038691414590685e-06,2.6116698308202425e-06,1.5713583290772148
1,256,1000,6,3,specific_cloud_liquid_water_content,4.101947046340747e-06,2.5949910173011508e-06,1.580717242947093
1,256,1000,6,5,specific_cloud_liquid_water_content,4.114603935398431e-06,2.6077422040062975e-06,1.577841524778457
1,256,1000,6,7,specific_cloud_liquid_water_content,4.11196286091491e-06,2.625027431847605e-06,1.5664456725394054
1,256,1000,6,10,specific_cloud_liquid_water_content,4.100588490016512e-06,2.5969440454393827e-06,1.579005330214084
1,256,1000,6,20,specific_cloud_liquid_water_content,3.7468938031353734e-06,2.2785213747666373e-06,1.6444409276253222
1,256,1000,6,30,specific_cloud_liquid_water_content,3.961587278392205e-06,1.9447560652356706e-06,2.037061279411477
1,256,1000,6,50,specific_cloud_liquid_water_content,4.228517852630898e-06,1.9026943828573445e-06,2.222384157292135
1,256,1000,6,70,specific_cloud_liquid_water_content,5.286604873616751e-06,1.5165505909421657e-06,3.4859403340658863
1,256,1000,6,100,specific_cloud_liquid_water_content,5.140397120247072e-06,1.5032028760004338e-06,3.4196296470135206
1,256,1000,6,125,specific_cloud_liquid_water_content,3.069785280237342e-06,1.3879582471183588e-06,2.211727396418982
1,256,1000,6,150,specific_cloud_liquid_water_content,3.2632807179988344e-06,1.480373494315754e-06,2.204363108721533
1,256,1000,6,175,specific_cloud_liquid_water_content,2.8369323441502403e-06,1.6357976890769738e-06,1.734280689533818
1,256,1000,6,200,specific_cloud_liquid_water_content,2.816607523426176e-06,1.8112852966820385e-06,1.5550325112149443
1,256,1000,6,225,specific_cloud_liquid_water_content,2.2554476375991614e-06,1.6772163907512642e-06,1.3447564965596919
1,256,1000,6,250,specific_cloud_liquid_water_content,2.5438756715977557e-06,1.7577519747550994e-06,1.447232435595576
1,256,1000,6,300,specific_cloud_liquid_water_content,3.6814727447241217e-06,2.2215981351880656e-06,1.657128121604438
1,256,1000,6,350,specific_cloud_liquid_water_content,3.6060747817473007e-06,2.753910700547746e-06,1.3094378045846082
1,256,1000,6,400,specific_cloud_liquid_water_content,5.346126882775224e-06,3.771407205589865e-06,1.4175416737952236
1,256,1000,6,450,specific_cloud_liquid_water_content,7.782490173599595e-06,5.561933571204527e-06,1.3992418417025738
1,256,1000,6,500,specific_cloud_liquid_water_content,1.049198126506048e-05,8.249067358806768e-06,1.2718990897630578
1,256,1000,6,550,specific_cloud_liquid_water_content,1.3686542433759904e-05,1.1006397365588961e-05,1.2435079326274647
1,256,1000,6,600,specific_cloud_liquid_water_content,1.627910328173416e-05,9.540017729517219e-06,1.7064017849113555
1,256,1000,6,650,specific_cloud_liquid_water_content,1.533402481023859e-05,9.543024885674254e-06,1.6068306426883197
1,256,1000,6,700,specific_cloud_liquid_water_content,1.667587531843855e-05,1.0752393249598763e-05,1.5508989423411228
1,256,1000,6,750,specific_cloud_liquid_water_content,1.847991951160055e-05,1.2409822064669506e-05,1.48913654162798
1,256,1000,6,775,specific_cloud_liquid_water_content,2.1018283901744386e-05,1.307133403266907e-05,1.6079677750728099
1,256,1000,6,800,specific_cloud_liquid_water_content,3.0624033400123105e-05,1.4138016620359287e-05,2.1660770546855437
1,256,1000,6,825,specific_cloud_liquid_water_content,5.9477386894477244e-05,1.60658139419533e-05,3.70210853364619
1,256,1000,6,850,specific_cloud_liquid_water_content,0.00015088657960874165,1.7874178422521548e-05,8.441595246616979
1,256,1000,6,875,specific_cloud_liquid_water_content,0.00023158001601530508,1.8107670967379836e-05,12.789055888661009
1,256,1000,6,900,specific_cloud_liquid_water_content,8.122204733511427e-05,1.7254756612115812e-05,4.707226486062538
1,256,1000,6,925,specific_cloud_liquid_water_content,3.4574190212646006e-05,1.5449699350835324e-05,2.2378552117764463
1,256,1000,6,950,specific_cloud_liquid_water_content,4.210151135476817e-05,1.305610728390447e-05,3.224660340120733
1,256,1000,6,975,specific_cloud_liquid_water_content,2.7697728669142765e-05,9.737965528549028e-06,2.8443034212783633
1,256,1000,6,1000,specific_cloud_liquid_water_content,2.088163892115345e-05,7.395349420625011e-06,2.823617618785707
2,128,0,6,1,geopotential,30017.112690917347,30017.112690917347,1.0
2,128,0,6,2,geopotential,20502.3884876883,20502.3884876883,1.0
2,128,0,6,3,geopotential,15455.170984071645,15455.170984071645,1.0
2,128,0,6,5,geopotential,9454.636002500229,9454.636002500229,1.0
2,128,0,6,7,geopotential,5951.390274193691,5951.390274193691,1.0
2,128,0,6,10,geopotential,2712.6580123551735,2712.6580123551735,1.0
2,128,0,6,20,geopotential,1383.490532900262,1383.490532900262,1.0
2,128,0,6,30,geopotential,1782.3774993327822,1782.3774993327822,1.0
2,128,0,6,50,geopotential,48.71837840567823,48.71837840567823,1.0
2,128,0,6,70,geopotential,44.25181490018717,44.25181490018717,1.0
2,128,0,6,100,geopotential,32.36684696735586,32.36684696735586,1.0
2,128,0,6,125,geopotential,27.250452833998416,27.250452833998416,1.0
2,128,0,6,150,geopotential,25.853203015822537,25.853203015822537,1.0
2,128,0,6,175,geopotential,25.879460085026363,25.879460085026363,1.0
2,128,0,6,200,geopotential,26.94857391969595,26.94857391969595,1.0
2,128,0,6,225,geopotential,27.00899913723362,27.00899913723362,1.0
2,128,0,6,250,geopotential,27.853511372988223,27.853511372988223,1.0
2,128,0,6,300,geopotential,29.16670333614647,29.16670333614647,1.0
2,128,0,6,350,geopotential,29.207937994145585,29.207937994145585,1.0
2,128,0,6,400,geopotential,28.084448168897442,28.084448168897442,1.0
2,128,0,6,450,geopotential,26.924804839753435,26.924804839753435,1.0
2,128,0,6,500,geopotential,25.5906557844183,25.5906557844183,1.0
2,128,0,6,550,geopotential,24.343130155875908,24.343130155875908,1.0
2,128,0,6,600,geopotential,23.777138524480296,23.777138524480296,1.0
2,128,0,6,650,geopotential,23.42100179145581,23.42100179145581,1.0
2,128,0,6,700,geopotential,23.71434595430227,23.71434595430227,1.0
2,128,0,6,750,geopotential,23.925957089770304,23.925957089770304,1.0
2,128,0,6,775,geopotential,24.122567562987896,24.122567562987896,1.0
2,128,0,6,800,geopotential,24.41477679319394,24.41477679319394,1.0
2,128,0,6,825,geopotential,24.82136838384357,24.82136838384357,1.0
2,128,0,6,850,geopotential,25.2001591806623,25.2001591806623,1.0
2,128,0,6,875,geopotential,25.662939695315867,25.662939695315867,1.0
2,128,0,6,900,geopotential,26.37463086834615,26.37463086834615,1.0
2,128,0,6,925,geopotential,27.231975129279554,27.231975129279554,1.0
2,128,0,6,950,geopotential,28.138298628468174,28.138298628468174,1.0
2,128,0,6,975,geopotential,29.473191721908822,29.473191721908822,1.0
2,128,0,6,1000,geopotential,31.291805198544278,31.291805198544278,1.0
2,128,0,12,1,geopotential,30099.61107599867,30099.61107599867,1.0
2,128,0,12,2,geopotential,20556.287520213456,20556.287520213456,1.0
2,128,0,12,3,geopotential,15507.45263428121,15507.45263428121,1.0
2,128,0,12,5,geopotential,9517.41630724174,9517.41630724174,1.0
2,128,0,12,7,geopotential,6007.6511213527965,6007.6511213527965,1.0
2,128,0,12,10,geopotential,2756.217166095862,2756.217166095862,1.0
2,128,0,12,20,geopotential,1365.0179063296034,1365.0179063296034,1.0
2,128,0,12,30,geopotential,1774.250391415416,1774.250391415416,1.0
2,128,0,12,50,geopotential,55.17989138971129,55.17989138971129,1.0
2,128,0,12,70,geopotential,49.91324058242187,49.91324058242187,1.0
2,128,0,12,100,geopotential,42.80226084430572,42.80226084430572,1.0
2,128,0,12,125,geopotential,39.49994677240546,39.49994677240546,1.0
2,128,0,12,150,geopotential,38.77491351585309,38.77491351585309,1.0
2,128,0,12,175,geopotential,39.45872299543518,39.45872299543518,1.0
2,128,0,12,200,geopotential,40.063107482973635,40.063107482973635,1.0
2,128,0,12,225,geopotential,40.60130881702422,40.60130881702422,1.0
2,128,0,12,250,geopotential,41.50180991383049,41.50180991383049,1.0
2,128,0,12,300,geopotential,42.35167640644654,42.35167640644654,1.0
2,128,0,12,350,geopotential,41.3502812284645,41.3502812284645,1.0
2,128,0,12,400,geopotential,39.58815846139158,39.58815846139158,1.0
2,128,0,12,450,geopotential,37.54494662029602,37.54494662029602,1.0
2,128,0,12,500,geopotential,35.81582511424455,35.81582511424455,1.0
2,128,0,12,550,geopotential,34.219916513185105,34.219916513185105,1.0
2,128,0,12,600,geopotential,33.34975694310038,33.34975694310038,1.0
2,128,0,12,650,geopotential,32.931674105995604,32.931674105995604,1.0
2,128,0,12,700,geopotential,32.75115749764068,32.75115749764068,1.0
2,128,0,12,750,geopotential,32.85069284153013,32.85069284153013,1.0
2,128,0,12,775,geopotential,33.061566561287194,33.061566561287194,1.0
2,128,0,12,800,geopotential,33.21946376461902,33.21946376461902,1.0
2,128,0,12,825,geopotential,33.453054395137165,33.453054395137165,1.0
2,128,0,12,850,geopotential,33.83298582439143,33.83298582439143,1.0
2,128,0,12,875,geopotential,34.27083730973553,34.27083730973553,1.0
2,128,0,12,900,geopotential,35.02366326165239,35.02366326165239,1.0
2,128,0,12,925,geopotential,35.82811215419129,35.82811215419129,1.0
2,128,0,12,950,geopotential,36.70322952148421,36.70322952148421,1.0
2,128,0,12,975,geopotential,37.89761550929476,37.89761550929476,1.0
2,128,0,12,1000,geopotential,39.40759602093331,39.40759602093331,1.0
2,128,0,6,1,temperature,8.585644145124043,8.585644145124043,1.0
2,128,0,6,2,temperature,6.857750280841892,6.857750280841892,1.0
2,128,0,6,3,temperature,5.595503425158137,5.595503425158137,1.0
2,128,0,6,5,temperature,4.228495628067508,4.228495628067508,1.0
2,128,0,6,7,temperature,3.497812416957201,3.497812416957201,1.0
2,128,0,6,10,temperature,2.581661702999672,2.581661702999672,1.0
2,128,0,6,20,temperature,2.3380640474223027,2.3380640474223027,1.0
2,128,0,6,30,temperature,2.0263439145660045,2.0263439145660045,1.0
2,128,0,6,50,temperature,0.5925003334836259,0.5925003334836259,1.0
2,128,0,6,70,temperature,0.5706100911703732,0.5706100911703732,1.0
2,128,0,6,100,temperature,0.45749890306441693,0.45749890306441693,1.0
2,128,0,6,125,temperature,0.36691240447176915,0.36691240447176915,1.0
2,128,0,6,150,temperature,0.327471433827833,0.327471433827833,1.0
2,128,0,6,175,temperature,0.30621465563802763,0.30621465563802763,1.0
2,128,0,6,200,temperature,0.31506225114522685,0.31506225114522685,1.0
2,128,0,6,225,temperature,0.32288913260873686,0.32288913260873686,1.0
2,128,0,6,250,temperature,0.31689929214080653,0.31689929214080653,1.0
2,128,0,6,300,temperature,0.31351115945525054,0.31351115945525054,1.0
2,128,0,6,350,temperature,0.3036021504230704,0.3036021504230704,1.0
2,128,0,6,400,temperature,0.30196674989182404,0.30196674989182404,1.0
2,128,0,6,450,temperature,0.30076424636283866,0.30076424636283866,1.0
2,128,0,6,500,temperature,0.30229639005800685,0.30229639005800685,1.0
2,128,0,6,550,temperature,0.31002479252728576,0.31002479252728576,1.0
2,128,0,6,600,temperature,0.3179765382408303,0.3179765382408303,1.0
2,128,0,6,650,temperature,0.33060825539124505,0.33060825539124505,1.0
2,128,0,6,700,temperature,0.34310377892444033,0.34310377892444033,1.0
2,128,0,6,750,temperature,0.36546232228631653,0.36546232228631653,1.0
2,128,0,6,775,temperature,0.3751180538068075,0.3751180538068075,1.0
2,128,0,6,800,temperature,0.39138594820423345,0.39138594820423345,1.0
2,128,0,6,825,temperature,0.4166086232846167,0.4166086232846167,1.0
2,128,0,6,850,temperature,0.4357134643717728,0.4357134643717728,1.0
2,128,0,6,875,temperature,0.4444190285900196,0.4444190285900196,1.0
2,128,0,6,900,temperature,0.44668719440069277,0.44668719440069277,1.0
2,128,0,6,925,temperature,0.4469750334402169,0.4469750334402169,1.0
2,128,0,6,950,temperature,0.4578317390549868,0.4578317390549868,1.0
2,128,0,6,975,temperature,0.4764615387155689,0.4764615387155689,1.0
2,128,0,6,1000,temperature,0.49038267063452684,0.49038267063452684,1.0
2,128,0,12,1,temperature,8.776011564895203,8.776011564895203,1.0
2,128,0,12,2,temperature,7.063462784717067,7.063462784717067,1.0
2,128,0,12,3,temperature,5.7022668992123995,5.7022668992123995,1.0
2,128,0,12,5,temperature,4.21884947342009,4.21884947342009,1.0
2,128,0,12,7,temperature,3.471642576905905,3.471642576905905,1.0
2,128,0,12,10,temperature,2.614215516132537,2.614215516132537,1.0
2,128,0,12,20,temperature,2.30286567456838,2.30286567456838,1.0
2,128,0,12,30,temperature,1.982833346326317,1.982833346326317,1.0
2,128,0,12,50,temperature,0.6592189242831626,0.6592189242831626,1.0
2,128,0,12,70,temperature,0.6875973489775065,0.6875973489775065,1.0
2,128,0,12,100,temperature,0.5628857260845362,0.5628857260845362,1.0
2,128,0,12,125,temperature,0.45562571363341287,0.45562571363341287,1.0
2,128,0,12,150,temperature,0.41538347547254273,0.41538347547254273,1.0
2,128,0,12,175,temperature,0.405905629698738,0.405905629698738,1.0
2,128,0,12,200,temperature,0.4124115518788631,0.4124115518788631,1.0
2,128,0,12,225,temperature,0.42051625913661916,0.42051625913661916,1.0
2,128,0,12,250,temperature,0.4163311801126107,0.4163311801126107,1.0
2,128,0,12,300,temperature,0.4000853409854401,0.4000853409854401,1.0
2,128,0,12,350,temperature,0.38616749677195106,0.38616749677195106,1.0
2,128,0,12,400,temperature,0.38464906564788115,0.38464906564788115,1.0
2,128,0,12,450,temperature,0.3854901691269996,0.3854901691269996,1.0
2,128,0,12,500,temperature,0.3866027521795592,0.3866027521795592,1.0
2,128,0,12,550,temperature,0.3957279828471531,0.3957279828471531,1.0
2,128,0,12,600,temperature,0.40351386329429245,0.40351386329429245,1.0
2,128,0,12,650,temperature,0.4179409826496644,0.4179409826496644,1.0
2,128,0,12,700,temperature,0.43318509390139964,0.43318509390139964,1.0
2,128,0,12,750,temperature,0.4588724424807038,0.4588724424807038,1.0
2,128,0,12,775,temperature,0.47315169514292604,0.47315169514292604,1.0
2,128,0,12,800,temperature,0.49655954560461507,0.49655954560461507,1.0
2,128,0,12,825,temperature,0.5289229502500123,0.5289229502500123,1.0
2,128,0,12,850,temperature,0.5492320462790488,0.5492320462790488,1.0
2,128,0,12,875,temperature,0.5552118545186773,0.5552118545186773,1.0
2,128,0,12,900,temperature,0.5540901862814781,0.5540901862814781,1.0
2,128,0,12,925,temperature,0.5540524429570336,0.5540524429570336,1.0
2,128,0,12,950,temperature,0.5618845563660504,0.5618845563660504,1.0
2,128,0,12,975,temperature,0.5814850838539223,0.5814850838539223,1.0
2,128,0,12,1000,temperature,0.5867095935619725,0.5867095935619725,1.0
2,128,0,6,1,u_component_of_wind,27.204844325386265,27.204844325386265,1.0
2,128,0,6,2,u_component_of_wind,22.446676899018403,22.446676899018403,1.0
2,128,0,6,3,u_component_of_wind,17.96488830999068,17.96488830999068,1.0
2,128,0,6,5,u_component_of_wind,12.295344974765397,12.295344974765397,1.0
2,128,0,6,7,u_component_of_wind,9.294833048770784,9.294833048770784,1.0
2,128,0,6,10,u_component_of_wind,7.639593738633105,7.639593738633105,1.0
2,128,0,6,20,u_component_of_wind,5.407237474167488,5.407237474167488,1.0
2,128,0,6,30,u_component_of_wind,4.887009149787574,4.887009149787574,1.0
2,128,0,6,50,u_component_of_wind,1.0080882920647531,1.0080882920647531,1.0
2,128,0,6,70,u_component_of_wind,0.9873005182055209,0.9873005182055209,1.0
2,128,0,6,100,u_component_of_wind,0.9996051790556035,0.9996051790556035,1.0
2,128,0,6,125,u_component_of_wind,0.9860765232044753,0.9860765232044753,1.0
2,128,0,6,150,u_component_of_wind,1.008586578339923,1.008586578339923,1.0
2,128,0,6,175,u_component_of_wind,1.0400778167887839,1.0400778167887839,1.0
2,128,0,6,200,u_component_of_wind,1.0819338724505698,1.0819338724505698,1.0
2,128,0,6,225,u_component_of_wind,1.1608111637816696,1.1608111637816696,1.0
2,128,0,6,250,u_component_of_wind,1.2270676950135933,1.2270676950135933,1.0
2,128,0,6,300,u_component_of_wind,1.2830383898066335,1.2830383898066335,1.0
2,128,0,6,350,u_component_of_wind,1.2326156977467604,1.2326156977467604,1.0
2,128,0,6,400,u_component_of_wind,1.156851315813363,1.156851315813363,1.0
2,128,0,6,450,u_component_of_wind,1.0782033970540394,1.0782033970540394,1.0
2,128,0,6,500,u_component_of_wind,1.0116793591201603,1.0116793591201603,1.0
2,128,0,6,550,u_component_of_wind,0.9726858959108473,0.9726858959108473,1.0
2,128,0,6,600,u_component_of_wind,0.9395080895405804,0.9395080895405804,1.0
2,128,0,6,650,u_component_of_wind,0.9249772579484165,0.9249772579484165,1.0
2,128,0,6,700,u_component_of_wind,0.9065132547455201,0.9065132547455201,1.0
2,128,0,6,750,u_component_of_wind,0.891739235815678,0.891739235815678,1.0
2,128,0,6,775,u_component_of_wind,0.8804262263120204,0.8804262263120204,1.0
2,128,0,6,800,u_component_of_wind,0.8758255989947605,0.8758255989947605,1.0
2,128,0,6,825,u_component_of_wind,0.871877105839213,0.871877105839213,1.0
2,128,0,6,850,u_component_of_wind,0.8621702091975713,0.8621702091975713,1.0
2,128,0,6,875,u_component_of_wind,0.8469161548081213,0.8469161548081213,1.0
2,128,0,6,900,u_component_of_wind,0.8358403242679547,0.8358403242679547,1.0
2,128,0,6,925,u_component_of_wind,0.8269162330630735,0.8269162330630735,1.0
2,128,0,6,950,u_component_of_wind,0.8123438089459414,0.8123438089459414,1.0
2,128,0,6,975,u_component_of_wind,0.772936429394987,0.772936429394987,1.0
2,128,0,6,1000,u_component_of_wind,0.706530603585151,0.706530603585151,1.0
2,128,0,12,1,u_component_of_wind,27.46226112494201,27.46226112494201,1.0
2,128,0,12,2,u_component_of_wind,22.78817348951218,22.78817348951218,1.0
2,128,0,12,3,u_component_of_wind,18.166541807553944,18.166541807553944,1.0
2,128,0,12,5,u_component_of_wind,12.260744633946087,12.260744633946087,1.0
2,128,0,12,7,u_component_of_wind,9.524868841238225,9.524868841238225,1.0
2,128,0,12,10,u_component_of_wind,7.95100896127768,7.95100896127768,1.0
2,128,0,12,20,u_component_of_wind,5.477049419298465,5.477049419298465,1.0
2,128,0,12,30,u_component_of_wind,5.004609116090998,5.004609116090998,1.0
2,128,0,12,50,u_component_of_wind,1.225369689553368,1.225369689553368,1.0
2,128,0,12,70,u_component_of_wind,1.2527041519378546,1.2527041519378546,1.0
2,128,0,12,100,u_component_of_wind,1.3344730172664478,1.3344730172664478,1.0
2,128,0,12,125,u_component_of_wind,1.4032994914029433,1.4032994914029433,1.0
2,128,0,12,150,u_component_of_wind,1.4482899504101174,1.4482899504101174,1.0
2,128,0,12,175,u_component_of_wind,1.4593780214752943,1.4593780214752943,1.0
2,128,0,12,200,u_component_of_wind,1.4989932312401402,1.4989932312401402,1.0
2,128,0,12,225,u_component_of_wind,1.5483671457512158,1.5483671457512158,1.0
2,128,0,12,250,u_component_of_wind,1.592385122726515,1.592385122726515,1.0
2,128,0,12,300,u_component_of_wind,1.6191918706781985,1.6191918706781985,1.0
2,128,0,12,350,u_component_of_wind,1.568663306882955,1.568663306882955,1.0
2,128,0,12,400,u_component_of_wind,1.4608885933225997,1.4608885933225997,1.0
2,128,0,12,450,u_component_of_wind,1.376503777095619,1.376503777095619,1.0
2,128,0,12,500,u_component_of_wind,1.3037908654749457,1.3037908654749457,1.0
2,128,0,12,550,u_component_of_wind,1.2560531763403548,1.2560531763403548,1.0
2,128,0,12,600,u_component_of_wind,1.204865241815829,1.204865241815829,1.0
2,128,0,12,650,u_component_of_wind,1.1724773646159177,1.1724773646159177,1.0
2,128,0,12,700,u_component_of_wind,1.1512080840214391,1.1512080840214391,1.0
2,128,0,12,750,u_component_of_wind,1.13105407624329,1.13105407624329,1.0
2,128,0,12,775,u_component_of_wind,1.1134558966289014,1.1134558966289014,1.0
2,128,0,12,800,u_component_of_wind,1.0999742863049096,1.0999742863049096,1.0
2,128,0,12,825,u_component_of_wind,1.0852946220497843,1.0852946220497843,1.0
2,128,0,12,850,u_component_of_wind,1.063151868035196,1.063151868035196,1.0
2,128,0,12,875,u_component_of_wind,1.0366226381449382,1.0366226381449382,1.0
2,128,0,12,900,u_component_of_wind,1.0186089664605944,1.0186089664605944,1.0
2,128,0,12,925,u_component_of_wind,0.9983451039950225,0.9983451039950225,1.0
2,128,0,12,950,u_component_of_wind,0.9669131058882187,0.9669131058882187,1.0
2,128,0,12,975,u_component_of_wind,0.9082519393379141,0.9082519393379141,1.0
2,128,0,12,1000,u_component_of_wind,0.823266570642862,0.823266570642862,1.0
2,128,0,6,1,v_component_of_wind,10.217615421462448,10.217615421462448,1.0
2,128,0,6,2,v_component_of_wind,8.013975230005627,8.013975230005627,1.0
2,128,0,6,3,v_component_of_wind,6.99604354491347,6.99604354491347,1.0
2,128,0,6,5,v_component_of_wind,5.856882113139169,5.856882113139169,1.0
2,128,0,6,7,v_component_of_wind,5.04879805780746,5.04879805780746,1.0
2,128,0,6,10,v_component_of_wind,4.212054649797571,4.212054649797571,1.0
2,128,0,6,20,v_component_of_wind,3.132682837034625,3.132682837034625,1.0
2,128,0,6,30,v_component_of_wind,2.934383552770658,2.934383552770658,1.0
2,128,0,6,50,v_component_of_wind,1.0162184764490427,1.0162184764490427,1.0
2,128,0,6,70,v_component_of_wind,1.0146993114070182,1.0146993114070182,1.0
2,128,0,6,100,v_component_of_wind,1.0124299104952352,1.0124299104952352,1.0
2,128,0,6,125,v_component_of_wind,0.9845476252423212,0.9845476252423212,1.0
2,128,0,6,150,v_component_of_wind,0.990590970267721,0.990590970267721,1.0
2,128,0,6,175,v_component_of_wind,1.0026061549574068,1.0026061549574068,1.0
2,128,0,6,200,v_component_of_wind,1.0506483400486595,1.0506483400486595,1.0
2,128,0,6,225,v_component_of_wind,1.1539458111821337,1.1539458111821337,1.0
2,128,0,6,250,v_component_of_wind,1.2472675204999661,1.2472675204999661,1.0
2,128,0,6,300,v_component_of_wind,1.347740651303455,1.347740651303455,1.0
2,128,0,6,350,v_component_of_wind,1.3290593707296534,1.3290593707296534,1.0
2,128,0,6,400,v_component_of_wind,1.2521074225075,1.2521074225075,1.0
2,128,0,6,450,v_component_of_wind,1.1675815532403064,1.1675815532403064,1.0
2,128,0,6,500,v_component_of_wind,1.093600898328093,1.093600898328093,1.0
2,128,0,6,550,v_component_of_wind,1.0396268502141275,1.0396268502141275,1.0
2,128,0,6,600,v_component_of_wind,0.9974577749310111,0.9974577749310111,1.0
2,128,0,6,650,v_component_of_wind,0.9792344605076282,0.9792344605076282,1.0
2,128,0,6,700,v_component_of_wind,0.9604954173243057,0.9604954173243057,1.0
2,128,0,6,750,v_component_of_wind,0.9424057204498179,0.9424057204498179,1.0
2,128,0,6,775,v_component_of_wind,0.9308451007215435,0.9308451007215435,1.0
2,128,0,6,800,v_component_of_wind,0.9278565426619727,0.9278565426619727,1.0
2,128,0,6,825,v_component_of_wind,0.924852716790928,0.924852716790928,1.0
2,128,0,6,850,v_component_of_wind,0.9187872484327434,0.9187872484327434,1.0
2,128,0,6,875,v_component_of_wind,0.905953755531246,0.905953755531246,1.0
2,128,0,6,900,v_component_of_wind,0.8963129279150315,0.8963129279150315,1.0
2,128,0,6,925,v_component_of_wind,0.891872274973568,0.891872274973568,1.0
2,128,0,6,950,v_component_of_wind,0.8758473474280674,0.8758473474280674,1.0
2,128,0,6,975,v_component_of_wind,0.8252007431177929,0.8252007431177929,1.0
2,128,0,6,1000,v_component_of_wind,0.7474144380338668,0.7474144380338668,1.0
2,128,0,12,1,v_component_of_wind,10.482487530676527,10.482487530676527,1.0
2,128,0,12,2,v_component_of_wind,8.28285003619286,8.28285003619286,1.0
2,128,0,12,3,v_component_of_wind,7.032985927686889,7.032985927686889,1.0
2,128,0,12,5,v_component_of_wind,5.86003879152654,5.86003879152654,1.0
2,128,0,12,7,v_component_of_wind,4.9974288797169395,4.9974288797169395,1.0
2,128,0,12,10,v_component_of_wind,4.14886656632179,4.14886656632179,1.0
2,128,0,12,20,v_component_of_wind,3.1775397353000647,3.1775397353000647,1.0
2,128,0,12,30,v_component_of_wind,2.8725143763266137,2.8725143763266137,1.0
2,128,0,12,50,v_component_of_wind,1.232130343261439,1.232130343261439,1.0
2,128,0,12,70,v_component_of_wind,1.282841068041434,1.282841068041434,1.0
2,128,0,12,100,v_component_of_wind,1.361613568509896,1.361613568509896,1.0
2,128,0,12,125,v_component_of_wind,1.4435593640129738,1.4435593640129738,1.0
2,128,0,12,150,v_component_of_wind,1.4468369534023977,1.4468369534023977,1.0
2,128,0,12,175,v_component_of_wind,1.466824377483448,1.466824377483448,1.0
2,128,0,12,200,v_component_of_wind,1.489788956239781,1.489788956239781,1.0
2,128,0,12,225,v_component_of_wind,1.5515665010815884,1.5515665010815884,1.0
2,128,0,12,250,v_component_of_wind,1.626023072880356,1.626023072880356,1.0
2,128,0,12,300,v_component_of_wind,1.6947756501429418,1.6947756501429418,1.0
2,128,0,12,350,v_component_of_wind,1.6538497826984828,1.6538497826984828,1.0
2,128,0,12,400,v_component_of_wind,1.5659867725703829,1.5659867725703829,1.0
2,128,0,12,450,v_component_of_wind,1.4645700999977944,1.4645700999977944,1.0
2,128,0,12,500,v_component_of_wind,1.374584664089585,1.374584664089585,1.0
2,128,0,12,550,v_component_of_wind,1.3170282583628798,1.3170282583628798,1.0
2,128,0,12,600,v_component_of_wind,1.2664602872697064,1.2664602872697064,1.0
2,128,0,12,650,v_component_of_wind,1.2333919918258158,1.2333919918258158,1.0
2,128,0,12,700,v_component_of_wind,1.2047680340877505,1.2047680340877505,1.0
2,128,0,12,750,v_component_of_wind,1.1801602748151647,1.1801602748151647,1.0
2,128,0,12,775,v_component_of_wind,1.1650660650273093,1.1650660650273093,1.0
2,128,0,12,800,v_component_of_wind,1.1491670226066817,1.1491670226066817,1.0
2,128,0,12,825,v_component_of_wind,1.1321480310026766,1.1321480310026766,1.0
2,128,0,12,850,v_component_of_wind,1.1154316246430813,1.1154316246430813,1.0
2,128,0,12,875,v_component_of_wind,1.0951544032767353,1.0951544032767353,1.0
2,128,0,12,900,v_component_of_wind,1.0768333244586314,1.0768333244586314,1.0
2,128,0,12,925,v_component_of_wind,1.0603051665416947,1.0603051665416947,1.0
2,128,0,12,950,v_component_of_wind,1.033227835962201,1.033227835962201,1.0
2,128,0,12,975,v_component_of_wind,0.9702092997631178,0.9702092997631178,1.0
2,128,0,12,1000,v_component_of_wind,0.872738794895405,0.872738794895405,1.0
2,128,0,6,1,specific_humidity,9.093771566984339e-07,9.093771566984339e-07,1.0
2,128,0,6,2,specific_humidity,7.335056784697729e-07,7.335056784697729e-07,1.0
2,128,0,6,3,specific_humidity,5.95589768955808e-07,5.95589768955808e-07,1.0
2,128,0,6,5,specific_humidity,4.224884578703961e-07,4.224884578703961e-07,1.0
2,128,0,6,7,specific_humidity,3.348673087158939e-07,3.348673087158939e-07,1.0
2,128,0,6,10,specific_humidity,2.470444360450041e-07,2.470444360450041e-07,1.0
2,128,0,6,20,specific_humidity,1.196116131921905e-07,1.196116131921905e-07,1.0
2,128,0,6,30,specific_humidity,1.0382307119485337e-07,1.0382307119485337e-07,1.0
2,128,0,6,50,specific_humidity,1.2568902329994858e-08,1.2568902329994858e-08,1.0
2,128,0,6,70,specific_humidity,2.414820950784697e-08,2.414820950784697e-08,1.0
2,128,0,6,100,specific_humidity,8.178295415058188e-08,8.178295415058188e-08,1.0
2,128,0,6,125,specific_humidity,2.1831824920281115e-07,2.1831824920281115e-07,1.0
2,128,0,6,150,specific_humidity,5.992997945378687e-07,5.992997945378687e-07,1.0
2,128,0,6,175,specific_humidity,1.5910159323679622e-06,1.5910159323679622e-06,1.0
2,128,0,6,200,specific_humidity,3.764010817253872e-06,3.764010817253872e-06,1.0
2,128,0,6,225,specific_humidity,7.610957609189218e-06,7.610957609189218e-06,1.0
2,128,0,6,250,specific_humidity,1.317197315186294e-05,1.317197315186294e-05,1.0
2,128,0,6,300,specific_humidity,2.9177964649465544e-05,2.9177964649465544e-05,1.0
2,128,0,6,350,specific_humidity,5.435803037432676e-05,5.435803037432676e-05,1.0
2,128,0,6,400,specific_humidity,8.676819061223045e-05,8.676819061223045e-05,1.0
2,128,0,6,450,specific_humidity,0.00012779900835098047,0.00012779900835098047,1.0
2,128,0,6,500,specific_humidity,0.00016685150995882826,0.00016685150995882826,1.0
2,128,0,6,550,specific_humidity,0.00021487303231659992,0.00021487303231659992,1.0
2,128,0,6,600,specific_humidity,0.00025206401385736966,0.00025206401385736966,1.0
2,128,0,6,650,specific_humidity,0.0002942486987821947,0.0002942486987821947,1.0
2,128,0,6,700,specific_humidity,0.0003363237500858548,0.0003363237500858548,1.0
2,128,0,6,750,specific_humidity,0.00037860520076298974,0.00037860520076298974,1.0
2,128,0,6,775,specific_humidity,0.00039260193803214373,0.00039260193803214373,1.0
2,128,0,6,800,specific_humidity,0.00040466835784564294,0.00040466835784564294,1.0
2,128,0,6,825,specific_humidity,0.000413348603569168,0.000413348603569168,1.0
2,128,0,6,850,specific_humidity,0.0004130505235106746,0.0004130505235106746,1.0
2,128,0,6,875,specific_humidity,0.00039473209948691704,0.00039473209948691704,1.0
2,128,0,6,900,specific_humidity,0.00036987817005644063,0.00036987817005644063,1.0
2,128,0,6,925,specific_humidity,0.00034080341872750274,0.00034080341872750274,1.0
2,128,0,6,950,specific_humidity,0.000303403494668488,0.000303403494668488,1.0
2,128,0,6,975,specific_humidity,0.0002819638950214839,0.0002819638950214839,1.0
2,128,0,6,1000,specific_humidity,0.000275698375966985,0.000275698375966985,1.0
2,128,0,12,1,specific_humidity,9.080329161004982e-07,9.080329161004982e-07,1.0
2,128,0,12,2,specific_humidity,7.324409513202541e-07,7.324409513202541e-07,1.0
2,128,0,12,3,specific_humidity,5.939726085732165e-07,5.939726085732165e-07,1.0
2,128,0,12,5,specific_humidity,4.2120779193082444e-07,4.2120779193082444e-07,1.0
2,128,0,12,7,specific_humidity,3.3379210086990037e-07,3.3379210086990037e-07,1.0
2,128,0,12,10,specific_humidity,2.4667159240052517e-07,2.4667159240052517e-07,1.0
2,128,0,12,20,specific_humidity,1.1953609525206157e-07,1.1953609525206157e-07,1.0
2,128,0,12,30,specific_humidity,1.0361852126020708e-07,1.0361852126020708e-07,1.0
2,128,0,12,50,specific_humidity,1.4769062930166226e-08,1.4769062930166226e-08,1.0
2,128,0,12,70,specific_humidity,2.8881383563658692e-08,2.8881383563658692e-08,1.0
2,128,0,12,100,specific_humidity,9.944431694624635e-08,9.944431694624635e-08,1.0
2,128,0,12,125,specific_humidity,2.665791101123189e-07,2.665791101123189e-07,1.0
2,128,0,12,150,specific_humidity,7.456409943061631e-07,7.456409943061631e-07,1.0
2,128,0,12,175,specific_humidity,1.9578072290918073e-06,1.9578072290918073e-06,1.0
2,128,0,12,200,specific_humidity,4.5366179469454594e-06,4.5366179469454594e-06,1.0
2,128,0,12,225,specific_humidity,9.268818447644937e-06,9.268818447644937e-06,1.0
2,128,0,12,250,specific_humidity,1.6330908997023883e-05,1.6330908997023883e-05,1.0
2,128,0,12,300,specific_humidity,3.828203708380854e-05,3.828203708380854e-05,1.0
2,128,0,12,350,specific_humidity,7.105695794177353e-05,7.105695794177353e-05,1.0
2,128,0,12,400,specific_humidity,0.00011351169850510764,0.00011351169850510764,1.0
2,128,0,12,450,specific_humidity,0.00016626143881780304,0.00016626143881780304,1.0
2,128,0,12,500,specific_humidity,0.00021666352739330884,0.00021666352739330884,1.0
2,128,0,12,550,specific_humidity,0.0002740387490961615,0.0002740387490961615,1.0
2,128,0,12,600,specific_humidity,0.0003191822817329346,0.0003191822817329346,1.0
2,128,0,12,650,specific_humidity,0.0003763212741969594,0.0003763212741969594,1.0
2,128,0,12,700,specific_humidity,0.00042801477599088786,0.00042801477599088786,1.0
2,128,0,12,750,specific_humidity,0.00047705936719613456,0.00047705936719613456,1.0
2,128,0,12,775,specific_humidity,0.0004927977983879612,0.0004927977983879612,1.0
2,128,0,12,800,specific_humidity,0.000506016114614229,0.000506016114614229,1.0
2,128,0,12,825,specific_humidity,0.000513151721023688,0.000513151721023688,1.0
2,128,0,12,850,specific_humidity,0.0005098219087702497,0.0005098219087702497,1.0
2,128,0,12,875,specific_humidity,0.0004888356325852617,0.0004888356325852617,1.0
2,128,0,12,900,specific_humidity,0.00046015351743648107,0.00046015351743648107,1.0
2,128,0,12,925,specific_humidity,0.0004221751642981526,0.0004221751642981526,1.0
2,128,0,12,950,specific_humidity,0.00037355317759083136,0.00037355317759083136,1.0
2,128,0,12,975,specific_humidity,0.0003543222291402861,0.0003543222291402861,1.0
2,128,0,12,1000,specific_humidity,0.00034079588043005386,0.00034079588043005386,1.0
2,128,0,6,1,specific_cloud_ice_water_content,1.4206039464794252e-06,1.4206039464794252e-06,1.0
2,128,0,6,2,specific_cloud_ice_water_content,1.4056207277356892e-06,1.4056207277356892e-06,1.0
2,128,0,6,3,specific_cloud_ice_water_content,1.4049656067194154e-06,1.4049656067194154e-06,1.0
2,128,0,6,5,specific_cloud_ice_water_content,1.3990578523496726e-06,1.3990578523496726e-06,1.0
2,128,0,6,7,specific_cloud_ice_water_content,1.4027574858603023e-06,1.4027574858603023e-06,1.0
2,128,0,6,10,specific_cloud_ice_water_content,1.4106221265270812e-06,1.4106221265270812e-06,1.0
2,128,0,6,20,specific_cloud_ice_water_content,1.1857876167668038e-06,1.1857876167668038e-06,1.0
2,128,0,6,30,specific_cloud_ice_water_content,1.01028739149733e-06,1.01028739149733e-06,1.0
2,128,0,6,50,specific_cloud_ice_water_content,7.708389414940023e-07,7.708389414940023e-07,1.0
2,128,0,6,70,specific_cloud_ice_water_content,6.990539799351904e-07,6.990539799351904e-07,1.0
2,128,0,6,100,specific_cloud_ice_water_content,9.788538346792786e-07,9.788538346792786e-07,1.0
2,128,0,6,125,specific_cloud_ice_water_content,2.300681746129077e-06,2.300681746129077e-06,1.0
2,128,0,6,150,specific_cloud_ice_water_content,3.7490564957738998e-06,3.7490564957738998e-06,1.0
2,128,0,6,175,specific_cloud_ice_water_content,4.960764079174599e-06,4.960764079174599e-06,1.0
2,128,0,6,200,specific_cloud_ice_water_content,6.1763666793779366e-06,6.1763666793779366e-06,1.0
2,128,0,6,225,specific_cloud_ice_water_content,7.1781582016565255e-06,7.1781582016565255e-06,1.0
2,128,0,6,250,specific_cloud_ice_water_content,7.50072130594897e-06,7.50072130594897e-06,1.0
2,128,0,6,300,specific_cloud_ice_water_content,7.689260186203563e-06,7.689260186203563e-06,1.0
2,128,0,6,350,specific_cloud_ice_water_content,7.394346892745032e-06,7.394346892745032e-06,1.0
2,128,0,6,400,specific_cloud_ice_water_content,6.521993740155893e-06,6.521993740155893e-06,1.0
2,128,0,6,450,specific_cloud_ice_water_content,5.656019550027895e-06,5.656019550027895e-06,1.0
2,128,0,6,500,specific_cloud_ice_water_content,4.817655002351666e-06,4.817655002351666e-06,1.0
2,128,0,6,550,specific_cloud_ice_water_content,3.980803809296654e-06,3.980803809296654e-06,1.0
2,128,0,6,600,specific_cloud_ice_water_content,3.3726014668895825e-06,3.3726014668895825e-06,1.0
2,128,0,6,650,specific_cloud_ice_water_content,2.8844669380874784e-06,2.8844669380874784e-06,1.0
2,128,0,6,700,specific_cloud_ice_water_content,2.5674993548664024e-06,2.5674993548664024e-06,1.0
2,128,0,6,750,specific_cloud_ice_water_content,2.2538395465582705e-06,2.2538395465582705e-06,1.0
2,128,0,6,775,specific_cloud_ice_water_content,2.1856198644839124e-06,2.1856198644839124e-06,1.0
2,128,0,6,800,specific_cloud_ice_water_content,2.159897297531843e-06,2.159897297531843e-06,1.0
2,128,0,6,825,specific_cloud_ice_water_content,2.114584282775733e-06,2.114584282775733e-06,1.0
2,128,0,6,850,specific_cloud_ice_water_content,1.994722956575078e-06,1.994722956575078e-06,1.0
2,128,0,6,875,specific_cloud_ice_water_content,1.7715402042323753e-06,1.7715402042323753e-06,1.0
2,128,0,6,900,specific_cloud_ice_water_content,1.560506010189548e-06,1.560506010189548e-06,1.0
2,128,0,6,925,specific_cloud_ice_water_content,1.393651179751738e-06,1.393651179751738e-06,1.0
2,128,0,6,950,specific_cloud_ice_water_content,1.2220703361723148e-06,1.2220703361723148e-06,1.0
2,128,0,6,975,specific_cloud_ice_water_content,1.0380023373445382e-06,1.0380023373445382e-06,1.0
2,128,0,6,1000,specific_cloud_ice_water_content,9.404953549931882e-07,9.404953549931882e-07,1.0
2,128,0,12,1,specific_cloud_ice_water_content,1.27712863812133e-06,1.27712863812133e-06,1.0
2,128,0,12,2,specific_cloud_ice_water_content,1.2642746506475388e-06,1.2642746506475388e-06,1.0
2,128,0,12,3,specific_cloud_ice_water_content,1.2640891305265725e-06,1.2640891305265725e-06,1.0
2,128,0,12,5,specific_cloud_ice_water_content,1.2586746829862572e-06,1.2586746829862572e-06,1.0
2,128,0,12,7,specific_cloud_ice_water_content,1.2620351699656046e-06,1.2620351699656046e-06,1.0
2,128,0,12,10,specific_cloud_ice_water_content,1.2687063875131808e-06,1.2687063875131808e-06,1.0
2,128,0,12,20,specific_cloud_ice_water_content,1.0812730498755035e-06,1.0812730498755035e-06,1.0
2,128,0,12,30,specific_cloud_ice_water_content,9.769809145099352e-07,9.769809145099352e-07,1.0
2,128,0,12,50,specific_cloud_ice_water_content,6.816416203176375e-07,6.816416203176375e-07,1.0
2,128,0,12,70,specific_cloud_ice_water_content,6.324122695921512e-07,6.324122695921512e-07,1.0
2,128,0,12,100,specific_cloud_ice_water_content,1.0197976262307674e-06,1.0197976262307674e-06,1.0
2,128,0,12,125,specific_cloud_ice_water_content,2.6132489397879918e-06,2.6132489397879918e-06,1.0
2,128,0,12,150,specific_cloud_ice_water_content,4.452711544118195e-06,4.452711544118195e-06,1.0
2,128,0,12,175,specific_cloud_ice_water_content,5.752705843374457e-06,5.752705843374457e-06,1.0
2,128,0,12,200,specific_cloud_ice_water_content,6.637574144716837e-06,6.637574144716837e-06,1.0
2,128,0,12,225,specific_cloud_ice_water_content,7.375842694930471e-06,7.375842694930471e-06,1.0
2,128,0,12,250,specific_cloud_ice_water_content,7.904301569886212e-06,7.904301569886212e-06,1.0
2,128,0,12,300,specific_cloud_ice_water_content,8.344517644939767e-06,8.344517644939767e-06,1.0
2,128,0,12,350,specific_cloud_ice_water_content,8.183593765233976e-06,8.183593765233976e-06,1.0
2,128,0,12,400,specific_cloud_ice_water_content,7.2654384058282434e-06,7.2654384058282434e-06,1.0
2,128,0,12,450,specific_cloud_ice_water_content,6.09247476470605e-06,6.09247476470605e-06,1.0
2,128,0,12,500,specific_cloud_ice_water_content,5.092985529972657e-06,5.092985529972657e-06,1.0
2,128,0,12,550,specific_cloud_ice_water_content,4.1158823732390346e-06,4.1158823732390346e-06,1.0
2,128,0,12,600,specific_cloud_ice_water_content,3.4242924170244736e-06,3.4242924170244736e-06,1.0
2,128,0,12,650,specific_cloud_ice_water_content,2.8939214499877803e-06,2.8939214499877803e-06,1.0
2,128,0,12,700,specific_cloud_ice_water_content,2.5180278369919815e-06,2.5180278369919815e-06,1.0
2,128,0,12,750,specific_cloud_ice_water_content,2.2037272640427857e-06,2.2037272640427857e-06,1.0
2,128,0,12,775,specific_cloud_ice_water_content,2.2125921655815606e-06,2.2125921655815606e-06,1.0
2,128,0,12,800,specific_cloud_ice_water_content,2.164528765299139e-06,2.164528765299139e-06,1.0
2,128,0,12,825,specific_cloud_ice_water_content,2.1075439097652677e-06,2.1075439097652677e-06,1.0
2,128,0,12,850,specific_cloud_ice_water_content,1.969919514424286e-06,1.969919514424286e-06,1.0
2,128,0,12,875,specific_cloud_ice_water_content,1.739973253363324e-06,1.739973253363324e-06,1.0
2,128,0,12,900,specific_cloud_ice_water_content,1.5534753578722499e-06,1.5534753578722499e-06,1.0
2,128,0,12,925,specific_cloud_ice_water_content,1.3801596508072998e-06,1.3801596508072998e-06,1.0
2,128,0,12,950,specific_cloud_ice_water_content,1.1878459700102878e-06,1.1878459700102878e-06,1.0
2,128,0,12,975,specific_cloud_ice_water_content,1.0087398927121866e-06,1.0087398927121866e-06,1.0
2,128,0,12,1000,specific_cloud_ice_water_content,9.068753061303431e-07,9.068753061303431e-07,1.0
2,128,0,6,1,specific_cloud_liquid_water_content,2.607430654687599e-06,2.607430654687599e-06,1.0
2,128,0,6,2,specific_cloud_liquid_water_content,2.6116698308202425e-06,2.6116698308202425e-06,1.0
2,128,0,6,3,specific_cloud_liquid_water_content,2.5949910173011508e-06,2.5949910173011508e-06,1.0
2,128,0,6,5,specific_cloud_liquid_water_content,2.6077422040062975e-06,2.6077422040062975e-06,1.0
2,128,0,6,7,specific_cloud_liquid_water_content,2.625027431847605e-06,2.625027431847605e-06,1.0
2,128,0,6,10,specific_cloud_liquid_water_content,2.5969440454393827e-06,2.5969440454393827e-06,1.0
2,128,0,6,20,specific_cloud_liquid_water_content,2.2785213747666373e-06,2.2785213747666373e-06,1.0
2,128,0,6,30,specific_cloud_liquid_water_content,1.9447560652356706e-06,1.9447560652356706e-06,1.0
2,128,0,6,50,specific_cloud_liquid_water_content,1.9026943828573445e-06,1.9026943828573445e-06,1.0
2,128,0,6,70,specific_cloud_liquid_water_content,1.5165505909421657e-06,1.5165505909421657e-06,1.0
2,128,0,6,100,specific_cloud_liquid_water_content,1.5032028760004338e-06,1.5032028760004338e-06,1.0
2,128,0,6,125,specific_cloud_liquid_water_content,1.3879582471183588e-06,1.3879582471183588e-06,1.0
2,128,0,6,150,specific_cloud_liquid_water_content,1.480373494315754e-06,1.480373494315754e-06,1.0
2,128,0,6,175,specific_cloud_liquid_water_content,1.6357976890769738e-06,1.6357976890769738e-06,1.0
2,128,0,6,200,specific_cloud_liquid_water_content,1.8112852966820385e-06,1.8112852966820385e-06,1.0
2,128,0,6,225,specific_cloud_liquid_water_content,1.6772163907512642e-06,1.6772163907512642e-06,1.0
2,128,0,6,250,specific_cloud_liquid_water_content,1.7577519747550994e-06,1.7577519747550994e-06,1.0
2,128,0,6,300,specific_cloud_liquid_water_content,2.2215981351880656e-06,2.2215981351880656e-06,1.0
2,128,0,6,350,specific_cloud_liquid_water_content,2.753910700547746e-06,2.753910700547746e-06,1.0
2,128,0,6,400,specific_cloud_liquid_water_content,3.771407205589865e-06,3.771407205589865e-06,1.0
2,128,0,6,450,specific_cloud_liquid_water_content,5.561933571204527e-06,5.561933571204527e-06,1.0
2,128,0,6,500,specific_cloud_liquid_water_content,8.249067358806768e-06,8.249067358806768e-06,1.0
2,128,0,6,550,specific_cloud_liquid_water_content,1.1006397365588961e-05,1.1006397365588961e-05,1.0
2,128,0,6,600,specific_cloud_liquid_water_content,9.540017729517219e-06,9.540017729517219e-06,1.0
2,128,0,6,650,specific_cloud_liquid_water_content,9.543024885674254e-06,9.543024885674254e-06,1.0
2,128,0,6,700,specific_cloud_liquid_water_content,1.0752393249598763e-05,1.0752393249598763e-05,1.0
2,128,0,6,750,specific_cloud_liquid_water_content,1.2409822064669506e-05,1.2409822064669506e-05,1.0
2,128,0,6,775,specific_cloud_liquid_water_content,1.307133403266907e-05,1.307133403266907e-05,1.0
2,128,0,6,800,specific_cloud_liquid_water_content,1.4138016620359287e-05,1.4138016620359287e-05,1.0
2,128,0,6,825,specific_cloud_liquid_water_content,1.60658139419533e-05,1.60658139419533e-05,1.0
2,128,0,6,850,specific_cloud_liquid_water_content,1.7874178422521548e-05,1.7874178422521548e-05,1.0
2,128,0,6,875,specific_cloud_liquid_water_content,1.8107670967379836e-05,1.8107670967379836e-05,1.0
2,128,0,6,900,specific_cloud_liquid_water_content,1.7254756612115812e-05,1.7254756612115812e-05,1.0
2,128,0,6,925,specific_cloud_liquid_water_content,1.5449699350835324e-05,1.5449699350835324e-05,1.0
2,128,0,6,950,specific_cloud_liquid_water_content,1.305610728390447e-05,1.305610728390447e-05,1.0
2,128,0,6,975,specific_cloud_liquid_water_content,9.737965528549028e-06,9.737965528549028e-06,1.0
2,128,0,6,1000,specific_cloud_liquid_water_content,7.395349420625011e-06,7.395349420625011e-06,1.0
2,128,0,12,1,specific_cloud_liquid_water_content,2.3955921449157327e-06,2.3955921449157327e-06,1.0
2,128,0,12,2,specific_cloud_liquid_water_content,2.399021227872687e-06,2.399021227872687e-06,1.0
2,128,0,12,3,specific_cloud_liquid_water_content,2.382314443958685e-06,2.382314443958685e-06,1.0
2,128,0,12,5,specific_cloud_liquid_water_content,2.3938712964121736e-06,2.3938712964121736e-06,1.0
2,128,0,12,7,specific_cloud_liquid_water_content,2.413580942605357e-06,2.413580942605357e-06,1.0
2,128,0,12,10,specific_cloud_liquid_water_content,2.384486587080648e-06,2.384486587080648e-06,1.0
2,128,0,12,20,specific_cloud_liquid_water_content,2.1026422542785122e-06,2.1026422542785122e-06,1.0
2,128,0,12,30,specific_cloud_liquid_water_content,1.7878771291494073e-06,1.7878771291494073e-06,1.0
2,128,0,12,50,specific_cloud_liquid_water_content,1.6236477592480129e-06,1.6236477592480129e-06,1.0
2,128,0,12,70,specific_cloud_liquid_water_content,1.3853221405769922e-06,1.3853221405769922e-06,1.0
2,128,0,12,100,specific_cloud_liquid_water_content,1.3806654115280863e-06,1.3806654115280863e-06,1.0
2,128,0,12,125,specific_cloud_liquid_water_content,1.2714968518008162e-06,1.2714968518008162e-06,1.0
2,128,0,12,150,specific_cloud_liquid_water_content,1.3507613938978529e-06,1.3507613938978529e-06,1.0
2,128,0,12,175,specific_cloud_liquid_water_content,1.4652807630685863e-06,1.4652807630685863e-06,1.0
2,128,0,12,200,specific_cloud_liquid_water_content,1.5821009762451061e-06,1.5821009762451061e-06,1.0
2,128,0,12,225,specific_cloud_liquid_water_content,1.5132638671616578e-06,1.5132638671616578e-06,1.0
2,128,0,12,250,specific_cloud_liquid_water_content,1.5912636896604316e-06,1.5912636896604316e-06,1.0
2,128,0,12,300,specific_cloud_liquid_water_content,2.0908513691017255e-06,2.0908513691017255e-06,1.0
2,128,0,12,350,specific_cloud_liquid_water_content,2.655451973832682e-06,2.655451973832682e-06,1.0
2,128,0,12,400,specific_cloud_liquid_water_content,3.930265127948911e-06,3.930265127948911e-06,1.0
2,128,0,12,450,specific_cloud_liquid_water_content,6.135511837509051e-06,6.135511837509051e-06,1.0
2,128,0,12,500,specific_cloud_liquid_water_content,9.141366386971055e-06,9.141366386971055e-06,1.0
2,128,0,12,550,specific_cloud_liquid_water_content,1.131560296898968e-05,1.131560296898968e-05,1.0
2,128,0,12,600,specific_cloud_liquid_water_content,1.0383059752732913e-05,1.0383059752732913e-05,1.0
2,128,0,12,650,specific_cloud_liquid_water_content,1.0286131126245412e-05,1.0286131126245412e-05,1.0
2,128,0,12,700,specific_cloud_liquid_water_content,1.1465011272079349e-05,1.1465011272079349e-05,1.0
2,128,0,12,750,specific_cloud_liquid_water_content,1.2924533119900512e-05,1.2924533119900512e-05,1.0
2,128,0,12,775,specific_cloud_liquid_water_content,1.3575290788232133e-05,1.3575290788232133e-05,1.0
2,128,0,12,800,specific_cloud_liquid_water_content,1.4862990392207031e-05,1.4862990392207031e-05,1.0
2,128,0,12,825,specific_cloud_liquid_water_content,1.7093636541768304e-05,1.7093636541768304e-05,1.0
2,128,0,12,850,specific_cloud_liquid_water_content,1.8984221594876112e-05,1.8984221594876112e-05,1.0
2,128,0,12,875,specific_cloud_liquid_water_content,1.9187610125346293e-05,1.9187610125346293e-05,1.0
2,128,0,12,900,specific_cloud_liquid_water_content,1.806657853485932e-05,1.806657853485932e-05,1.0
2,128,0,12,925,specific_cloud_liquid_water_content,1.6607928902824433e-05,1.6607928902824433e-05,1.0
2,128,0,12,950,specific_cloud_liquid_water_content,1.3881413295747411e-05,1.3881413295747411e-05,1.0
2,128,0,12,975,specific_cloud_liquid_water_content,1.0499811639986593e-05,1.0499811639986593e-05,1.0
2,128,0,12,1000,specific_cloud_liquid_water_content,7.403535963718365e-06,7.403535963718365e-06,1.0
2,128,100,6,1,geopotential,9317.862287357242,30017.112690917347,0.31041833980843414
2,128,100,6,2,geopotential,6292.335779370996,20502.3884876883,0.30690745047337037
2,128,100,6,3,geopotential,4795.087710178183,15455.170984071645,0.3102578234249288
2,128,100,6,5,geopotential,2961.3580814671427,9454.636002500229,0.31321756656565386
2,128,100,6,7,geopotential,1937.0004697785928,5951.390274193691,0.3254702482170895
2,128,100,6,10,geopotential,1058.4161261347988,2712.6580123551735,0.3901767643816866
2,128,100,6,20,geopotential,765.3560344524899,1383.490532900262,0.5532065570756353
2,128,100,6,30,geopotential,687.9405722625679,1782.3774993327822,0.3859679403045048
2,128,100,6,50,geopotential,335.89654404788695,48.71837840567823,6.894657725486558
2,128,100,6,70,geopotential,1589.082758951611,44.25181490018717,35.91000194084446
2,128,100,6,100,geopotential,532.7897321834854,32.36684696735586,16.460971089363124
2,128,100,6,125,geopotential,244.98116222155332,27.250452833998416,8.98998500002569
2,128,100,6,150,geopotential,246.84825963189456,25.853203015822537,9.548072611382807
2,128,100,6,175,geopotential,259.7816670301678,25.879460085026363,10.038140910848263
2,128,100,6,200,geopotential,242.6641420669813,26.94857391969595,9.004711818521312
2,128,100,6,225,geopotential,244.74888392768466,27.00899913723362,9.061753183970552
2,128,100,6,250,geopotential,233.12747443268748,27.853511372988223,8.369769660667266
2,128,100,6,300,geopotential,234.61956839752696,29.16670333614647,8.044089374569856
2,128,100,6,350,geopotential,238.93183572427088,29.207937994145585,8.180373286610036
2,128,100,6,400,geopotential,238.9055368148636,28.084448168897442,8.506684389100558
2,128,100,6,450,geopotential,236.4396595721392,26.924804839753435,8.781480905036874
2,128,100,6,500,geopotential,245.55179263110685,25.5906557844183,9.595369290247694
2,128,100,6,550,geopotential,247.76174474658643,24.343130155875908,10.177891797813112
2,128,100,6,600,geopotential,253.1530052846223,23.777138524480296,10.64690795420916
2,128,100,6,650,geopotential,254.98994243208352,23.42100179145581,10.887234658130897
2,128,100,6,700,geopotential,250.27379512476537,23.71434595430227,10.55368744333261
2,128,100,6,750,geopotential,249.87326057849978,23.925957089770304,10.443605647246383
2,128,100,6,775,geopotential,239.49244155815637,24.122567562987896,9.928148856161483
2,128,100,6,800,geopotential,231.9013386821873,24.41477679319394,9.498400933439374
2,128,100,6,825,geopotential,237.38959143693356,24.82136838384357,9.563920399789577
2,128,100,6,850,geopotential,248.21948338469994,25.2001591806623,9.849917280489827
2,128,100,6,875,geopotential,254.18947628238485,25.662939695315867,9.904924350065041
2,128,100,6,900,geopotential,254.40577466233688,26.37463086834615,9.645851573515868
2,128,100,6,925,geopotential,242.81311832115432,27.231975129279554,8.916471066400323
2,128,100,6,950,geopotential,249.2353512444317,28.138298628468174,8.857513189950813
2,128,100,6,975,geopotential,279.9498999150653,29.473191721908822,9.498458889573376
2,128,100,6,1000,geopotential,298.5251374258591,31.291805198544278,9.540042050362334
2,128,100,12,1,geopotential,11572.169130825187,30099.61107599867,0.38446241386995184
2,128,100,12,2,geopotential,7924.006311721246,20556.287520213456,0.3854784724104191
2,128,100,12,3,geopotential,6269.600957579308,15507.45263428121,0.40429599273574773
2,128,100,12,5,geopotential,3949.6487069156397,9517.41630724174,0.41499169306173755
2,128,100,12,7,geopotential,2666.494573502394,6007.6511213527965,0.443849770840547
2,128,100,12,10,geopotential,1492.8574485202223,2756.217166095862,0.5416327373923264
2,128,100,12,20,geopotential,925.09682350106,1365.0179063296034,0.6777177201935415
2,128,100,12,30,geopotential,867.165427695206,1774.250391415416,0.48875030936497127
2,128,100,12,50,geopotential,505.4037681951955,55.17989138971129,9.159201938723495
2,128,100,12,70,geopotential,1387.1120728348537,49.91324058242187,27.790463144630166
2,128,100,12,100,geopotential,862.9372928154273,42.80226084430572,20.161021305729225
2,128,100,12,125,geopotential,399.65657719962144,39.49994677240546,10.117901664587059
2,128,100,12,150,geopotential,327.8516447060463,38.77491351585309,8.455251475209723
2,128,100,12,175,geopotential,362.3807033568673,39.45872299543518,9.183791969111358
2,128,100,12,200,geopotential,296.5603175935772,40.063107482973635,7.402329380455872
2,128,100,12,225,geopotential,273.9023312609327,40.60130881702422,6.746145364311134
2,128,100,12,250,geopotential,267.3874273492726,41.50180991383049,6.442789553141047
2,128,100,12,300,geopotential,278.7936348801422,42.35167640644654,6.582824070635978
2,128,100,12,350,geopotential,256.7458844534537,41.3502812284645,6.2090480844593685
2,128,100,12,400,geopotential,257.0304103382033,39.58815846139158,6.492608404325567
2,128,100,12,450,geopotential,265.8053932666803,37.54494662029602,7.079658308076843
2,128,100,12,500,geopotential,257.92817546461265,35.81582511424455,7.201514264766452
2,128,100,12,550,geopotential,267.14087015513434,34.219916513185105,7.806590353667392
2,128,100,12,600,geopotential,267.63034529019194,33.34975694310038,8.024956396138325
2,128,100,12,650,geopotential,270.7982151961859,32.931674105995604,8.22303215817637
2,128,100,12,700,geopotential,262.44880561268224,32.75115749764068,8.01342076632218
2,128,100,12,750,geopotential,260.89470096291757,32.85069284153013,7.94183252759565
2,128,100,12,775,geopotential,263.98520357903834,33.061566561287194,7.984655025032805
2,128,100,12,800,geopotential,266.4036410724952,33.21946376461902,8.019504557934289
2,128,100,12,825,geopotential,271.12891772961547,33.453054395137165,8.104758224080955
2,128,100,12,850,geopotential,281.8747054487913,33.83298582439143,8.331357655273145
2,128,100,12,875,geopotential,295.37250670146153,34.27083730973553,8.618771231993016
2,128,100,12,900,geopotential,305.45500547671134,35.02366326165239,8.721389398782732
2,128,100,12,925,geopotential,301.80858605151724,35.82811215419129,8.423792600420636
2,128,100,12,950,geopotential,311.3992584775862,36.70322952148421,8.48424682343849
2,128,100,12,975,geopotential,340.44543643639184,37.89761550929476,8.983294380431252
2,128,100,12,1000,geopotential,371.0573581470936,39.40759602093331,9.415884134368104
2,128,100,6,1,temperature,7.452255801086106,8.585644145124043,0.8679902957914217
2,128,100,6,2,temperature,12.908177215360597,6.857750280841892,1.882275773648603
2,128,100,6,3,temperature,9.68425391503028,5.595503425158137,1.7307207554352608
2,128,100,6,5,temperature,5.513088606788829,4.228495628067508,1.3037943258577758
2,128,100,6,7,temperature,4.1857137677181875,3.497812416957201,1.1966661640933285
2,128,100,6,10,temperature,3.204463752018633,2.581661702999672,1.2412407668655108
2,128,100,6,20,temperature,5.973060178092498,2.3380640474223027,2.554703402876303
2,128,100,6,30,temperature,4.758095933835536,2.0263439145660045,2.348118648385809
2,128,100,6,50,temperature,1.9285849053306794,0.5925003334836259,3.254993788765483
2,128,100,6,70,temperature,6.364597844983145,0.5706100911703732,11.154022586471921
2,128,100,6,100,temperature,1.6470813203738381,0.45749890306441693,3.6001863815221546
2,128,100,6,125,temperature,7.41485219996132,0.36691240447176915,20.208780378074767
2,128,100,6,150,temperature,4.5050408679579785,0.327471433827833,13.757049936534276
2,128,100,6,175,temperature,1.4174749029233824,0.30621465563802763,4.629023715308261
2,128,100,6,200,temperature,0.66503019758465,0.31506225114522685,2.110789836507918
2,128,100,6,225,temperature,1.1603314239889155,0.32288913260873686,3.5935908236185674
2,128,100,6,250,temperature,0.5245897572936216,0.31689929214080653,1.655383177885209
2,128,100,6,300,temperature,0.6148154270029743,0.31351115945525054,1.9610639317313707
2,128,100,6,350,temperature,0.5238749253612479,0.3036021504230704,1.7255310103410888
2,128,100,6,400,temperature,0.737346544677976,0.30196674989182404,2.441813692872217
2,128,100,6,450,temperature,0.6566595419671184,0.30076424636283866,2.183303201454775
2,128,100,6,500,temperature,0.5988246746131317,0.30229639005800685,1.980919039417655
2,128,100,6,550,temperature,0.4838261496638574,0.31002479252728576,1.5606047042875615
2,128,100,6,600,temperature,0.6300417573513739,0.3179765382408303,1.9814095745460016
2,128,100,6,650,temperature,0.7412587854483389,0.33060825539124505,2.2421060979591267
2,128,100,6,700,temperature,0.7021513621215824,0.34310377892444033,2.0464693345048026
2,128,100,6,750,temperature,0.5836019883751746,0.36546232228631653,1.5968868821392743
2,128,100,6,775,temperature,0.6874597444516178,0.3751180538068075,1.8326490486796774
2,128,100,6,800,temperature,0.8673646725541548,0.39138594820423345,2.216136467172157
2,128,100,6,825,temperature,1.1478402095239835,0.4166086232846167,2.7552003136041847
2,128,100,6,850,temperature,1.0220932826969626,0.4357134643717728,2.345792283859424
2,128,100,6,875,temperature,1.4041739702055773,0.4444190285900196,3.159572115218631
2,128,100,6,900,temperature,0.9477811972710062,0.44668719440069277,2.121800689949522
2,128,100,6,925,temperature,0.9058964963940399,0.4469750334402169,2.026727285910487
2,128,100,6,950,temperature,1.0086416441553299,0.4578317390549868,2.2030837054619083
2,128,100,6,975,temperature,1.0677433982174434,0.4764615387155689,2.240985497162761
2,128,100,6,1000,temperature,1.1899874648538573,0.49038267063452684,2.4266507283262726
2,128,100,12,1,temperature,8.120641909710265,8.776011564895203,0.9253226080732992
2,128,100,12,2,temperature,11.561414120661187,7.063462784717067,1.6367912556538358
2,128,100,12,3,temperature,9.371013724743227,5.7022668992123995,1.6433839191282955
2,128,100,12,5,temperature,5.8291220812438995,4.21884947342009,1.3816852480679789
2,128,100,12,7,temperature,4.867199244723895,3.471642576905905,1.401987427248855
2,128,100,12,10,temperature,4.006862841818324,2.614215516132537,1.532720931802159
2,128,100,12,20,temperature,6.090744568195676,2.30286567456838,2.6448544678304993
2,128,100,12,30,temperature,5.082026209934829,1.982833346326317,2.563012277027983
2,128,100,12,50,temperature,2.4331400789765274,0.6592189242831626,3.6909439176406136
2,128,100,12,70,temperature,7.359598386277879,0.6875973489775065,10.703354800919449
2,128,100,12,100,temperature,2.42361573638768,0.5628857260845362,4.305697629333192
2,128,100,12,125,temperature,8.136656120184677,0.45562571363341287,17.858202196927067
2,128,100,12,150,temperature,4.718167328853866,0.41538347547254273,11.35858214746374
2,128,100,12,175,temperature,2.2233189927064934,0.405905629698738,5.47742832331898
2,128,100,12,200,temperature,1.9031784964743086,0.4124115518788631,4.614755546501582
2,128,100,12,225,temperature,2.121571026543064,0.42051625913661916,5.045158137045537
2,128,100,12,250,temperature,1.6732020871190343,0.4163311801126107,4.018920914514403
2,128,100,12,300,temperature,1.3557686487241267,0.4000853409854401,3.3886986346082244
2,128,100,12,350,temperature,1.174675649071139,0.38616749677195106,3.041881201526489
2,128,100,12,400,temperature,1.143171334177394,0.38464906564788115,2.9719852100820803
2,128,100,12,450,temperature,1.5353897561142806,0.3854901691269996,3.982954376220284
2,128,100,12,500,temperature,1.7031283243749906,0.3866027521795592,4.405370408703055
2,128,100,12,550,temperature,0.8604793986252639,0.3957279828471531,2.1744214104707815
2,128,100,12,600,temperature,1.0975029942344092,0.40351386329429245,2.719864406328894
2,128,100,12,650,temperature,0.857038186615167,0.4179409826496644,2.050620116700956
2,128,100,12,700,temperature,1.007418230259352,0.43318509390139964,2.3256068697706795
2,128,100,12,750,temperature,0.984737346886948,0.4588724424807038,2.1459936481767645
2,128,100,12,775,temperature,1.2725510942272222,0.47315169514292604,2.689520310907519
2,128,100,12,800,temperature,1.2773789804206526,0.49655954560461507,2.5724588153175167
2,128,100,12,825,temperature,1.4800956807719456,0.5289229502500123,2.7983200200942897
2,128,100,12,850,temperature,1.9270898474178095,0.5492320462790488,3.5086988468235
2,128,100,12,875,temperature,1.961294888478532,0.5552118545186773,3.532516232346682
2,128,100,12,900,temperature,1.5683223857309834,0.5540901862814781,2.830446061959803
2,128,100,12,925,temperature,1.5840243869785378,0.5540524429570336,2.858979158226323
2,128,100,12,950,temperature,1.7374649718441662,0.5618845563660504,3.0922098715100854
2,128,100,12,975,temperature,1.8338213111661394,0.5814850838539223,3.1536859019875094
2,128,100,12,1000,temperature,1.8582707964921674,0.5867095935619725,3.167275287268476
2,128,100,6,1,u_component_of_wind,25.37534548620795,27.204844325386265,0.9327509903274428
2,128,100,6,2,u_component_of_wind,21.4853454332119,22.446676899018403,0.9571726598938776
2,128,100,6,3,u_component_of_wind,17.547071499915393,17.96488830999068,0.9767425879378872
2,128,100,6,5,u_component_of_wind,24.256262232770332,12.295344974765397,1.9728004608697982
2,128,100,6,7,u_component_of_wind,20.698754349835674,9.294833048770784,2.226909750958144
2,128,100,6,10,u_component_of_wind,12.821730094973065,7.639593738633105,1.6783261693791534
2,128,100,6,20,u_component_of_wind,9.75013712913903,5.407237474167488,1.803164217536088
2,128,100,6,30,u_component_of_wind,9.126322413510508,4.887009149787574,1.8674657922232876
2,128,100,6,50,u_component_of_wind,1.7159660050784986,1.0080882920647531,1.702198129455387
2,128,100,6,70,u_component_of_wind,3.3979104251665286,0.9873005182055209,3.441617179886058
2,128,100,6,100,u_component_of_wind,26.499380914554248,0.9996051790556035,26.509847557602747
2,128,100,6,125,u_component_of_wind,22.776368746643957,0.9860765232044753,23.097972835441894
2,128,100,6,150,u_component_of_wind,5.255164588572632,1.008586578339923,5.210424867265573
2,128,100,6,175,u_component_of_wind,14.054846011723177,1.0400778167887839,13.513263897039154
2,128,100,6,200,u_component_of_wind,20.3838638162173,1.0819338724505698,18.840212267361633
2,128,100,6,225,u_component_of_wind,16.94770322350219,1.1608111637816696,14.599879594791517
2,128,100,6,250,u_component_of_wind,20.026667154551415,1.2270676950135933,16.32075168789246
2,128,100,6,300,u_component_of_wind,17.539437854138964,1.2830383898066335,13.670236209208307
2,128,100,6,350,u_component_of_wind,11.919026334418454,1.2326156977467604,9.669701883731166
2,128,100,6,400,u_component_of_wind,15.019971173570108,1.156851315813363,12.983493183832197
2,128,100,6,450,u_component_of_wind,7.80387527558798,1.0782033970540394,7.2378507588738845
2,128,100,6,500,u_component_of_wind,13.314133611985973,1.0116793591201603,13.160428244345166
2,128,100,6,550,u_component_of_wind,5.876848202262206,0.9726858959108473,6.041876649973401
2,128,100,6,600,u_component_of_wind,3.3523226025605357,0.9395080895405804,3.5681678953928135
2,128,100,6,650,u_component_of_wind,9.256988319922932,0.9249772579484165,10.007800992269553
2,128,100,6,700,u_component_of_wind,4.91358088563607,0.9065132547455201,5.420307822212075
2,128,100,6,750,u_component_of_wind,9.507161386948729,0.891739235815678,10.661369383676927
2,128,100,6,775,u_component_of_wind,6.321719015050797,0.8804262263120204,7.180293846460679
2,128,100,6,800,u_component_of_wind,9.994888232972112,0.8758255989947605,11.411961747228977
2,128,100,6,825,u_component_of_wind,15.831368623141657,0.871877105839213,18.157798291885868
2,128,100,6,850,u_component_of_wind,16.708278080385778,0.8621702091975713,19.379326613403062
2,128,100,6,875,u_component_of_wind,17.227467673595292,0.8469161548081213,20.341408740158435
2,128,100,6,900,u_component_of_wind,16.49044005549186,0.8358403242679547,19.72917503104975
2,128,100,6,925,u_component_of_wind,8.911813792764374,0.8269162330630735,10.777166339755022
2,128,100,6,950,u_component_of_wind,14.498912472334128,0.8123438089459414,17.84824641077431
2,128,100,6,975,u_component_of_wind,17.912390226631423,0.772936429394987,23.174467582867425
2,128,100,6,1000,u_component_of_wind,14.950643944485687,0.706530603585151,21.16064593468645
2,128,100,12,1,u_component_of_wind,26.56610200478794,27.46226112494201,0.9673676134650051
2,128,100,12,2,u_component_of_wind,23.673927021529245,22.78817348951218,1.0388690007307833
2,128,100,12,3,u_component_of_wind,19.676194778181515,18.166541807553944,1.0831007346703616
2,128,100,12,5,u_component_of_wind,22.75953428700049,12.260744633946087,1.8562929876205567
2,128,100,12,7,u_component_of_wind,19.69575478879462,9.524868841238225,2.067824252185103
2,128,100,12,10,u_component_of_wind,14.813035241227027,7.95100896127768,1.8630384286281396
2,128,100,12,20,u_component_of_wind,10.974103384242085,5.477049419298465,2.0036524311018025
2,128,100,12,30,u_component_of_wind,10.430013814071913,5.004609116090998,2.084081607999506
2,128,100,12,50,u_component_of_wind,5.391387071118538,1.225369689553368,4.399804497435897
2,128,100,12,70,u_component_of_wind,10.97365813767254,1.2527041519378546,8.759975865568084
2,128,100,12,100,u_component_of_wind,25.872445203088184,1.3344730172664478,19.38776196171103
2,128,100,12,125,u_component_of_wind,18.96195963462096,1.4032994914029433,13.512411107385077
2,128,100,12,150,u_component_of_wind,7.436939140340017,1.4482899504101174,5.134979455069803
2,128,100,12,175,u_component_of_wind,12.628910926656062,1.4593780214752943,8.653625545141084
2,128,100,12,200,u_component_of_wind,16.560049429056473,1.4989932312401402,11.047447769564704
2,128,100,12,225,u_component_of_wind,14.281768859631162,1.5483671457512158,9.223761237004371
2,128,100,12,250,u_component_of_wind,18.36049176456681,1.592385122726515,11.530182932838253
2,128,100,12,300,u_component_of_wind,15.70408895464037,1.6191918706781985,9.698720231384755
2,128,100,12,350,u_component_of_wind,11.223073932045425,1.568663306882955,7.15454609207789
2,128,100,12,400,u_component_of_wind,16.614492005064374,1.4608885933225997,11.372867226840953
2,128,100,12,450,u_component_of_wind,7.039633126703195,1.376503777095619,5.114140072725849
2,128,100,12,500,u_component_of_wind,13.779365360979106,1.3037908654749457,10.56869297512646
2,128,100,12,550,u_component_of_wind,4.894073342279702,1.2560531763403548,3.896390244033384
2,128,100,12,600,u_component_of_wind,3.601466508016336,1.204865241815829,2.989103165254096
2,128,100,12,650,u_component_of_wind,9.82036437852427,1.1724773646159177,8.375738990697908
2,128,100,12,700,u_component_of_wind,5.984814960465924,1.1512080840214391,5.198725620097772
2,128,100,12,750,u_component_of_wind,9.300251625938529,1.13105407624329,8.22264100477725
2,128,100,12,775,u_component_of_wind,6.454291605293815,1.1134558966289014,5.7966297765675545
2,128,100,12,800,u_component_of_wind,8.869659690170746,1.0999742863049096,8.063515484499337
2,128,100,12,825,u_component_of_wind,14.454109906220575,1.0852946220497843,13.318143859334024
2,128,100,12,850,u_component_of_wind,16.385141686671837,1.063151868035196,15.411854297874783
2,128,100,12,875,u_component_of_wind,17.011120516071013,1.0366226381449382,16.410137971241717
2,128,100,12,900,u_component_of_wind,15.404221257506366,1.0186089664605944,15.122801550659911
2,128,100,12,925,u_component_of_wind,8.045502182427972,0.9983451039950225,8.058838722434487
2,128,100,12,950,u_component_of_wind,13.020215431172918,0.9669131058882187,13.465755456083494
2,128,100,12,975,u_component_of_wind,16.56196440896109,0.9082519393379141,18.23498931478662
2,128,100,12,1000,u_component_of_wind,13.68660203104413,0.823266570642862,16.624751349197513
2,128,100,6,1,v_component_of_wind,12.841576271743484,10.217615421462448,1.2568075565624948
2,128,100,6,2,v_component_of_wind,11.74777839988593,8.013975230005627,1.465911493699199
2,128,100,6,3,v_component_of_wind,10.966125035518898,6.99604354491347,1.567475240129388
2,128,100,6,5,v_component_of_wind,8.312601466570662,5.856882113139169,1.4192878234517303
2,128,100,6,7,v_component_of_wind,7.682133636353495,5.04879805780746,1.5215767294304523
2,128,100,6,10,v_component_of_wind,7.063327987331602,4.212054649797571,1.6769317054495156
2,128,100,6,20,v_component_of_wind,7.236007383957147,3.132682837034625,2.309843594255044
2,128,100,6,30,v_component_of_wind,3.462324856604999,2.934383552770658,1.1799155748865402
2,128,100,6,50,v_component_of_wind,2.1037901970409507,1.0162184764490427,2.0702144723762492
2,128,100,6,70,v_component_of_wind,17.196015709560733,1.0146993114070182,16.94690783392385
2,128,100,6,100,v_component_of_wind,12.757489769046888,1.0124299104952352,12.600862179986857
2,128,100,6,125,v_component_of_wind,5.045337229542022,0.9845476252423212,5.124523283777401
2,128,100,6,150,v_component_of_wind,14.311931557508002,0.990590970267721,14.44787201486402
2,128,100,6,175,v_component_of_wind,10.589883719298175,1.0026061549574068,10.562356581331839
2,128,100,6,200,v_component_of_wind,3.0326237254400126,1.0506483400486595,2.8864307969111342
2,128,100,6,225,v_component_of_wind,11.024125718512902,1.1539458111821337,9.553417163687683
2,128,100,6,250,v_component_of_wind,4.353906307112141,1.2472675204999661,3.490755780577756
2,128,100,6,300,v_component_of_wind,14.445751961164458,1.347740651303455,10.718495392413503
2,128,100,6,350,v_component_of_wind,5.132943656536514,1.3290593707296534,3.862087555741418
2,128,100,6,400,v_component_of_wind,5.6810355178441885,1.2521074225075,4.5371790117394335
2,128,100,6,450,v_component_of_wind,4.2862486177549775,1.1675815532403064,3.6710485925883765
2,128,100,6,500,v_component_of_wind,3.0840781788020784,1.093600898328093,2.820113062742583
2,128,100,6,550,v_component_of_wind,1.6306997401629744,1.0396268502141275,1.5685433093875039
2,128,100,6,600,v_component_of_wind,2.215564804644559,0.9974577749310111,2.221211624519943
2,128,100,6,650,v_component_of_wind,4.047038488844106,0.9792344605076282,4.132859546983417
2,128,100,6,700,v_component_of_wind,3.7184101795177495,0.9604954173243057,3.871346091245587
2,128,100,6,750,v_component_of_wind,2.923496877853243,0.9424057204498179,3.1021637649417433
2,128,100,6,775,v_component_of_wind,3.9919478075890282,0.9308451007215435,4.288519974477682
2,128,100,6,800,v_component_of_wind,6.065425665350998,0.9278565426619727,6.537029579971063
2,128,100,6,825,v_component_of_wind,3.785860333823186,0.924852716790928,4.093473766244033
2,128,100,6,850,v_component_of_wind,4.831559560941283,0.9187872484327434,5.258627140486442
2,128,100,6,875,v_component_of_wind,5.151029349558828,0.905953755531246,5.685753073056466
2,128,100,6,900,v_component_of_wind,5.133318381424393,0.8963129279150315,5.727149772753272
2,128,100,6,925,v_component_of_wind,7.647908978335144,0.891872274973568,8.575116855787227
2,128,100,6,950,v_component_of_wind,6.061868970950953,0.8758473474280674,6.921147833297296
2,128,100,6,975,v_component_of_wind,4.215006485520928,0.8252007431177929,5.107855901335827
2,128,100,6,1000,v_component_of_wind,2.9807354428630237,0.7474144380338668,3.9880624338808413
2,128,100,12,1,v_component_of_wind,21.1477783958924,10.482487530676527,2.0174389269726656
2,128,100,12,2,v_component_of_wind,20.81804339765861,8.28285003619286,2.513391321428227
2,128,100,12,3,v_component_of_wind,19.510345572229664,7.032985927686889,2.7741198081206044
2,128,100,12,5,v_component_of_wind,16.59292394118906,5.86003879152654,2.8315382425764803
2,128,100,12,7,v_component_of_wind,16.114112813954787,4.9974288797169395,3.2244806683206884
2,128,100,12,10,v_component_of_wind,14.080731811164075,4.14886656632179,3.393874347626334
2,128,100,12,20,v_component_of_wind,10.099082182379265,3.1775397353000647,3.178270934014167
2,128,100,12,30,v_component_of_wind,4.330888541264374,2.8725143763266137,1.5076995182188562
2,128,100,12,50,v_component_of_wind,7.213006815540866,1.232130343261439,5.854093972272524
2,128,100,12,70,v_component_of_wind,19.723501592485363,1.282841068041434,15.374859820007199
2,128,100,12,100,v_component_of_wind,13.815334224800935,1.361613568509896,10.146295942041743
2,128,100,12,125,v_component_of_wind,7.7043339157751785,1.4435593640129738,5.337039894471522
2,128,100,12,150,v_component_of_wind,14.287851629037062,1.4468369534023977,9.875232724349203
2,128,100,12,175,v_component_of_wind,9.405629803330138,1.466824377483448,6.412239902548438
2,128,100,12,200,v_component_of_wind,3.911252297132882,1.489788956239781,2.6253733998705835
2,128,100,12,225,v_component_of_wind,8.42597210291991,1.5515665010815884,5.430622597901032
2,128,100,12,250,v_component_of_wind,6.621356696240354,1.626023072880356,4.072117306743506
2,128,100,12,300,v_component_of_wind,14.126317834329853,1.6947756501429418,8.335214063960857
2,128,100,12,350,v_component_of_wind,7.785340457405694,1.6538497826984828,4.7074048313522425
2,128,100,12,400,v_component_of_wind,7.293936674053783,1.5659867725703829,4.657725596290731
2,128,100,12,450,v_component_of_wind,4.727471377018409,1.4645700999977944,3.227890134467123
2,128,100,12,500,v_component_of_wind,6.522005989626005,1.374584664089585,4.744710282320559
2,128,100,12,550,v_component_of_wind,4.114081605336657,1.3170282583628798,3.123761072864624
2,128,100,12,600,v_component_of_wind,3.1078263576128298,1.2664602872697064,2.4539469487139036
2,128,100,12,650,v_component_of_wind,4.599990283300929,1.2333919918258158,3.729544470684837
2,128,100,12,700,v_component_of_wind,5.48198516186898,1.2047680340877505,4.550241213878102
2,128,100,12,750,v_component_of_wind,4.231049243362101,1.1801602748151647,3.585147995279508
2,128,100,12,775,v_component_of_wind,5.277555041662627,1.1650660650273093,4.529833285925224
2,128,100,12,800,v_component_of_wind,7.482435313332047,1.1491670226066817,6.511181722182968
2,128,100,12,825,v_component_of_wind,7.10050682141791,1.1321480310026766,6.271712379457491
2,128,100,12,850,v_component_of_wind,8.820435674014938,1.1154316246430813,7.907643533809007
2,128,100,12,875,v_component_of_wind,8.778572765894152,1.0951544032767353,8.015831137261006
2,128,100,12,900,v_component_of_wind,6.935558985329289,1.0768333244586314,6.440698692916176
2,128,100,12,925,v_component_of_wind,7.70168856911451,1.0603051665416947,7.263652778599994
2,128,100,12,950,v_component_of_wind,6.5335622663289765,1.033227835962201,6.323447780754522
2,128,100,12,975,v_component_of_wind,5.23996867119396,0.9702092997631178,5.400864197522461
2,128,100,12,1000,v_component_of_wind,4.259669791675714,0.872738794895405,4.880807197514604
2,128,100,6,1,specific_humidity,8.163930046000502e-07,9.093771566984339e-07,0.8977496285084067
2,128,100,6,2,specific_humidity,6.432343908620109e-07,7.335056784697729e-07,0.8769317126541072
2,128,100,6,3,specific_humidity,5.058981316690811e-07,5.95589768955808e-07,0.8494070214738999
2,128,100,6,5,specific_humidity,3.2121808954558214e-07,4.224884578703961e-07,0.7603002722600295
2,128,100,6,7,specific_humidity,2.4399494703429007e-07,3.348673087158939e-07,0.7286317316847993
2,128,100,6,10,specific_humidity,1.7033480894595228e-07,2.470444360450041e-07,0.6894905696840805
2,128,100,6,20,specific_humidity,1.0388787141916117e-07,1.196116131921905e-07,0.8685433516579647
2,128,100,6,30,specific_humidity,1.0598218629247185e-07,1.0382307119485337e-07,1.0207961012207614
2,128,100,6,50,specific_humidity,5.901356151810704e-08,1.2568902329994858e-08,4.695204081367954
2,128,100,6,70,specific_humidity,1.1130506639268386e-07,2.414820950784697e-08,4.609247172404862
2,128,100,6,100,specific_humidity,2.5545432440916693e-07,8.178295415058188e-08,3.1235644036386203
2,128,100,6,125,specific_humidity,6.458068340246805e-07,2.1831824920281115e-07,2.9580982642671576
2,128,100,6,150,specific_humidity,2.0034247408606207e-06,5.992997945378687e-07,3.342942479073431
2,128,100,6,175,specific_humidity,6.512070677953091e-06,1.5910159323679622e-06,4.093026691606386
2,128,100,6,200,specific_humidity,1.2936652905798387e-05,3.764010817253872e-06,3.4369329775828446
2,128,100,6,225,specific_humidity,2.1999737792155112e-05,7.610957609189218e-06,2.8905347949374147
2,128,100,6,250,specific_humidity,3.769299243653181e-05,1.317197315186294e-05,2.8616056229359086
2,128,100,6,300,specific_humidity,7.715692771282242e-05,2.9177964649465544e-05,2.6443560625204787
2,128,100,6,350,specific_humidity,0.00012320342274399298,5.435803037432676e-05,2.2665174196999938
2,128,100,6,400,specific_humidity,0.00016861693001262823,8.676819061223045e-05,1.9433035173705784
2,128,100,6,450,specific_humidity,0.0002709662722954782,0.00012779900835098047,2.1202533242770607
2,128,100,6,500,specific_humidity,0.000283431236935994,0.00016685150995882826,1.6987034579784899
2,128,100,6,550,specific_humidity,0.0003104116076378579,0.00021487303231659992,1.4446280405280862
2,128,100,6,600,specific_humidity,0.00038971657953774014,0.00025206401385736966,1.5461016174972964
2,128,100,6,650,specific_humidity,0.0004894023954621605,0.0002942486987821947,1.6632270507487281
2,128,100,6,700,specific_humidity,0.0004633057330691291,0.0003363237500858548,1.377558774695094
2,128,100,6,750,specific_humidity,0.0005549157705581647,0.00037860520076298974,1.4656844899115555
2,128,100,6,775,specific_humidity,0.0006989079405302098,0.00039260193803214373,1.7801948305028177
2,128,100,6,800,specific_humidity,0.0005860882755154362,0.00040466835784564294,1.4483175275567117
2,128,100,6,825,specific_humidity,0.0006646045512861626,0.000413348603569168,1.6078548362023206
2,128,100,6,850,specific_humidity,0.0006833500901460997,0.0004130505235106746,1.6543983150972563
2,128,100,6,875,specific_humidity,0.0010961824739624767,0.00039473209948691704,2.7770289656891927
2,128,100,6,900,specific_humidity,0.0006520059380394453,0.00036987817005644063,1.7627586346605804
2,128,100,6,925,specific_humidity,0.0006400002668094179,0.00034080341872750274,1.8779162169178383
2,128,100,6,950,specific_humidity,0.0006097544151434752,0.000303403494668488,2.009714541388917
2,128,100,6,975,specific_humidity,0.00057280896805274,0.0002819638950214839,2.0314975717337695
2,128,100,6,1000,specific_humidity,0.0005572940195747188,0.000275698375966985,2.021390287919052
2,128,100,12,1,specific_humidity,7.269667907933333e-07,9.080329161004982e-07,0.8005951963891966
2,128,100,12,2,specific_humidity,5.505234401628487e-07,7.324409513202541e-07,0.7516284270704802
2,128,100,12,3,specific_humidity,4.132371560995295e-07,5.939726085732165e-07,0.6957175299584399
2,128,100,12,5,specific_humidity,2.3775098986417394e-07,4.2120779193082444e-07,0.5644505975882329
2,128,100,12,7,specific_humidity,1.7902466237427294e-07,3.3379210086990037e-07,0.5363358267248213
2,128,100,12,10,specific_humidity,1.4289076150058523e-07,2.4667159240052517e-07,0.5792753032889612
2,128,100,12,20,specific_humidity,1.3196718804118314e-07,1.1953609525206157e-07,1.1039944693099484
2,128,100,12,30,specific_humidity,1.1697736021985482e-07,1.0361852126020708e-07,1.1289232735342845
2,128,100,12,50,specific_humidity,1.813814637819232e-07,1.4769062930166226e-08,12.281176174789428
2,128,100,12,70,specific_humidity,1.4897764756655608e-07,2.8881383563658692e-08,5.158258683770744
2,128,100,12,100,specific_humidity,3.236967633438498e-07,9.944431694624635e-08,3.2550554248245374
2,128,100,12,125,specific_humidity,1.203713398821047e-06,2.665791101123189e-07,4.515407821392611
2,128,100,12,150,specific_humidity,3.960327329618589e-06,7.456409943061631e-07,5.311305789059746
2,128,100,12,175,specific_humidity,6.830816391164006e-06,1.9578072290918073e-06,3.4890137750347883
2,128,100,12,200,specific_humidity,1.1205432727589706e-05,4.5366179469454594e-06,2.469997001871055
2,128,100,12,225,specific_humidity,2.8890790089876847e-05,9.268818447644937e-06,3.116987375798428
2,128,100,12,250,specific_humidity,4.790077902115933e-05,1.6330908997023883e-05,2.9331361181357805
2,128,100,12,300,specific_humidity,0.00010094351861291647,3.828203708380854e-05,2.6368376999355325
2,128,100,12,350,specific_humidity,0.00015313894154450172,7.105695794177353e-05,2.1551575803454592
2,128,100,12,400,specific_humidity,0.0003115790729530971,0.00011351169850510764,2.7449071510376273
2,128,100,12,450,specific_humidity,0.0005388763706617091,0.00016626143881780304,3.2411386217596414
2,128,100,12,500,specific_humidity,0.0005051966130867025,0.00021666352739330884,2.3317104598302794
2,128,100,12,550,specific_humidity,0.00041481200057689587,0.0002740387490961615,1.5136983435555544
2,128,100,12,600,specific_humidity,0.0005924720507821079,0.0003191822817329346,1.856218482947746
2,128,100,12,650,specific_humidity,0.0008862725813059412,0.0003763212741969594,2.355095611315567
2,128,100,12,700,specific_humidity,0.0007266876965403191,0.00042801477599088786,1.6978098357889162
2,128,100,12,750,specific_humidity,0.0007636813140426713,0.00047705936719613456,1.600809808077193
2,128,100,12,775,specific_humidity,0.0009533193964206434,0.0004927977983879612,1.9345041709584319
2,128,100,12,800,specific_humidity,0.0008441489779930191,0.000506016114614229,1.6682254845511633
2,128,100,12,825,specific_humidity,0.0010357739836177114,0.000513151721023688,2.0184556363787354
2,128,100,12,850,specific_humidity,0.0012539130253212143,0.0005098219087702497,2.4595118486488734
2,128,100,12,875,specific_humidity,0.0015894561232816765,0.0004888356325852617,3.251514450523299
2,128,100,12,900,specific_humidity,0.0010992647132161877,0.00046015351743648107,2.3889086393171572
2,128,100,12,925,specific_humidity,0.0009260631683800623,0.0004221751642981526,2.19355198195896
2,128,100,12,950,specific_humidity,0.0009044489745053093,0.00037355317759083136,2.4212054099991906
2,128,100,12,975,specific_humidity,0.0008854162996990729,0.0003543222291402861,2.498901358369226
2,128,100,12,1000,specific_humidity,0.0008576212327930746,0.00034079588043005386,2.516524647278111
2,128,100,6,1,specific_cloud_ice_water_content,2.034332824036849e-06,1.4206039464794252e-06,1.4320196906944975
2,128,100,6,2,specific_cloud_ice_water_content,2.0155154594734146e-06,1.4056207277356892e-06,1.433897081697282
2,128,100,6,3,specific_cloud_ice_water_content,2.0108920327487106e-06,1.4049656067194154e-06,1.4312749174295654
2,128,100,6,5,specific_cloud_ice_water_content,2.0190611849493745e-06,1.3990578523496726e-06,1.443157751881687
2,128,100,6,7,specific_cloud_ice_water_content,2.0189013342055163e-06,1.4027574858603023e-06,1.4392376120290933
2,128,100,6,10,specific_cloud_ice_water_content,2.018398488174233e-06,1.4106221265270812e-06,1.4308569603565506
2,128,100,6,20,specific_cloud_ice_water_content,1.6472727928873418e-06,1.1857876167668038e-06,1.3891802963660849
2,128,100,6,30,specific_cloud_ice_water_content,1.2499244855157682e-06,1.01028739149733e-06,1.2371969560693774
2,128,100,6,50,specific_cloud_ice_water_content,1.8743365718368808e-06,7.708389414940023e-07,2.431554078215267
2,128,100,6,70,specific_cloud_ice_water_content,5.844906615148374e-06,6.990539799351904e-07,8.361166351832026
2,128,100,6,100,specific_cloud_ice_water_content,7.272166172151138e-06,9.788538346792786e-07,7.429266673439414
2,128,100,6,125,specific_cloud_ice_water_content,3.0515684064807417e-06,2.300681746129077e-06,1.3263757195514068
2,128,100,6,150,specific_cloud_ice_water_content,6.523633667725234e-06,3.7490564957738998e-06,1.740073449167533
2,128,100,6,175,specific_cloud_ice_water_content,8.831682127824273e-06,4.960764079174599e-06,1.7803068210600614
2,128,100,6,200,specific_cloud_ice_water_content,8.167022982298735e-06,6.1763666793779366e-06,1.3223021569569913
2,128,100,6,225,specific_cloud_ice_water_content,1.1355001252424358e-05,7.1781582016565255e-06,1.5818822786329687
2,128,100,6,250,specific_cloud_ice_water_content,1.0385809326728561e-05,7.50072130594897e-06,1.3846414102189573
2,128,100,6,300,specific_cloud_ice_water_content,9.89049318498112e-06,7.689260186203563e-06,1.2862737045531525
2,128,100,6,350,specific_cloud_ice_water_content,1.098299688714029e-05,7.394346892745032e-06,1.4853234567499483
2,128,100,6,400,specific_cloud_ice_water_content,1.1012079605602033e-05,6.521993740155893e-06,1.6884529553901129
2,128,100,6,450,specific_cloud_ice_water_content,8.137512944278226e-06,5.656019550027895e-06,1.4387349393511364
2,128,100,6,500,specific_cloud_ice_water_content,6.817421792388327e-06,4.817655002351666e-06,1.4150913232808295
2,128,100,6,550,specific_cloud_ice_water_content,5.506701322229081e-06,3.980803809296654e-06,1.383313920010047
2,128,100,6,600,specific_cloud_ice_water_content,7.2607054228704206e-06,3.3726014668895825e-06,2.1528501052235747
2,128,100,6,650,specific_cloud_ice_water_content,4.132418765766562e-06,2.8844669380874784e-06,1.4326455648358125
2,128,100,6,700,specific_cloud_ice_water_content,4.936707963413093e-06,2.5674993548664024e-06,1.922768920683904
2,128,100,6,750,specific_cloud_ice_water_content,3.8354543335947275e-06,2.2538395465582705e-06,1.7017424063978577
2,128,100,6,775,specific_cloud_ice_water_content,3.3415618040966395e-06,2.1856198644839124e-06,1.5288851727588404
2,128,100,6,800,specific_cloud_ice_water_content,9.035617353470739e-06,2.159897297531843e-06,4.183355089983174
2,128,100,6,825,specific_cloud_ice_water_content,5.285815713483371e-06,2.114584282775733e-06,2.4996949786011298
2,128,100,6,850,specific_cloud_ice_water_content,2.6125222031689273e-06,1.994722956575078e-06,1.3097168178455243
2,128,100,6,875,specific_cloud_ice_water_content,2.602486672129307e-06,1.7715402042323753e-06,1.4690531244573073
2,128,100,6,900,specific_cloud_ice_water_content,3.5416335803116157e-06,1.560506010189548e-06,2.26954177503067
2,128,100,6,925,specific_cloud_ice_water_content,2.7884520373085432e-06,1.393651179751738e-06,2.000824939426573
2,128,100,6,950,specific_cloud_ice_water_content,2.677598119806031e-06,1.2220703361723148e-06,2.191034378751571
2,128,100,6,975,specific_cloud_ice_water_content,1.585050598097936e-06,1.0380023373445382e-06,1.5270202590804178
2,128,100,6,1000,specific_cloud_ice_water_content,1.4399129365761436e-06,9.404953549931882e-07,1.5310154685310196
2,128,100,12,1,specific_cloud_ice_water_content,7.1841464727240035e-06,1.27712863812133e-06,5.625233244547676
2,128,100,12,2,specific_cloud_ice_water_content,7.255099970356806e-06,1.2642746506475388e-06,5.738547369150266
2,128,100,12,3,specific_cloud_ice_water_content,7.274943123228187e-06,1.2640891305265725e-06,5.755087159239884
2,128,100,12,5,specific_cloud_ice_water_content,7.2871795026053845e-06,1.2586746829862572e-06,5.789565485909554
2,128,100,12,7,specific_cloud_ice_water_content,7.248060206683468e-06,1.2620351699656046e-06,5.743152313957309
2,128,100,12,10,specific_cloud_ice_water_content,7.288115696532774e-06,1.2687063875131808e-06,5.744525107041015
2,128,100,12,20,specific_cloud_ice_water_content,5.784473505686158e-06,1.0812730498755035e-06,5.3496880425829305
2,128,100,12,30,specific_cloud_ice_water_content,3.8084630468761476e-06,9.769809145099352e-07,3.8981959527699845
2,128,100,12,50,specific_cloud_ice_water_content,6.5608363488992475e-06,6.816416203176375e-07,9.625052451817671
2,128,100,12,70,specific_cloud_ice_water_content,5.237095137600509e-06,6.324122695921512e-07,8.281140941458903
2,128,100,12,100,specific_cloud_ice_water_content,1.0029277141908323e-05,1.0197976262307674e-06,9.834575884410643
2,128,100,12,125,specific_cloud_ice_water_content,6.693522560493198e-06,2.6132489397879918e-06,2.561379613928488
2,128,100,12,150,specific_cloud_ice_water_content,9.862312816225886e-06,4.452711544118195e-06,2.214900453018004
2,128,100,12,175,specific_cloud_ice_water_content,1.7288314773877944e-05,5.752705843374457e-06,3.0052492243783595
2,128,100,12,200,specific_cloud_ice_water_content,1.137663788950901e-05,6.637574144716837e-06,1.7139752628698273
2,128,100,12,225,specific_cloud_ice_water_content,1.2941287939115604e-05,7.375842694930471e-06,1.7545504255412536
2,128,100,12,250,specific_cloud_ice_water_content,1.707435177698937e-05,7.904301569886212e-06,2.1601341530337343
2,128,100,12,300,specific_cloud_ice_water_content,1.5327625699274708e-05,8.344517644939767e-06,1.836849815827233
2,128,100,12,350,specific_cloud_ice_water_content,1.6561130039649475e-05,8.183593765233976e-06,2.0236989414119555
2,128,100,12,400,specific_cloud_ice_water_content,1.5606306632375045e-05,7.2654384058282434e-06,2.1480199487832508
2,128,100,12,450,specific_cloud_ice_water_content,1.1809990020742098e-05,6.09247476470605e-06,1.9384553037720964
2,128,100,12,500,specific_cloud_ice_water_content,1.0071280821870885e-05,5.092985529972657e-06,1.9774807453507441
2,128,100,12,550,specific_cloud_ice_water_content,1.0267105775399682e-05,4.1158823732390346e-06,2.4945090370305896
2,128,100,12,600,specific_cloud_ice_water_content,9.259835809221586e-06,3.4242924170244736e-06,2.704160358263996
2,128,100,12,650,specific_cloud_ice_water_content,8.778491102912166e-06,2.8939214499877803e-06,3.0334241114074585
2,128,100,12,700,specific_cloud_ice_water_content,7.945938540163485e-06,2.5180278369919815e-06,3.155619816203322
2,128,100,12,750,specific_cloud_ice_water_content,7.806673206795807e-06,2.2037272640427857e-06,3.5424861026015964
2,128,100,12,775,specific_cloud_ice_water_content,6.3368689736350226e-06,2.2125921655815606e-06,2.864002264949461
2,128,100,12,800,specific_cloud_ice_water_content,9.308663135418688e-06,2.164528765299139e-06,4.300549516666842
2,128,100,12,825,specific_cloud_ice_water_content,9.356762134740014e-06,2.1075439097652677e-06,4.439652285006078
2,128,100,12,850,specific_cloud_ice_water_content,5.3490065041225985e-06,1.969919514424286e-06,2.7153426649950516
2,128,100,12,875,specific_cloud_ice_water_content,5.628836204736975e-06,1.739973253363324e-06,3.235013063480475
2,128,100,12,900,specific_cloud_ice_water_content,5.658388187601827e-06,1.5534753578722499e-06,3.642406143700893
2,128,100,12,925,specific_cloud_ice_water_content,5.716167677207163e-06,1.3801596508072998e-06,4.141671344951718
2,128,100,12,950,specific_cloud_ice_water_content,7.489715965887142e-06,1.1878459700102878e-06,6.3052922306267325
2,128,100,12,975,specific_cloud_ice_water_content,5.4878131206627156e-06,1.0087398927121866e-06,5.440265781407435
2,128,100,12,1000,specific_cloud_ice_water_content,5.102270124366586e-06,9.068753061303431e-07,5.62620912696155
2,128,100,6,1,specific_cloud_liquid_water_content,8.635160243947683e-06,2.607430654687599e-06,3.3117506800894296
2,128,100,6,2,specific_cloud_liquid_water_content,8.779514825326896e-06,2.6116698308202425e-06,3.361648061987043
2,128,100,6,3,specific_cloud_liquid_water_content,8.783363110106872e-06,2.5949910173011508e-06,3.3847373850418054
2,128,100,6,5,specific_cloud_liquid_water_content,8.65187597250008e-06,2.6077422040062975e-06,3.3177650609819196
2,128,100,6,7,specific_cloud_liquid_water_content,8.776788889711625e-06,2.625027431847605e-06,3.3435036842773678
2,128,100,6,10,specific_cloud_liquid_water_content,8.722684119042527e-06,2.5969440454393827e-06,3.3588263614538976
2,128,100,6,20,specific_cloud_liquid_water_content,1.0904015126709663e-05,2.2785213747666373e-06,4.785566309566192
2,128,100,6,30,specific_cloud_liquid_water_content,1.734210190351963e-05,1.9447560652356706e-06,8.91736614865272
2,128,100,6,50,specific_cloud_liquid_water_content,2.0337188685559414e-05,1.9026943828573445e-06,10.688626018340543
2,128,100,6,70,specific_cloud_liquid_water_content,6.103845894112938e-05,1.5165505909421657e-06,40.248218098157146
2,128,100,6,100,specific_cloud_liquid_water_content,5.664759802103273e-05,1.5032028760004338e-06,37.68459928160514
2,128,100,6,125,specific_cloud_liquid_water_content,3.3715550325807845e-05,1.3879582471183588e-06,24.29147302939923
2,128,100,6,150,specific_cloud_liquid_water_content,2.5009795127664787e-05,1.480373494315754e-06,16.89424677197737
2,128,100,6,175,specific_cloud_liquid_water_content,1.1381502297194838e-05,1.6357976890769738e-06,6.957768905772841
2,128,100,6,200,specific_cloud_liquid_water_content,6.357785655140347e-06,1.8112852966820385e-06,3.510096210015458
2,128,100,6,225,specific_cloud_liquid_water_content,7.193620862370009e-06,1.6772163907512642e-06,4.289023707398792
2,128,100,6,250,specific_cloud_liquid_water_content,5.374991930309329e-06,1.7577519747550994e-06,3.0578784763181424
2,128,100,6,300,specific_cloud_liquid_water_content,3.939979546177477e-06,2.2215981351880656e-06,1.7734888609113568
2,128,100,6,350,specific_cloud_liquid_water_content,4.24448809679241e-06,2.753910700547746e-06,1.5412584351221672
2,128,100,6,400,specific_cloud_liquid_water_content,6.1778980754434e-06,3.771407205589865e-06,1.638088315227989
2,128,100,6,450,specific_cloud_liquid_water_content,8.900385421614374e-06,5.561933571204527e-06,1.6002322407613456
2,128,100,6,500,specific_cloud_liquid_water_content,1.2229991672540833e-05,8.249067358806768e-06,1.4825908361002773
2,128,100,6,550,specific_cloud_liquid_water_content,1.3407198509339989e-05,1.1006397365588961e-05,1.2181277909570147
2,128,100,6,600,specific_cloud_liquid_water_content,1.1478588141710305e-05,9.540017729517219e-06,1.2032040680799856
2,128,100,6,650,specific_cloud_liquid_water_content,1.2763107493818715e-05,9.543024885674254e-06,1.3374278749894457
2,128,100,6,700,specific_cloud_liquid_water_content,1.3598230221562348e-05,1.0752393249598763e-05,1.264670097707762
2,128,100,6,750,specific_cloud_liquid_water_content,1.4822479217247525e-05,1.2409822064669506e-05,1.1944151285977582
2,128,100,6,775,specific_cloud_liquid_water_content,1.6487681524993524e-05,1.307133403266907e-05,1.26136180773791
2,128,100,6,800,specific_cloud_liquid_water_content,1.9344393938116255e-05,1.4138016620359287e-05,1.3682537273481192
2,128,100,6,825,specific_cloud_liquid_water_content,2.2447098673207355e-05,1.60658139419533e-05,1.3971964790772506
2,128,100,6,850,specific_cloud_liquid_water_content,6.549546979466825e-05,1.7874178422521548e-05,3.6642506439425295
2,128,100,6,875,specific_cloud_liquid_water_content,0.00012567177457241288,1.8107670967379836e-05,6.940250615267142
2,128,100,6,900,specific_cloud_liquid_water_content,4.271960607316508e-05,1.7254756612115812e-05,2.4758162072925765
2,128,100,6,925,specific_cloud_liquid_water_content,3.173963310132683e-05,1.5449699350835324e-05,2.0543851618452855
2,128,100,6,950,specific_cloud_liquid_water_content,2.1774818735462587e-05,1.305610728390447e-05,1.667787975540498
2,128,100,6,975,specific_cloud_liquid_water_content,2.1945310926834576e-05,9.737965528549028e-06,2.253582728599416
2,128,100,6,1000,specific_cloud_liquid_water_content,1.0210889918283469e-05,7.395349420625011e-06,1.380717710214767
2,128,100,12,1,specific_cloud_liquid_water_content,1.5835209980603435e-05,2.3955921449157327e-06,6.610144391319356
2,128,100,12,2,specific_cloud_liquid_water_content,1.564586950440161e-05,2.399021227872687e-06,6.521772013778911
2,128,100,12,3,specific_cloud_liquid_water_content,1.5710297148108098e-05,2.382314443958685e-06,6.594552280009831
2,128,100,12,5,specific_cloud_liquid_water_content,1.579825421382901e-05,2.3938712964121736e-06,6.5994584744412625
2,128,100,12,7,specific_cloud_liquid_water_content,1.5633394619712908e-05,2.413580942605357e-06,6.47726137696353
2,128,100,12,10,specific_cloud_liquid_water_content,1.573621355594443e-05,2.384486587080648e-06,6.599413744327428
2,128,100,12,20,specific_cloud_liquid_water_content,1.2526438039108409e-05,2.1026422542785122e-06,5.95747470289788
2,128,100,12,30,specific_cloud_liquid_water_content,8.955820714769862e-06,1.7878771291494073e-06,5.00919250476158
2,128,100,12,50,specific_cloud_liquid_water_content,1.616720278423723e-05,1.6236477592480129e-06,9.957333844210776
2,128,100,12,70,specific_cloud_liquid_water_content,3.9368356262598144e-05,1.3853221405769922e-06,28.41819610722533
2,128,100,12,100,specific_cloud_liquid_water_content,3.970625364400076e-05,1.3806654115280863e-06,28.75878059410126
2,128,100,12,125,specific_cloud_liquid_water_content,2.4448111028270372e-05,1.2714968518008162e-06,19.227818766239654
2,128,100,12,150,specific_cloud_liquid_water_content,1.8777314343402938e-05,1.3507613938978529e-06,13.901281475936907
2,128,100,12,175,specific_cloud_liquid_water_content,1.1725298685365991e-05,1.4652807630685863e-06,8.002083273659382
2,128,100,12,200,specific_cloud_liquid_water_content,1.8495613965630508e-05,1.5821009762451061e-06,11.69053950622497
2,128,100,12,225,specific_cloud_liquid_water_content,1.1441126036124997e-05,1.5132638671616578e-06,7.560562493033327
2,128,100,12,250,specific_cloud_liquid_water_content,1.6066899436886358e-05,1.5912636896604316e-06,10.096943417539403
2,128,100,12,300,specific_cloud_liquid_water_content,1.521143742960327e-05,2.0908513691017255e-06,7.275236133182641
2,128,100,12,350,specific_cloud_liquid_water_content,1.1342330241793978e-05,2.655451973832682e-06,4.271336990298981
2,128,100,12,400,specific_cloud_liquid_water_content,1.5925458091486704e-05,3.930265127948911e-06,4.052006053799666
2,128,100,12,450,specific_cloud_liquid_water_content,1.6689201868896628e-05,6.135511837509051e-06,2.720099367565112
2,128,100,12,500,specific_cloud_liquid_water_content,1.9487165590697687e-05,9.141366386971055e-06,2.131756322388765
2,128,100,12,550,specific_cloud_liquid_water_content,2.1153639937090276e-05,1.131560296898968e-05,1.8694222477636993
2,128,100,12,600,specific_cloud_liquid_water_content,1.9763851009755653e-05,1.0383059752732913e-05,1.9034707957404975
2,128,100,12,650,specific_cloud_liquid_water_content,2.021405801493738e-05,1.0286131126245412e-05,1.9651759992987574
2,128,100,12,700,specific_cloud_liquid_water_content,2.1283499855374048e-05,1.1465011272079349e-05,1.856387172266074
2,128,100,12,750,specific_cloud_liquid_water_content,2.300634340924365e-05,1.2924533119900512e-05,1.7800521841535384
2,128,100,12,775,specific_cloud_liquid_water_content,2.5607691784048886e-05,1.3575290788232133e-05,1.8863457279491318
2,128,100,12,800,specific_cloud_liquid_water_content,2.8094564156455437e-05,1.4862990392207031e-05,1.8902363128207356
2,128,100,12,825,specific_cloud_liquid_water_content,3.386911388234392e-05,1.7093636541768304e-05,1.9813872723679795
2,128,100,12,850,specific_cloud_liquid_water_content,7.50757036483679e-05,1.8984221594876112e-05,3.9546369216755775
2,128,100,12,875,specific_cloud_liquid_water_content,0.00012529366202821188,1.9187610125346293e-05,6.529925363800387
2,128,100,12,900,specific_cloud_liquid_water_content,5.117692635106038e-05,1.806657853485932e-05,2.832685018489522
2,128,100,12,925,specific_cloud_liquid_water_content,4.10754082082597e-05,1.6607928902824433e-05,2.4732408507164427
2,128,100,12,950,specific_cloud_liquid_water_content,2.9953890704179496e-05,1.3881413295747411e-05,2.1578415731887985
2,128,100,12,975,specific_cloud_liquid_water_content,2.2703997317112076e-05,1.0499811639986593e-05,2.162324248813007
2,128,100,12,1000,specific_cloud_liquid_water_content,1.5094621194503437e-05,7.403535963718365e-06,2.0388394502945437
2,128,200,6,1,geopotential,4546.171294235379,30017.112690917347,0.151452651060972
2,128,200,6,2,geopotential,2907.3793203442374,20502.3884876883,0.14180685933690707
2,128,200,6,3,geopotential,2459.755279995185,15455.170984071645,0.15915419392837837
2,128,200,6,5,geopotential,1393.213620899033,9454.636002500229,0.14735772170717149
2,128,200,6,7,geopotential,959.4584603728897,5951.390274193691,0.1612158531315407
2,128,200,6,10,geopotential,688.1512910847755,2712.6580123551735,0.2536815506969533
2,128,200,6,20,geopotential,685.5224307156885,1383.490532900262,0.4955020756655289
2,128,200,6,30,geopotential,667.325052962987,1782.3774993327822,0.3744016366974978
2,128,200,6,50,geopotential,394.88840987780515,48.71837840567823,8.105532712718125
2,128,200,6,70,geopotential,1079.882273238601,44.25181490018717,24.40311828281722
2,128,200,6,100,geopotential,570.8199044075033,32.36684696735586,17.635944118474484
2,128,200,6,125,geopotential,221.58023512060782,27.250452833998416,8.131249651901499
2,128,200,6,150,geopotential,207.9732195013521,25.853203015822537,8.044388905083423
2,128,200,6,175,geopotential,195.92138465567825,25.879460085026363,7.570536016284077
2,128,200,6,200,geopotential,192.34122006620694,26.94857391969595,7.137343172197702
2,128,200,6,225,geopotential,191.8441453164669,27.00899913723362,7.102971285300149
2,128,200,6,250,geopotential,193.19957694013513,27.853511372988223,6.936273647978768
2,128,200,6,300,geopotential,189.83484631647895,29.16670333614647,6.508615119392513
2,128,200,6,350,geopotential,190.64462097430152,29.207937994145585,6.5271509756188255
2,128,200,6,400,geopotential,187.02578869166422,28.084448168897442,6.65940763966261
2,128,200,6,450,geopotential,175.19517468206706,26.924804839753435,6.506831738419814
2,128,200,6,500,geopotential,186.13150198310566,25.5906557844183,7.27341665454458
2,128,200,6,550,geopotential,183.72719095829484,24.343130155875908,7.547393855343909
2,128,200,6,600,geopotential,190.4161174232914,23.777138524480296,8.008369771965796
2,128,200,6,650,geopotential,202.44973680396038,23.42100179145581,8.643940110103054
2,128,200,6,700,geopotential,204.27608262154055,23.71434595430227,8.614029795094588
2,128,200,6,750,geopotential,223.5127648971298,23.925957089770304,9.341852618831876
2,128,200,6,775,geopotential,217.2097179172791,24.122567562987896,9.004419506758957
2,128,200,6,800,geopotential,212.61329458667876,24.41477679319394,8.708385761116135
2,128,200,6,825,geopotential,233.97467347468273,24.82136838384357,9.426340637487929
2,128,200,6,850,geopotential,252.05931723824537,25.2001591806623,10.002290677261541
2,128,200,6,875,geopotential,254.10527788593927,25.662939695315867,9.901643416647232
2,128,200,6,900,geopotential,237.44376563859052,26.37463086834615,9.00273322587281
2,128,200,6,925,geopotential,213.1280404120857,27.231975129279554,7.826389360312412
2,128,200,6,950,geopotential,203.9641658070386,28.138298628468174,7.248631784747756
2,128,200,6,975,geopotential,215.01832015157547,29.473191721908822,7.295386335499665
2,128,200,6,1000,geopotential,200.41072274897874,31.291805198544278,6.40457530261955
2,128,200,12,1,geopotential,4669.1911788967855,30099.61107599867,0.15512463490333878
2,128,200,12,2,geopotential,2966.626191641481,20556.287520213456,0.14431721626409102
2,128,200,12,3,geopotential,2372.7148673379506,15507.45263428121,0.1530048115119024
2,128,200,12,5,geopotential,1678.4181364988085,9517.41630724174,0.1763522874608008
2,128,200,12,7,geopotential,1509.003960891367,6007.6511213527965,0.2511803582481619
2,128,200,12,10,geopotential,1578.3998132460163,2756.217166095862,0.5726688856966211
2,128,200,12,20,geopotential,1576.3433235545976,1365.0179063296034,1.1548151245819385
2,128,200,12,30,geopotential,1236.4924452098412,1774.250391415416,0.6969097773304838
2,128,200,12,50,geopotential,545.9987248312647,55.17989138971129,9.894885819457599
2,128,200,12,70,geopotential,800.1618365335801,49.91324058242187,16.031053628190513
2,128,200,12,100,geopotential,602.0867426286513,42.80226084430572,14.066704205620276
2,128,200,12,125,geopotential,310.96950092243713,39.49994677240546,7.872656201645301
2,128,200,12,150,geopotential,259.8364955512441,38.77491351585309,6.701149583351364
2,128,200,12,175,geopotential,252.9438491954187,39.45872299543518,6.410340477178664
2,128,200,12,200,geopotential,201.83553197542872,40.063107482973635,5.03794000655607
2,128,200,12,225,geopotential,206.8652505557071,40.60130881702422,5.095038967536141
2,128,200,12,250,geopotential,210.44373895807226,41.50180991383049,5.070712323029118
2,128,200,12,300,geopotential,229.57808122867905,42.35167640644654,5.420755462556706
2,128,200,12,350,geopotential,226.52656522810054,41.3502812284645,5.478235177567917
2,128,200,12,400,geopotential,228.6357748689361,39.58815846139158,5.77535767651111
2,128,200,12,450,geopotential,207.9000497047491,37.54494662029602,5.537364370425357
2,128,200,12,500,geopotential,184.3170006726922,35.81582511424455,5.1462447140268806
2,128,200,12,550,geopotential,182.92145125885236,34.219916513185105,5.345467490792148
2,128,200,12,600,geopotential,183.54425605380527,33.34975694310038,5.503616004367256
2,128,200,12,650,geopotential,183.6346833750181,32.931674105995604,5.57623286274369
2,128,200,12,700,geopotential,183.39332462716314,32.75115749764068,5.599598262759854
2,128,200,12,750,geopotential,188.71047082591784,32.85069284153013,5.744489826630031
2,128,200,12,775,geopotential,189.54763795780386,33.061566561287194,5.7331717057760665
2,128,200,12,800,geopotential,193.46470358494574,33.21946376461902,5.823835837801775
2,128,200,12,825,geopotential,203.08339614048953,33.453054395137165,6.0706981712859776
2,128,200,12,850,geopotential,215.0416475001167,33.83298582439143,6.355976047053033
2,128,200,12,875,geopotential,217.56572793866854,34.27083730973553,6.348421719969569
2,128,200,12,900,geopotential,210.78777413460884,35.02366326165239,6.018438806925191
2,128,200,12,925,geopotential,204.17489960852228,35.82811215419129,5.698734522484106
2,128,200,12,950,geopotential,200.7396908692676,36.70322952148421,5.469265061587149
2,128,200,12,975,geopotential,204.39296462673053,37.89761550929476,5.393293532586534
2,128,200,12,1000,geopotential,205.60651355953033,39.40759602093331,5.2174335488597725
2,128,200,6,1,temperature,7.220877578967275,8.585644145124043,0.8410408650663858
2,128,200,6,2,temperature,12.130043841878145,6.857750280841892,1.7688080412850786
2,128,200,6,3,temperature,10.467770756072419,5.595503425158137,1.8707469124239853
2,128,200,6,5,temperature,6.786879394992008,4.228495628067508,1.6050340338400026
2,128,200,6,7,temperature,5.544347985246025,3.497812416957201,1.585090143304236
2,128,200,6,10,temperature,3.5756707153508076,2.581661702999672,1.3850268264026158
2,128,200,6,20,temperature,6.0917633610417905,2.3380640474223027,2.6054732622735086
2,128,200,6,30,temperature,5.178013171150138,2.0263439145660045,2.5553476554147263
2,128,200,6,50,temperature,2.272616437379622,0.5925003334836259,3.835637397902709
2,128,200,6,70,temperature,5.323485391298913,0.5706100911703732,9.32946240116427
2,128,200,6,100,temperature,2.031665223257088,0.45749890306441693,4.440808949810804
2,128,200,6,125,temperature,6.634963936136584,0.36691240447176915,18.083236912332545
2,128,200,6,150,temperature,3.546008666224654,0.327471433827833,10.828451888994252
2,128,200,6,175,temperature,2.116794534249444,0.30621465563802763,6.912779957702871
2,128,200,6,200,temperature,1.1791383525792671,0.31506225114522685,3.742556743288638
2,128,200,6,225,temperature,0.7808256004636309,0.32288913260873686,2.418246765244347
2,128,200,6,250,temperature,0.8845661612136126,0.31689929214080653,2.7913163050568666
2,128,200,6,300,temperature,1.7085066863884248,0.31351115945525054,5.44958810830557
2,128,200,6,350,temperature,0.9807823453461592,0.3036021504230704,3.2304855020935666
2,128,200,6,400,temperature,0.9324263839383636,0.30196674989182404,3.0878445533238152
2,128,200,6,450,temperature,0.6602685382867578,0.30076424636283866,2.1953026208115745
2,128,200,6,500,temperature,0.876523591421931,0.30229639005800685,2.8995503097266138
2,128,200,6,550,temperature,0.8234964807729924,0.31002479252728576,2.65622782636171
2,128,200,6,600,temperature,0.9432995450004996,0.3179765382408303,2.966569641330141
2,128,200,6,650,temperature,1.1408596791914576,0.33060825539124505,3.4507900531441753
2,128,200,6,700,temperature,0.8728890150849179,0.34310377892444033,2.544096185187016
2,128,200,6,750,temperature,1.0394637232229393,0.36546232228631653,2.844243195085335
2,128,200,6,775,temperature,0.8272900830243044,0.3751180538068075,2.2054126017895515
2,128,200,6,800,temperature,0.9376616271238182,0.39138594820423345,2.3957467850494383
2,128,200,6,825,temperature,1.1418079004541972,0.4166086232846167,2.7407207547745416
2,128,200,6,850,temperature,2.308889520790829,0.4357134643717728,5.299100692515592
2,128,200,6,875,temperature,2.9506241168949554,0.4444190285900196,6.639283934930095
2,128,200,6,900,temperature,0.8717807833150171,0.44668719440069277,1.9516583287879117
2,128,200,6,925,temperature,0.8253748420845575,0.4469750334402169,1.8465792948924333
2,128,200,6,950,temperature,0.8958573002833763,0.4578317390549868,1.9567391770009668
2,128,200,6,975,temperature,0.9425432830564359,0.4764615387155689,1.9782148326123374
2,128,200,6,1000,temperature,1.0745375107085482,0.49038267063452684,2.1912224372002354
2,128,200,12,1,temperature,9.922951859243922,8.776011564895203,1.1306903809170645
2,128,200,12,2,temperature,17.4791581086332,7.063462784717067,2.474587697474978
2,128,200,12,3,temperature,16.81609730823453,5.7022668992123995,2.9490196803234827
2,128,200,12,5,temperature,13.402846389287129,4.21884947342009,3.1768960883124038
2,128,200,12,7,temperature,11.926553928193085,3.471642576905905,3.4354210331245
2,128,200,12,10,temperature,8.637529058313456,2.614215516132537,3.3040615836799074
2,128,200,12,20,temperature,3.0949689428428124,2.30286567456838,1.34396416474569
2,128,200,12,30,temperature,2.8975556967817857,1.982833346326317,1.4613208427981177
2,128,200,12,50,temperature,3.1493118112046252,0.6592189242831626,4.777338294147426
2,128,200,12,70,temperature,5.784402866378486,0.6875973489775065,8.412485701086833
2,128,200,12,100,temperature,3.8391256236222335,0.5628857260845362,6.820435206853442
2,128,200,12,125,temperature,5.448302630568732,0.45562571363341287,11.957847126583214
2,128,200,12,150,temperature,2.450589614038896,0.41538347547254273,5.899583779184019
2,128,200,12,175,temperature,3.072682900466829,0.405905629698738,7.569944035384199
2,128,200,12,200,temperature,2.5975985454018766,0.4124115518788631,6.298559129994653
2,128,200,12,225,temperature,1.6422001978087208,0.42051625913661916,3.9052002440533355
2,128,200,12,250,temperature,1.6532468834752123,0.4163311801126107,3.9709898332093125
2,128,200,12,300,temperature,2.0848319526976105,0.4000853409854401,5.210968108860259
2,128,200,12,350,temperature,1.511601038938934,0.38616749677195106,3.9143663088548366
2,128,200,12,400,temperature,1.401243132076588,0.38464906564788115,3.6429131310027056
2,128,200,12,450,temperature,2.0147053772015653,0.3854901691269996,5.226346969532759
2,128,200,12,500,temperature,1.9264440531527576,0.3866027521795592,4.983006567573562
2,128,200,12,550,temperature,1.4695858727895688,0.3957279828471531,3.713626370862899
2,128,200,12,600,temperature,1.2259875684854211,0.40351386329429245,3.038278681372785
2,128,200,12,650,temperature,1.1658037161176036,0.4179409826496644,2.789397940174795
2,128,200,12,700,temperature,1.4705763291116238,0.43318509390139964,3.3947990127433894
2,128,200,12,750,temperature,1.4015363310103115,0.4588724424807038,3.054304859610845
2,128,200,12,775,temperature,1.1651359609578817,0.47315169514292604,2.4624998133123595
2,128,200,12,800,temperature,1.2423956051220493,0.49655954560461507,2.502007294229533
2,128,200,12,825,temperature,1.321221684146261,0.5289229502500123,2.4979473541878705
2,128,200,12,850,temperature,2.3042189043080605,0.5492320462790488,4.19534679361618
2,128,200,12,875,temperature,2.71284060360289,0.5552118545186773,4.88613595247295
2,128,200,12,900,temperature,1.4394817247637783,0.5540901862814781,2.597919545235405
2,128,200,12,925,temperature,1.3975912431053632,0.5540524429570336,2.522489090827356
2,128,200,12,950,temperature,1.4744418435848738,0.5618845563660504,2.6241010308607247
2,128,200,12,975,temperature,1.480177507332299,0.5814850838539223,2.545512427459174
2,128,200,12,1000,temperature,1.4832235990736053,0.5867095935619725,2.5280370652690487
2,128,200,6,1,u_component_of_wind,27.581317486218264,27.204844325386265,1.013838460398051
2,128,200,6,2,u_component_of_wind,21.450019724213192,22.446676899018403,0.955598898701625
2,128,200,6,3,u_component_of_wind,17.33236849264564,17.96488830999068,0.964791330375637
2,128,200,6,5,u_component_of_wind,18.932652033331095,12.295344974765397,1.539822759929706
2,128,200,6,7,u_component_of_wind,15.094181120918945,9.294833048770784,1.623932462446446
2,128,200,6,10,u_component_of_wind,9.490172692628324,7.639593738633105,1.2422352571756425
2,128,200,6,20,u_component_of_wind,7.06089540003972,5.407237474167488,1.3058230628435334
2,128,200,6,30,u_component_of_wind,9.078096372331398,4.887009149787574,1.8575975804600242
2,128,200,6,50,u_component_of_wind,7.343555308669498,1.0080882920647531,7.284635052777495
2,128,200,6,70,u_component_of_wind,9.909972302219309,0.9873005182055209,10.037442622061304
2,128,200,6,100,u_component_of_wind,22.970743927803763,0.9996051790556035,22.979816840790903
2,128,200,6,125,u_component_of_wind,25.96149631140121,0.9860765232044753,26.32807464783113
2,128,200,6,150,u_component_of_wind,8.256318433670703,1.008586578339923,8.186028459014535
2,128,200,6,175,u_component_of_wind,12.31365360644749,1.0400778167887839,11.839165692876337
2,128,200,6,200,u_component_of_wind,24.637822374699475,1.0819338724505698,22.772022396244093
2,128,200,6,225,u_component_of_wind,7.590026930241059,1.1608111637816696,6.538554389427482
2,128,200,6,250,u_component_of_wind,10.740109716007229,1.2270676950135933,8.752662758258216
2,128,200,6,300,u_component_of_wind,16.047177986663574,1.2830383898066335,12.507169009246903
2,128,200,6,350,u_component_of_wind,10.782888523630335,1.2326156977467604,8.747972740686018
2,128,200,6,400,u_component_of_wind,11.857135586009623,1.156851315813363,10.249489648263975
2,128,200,6,450,u_component_of_wind,3.3360082236894666,1.0782033970540394,3.094043510532796
2,128,200,6,500,u_component_of_wind,5.160769618649369,1.0116793591201603,5.1011909772851345
2,128,200,6,550,u_component_of_wind,5.071468151057817,0.9726858959108473,5.213880629274231
2,128,200,6,600,u_component_of_wind,5.746970480801874,0.9395080895405804,6.116999464700877
2,128,200,6,650,u_component_of_wind,8.927776423796725,0.9249772579484165,9.651887489210685
2,128,200,6,700,u_component_of_wind,2.5815315361356306,0.9065132547455201,2.8477592827479703
2,128,200,6,750,u_component_of_wind,4.308887313281413,0.891739235815678,4.8320037295881155
2,128,200,6,775,u_component_of_wind,3.0696122628334277,0.8804262263120204,3.4865070702080225
2,128,200,6,800,u_component_of_wind,4.657717595337334,0.8758255989947605,5.318087985420027
2,128,200,6,825,u_component_of_wind,5.772939030576302,0.871877105839213,6.621276085715821
2,128,200,6,850,u_component_of_wind,6.584586740575047,0.8621702091975713,7.637223683132563
2,128,200,6,875,u_component_of_wind,9.084120005831716,0.8469161548081213,10.726114922072574
2,128,200,6,900,u_component_of_wind,10.42449150617787,0.8358403242679547,12.471869570671698
2,128,200,6,925,u_component_of_wind,7.1191727467342485,0.8269162330630735,8.609303411983243
2,128,200,6,950,u_component_of_wind,10.850598425240493,0.8123438089459414,13.357150390940644
2,128,200,6,975,u_component_of_wind,7.003677455954765,0.772936429394987,9.061129983790345
2,128,200,6,1000,u_component_of_wind,1.8153212697145884,0.706530603585151,2.569345560550522
2,128,200,12,1,u_component_of_wind,36.160733423079485,27.46226112494201,1.3167427568532322
2,128,200,12,2,u_component_of_wind,25.797095888690166,22.78817348951218,1.1320387700472259
2,128,200,12,3,u_component_of_wind,21.2053096810139,18.166541807553944,1.1672727757242376
2,128,200,12,5,u_component_of_wind,18.339767401110727,12.260744633946087,1.4958118734757566
2,128,200,12,7,u_component_of_wind,15.098234757107754,9.524868841238225,1.585138337206226
2,128,200,12,10,u_component_of_wind,11.240079962423703,7.95100896127768,1.413667122897757
2,128,200,12,20,u_component_of_wind,7.113151207209683,5.477049419298465,1.298719559138245
2,128,200,12,30,u_component_of_wind,11.323849653959167,5.004609116090998,2.2626841360197987
2,128,200,12,50,u_component_of_wind,9.054096505714577,1.225369689553368,7.388869320747344
2,128,200,12,70,u_component_of_wind,13.35574881463337,1.2527041519378546,10.66153472387943
2,128,200,12,100,u_component_of_wind,15.571595386672087,1.3344730172664478,11.668722548297865
2,128,200,12,125,u_component_of_wind,16.189672336442275,1.4032994914029433,11.536861828587076
2,128,200,12,150,u_component_of_wind,5.855850152536185,1.4482899504101174,4.0432857735966214
2,128,200,12,175,u_component_of_wind,8.86744713880794,1.4593780214752943,6.0761824615145175
2,128,200,12,200,u_component_of_wind,12.133444128467328,1.4989932312401402,8.09439554201932
2,128,200,12,225,u_component_of_wind,5.300570770412691,1.5483671457512158,3.4233293989462896
2,128,200,12,250,u_component_of_wind,8.052387295274333,1.592385122726515,5.056808921630006
2,128,200,12,300,u_component_of_wind,14.171245703887571,1.6191918706781985,8.75204845115233
2,128,200,12,350,u_component_of_wind,8.399895829695078,1.568663306882955,5.35481119041808
2,128,200,12,400,u_component_of_wind,8.762819216292165,1.4608885933225997,5.998280263358263
2,128,200,12,450,u_component_of_wind,4.752820211309766,1.376503777095619,3.4528203194168285
2,128,200,12,500,u_component_of_wind,4.312000881815154,1.3037908654749457,3.3072795614689134
2,128,200,12,550,u_component_of_wind,3.1324670258880234,1.2560531763403548,2.4938968229154126
2,128,200,12,600,u_component_of_wind,3.9337401270972223,1.204865241815829,3.264879748019587
2,128,200,12,650,u_component_of_wind,6.356993101778504,1.1724773646159177,5.4218471875241185
2,128,200,12,700,u_component_of_wind,3.408613375251004,1.1512080840214391,2.960901180735215
2,128,200,12,750,u_component_of_wind,3.73643867517281,1.13105407624329,3.3035013565249742
2,128,200,12,775,u_component_of_wind,3.490797131030418,1.1134558966289014,3.135101391621486
2,128,200,12,800,u_component_of_wind,4.103199846892591,1.0999742863049096,3.7302688780810245
2,128,200,12,825,u_component_of_wind,3.700631178036309,1.0852946220497843,3.409794080658915
2,128,200,12,850,u_component_of_wind,4.683518471716707,1.063151868035196,4.405314623932597
2,128,200,12,875,u_component_of_wind,6.066177800511171,1.0366226381449382,5.851866993148776
2,128,200,12,900,u_component_of_wind,6.143061025622395,1.0186089664605944,6.030833448254398
2,128,200,12,925,u_component_of_wind,5.00551659093642,0.9983451039950225,5.0138139315814945
2,128,200,12,950,u_component_of_wind,7.342600206068942,0.9669131058882187,7.593857360454264
2,128,200,12,975,u_component_of_wind,5.616914248304104,0.9082519393379141,6.184312969811713
2,128,200,12,1000,u_component_of_wind,3.279843455915988,0.823266570642862,3.983938584260582
2,128,200,6,1,v_component_of_wind,12.498522092953538,10.217615421462448,1.2232327776498584
2,128,200,6,2,v_component_of_wind,9.748519623505562,8.013975230005627,1.216439949428034
2,128,200,6,3,v_component_of_wind,8.786369240314412,6.99604354491347,1.2559054534048195
2,128,200,6,5,v_component_of_wind,7.512984277958827,5.856882113139169,1.2827617378714868
2,128,200,6,7,v_component_of_wind,6.193309037710817,5.04879805780746,1.2266897916690263
2,128,200,6,10,v_component_of_wind,5.056627190308923,4.212054649797571,1.2005131962264408
2,128,200,6,20,v_component_of_wind,4.118905855845059,3.132682837034625,1.3148173850066434
2,128,200,6,30,v_component_of_wind,5.825119553744061,2.934383552770658,1.985125478311776
2,128,200,6,50,v_component_of_wind,3.1589703122459065,1.0162184764490427,3.108554297580034
2,128,200,6,70,v_component_of_wind,27.499237227738323,1.0146993114070182,27.100873055296454
2,128,200,6,100,v_component_of_wind,3.754326816959645,1.0124299104952352,3.708233802696719
2,128,200,6,125,v_component_of_wind,6.605446322810344,0.9845476252423212,6.709118130455683
2,128,200,6,150,v_component_of_wind,13.692566332336794,0.990590970267721,13.822623810750251
2,128,200,6,175,v_component_of_wind,6.771760767296691,1.0026061549574068,6.754158383941271
2,128,200,6,200,v_component_of_wind,9.095659459330877,1.0506483400486595,8.657187293428382
2,128,200,6,225,v_component_of_wind,10.205269770880712,1.1539458111821337,8.843803298203538
2,128,200,6,250,v_component_of_wind,13.39480523366547,1.2472675204999661,10.739320164687824
2,128,200,6,300,v_component_of_wind,17.506326482106452,1.347740651303455,12.989388177299073
2,128,200,6,350,v_component_of_wind,4.954398244609151,1.3290593707296534,3.7277478747162265
2,128,200,6,400,v_component_of_wind,4.702586154573023,1.2521074225075,3.75573698393666
2,128,200,6,450,v_component_of_wind,4.5768185568859545,1.1675815532403064,3.9199133835099005
2,128,200,6,500,v_component_of_wind,2.260854628622399,1.093600898328093,2.0673489131901905
2,128,200,6,550,v_component_of_wind,1.6476854295936894,1.0396268502141275,1.5848815652022865
2,128,200,6,600,v_component_of_wind,1.9727611869007875,0.9974577749310111,1.977789172115314
2,128,200,6,650,v_component_of_wind,4.7888529736420375,0.9792344605076282,4.890404869084703
2,128,200,6,700,v_component_of_wind,2.865849993383206,0.9604954173243057,2.9837206317618152
2,128,200,6,750,v_component_of_wind,3.4801859192474485,0.9424057204498179,3.6928743573270415
2,128,200,6,775,v_component_of_wind,4.207961699564517,0.9308451007215435,4.520582099323207
2,128,200,6,800,v_component_of_wind,5.289246315726743,0.9278565426619727,5.700500101612871
2,128,200,6,825,v_component_of_wind,3.367854412331407,0.924852716790928,3.6415035077339173
2,128,200,6,850,v_component_of_wind,3.694564732537589,0.9187872484327434,4.021131920191246
2,128,200,6,875,v_component_of_wind,4.343042283775138,0.905953755531246,4.793889596747025
2,128,200,6,900,v_component_of_wind,5.441915351409296,0.8963129279150315,6.071445788546272
2,128,200,6,925,v_component_of_wind,9.377165293275027,0.891872274973568,10.514022642483122
2,128,200,6,950,v_component_of_wind,6.991749439345365,0.8758473474280674,7.982840228810069
2,128,200,6,975,v_component_of_wind,5.209856048448788,0.8252007431177929,6.313440810492714
2,128,200,6,1000,v_component_of_wind,3.459338737271021,0.7474144380338668,4.62840769623221
2,128,200,12,1,v_component_of_wind,16.996915027325038,10.482487530676527,1.6214581679762874
2,128,200,12,2,v_component_of_wind,18.16172620817689,8.28285003619286,2.192690454229782
2,128,200,12,3,v_component_of_wind,17.90366610163559,7.032985927686889,2.5456706846453208
2,128,200,12,5,v_component_of_wind,15.167717147353143,5.86003879152654,2.588330502058324
2,128,200,12,7,v_component_of_wind,14.514325997129639,4.9974288797169395,2.9043586905336305
2,128,200,12,10,v_component_of_wind,12.479033642902182,4.14886656632179,3.0078175432779863
2,128,200,12,20,v_component_of_wind,8.043736439855884,3.1775397353000647,2.5314353587764935
2,128,200,12,30,v_component_of_wind,8.05894201390081,2.8725143763266137,2.8055358331075184
2,128,200,12,50,v_component_of_wind,10.551669195661988,1.232130343261439,8.563760525312448
2,128,200,12,70,v_component_of_wind,22.833262752273207,1.282841068041434,17.798980186324783
2,128,200,12,100,v_component_of_wind,9.63045188911001,1.361613568509896,7.072823091539291
2,128,200,12,125,v_component_of_wind,12.594970696115919,1.4435593640129738,8.724941287556723
2,128,200,12,150,v_component_of_wind,8.675080158471065,1.4468369534023977,5.995893412917503
2,128,200,12,175,v_component_of_wind,5.2747428854161305,1.466824377483448,3.596028922334741
2,128,200,12,200,v_component_of_wind,5.961715175791456,1.489788956239781,4.001717928449941
2,128,200,12,225,v_component_of_wind,7.798964040162662,1.5515665010815884,5.026509682134828
2,128,200,12,250,v_component_of_wind,11.78565457047474,1.626023072880356,7.248147192399611
2,128,200,12,300,v_component_of_wind,15.472151991360567,1.6947756501429418,9.129321624402383
2,128,200,12,350,v_component_of_wind,6.587585496158105,1.6538497826984828,3.9831824903768194
2,128,200,12,400,v_component_of_wind,5.633236745621965,1.5659867725703829,3.5972441429857485
2,128,200,12,450,v_component_of_wind,4.419148921347672,1.4645700999977944,3.0173693436417466
2,128,200,12,500,v_component_of_wind,3.5329549268814264,1.374584664089585,2.570198125425307
2,128,200,12,550,v_component_of_wind,2.865421319859139,1.3170282583628798,2.175671859479291
2,128,200,12,600,v_component_of_wind,2.6467459356262957,1.2664602872697064,2.0898767708952586
2,128,200,12,650,v_component_of_wind,3.5380029617727127,1.2333919918258158,2.868514620834641
2,128,200,12,700,v_component_of_wind,4.225859406988856,1.2047680340877505,3.507612492548139
2,128,200,12,750,v_component_of_wind,3.8501918620655715,1.1801602748151647,3.262431336005259
2,128,200,12,775,v_component_of_wind,4.535753026624312,1.1650660650273093,3.8931294651672768
2,128,200,12,800,v_component_of_wind,4.150211664689252,1.1491670226066817,3.611495616429396
2,128,200,12,825,v_component_of_wind,3.221347551964252,1.1321480310026766,2.8453413014473865
2,128,200,12,850,v_component_of_wind,3.519434525045739,1.1154316246430813,3.1552221106980864
2,128,200,12,875,v_component_of_wind,4.081607528929654,1.0951544032767353,3.726969929278794
2,128,200,12,900,v_component_of_wind,3.7537369490130112,1.0768333244586314,3.48590340190314
2,128,200,12,925,v_component_of_wind,5.48813588877487,1.0603051665416947,5.175996554534433
2,128,200,12,950,v_component_of_wind,4.725186987123201,1.033227835962201,4.573228500684785
2,128,200,12,975,v_component_of_wind,4.387099363426115,0.9702092997631178,4.521807165213992
2,128,200,12,1000,v_component_of_wind,3.6862131676482326,0.872738794895405,4.22373015753243
2,128,200,6,1,specific_humidity,5.338699360844269e-07,9.093771566984339e-07,0.5870720769176611
2,128,200,6,2,specific_humidity,3.5765389812728833e-07,7.335056784697729e-07,0.4875952683466879
2,128,200,6,3,specific_humidity,2.309642085491695e-07,5.95589768955808e-07,0.3877907589885191
2,128,200,6,5,specific_humidity,1.4515136306643543e-07,4.224884578703961e-07,0.3435629077255467
2,128,200,6,7,specific_humidity,1.9104333343721963e-07,3.348673087158939e-07,0.5705045803659009
2,128,200,6,10,specific_humidity,2.5570932075841803e-07,2.470444360450041e-07,1.0350741949591427
2,128,200,6,20,specific_humidity,2.531721696471748e-07,1.196116131921905e-07,2.1166186366902418
2,128,200,6,30,specific_humidity,1.2573338223007134e-07,1.0382307119485337e-07,1.2110350886663435
2,128,200,6,50,specific_humidity,3.1337063670702966e-07,1.2568902329994858e-08,24.932219893155768
2,128,200,6,70,specific_humidity,1.8605694188932076e-07,2.414820950784697e-08,7.704792433114409
2,128,200,6,100,specific_humidity,3.9078929263945523e-07,8.178295415058188e-08,4.778370953926648
2,128,200,6,125,specific_humidity,7.279477625093943e-07,2.1831824920281115e-07,3.3343422511287755
2,128,200,6,150,specific_humidity,2.7363294922776123e-06,5.992997945378687e-07,4.565877574491156
2,128,200,6,175,specific_humidity,2.792309605404852e-06,1.5910159323679622e-06,1.7550481730556677
2,128,200,6,200,specific_humidity,6.119320276160981e-06,3.764010817253872e-06,1.6257446041628232
2,128,200,6,225,specific_humidity,2.8197508148886106e-05,7.610957609189218e-06,3.7048568126094104
2,128,200,6,250,specific_humidity,4.228684160687371e-05,1.317197315186294e-05,3.2103650014571277
2,128,200,6,300,specific_humidity,6.37703397124148e-05,2.9177964649465544e-05,2.185565048094706
2,128,200,6,350,specific_humidity,0.00011124959307776004,5.435803037432676e-05,2.0466082437435613
2,128,200,6,400,specific_humidity,0.00023086456462208902,8.676819061223045e-05,2.6607050693707492
2,128,200,6,450,specific_humidity,0.00028107035413904943,0.00012779900835098047,2.199315611018926
2,128,200,6,500,specific_humidity,0.0004700260248986651,0.00016685150995882826,2.817031892696969
2,128,200,6,550,specific_humidity,0.0007300808569970869,0.00021487303231659992,3.397731437611796
2,128,200,6,600,specific_humidity,0.00046830196404048537,0.00025206401385736966,1.8578691851883065
2,128,200,6,650,specific_humidity,0.000535119177630094,0.0002942486987821947,1.818594881964775
2,128,200,6,700,specific_humidity,0.0006464155545703274,0.0003363237500858548,1.9220038858549662
2,128,200,6,750,specific_humidity,0.0007161952403464958,0.00037860520076298974,1.8916677290834165
2,128,200,6,775,specific_humidity,0.0008279017016291313,0.00039260193803214373,2.108756023413588
2,128,200,6,800,specific_humidity,0.0007326252990506939,0.00040466835784564294,1.8104338647850178
2,128,200,6,825,specific_humidity,0.0008081744399312958,0.000413348603569168,1.9551885090524062
2,128,200,6,850,specific_humidity,0.0014236308385716346,0.0004130505235106746,3.446626399288036
2,128,200,6,875,specific_humidity,0.002150732872378145,0.00039473209948691704,5.448588739486155
2,128,200,6,900,specific_humidity,0.0009267139634504218,0.00036987817005644063,2.5054573058718557
2,128,200,6,925,specific_humidity,0.000676027536010107,0.00034080341872750274,1.9836289745398372
2,128,200,6,950,specific_humidity,0.0006869474817475295,0.000303403494668488,2.2641383300417104
2,128,200,6,975,specific_humidity,0.0005303453412576867,0.0002819638950214839,1.8808980533386295
2,128,200,6,1000,specific_humidity,0.0005989108830082656,0.000275698375966985,2.172340990068021
2,128,200,12,1,specific_humidity,3.3474618869401607e-07,9.080329161004982e-07,0.3686498394040238
2,128,200,12,2,specific_humidity,2.3161249205877205e-07,7.324409513202541e-07,0.31622001970436153
2,128,200,12,3,specific_humidity,2.3866034798050997e-07,5.939726085732165e-07,0.40180362618706733
2,128,200,12,5,specific_humidity,3.800879133184844e-07,4.2120779193082444e-07,0.9023762632124023
2,128,200,12,7,specific_humidity,4.667540253599967e-07,3.3379210086990037e-07,1.398337540473793
2,128,200,12,10,specific_humidity,5.517110120745228e-07,2.4667159240052517e-07,2.2366216016423146
2,128,200,12,20,specific_humidity,4.6662991502352724e-07,1.1953609525206157e-07,3.9036737316838157
2,128,200,12,30,specific_humidity,1.6594328427793442e-07,1.0361852126020708e-07,1.6014828455350878
2,128,200,12,50,specific_humidity,5.827097153028663e-07,1.4769062930166226e-08,39.454752008176854
2,128,200,12,70,specific_humidity,4.4748223157914155e-07,2.8881383563658692e-08,15.493794838215656
2,128,200,12,100,specific_humidity,6.454212788294497e-07,9.944431694624635e-08,6.4902781641943985
2,128,200,12,125,specific_humidity,1.8390988811031667e-06,2.665791101123189e-07,6.898885964201364
2,128,200,12,150,specific_humidity,4.905583723409895e-06,7.456409943061631e-07,6.579015586414557
2,128,200,12,175,specific_humidity,4.730210627045651e-06,1.9578072290918073e-06,2.4160757794524605
2,128,200,12,200,specific_humidity,1.5169438722684284e-05,4.5366179469454594e-06,3.343776994247
2,128,200,12,225,specific_humidity,3.560750430760184e-05,9.268818447644937e-06,3.841644380967367
2,128,200,12,250,specific_humidity,5.018053252542976e-05,1.6330908997023883e-05,3.072733583573001
2,128,200,12,300,specific_humidity,0.0001781735180807531,3.828203708380854e-05,4.654232941958878
2,128,200,12,350,specific_humidity,0.0001916614734026895,7.105695794177353e-05,2.697293536823563
2,128,200,12,400,specific_humidity,0.0004206502667344766,0.00011351169850510764,3.7057877934541588
2,128,200,12,450,specific_humidity,0.0005394677013333411,0.00016626143881780304,3.244695253266241
2,128,200,12,500,specific_humidity,0.0006932211214729592,0.00021666352739330884,3.199528456926469
2,128,200,12,550,specific_humidity,0.0009419305459841019,0.0002740387490961615,3.4372166311909926
2,128,200,12,600,specific_humidity,0.0005730377820348506,0.0003191822817329346,1.795330802586095
2,128,200,12,650,specific_humidity,0.000728853796293856,0.0003763212741969594,1.9367860556094625
2,128,200,12,700,specific_humidity,0.0008367916080506136,0.00042801477599088786,1.9550530845889027
2,128,200,12,750,specific_humidity,0.0008452046552434182,0.00047705936719613456,1.7716970116550028
2,128,200,12,775,specific_humidity,0.0010260585987884126,0.0004927977983879612,2.082108731298826
2,128,200,12,800,specific_humidity,0.0009355976794722993,0.000506016114614229,1.8489483881073037
2,128,200,12,825,specific_humidity,0.000957614201420836,0.000513151721023688,1.866142433490213
2,128,200,12,850,specific_humidity,0.0012965976229643926,0.0005098219087702497,2.5432363746233233
2,128,200,12,875,specific_humidity,0.0019406321138803059,0.0004888356325852617,3.969907233679052
2,128,200,12,900,specific_humidity,0.0011814096939743745,0.00046015351743648107,2.5674251075076366
2,128,200,12,925,specific_humidity,0.0009512938389368258,0.0004221751642981526,2.253315494099018
2,128,200,12,950,specific_humidity,0.0010054892445094377,0.00037355317759083136,2.6916897106703046
2,128,200,12,975,specific_humidity,0.0008364893899356056,0.0003543222291402861,2.3608154418232
2,128,200,12,1000,specific_humidity,0.0008810137537552702,0.00034079588043005386,2.585165503302181
2,128,200,6,1,specific_cloud_ice_water_content,2.117040944565424e-06,1.4206039464794252e-06,1.4902400840233658
2,128,200,6,2,specific_cloud_ice_water_content,2.1223569694778272e-06,1.4056207277356892e-06,1.5099072798227204
2,128,200,6,3,specific_cloud_ice_water_content,2.1155194055054228e-06,1.4049656067194154e-06,1.505744621354216
2,128,200,6,5,specific_cloud_ice_water_content,2.1238094788486184e-06,1.3990578523496726e-06,1.5180283469205713
2,128,200,6,7,specific_cloud_ice_water_content,2.1272813113901404e-06,1.4027574858603023e-06,1.5164997035004182
2,128,200,6,10,specific_cloud_ice_water_content,2.1286057831898274e-06,1.4106221265270812e-06,1.508983691068568
2,128,200,6,20,specific_cloud_ice_water_content,1.689532291027913e-06,1.1857876167668038e-06,1.424818632897037
2,128,200,6,30,specific_cloud_ice_water_content,1.541635509895681e-06,1.01028739149733e-06,1.525937592481332
2,128,200,6,50,specific_cloud_ice_water_content,2.8650679065566287e-06,7.708389414940023e-07,3.716817810220763
2,128,200,6,70,specific_cloud_ice_water_content,3.8059060155597615e-06,6.990539799351904e-07,5.444366422050281
2,128,200,6,100,specific_cloud_ice_water_content,3.754052047775518e-06,9.788538346792786e-07,3.835150780203597
2,128,200,6,125,specific_cloud_ice_water_content,3.061107705714857e-06,2.300681746129077e-06,1.3305220119493733
2,128,200,6,150,specific_cloud_ice_water_content,4.967638432391715e-06,3.7490564957738998e-06,1.3250369627642191
2,128,200,6,175,specific_cloud_ice_water_content,6.891724743575802e-06,4.960764079174599e-06,1.3892466228151064
2,128,200,6,200,specific_cloud_ice_water_content,7.089621000259994e-06,6.1763666793779366e-06,1.1478627109253878
2,128,200,6,225,specific_cloud_ice_water_content,8.486988951024052e-06,7.1781582016565255e-06,1.1823351774366695
2,128,200,6,250,specific_cloud_ice_water_content,9.132595092804371e-06,7.50072130594897e-06,1.21756224772158
2,128,200,6,300,specific_cloud_ice_water_content,9.579647904625725e-06,7.689260186203563e-06,1.2458478023430637
2,128,200,6,350,specific_cloud_ice_water_content,9.783976661180267e-06,7.394346892745032e-06,1.3231698219054102
2,128,200,6,400,specific_cloud_ice_water_content,9.503524349527838e-06,6.521993740155893e-06,1.457150179555474
2,128,200,6,450,specific_cloud_ice_water_content,8.067075675090075e-06,5.656019550027895e-06,1.4262814340962255
2,128,200,6,500,specific_cloud_ice_water_content,6.847746541914548e-06,4.817655002351666e-06,1.421385827455873
2,128,200,6,550,specific_cloud_ice_water_content,5.945678263368989e-06,3.980803809296654e-06,1.4935873628043725
2,128,200,6,600,specific_cloud_ice_water_content,5.642573123760981e-06,3.3726014668895825e-06,1.6730625243322639
2,128,200,6,650,specific_cloud_ice_water_content,5.0549181910328785e-06,2.8844669380874784e-06,1.7524618238073824
2,128,200,6,700,specific_cloud_ice_water_content,5.1870580523322814e-06,2.5674993548664024e-06,2.020276282640852
2,128,200,6,750,specific_cloud_ice_water_content,3.2389937752198214e-06,2.2538395465582705e-06,1.4371004272091739
2,128,200,6,775,specific_cloud_ice_water_content,4.321435350475936e-06,2.1856198644839124e-06,1.9772126986484684
2,128,200,6,800,specific_cloud_ice_water_content,4.508120414389339e-06,2.159897297531843e-06,2.087192025074922
2,128,200,6,825,specific_cloud_ice_water_content,3.0696984222026713e-06,2.114584282775733e-06,1.4516793902266203
2,128,200,6,850,specific_cloud_ice_water_content,3.40605040250666e-06,1.994722956575078e-06,1.7075305577045239
2,128,200,6,875,specific_cloud_ice_water_content,2.3030897023773436e-06,1.7715402042323753e-06,1.3000493564159858
2,128,200,6,900,specific_cloud_ice_water_content,2.5133369893354055e-06,1.560506010189548e-06,1.6105910345261156
2,128,200,6,925,specific_cloud_ice_water_content,2.5119378111126453e-06,1.393651179751738e-06,1.8024150143223905
2,128,200,6,950,specific_cloud_ice_water_content,2.5611318312855732e-06,1.2220703361723148e-06,2.0957319357798796
2,128,200,6,975,specific_cloud_ice_water_content,1.5138621479340104e-06,1.0380023373445382e-06,1.4584380915816018
2,128,200,6,1000,specific_cloud_ice_water_content,1.5592466587967906e-06,9.404953549931882e-07,1.6578993724090045
2,128,200,12,1,specific_cloud_ice_water_content,4.846154218670569e-06,1.27712863812133e-06,3.7945701584135754
2,128,200,12,2,specific_cloud_ice_water_content,4.874202764885416e-06,1.2642746506475388e-06,3.8553353595984365
2,128,200,12,3,specific_cloud_ice_water_content,4.865475974566659e-06,1.2640891305265725e-06,3.84899755647759
2,128,200,12,5,specific_cloud_ice_water_content,4.8782394795791045e-06,1.2586746829862572e-06,3.8756952416054653
2,128,200,12,7,specific_cloud_ice_water_content,4.873666592387989e-06,1.2620351699656046e-06,3.861751802464281
2,128,200,12,10,specific_cloud_ice_water_content,4.859782438989155e-06,1.2687063875131808e-06,3.830502066372442
2,128,200,12,20,specific_cloud_ice_water_content,4.019672326601743e-06,1.0812730498755035e-06,3.7175367748826837
2,128,200,12,30,specific_cloud_ice_water_content,3.17006303074281e-06,9.769809145099352e-07,3.2447543075423844
2,128,200,12,50,specific_cloud_ice_water_content,4.9616452988574505e-06,6.816416203176375e-07,7.278964709557169
2,128,200,12,70,specific_cloud_ice_water_content,4.5958557572522445e-06,6.324122695921512e-07,7.267183099113741
2,128,200,12,100,specific_cloud_ice_water_content,6.2511915282359784e-06,1.0197976262307674e-06,6.1298353393317395
2,128,200,12,125,specific_cloud_ice_water_content,5.967908644514075e-06,2.6132489397879918e-06,2.283712260875629
2,128,200,12,150,specific_cloud_ice_water_content,7.90832010151601e-06,4.452711544118195e-06,1.7760683626502816
2,128,200,12,175,specific_cloud_ice_water_content,1.071609432235881e-05,5.752705843374457e-06,1.8627919824374155
2,128,200,12,200,specific_cloud_ice_water_content,1.1104255121214474e-05,6.637574144716837e-06,1.6729387693624307
2,128,200,12,225,specific_cloud_ice_water_content,1.2535669042353275e-05,7.375842694930471e-06,1.6995575367909124
2,128,200,12,250,specific_cloud_ice_water_content,1.3697713170469409e-05,7.904301569886212e-06,1.7329441506451273
2,128,200,12,300,specific_cloud_ice_water_content,1.49847106009808e-05,8.344517644939767e-06,1.7957551578871356
2,128,200,12,350,specific_cloud_ice_water_content,1.5338224793203503e-05,8.183593765233976e-06,1.874265174105324
2,128,200,12,400,specific_cloud_ice_water_content,1.5071306590183754e-05,7.2654384058282434e-06,2.0743836432628404
2,128,200,12,450,specific_cloud_ice_water_content,1.2290785346736012e-05,6.09247476470605e-06,2.0173715643332693
2,128,200,12,500,specific_cloud_ice_water_content,1.046725362784905e-05,5.092985529972657e-06,2.055229406454891
2,128,200,12,550,specific_cloud_ice_water_content,9.964828451253204e-06,4.1158823732390346e-06,2.4210673550933586
2,128,200,12,600,specific_cloud_ice_water_content,8.504505315938546e-06,3.4242924170244736e-06,2.4835803372565084
2,128,200,12,650,specific_cloud_ice_water_content,8.912887757708839e-06,2.8939214499877803e-06,3.0798651282488936
2,128,200,12,700,specific_cloud_ice_water_content,7.414071976377876e-06,2.5180278369919815e-06,2.944396351564832
2,128,200,12,750,specific_cloud_ice_water_content,6.436150207800008e-06,2.2037272640427857e-06,2.9205747520647134
2,128,200,12,775,specific_cloud_ice_water_content,5.893002326209985e-06,2.2125921655815606e-06,2.663392927933043
2,128,200,12,800,specific_cloud_ice_water_content,5.51567498578983e-06,2.164528765299139e-06,2.548210527027836
2,128,200,12,825,specific_cloud_ice_water_content,5.7218337882304185e-06,2.1075439097652677e-06,2.7149298108183664
2,128,200,12,850,specific_cloud_ice_water_content,5.306713976707891e-06,1.969919514424286e-06,2.693873499831181
2,128,200,12,875,specific_cloud_ice_water_content,5.455889230157011e-06,1.739973253363324e-06,3.1356167226196816
2,128,200,12,900,specific_cloud_ice_water_content,5.1874991853028725e-06,1.5534753578722499e-06,3.3392864322019498
2,128,200,12,925,specific_cloud_ice_water_content,4.196058868087438e-06,1.3801596508072998e-06,3.0402706423369414
2,128,200,12,950,specific_cloud_ice_water_content,3.897670110261255e-06,1.1878459700102878e-06,3.2812925317476114
2,128,200,12,975,specific_cloud_ice_water_content,3.369614792676299e-06,1.0087398927121866e-06,3.3404198813000807
2,128,200,12,1000,specific_cloud_ice_water_content,3.3277705841308155e-06,9.068753061303431e-07,3.669490790669432
2,128,200,6,1,specific_cloud_liquid_water_content,7.665001657768897e-06,2.607430654687599e-06,2.939676130595793
2,128,200,6,2,specific_cloud_liquid_water_content,7.665967399985176e-06,2.6116698308202425e-06,2.9352743250771245
2,128,200,6,3,specific_cloud_liquid_water_content,7.671319319238987e-06,2.5949910173011508e-06,2.9562026489083313
2,128,200,6,5,specific_cloud_liquid_water_content,7.657784446400113e-06,2.6077422040062975e-06,2.936557315610182
2,128,200,6,7,specific_cloud_liquid_water_content,7.667785645488817e-06,2.625027431847605e-06,2.9210306728459234
2,128,200,6,10,specific_cloud_liquid_water_content,7.684602640170095e-06,2.5969440454393827e-06,2.959094422409829
2,128,200,6,20,specific_cloud_liquid_water_content,7.854552979044561e-06,2.2785213747666373e-06,3.4472149640680954
2,128,200,6,30,specific_cloud_liquid_water_content,1.0884611957203869e-05,1.9447560652356706e-06,5.596903463512193
2,128,200,6,50,specific_cloud_liquid_water_content,1.711566776472839e-05,1.9026943828573445e-06,8.995489721804496
2,128,200,6,70,specific_cloud_liquid_water_content,3.295724724984615e-05,1.5165505909421657e-06,21.731716334877607
2,128,200,6,100,specific_cloud_liquid_water_content,3.353885363890237e-05,1.5032028760004338e-06,22.311594911352934
2,128,200,6,125,specific_cloud_liquid_water_content,1.7153062125151113e-05,1.3879582471183588e-06,12.358485682666489
2,128,200,6,150,specific_cloud_liquid_water_content,1.724236588905498e-05,1.480373494315754e-06,11.64730789578518
2,128,200,6,175,specific_cloud_liquid_water_content,1.0059077250350275e-05,1.6357976890769738e-06,6.149340665731272
2,128,200,6,200,specific_cloud_liquid_water_content,3.601323598132657e-06,1.8112852966820385e-06,1.9882696584186155
2,128,200,6,225,specific_cloud_liquid_water_content,5.475353901721485e-06,1.6772163907512642e-06,3.264548290795648
2,128,200,6,250,specific_cloud_liquid_water_content,4.233843079644198e-06,1.7577519747550994e-06,2.408669220942894
2,128,200,6,300,specific_cloud_liquid_water_content,4.355852556657167e-06,2.2215981351880656e-06,1.9606842874345631
2,128,200,6,350,specific_cloud_liquid_water_content,5.226327105184337e-06,2.753910700547746e-06,1.8977837967457818
2,128,200,6,400,specific_cloud_liquid_water_content,6.592881203311106e-06,3.771407205589865e-06,1.7481223437074993
2,128,200,6,450,specific_cloud_liquid_water_content,8.854179738151554e-06,5.561933571204527e-06,1.5919247550872921
2,128,200,6,500,specific_cloud_liquid_water_content,1.1218524856675897e-05,8.249067358806768e-06,1.3599749364028302
2,128,200,6,550,specific_cloud_liquid_water_content,1.3904227351053076e-05,1.1006397365588961e-05,1.2632859680792607
2,128,200,6,600,specific_cloud_liquid_water_content,1.3915739282239348e-05,9.540017729517219e-06,1.4586701698869449
2,128,200,6,650,specific_cloud_liquid_water_content,1.3994484852989555e-05,9.543024885674254e-06,1.4664621564591873
2,128,200,6,700,specific_cloud_liquid_water_content,1.4959445236250512e-05,1.0752393249598763e-05,1.3912665663347776
2,128,200,6,750,specific_cloud_liquid_water_content,1.868231098152353e-05,1.2409822064669506e-05,1.5054455159926639
2,128,200,6,775,specific_cloud_liquid_water_content,2.148462691624794e-05,1.307133403266907e-05,1.6436445478748842
2,128,200,6,800,specific_cloud_liquid_water_content,2.9688281655372542e-05,1.4138016620359287e-05,2.09989013682586
2,128,200,6,825,specific_cloud_liquid_water_content,4.16323067429275e-05,1.60658139419533e-05,2.5913599456179064
2,128,200,6,850,specific_cloud_liquid_water_content,0.00011028894384928298,1.7874178422521548e-05,6.170294446111067
2,128,200,6,875,specific_cloud_liquid_water_content,0.00018207938089479108,1.8107670967379836e-05,10.05537273251756
2,128,200,6,900,specific_cloud_liquid_water_content,8.792949397143001e-05,1.7254756612115812e-05,5.0959567815455795
2,128,200,6,925,specific_cloud_liquid_water_content,2.5406133128069912e-05,1.5449699350835324e-05,1.6444419112075648
2,128,200,6,950,specific_cloud_liquid_water_content,2.3225780870486167e-05,1.305610728390447e-05,1.7789208042981417
2,128,200,6,975,specific_cloud_liquid_water_content,1.696195821621905e-05,9.737965528549028e-06,1.7418379810948468
2,128,200,6,1000,specific_cloud_liquid_water_content,1.1461906989554073e-05,7.395349420625011e-06,1.5498803826074496
2,128,200,12,1,specific_cloud_liquid_water_content,1.062993656592826e-05,2.3955921449157327e-06,4.437289790120838
2,128,200,12,2,specific_cloud_liquid_water_content,1.0652254888444577e-05,2.399021227872687e-06,4.4402503673926965
2,128,200,12,3,specific_cloud_liquid_water_content,1.0650824178422895e-05,2.382314443958685e-06,4.470788566736997
2,128,200,12,5,specific_cloud_liquid_water_content,1.0597408943082484e-05,2.3938712964121736e-06,4.42689168752113
2,128,200,12,7,specific_cloud_liquid_water_content,1.0651394221580995e-05,2.413580942605357e-06,4.413108354295868
2,128,200,12,10,specific_cloud_liquid_water_content,1.0635233462125318e-05,2.384486587080648e-06,4.46017751567483
2,128,200,12,20,specific_cloud_liquid_water_content,9.363043993410325e-06,2.1026422542785122e-06,4.452989553671412
2,128,200,12,30,specific_cloud_liquid_water_content,1.2226076407951046e-05,1.7878771291494073e-06,6.838320267437881
2,128,200,12,50,specific_cloud_liquid_water_content,2.3410194645267722e-05,1.6236477592480129e-06,14.418271766106509
2,128,200,12,70,specific_cloud_liquid_water_content,1.6498747434077792e-05,1.3853221405769922e-06,11.909682918375937
2,128,200,12,100,specific_cloud_liquid_water_content,1.572401121240092e-05,1.3806654115280863e-06,11.388719584854359
2,128,200,12,125,specific_cloud_liquid_water_content,1.727926801548099e-05,1.2714968518008162e-06,13.589705700811155
2,128,200,12,150,specific_cloud_liquid_water_content,1.1194727213393292e-05,1.3507613938978529e-06,8.28771629391109
2,128,200,12,175,specific_cloud_liquid_water_content,1.2415738537373098e-05,1.4652807630685863e-06,8.473282970952337
2,128,200,12,200,specific_cloud_liquid_water_content,1.1456773810467527e-05,1.5821009762451061e-06,7.241493420766711
2,128,200,12,225,specific_cloud_liquid_water_content,1.0991872868187885e-05,1.5132638671616578e-06,7.263685538732059
2,128,200,12,250,specific_cloud_liquid_water_content,1.2361297048288664e-05,1.5912636896604316e-06,7.7682266795935675
2,128,200,12,300,specific_cloud_liquid_water_content,1.2083227967980453e-05,2.0908513691017255e-06,5.779094653280719
2,128,200,12,350,specific_cloud_liquid_water_content,1.3937497800204556e-05,2.655451973832682e-06,5.248634860485994
2,128,200,12,400,specific_cloud_liquid_water_content,1.3321921153048228e-05,3.930265127948911e-06,3.389573150756001
2,128,200,12,450,specific_cloud_liquid_water_content,1.6490609177353214e-05,6.135511837509051e-06,2.6877316211076234
2,128,200,12,500,specific_cloud_liquid_water_content,1.890340473994949e-05,9.141366386971055e-06,2.067897066995587
2,128,200,12,550,specific_cloud_liquid_water_content,2.0415750774207882e-05,1.131560296898968e-05,1.804212363243663
2,128,200,12,600,specific_cloud_liquid_water_content,1.9988875948097824e-05,1.0383059752732913e-05,1.9251431104243213
2,128,200,12,650,specific_cloud_liquid_water_content,2.0085090621244604e-05,1.0286131126245412e-05,1.9526380108062997
2,128,200,12,700,specific_cloud_liquid_water_content,2.1382411153324714e-05,1.1465011272079349e-05,1.865014403029601
2,128,200,12,750,specific_cloud_liquid_water_content,2.4959728094146012e-05,1.2924533119900512e-05,1.9311899209507493
2,128,200,12,775,specific_cloud_liquid_water_content,2.6444088140867238e-05,1.3575290788232133e-05,1.9479573994680497
2,128,200,12,800,specific_cloud_liquid_water_content,3.60663720079625e-05,1.4862990392207031e-05,2.426589202861413
2,128,200,12,825,specific_cloud_liquid_water_content,4.16392898542874e-05,1.7093636541768304e-05,2.435952686401269
2,128,200,12,850,specific_cloud_liquid_water_content,8.79472229097262e-05,1.8984221594876112e-05,4.632648353275826
2,128,200,12,875,specific_cloud_liquid_water_content,0.00015310640535066842,1.9187610125346293e-05,7.97944112635576
2,128,200,12,900,specific_cloud_liquid_water_content,7.204383216512529e-05,1.806657853485932e-05,3.9876854395046237
2,128,200,12,925,specific_cloud_liquid_water_content,3.662436581223237e-05,1.6607928902824433e-05,2.205233778788867
2,128,200,12,950,specific_cloud_liquid_water_content,2.748286928697609e-05,1.3881413295747411e-05,1.9798322189135815
2,128,200,12,975,specific_cloud_liquid_water_content,1.9317165700053015e-05,1.0499811639986593e-05,1.8397630702713903
2,128,200,12,1000,specific_cloud_liquid_water_content,1.3042677135161925e-05,7.403535963718365e-06,1.76168214743315
2,128,300,6,1,geopotential,3428.761574703059,30017.112690917347,0.11422689483857461
2,128,300,6,2,geopotential,2137.4973463301785,20502.3884876883,0.10425601620092935
2,128,300,6,3,geopotential,1681.9783440637832,15455.170984071645,0.10882948792978465
2,128,300,6,5,geopotential,1067.0511973264756,9454.636002500229,0.11286010345023326
2,128,300,6,7,geopotential,877.2278379182247,5951.390274193691,0.14739880893411478
2,128,300,6,10,geopotential,777.4463154576856,2712.6580123551735,0.2865994577704597
2,128,300,6,20,geopotential,665.1416435211942,1383.490532900262,0.4807706505420267
2,128,300,6,30,geopotential,550.658845460831,1782.3774993327822,0.30894625053725455
2,128,300,6,50,geopotential,342.10585347339486,48.71837840567823,7.022110847464531
2,128,300,6,70,geopotential,615.3709723895472,44.25181490018717,13.906118286392461
2,128,300,6,100,geopotential,384.50628386315526,32.36684696735586,11.879633634099598
2,128,300,6,125,geopotential,200.29387867387172,27.250452833998416,7.350111937368599
2,128,300,6,150,geopotential,165.45939203403788,25.853203015822537,6.399957170984745
2,128,300,6,175,geopotential,156.82763802769975,25.879460085026363,6.059926965726727
2,128,300,6,200,geopotential,145.61538492051983,26.94857391969595,5.403454199633684
2,128,300,6,225,geopotential,143.09981329367093,27.00899913723362,5.298227178525796
2,128,300,6,250,geopotential,143.85051788645143,27.853511372988223,5.164537998823185
2,128,300,6,300,geopotential,140.3844009153105,29.16670333614647,4.813173408642699
2,128,300,6,350,geopotential,142.5182816632774,29.207937994145585,4.879436600140813
2,128,300,6,400,geopotential,141.9220771302435,28.084448168897442,5.053404513299903
2,128,300,6,450,geopotential,139.12686481084677,26.924804839753435,5.167237632320043
2,128,300,6,500,geopotential,137.2868014010601,25.5906557844183,5.3647238491110345
2,128,300,6,550,geopotential,138.59272728913373,24.343130155875908,5.6932993580400515
2,128,300,6,600,geopotential,140.52791400822616,23.777138524480296,5.910211351275194
2,128,300,6,650,geopotential,142.04398712624229,23.42100179145581,6.064812615234127
2,128,300,6,700,geopotential,151.58667626876158,23.71434595430227,6.392193002534006
2,128,300,6,750,geopotential,172.92820599586187,23.925957089770304,7.227640062507612
2,128,300,6,775,geopotential,172.3411606144617,24.122567562987896,7.144395395077711
2,128,300,6,800,geopotential,177.10005068798552,24.41477679319394,7.2538058483236
2,128,300,6,825,geopotential,196.24303602034794,24.82136838384357,7.906213428107539
2,128,300,6,850,geopotential,223.40771494009502,25.2001591806623,8.865329513931409
2,128,300,6,875,geopotential,231.0540287943649,25.662939695315867,9.003412373545736
2,128,300,6,900,geopotential,207.86068042850047,26.37463086834615,7.881083965348199
2,128,300,6,925,geopotential,188.17335920307485,27.231975129279554,6.910015094746201
2,128,300,6,950,geopotential,179.01236262807703,28.138298628468174,6.361875854390359
2,128,300,6,975,geopotential,180.16927358843355,29.473191721908822,6.112988212759637
2,128,300,6,1000,geopotential,167.53877699251402,31.291805198544278,5.354078357879719
2,128,300,12,1,geopotential,3378.9386096763856,30099.61107599867,0.11225854716676854
2,128,300,12,2,geopotential,2366.595211928722,20556.287520213456,0.11512755937090276
2,128,300,12,3,geopotential,1747.3826788416372,15507.45263428121,0.11268018803931885
2,128,300,12,5,geopotential,1372.971716557487,9517.41630724174,0.14425886944892827
2,128,300,12,7,geopotential,1143.3899945475437,6007.6511213527965,0.19032230258571944
2,128,300,12,10,geopotential,980.0074406659825,2756.217166095862,0.35556249076488683
2,128,300,12,20,geopotential,694.6195512168063,1365.0179063296034,0.5088721166190184
2,128,300,12,30,geopotential,612.0806711807369,1774.250391415416,0.3449798710160897
2,128,300,12,50,geopotential,1063.2603340904102,55.17989138971129,19.268982002539122
2,128,300,12,70,geopotential,886.5093236212182,49.91324058242187,17.761005161692978
2,128,300,12,100,geopotential,330.274574790682,42.80226084430572,7.716288071605934
2,128,300,12,125,geopotential,216.8943361535724,39.49994677240546,5.491003251302964
2,128,300,12,150,geopotential,221.5999171378683,38.77491351585309,5.715033175954534
2,128,300,12,175,geopotential,266.72183109717105,39.45872299543518,6.7595150286041195
2,128,300,12,200,geopotential,272.3127581501137,40.063107482973635,6.797095264411118
2,128,300,12,225,geopotential,245.87883535883364,40.60130881702422,6.055933725361486
2,128,300,12,250,geopotential,263.8808900038368,41.50180991383049,6.358298362209461
2,128,300,12,300,geopotential,273.1860403466874,42.35167640644654,6.4504185790649
2,128,300,12,350,geopotential,247.21313565970834,41.3502812284645,5.978511592069487
2,128,300,12,400,geopotential,232.94116322201643,39.58815846139158,5.884112125326383
2,128,300,12,450,geopotential,218.8611228611423,37.54494662029602,5.829309735729669
2,128,300,12,500,geopotential,217.35426612068278,35.81582511424455,6.068665608774078
2,128,300,12,550,geopotential,221.48119938486957,34.219916513185105,6.472289296776389
2,128,300,12,600,geopotential,228.33452433335262,33.34975694310038,6.846662322694738
2,128,300,12,650,geopotential,224.6359938670611,32.931674105995604,6.821274653211859
2,128,300,12,700,geopotential,223.7164653715804,32.75115749764068,6.830795686769129
2,128,300,12,750,geopotential,241.67839173608115,32.85069284153013,7.3568735034577175
2,128,300,12,775,geopotential,240.43636258460901,33.061566561287194,7.272382636161693
2,128,300,12,800,geopotential,240.8418721468809,33.21946376461902,7.250022873740479
2,128,300,12,825,geopotential,259.5908013251019,33.453054395137165,7.7598535027293885
2,128,300,12,850,geopotential,280.2321885813407,33.83298582439143,8.282809860054124
2,128,300,12,875,geopotential,286.81436125205954,34.27083730973553,8.369050299526307
2,128,300,12,900,geopotential,273.83911060721914,35.02366326165239,7.81868842677708
2,128,300,12,925,geopotential,251.6699454613349,35.82811215419129,7.024370817480924
2,128,300,12,950,geopotential,242.15383147582997,36.70322952148421,6.5976164668039745
2,128,300,12,975,geopotential,231.8173987044691,37.89761550929476,6.116938904707966
2,128,300,12,1000,geopotential,213.8778437547687,39.40759602093331,5.427325321776969
2,128,300,6,1,temperature,6.906717180254294,8.585644145124043,0.8044495047208258
2,128,300,6,2,temperature,10.784763881912873,6.857750280841892,1.5726387576464627
2,128,300,6,3,temperature,9.875921456927017,5.595503425158137,1.764974606667837
2,128,300,6,5,temperature,6.687368722935465,4.228495628067508,1.5815006827834186
2,128,300,6,7,temperature,5.7591467765030675,3.497812416957201,1.6464996088935595
2,128,300,6,10,temperature,4.404423306496811,2.581661702999672,1.7060420044110522
2,128,300,6,20,temperature,4.233388432059453,2.3380640474223027,1.8106383513003976
2,128,300,6,30,temperature,4.1916205934842115,2.0263439145660045,2.068563269716216
2,128,300,6,50,temperature,1.702497040746273,0.5925003334836259,2.87341110972273
2,128,300,6,70,temperature,4.833706009951118,0.5706100911703732,8.471119043893436
2,128,300,6,100,temperature,3.734710369127139,0.45749890306441693,8.16332092626085
2,128,300,6,125,temperature,4.6954220464233725,0.36691240447176915,12.797119937068375
2,128,300,6,150,temperature,1.8267356893616884,0.327471433827833,5.578305466247442
2,128,300,6,175,temperature,2.28795393362986,0.30621465563802763,7.471732301194691
2,128,300,6,200,temperature,1.0370859063649573,0.31506225114522685,3.2916856989221355
2,128,300,6,225,temperature,1.0054947926669495,0.32288913260873686,3.114055851131307
2,128,300,6,250,temperature,1.0449299799120204,0.31689929214080653,3.297356623465511
2,128,300,6,300,temperature,2.1363570349199916,0.31351115945525054,6.814293432591281
2,128,300,6,350,temperature,1.2372658638928822,0.3036021504230704,4.075286891640092
2,128,300,6,400,temperature,1.0376767078807216,0.30196674989182404,3.4363939349364023
2,128,300,6,450,temperature,0.47574775769130956,0.30076424636283866,1.5817962521960562
2,128,300,6,500,temperature,0.8847869318529812,0.30229639005800685,2.926885536685376
2,128,300,6,550,temperature,0.735905905612072,0.31002479252728576,2.373700179308414
2,128,300,6,600,temperature,0.9979427032938947,0.3179765382408303,3.1384161511251785
2,128,300,6,650,temperature,1.3810888058898574,0.33060825539124505,4.177417784850724
2,128,300,6,700,temperature,1.4126727455351134,0.34310377892444033,4.117333682431454
2,128,300,6,750,temperature,1.7905777354727281,0.36546232228631653,4.899486557932843
2,128,300,6,775,temperature,0.981018405099386,0.3751180538068075,2.615225780640854
2,128,300,6,800,temperature,1.3564471917391765,0.39138594820423345,3.4657534282026745
2,128,300,6,825,temperature,1.6659156598172506,0.4166086232846167,3.9987546265434317
2,128,300,6,850,temperature,4.026147909345129,0.4357134643717728,9.240356882590655
2,128,300,6,875,temperature,3.6716044908504033,0.4444190285900196,8.261582548566997
2,128,300,6,900,temperature,1.2001822035678038,0.44668719440069277,2.686851601327084
2,128,300,6,925,temperature,0.9388726490971602,0.4469750334402169,2.100503560279357
2,128,300,6,950,temperature,1.0150607635841395,0.4578317390549868,2.2171044010171346
2,128,300,6,975,temperature,1.0057591193651327,0.4764615387155689,2.1108925645424157
2,128,300,6,1000,temperature,1.0833745097218033,0.49038267063452684,2.2092430556731935
2,128,300,12,1,temperature,9.15680657968123,8.776011564895203,1.0433904413149637
2,128,300,12,2,temperature,17.376172659662966,7.063462784717067,2.460007674601061
2,128,300,12,3,temperature,18.074590570714555,5.7022668992123995,3.169720199033656
2,128,300,12,5,temperature,14.914583327744346,4.21884947342009,3.535225283980932
2,128,300,12,7,temperature,13.313230111880165,3.471642576905905,3.8348504539155517
2,128,300,12,10,temperature,11.338683078749686,2.614215516132537,4.337317642244011
2,128,300,12,20,temperature,4.1943553972905825,2.30286567456838,1.8213634618861212
2,128,300,12,30,temperature,2.511986788083541,1.982833346326317,1.2668673303974889
2,128,300,12,50,temperature,1.9227440709263257,0.6592189242831626,2.9167003556779343
2,128,300,12,70,temperature,4.54396853391155,0.6875973489775065,6.6084730266465845
2,128,300,12,100,temperature,5.214356029822299,0.5628857260845362,9.26361388854829
2,128,300,12,125,temperature,3.568243713700782,0.45562571363341287,7.831524005187552
2,128,300,12,150,temperature,2.233331035586048,0.41538347547254273,5.37655243277407
2,128,300,12,175,temperature,2.407075698128864,0.405905629698738,5.930136273092316
2,128,300,12,200,temperature,1.3269822255973371,0.4124115518788631,3.217616527839427
2,128,300,12,225,temperature,1.3487326660767542,0.42051625913661916,3.2073258447744633
2,128,300,12,250,temperature,1.4203715214112338,0.4163311801126107,3.411638592687309
2,128,300,12,300,temperature,1.6946845236740145,0.4000853409854401,4.235807589200544
2,128,300,12,350,temperature,1.570284086081376,0.38616749677195106,4.066328987311684
2,128,300,12,400,temperature,1.1874596288059813,0.38464906564788115,3.0871246932730525
2,128,300,12,450,temperature,1.2125633990570683,0.3854901691269996,3.1455105633513307
2,128,300,12,500,temperature,1.1722906019630563,0.3866027521795592,3.0322872647802086
2,128,300,12,550,temperature,1.3782738320933443,0.3957279828471531,3.4828819083680824
2,128,300,12,600,temperature,0.9483213731592581,0.40351386329429245,2.3501580972141825
2,128,300,12,650,temperature,1.0626246494884404,0.4179409826496644,2.5425232116544474
2,128,300,12,700,temperature,1.427567166679641,0.43318509390139964,3.2955131346338056
2,128,300,12,750,temperature,1.6215228929320387,0.4588724424807038,3.5337116436235454
2,128,300,12,775,temperature,0.9970149591404915,0.47315169514292604,2.1071782461633597
2,128,300,12,800,temperature,1.1499434011133096,0.49655954560461507,2.315821760536551
2,128,300,12,825,temperature,1.3123774710912368,0.5289229502500123,2.481226179485877
2,128,300,12,850,temperature,2.7672813811033508,0.5492320462790488,5.038455785402908
2,128,300,12,875,temperature,2.652147081645601,0.5552118545186773,4.776819983328334
2,128,300,12,900,temperature,1.443361719544292,0.5540901862814781,2.604922005983812
2,128,300,12,925,temperature,1.563478053156297,0.5540524429570336,2.821895423494313
2,128,300,12,950,temperature,1.568382227489947,0.5618845563660504,2.79128908193055
2,128,300,12,975,temperature,1.6260392430420174,0.5814850838539223,2.796355896638103
2,128,300,12,1000,temperature,1.7823684119710224,0.5867095935619725,3.0379056888265383
2,128,300,6,1,u_component_of_wind,29.709388896779792,27.204844325386265,1.0920624481962724
2,128,300,6,2,u_component_of_wind,20.368446769344587,22.446676899018403,0.9074147973429111
2,128,300,6,3,u_component_of_wind,16.346486799790657,17.96488830999068,0.9099130769825052
2,128,300,6,5,u_component_of_wind,18.0478213732803,12.295344974765397,1.46785807232909
2,128,300,6,7,u_component_of_wind,13.972608206440883,9.294833048770784,1.5032661838169028
2,128,300,6,10,u_component_of_wind,10.244701537185493,7.639593738633105,1.341000829059596
2,128,300,6,20,u_component_of_wind,8.306527427759688,5.407237474167488,1.5361869101261514
2,128,300,6,30,u_component_of_wind,7.768906442081879,4.887009149787574,1.5897057287931564
2,128,300,6,50,u_component_of_wind,8.267656181284416,1.0080882920647531,8.201321497694126
2,128,300,6,70,u_component_of_wind,4.933326713254347,0.9873005182055209,4.99678327144097
2,128,300,6,100,u_component_of_wind,13.880299441866097,0.9996051790556035,13.885781839365599
2,128,300,6,125,u_component_of_wind,18.790020667891312,0.9860765232044753,19.05533721341317
2,128,300,6,150,u_component_of_wind,5.91568058777469,1.008586578339923,5.865317578894981
2,128,300,6,175,u_component_of_wind,6.030654830628191,1.0400778167887839,5.798272718908378
2,128,300,6,200,u_component_of_wind,17.883099350980828,1.0819338724505698,16.5288284305914
2,128,300,6,225,u_component_of_wind,6.086278021948185,1.1608111637816696,5.243124990390701
2,128,300,6,250,u_component_of_wind,5.08928523864381,1.2270676950135933,4.147517907386057
2,128,300,6,300,u_component_of_wind,10.606866764912278,1.2830383898066335,8.26699095614032
2,128,300,6,350,u_component_of_wind,9.339081422839554,1.2326156977467604,7.576636773255064
2,128,300,6,400,u_component_of_wind,5.157370487166038,1.156851315813363,4.458110058456368
2,128,300,6,450,u_component_of_wind,2.2968952340648907,1.0782033970540394,2.130298643410572
2,128,300,6,500,u_component_of_wind,2.865096712203762,1.0116793591201603,2.8320205274282615
2,128,300,6,550,u_component_of_wind,2.836517568318954,0.9726858959108473,2.91617014315065
2,128,300,6,600,u_component_of_wind,2.602429130390487,0.9395080895405804,2.7699911893926057
2,128,300,6,650,u_component_of_wind,5.401247491105022,0.9249772579484165,5.83933004264872
2,128,300,6,700,u_component_of_wind,2.198432943508545,0.9065132547455201,2.4251525634070266
2,128,300,6,750,u_component_of_wind,1.9298717574798818,0.891739235815678,2.1641660251885395
2,128,300,6,775,u_component_of_wind,2.335684128367572,0.8804262263120204,2.6529015817161867
2,128,300,6,800,u_component_of_wind,4.12355407910516,0.8758255989947605,4.70819085881712
2,128,300,6,825,u_component_of_wind,2.691953922817434,0.871877105839213,3.0875382605973254
2,128,300,6,850,u_component_of_wind,2.9402977421301166,0.8621702091975713,3.4103448608676414
2,128,300,6,875,u_component_of_wind,4.113194081967681,0.8469161548081213,4.856672125825221
2,128,300,6,900,u_component_of_wind,3.4667776518387488,0.8358403242679547,4.147655420758768
2,128,300,6,925,u_component_of_wind,2.508487609690697,0.8269162330630735,3.033545006606928
2,128,300,6,950,u_component_of_wind,2.0135439487330564,0.8123438089459414,2.478684427158662
2,128,300,6,975,u_component_of_wind,1.8240437957335962,0.772936429394987,2.359888506175546
2,128,300,6,1000,u_component_of_wind,2.4101857539060463,0.706530603585151,3.411297036074632
2,128,300,12,1,u_component_of_wind,32.755423936690846,27.46226112494201,1.1927431535104527
2,128,300,12,2,u_component_of_wind,21.89750300075529,22.78817348951218,0.960915231351613
2,128,300,12,3,u_component_of_wind,17.51785902888337,18.166541807553944,0.9642924456650941
2,128,300,12,5,u_component_of_wind,17.892368497128075,12.260744633946087,1.4593215201293581
2,128,300,12,7,u_component_of_wind,14.541373063818817,9.524868841238225,1.5266743622611867
2,128,300,12,10,u_component_of_wind,12.031153952063761,7.95100896127768,1.513160658056965
2,128,300,12,20,u_component_of_wind,8.902867655236827,5.477049419298465,1.625486091812033
2,128,300,12,30,u_component_of_wind,11.931003641203592,5.004609116090998,2.3840030988319554
2,128,300,12,50,u_component_of_wind,10.208340118941091,1.225369689553368,8.330824734747523
2,128,300,12,70,u_component_of_wind,9.01676241841138,1.2527041519378546,7.197838695164389
2,128,300,12,100,u_component_of_wind,12.97954379194149,1.3344730172664478,9.726344125360406
2,128,300,12,125,u_component_of_wind,17.73532170927251,1.4032994914029433,12.638301244976361
2,128,300,12,150,u_component_of_wind,7.7142164019610355,1.4482899504101174,5.326430940003812
2,128,300,12,175,u_component_of_wind,6.601293286619821,1.4593780214752943,4.523360767038641
2,128,300,12,200,u_component_of_wind,11.550914219074341,1.4989932312401402,7.7057814393985575
2,128,300,12,225,u_component_of_wind,5.556797073596107,1.5483671457512158,3.5888110186554854
2,128,300,12,250,u_component_of_wind,6.148609514137049,1.592385122726515,3.8612578241181206
2,128,300,12,300,u_component_of_wind,13.213302653779902,1.6191918706781985,8.160430454882107
2,128,300,12,350,u_component_of_wind,9.129001278597814,1.568663306882955,5.819605289765963
2,128,300,12,400,u_component_of_wind,4.590772683005594,1.4608885933225997,3.142452274587539
2,128,300,12,450,u_component_of_wind,3.4807705968620297,1.376503777095619,2.5287039925210735
2,128,300,12,500,u_component_of_wind,3.285186705106851,1.3037908654749457,2.5197190685257036
2,128,300,12,550,u_component_of_wind,2.452196283760938,1.2560531763403548,1.9523029199334332
2,128,300,12,600,u_component_of_wind,2.679428429365763,1.204865241815829,2.223840755276207
2,128,300,12,650,u_component_of_wind,5.174652456418082,1.1724773646159177,4.413434845382456
2,128,300,12,700,u_component_of_wind,4.3222180295592905,1.1512080840214391,3.754506322141842
2,128,300,12,750,u_component_of_wind,2.8473248182013973,1.13105407624329,2.517408210630008
2,128,300,12,775,u_component_of_wind,3.633134575423296,1.1134558966289014,3.2629353227397444
2,128,300,12,800,u_component_of_wind,3.7789774675318104,1.0999742863049096,3.4355143702734603
2,128,300,12,825,u_component_of_wind,3.219062156307401,1.0852946220497843,2.966072153041349
2,128,300,12,850,u_component_of_wind,4.176699989632716,1.063151868035196,3.928601468153039
2,128,300,12,875,u_component_of_wind,5.050037283764257,1.0366226381449382,4.87162550569166
2,128,300,12,900,u_component_of_wind,2.9621597095806935,1.0186089664605944,2.908044016020633
2,128,300,12,925,u_component_of_wind,3.5256722122487942,0.9983451039950225,3.5315165048041064
2,128,300,12,950,u_component_of_wind,3.324155916993786,0.9669131058882187,3.4379055333417723
2,128,300,12,975,u_component_of_wind,2.931271008056062,0.9082519393379141,3.2273765472968465
2,128,300,12,1000,u_component_of_wind,2.602141302156309,0.823266570642862,3.160751808644898
2,128,300,6,1,v_component_of_wind,13.178978856325376,10.217615421462448,1.2898292128555244
2,128,300,6,2,v_component_of_wind,11.366722606794365,8.013975230005627,1.418362582933312
2,128,300,6,3,v_component_of_wind,10.586826870810075,6.99604354491347,1.513259144664317
2,128,300,6,5,v_component_of_wind,7.753846750717665,5.856882113139169,1.3238864298331867
2,128,300,6,7,v_component_of_wind,6.453084664250319,5.04879805780746,1.2781427560310659
2,128,300,6,10,v_component_of_wind,5.216482158933135,4.212054649797571,1.2384649755633719
2,128,300,6,20,v_component_of_wind,3.7588627214712274,3.132682837034625,1.199886141371828
2,128,300,6,30,v_component_of_wind,6.938130264975854,2.934383552770658,2.3644251476344462
2,128,300,6,50,v_component_of_wind,4.23372017609477,1.0162184764490427,4.166151545372995
2,128,300,6,70,v_component_of_wind,23.940463436965192,1.0146993114070182,23.59365298451666
2,128,300,6,100,v_component_of_wind,4.786466792313291,1.0124299104952352,4.727701881083271
2,128,300,6,125,v_component_of_wind,6.073518080911166,0.9845476252423212,6.168841328946708
2,128,300,6,150,v_component_of_wind,11.10792295239994,0.990590970267721,11.213430452932425
2,128,300,6,175,v_component_of_wind,2.6687776106306123,1.0026061549574068,2.6618404419669544
2,128,300,6,200,v_component_of_wind,4.257801660847529,1.0506483400486595,4.052546888000922
2,128,300,6,225,v_component_of_wind,4.577897465741818,1.1539458111821337,3.9671684938585585
2,128,300,6,250,v_component_of_wind,12.390813750249634,1.2472675204999661,9.934367364334788
2,128,300,6,300,v_component_of_wind,17.157645821946012,1.347740651303455,12.7306732236296
2,128,300,6,350,v_component_of_wind,4.33005820919755,1.3290593707296534,3.2579870429869127
2,128,300,6,400,v_component_of_wind,5.231387620238938,1.2521074225075,4.17806613570139
2,128,300,6,450,v_component_of_wind,4.239576775041712,1.1675815532403064,3.631075502414298
2,128,300,6,500,v_component_of_wind,1.913090957503867,1.093600898328093,1.7493502066691953
2,128,300,6,550,v_component_of_wind,2.0348097927137148,1.0396268502141275,1.9572501347907798
2,128,300,6,600,v_component_of_wind,2.535495209558348,0.9974577749310111,2.541957437480213
2,128,300,6,650,v_component_of_wind,7.721591769161652,0.9792344605076282,7.885335004610472
2,128,300,6,700,v_component_of_wind,2.7349000001799366,0.9604954173243057,2.847384746299642
2,128,300,6,750,v_component_of_wind,3.718647628322818,0.9424057204498179,3.945909439670928
2,128,300,6,775,v_component_of_wind,5.128741691167265,0.9308451007215435,5.509769227116013
2,128,300,6,800,v_component_of_wind,4.793281831235713,0.9278565426619727,5.165972982724283
2,128,300,6,825,v_component_of_wind,4.421465863402339,0.924852716790928,4.780724306832366
2,128,300,6,850,v_component_of_wind,3.9376011058241858,0.9187872484327434,4.285650581830451
2,128,300,6,875,v_component_of_wind,4.230078502807552,0.905953755531246,4.6691991472865615
2,128,300,6,900,v_component_of_wind,6.540222378896413,0.8963129279150315,7.296806924463341
2,128,300,6,925,v_component_of_wind,10.106298001012833,0.891872274973568,11.331553053728852
2,128,300,6,950,v_component_of_wind,8.295938490900543,0.8758473474280674,9.471900000909555
2,128,300,6,975,v_component_of_wind,10.45214641653618,0.8252007431177929,12.666186383988984
2,128,300,6,1000,v_component_of_wind,11.150897430925356,0.7474144380338668,14.919296261199717
2,128,300,12,1,v_component_of_wind,18.122524578090825,10.482487530676527,1.7288381717656305
2,128,300,12,2,v_component_of_wind,16.833559455365172,8.28285003619286,2.0323390356953235
2,128,300,12,3,v_component_of_wind,15.563127686460955,7.032985927686889,2.212876272820808
2,128,300,12,5,v_component_of_wind,12.83716959833564,5.86003879152654,2.1906287748295874
2,128,300,12,7,v_component_of_wind,11.526597777801213,4.9974288797169395,2.3065056162348214
2,128,300,12,10,v_component_of_wind,9.546262292846656,4.14886656632179,2.3009325897193094
2,128,300,12,20,v_component_of_wind,6.195211356527856,3.1775397353000647,1.9496880834262245
2,128,300,12,30,v_component_of_wind,7.761236056397394,2.8725143763266137,2.701896331785292
2,128,300,12,50,v_component_of_wind,8.207126173186406,1.232130343261439,6.660923674245543
2,128,300,12,70,v_component_of_wind,27.419417880710597,1.282841068041434,21.373978869083874
2,128,300,12,100,v_component_of_wind,6.877100543067825,1.361613568509896,5.050699186696481
2,128,300,12,125,v_component_of_wind,12.023910055845914,1.4435593640129738,8.329349215276089
2,128,300,12,150,v_component_of_wind,10.870995923598844,1.4468369534023977,7.5136288840525465
2,128,300,12,175,v_component_of_wind,5.399848182693035,1.466824377483448,3.681318817428754
2,128,300,12,200,v_component_of_wind,4.833182755816991,1.489788956239781,3.2442063257173803
2,128,300,12,225,v_component_of_wind,7.234410983261446,1.5515665010815884,4.6626496371366475
2,128,300,12,250,v_component_of_wind,14.20947610108302,1.626023072880356,8.738791188191561
2,128,300,12,300,v_component_of_wind,18.18189998680648,1.6947756501429418,10.728204635978203
2,128,300,12,350,v_component_of_wind,5.604239774551213,1.6538497826984828,3.38860266100294
2,128,300,12,400,v_component_of_wind,4.487045212875685,1.5659867725703829,2.8653148873733647
2,128,300,12,450,v_component_of_wind,4.085544738473836,1.4645700999977944,2.789586335594308
2,128,300,12,500,v_component_of_wind,3.122814010159978,1.374584664089585,2.2718236946345396
2,128,300,12,550,v_component_of_wind,2.5793127769720257,1.3170282583628798,1.9584338912957093
2,128,300,12,600,v_component_of_wind,3.068976426526659,1.2664602872697064,2.4232709524140708
2,128,300,12,650,v_component_of_wind,7.034469603047728,1.2333919918258158,5.703352745654247
2,128,300,12,700,v_component_of_wind,3.620796688611384,1.2047680340877505,3.005389075875547
2,128,300,12,750,v_component_of_wind,4.255052962328159,1.1801602748151647,3.6054873673786223
2,128,300,12,775,v_component_of_wind,5.376915493722327,1.1650660650273093,4.6151163913578515
2,128,300,12,800,v_component_of_wind,4.98351929495897,1.1491670226066817,4.336636186839699
2,128,300,12,825,v_component_of_wind,6.189020943345237,1.1321480310026766,5.466618122246776
2,128,300,12,850,v_component_of_wind,4.305256113295555,1.1154316246430813,3.859722118487686
2,128,300,12,875,v_component_of_wind,4.46535217077455,1.0951544032767353,4.077372247615569
2,128,300,12,900,v_component_of_wind,6.036443861271172,1.0768333244586314,5.60573649065508
2,128,300,12,925,v_component_of_wind,8.839938927921775,1.0603051665416947,8.33716481525242
2,128,300,12,950,v_component_of_wind,6.845234460154452,1.033227835962201,6.625096829471089
2,128,300,12,975,v_component_of_wind,8.223076182784746,0.9702092997631178,8.475569327971252
2,128,300,12,1000,v_component_of_wind,8.5334120789223,0.872738794895405,9.777738916653755
2,128,300,6,1,specific_humidity,4.212152389345904e-07,9.093771566984339e-07,0.4631909168071099
2,128,300,6,2,specific_humidity,2.609118936110231e-07,7.335056784697729e-07,0.3557053493509867
2,128,300,6,3,specific_humidity,1.6739886649880083e-07,5.95589768955808e-07,0.2810640397538824
2,128,300,6,5,specific_humidity,2.1243843695879734e-07,4.224884578703961e-07,0.502826605085542
2,128,300,6,7,specific_humidity,2.79615298751717e-07,3.348673087158939e-07,0.8350032728603751
2,128,300,6,10,specific_humidity,3.5827440129188387e-07,2.470444360450041e-07,1.450242745910768
2,128,300,6,20,specific_humidity,3.4508190965065244e-07,1.196116131921905e-07,2.8850201116858023
2,128,300,6,30,specific_humidity,1.4787517659473984e-07,1.0382307119485337e-07,1.4242997716491186
2,128,300,6,50,specific_humidity,3.0220263242756737e-07,1.2568902329994858e-08,24.04367736284979
2,128,300,6,70,specific_humidity,2.54810527314997e-07,2.414820950784697e-08,10.551942877263683
2,128,300,6,100,specific_humidity,5.754635853986049e-07,8.178295415058188e-08,7.036473448232739
2,128,300,6,125,specific_humidity,1.1768630093574105e-06,2.1831824920281115e-07,5.390584679268565
2,128,300,6,150,specific_humidity,3.6936820982744018e-06,5.992997945378687e-07,6.163329492082789
2,128,300,6,175,specific_humidity,4.342726759309217e-06,1.5910159323679622e-06,2.7295306545710023
2,128,300,6,200,specific_humidity,1.00972408668357e-05,3.764010817253872e-06,2.6825748801121656
2,128,300,6,225,specific_humidity,3.102698083694444e-05,7.610957609189218e-06,4.076619846034024
2,128,300,6,250,specific_humidity,4.502454293025021e-05,1.317197315186294e-05,3.418207918521478
2,128,300,6,300,specific_humidity,9.602614835269535e-05,2.9177964649465544e-05,3.2910502670875736
2,128,300,6,350,specific_humidity,0.00016510954479190433,5.435803037432676e-05,3.0374453168171707
2,128,300,6,400,specific_humidity,0.0003717935322986338,8.676819061223045e-05,4.284905904747857
2,128,300,6,450,specific_humidity,0.0003257275228692321,0.00012779900835098047,2.5487484376613563
2,128,300,6,500,specific_humidity,0.0006471486256077833,0.00016685150995882826,3.8785901653959955
2,128,300,6,550,specific_humidity,0.0015586207187167495,0.00021487303231659992,7.253682334692583
2,128,300,6,600,specific_humidity,0.000779992010358952,0.00025206401385736966,3.0944203356228
2,128,300,6,650,specific_humidity,0.0005681615989196108,0.0002942486987821947,1.93088907876588
2,128,300,6,700,specific_humidity,0.0007998788943984667,0.0003363237500858548,2.3783003555183906
2,128,300,6,750,specific_humidity,0.001130573132696747,0.00037860520076298974,2.9861532023816437
2,128,300,6,775,specific_humidity,0.0013506635885095109,0.00039260193803214373,3.4402876238449114
2,128,300,6,800,specific_humidity,0.0014026687626678936,0.00040466835784564294,3.4662180412013552
2,128,300,6,825,specific_humidity,0.0014105896144374834,0.000413348603569168,3.4125907339649237
2,128,300,6,850,specific_humidity,0.0024312084395480232,0.0004130505235106746,5.885983193736814
2,128,300,6,875,specific_humidity,0.0030030691191147056,0.00039473209948691704,7.607866507482346
2,128,300,6,900,specific_humidity,0.0014021401350935545,0.00036987817005644063,3.7908161351603917
2,128,300,6,925,specific_humidity,0.0009670802913171789,0.00034080341872750274,2.837648445335668
2,128,300,6,950,specific_humidity,0.0008646745380359529,0.000303403494668488,2.8499162113499525
2,128,300,6,975,specific_humidity,0.0005181012504925949,0.0002819638950214839,1.8374737320645922
2,128,300,6,1000,specific_humidity,0.0006469372182690695,0.000275698375966985,2.346539822732001
2,128,300,12,1,specific_humidity,3.9345550116447936e-07,9.080329161004982e-07,0.4333053286814252
2,128,300,12,2,specific_humidity,2.369368685349192e-07,7.324409513202541e-07,0.32348937905210107
2,128,300,12,3,specific_humidity,1.5960124411092176e-07,5.939726085732165e-07,0.2687013539131045
2,128,300,12,5,specific_humidity,2.3716386010205165e-07,4.2120779193082444e-07,0.5630566780706693
2,128,300,12,7,specific_humidity,3.1644809045891526e-07,3.3379210086990037e-07,0.9480394821633447
2,128,300,12,10,specific_humidity,3.9459374376781574e-07,2.4667159240052517e-07,1.5996724224616294
2,128,300,12,20,specific_humidity,3.686744836491151e-07,1.1953609525206157e-07,3.0842105296454947
2,128,300,12,30,specific_humidity,1.529287707063486e-07,1.0361852126020708e-07,1.475882582056093
2,128,300,12,50,specific_humidity,3.6872507067456815e-07,1.4769062930166226e-08,24.96604371029098
2,128,300,12,70,specific_humidity,2.8243812196165233e-07,2.8881383563658692e-08,9.779244866822893
2,128,300,12,100,specific_humidity,6.140154962698057e-07,9.944431694624635e-08,6.17446542070077
2,128,300,12,125,specific_humidity,1.7389339843893806e-06,2.665791101123189e-07,6.523144231581793
2,128,300,12,150,specific_humidity,4.266430132304315e-06,7.456409943061631e-07,5.721828822293135
2,128,300,12,175,specific_humidity,5.389394346586665e-06,1.9578072290918073e-06,2.7527706847250286
2,128,300,12,200,specific_humidity,1.370261508352499e-05,4.5366179469454594e-06,3.0204472238512103
2,128,300,12,225,specific_humidity,3.4739302621412305e-05,9.268818447644937e-06,3.747975302098945
2,128,300,12,250,specific_humidity,4.598152970923693e-05,1.6330908997023883e-05,2.815613614503426
2,128,300,12,300,specific_humidity,0.00016486296141988042,3.828203708380854e-05,4.306535753542998
2,128,300,12,350,specific_humidity,0.00019949331376634184,7.105695794177353e-05,2.807512727040938
2,128,300,12,400,specific_humidity,0.00030077309831780545,0.00011351169850510764,2.649710138063626
2,128,300,12,450,specific_humidity,0.00034001974049694664,0.00016626143881780304,2.045090809478414
2,128,300,12,500,specific_humidity,0.0006262048527757176,0.00021666352739330884,2.8902181198175048
2,128,300,12,550,specific_humidity,0.0012825609605644614,0.0002740387490961615,4.680217541477701
2,128,300,12,600,specific_humidity,0.0006794294407658,0.0003191822817329346,2.128656506485816
2,128,300,12,650,specific_humidity,0.0006130818479401453,0.0003763212741969594,1.629144802531865
2,128,300,12,700,specific_humidity,0.0008847087515642759,0.00042801477599088786,2.067005162417829
2,128,300,12,750,specific_humidity,0.0008224612350086802,0.00047705936719613456,1.7240228188843838
2,128,300,12,775,specific_humidity,0.001050651436086602,0.0004927977983879612,2.132013250715588
2,128,300,12,800,specific_humidity,0.0010969143838838943,0.000506016114614229,2.1677459515694433
2,128,300,12,825,specific_humidity,0.001103202111726175,0.000513151721023688,2.1498556207224513
2,128,300,12,850,specific_humidity,0.0013140456383054794,0.0005098219087702497,2.577460120290067
2,128,300,12,875,specific_humidity,0.002300694534431124,0.0004888356325852617,4.706478785647529
2,128,300,12,900,specific_humidity,0.0012485811150264273,0.00046015351743648107,2.713401218754738
2,128,300,12,925,specific_humidity,0.0008804870844418495,0.0004221751642981526,2.085596593313631
2,128,300,12,950,specific_humidity,0.0007896227286720165,0.00037355317759083136,2.113816120544218
2,128,300,12,975,specific_humidity,0.0007637480767498264,0.0003543222291402861,2.1555183782935536
2,128,300,12,1000,specific_humidity,0.0008275468035871733,0.00034079588043005386,2.4282770159747336
2,128,300,6,1,specific_cloud_ice_water_content,2.1394264022158393e-06,1.4206039464794252e-06,1.5059977888403149
2,128,300,6,2,specific_cloud_ice_water_content,2.1366572793216556e-06,1.4056207277356892e-06,1.5200809415805865
2,128,300,6,3,specific_cloud_ice_water_content,2.1265053138557735e-06,1.4049656067194154e-06,1.5135639646162926
2,128,300,6,5,specific_cloud_ice_water_content,2.118491670401322e-06,1.3990578523496726e-06,1.5142273543895153
2,128,300,6,7,specific_cloud_ice_water_content,2.1377493158994754e-06,1.4027574858603023e-06,1.5239621512968846
2,128,300,6,10,specific_cloud_ice_water_content,2.1271387843427955e-06,1.4106221265270812e-06,1.5079437252127625
2,128,300,6,20,specific_cloud_ice_water_content,1.7052523834639339e-06,1.1857876167668038e-06,1.438075722289557
2,128,300,6,30,specific_cloud_ice_water_content,1.4283210482161688e-06,1.01028739149733e-06,1.4137769710253218
2,128,300,6,50,specific_cloud_ice_water_content,2.010503701926926e-06,7.708389414940023e-07,2.608202042868081
2,128,300,6,70,specific_cloud_ice_water_content,1.8002678754746078e-06,6.990539799351904e-07,2.5752916472080045
2,128,300,6,100,specific_cloud_ice_water_content,2.1761855621798996e-06,9.788538346792786e-07,2.223197667599603
2,128,300,6,125,specific_cloud_ice_water_content,2.986700909368856e-06,2.300681746129077e-06,1.2981808172268998
2,128,300,6,150,specific_cloud_ice_water_content,4.429053321623899e-06,3.7490564957738998e-06,1.1813781218331922
2,128,300,6,175,specific_cloud_ice_water_content,6.220307916113656e-06,4.960764079174599e-06,1.2539011766809574
2,128,300,6,200,specific_cloud_ice_water_content,7.1962604916156294e-06,6.1763666793779366e-06,1.1651284428502249
2,128,300,6,225,specific_cloud_ice_water_content,8.508464762718318e-06,7.1781582016565255e-06,1.1853270050184732
2,128,300,6,250,specific_cloud_ice_water_content,9.399081221165179e-06,7.50072130594897e-06,1.2530903146222194
2,128,300,6,300,specific_cloud_ice_water_content,9.666365412471046e-06,7.689260186203563e-06,1.2571255463321296
2,128,300,6,350,specific_cloud_ice_water_content,9.50972804868842e-06,7.394346892745032e-06,1.286080865102352
2,128,300,6,400,specific_cloud_ice_water_content,9.080215300083967e-06,6.521993740155893e-06,1.392245325869774
2,128,300,6,450,specific_cloud_ice_water_content,7.981341191642783e-06,5.656019550027895e-06,1.411123338780436
2,128,300,6,500,specific_cloud_ice_water_content,6.670617718833847e-06,4.817655002351666e-06,1.3846192215045878
2,128,300,6,550,specific_cloud_ice_water_content,5.837667331104007e-06,3.980803809296654e-06,1.4664544174397363
2,128,300,6,600,specific_cloud_ice_water_content,4.7242784311279e-06,3.3726014668895825e-06,1.4007817044226445
2,128,300,6,650,specific_cloud_ice_water_content,4.312707548305645e-06,2.8844669380874784e-06,1.495148892628719
2,128,300,6,700,specific_cloud_ice_water_content,3.822408240195296e-06,2.5674993548664024e-06,1.4887669720151464
2,128,300,6,750,specific_cloud_ice_water_content,3.313113167226346e-06,2.2538395465582705e-06,1.469986260683748
2,128,300,6,775,specific_cloud_ice_water_content,3.129108636245977e-06,2.1856198644839124e-06,1.4316801778267372
2,128,300,6,800,specific_cloud_ice_water_content,3.1357477902900633e-06,2.159897297531843e-06,1.4518041176649201
2,128,300,6,825,specific_cloud_ice_water_content,2.803310130202823e-06,2.114584282775733e-06,1.3257027175682143
2,128,300,6,850,specific_cloud_ice_water_content,2.76312437135698e-06,1.994722956575078e-06,1.3852171111026066
2,128,300,6,875,specific_cloud_ice_water_content,2.387006467896861e-06,1.7715402042323753e-06,1.3474187388996757
2,128,300,6,900,specific_cloud_ice_water_content,2.2350300944561585e-06,1.560506010189548e-06,1.4322470274784003
2,128,300,6,925,specific_cloud_ice_water_content,2.1882694152916732e-06,1.393651179751738e-06,1.5701701021639336
2,128,300,6,950,specific_cloud_ice_water_content,2.105326643618725e-06,1.2220703361723148e-06,1.722754068487486
2,128,300,6,975,specific_cloud_ice_water_content,1.5168715973230237e-06,1.0380023373445382e-06,1.4613373619211196
2,128,300,6,1000,specific_cloud_ice_water_content,1.4334197518044186e-06,9.404953549931882e-07,1.5241114633838895
2,128,300,12,1,specific_cloud_ice_water_content,5.796622587051358e-06,1.27712863812133e-06,4.538793050305608
2,128,300,12,2,specific_cloud_ice_water_content,5.866241106501713e-06,1.2642746506475388e-06,4.640005321230739
2,128,300,12,3,specific_cloud_ice_water_content,5.862682710116901e-06,1.2640891305265725e-06,4.637871308706472
2,128,300,12,5,specific_cloud_ice_water_content,5.892824849417267e-06,1.2586746829862572e-06,4.6817695859555215
2,128,300,12,7,specific_cloud_ice_water_content,5.869729414093036e-06,1.2620351699656046e-06,4.651003041581645
2,128,300,12,10,specific_cloud_ice_water_content,5.861175270838659e-06,1.2687063875131808e-06,4.619804336547306
2,128,300,12,20,specific_cloud_ice_water_content,4.752328021482245e-06,1.0812730498755035e-06,4.395122972897014
2,128,300,12,30,specific_cloud_ice_water_content,3.226487592442002e-06,9.769809145099352e-07,3.3025083136454567
2,128,300,12,50,specific_cloud_ice_water_content,3.914393993248523e-06,6.816416203176375e-07,5.74259827535833
2,128,300,12,70,specific_cloud_ice_water_content,4.605880445117498e-06,6.324122695921512e-07,7.28303460666232
2,128,300,12,100,specific_cloud_ice_water_content,4.711720348508642e-06,1.0197976262307674e-06,4.620250358812307
2,128,300,12,125,specific_cloud_ice_water_content,4.831201235901982e-06,2.6132489397879918e-06,1.8487336442941131
2,128,300,12,150,specific_cloud_ice_water_content,6.925520703315742e-06,4.452711544118195e-06,1.5553490574667928
2,128,300,12,175,specific_cloud_ice_water_content,9.512860515414657e-06,5.752705843374457e-06,1.6536323556976007
2,128,300,12,200,specific_cloud_ice_water_content,1.0075038909480565e-05,6.637574144716837e-06,1.5178796786021245
2,128,300,12,225,specific_cloud_ice_water_content,1.1896181655616369e-05,7.375842694930471e-06,1.6128572893498387
2,128,300,12,250,specific_cloud_ice_water_content,1.4419993756951337e-05,7.904301569886212e-06,1.824322317342824
2,128,300,12,300,specific_cloud_ice_water_content,1.361618668163295e-05,8.344517644939767e-06,1.631752398521201
2,128,300,12,350,specific_cloud_ice_water_content,1.3547813791163723e-05,8.183593765233976e-06,1.6554846415664402
2,128,300,12,400,specific_cloud_ice_water_content,1.339346860577792e-05,7.2654384058282434e-06,1.8434494737487346
2,128,300,12,450,specific_cloud_ice_water_content,1.1618769146807013e-05,6.09247476470605e-06,1.9070688998360743
2,128,300,12,500,specific_cloud_ice_water_content,9.727013549232478e-06,5.092985529972657e-06,1.9098843874556815
2,128,300,12,550,specific_cloud_ice_water_content,9.12662069640855e-06,4.1158823732390346e-06,2.2174153361983144
2,128,300,12,600,specific_cloud_ice_water_content,8.003625692670258e-06,3.4242924170244736e-06,2.337307892538272
2,128,300,12,650,specific_cloud_ice_water_content,6.932721911704904e-06,2.8939214499877803e-06,2.39561509581892
2,128,300,12,700,specific_cloud_ice_water_content,5.922867655515891e-06,2.5180278369919815e-06,2.352185138108444
2,128,300,12,750,specific_cloud_ice_water_content,5.988793901874876e-06,2.2037272640427857e-06,2.7175749012100083
2,128,300,12,775,specific_cloud_ice_water_content,5.067342811762172e-06,2.2125921655815606e-06,2.2902290311736078
2,128,300,12,800,specific_cloud_ice_water_content,5.535939854287225e-06,2.164528765299139e-06,2.5575727812155713
2,128,300,12,825,specific_cloud_ice_water_content,5.4243654194587074e-06,2.1075439097652677e-06,2.5737852456240677
2,128,300,12,850,specific_cloud_ice_water_content,4.86218057800075e-06,1.969919514424286e-06,2.468212808898304
2,128,300,12,875,specific_cloud_ice_water_content,4.477167459543698e-06,1.739973253363324e-06,2.5731242999795816
2,128,300,12,900,specific_cloud_ice_water_content,4.204495863737932e-06,1.5534753578722499e-06,2.706509531954667
2,128,300,12,925,specific_cloud_ice_water_content,3.836486190251911e-06,1.3801596508072998e-06,2.779740871288207
2,128,300,12,950,specific_cloud_ice_water_content,3.6336517373633015e-06,1.1878459700102878e-06,3.059026026187411
2,128,300,12,975,specific_cloud_ice_water_content,3.0504200848550044e-06,1.0087398927121866e-06,3.023990730309453
2,128,300,12,1000,specific_cloud_ice_water_content,3.6682600699832087e-06,9.068753061303431e-07,4.044944266522986
2,128,300,6,1,specific_cloud_liquid_water_content,6.618744627590177e-06,2.607430654687599e-06,2.5384163585294583
2,128,300,6,2,specific_cloud_liquid_water_content,6.619781951280468e-06,2.6116698308202425e-06,2.5346932729247036
2,128,300,6,3,specific_cloud_liquid_water_content,6.614228269979727e-06,2.5949910173011508e-06,2.548844379761543
2,128,300,6,5,specific_cloud_liquid_water_content,6.625538009018404e-06,2.6077422040062975e-06,2.540718173306982
2,128,300,6,7,specific_cloud_liquid_water_content,6.623619436652684e-06,2.625027431847605e-06,2.5232572263028508
2,128,300,6,10,specific_cloud_liquid_water_content,6.60504117632861e-06,2.5969440454393827e-06,2.5433898693073647
2,128,300,6,20,specific_cloud_liquid_water_content,6.0711848261481895e-06,2.2785213747666373e-06,2.6645283618504525
2,128,300,6,30,specific_cloud_liquid_water_content,5.762065195566796e-06,1.9447560652356706e-06,2.9628729785545285
2,128,300,6,50,specific_cloud_liquid_water_content,9.914096025863354e-06,1.9026943828573445e-06,5.210556206601609
2,128,300,6,70,specific_cloud_liquid_water_content,1.155319256830135e-05,1.5165505909421657e-06,7.618072642814944
2,128,300,6,100,specific_cloud_liquid_water_content,1.1884295043140362e-05,1.5032028760004338e-06,7.905982108523409
2,128,300,6,125,specific_cloud_liquid_water_content,8.002159917059689e-06,1.3879582471183588e-06,5.765418328450122
2,128,300,6,150,specific_cloud_liquid_water_content,6.101946059006883e-06,1.480373494315754e-06,4.1218963203791175
2,128,300,6,175,specific_cloud_liquid_water_content,4.079313402530258e-06,1.6357976890769738e-06,2.4937762351480512
2,128,300,6,200,specific_cloud_liquid_water_content,3.2088706747808924e-06,1.8112852966820385e-06,1.7715986988129306
2,128,300,6,225,specific_cloud_liquid_water_content,2.561249824074008e-06,1.6772163907512642e-06,1.527083707384212
2,128,300,6,250,specific_cloud_liquid_water_content,2.862709787560713e-06,1.7577519747550994e-06,1.6286198671229273
2,128,300,6,300,specific_cloud_liquid_water_content,3.747610476124077e-06,2.2215981351880656e-06,1.6868984614118023
2,128,300,6,350,specific_cloud_liquid_water_content,4.261704998280996e-06,2.753910700547746e-06,1.547510236055713
2,128,300,6,400,specific_cloud_liquid_water_content,5.90460722411532e-06,3.771407205589865e-06,1.5656244213999726
2,128,300,6,450,specific_cloud_liquid_water_content,8.3277574750665e-06,5.561933571204527e-06,1.497277406940153
2,128,300,6,500,specific_cloud_liquid_water_content,1.11125210396086e-05,8.249067358806768e-06,1.3471245361749637
2,128,300,6,550,specific_cloud_liquid_water_content,1.3200301229464325e-05,1.1006397365588961e-05,1.1993298797965002
2,128,300,6,600,specific_cloud_liquid_water_content,1.4102224826381463e-05,9.540017729517219e-06,1.478217884516984
2,128,300,6,650,specific_cloud_liquid_water_content,1.4137810659352328e-05,9.543024885674254e-06,1.4814810637846758
2,128,300,6,700,specific_cloud_liquid_water_content,1.6308645094531626e-05,1.0752393249598763e-05,1.5167455947670256
2,128,300,6,750,specific_cloud_liquid_water_content,2.0628646729117823e-05,1.2409822064669506e-05,1.6622838443306236
2,128,300,6,775,specific_cloud_liquid_water_content,2.4091727602462594e-05,1.307133403266907e-05,1.8430963161258331
2,128,300,6,800,specific_cloud_liquid_water_content,3.4246030164834874e-05,1.4138016620359287e-05,2.4222655188790254
2,128,300,6,825,specific_cloud_liquid_water_content,5.411604727196007e-05,1.60658139419533e-05,3.368397484714091
2,128,300,6,850,specific_cloud_liquid_water_content,0.00013768400745027014,1.7874178422521548e-05,7.70295586155656
2,128,300,6,875,specific_cloud_liquid_water_content,0.00019248386985641386,1.8107670967379836e-05,10.62996285956184
2,128,300,6,900,specific_cloud_liquid_water_content,9.317843063944605e-05,1.7254756612115812e-05,5.400159082743523
2,128,300,6,925,specific_cloud_liquid_water_content,2.4615769972885242e-05,1.5449699350835324e-05,1.5932847244405655
2,128,300,6,950,specific_cloud_liquid_water_content,2.2558808675535843e-05,1.305610728390447e-05,1.7278357312019237
2,128,300,6,975,specific_cloud_liquid_water_content,1.5977605243546578e-05,9.737965528549028e-06,1.6407539333246404
2,128,300,6,1000,specific_cloud_liquid_water_content,1.1090297491702314e-05,7.395349420625011e-06,1.4996313035287288
2,128,300,12,1,specific_cloud_liquid_water_content,1.2526504012947099e-05,2.3955921449157327e-06,5.2289802500532625
2,128,300,12,2,specific_cloud_liquid_water_content,1.2628334441324867e-05,2.399021227872687e-06,5.263952771490456
2,128,300,12,3,specific_cloud_liquid_water_content,1.2584240694959564e-05,2.382314443958685e-06,5.282359231323119
2,128,300,12,5,specific_cloud_liquid_water_content,1.2580778559242565e-05,2.3938712964121736e-06,5.255411424205666
2,128,300,12,7,specific_cloud_liquid_water_content,1.2622001979580866e-05,2.413580942605357e-06,5.229574760379056
2,128,300,12,10,specific_cloud_liquid_water_content,1.2552387565275494e-05,2.384486587080648e-06,5.264188791535
2,128,300,12,20,specific_cloud_liquid_water_content,1.1576911701897143e-05,2.1026422542785122e-06,5.505887498617578
2,128,300,12,30,specific_cloud_liquid_water_content,1.1925250637736443e-05,1.7878771291494073e-06,6.670061629688137
2,128,300,12,50,specific_cloud_liquid_water_content,1.4634374285902738e-05,1.6236477592480129e-06,9.013269166632917
2,128,300,12,70,specific_cloud_liquid_water_content,2.59813965300339e-05,1.3853221405769922e-06,18.75476885052349
2,128,300,12,100,specific_cloud_liquid_water_content,1.4166602772482792e-05,1.3806654115280863e-06,10.26070665216676
2,128,300,12,125,specific_cloud_liquid_water_content,1.3483925607442299e-05,1.2714968518008162e-06,10.604765232682302
2,128,300,12,150,specific_cloud_liquid_water_content,1.603127120481812e-05,1.3507613938978529e-06,11.868322027295395
2,128,300,12,175,specific_cloud_liquid_water_content,1.3856289388697414e-05,1.4652807630685863e-06,9.456405719597122
2,128,300,12,200,specific_cloud_liquid_water_content,9.508781978275653e-06,1.5821009762451061e-06,6.01022445535898
2,128,300,12,225,specific_cloud_liquid_water_content,1.3459789447961571e-05,1.5132638671616578e-06,8.894542280459868
2,128,300,12,250,specific_cloud_liquid_water_content,1.4245465586365732e-05,1.5912636896604316e-06,8.95229727098571
2,128,300,12,300,specific_cloud_liquid_water_content,1.0942731841448182e-05,2.0908513691017255e-06,5.233624925787725
2,128,300,12,350,specific_cloud_liquid_water_content,1.1929864738555707e-05,2.655451973832682e-06,4.492592920570514
2,128,300,12,400,specific_cloud_liquid_water_content,1.1119258484320235e-05,3.930265127948911e-06,2.829136997717771
2,128,300,12,450,specific_cloud_liquid_water_content,1.4549376070844812e-05,6.135511837509051e-06,2.37133860322755
2,128,300,12,500,specific_cloud_liquid_water_content,1.689158095392536e-05,9.141366386971055e-06,1.8478179561865584
2,128,300,12,550,specific_cloud_liquid_water_content,1.8237111893468478e-05,1.131560296898968e-05,1.611678312101188
2,128,300,12,600,specific_cloud_liquid_water_content,1.8884664769612256e-05,1.0383059752732913e-05,1.8187957326010422
2,128,300,12,650,specific_cloud_liquid_water_content,1.7758275163920283e-05,1.0286131126245412e-05,1.7264290087270464
2,128,300,12,700,specific_cloud_liquid_water_content,2.0030578089620495e-05,1.1465011272079349e-05,1.7471049625917772
2,128,300,12,750,specific_cloud_liquid_water_content,2.171645035616786e-05,1.2924533119900512e-05,1.680250277105176
2,128,300,12,775,specific_cloud_liquid_water_content,2.3311664097880296e-05,1.3575290788232133e-05,1.71721287311858
2,128,300,12,800,specific_cloud_liquid_water_content,2.790576047902821e-05,1.4862990392207031e-05,1.877533372669054
2,128,300,12,825,specific_cloud_liquid_water_content,3.4176972894068895e-05,1.7093636541768304e-05,1.9993974255014406
2,128,300,12,850,specific_cloud_liquid_water_content,7.499815928753497e-05,1.8984221594876112e-05,3.9505522474399033
2,128,300,12,875,specific_cloud_liquid_water_content,0.00018206418628555787,1.9187610125346293e-05,9.488632773763534
2,128,300,12,900,specific_cloud_liquid_water_content,6.462704753452481e-05,1.806657853485932e-05,3.5771603023686764
2,128,300,12,925,specific_cloud_liquid_water_content,3.17981877372385e-05,1.6607928902824433e-05,1.914638960902026
2,128,300,12,950,specific_cloud_liquid_water_content,2.4863342354541576e-05,1.3881413295747411e-05,1.7911247093376648
2,128,300,12,975,specific_cloud_liquid_water_content,1.77627586381918e-05,1.0499811639986593e-05,1.691721646752749
2,128,300,12,1000,specific_cloud_liquid_water_content,1.2362523738613904e-05,7.403535963718365e-06,1.6698134241796712
2,128,400,6,1,geopotential,3152.394890289353,30017.112690917347,0.10501992389305359
2,128,400,6,2,geopotential,2057.911779410905,20502.3884876883,0.10037424569565068
2,128,400,6,3,geopotential,1474.274303497426,15455.170984071645,0.09539035867133644
2,128,400,6,5,geopotential,1088.9477540498401,9454.636002500229,0.11517606323097723
2,128,400,6,7,geopotential,887.2307469023788,5951.390274193691,0.14907957738035976
2,128,400,6,10,geopotential,721.0658493398786,2712.6580123551735,0.2658152432247947
2,128,400,6,20,geopotential,543.5741425865261,1383.490532900262,0.39290051479211185
2,128,400,6,30,geopotential,476.2387036611188,1782.3774993327822,0.26719295089810924
2,128,400,6,50,geopotential,349.9084382673772,48.71837840567823,7.18226775435109
2,128,400,6,70,geopotential,379.82112674229217,44.25181490018717,8.583176251618228
2,128,400,6,100,geopotential,184.41987615470842,32.36684696735586,5.697801714844459
2,128,400,6,125,geopotential,162.43799716060462,27.250452833998416,5.960928361452493
2,128,400,6,150,geopotential,159.03423445546434,25.853203015822537,6.151432546216153
2,128,400,6,175,geopotential,148.72518853547155,25.879460085026363,5.746842787555784
2,128,400,6,200,geopotential,150.06311978114613,26.94857391969595,5.568499477127034
2,128,400,6,225,geopotential,148.75918788924704,27.00899913723362,5.507763806181662
2,128,400,6,250,geopotential,149.98457632724325,27.853511372988223,5.384763677325627
2,128,400,6,300,geopotential,139.7325950139769,29.16670333614647,4.790825805836118
2,128,400,6,350,geopotential,141.82862617880016,29.207937994145585,4.855824680510763
2,128,400,6,400,geopotential,139.49701980289973,28.084448168897442,4.967055751424302
2,128,400,6,450,geopotential,137.00355896319897,26.924804839753435,5.088377047803834
2,128,400,6,500,geopotential,133.82756398508727,25.5906557844183,5.229548047243577
2,128,400,6,550,geopotential,134.5799947478518,24.343130155875908,5.5284589075479715
2,128,400,6,600,geopotential,134.21290249113483,23.777138524480296,5.644619614465082
2,128,400,6,650,geopotential,132.0562678142168,23.42100179145581,5.638369741399878
2,128,400,6,700,geopotential,143.73777232310894,23.71434595430227,6.061215966069347
2,128,400,6,750,geopotential,159.31369534408566,23.925957089770304,6.6586132686914015
2,128,400,6,775,geopotential,158.14559915134257,24.122567562987896,6.5559190056530685
2,128,400,6,800,geopotential,166.15113729788595,24.41477679319394,6.805351476496135
2,128,400,6,825,geopotential,184.0055973059263,24.82136838384357,7.413193118945732
2,128,400,6,850,geopotential,211.42157892161904,25.2001591806623,8.389692200192783
2,128,400,6,875,geopotential,213.43173214041153,25.662939695315867,8.316729676116108
2,128,400,6,900,geopotential,182.74161508594364,26.37463086834615,6.928689011729955
2,128,400,6,925,geopotential,167.40881978727236,27.231975129279554,6.1475092787991
2,128,400,6,950,geopotential,162.28526633374784,28.138298628468174,5.767415737409228
2,128,400,6,975,geopotential,159.83476522807214,29.473191721908822,5.42305586501035
2,128,400,6,1000,geopotential,147.99419973628514,31.291805198544278,4.729487442391785
2,128,400,12,1,geopotential,3692.563674727967,30099.61107599867,0.12267811917584559
2,128,400,12,2,geopotential,2517.9939336615234,20556.287520213456,0.12249264032649494
2,128,400,12,3,geopotential,1851.2909911774611,15507.45263428121,0.1193807284044154
2,128,400,12,5,geopotential,1409.9872461191549,9517.41630724174,0.14814811085297433
2,128,400,12,7,geopotential,1105.1599695935136,6007.6511213527965,0.18395874648337682
2,128,400,12,10,geopotential,861.1000331176441,2756.217166095862,0.3124209672989515
2,128,400,12,20,geopotential,584.1721749092789,1365.0179063296034,0.4279593492513658
2,128,400,12,30,geopotential,546.6593889434604,1774.250391415416,0.30810723874625184
2,128,400,12,50,geopotential,1161.8151934248028,55.17989138971129,21.055046760049116
2,128,400,12,70,geopotential,601.0186492363293,49.91324058242187,12.041266850703986
2,128,400,12,100,geopotential,491.2159592043688,42.80226084430572,11.476402169296126
2,128,400,12,125,geopotential,358.335490932857,39.49994677240546,9.071796805133648
2,128,400,12,150,geopotential,330.7623242989971,38.77491351585309,8.530317525112343
2,128,400,12,175,geopotential,374.50063585980547,39.45872299543518,9.490946676179306
2,128,400,12,200,geopotential,372.74767896103845,40.063107482973635,9.304013152735394
2,128,400,12,225,geopotential,351.2844213545176,40.60130881702422,8.65204673419846
2,128,400,12,250,geopotential,352.7766143559079,41.50180991383049,8.50027059273733
2,128,400,12,300,geopotential,360.06461045991404,42.35167640644654,8.501779410203156
2,128,400,12,350,geopotential,345.8520655389741,41.3502812284645,8.363959210533691
2,128,400,12,400,geopotential,319.52534125109827,39.58815846139158,8.071235280183995
2,128,400,12,450,geopotential,307.47853022128834,37.54494662029602,8.18961159622669
2,128,400,12,500,geopotential,289.85686797763975,35.81582511424455,8.092983117185227
2,128,400,12,550,geopotential,288.2211534997559,34.219916513185105,8.4226141635589
2,128,400,12,600,geopotential,297.9077345452598,33.34975694310038,8.932830756563968
2,128,400,12,650,geopotential,292.73804099820114,32.931674105995604,8.889254765973305
2,128,400,12,700,geopotential,294.0636109934369,32.75115749764068,8.978724218056128
2,128,400,12,750,geopotential,311.0932258393867,32.85069284153013,9.46991368919014
2,128,400,12,775,geopotential,309.4148167784587,33.061566561287194,9.358746392276585
2,128,400,12,800,geopotential,314.0256431660965,33.21946376461902,9.45306177701023
2,128,400,12,825,geopotential,327.888856060515,33.453054395137165,9.801462437109418
2,128,400,12,850,geopotential,345.2365815742675,33.83298582439143,10.204141702603556
2,128,400,12,875,geopotential,352.72445108711594,34.27083730973553,10.292262424149039
2,128,400,12,900,geopotential,337.3283283510338,35.02366326165239,9.63144048727697
2,128,400,12,925,geopotential,333.4383918142968,35.82811215419129,9.306613487735499
2,128,400,12,950,geopotential,338.82667728513826,36.70322952148421,9.231522176728516
2,128,400,12,975,geopotential,331.3648507760723,37.89761550929476,8.743686016203362
2,128,400,12,1000,geopotential,330.38527990213186,39.40759602093331,8.383796863087797
2,128,400,6,1,temperature,6.93896746224299,8.585644145124043,0.808205807852375
2,128,400,6,2,temperature,11.044354858305882,6.857750280841892,1.6104924218602519
2,128,400,6,3,temperature,10.312819757242101,5.595503425158137,1.8430548555960622
2,128,400,6,5,temperature,6.82897454639503,4.228495628067508,1.6149891467467317
2,128,400,6,7,temperature,5.931756007784613,3.497812416957201,1.6958473756419266
2,128,400,6,10,temperature,4.7187472874017224,2.581661702999672,1.8277945874623847
2,128,400,6,20,temperature,3.74543223883836,2.3380640474223027,1.6019373990065284
2,128,400,6,30,temperature,4.150070264952903,2.0263439145660045,2.0480581973873626
2,128,400,6,50,temperature,1.2508756342739353,0.5925003334836259,2.111181316843097
2,128,400,6,70,temperature,3.9127449244003327,0.5706100911703732,6.857125355730981
2,128,400,6,100,temperature,3.9775224739089743,0.45749890306441693,8.694059039850703
2,128,400,6,125,temperature,2.8025145590522387,0.36691240447176915,7.638102514105294
2,128,400,6,150,temperature,0.9046957655533997,0.327471433827833,2.762670792314179
2,128,400,6,175,temperature,1.515661098089472,0.30621465563802763,4.949668705214147
2,128,400,6,200,temperature,0.7062933658579629,0.31506225114522685,2.241758139195163
2,128,400,6,225,temperature,0.9392129143829767,0.32288913260873686,2.908778337613098
2,128,400,6,250,temperature,1.191761653861305,0.31689929214080653,3.7606952221646948
2,128,400,6,300,temperature,1.723585543440204,0.31351115945525054,5.497684823835505
2,128,400,6,350,temperature,1.2923695063246063,0.3036021504230704,4.256786404587998
2,128,400,6,400,temperature,0.7767964833657225,0.30196674989182404,2.5724570127141497
2,128,400,6,450,temperature,0.5408788323884517,0.30076424636283866,1.798348171131822
2,128,400,6,500,temperature,0.7378408547888142,0.30229639005800685,2.4407861921448415
2,128,400,6,550,temperature,0.8148647630253989,0.31002479252728576,2.628385802253803
2,128,400,6,600,temperature,1.098848008596506,0.3179765382408303,3.4557518446982285
2,128,400,6,650,temperature,1.8620273888976113,0.33060825539124505,5.632126114618855
2,128,400,6,700,temperature,1.4103762167140987,0.34310377892444033,4.110640288298012
2,128,400,6,750,temperature,2.0298088990384784,0.36546232228631653,5.554085264768421
2,128,400,6,775,temperature,1.0296057932799687,0.3751180538068075,2.7447513731510083
2,128,400,6,800,temperature,1.5114968906429924,0.39138594820423345,3.8619089356122247
2,128,400,6,825,temperature,2.0767072446023302,0.4166086232846167,4.984791789063798
2,128,400,6,850,temperature,4.354647896321038,0.4357134643717728,9.994292700134306
2,128,400,6,875,temperature,4.201220986303786,0.4444190285900196,9.453287811803957
2,128,400,6,900,temperature,1.2553081396798338,0.44668719440069277,2.8102622045479593
2,128,400,6,925,temperature,1.1203115234944345,0.4469750334402169,2.5064297548607413
2,128,400,6,950,temperature,1.2005388044897638,0.4578317390549868,2.622227124243948
2,128,400,6,975,temperature,1.0970924816129852,0.4764615387155689,2.3025835087770044
2,128,400,6,1000,temperature,1.0690179886367015,0.49038267063452684,2.1799668965737595
2,128,400,12,1,temperature,7.8459234555109765,8.776011564895203,0.8940192703135603
2,128,400,12,2,temperature,15.558515713385667,7.063462784717067,2.2026753998122577
2,128,400,12,3,temperature,16.024215044344444,5.7022668992123995,2.8101481967737634
2,128,400,12,5,temperature,13.521263507491817,4.21884947342009,3.2049646693202702
2,128,400,12,7,temperature,12.687676471498259,3.471642576905905,3.6546609250328204
2,128,400,12,10,temperature,11.674296515541558,2.614215516132537,4.465697813932525
2,128,400,12,20,temperature,4.932957873971442,2.30286567456838,2.142095359033919
2,128,400,12,30,temperature,2.857082395230557,1.982833346326317,1.4409089904222157
2,128,400,12,50,temperature,1.9979802036707777,0.6592189242831626,3.030829562187386
2,128,400,12,70,temperature,3.51774186876725,0.6875973489775065,5.11599102875879
2,128,400,12,100,temperature,4.943845545843986,0.5628857260845362,8.783035910740967
2,128,400,12,125,temperature,3.1754907847208993,0.45562571363341287,6.969516183355346
2,128,400,12,150,temperature,1.8420999766830795,0.41538347547254273,4.434697298893499
2,128,400,12,175,temperature,1.9069373100519365,0.405905629698738,4.697981921234401
2,128,400,12,200,temperature,1.3519992231629445,0.4124115518788631,3.2782768014220536
2,128,400,12,225,temperature,1.3097409822459571,0.42051625913661916,3.114602476810398
2,128,400,12,250,temperature,1.502116871706107,0.4163311801126107,3.6079855256092257
2,128,400,12,300,temperature,1.5785038495700343,0.4000853409854401,3.9454178593048708
2,128,400,12,350,temperature,1.3109720159604685,0.38616749677195106,3.394827443840141
2,128,400,12,400,temperature,1.3382672743568413,0.38464906564788115,3.479190238257149
2,128,400,12,450,temperature,1.1617770631342914,0.3854901691269996,3.0137657356225453
2,128,400,12,500,temperature,1.1922665060494475,0.3866027521795592,3.08395762660193
2,128,400,12,550,temperature,1.7296141759127142,0.3957279828471531,4.3707148619327345
2,128,400,12,600,temperature,1.183404049586845,0.40351386329429245,2.9327469443689465
2,128,400,12,650,temperature,1.1053111403750149,0.4179409826496644,2.6446584237026904
2,128,400,12,700,temperature,1.6902082790342052,0.43318509390139964,3.9018154198512787
2,128,400,12,750,temperature,1.8578881076545797,0.4588724424807038,4.048811686338532
2,128,400,12,775,temperature,1.122120307740804,0.47315169514292604,2.371586785506163
2,128,400,12,800,temperature,1.4256377821334771,0.49655954560461507,2.87103086578994
2,128,400,12,825,temperature,1.3859504230476372,0.5289229502500123,2.6203257438394822
2,128,400,12,850,temperature,2.8701659101236006,0.5492320462790488,5.2257801225701845
2,128,400,12,875,temperature,2.5924865139208335,0.5552118545186773,4.669364482803244
2,128,400,12,900,temperature,1.5909121780710644,0.5540901862814781,2.8712152235500525
2,128,400,12,925,temperature,1.8309331640457753,0.5540524429570336,3.3046206858576435
2,128,400,12,950,temperature,1.5907328602054422,0.5618845563660504,2.831067062055233
2,128,400,12,975,temperature,1.5101438827399383,0.5814850838539223,2.597046639152156
2,128,400,12,1000,temperature,1.5611030660428158,0.5867095935619725,2.6607764440414265
2,128,400,6,1,u_component_of_wind,29.493718067437612,27.204844325386265,1.084134785506399
2,128,400,6,2,u_component_of_wind,20.320137435564963,22.446676899018403,0.9052626153519217
2,128,400,6,3,u_component_of_wind,16.54200384752055,17.96488830999068,0.9207963646688061
2,128,400,6,5,u_component_of_wind,18.114620442692967,12.295344974765397,1.4732909470918367
2,128,400,6,7,u_component_of_wind,14.422143172182343,9.294833048770784,1.551630147255806
2,128,400,6,10,u_component_of_wind,11.273681119643399,7.639593738633105,1.4756911827173305
2,128,400,6,20,u_component_of_wind,10.29625191256446,5.407237474167488,1.904161221280502
2,128,400,6,30,u_component_of_wind,7.418418932917657,4.887009149787574,1.517987526837374
2,128,400,6,50,u_component_of_wind,6.722974798293385,1.0080882920647531,6.66903370589046
2,128,400,6,70,u_component_of_wind,4.919821819934472,0.9873005182055209,4.983104666932161
2,128,400,6,100,u_component_of_wind,9.243253308321501,0.9996051790556035,9.246904179762499
2,128,400,6,125,u_component_of_wind,11.816309161539692,0.9860765232044753,11.983156361070199
2,128,400,6,150,u_component_of_wind,5.389853984553492,1.008586578339923,5.343967588211306
2,128,400,6,175,u_component_of_wind,4.4106719595248745,1.0400778167887839,4.2407134238693045
2,128,400,6,200,u_component_of_wind,13.980837037017286,1.0819338724505698,12.922080908097298
2,128,400,6,225,u_component_of_wind,7.08096139302634,1.1608111637816696,6.1000114523004
2,128,400,6,250,u_component_of_wind,5.290817860718476,1.2270676950135933,4.311757111868115
2,128,400,6,300,u_component_of_wind,11.97228216751439,1.2830383898066335,9.331195592143374
2,128,400,6,350,u_component_of_wind,10.856442601022028,1.2326156977467604,8.807645903640335
2,128,400,6,400,u_component_of_wind,4.323032696697789,1.156851315813363,3.7368956905739745
2,128,400,6,450,u_component_of_wind,2.3945623999024357,1.0782033970540394,2.2208818915290625
2,128,400,6,500,u_component_of_wind,2.452498553574723,1.0116793591201603,2.424185619154687
2,128,400,6,550,u_component_of_wind,3.4521615222239386,0.9726858959108473,3.5491020654630225
2,128,400,6,600,u_component_of_wind,2.173653264305562,0.9395080895405804,2.313607821480791
2,128,400,6,650,u_component_of_wind,3.701182605816002,0.9249772579484165,4.001376870632647
2,128,400,6,700,u_component_of_wind,2.7895705458427305,0.9065132547455201,3.077252904179354
2,128,400,6,750,u_component_of_wind,2.0681152544970436,0.891739235815678,2.319192844088921
2,128,400,6,775,u_component_of_wind,2.249943656886968,0.8804262263120204,2.5555163960888128
2,128,400,6,800,u_component_of_wind,3.6541411664156054,0.8758255989947605,4.172224665058534
2,128,400,6,825,u_component_of_wind,2.7862030763390355,0.871877105839213,3.195637387057222
2,128,400,6,850,u_component_of_wind,2.7509961169305677,0.8621702091975713,3.1907807618300126
2,128,400,6,875,u_component_of_wind,4.161117812775486,0.8469161548081213,4.913258283186528
2,128,400,6,900,u_component_of_wind,4.802320457841224,0.8358403242679547,5.745499850162398
2,128,400,6,925,u_component_of_wind,3.2089197952158637,0.8269162330630735,3.880586287838785
2,128,400,6,950,u_component_of_wind,2.1554431365582793,0.8123438089459414,2.65336316079651
2,128,400,6,975,u_component_of_wind,1.8924498721115677,0.772936429394987,2.4483900617711543
2,128,400,6,1000,u_component_of_wind,2.9184805433827936,0.706530603585151,4.130720634850828
2,128,400,12,1,u_component_of_wind,29.207281469304533,27.46226112494201,1.0635424860474305
2,128,400,12,2,u_component_of_wind,20.846727570088913,22.78817348951218,0.9148046718041365
2,128,400,12,3,u_component_of_wind,17.208941374729168,18.166541807553944,0.9472876872786767
2,128,400,12,5,u_component_of_wind,22.86097323085642,12.260744633946087,1.8645664609604284
2,128,400,12,7,u_component_of_wind,16.95267143105896,9.524868841238225,1.7798325324609012
2,128,400,12,10,u_component_of_wind,13.11165137483284,7.95100896127768,1.649055036749182
2,128,400,12,20,u_component_of_wind,9.087521490339332,5.477049419298465,1.6592001997132462
2,128,400,12,30,u_component_of_wind,8.381831778549342,5.004609116090998,1.6748224654748316
2,128,400,12,50,u_component_of_wind,7.4154896873249285,1.225369689553368,6.051634662211844
2,128,400,12,70,u_component_of_wind,6.931016331555008,1.2527041519378546,5.532843745135802
2,128,400,12,100,u_component_of_wind,5.515765255804482,1.3344730172664478,4.133290957881672
2,128,400,12,125,u_component_of_wind,8.143512357514027,1.4032994914029433,5.803117871419294
2,128,400,12,150,u_component_of_wind,5.883816577024303,1.4482899504101174,4.062595735997589
2,128,400,12,175,u_component_of_wind,5.86524035292148,1.4593780214752943,4.01900005797831
2,128,400,12,200,u_component_of_wind,9.74472321605743,1.4989932312401402,6.500845376063153
2,128,400,12,225,u_component_of_wind,5.898228414864892,1.5483671457512158,3.809321601178298
2,128,400,12,250,u_component_of_wind,6.325760142200574,1.592385122726515,3.972506431967586
2,128,400,12,300,u_component_of_wind,12.679845296312493,1.6191918706781985,7.830971440711063
2,128,400,12,350,u_component_of_wind,10.158665515903792,1.568663306882955,6.476001237059455
2,128,400,12,400,u_component_of_wind,4.799987721043771,1.4608885933225997,3.2856630840869445
2,128,400,12,450,u_component_of_wind,3.6239665821181632,1.376503777095619,2.6327327555646978
2,128,400,12,500,u_component_of_wind,3.566007871240362,1.3037908654749457,2.735107267331049
2,128,400,12,550,u_component_of_wind,3.636903002151491,1.2560531763403548,2.8955008200751475
2,128,400,12,600,u_component_of_wind,3.1808585410926793,1.204865241815829,2.6400118707872005
2,128,400,12,650,u_component_of_wind,4.799228035081599,1.1724773646159177,4.0932372597689675
2,128,400,12,700,u_component_of_wind,4.279960803765212,1.1512080840214391,3.7177994692447847
2,128,400,12,750,u_component_of_wind,2.8440022243971472,1.13105407624329,2.5144706023634913
2,128,400,12,775,u_component_of_wind,3.338103554165731,1.1134558966289014,2.997966569014697
2,128,400,12,800,u_component_of_wind,4.738940851009483,1.0999742863049096,4.308228755900084
2,128,400,12,825,u_component_of_wind,2.74554291026402,1.0852946220497843,2.5297673594646057
2,128,400,12,850,u_component_of_wind,3.0730948043313626,1.063151868035196,2.8905511025538893
2,128,400,12,875,u_component_of_wind,4.2553450591365785,1.0366226381449382,4.105008807015467
2,128,400,12,900,u_component_of_wind,3.8247286054571683,1.0186089664605944,3.7548546413714794
2,128,400,12,925,u_component_of_wind,2.58544758949888,0.9983451039950225,2.5897333288387325
2,128,400,12,950,u_component_of_wind,2.2116929494247652,0.9669131058882187,2.287375086712757
2,128,400,12,975,u_component_of_wind,2.178499708456902,0.9082519393379141,2.3985632335065055
2,128,400,12,1000,u_component_of_wind,2.4743747016837503,0.823266570642862,3.0055571183360352
2,128,400,6,1,v_component_of_wind,12.494619736512794,10.217615421462448,1.2228508532692883
2,128,400,6,2,v_component_of_wind,9.99493048871092,8.013975230005627,1.247187594402373
2,128,400,6,3,v_component_of_wind,9.077085773670015,6.99604354491347,1.2974598736266563
2,128,400,6,5,v_component_of_wind,7.026878802368243,5.856882113139169,1.199764425274044
2,128,400,6,7,v_component_of_wind,5.960749256865929,5.04879805780746,1.1806273866803265
2,128,400,6,10,v_component_of_wind,5.0868216913308535,4.212054649797571,1.2076817881684712
2,128,400,6,20,v_component_of_wind,4.687257024649844,3.132682837034625,1.496243720952858
2,128,400,6,30,v_component_of_wind,5.461690118704036,2.934383552770658,1.8612734226741026
2,128,400,6,50,v_component_of_wind,4.501065691308906,1.0162184764490427,4.429230323617922
2,128,400,6,70,v_component_of_wind,20.26379897904219,1.0146993114070182,19.970250054613405
2,128,400,6,100,v_component_of_wind,5.882122133306648,1.0124299104952352,5.809905527612651
2,128,400,6,125,v_component_of_wind,5.988011645205713,0.9845476252423212,6.081992878436853
2,128,400,6,150,v_component_of_wind,9.596739760347505,0.990590970267721,9.687893437746412
2,128,400,6,175,v_component_of_wind,6.0076021635004135,1.0026061549574068,5.991986119171223
2,128,400,6,200,v_component_of_wind,2.6084683822163175,1.0506483400486595,2.482722603545454
2,128,400,6,225,v_component_of_wind,3.7034198775770344,1.1539458111821337,3.2093533697073258
2,128,400,6,250,v_component_of_wind,11.467322313557146,1.2472675204999661,9.193955687197306
2,128,400,6,300,v_component_of_wind,18.63583424813075,1.347740651303455,13.827463191903629
2,128,400,6,350,v_component_of_wind,7.024329004353262,1.3290593707296534,5.285188276048877
2,128,400,6,400,v_component_of_wind,6.5441263766965765,1.2521074225075,5.226489563963413
2,128,400,6,450,v_component_of_wind,4.329728649133888,1.1675815532403064,3.7082879882076747
2,128,400,6,500,v_component_of_wind,2.2868797395856046,1.093600898328093,2.0911465444860253
2,128,400,6,550,v_component_of_wind,2.3734877175193674,1.0396268502141275,2.2830188706943364
2,128,400,6,600,v_component_of_wind,3.0120693587301415,0.9974577749310111,3.019746233306438
2,128,400,6,650,v_component_of_wind,9.586511285169216,0.9792344605076282,9.78980180109229
2,128,400,6,700,v_component_of_wind,2.8445412194222897,0.9604954173243057,2.961535441102315
2,128,400,6,750,v_component_of_wind,3.6474058579751896,0.9424057204498179,3.870313792486588
2,128,400,6,775,v_component_of_wind,5.236506794783996,0.9308451007215435,5.625540480070126
2,128,400,6,800,v_component_of_wind,5.500004743790013,0.9278565426619727,5.927645590568109
2,128,400,6,825,v_component_of_wind,2.9967716937224163,0.924852716790928,3.2402691145468796
2,128,400,6,850,v_component_of_wind,3.2206143231170463,0.9187872484327434,3.5052884425755066
2,128,400,6,875,v_component_of_wind,4.510752577887033,0.905953755531246,4.9790097456375735
2,128,400,6,900,v_component_of_wind,6.782146308293928,0.8963129279150315,7.5667170438680325
2,128,400,6,925,v_component_of_wind,6.094286792916289,0.891872274973568,6.833138515374191
2,128,400,6,950,v_component_of_wind,5.829932483859616,0.8758473474280674,6.656334007266516
2,128,400,6,975,v_component_of_wind,7.474178550743285,0.8252007431177929,9.057406471186837
2,128,400,6,1000,v_component_of_wind,7.363454531051246,0.7474144380338668,9.85190298226162
2,128,400,12,1,v_component_of_wind,15.36423967085986,10.482487530676527,1.465705504146521
2,128,400,12,2,v_component_of_wind,13.156948782359304,8.28285003619286,1.588456717780536
2,128,400,12,3,v_component_of_wind,12.22403804871169,7.032985927686889,1.7381007404819464
2,128,400,12,5,v_component_of_wind,10.20627388141279,5.86003879152654,1.7416734333176753
2,128,400,12,7,v_component_of_wind,9.12062003730707,4.9974288797169395,1.8250624985029649
2,128,400,12,10,v_component_of_wind,7.990929571661275,4.14886656632179,1.9260512344569556
2,128,400,12,20,v_component_of_wind,6.423768276490485,3.1775397353000647,2.0216169777917408
2,128,400,12,30,v_component_of_wind,7.4570988469858035,2.8725143763266137,2.5960179376097607
2,128,400,12,50,v_component_of_wind,7.69560113006046,1.232130343261439,6.245768698212777
2,128,400,12,70,v_component_of_wind,24.968851257401898,1.282841068041434,19.463713689430655
2,128,400,12,100,v_component_of_wind,7.018601804883086,1.361613568509896,5.154620934457936
2,128,400,12,125,v_component_of_wind,7.903021797351363,1.4435593640129738,5.474677380347993
2,128,400,12,150,v_component_of_wind,6.710922422775089,1.4468369534023977,4.638340489571828
2,128,400,12,175,v_component_of_wind,11.350600648215412,1.466824377483448,7.73821380558798
2,128,400,12,200,v_component_of_wind,4.473100840055933,1.489788956239781,3.0025063760346393
2,128,400,12,225,v_component_of_wind,5.633119041817035,1.5515665010815884,3.6306010975940888
2,128,400,12,250,v_component_of_wind,13.918683265668069,1.626023072880356,8.559954343705808
2,128,400,12,300,v_component_of_wind,21.85584478047115,1.6947756501429418,12.896010618649004
2,128,400,12,350,v_component_of_wind,8.185686613962917,1.6538497826984828,4.949474069287506
2,128,400,12,400,v_component_of_wind,6.24011956348209,1.5659867725703829,3.9847843371241694
2,128,400,12,450,v_component_of_wind,4.5737224674781904,1.4645700999977944,3.122911267603427
2,128,400,12,500,v_component_of_wind,3.897993102074361,1.374584664089585,2.8357606511317224
2,128,400,12,550,v_component_of_wind,3.138485594891168,1.3170282583628798,2.383005508775062
2,128,400,12,600,v_component_of_wind,3.731417927288348,1.2664602872697064,2.946336308209641
2,128,400,12,650,v_component_of_wind,10.423900321796925,1.2333919918258158,8.451409114766676
2,128,400,12,700,v_component_of_wind,4.338017681653598,1.2047680340877505,3.600707820023082
2,128,400,12,750,v_component_of_wind,4.334946536362521,1.1801602748151647,3.6731845910009597
2,128,400,12,775,v_component_of_wind,5.84854716814924,1.1650660650273093,5.0199274905600735
2,128,400,12,800,v_component_of_wind,6.093483443252546,1.1491670226066817,5.302522021064056
2,128,400,12,825,v_component_of_wind,5.224257720966763,1.1321480310026766,4.614465227078076
2,128,400,12,850,v_component_of_wind,4.386360038280573,1.1154316246430813,3.932432917781161
2,128,400,12,875,v_component_of_wind,5.173097288532462,1.0951544032767353,4.723623694571649
2,128,400,12,900,v_component_of_wind,7.821084505079344,1.0768333244586314,7.263040925123046
2,128,400,12,925,v_component_of_wind,7.0690736368827025,1.0603051665416947,6.6670180057117765
2,128,400,12,950,v_component_of_wind,5.6107507447953155,1.033227835962201,5.4303131889301675
2,128,400,12,975,v_component_of_wind,6.369363711271396,0.9702092997631178,6.564937805509094
2,128,400,12,1000,v_component_of_wind,5.603158691581598,0.872738794895405,6.420201238164414
2,128,400,6,1,specific_humidity,4.2158034984246113e-07,9.093771566984339e-07,0.46359241238590393
2,128,400,6,2,specific_humidity,2.583240295145595e-07,7.335056784697729e-07,0.35217727291964623
2,128,400,6,3,specific_humidity,1.6174895460292697e-07,5.95589768955808e-07,0.27157779235614865
2,128,400,6,5,specific_humidity,2.0688414800172855e-07,4.224884578703961e-07,0.48967999988580274
2,128,400,6,7,specific_humidity,2.7445328542956e-07,3.348673087158939e-07,0.8195881720493952
2,128,400,6,10,specific_humidity,3.547785215707447e-07,2.470444360450041e-07,1.4360919324898889
2,128,400,6,20,specific_humidity,3.4422228264317204e-07,1.196116131921905e-07,2.8778332927429027
2,128,400,6,30,specific_humidity,1.4409912409530354e-07,1.0382307119485337e-07,1.387929700373251
2,128,400,6,50,specific_humidity,3.109216843132601e-07,1.2568902329994858e-08,24.73737770809675
2,128,400,6,70,specific_humidity,2.853056445434655e-07,2.414820950784697e-08,11.814774277602456
2,128,400,6,100,specific_humidity,4.5209510088277937e-07,8.178295415058188e-08,5.52798692072635
2,128,400,6,125,specific_humidity,5.557080686755126e-07,2.1831824920281115e-07,2.5454036513423866
2,128,400,6,150,specific_humidity,3.7120247906617713e-06,5.992997945378687e-07,6.1939363645605505
2,128,400,6,175,specific_humidity,4.266057634022628e-06,1.5910159323679622e-06,2.681341869200085
2,128,400,6,200,specific_humidity,1.183094731694309e-05,3.764010817253872e-06,3.1431756951152052
2,128,400,6,225,specific_humidity,3.943538904777937e-05,7.610957609189218e-06,5.181396490786703
2,128,400,6,250,specific_humidity,5.929429058196177e-05,1.317197315186294e-05,4.501549608273811
2,128,400,6,300,specific_humidity,0.0001399603395431514,2.9177964649465544e-05,4.796782134209456
2,128,400,6,350,specific_humidity,0.00026548236630693893,5.435803037432676e-05,4.883958533426295
2,128,400,6,400,specific_humidity,0.00047181511719827804,8.676819061223045e-05,5.437650755065683
2,128,400,6,450,specific_humidity,0.0003584786217132804,0.00012779900835098047,2.805018805222444
2,128,400,6,500,specific_humidity,0.0006414422805567238,0.00016685150995882826,3.844390025088799
2,128,400,6,550,specific_humidity,0.0015567790437165325,0.00021487303231659992,7.245111342882391
2,128,400,6,600,specific_humidity,0.0010741117864620316,0.00025206401385736966,4.261265898391261
2,128,400,6,650,specific_humidity,0.000676696365789803,0.0002942486987821947,2.2997429337510824
2,128,400,6,700,specific_humidity,0.0010430091937143583,0.0003363237500858548,3.1012058870302943
2,128,400,6,750,specific_humidity,0.0014081189797562972,0.00037860520076298974,3.719227778484196
2,128,400,6,775,specific_humidity,0.0018035304148665136,0.00039260193803214373,4.593788874060148
2,128,400,6,800,specific_humidity,0.0020768388065138064,0.00040466835784564294,5.132199654972771
2,128,400,6,825,specific_humidity,0.001692288948657352,0.000413348603569168,4.094096203651917
2,128,400,6,850,specific_humidity,0.002428473595185361,0.0004130505235106746,5.879362104531024
2,128,400,6,875,specific_humidity,0.0034935670721936937,0.00039473209948691704,8.850476251449331
2,128,400,6,900,specific_humidity,0.001596485036060787,0.00036987817005644063,4.316245632493465
2,128,400,6,925,specific_humidity,0.000907183385173346,0.00034080341872750274,2.661896375806915
2,128,400,6,950,specific_humidity,0.0009136659900171435,0.000303403494668488,3.011389143738951
2,128,400,6,975,specific_humidity,0.0005326911437124264,0.0002819638950214839,1.8892175669223132
2,128,400,6,1000,specific_humidity,0.0006904147828473305,0.000275698375966985,2.5042395713277905
2,128,400,12,1,specific_humidity,4.323932532792041e-07,9.080329161004982e-07,0.47618676108801783
2,128,400,12,2,specific_humidity,2.679097935893532e-07,7.324409513202541e-07,0.36577664466525944
2,128,400,12,3,specific_humidity,1.700235758595885e-07,5.939726085732165e-07,0.28624817610361303
2,128,400,12,5,specific_humidity,1.9924337175579194e-07,4.2120779193082444e-07,0.47302869408577786
2,128,400,12,7,specific_humidity,2.693175020803804e-07,3.3379210086990037e-07,0.8068420474256526
2,128,400,12,10,specific_humidity,3.4642840345528687e-07,2.4667159240052517e-07,1.4044114285068738
2,128,400,12,20,specific_humidity,3.4971355958733187e-07,1.1953609525206157e-07,2.925589620858061
2,128,400,12,30,specific_humidity,1.7065062340434282e-07,1.0361852126020708e-07,1.6469123601542677
2,128,400,12,50,specific_humidity,2.3865782504364146e-07,1.4769062930166226e-08,16.159307206700035
2,128,400,12,70,specific_humidity,2.564212862931815e-07,2.8881383563658692e-08,8.87842806173023
2,128,400,12,100,specific_humidity,4.946036189041483e-07,9.944431694624635e-08,4.973674052902404
2,128,400,12,125,specific_humidity,1.3404201966245827e-06,2.665791101123189e-07,5.028226690605344
2,128,400,12,150,specific_humidity,2.9937160286743898e-06,7.456409943061631e-07,4.014956328226179
2,128,400,12,175,specific_humidity,5.641089168287635e-06,1.9578072290918073e-06,2.8813302374536836
2,128,400,12,200,specific_humidity,1.4397192916311264e-05,4.5366179469454594e-06,3.173551990642061
2,128,400,12,225,specific_humidity,4.086417612472786e-05,9.268818447644937e-06,4.408779431332029
2,128,400,12,250,specific_humidity,5.2784924285139204e-05,1.6330908997023883e-05,3.2322098111476
2,128,400,12,300,specific_humidity,0.00021267412575822942,3.828203708380854e-05,5.555454776156108
2,128,400,12,350,specific_humidity,0.0002471676359340812,7.105695794177353e-05,3.4784438159682924
2,128,400,12,400,specific_humidity,0.00029567213529255914,0.00011351169850510764,2.6047723643149863
2,128,400,12,450,specific_humidity,0.00028785598486520263,0.00016626143881780304,1.7313454455344182
2,128,400,12,500,specific_humidity,0.0004162527235809624,0.00021666352739330884,1.9211942526225916
2,128,400,12,550,specific_humidity,0.0007960576496197402,0.0002740387490961615,2.9049090767101693
2,128,400,12,600,specific_humidity,0.0006636796115564454,0.0003191822817329346,2.079312197259614
2,128,400,12,650,specific_humidity,0.000731133530522008,0.0003763212741969594,1.9428440023280389
2,128,400,12,700,specific_humidity,0.0010380361248894933,0.00042801477599088786,2.4252343216104117
2,128,400,12,750,specific_humidity,0.0009499119435081614,0.00047705936719613456,1.991181829404519
2,128,400,12,775,specific_humidity,0.0012256906050185843,0.0004927977983879612,2.487207956342459
2,128,400,12,800,specific_humidity,0.0012611563555914396,0.000506016114614229,2.4923244915883878
2,128,400,12,825,specific_humidity,0.0013071960623598014,0.000513151721023688,2.547387076383709
2,128,400,12,850,specific_humidity,0.0012261704467891044,0.0005098219087702497,2.405095633780767
2,128,400,12,875,specific_humidity,0.00294107574030587,0.0004888356325852617,6.016492138168536
2,128,400,12,900,specific_humidity,0.0015166452365655476,0.00046015351743648107,3.295954891347545
2,128,400,12,925,specific_humidity,0.001025616880763359,0.0004221751642981526,2.4293633721168826
2,128,400,12,950,specific_humidity,0.00113120535039788,0.00037355317759083136,3.0282311013746406
2,128,400,12,975,specific_humidity,0.0012077030700443016,0.0003543222291402861,3.408488010968508
2,128,400,12,1000,specific_humidity,0.0013292490994809265,0.00034079588043005386,3.9004259611458134
2,128,400,6,1,specific_cloud_ice_water_content,2.0852831022616587e-06,1.4206039464794252e-06,1.4678849143207418
2,128,400,6,2,specific_cloud_ice_water_content,2.0733959472112396e-06,1.4056207277356892e-06,1.4750749660267657
2,128,400,6,3,specific_cloud_ice_water_content,2.0715538693571045e-06,1.4049656067194154e-06,1.474451658780579
2,128,400,6,5,specific_cloud_ice_water_content,2.0604143239665126e-06,1.3990578523496726e-06,1.4727155996488015
2,128,400,6,7,specific_cloud_ice_water_content,2.0775317132848417e-06,1.4027574858603023e-06,1.4810341304368122
2,128,400,6,10,specific_cloud_ice_water_content,2.0652667479867643e-06,1.4106221265270812e-06,1.4640822011429828
2,128,400,6,20,specific_cloud_ice_water_content,1.686758525513889e-06,1.1857876167668038e-06,1.4224794572514126
2,128,400,6,30,specific_cloud_ice_water_content,1.4168529189908607e-06,1.01028739149733e-06,1.4024256176165542
2,128,400,6,50,specific_cloud_ice_water_content,1.8406695397508152e-06,7.708389414940023e-07,2.3878782462433974
2,128,400,6,70,specific_cloud_ice_water_content,1.7794620105637503e-06,6.990539799351904e-07,2.5455287597800744
2,128,400,6,100,specific_cloud_ice_water_content,1.8531949713249745e-06,9.788538346792786e-07,1.8932295156530432
2,128,400,6,125,specific_cloud_ice_water_content,3.0744744300485767e-06,2.300681746129077e-06,1.3363319091053834
2,128,400,6,150,specific_cloud_ice_water_content,4.405719698540523e-06,3.7490564957738998e-06,1.1751542564127382
2,128,400,6,175,specific_cloud_ice_water_content,5.937146970795312e-06,4.960764079174599e-06,1.1968210695041095
2,128,400,6,200,specific_cloud_ice_water_content,7.177660985083141e-06,6.1763666793779366e-06,1.162117043511745
2,128,400,6,225,specific_cloud_ice_water_content,8.626179081029298e-06,7.1781582016565255e-06,1.2017259634983537
2,128,400,6,250,specific_cloud_ice_water_content,9.814407430618128e-06,7.50072130594897e-06,1.3084618172433802
2,128,400,6,300,specific_cloud_ice_water_content,1.011527966028501e-05,7.689260186203563e-06,1.3155075280758906
2,128,400,6,350,specific_cloud_ice_water_content,9.936394781680582e-06,7.394346892745032e-06,1.3437826120153602
2,128,400,6,400,specific_cloud_ice_water_content,9.19540058019412e-06,6.521993740155893e-06,1.4099063793296933
2,128,400,6,450,specific_cloud_ice_water_content,8.021159181261127e-06,5.656019550027895e-06,1.418163270178507
2,128,400,6,500,specific_cloud_ice_water_content,6.609481935370302e-06,4.817655002351666e-06,1.371929275164781
2,128,400,6,550,specific_cloud_ice_water_content,5.634559323868159e-06,3.980803809296654e-06,1.4154325593010568
2,128,400,6,600,specific_cloud_ice_water_content,4.682421406834448e-06,3.3726014668895825e-06,1.3883708030148196
2,128,400,6,650,specific_cloud_ice_water_content,4.051631014423413e-06,2.8844669380874784e-06,1.404637703044644
2,128,400,6,700,specific_cloud_ice_water_content,3.5979772926946893e-06,2.5674993548664024e-06,1.4013547017548937
2,128,400,6,750,specific_cloud_ice_water_content,3.40858849459567e-06,2.2538395465582705e-06,1.5123474516190651
2,128,400,6,775,specific_cloud_ice_water_content,2.864544995650711e-06,2.1856198644839124e-06,1.3106327601607486
2,128,400,6,800,specific_cloud_ice_water_content,3.079371594973376e-06,2.159897297531843e-06,1.4257027861890628
2,128,400,6,825,specific_cloud_ice_water_content,2.861501419453623e-06,2.114584282775733e-06,1.3532217385525258
2,128,400,6,850,specific_cloud_ice_water_content,2.6123969863751645e-06,1.994722956575078e-06,1.3096540438180082
2,128,400,6,875,specific_cloud_ice_water_content,2.301829579007217e-06,1.7715402042323753e-06,1.299338041275005
2,128,400,6,900,specific_cloud_ice_water_content,2.294005233477058e-06,1.560506010189548e-06,1.4700393452495675
2,128,400,6,925,specific_cloud_ice_water_content,2.2742203405149654e-06,1.393651179751738e-06,1.631843300215259
2,128,400,6,950,specific_cloud_ice_water_content,1.895900213289182e-06,1.2220703361723148e-06,1.551383874701837
2,128,400,6,975,specific_cloud_ice_water_content,1.5387571576510116e-06,1.0380023373445382e-06,1.4824216692878802
2,128,400,6,1000,specific_cloud_ice_water_content,1.4132593648773108e-06,9.404953549931882e-07,1.5026755394103428
2,128,400,12,1,specific_cloud_ice_water_content,4.883339295176222e-06,1.27712863812133e-06,3.8236863142930275
2,128,400,12,2,specific_cloud_ice_water_content,4.884106904305517e-06,1.2642746506475388e-06,3.8631692107438567
2,128,400,12,3,specific_cloud_ice_water_content,4.872217456702275e-06,1.2640891305265725e-06,3.8543306314742938
2,128,400,12,5,specific_cloud_ice_water_content,4.878598517564068e-06,1.2586746829862572e-06,3.8759804924250907
2,128,400,12,7,specific_cloud_ice_water_content,4.883455584126789e-06,1.2620351699656046e-06,3.8695083150970206
2,128,400,12,10,specific_cloud_ice_water_content,4.878218178565572e-06,1.2687063875131808e-06,3.8450331980494514
2,128,400,12,20,specific_cloud_ice_water_content,4.055498529447945e-06,1.0812730498755035e-06,3.7506701289881317
2,128,400,12,30,specific_cloud_ice_water_content,3.8036144047730065e-06,9.769809145099352e-07,3.8932330696356985
2,128,400,12,50,specific_cloud_ice_water_content,5.5188066483825954e-06,6.816416203176375e-07,8.096346355451258
2,128,400,12,70,specific_cloud_ice_water_content,4.103709931525701e-06,6.324122695921512e-07,6.488978991777346
2,128,400,12,100,specific_cloud_ice_water_content,5.317658645954637e-06,1.0197976262307674e-06,5.214425400860188
2,128,400,12,125,specific_cloud_ice_water_content,5.442353807340429e-06,2.6132489397879918e-06,2.082600599000705
2,128,400,12,150,specific_cloud_ice_water_content,7.561713806552618e-06,4.452711544118195e-06,1.6982267392868187
2,128,400,12,175,specific_cloud_ice_water_content,1.0432755362688464e-05,5.752705843374457e-06,1.8135388192504476
2,128,400,12,200,specific_cloud_ice_water_content,1.1268836167750416e-05,6.637574144716837e-06,1.6977341302800846
2,128,400,12,225,specific_cloud_ice_water_content,1.2521137604723397e-05,7.375842694930471e-06,1.697587397481967
2,128,400,12,250,specific_cloud_ice_water_content,1.3970443938927572e-05,7.904301569886212e-06,1.7674482451621194
2,128,400,12,300,specific_cloud_ice_water_content,1.498542417716466e-05,8.344517644939767e-06,1.7958406722588731
2,128,400,12,350,specific_cloud_ice_water_content,1.4880222027666114e-05,8.183593765233976e-06,1.818299203814484
2,128,400,12,400,specific_cloud_ice_water_content,1.3855939779971716e-05,7.2654384058282434e-06,1.907103055041614
2,128,400,12,450,specific_cloud_ice_water_content,1.1608723937305805e-05,6.09247476470605e-06,1.9054201101587824
2,128,400,12,500,specific_cloud_ice_water_content,1.0113233316767717e-05,5.092985529972657e-06,1.985718054223887
2,128,400,12,550,specific_cloud_ice_water_content,9.178871337059587e-06,4.1158823732390346e-06,2.2301102181003736
2,128,400,12,600,specific_cloud_ice_water_content,7.875718847994146e-06,3.4242924170244736e-06,2.2999551115549073
2,128,400,12,650,specific_cloud_ice_water_content,6.998707553776858e-06,2.8939214499877803e-06,2.4184165585442585
2,128,400,12,700,specific_cloud_ice_water_content,6.194843793367898e-06,2.5180278369919815e-06,2.46019670726445
2,128,400,12,750,specific_cloud_ice_water_content,5.696812060053901e-06,2.2037272640427857e-06,2.5850803559070985
2,128,400,12,775,specific_cloud_ice_water_content,5.534439802125867e-06,2.2125921655815606e-06,2.501337520858114
2,128,400,12,800,specific_cloud_ice_water_content,6.255677876808341e-06,2.164528765299139e-06,2.8900876611560316
2,128,400,12,825,specific_cloud_ice_water_content,5.638498548489372e-06,2.1075439097652677e-06,2.6753884094008615
2,128,400,12,850,specific_cloud_ice_water_content,5.285134075734198e-06,1.969919514424286e-06,2.682918787815954
2,128,400,12,875,specific_cloud_ice_water_content,4.8581387606264615e-06,1.739973253363324e-06,2.7920766892455404
2,128,400,12,900,specific_cloud_ice_water_content,4.74407401428702e-06,1.5534753578722499e-06,3.05384568235755
2,128,400,12,925,specific_cloud_ice_water_content,4.615875378103905e-06,1.3801596508072998e-06,3.344450314428429
2,128,400,12,950,specific_cloud_ice_water_content,3.997567250356689e-06,1.1878459700102878e-06,3.365391937409247
2,128,400,12,975,specific_cloud_ice_water_content,3.6141324013295652e-06,1.0087398927121866e-06,3.5828189481158432
2,128,400,12,1000,specific_cloud_ice_water_content,4.342580827252282e-06,9.068753061303431e-07,4.78850928887034
2,128,400,6,1,specific_cloud_liquid_water_content,6.2516708597454695e-06,2.607430654687599e-06,2.3976364811491
2,128,400,6,2,specific_cloud_liquid_water_content,6.274378674221506e-06,2.6116698308202425e-06,2.4024394661904576
2,128,400,6,3,specific_cloud_liquid_water_content,6.270758289662806e-06,2.5949910173011508e-06,2.4164855476781324
2,128,400,6,5,specific_cloud_liquid_water_content,6.314750287098546e-06,2.6077422040062975e-06,2.4215393214088183
2,128,400,6,7,specific_cloud_liquid_water_content,6.28563925880863e-06,2.625027431847605e-06,2.3945042183366945
2,128,400,6,10,specific_cloud_liquid_water_content,6.254955919740276e-06,2.5969440454393827e-06,2.4085832464218484
2,128,400,6,20,specific_cloud_liquid_water_content,5.586124766873361e-06,2.2785213747666373e-06,2.4516446625151733
2,128,400,6,30,specific_cloud_liquid_water_content,4.99851971920375e-06,1.9447560652356706e-06,2.570255369584368
2,128,400,6,50,specific_cloud_liquid_water_content,6.19716542549385e-06,1.9026943828573445e-06,3.2570472070177368
2,128,400,6,70,specific_cloud_liquid_water_content,8.279361610076753e-06,1.5165505909421657e-06,5.459337564817506
2,128,400,6,100,specific_cloud_liquid_water_content,6.64512055873045e-06,1.5032028760004338e-06,4.420641195426061
2,128,400,6,125,specific_cloud_liquid_water_content,4.412662805831264e-06,1.3879582471183588e-06,3.1792475133835727
2,128,400,6,150,specific_cloud_liquid_water_content,4.74266018992147e-06,1.480373494315754e-06,3.2036916414216017
2,128,400,6,175,specific_cloud_liquid_water_content,3.9332190058748335e-06,1.6357976890769738e-06,2.4044654373452614
2,128,400,6,200,specific_cloud_liquid_water_content,3.302402727467579e-06,1.8112852966820385e-06,1.8232371970981103
2,128,400,6,225,specific_cloud_liquid_water_content,2.5776654162486196e-06,1.6772163907512642e-06,1.5368711100503993
2,128,400,6,250,specific_cloud_liquid_water_content,3.3628242194569888e-06,1.7577519747550994e-06,1.913139207211255
2,128,400,6,300,specific_cloud_liquid_water_content,3.442301175330944e-06,2.2215981351880656e-06,1.5494706809517294
2,128,400,6,350,specific_cloud_liquid_water_content,4.4801881840196565e-06,2.753910700547746e-06,1.6268458462101034
2,128,400,6,400,specific_cloud_liquid_water_content,5.594920527546007e-06,3.771407205589865e-06,1.4835100593893404
2,128,400,6,450,specific_cloud_liquid_water_content,7.87970776846854e-06,5.561933571204527e-06,1.416720942023416
2,128,400,6,500,specific_cloud_liquid_water_content,1.0678573014986206e-05,8.249067358806768e-06,1.2945188286753022
2,128,400,6,550,specific_cloud_liquid_water_content,1.2952996225507594e-05,1.1006397365588961e-05,1.1768606743206085
2,128,400,6,600,specific_cloud_liquid_water_content,1.3587426309950871e-05,9.540017729517219e-06,1.4242558761616133
2,128,400,6,650,specific_cloud_liquid_water_content,1.3761707291947193e-05,9.543024885674254e-06,1.44206972703235
2,128,400,6,700,specific_cloud_liquid_water_content,1.5939067360243937e-05,1.0752393249598763e-05,1.4823739227393604
2,128,400,6,750,specific_cloud_liquid_water_content,1.993533963837032e-05,1.2409822064669506e-05,1.6064162350180506
2,128,400,6,775,specific_cloud_liquid_water_content,2.3612003330198063e-05,1.307133403266907e-05,1.8063958331402739
2,128,400,6,800,specific_cloud_liquid_water_content,3.274241684188363e-05,1.4138016620359287e-05,2.315913025221182
2,128,400,6,825,specific_cloud_liquid_water_content,5.266952395926502e-05,1.60658139419533e-05,3.278360134728499
2,128,400,6,850,specific_cloud_liquid_water_content,0.00014402313047918072,1.7874178422521548e-05,8.057608415596373
2,128,400,6,875,specific_cloud_liquid_water_content,0.0002297299194978541,1.8107670967379836e-05,12.686883912994793
2,128,400,6,900,specific_cloud_liquid_water_content,0.00010561485249766324,1.7254756612115812e-05,6.120912329966069
2,128,400,6,925,specific_cloud_liquid_water_content,2.6570636136294396e-05,1.5449699350835324e-05,1.719815740935942
2,128,400,6,950,specific_cloud_liquid_water_content,2.246902663244166e-05,1.305610728390447e-05,1.7209590993589188
2,128,400,6,975,specific_cloud_liquid_water_content,1.688130974594602e-05,9.737965528549028e-06,1.7335561207784806
2,128,400,6,1000,specific_cloud_liquid_water_content,1.0810472400695068e-05,7.395349420625011e-06,1.4617933225096253
2,128,400,12,1,specific_cloud_liquid_water_content,1.2330954900799341e-05,2.3955921449157327e-06,5.147351533511183
2,128,400,12,2,specific_cloud_liquid_water_content,1.233852560792616e-05,2.399021227872687e-06,5.143149824842213
2,128,400,12,3,specific_cloud_liquid_water_content,1.2341638104279982e-05,2.382314443958685e-06,5.180524399529693
2,128,400,12,5,specific_cloud_liquid_water_content,1.2321958090524854e-05,2.3938712964121736e-06,5.147293469365897
2,128,400,12,7,specific_cloud_liquid_water_content,1.2326488986373794e-05,2.413580942605357e-06,5.107137187231798
2,128,400,12,10,specific_cloud_liquid_water_content,1.2319630428623376e-05,2.384486587080648e-06,5.166575687769512
2,128,400,12,20,specific_cloud_liquid_water_content,1.0686273135050087e-05,2.1026422542785122e-06,5.082306851441501
2,128,400,12,30,specific_cloud_liquid_water_content,9.482858399048913e-06,1.7878771291494073e-06,5.3039765677636
2,128,400,12,50,specific_cloud_liquid_water_content,1.415963010708364e-05,1.6236477592480129e-06,8.7208755879672
2,128,400,12,70,specific_cloud_liquid_water_content,1.5031194760420079e-05,1.3853221405769922e-06,10.850324498646593
2,128,400,12,100,specific_cloud_liquid_water_content,1.2161751853993553e-05,1.3806654115280863e-06,8.808616303738084
2,128,400,12,125,specific_cloud_liquid_water_content,1.327907990783778e-05,1.2714968518008162e-06,10.44365928946711
2,128,400,12,150,specific_cloud_liquid_water_content,1.303726531766559e-05,1.3507613938978529e-06,9.651790002706795
2,128,400,12,175,specific_cloud_liquid_water_content,1.2193798470045635e-05,1.4652807630685863e-06,8.32181707245608
2,128,400,12,200,specific_cloud_liquid_water_content,1.3605968925321091e-05,1.5821009762451061e-06,8.59993712766232
2,128,400,12,225,specific_cloud_liquid_water_content,1.1950749811461519e-05,1.5132638671616578e-06,7.897333750442911
2,128,400,12,250,specific_cloud_liquid_water_content,1.3980658164306197e-05,1.5912636896604316e-06,8.785883983370226
2,128,400,12,300,specific_cloud_liquid_water_content,1.3772599504452803e-05,2.0908513691017255e-06,6.587077258566594
2,128,400,12,350,specific_cloud_liquid_water_content,1.366431120999088e-05,2.655451973832682e-06,5.14575723629783
2,128,400,12,400,specific_cloud_liquid_water_content,1.322071253639339e-05,3.930265127948911e-06,3.3638220593257757
2,128,400,12,450,specific_cloud_liquid_water_content,1.5626423748758148e-05,6.135511837509051e-06,2.5468818515232954
2,128,400,12,500,specific_cloud_liquid_water_content,1.7192110169070295e-05,9.141366386971055e-06,1.8806936995298373
2,128,400,12,550,specific_cloud_liquid_water_content,2.016449221732297e-05,1.131560296898968e-05,1.782007752709564
2,128,400,12,600,specific_cloud_liquid_water_content,2.0646665001535665e-05,1.0383059752732913e-05,1.9884952502658264
2,128,400,12,650,specific_cloud_liquid_water_content,2.051321865402928e-05,1.0286131126245412e-05,1.9942598827744973
2,128,400,12,700,specific_cloud_liquid_water_content,2.1819044259553043e-05,1.1465011272079349e-05,1.9030983696185968
2,128,400,12,750,specific_cloud_liquid_water_content,2.6327636135189765e-05,1.2924533119900512e-05,2.0370280218982817
2,128,400,12,775,specific_cloud_liquid_water_content,3.000825608521558e-05,1.3575290788232133e-05,2.210505583514168
2,128,400,12,800,specific_cloud_liquid_water_content,3.848901322015748e-05,1.4862990392207031e-05,2.5895874386313307
2,128,400,12,825,specific_cloud_liquid_water_content,5.654942452451555e-05,1.7093636541768304e-05,3.308214983180262
2,128,400,12,850,specific_cloud_liquid_water_content,0.00012274679510768335,1.8984221594876112e-05,6.465727050974427
2,128,400,12,875,specific_cloud_liquid_water_content,0.00018639388664515,1.9187610125346293e-05,9.714283614660738
2,128,400,12,900,specific_cloud_liquid_water_content,9.083741867372172e-05,1.806657853485932e-05,5.027925929552828
2,128,400,12,925,specific_cloud_liquid_water_content,3.461419739098216e-05,1.6607928902824433e-05,2.0841971081111432
2,128,400,12,950,specific_cloud_liquid_water_content,2.8923085034712552e-05,1.3881413295747411e-05,2.0835835961726734
2,128,400,12,975,specific_cloud_liquid_water_content,2.0864017043718256e-05,1.0499811639986593e-05,1.9870848886718597
2,128,400,12,1000,specific_cloud_liquid_water_content,1.5133558223090454e-05,7.403535963718365e-06,2.0440986978727054
2,128,500,6,1,geopotential,3133.209361790252,30017.112690917347,0.10438077086402471
2,128,500,6,2,geopotential,2116.2007511311135,20502.3884876883,0.10321727892347245
2,128,500,6,3,geopotential,1493.2223933842106,15455.170984071645,0.0966163619233427
2,128,500,6,5,geopotential,1149.5021379129146,9454.636002500229,0.12158079249258616
2,128,500,6,7,geopotential,946.6515535666039,5951.390274193691,0.15906393463582064
2,128,500,6,10,geopotential,723.967942586671,2712.6580123551735,0.26688507703118475
2,128,500,6,20,geopotential,521.6789078337922,1383.490532900262,0.37707443269610064
2,128,500,6,30,geopotential,425.07680505273026,1782.3774993327822,0.23848865081154477
2,128,500,6,50,geopotential,395.610557388385,48.71837840567823,8.120355609830309
2,128,500,6,70,geopotential,329.78924120865736,44.25181490018717,7.452558543700825
2,128,500,6,100,geopotential,192.72122954332875,32.36684696735586,5.954278763628136
2,128,500,6,125,geopotential,168.8245092314419,27.250452833998416,6.19529188229899
2,128,500,6,150,geopotential,165.11954027150352,25.853203015822537,6.386811729689662
2,128,500,6,175,geopotential,158.85760457920333,25.879460085026363,6.138366258696293
2,128,500,6,200,geopotential,157.31877310256252,26.94857391969595,5.837740192536967
2,128,500,6,225,geopotential,154.83582103613125,27.00899913723362,5.73274930512624
2,128,500,6,250,geopotential,152.4703030281096,27.853511372988223,5.474006526012812
2,128,500,6,300,geopotential,145.31173560883028,29.16670333614647,4.982110385740598
2,128,500,6,350,geopotential,151.29109553090186,29.207937994145585,5.179793779390606
2,128,500,6,400,geopotential,152.06890261913853,28.084448168897442,5.4147014641202595
2,128,500,6,450,geopotential,148.61101188633222,26.924804839753435,5.5194833452205305
2,128,500,6,500,geopotential,145.62276072480904,25.5906557844183,5.690466158881172
2,128,500,6,550,geopotential,147.71682541484648,24.343130155875908,6.068111391960446
2,128,500,6,600,geopotential,145.14690106465477,23.777138524480296,6.104473038890506
2,128,500,6,650,geopotential,142.7754610662483,23.42100179145581,6.096044154624251
2,128,500,6,700,geopotential,157.05205543420433,23.71434595430227,6.622660213224724
2,128,500,6,750,geopotential,163.98672194087018,23.925957089770304,6.853925271436007
2,128,500,6,775,geopotential,163.04801377509506,24.122567562987896,6.759148392862846
2,128,500,6,800,geopotential,173.4684903336942,24.41477679319394,7.105061488092395
2,128,500,6,825,geopotential,190.54508619088145,24.82136838384357,7.676655180497978
2,128,500,6,850,geopotential,216.7358611253927,25.2001591806623,8.600575082545829
2,128,500,6,875,geopotential,214.98235160065363,25.662939695315867,8.37715219507348
2,128,500,6,900,geopotential,184.3495489517082,26.37463086834615,6.9896541821541724
2,128,500,6,925,geopotential,169.8668683329919,27.231975129279554,6.237772601016836
2,128,500,6,950,geopotential,166.89819064521282,28.138298628468174,5.931353307778105
2,128,500,6,975,geopotential,163.79361807416345,29.473191721908822,5.557376330993289
2,128,500,6,1000,geopotential,154.39006846967246,31.291805198544278,4.933881809952428
2,128,500,12,1,geopotential,3641.6941343540025,30099.61107599867,0.12098807938611132
2,128,500,12,2,geopotential,2506.3487580168353,20556.287520213456,0.12192613844072217
2,128,500,12,3,geopotential,1841.7294035165744,15507.45263428121,0.11876414824219393
2,128,500,12,5,geopotential,1572.8538922156486,9517.41630724174,0.16526059609464328
2,128,500,12,7,geopotential,1262.4361589271655,6007.6511213527965,0.21013806118669745
2,128,500,12,10,geopotential,1004.9033845128638,2756.217166095862,0.3645951403518372
2,128,500,12,20,geopotential,776.3147633357543,1365.0179063296034,0.5687213037543126
2,128,500,12,30,geopotential,764.1864089329138,1774.250391415416,0.43070944925833193
2,128,500,12,50,geopotential,760.4317734778115,55.17989138971129,13.780958141204312
2,128,500,12,70,geopotential,553.1195243909709,49.91324058242187,11.081619184344545
2,128,500,12,100,geopotential,502.4929008024977,42.80226084430572,11.739868195989178
2,128,500,12,125,geopotential,363.44627139617774,39.49994677240546,9.20118382665974
2,128,500,12,150,geopotential,341.57324097104305,38.77491351585309,8.809129666566273
2,128,500,12,175,geopotential,379.96097224760996,39.45872299543518,9.62932764680616
2,128,500,12,200,geopotential,391.24216557377605,40.063107482973635,9.765647004293152
2,128,500,12,225,geopotential,374.9649763703457,40.60130881702422,9.235292834035983
2,128,500,12,250,geopotential,376.3627311757808,41.50180991383049,9.06858597148453
2,128,500,12,300,geopotential,395.10894151933053,42.35167640644654,9.32923971479885
2,128,500,12,350,geopotential,388.81613967101487,41.3502812284645,9.40298658484972
2,128,500,12,400,geopotential,365.66747639244716,39.58815846139158,9.236789247195345
2,128,500,12,450,geopotential,358.25053356245803,37.54494662029602,9.541910851160866
2,128,500,12,500,geopotential,336.6813207236462,35.81582511424455,9.400350812795946
2,128,500,12,550,geopotential,333.90147932876295,34.219916513185105,9.757518818028355
2,128,500,12,600,geopotential,330.53977572186125,33.34975694310038,9.911309887079867
2,128,500,12,650,geopotential,323.005980827393,32.931674105995604,9.80836807104762
2,128,500,12,700,geopotential,331.4028337932345,32.75115749764068,10.118812863853988
2,128,500,12,750,geopotential,338.56325771147476,32.85069284153013,10.306122289252302
2,128,500,12,775,geopotential,334.05915451973607,33.061566561287194,10.104153833741691
2,128,500,12,800,geopotential,339.03853681898664,33.21946376461902,10.20602076003664
2,128,500,12,825,geopotential,347.26722198033053,33.453054395137165,10.380732888498526
2,128,500,12,850,geopotential,364.0779406287104,33.83298582439143,10.761034882302152
2,128,500,12,875,geopotential,369.72329925837937,34.27083730973553,10.78827738922357
2,128,500,12,900,geopotential,351.97256643242554,35.02366326165239,10.049564598738087
2,128,500,12,925,geopotential,354.3989245038746,35.82811215419129,9.891643829255342
2,128,500,12,950,geopotential,361.45101760325025,36.70322952148421,9.847934972361905
2,128,500,12,975,geopotential,351.4509955224572,37.89761550929476,9.27369679594381
2,128,500,12,1000,geopotential,348.5916668911535,39.40759602093331,8.845798832945345
2,128,500,6,1,temperature,7.041790280820497,8.585644145124043,0.8201819411324739
2,128,500,6,2,temperature,10.256647985416729,6.857750280841892,1.4956286778289587
2,128,500,6,3,temperature,9.690094171362047,5.595503425158137,1.731764496433704
2,128,500,6,5,temperature,6.389953382636047,4.228495628067508,1.5111647131006638
2,128,500,6,7,temperature,5.7146117376358125,3.497812416957201,1.633767354113014
2,128,500,6,10,temperature,4.727956395803761,2.581661702999672,1.8313617118425227
2,128,500,6,20,temperature,3.2410024415735648,2.3380640474223027,1.3861906157561186
2,128,500,6,30,temperature,3.8497479800200476,2.0263439145660045,1.8998492567558916
2,128,500,6,50,temperature,1.118110219849001,0.5925003334836259,1.8871047941442225
2,128,500,6,70,temperature,2.7893254975515642,0.5706100911703732,4.888321361142429
2,128,500,6,100,temperature,3.34515570413293,0.45749890306441693,7.311833278126842
2,128,500,6,125,temperature,2.959350539470601,0.36691240447176915,8.065550533051814
2,128,500,6,150,temperature,0.8596672936821824,0.327471433827833,2.6251672814128564
2,128,500,6,175,temperature,1.0698675936694404,0.30621465563802763,3.4938484294302263
2,128,500,6,200,temperature,0.6810175230394556,0.31506225114522685,2.1615332226060398
2,128,500,6,225,temperature,0.8051871557581577,0.32288913260873686,2.493695434258696
2,128,500,6,250,temperature,1.0599337286802826,0.31689929214080653,3.3447021024247876
2,128,500,6,300,temperature,1.2907680287769436,0.31351115945525054,4.117135833441307
2,128,500,6,350,temperature,1.1456005499493707,0.3036021504230704,3.7733611186645852
2,128,500,6,400,temperature,0.617438442583379,0.30196674989182404,2.0447232776607653
2,128,500,6,450,temperature,0.5512710669231533,0.30076424636283866,1.8329009301794004
2,128,500,6,500,temperature,0.7097453253649569,0.30229639005800685,2.3478458516450225
2,128,500,6,550,temperature,1.093548028034677,0.31002479252728576,3.527292185635225
2,128,500,6,600,temperature,1.1875758672868084,0.3179765382408303,3.7347908555044325
2,128,500,6,650,temperature,2.030089110024953,0.33060825539124505,6.140467084291424
2,128,500,6,700,temperature,1.317505551406682,0.34310377892444033,3.839962228153798
2,128,500,6,750,temperature,1.7908728786465324,0.36546232228631653,4.900294146446914
2,128,500,6,775,temperature,1.0497966494175888,0.3751180538068075,2.798576711421767
2,128,500,6,800,temperature,1.595072549976437,0.39138594820423345,4.075446646194091
2,128,500,6,825,temperature,2.192093101233459,0.4166086232846167,5.261756427292853
2,128,500,6,850,temperature,4.184602004182753,0.4357134643717728,9.604022703811234
2,128,500,6,875,temperature,4.468650888663023,0.4444190285900196,10.055039503687391
2,128,500,6,900,temperature,1.4052164260283553,0.44668719440069277,3.1458623476182104
2,128,500,6,925,temperature,1.2500785659727771,0.4469750334402169,2.796752553160166
2,128,500,6,950,temperature,1.1797889845953744,0.4578317390549868,2.5769051901700477
2,128,500,6,975,temperature,1.068445385752329,0.4764615387155689,2.242458832317532
2,128,500,6,1000,temperature,1.0480758640394965,0.49038267063452684,2.137261218230544
2,128,500,12,1,temperature,7.577634419526915,8.776011564895203,0.8634485453321531
2,128,500,12,2,temperature,12.766549399050371,7.063462784717067,1.8074066202589536
2,128,500,12,3,temperature,12.491424446161075,5.7022668992123995,2.190606765159729
2,128,500,12,5,temperature,9.68280558066951,4.21884947342009,2.29512942845528
2,128,500,12,7,temperature,9.12132453238987,3.471642576905905,2.627380074511943
2,128,500,12,10,temperature,8.287492237980445,2.614215516132537,3.170164122597259
2,128,500,12,20,temperature,3.3974569442180558,2.30286567456838,1.4753170285778097
2,128,500,12,30,temperature,2.5798249292247637,1.982833346326317,1.3010800600083308
2,128,500,12,50,temperature,2.1239411345002415,0.6592189242831626,3.2219055859323573
2,128,500,12,70,temperature,2.764600813027415,0.6875973489775065,4.020668225580745
2,128,500,12,100,temperature,3.82983096942308,0.5628857260845362,6.803922700374004
2,128,500,12,125,temperature,4.105417307719942,0.45562571363341287,9.010503983590086
2,128,500,12,150,temperature,2.126903990482675,0.41538347547254273,5.120338472932984
2,128,500,12,175,temperature,1.4926699368006748,0.405905629698738,3.6773817054681657
2,128,500,12,200,temperature,1.2070118189073702,0.4124115518788631,2.926716803660009
2,128,500,12,225,temperature,1.4423141376087782,0.42051625913661916,3.4298653292742074
2,128,500,12,250,temperature,1.8553184951566333,0.4163311801126107,4.456352499600919
2,128,500,12,300,temperature,1.448516450267397,0.4000853409854401,3.6205186790887987
2,128,500,12,350,temperature,1.754843829525219,0.38616749677195106,4.544255651224659
2,128,500,12,400,temperature,1.2735843460927092,0.38464906564788115,3.3110293507344304
2,128,500,12,450,temperature,1.3350030540450766,0.3854901691269996,3.4631312571949406
2,128,500,12,500,temperature,1.1149184042707265,0.3866027521795592,2.8838863613492802
2,128,500,12,550,temperature,2.0284558092991234,0.3957279828471531,5.125884186164815
2,128,500,12,600,temperature,1.7039329231270592,0.40351386329429245,4.222737006397075
2,128,500,12,650,temperature,1.2335629588830366,0.4179409826496644,2.9515242823579726
2,128,500,12,700,temperature,2.152591007596345,0.43318509390139964,4.969217634451456
2,128,500,12,750,temperature,1.832235687914957,0.4588724424807038,3.992908525972346
2,128,500,12,775,temperature,1.2485451896564415,0.47315169514292604,2.6387841414776934
2,128,500,12,800,temperature,1.6801478528104519,0.49655954560461507,3.3835777958204183
2,128,500,12,825,temperature,1.5695577964338374,0.5289229502500123,2.9674601861990215
2,128,500,12,850,temperature,3.712476058364772,0.5492320462790488,6.759394473640329
2,128,500,12,875,temperature,2.5799150381623877,0.5552118545186773,4.646721818284951
2,128,500,12,900,temperature,2.1440062454355053,0.5540901862814781,3.869417467622047
2,128,500,12,925,temperature,2.654587205102547,0.5540524429570336,4.79122010713417
2,128,500,12,950,temperature,1.9838936101553106,0.5618845563660504,3.5307850833025305
2,128,500,12,975,temperature,1.8925765745895724,0.5814850838539223,3.2547293596012787
2,128,500,12,1000,temperature,1.8679789292495417,0.5867095935619725,3.18382203009304
2,128,500,6,1,u_component_of_wind,30.318361445319884,27.204844325386265,1.1144471581125068
2,128,500,6,2,u_component_of_wind,20.60666481592279,22.446676899018403,0.9180274170928135
2,128,500,6,3,u_component_of_wind,16.499051387418586,17.96488830999068,0.9184054530549511
2,128,500,6,5,u_component_of_wind,16.355002846186988,12.295344974765397,1.3301784439357751
2,128,500,6,7,u_component_of_wind,12.72603824618706,9.294833048770784,1.3691518911004048
2,128,500,6,10,u_component_of_wind,10.005335469582983,7.639593738633105,1.309668525825715
2,128,500,6,20,u_component_of_wind,8.622879662968817,5.407237474167488,1.5946922442677474
2,128,500,6,30,u_component_of_wind,7.051710939393885,4.887009149787574,1.4429502223666606
2,128,500,6,50,u_component_of_wind,8.439447566726992,1.0080882920647531,8.37173453273763
2,128,500,6,70,u_component_of_wind,2.334640261638715,0.9873005182055209,2.364670349694606
2,128,500,6,100,u_component_of_wind,6.201171947830438,0.9996051790556035,6.203621267437925
2,128,500,6,125,u_component_of_wind,8.131753929979016,0.9860765232044753,8.246574924584017
2,128,500,6,150,u_component_of_wind,4.217977363685535,1.008586578339923,4.182067711656534
2,128,500,6,175,u_component_of_wind,4.209891555679922,1.0400778167887839,4.047669787514423
2,128,500,6,200,u_component_of_wind,11.777157855039116,1.0819338724505698,10.885284355100156
2,128,500,6,225,u_component_of_wind,6.838853115583769,1.1608111637816696,5.891443267399563
2,128,500,6,250,u_component_of_wind,5.067396639776333,1.2270676950135933,4.129679772655246
2,128,500,6,300,u_component_of_wind,11.335800641368852,1.2830383898066335,8.835121950698037
2,128,500,6,350,u_component_of_wind,9.757863491068315,1.2326156977467604,7.916387491174932
2,128,500,6,400,u_component_of_wind,3.873196443371896,1.156851315813363,3.348050341844246
2,128,500,6,450,u_component_of_wind,2.6432044353444253,1.0782033970540394,2.4514896192744495
2,128,500,6,500,u_component_of_wind,2.953715689026948,1.0116793591201603,2.919616440129551
2,128,500,6,550,u_component_of_wind,2.932278519155483,0.9726858959108473,3.0146201682194893
2,128,500,6,600,u_component_of_wind,2.0919072186219183,0.9395080895405804,2.2265984102860266
2,128,500,6,650,u_component_of_wind,3.8564808853685664,0.9249772579484165,4.169271030427466
2,128,500,6,700,u_component_of_wind,3.608081451298595,0.9065132547455201,3.980175063531166
2,128,500,6,750,u_component_of_wind,2.791876168535874,0.891739235815678,3.130821271963134
2,128,500,6,775,u_component_of_wind,2.3288860829127676,0.8804262263120204,2.6451802698655835
2,128,500,6,800,u_component_of_wind,3.506558382104772,0.8758255989947605,4.003717619271995
2,128,500,6,825,u_component_of_wind,2.621447361808708,0.871877105839213,3.006670715691601
2,128,500,6,850,u_component_of_wind,3.1281278422902874,0.8621702091975713,3.628202191307052
2,128,500,6,875,u_component_of_wind,4.245002679388536,0.8469161548081213,5.012305710888572
2,128,500,6,900,u_component_of_wind,3.8763977989116727,0.8358403242679547,4.637725276423697
2,128,500,6,925,u_component_of_wind,2.0065923862769823,0.8269162330630735,2.426596922452638
2,128,500,6,950,u_component_of_wind,1.6983135715035333,0.8123438089459414,2.090633981327665
2,128,500,6,975,u_component_of_wind,1.836617911245094,0.772936429394987,2.376156487646338
2,128,500,6,1000,u_component_of_wind,2.0933949183466427,0.706530603585151,2.9629217867196704
2,128,500,12,1,u_component_of_wind,29.466840448270702,27.46226112494201,1.0729939648526639
2,128,500,12,2,u_component_of_wind,20.883576884215824,22.78817348951218,0.9164217085597971
2,128,500,12,3,u_component_of_wind,16.552977800402022,18.166541807553944,0.9111793524466514
2,128,500,12,5,u_component_of_wind,19.538009588956108,12.260744633946087,1.5935418420559544
2,128,500,12,7,u_component_of_wind,14.925182873072314,9.524868841238225,1.5669699102262968
2,128,500,12,10,u_component_of_wind,12.731824227628374,7.95100896127768,1.6012840998713256
2,128,500,12,20,u_component_of_wind,7.7690950656741675,5.477049419298465,1.4184818267842618
2,128,500,12,30,u_component_of_wind,8.792318240498773,5.004609116090998,1.7568441483730264
2,128,500,12,50,u_component_of_wind,10.184100322317212,1.225369689553368,8.311043115510055
2,128,500,12,70,u_component_of_wind,5.256463703948547,1.2527041519378546,4.196093463741721
2,128,500,12,100,u_component_of_wind,5.077646354751345,1.3344730172664478,3.804982408076308
2,128,500,12,125,u_component_of_wind,6.722804607145463,1.4032994914029433,4.790712637132338
2,128,500,12,150,u_component_of_wind,6.021674574281286,1.4482899504101174,4.157782474825643
2,128,500,12,175,u_component_of_wind,5.888319344829529,1.4593780214752943,4.0348143237603304
2,128,500,12,200,u_component_of_wind,8.457072932025326,1.4989932312401402,5.641835303704914
2,128,500,12,225,u_component_of_wind,5.0745227761047484,1.5483671457512158,3.2773381881871178
2,128,500,12,250,u_component_of_wind,6.545645794405241,1.592385122726515,4.11059215574537
2,128,500,12,300,u_component_of_wind,11.960357516596021,1.6191918706781985,7.386621519774816
2,128,500,12,350,u_component_of_wind,10.659655978853223,1.568663306882955,6.79537535689205
2,128,500,12,400,u_component_of_wind,4.665520587944578,1.4608885933225997,3.1936183287826645
2,128,500,12,450,u_component_of_wind,3.7806552450202484,1.376503777095619,2.7465636549122414
2,128,500,12,500,u_component_of_wind,4.2904693862248955,1.3037908654749457,3.2907650297595548
2,128,500,12,550,u_component_of_wind,4.180620852007319,1.2560531763403548,3.32837887022268
2,128,500,12,600,u_component_of_wind,3.386915333787266,1.204865241815829,2.811032484166372
2,128,500,12,650,u_component_of_wind,5.964724653080865,1.1724773646159177,5.087283416370943
2,128,500,12,700,u_component_of_wind,4.688393235134714,1.1512080840214391,4.072585399815001
2,128,500,12,750,u_component_of_wind,2.692509430685995,1.13105407624329,2.380531123347312
2,128,500,12,775,u_component_of_wind,3.323381141806,1.1134558966289014,2.9847443009353736
2,128,500,12,800,u_component_of_wind,4.612974969346723,1.0999742863049096,4.193711641062872
2,128,500,12,825,u_component_of_wind,3.1950855637760984,1.0852946220497843,2.943979910028094
2,128,500,12,850,u_component_of_wind,3.88470009215639,1.063151868035196,3.6539465423088417
2,128,500,12,875,u_component_of_wind,4.938532694149197,1.0366226381449382,4.764060239883265
2,128,500,12,900,u_component_of_wind,4.091405578137326,1.0186089664605944,4.016659692633488
2,128,500,12,925,u_component_of_wind,2.672451510881265,0.9983451039950225,2.676881471333974
2,128,500,12,950,u_component_of_wind,3.421770455262541,0.9669131058882187,3.538860353039955
2,128,500,12,975,u_component_of_wind,3.2788674110822185,0.9082519393379141,3.610085780243316
2,128,500,12,1000,u_component_of_wind,2.800543848102303,0.823266570642862,3.401746102620746
2,128,500,6,1,v_component_of_wind,12.056719065223056,10.217615421462448,1.179993429768115
2,128,500,6,2,v_component_of_wind,9.186542022721401,8.013975230005627,1.146315250429711
2,128,500,6,3,v_component_of_wind,8.151620377166473,6.99604354491347,1.1651757632488116
2,128,500,6,5,v_component_of_wind,6.515620244901164,5.856882113139169,1.1124724928787966
2,128,500,6,7,v_component_of_wind,5.681691264826713,5.04879805780746,1.125355223119005
2,128,500,6,10,v_component_of_wind,5.063190286268532,4.212054649797571,1.2020713659334563
2,128,500,6,20,v_component_of_wind,5.020904174781082,3.132682837034625,1.6027489650161435
2,128,500,6,30,v_component_of_wind,4.299442143073118,2.934383552770658,1.4651943298324328
2,128,500,6,50,v_component_of_wind,3.753425848838215,1.0162184764490427,3.6935225405010894
2,128,500,6,70,v_component_of_wind,16.524557054180566,1.0146993114070182,16.285176178218773
2,128,500,6,100,v_component_of_wind,7.627349796677407,1.0124299104952352,7.533706499195041
2,128,500,6,125,v_component_of_wind,7.585610514727798,0.9845476252423212,7.704665899590987
2,128,500,6,150,v_component_of_wind,9.398409770037514,0.990590970267721,9.487679629764303
2,128,500,6,175,v_component_of_wind,6.698713877465034,1.0026061549574068,6.681301370775658
2,128,500,6,200,v_component_of_wind,3.6295052219234525,1.0506483400486595,3.4545385773467805
2,128,500,6,225,v_component_of_wind,4.068740314095103,1.1539458111821337,3.525937071453099
2,128,500,6,250,v_component_of_wind,10.692347054863937,1.2472675204999661,8.572617244597149
2,128,500,6,300,v_component_of_wind,20.369222446081437,1.347740651303455,15.113606929034551
2,128,500,6,350,v_component_of_wind,7.539951268245906,1.3290593707296534,5.673148569808792
2,128,500,6,400,v_component_of_wind,6.983274873080614,1.2521074225075,5.577217056261628
2,128,500,6,450,v_component_of_wind,4.4916120832975,1.1675815532403064,3.8469364909305455
2,128,500,6,500,v_component_of_wind,2.924805931737167,1.093600898328093,2.674472868675069
2,128,500,6,550,v_component_of_wind,2.4126387001627254,1.0396268502141275,2.320677558169842
2,128,500,6,600,v_component_of_wind,2.967924725217036,0.9974577749310111,2.9754890881694838
2,128,500,6,650,v_component_of_wind,8.972289634753317,0.9792344605076282,9.162555033145122
2,128,500,6,700,v_component_of_wind,2.119010354021968,0.9604954173243057,2.206163939777025
2,128,500,6,750,v_component_of_wind,3.991142924092297,0.9424057204498179,4.235058040805708
2,128,500,6,775,v_component_of_wind,6.008174678423606,0.9308451007215435,6.454537574260612
2,128,500,6,800,v_component_of_wind,6.548990873171801,0.9278565426619727,7.058193343534641
2,128,500,6,825,v_component_of_wind,3.1458005199172057,0.924852716790928,3.401407016278836
2,128,500,6,850,v_component_of_wind,3.4580744659581333,0.9187872484327434,3.7637379838007945
2,128,500,6,875,v_component_of_wind,4.5902011061671715,0.905953755531246,5.066705754175614
2,128,500,6,900,v_component_of_wind,6.301254569202169,0.8963129279150315,7.030194893941678
2,128,500,6,925,v_component_of_wind,4.514620920700342,0.891872274973568,5.061959035372121
2,128,500,6,950,v_component_of_wind,6.284628235269352,0.8758473474280674,7.175483551699063
2,128,500,6,975,v_component_of_wind,8.650806421488376,0.8252007431177929,10.483275122612827
2,128,500,6,1000,v_component_of_wind,7.886261467198506,0.7474144380338668,10.551390320936193
2,128,500,12,1,v_component_of_wind,13.581991557385956,10.482487530676527,1.2956840175234046
2,128,500,12,2,v_component_of_wind,11.218702114148682,8.28285003619286,1.3544495029038652
2,128,500,12,3,v_component_of_wind,10.350351896837585,7.032985927686889,1.4716867065084205
2,128,500,12,5,v_component_of_wind,8.810475746788489,5.86003879152654,1.5034842021060002
2,128,500,12,7,v_component_of_wind,8.26270429639039,4.9974288797169395,1.6533910727426702
2,128,500,12,10,v_component_of_wind,7.542346568603018,4.14886656632179,1.8179294147051213
2,128,500,12,20,v_component_of_wind,6.864965422175225,3.1775397353000647,2.1604656413610344
2,128,500,12,30,v_component_of_wind,4.926459734879542,2.8725143763266137,1.7150339700578014
2,128,500,12,50,v_component_of_wind,6.76534771836705,1.232130343261439,5.490772754170821
2,128,500,12,70,v_component_of_wind,15.65024886918032,1.282841068041434,12.19967871240215
2,128,500,12,100,v_component_of_wind,5.424935062480136,1.361613568509896,3.9841958011750735
2,128,500,12,125,v_component_of_wind,5.646908478012404,1.4435593640129738,3.911795121687599
2,128,500,12,150,v_component_of_wind,6.810991452999121,1.4468369534023977,4.70750448900432
2,128,500,12,175,v_component_of_wind,9.953986059690138,1.466824377483448,6.786078969295328
2,128,500,12,200,v_component_of_wind,5.743041910955708,1.489788956239781,3.8549365578941552
2,128,500,12,225,v_component_of_wind,5.67310043824234,1.5515665010815884,3.6563695041673387
2,128,500,12,250,v_component_of_wind,15.10666964500824,1.626023072880356,9.290562905880611
2,128,500,12,300,v_component_of_wind,23.276035603432017,1.6947756501429418,13.733992225737286
2,128,500,12,350,v_component_of_wind,10.159880843165581,1.6538497826984828,6.143170286353541
2,128,500,12,400,v_component_of_wind,7.982565795559927,1.5659867725703829,5.09746693610795
2,128,500,12,450,v_component_of_wind,5.480413487100642,1.4645700999977944,3.7419946557074293
2,128,500,12,500,v_component_of_wind,4.52991536097906,1.374584664089585,3.2954793395569517
2,128,500,12,550,v_component_of_wind,3.3530757459484475,1.3170282583628798,2.5459406240200635
2,128,500,12,600,v_component_of_wind,4.029944549919163,1.2664602872697064,3.182053626495548
2,128,500,12,650,v_component_of_wind,11.204398655104843,1.2333919918258158,9.084215504365922
2,128,500,12,700,v_component_of_wind,4.121845660006506,1.2047680340877505,3.4212774105743637
2,128,500,12,750,v_component_of_wind,4.817203982341987,1.1801602748151647,4.081821838221467
2,128,500,12,775,v_component_of_wind,6.735711499553712,1.1650660650273093,5.781398756469511
2,128,500,12,800,v_component_of_wind,6.824231277584486,1.1491670226066817,5.938415516053469
2,128,500,12,825,v_component_of_wind,4.122919638192741,1.1321480310026766,3.6416789371097655
2,128,500,12,850,v_component_of_wind,3.9053801152495806,1.1154316246430813,3.5012277121865125
2,128,500,12,875,v_component_of_wind,5.030331343674405,1.0951544032767353,4.593262218207315
2,128,500,12,900,v_component_of_wind,7.025467943454115,1.0768333244586314,6.524192541112254
2,128,500,12,925,v_component_of_wind,4.810926202655273,1.0603051665416947,4.537303367432089
2,128,500,12,950,v_component_of_wind,5.251275719463158,1.033227835962201,5.082398612086239
2,128,500,12,975,v_component_of_wind,7.617374714602235,0.9702092997631178,7.851269531700079
2,128,500,12,1000,v_component_of_wind,6.915276680401962,0.872738794895405,7.923649917763466
2,128,500,6,1,specific_humidity,4.1406560920932403e-07,9.093771566984339e-07,0.45532879967275863
2,128,500,6,2,specific_humidity,2.5154471568745373e-07,7.335056784697729e-07,0.3429349261647463
2,128,500,6,3,specific_humidity,1.567537522265269e-07,5.95589768955808e-07,0.2631908074938034
2,128,500,6,5,specific_humidity,2.1163484886738072e-07,4.224884578703961e-07,0.5009245694761737
2,128,500,6,7,specific_humidity,2.797835134449318e-07,3.348673087158939e-07,0.8355056052434908
2,128,500,6,10,specific_humidity,3.6166294024876515e-07,2.470444360450041e-07,1.4639590595065295
2,128,500,6,20,specific_humidity,3.576191555984131e-07,1.196116131921905e-07,2.98983640513062
2,128,500,6,30,specific_humidity,1.6141238544418594e-07,1.0382307119485337e-07,1.5546870612337207
2,128,500,6,50,specific_humidity,2.709588370204462e-07,1.2568902329994858e-08,21.557875931124137
2,128,500,6,70,specific_humidity,1.9143327873981225e-07,2.414820950784697e-08,7.927431583596537
2,128,500,6,100,specific_humidity,3.5625953122564585e-07,8.178295415058188e-08,4.356158748798524
2,128,500,6,125,specific_humidity,5.750541134801761e-07,2.1831824920281115e-07,2.6340176122700947
2,128,500,6,150,specific_humidity,3.0931405103359793e-06,5.992997945378687e-07,5.161257418286215
2,128,500,6,175,specific_humidity,3.657083955745041e-06,1.5910159323679622e-06,2.2985841193319043
2,128,500,6,200,specific_humidity,1.1785850534202872e-05,3.764010817253872e-06,3.1311946501794417
2,128,500,6,225,specific_humidity,4.4493358636442574e-05,7.610957609189218e-06,5.845960642682173
2,128,500,6,250,specific_humidity,6.487117762711507e-05,1.317197315186294e-05,4.924940013102001
2,128,500,6,300,specific_humidity,0.00016027291422938963,2.9177964649465544e-05,5.492943601613602
2,128,500,6,350,specific_humidity,0.0003156565727778142,5.435803037432676e-05,5.806990625011654
2,128,500,6,400,specific_humidity,0.0005065302579586972,8.676819061223045e-05,5.837741393299251
2,128,500,6,450,specific_humidity,0.0003831505599442761,0.00012779900835098047,2.998071463058708
2,128,500,6,500,specific_humidity,0.0007016630564120396,0.00016685150995882826,4.20531439352979
2,128,500,6,550,specific_humidity,0.0013428236918993299,0.00021487303231659992,6.24938214638669
2,128,500,6,600,specific_humidity,0.0012160928073405985,0.00025206401385736966,4.824539563306026
2,128,500,6,650,specific_humidity,0.0008848985037234368,0.0002942486987821947,3.007314925726982
2,128,500,6,700,specific_humidity,0.0013869437043332075,0.0003363237500858548,4.123835155796034
2,128,500,6,750,specific_humidity,0.0015642677641255639,0.00037860520076298974,4.131659472646309
2,128,500,6,775,specific_humidity,0.0021609420513262903,0.00039260193803214373,5.504155333918312
2,128,500,6,800,specific_humidity,0.0026930635922190888,0.00040466835784564294,6.654989301748998
2,128,500,6,825,specific_humidity,0.0019560197204527576,0.000413348603569168,4.73213095088017
2,128,500,6,850,specific_humidity,0.0023727229112289632,0.0004130505235106746,5.744389066650449
2,128,500,6,875,specific_humidity,0.004051226743259611,0.00039473209948691704,10.26323105854705
2,128,500,6,900,specific_humidity,0.001927287405248977,0.00036987817005644063,5.2106005741157615
2,128,500,6,925,specific_humidity,0.00082175229045178,0.00034080341872750274,2.41122079561306
2,128,500,6,950,specific_humidity,0.0009813708498596575,0.000303403494668488,3.2345403632609653
2,128,500,6,975,specific_humidity,0.0005804115187042049,0.0002819638950214839,2.0584604233105135
2,128,500,6,1000,specific_humidity,0.0006061345829838306,0.000275698375966985,2.198542450088337
2,128,500,12,1,specific_humidity,3.975861046230844e-07,9.080329161004982e-07,0.43785428652795755
2,128,500,12,2,specific_humidity,2.4069574397062447e-07,7.324409513202541e-07,0.3286213633150369
2,128,500,12,3,specific_humidity,1.5552165836914772e-07,5.939726085732165e-07,0.26183304772711113
2,128,500,12,5,specific_humidity,2.23872015804575e-07,4.2120779193082444e-07,0.5315001766191016
2,128,500,12,7,specific_humidity,2.9598922689936565e-07,3.3379210086990037e-07,0.8867472481463279
2,128,500,12,10,specific_humidity,3.7896358925730806e-07,2.4667159240052517e-07,1.5363081965351648
2,128,500,12,20,specific_humidity,3.7123139577345125e-07,1.1953609525206157e-07,3.105600822836388
2,128,500,12,30,specific_humidity,1.706924416850083e-07,1.0361852126020708e-07,1.6473159393615067
2,128,500,12,50,specific_humidity,2.721000180329614e-07,1.4769062930166226e-08,18.423648089222333
2,128,500,12,70,specific_humidity,2.164030560682588e-07,2.8881383563658692e-08,7.49282165071059
2,128,500,12,100,specific_humidity,5.189208594236823e-07,9.944431694624635e-08,5.218205276669353
2,128,500,12,125,specific_humidity,1.8944357229569535e-06,2.665791101123189e-07,7.1064672777951845
2,128,500,12,150,specific_humidity,3.1683947060098303e-06,7.456409943061631e-07,4.249222789793228
2,128,500,12,175,specific_humidity,6.71775288218725e-06,1.9578072290918073e-06,3.4312637027617363
2,128,500,12,200,specific_humidity,1.6489516341219527e-05,4.5366179469454594e-06,3.6347597558489686
2,128,500,12,225,specific_humidity,5.535208721303692e-05,9.268818447644937e-06,5.971860116334572
2,128,500,12,250,specific_humidity,6.211394021859377e-05,1.6330908997023883e-05,3.8034588417529793
2,128,500,12,300,specific_humidity,0.00023901150506876404,3.828203708380854e-05,6.243437478144401
2,128,500,12,350,specific_humidity,0.0002804193746672217,7.105695794177353e-05,3.946402756180567
2,128,500,12,400,specific_humidity,0.0003803278264094311,0.00011351169850510764,3.3505606154974203
2,128,500,12,450,specific_humidity,0.00037312231529511774,0.00016626143881780304,2.2441903423198593
2,128,500,12,500,specific_humidity,0.0004898781900109012,0.00021666352739330884,2.261009021244385
2,128,500,12,550,specific_humidity,0.0006578213364842113,0.0002740387490961615,2.4004683230158035
2,128,500,12,600,specific_humidity,0.0008131007562724601,0.0003191822817329346,2.5474495384201674
2,128,500,12,650,specific_humidity,0.0012040949177648302,0.0003763212741969594,3.1996461542980157
2,128,500,12,700,specific_humidity,0.0014067635043000905,0.00042801477599088786,3.286717149059451
2,128,500,12,750,specific_humidity,0.0011652767992257475,0.00047705936719613456,2.442624292390562
2,128,500,12,775,specific_humidity,0.0016871834212025519,0.0004927977983879612,3.423682952159408
2,128,500,12,800,specific_humidity,0.00178813400574597,0.000506016114614229,3.533749131901042
2,128,500,12,825,specific_humidity,0.0014774153189462838,0.000513151721023688,2.879100387696222
2,128,500,12,850,specific_humidity,0.0013556029378390237,0.0005098219087702497,2.6589734856803173
2,128,500,12,875,specific_humidity,0.003135422410151231,0.0004888356325852617,6.4140627260930225
2,128,500,12,900,specific_humidity,0.001735668135946619,0.00046015351743648107,3.7719327793386004
2,128,500,12,925,specific_humidity,0.0010186221471719544,0.0004221751642981526,2.4127950512327465
2,128,500,12,950,specific_humidity,0.0013593023236843703,0.00037355317759083136,3.638845565311378
2,128,500,12,975,specific_humidity,0.0009651003469997162,0.0003543222291402861,2.723792829316407
2,128,500,12,1000,specific_humidity,0.0010171125332874623,0.00034079588043005386,2.9845212095990052
2,128,500,6,1,specific_cloud_ice_water_content,2.0407670311624935e-06,1.4206039464794252e-06,1.436548896136725
2,128,500,6,2,specific_cloud_ice_water_content,2.001903087721735e-06,1.4056207277356892e-06,1.424212839367128
2,128,500,6,3,specific_cloud_ice_water_content,2.0101321552025958e-06,1.4049656067194154e-06,1.4307340660788415
2,128,500,6,5,specific_cloud_ice_water_content,1.978712875814679e-06,1.3990578523496726e-06,1.4143181230793953
2,128,500,6,7,specific_cloud_ice_water_content,2.0118175077438423e-06,1.4027574858603023e-06,1.43418768249168
2,128,500,6,10,specific_cloud_ice_water_content,2.0012672132970034e-06,1.4106221265270812e-06,1.4187124784608878
2,128,500,6,20,specific_cloud_ice_water_content,1.5958495891177726e-06,1.1857876167668038e-06,1.3458140113396135
2,128,500,6,30,specific_cloud_ice_water_content,1.2919311210942997e-06,1.01028739149733e-06,1.278775853254538
2,128,500,6,50,specific_cloud_ice_water_content,1.704529323460025e-06,7.708389414940023e-07,2.211265196535595
2,128,500,6,70,specific_cloud_ice_water_content,1.862801439508037e-06,6.990539799351904e-07,2.6647462041210868
2,128,500,6,100,specific_cloud_ice_water_content,1.8750236389534523e-06,9.788538346792786e-07,1.9155297476745379
2,128,500,6,125,specific_cloud_ice_water_content,2.999723654958062e-06,2.300681746129077e-06,1.3038412027239885
2,128,500,6,150,specific_cloud_ice_water_content,4.440556370594542e-06,3.7490564957738998e-06,1.184446373534283
2,128,500,6,175,specific_cloud_ice_water_content,6.166991282236382e-06,4.960764079174599e-06,1.2431535109935086
2,128,500,6,200,specific_cloud_ice_water_content,7.313744903122017e-06,6.1763666793779366e-06,1.1841500485296046
2,128,500,6,225,specific_cloud_ice_water_content,8.866518721196867e-06,7.1781582016565255e-06,1.235208039737925
2,128,500,6,250,specific_cloud_ice_water_content,1.0066994670220358e-05,7.50072130594897e-06,1.3421368771875348
2,128,500,6,300,specific_cloud_ice_water_content,1.028182151542887e-05,7.689260186203563e-06,1.3371665500248002
2,128,500,6,350,specific_cloud_ice_water_content,9.866109480715956e-06,7.394346892745032e-06,1.3342773369742897
2,128,500,6,400,specific_cloud_ice_water_content,9.177349812923935e-06,6.521993740155893e-06,1.407138703065448
2,128,500,6,450,specific_cloud_ice_water_content,8.03623000541526e-06,5.656019550027895e-06,1.4208278338386622
2,128,500,6,500,specific_cloud_ice_water_content,6.587815527003048e-06,4.817655002351666e-06,1.3674319816980056
2,128,500,6,550,specific_cloud_ice_water_content,5.620578127670442e-06,3.980803809296654e-06,1.411920405256925
2,128,500,6,600,specific_cloud_ice_water_content,4.61846343212754e-06,3.3726014668895825e-06,1.3694068147301635
2,128,500,6,650,specific_cloud_ice_water_content,3.96356541334814e-06,2.8844669380874784e-06,1.3741067235030084
2,128,500,6,700,specific_cloud_ice_water_content,3.663658998656518e-06,2.5674993548664024e-06,1.4269366773987577
2,128,500,6,750,specific_cloud_ice_water_content,3.387061408770906e-06,2.2538395465582705e-06,1.5027961568706716
2,128,500,6,775,specific_cloud_ice_water_content,2.888285198307371e-06,2.1856198644839124e-06,1.321494760018288
2,128,500,6,800,specific_cloud_ice_water_content,3.0519713561745786e-06,2.159897297531843e-06,1.4130168872668742
2,128,500,6,825,specific_cloud_ice_water_content,2.868520736710061e-06,2.114584282775733e-06,1.3565412171439506
2,128,500,6,850,specific_cloud_ice_water_content,2.656241959549297e-06,1.994722956575078e-06,1.3316345263855793
2,128,500,6,875,specific_cloud_ice_water_content,2.3135026615866086e-06,1.7715402042323753e-06,1.3059272694232027
2,128,500,6,900,specific_cloud_ice_water_content,2.3672029494670578e-06,1.560506010189548e-06,1.5169457432461433
2,128,500,6,925,specific_cloud_ice_water_content,2.5497385347453997e-06,1.393651179751738e-06,1.829538532877075
2,128,500,6,950,specific_cloud_ice_water_content,1.8018359634792031e-06,1.2220703361723148e-06,1.474412650521238
2,128,500,6,975,specific_cloud_ice_water_content,1.6891160508646913e-06,1.0380023373445382e-06,1.6272757681700987
2,128,500,6,1000,specific_cloud_ice_water_content,1.3636335371843982e-06,9.404953549931882e-07,1.4499099117765177
2,128,500,12,1,specific_cloud_ice_water_content,5.449371595643761e-06,1.27712863812133e-06,4.266893273695472
2,128,500,12,2,specific_cloud_ice_water_content,5.493885438230488e-06,1.2642746506475388e-06,4.345484136233071
2,128,500,12,3,specific_cloud_ice_water_content,5.476355375480869e-06,1.2640891305265725e-06,4.332254145085184
2,128,500,12,5,specific_cloud_ice_water_content,5.487895352988606e-06,1.2586746829862572e-06,4.360058581593418
2,128,500,12,7,specific_cloud_ice_water_content,5.471654911303954e-06,1.2620351699656046e-06,4.335580371704758
2,128,500,12,10,specific_cloud_ice_water_content,5.479153977832569e-06,1.2687063875131808e-06,4.318693459542187
2,128,500,12,20,specific_cloud_ice_water_content,4.567532406767642e-06,1.0812730498755035e-06,4.224217377186588
2,128,500,12,30,specific_cloud_ice_water_content,4.382577497351984e-06,9.769809145099352e-07,4.485837371296383
2,128,500,12,50,specific_cloud_ice_water_content,7.0399588212358664e-06,6.816416203176375e-07,10.327947430726608
2,128,500,12,70,specific_cloud_ice_water_content,4.503293106555379e-06,6.324122695921512e-07,7.120818685980897
2,128,500,12,100,specific_cloud_ice_water_content,5.893343463800944e-06,1.0197976262307674e-06,5.778934282856778
2,128,500,12,125,specific_cloud_ice_water_content,6.444795739491073e-06,2.6132489397879918e-06,2.4662004608003123
2,128,500,12,150,specific_cloud_ice_water_content,8.16018783478722e-06,4.452711544118195e-06,1.8326333861815982
2,128,500,12,175,specific_cloud_ice_water_content,1.146711865910146e-05,5.752705843374457e-06,1.9933434754548491
2,128,500,12,200,specific_cloud_ice_water_content,1.2148578617497797e-05,6.637574144716837e-06,1.8302738851011453
2,128,500,12,225,specific_cloud_ice_water_content,1.5218685467825692e-05,7.375842694930471e-06,2.063314809884127
2,128,500,12,250,specific_cloud_ice_water_content,1.557656219630106e-05,7.904301569886212e-06,1.9706437132465449
2,128,500,12,300,specific_cloud_ice_water_content,1.5692433462892907e-05,8.344517644939767e-06,1.8805680724288503
2,128,500,12,350,specific_cloud_ice_water_content,1.6245071021097895e-05,8.183593765233976e-06,1.9850778871882866
2,128,500,12,400,specific_cloud_ice_water_content,1.4566309850433108e-05,7.2654384058282434e-06,2.0048769305852483
2,128,500,12,450,specific_cloud_ice_water_content,1.2516984387256045e-05,6.09247476470605e-06,2.054499176552595
2,128,500,12,500,specific_cloud_ice_water_content,1.1060322088365508e-05,5.092985529972657e-06,2.171677501001046
2,128,500,12,550,specific_cloud_ice_water_content,1.0159708491246923e-05,4.1158823732390346e-06,2.468415656701977
2,128,500,12,600,specific_cloud_ice_water_content,8.668082386475082e-06,3.4242924170244736e-06,2.5313499347719786
2,128,500,12,650,specific_cloud_ice_water_content,7.239707343325784e-06,2.8939214499877803e-06,2.5016944891010615
2,128,500,12,700,specific_cloud_ice_water_content,6.96679034997659e-06,2.5180278369919815e-06,2.7667646273120905
2,128,500,12,750,specific_cloud_ice_water_content,6.75913539461782e-06,2.2037272640427857e-06,3.0671378917452965
2,128,500,12,775,specific_cloud_ice_water_content,6.5217200178175476e-06,2.2125921655815606e-06,2.9475472792806214
2,128,500,12,800,specific_cloud_ice_water_content,6.654369736100335e-06,2.164528765299139e-06,3.0742810364918842
2,128,500,12,825,specific_cloud_ice_water_content,6.235874695375529e-06,2.1075439097652677e-06,2.9588350052787575
2,128,500,12,850,specific_cloud_ice_water_content,5.88862276884413e-06,1.969919514424286e-06,2.9892707421425264
2,128,500,12,875,specific_cloud_ice_water_content,5.664906686484995e-06,1.739973253363324e-06,3.2557435440659073
2,128,500,12,900,specific_cloud_ice_water_content,6.063974789699369e-06,1.5534753578722499e-06,3.9034895268664056
2,128,500,12,925,specific_cloud_ice_water_content,5.226918931753939e-06,1.3801596508072998e-06,3.7871842787872736
2,128,500,12,950,specific_cloud_ice_water_content,4.599319519637774e-06,1.1878459700102878e-06,3.8719830986149995
2,128,500,12,975,specific_cloud_ice_water_content,4.052811825729583e-06,1.0087398927121866e-06,4.017697579930974
2,128,500,12,1000,specific_cloud_ice_water_content,4.481786361049439e-06,9.068753061303431e-07,4.942009481075541
2,128,500,6,1,specific_cloud_liquid_water_content,5.2724618858671115e-06,2.607430654687599e-06,2.022090933228985
2,128,500,6,2,specific_cloud_liquid_water_content,5.274797682624597e-06,2.6116698308202425e-06,2.019703111157795
2,128,500,6,3,specific_cloud_liquid_water_content,5.268305580706803e-06,2.5949910173011508e-06,2.0301825885262446
2,128,500,6,5,specific_cloud_liquid_water_content,5.30094970383034e-06,2.6077422040062975e-06,2.032773675130327
2,128,500,6,7,specific_cloud_liquid_water_content,5.277968557850477e-06,2.625027431847605e-06,2.010633677125279
2,128,500,6,10,specific_cloud_liquid_water_content,5.2584026166001505e-06,2.5969440454393827e-06,2.0248424781560783
2,128,500,6,20,specific_cloud_liquid_water_content,4.680146841322045e-06,2.2785213747666373e-06,2.054028060983794
2,128,500,6,30,specific_cloud_liquid_water_content,3.976187541327131e-06,1.9447560652356706e-06,2.044568782895291
2,128,500,6,50,specific_cloud_liquid_water_content,6.1199459121768784e-06,1.9026943828573445e-06,3.2164629103420888
2,128,500,6,70,specific_cloud_liquid_water_content,6.767787922311062e-06,1.5165505909421657e-06,4.462619290601136
2,128,500,6,100,specific_cloud_liquid_water_content,5.510261735511785e-06,1.5032028760004338e-06,3.6656806765650405
2,128,500,6,125,specific_cloud_liquid_water_content,4.765922518439358e-06,1.3879582471183588e-06,3.4337650490093896
2,128,500,6,150,specific_cloud_liquid_water_content,4.005041104791469e-06,1.480373494315754e-06,2.7054261104848045
2,128,500,6,175,specific_cloud_liquid_water_content,3.262400833873059e-06,1.6357976890769738e-06,1.9943791678260185
2,128,500,6,200,specific_cloud_liquid_water_content,3.3745154365777164e-06,1.8112852966820385e-06,1.8630502012903463
2,128,500,6,225,specific_cloud_liquid_water_content,2.632103941294558e-06,1.6772163907512642e-06,1.5693287734420347
2,128,500,6,250,specific_cloud_liquid_water_content,2.610265118927952e-06,1.7577519747550994e-06,1.485001955006553
2,128,500,6,300,specific_cloud_liquid_water_content,4.206464458758846e-06,2.2215981351880656e-06,1.8934407587638502
2,128,500,6,350,specific_cloud_liquid_water_content,4.278325097535626e-06,2.753910700547746e-06,1.5535453261736762
2,128,500,6,400,specific_cloud_liquid_water_content,5.671896483193944e-06,3.771407205589865e-06,1.5039204662883476
2,128,500,6,450,specific_cloud_liquid_water_content,7.665796818021873e-06,5.561933571204527e-06,1.3782611244603054
2,128,500,6,500,specific_cloud_liquid_water_content,1.0471480352845565e-05,8.249067358806768e-06,1.2694138497567402
2,128,500,6,550,specific_cloud_liquid_water_content,1.2849328133850475e-05,1.1006397365588961e-05,1.1674417801798942
2,128,500,6,600,specific_cloud_liquid_water_content,1.2708490791168583e-05,9.540017729517219e-06,1.3321244416399745
2,128,500,6,650,specific_cloud_liquid_water_content,1.3156855717875791e-05,9.543024885674254e-06,1.3786881911653115
2,128,500,6,700,specific_cloud_liquid_water_content,1.528559764482115e-05,1.0752393249598763e-05,1.4215995722990833
2,128,500,6,750,specific_cloud_liquid_water_content,1.9763584469148488e-05,1.2409822064669506e-05,1.592575974591528
2,128,500,6,775,specific_cloud_liquid_water_content,2.374333158208922e-05,1.307133403266907e-05,1.8164428758952773
2,128,500,6,800,specific_cloud_liquid_water_content,3.387883604241303e-05,1.4138016620359287e-05,2.3962934089090124
2,128,500,6,825,specific_cloud_liquid_water_content,5.832086502060694e-05,1.60658139419533e-05,3.630122023778163
2,128,500,6,850,specific_cloud_liquid_water_content,0.00014848193587509016,1.7874178422521548e-05,8.3070635396591
2,128,500,6,875,specific_cloud_liquid_water_content,0.00022145878778484892,1.8107670967379836e-05,12.230108896047264
2,128,500,6,900,specific_cloud_liquid_water_content,0.00010802765488830122,1.7254756612115812e-05,6.260746373695425
2,128,500,6,925,specific_cloud_liquid_water_content,2.650733805156231e-05,1.5449699350835324e-05,1.7157186977964805
2,128,500,6,950,specific_cloud_liquid_water_content,2.2828709035574572e-05,1.305610728390447e-05,1.7485080766544967
2,128,500,6,975,specific_cloud_liquid_water_content,1.7662037196909037e-05,9.737965528549028e-06,1.8137296897518087
2,128,500,6,1000,specific_cloud_liquid_water_content,1.1588094376849282e-05,7.395349420625011e-06,1.5669434556440371
2,128,500,12,1,specific_cloud_liquid_water_content,1.2726112145050458e-05,2.3955921449157327e-06,5.312303336801144
2,128,500,12,2,specific_cloud_liquid_water_content,1.2788614009037884e-05,2.399021227872687e-06,5.330763171436414
2,128,500,12,3,specific_cloud_liquid_water_content,1.2795073721284022e-05,2.382314443958685e-06,5.370858474930154
2,128,500,12,5,specific_cloud_liquid_water_content,1.2790681792816066e-05,2.3938712964121736e-06,5.3430950160044794
2,128,500,12,7,specific_cloud_liquid_water_content,1.2767164193403533e-05,2.413580942605357e-06,5.289718678181941
2,128,500,12,10,specific_cloud_liquid_water_content,1.2755531755102352e-05,2.384486587080648e-06,5.349382891987278
2,128,500,12,20,specific_cloud_liquid_water_content,1.0871709110249448e-05,2.1026422542785122e-06,5.170498732310457
2,128,500,12,30,specific_cloud_liquid_water_content,8.979655751685703e-06,1.7878771291494073e-06,5.022523978455849
2,128,500,12,50,specific_cloud_liquid_water_content,1.2276616654053637e-05,1.6236477592480129e-06,7.561133000755971
2,128,500,12,70,specific_cloud_liquid_water_content,1.388412568904883e-05,1.3853221405769922e-06,10.022308373174514
2,128,500,12,100,specific_cloud_liquid_water_content,1.1498084540687382e-05,1.3806654115280863e-06,8.327929739299826
2,128,500,12,125,specific_cloud_liquid_water_content,1.2042279309848466e-05,1.2714968518008162e-06,9.470947012407487
2,128,500,12,150,specific_cloud_liquid_water_content,1.4369958340485101e-05,1.3507613938978529e-06,10.638413568378743
2,128,500,12,175,specific_cloud_liquid_water_content,1.3384450097959643e-05,1.4652807630685863e-06,9.134392831261888
2,128,500,12,200,specific_cloud_liquid_water_content,1.6647549716483344e-05,1.5821009762451061e-06,10.522431858928472
2,128,500,12,225,specific_cloud_liquid_water_content,1.3875754558471268e-05,1.5132638671616578e-06,9.169421711295614
2,128,500,12,250,specific_cloud_liquid_water_content,1.6737419390687735e-05,1.5912636896604316e-06,10.518319182070586
2,128,500,12,300,specific_cloud_liquid_water_content,1.683171316012543e-05,2.0908513691017255e-06,8.050172005940668
2,128,500,12,350,specific_cloud_liquid_water_content,1.6579629281764137e-05,2.655451973832682e-06,6.243618579866211
2,128,500,12,400,specific_cloud_liquid_water_content,1.557639174019575e-05,3.930265127948911e-06,3.9631910909594557
2,128,500,12,450,specific_cloud_liquid_water_content,1.6748833162003814e-05,6.135511837509051e-06,2.7298184088914828
2,128,500,12,500,specific_cloud_liquid_water_content,1.868750766912588e-05,9.141366386971055e-06,2.0442794739920593
2,128,500,12,550,specific_cloud_liquid_water_content,2.242681146644741e-05,1.131560296898968e-05,1.9819369350363307
2,128,500,12,600,specific_cloud_liquid_water_content,2.148356758375115e-05,1.0383059752732913e-05,2.069097943705514
2,128,500,12,650,specific_cloud_liquid_water_content,2.228301315940347e-05,1.0286131126245412e-05,2.1663162646787195
2,128,500,12,700,specific_cloud_liquid_water_content,2.328636967977962e-05,1.1465011272079349e-05,2.0310812721561584
2,128,500,12,750,specific_cloud_liquid_water_content,2.838965098516428e-05,1.2924533119900512e-05,2.1965707172394024
2,128,500,12,775,specific_cloud_liquid_water_content,3.2494128667253654e-05,1.3575290788232133e-05,2.3936230298227934
2,128,500,12,800,specific_cloud_liquid_water_content,4.230862495743187e-05,1.4862990392207031e-05,2.8465755437489313
2,128,500,12,825,specific_cloud_liquid_water_content,6.736590513037926e-05,1.7093636541768304e-05,3.9409931857256155
2,128,500,12,850,specific_cloud_liquid_water_content,0.00015447355882913756,1.8984221594876112e-05,8.136944570370499
2,128,500,12,875,specific_cloud_liquid_water_content,0.00022316070880994322,1.9187610125346293e-05,11.63045878835917
2,128,500,12,900,specific_cloud_liquid_water_content,0.00010426984062822747,1.806657853485932e-05,5.771421546533541
2,128,500,12,925,specific_cloud_liquid_water_content,3.887643642404905e-05,1.6607928902824433e-05,2.340835913467664
2,128,500,12,950,specific_cloud_liquid_water_content,3.0959048595038075e-05,1.3881413295747411e-05,2.230251915669309
2,128,500,12,975,specific_cloud_liquid_water_content,2.7365585930216533e-05,1.0499811639986593e-05,2.606293033486406
2,128,500,12,1000,specific_cloud_liquid_water_content,1.6424813349611143e-05,7.403535963718365e-06,2.218509294761623
2,128,600,6,1,geopotential,3230.433465913929,30017.112690917347,0.10761972675977599
2,128,600,6,2,geopotential,2265.3032080324733,20502.3884876883,0.11048972218006647
2,128,600,6,3,geopotential,1498.3781234772925,15455.170984071645,0.09694995448588345
2,128,600,6,5,geopotential,1177.8763271054784,9454.636002500229,0.12458187991520722
2,128,600,6,7,geopotential,898.857313304399,5951.390274193691,0.151033165679288
2,128,600,6,10,geopotential,620.9630792600195,2712.6580123551735,0.2289131458634881
2,128,600,6,20,geopotential,411.7746225067641,1383.490532900262,0.29763457914203856
2,128,600,6,30,geopotential,435.9695943558577,1782.3774993327822,0.24460003255149887
2,128,600,6,50,geopotential,492.3920627161273,48.71837840567823,10.106905829581923
2,128,600,6,70,geopotential,241.10972728073236,44.25181490018717,5.448583924175109
2,128,600,6,100,geopotential,210.79690533331402,32.36684696735586,6.512741434033313
2,128,600,6,125,geopotential,163.91214489609004,27.250452833998416,6.015024627098627
2,128,600,6,150,geopotential,160.37127965753038,25.853203015822537,6.203149356750141
2,128,600,6,175,geopotential,154.64817877338464,25.879460085026363,5.975711172694162
2,128,600,6,200,geopotential,154.69432259979874,26.94857391969595,5.740352831313906
2,128,600,6,225,geopotential,156.39015062707642,27.00899913723362,5.790297886732229
2,128,600,6,250,geopotential,153.57484145635473,27.853511372988223,5.513661792936044
2,128,600,6,300,geopotential,145.30457930847308,29.16670333614647,4.981865027179683
2,128,600,6,350,geopotential,151.71122820012155,29.207937994145585,5.194177974170255
2,128,600,6,400,geopotential,152.45932366512403,28.084448168897442,5.428603145351008
2,128,600,6,450,geopotential,149.58856481160313,26.924804839753435,5.555790123713038
2,128,600,6,500,geopotential,146.0431296244752,25.5906557844183,5.706892814892156
2,128,600,6,550,geopotential,148.93073730556662,24.343130155875908,6.117978105195233
2,128,600,6,600,geopotential,145.14565621162322,23.777138524480296,6.1044206838508
2,128,600,6,650,geopotential,144.18131746433306,23.42100179145581,6.156069614278057
2,128,600,6,700,geopotential,160.8083894878498,23.71434595430227,6.781059439620592
2,128,600,6,750,geopotential,169.2287907157782,23.925957089770304,7.0730207398112
2,128,600,6,775,geopotential,171.221214230391,24.122567562987896,7.097968065932656
2,128,600,6,800,geopotential,184.538996345255,24.41477679319394,7.558496147984386
2,128,600,6,825,geopotential,203.47497222830592,24.82136838384357,8.197572715642439
2,128,600,6,850,geopotential,237.35784353356058,25.2001591806623,9.418902548667251
2,128,600,6,875,geopotential,237.27992150687913,25.662939695315867,9.246014849584387
2,128,600,6,900,geopotential,198.8635918690237,26.37463086834615,7.5399573499886365
2,128,600,6,925,geopotential,183.87226444432574,27.231975129279554,6.752072281625583
2,128,600,6,950,geopotential,178.73897752445416,28.138298628468174,6.352160089154067
2,128,600,6,975,geopotential,169.25457012390663,29.473191721908822,5.742661728695358
2,128,600,6,1000,geopotential,157.76603620710787,31.291805198544278,5.041768450432744
2,128,600,12,1,geopotential,3720.47821224643,30099.61107599867,0.12360552443194613
2,128,600,12,2,geopotential,2710.946365832966,20556.287520213456,0.13187918115891462
2,128,600,12,3,geopotential,1931.9748764537537,15507.45263428121,0.1245836387198034
2,128,600,12,5,geopotential,1600.1787284651718,9517.41630724174,0.16813163119150376
2,128,600,12,7,geopotential,1263.1095951864463,6007.6511213527965,0.21025015761934268
2,128,600,12,10,geopotential,993.1460102900684,2756.217166095862,0.36032937553206085
2,128,600,12,20,geopotential,736.0296608463647,1365.0179063296034,0.5392087953083888
2,128,600,12,30,geopotential,736.4624964688758,1774.250391415416,0.4150837446801179
2,128,600,12,50,geopotential,761.696053426317,55.17989138971129,13.803870109978888
2,128,600,12,70,geopotential,460.2279691788434,49.91324058242187,9.2205587897838
2,128,600,12,100,geopotential,437.8971876921615,42.80226084430572,10.23070228194308
2,128,600,12,125,geopotential,355.45860821304416,39.49994677240546,8.998964233069966
2,128,600,12,150,geopotential,337.5948591059379,38.77491351585309,8.706527713283295
2,128,600,12,175,geopotential,385.5876847197734,39.45872299543518,9.771925076348275
2,128,600,12,200,geopotential,383.28721151277955,40.063107482973635,9.567086419236757
2,128,600,12,225,geopotential,362.2461552996053,40.60130881702422,8.922031477658047
2,128,600,12,250,geopotential,368.76709622171416,41.50180991383049,8.885566605104188
2,128,600,12,300,geopotential,402.73259522810133,42.35167640644654,9.509248025110042
2,128,600,12,350,geopotential,400.97819760216197,41.3502812284645,9.697109322829432
2,128,600,12,400,geopotential,380.50062987588393,39.58815846139158,9.611475872184553
2,128,600,12,450,geopotential,375.4815178706121,37.54494662029602,10.000853687927062
2,128,600,12,500,geopotential,361.6896393228739,35.81582511424455,10.09859854321837
2,128,600,12,550,geopotential,363.427666188456,34.219916513185105,10.620355138751595
2,128,600,12,600,geopotential,362.320318523258,33.34975694310038,10.864256646350677
2,128,600,12,650,geopotential,358.3801466606243,32.931674105995604,10.882536536318295
2,128,600,12,700,geopotential,369.5972375611014,32.75115749764068,11.28501298275416
2,128,600,12,750,geopotential,383.2219948862269,32.85069284153013,11.665568112516468
2,128,600,12,775,geopotential,382.3659053877795,33.061566561287194,11.565268835007458
2,128,600,12,800,geopotential,387.2822039892399,33.21946376461902,11.65829185965734
2,128,600,12,825,geopotential,394.1069662704339,33.453054395137165,11.78089634552839
2,128,600,12,850,geopotential,413.69307294711103,33.83298582439143,12.227507057590662
2,128,600,12,875,geopotential,421.47363246471053,34.27083730973553,12.298317331890221
2,128,600,12,900,geopotential,403.5945597894931,35.02366326165239,11.523482189008798
2,128,600,12,925,geopotential,405.9202570536882,35.82811215419129,11.32965798774866
2,128,600,12,950,geopotential,410.17812664471035,36.70322952148421,11.175532289457331
2,128,600,12,975,geopotential,400.7462139965676,37.89761550929476,10.574444027970062
2,128,600,12,1000,geopotential,398.6648733514043,39.40759602093331,10.116447426522377
2,128,600,6,1,temperature,7.139903633116609,8.585644145124043,0.831609546404448
2,128,600,6,2,temperature,10.533325984154722,6.857750280841892,1.5359739787523434
2,128,600,6,3,temperature,10.432947296214275,5.595503425158137,1.864523440251388
2,128,600,6,5,temperature,6.765005494090884,4.228495628067508,1.5998610591404592
2,128,600,6,7,temperature,5.997254172113788,3.497812416957201,1.7145728407388092
2,128,600,6,10,temperature,5.042654774802536,2.581661702999672,1.95325931702957
2,128,600,6,20,temperature,2.840939037027361,2.3380640474223027,1.215081785359761
2,128,600,6,30,temperature,3.4307062323525686,2.0263439145660045,1.6930523035559566
2,128,600,6,50,temperature,1.0219466918574207,0.5925003334836259,1.7248035724281376
2,128,600,6,70,temperature,2.141292353660948,0.5706100911703732,3.7526366722133546
2,128,600,6,100,temperature,2.618198182114915,0.45749890306441693,5.722851278063647
2,128,600,6,125,temperature,2.743745181053778,0.36691240447176915,7.477929739126294
2,128,600,6,150,temperature,0.8779285461497898,0.327471433827833,2.6809316949806306
2,128,600,6,175,temperature,1.3308531380090087,0.30621465563802763,4.346144488858799
2,128,600,6,200,temperature,0.9355293123545142,0.31506225114522685,2.969347514511617
2,128,600,6,225,temperature,0.7426015024620399,0.32288913260873686,2.2998652709748906
2,128,600,6,250,temperature,0.8383031723373457,0.31689929214080653,2.645329898575053
2,128,600,6,300,temperature,1.2627555185341857,0.31351115945525054,4.027784914349841
2,128,600,6,350,temperature,1.1326930490313756,0.3036021504230704,3.730846594640271
2,128,600,6,400,temperature,0.5590628405518251,0.30196674989182404,1.8514052979412556
2,128,600,6,450,temperature,0.5817032373555112,0.30076424636283866,1.934083736315356
2,128,600,6,500,temperature,0.8272309419480431,0.30229639005800685,2.7364896477569847
2,128,600,6,550,temperature,1.2372499045010852,0.31002479252728576,3.990809555633177
2,128,600,6,600,temperature,1.3638401892984193,0.3179765382408303,4.289122074363451
2,128,600,6,650,temperature,2.1729812576189658,0.33060825539124505,6.572676943736442
2,128,600,6,700,temperature,1.392507033202797,0.34310377892444033,4.0585593011188035
2,128,600,6,750,temperature,1.941391287946887,0.36546232228631653,5.312151676270284
2,128,600,6,775,temperature,1.1256469648185932,0.3751180538068075,3.0007805633325275
2,128,600,6,800,temperature,1.7026958412633368,0.39138594820423345,4.350426603396691
2,128,600,6,825,temperature,2.3125541522856516,0.4166086232846167,5.55090322915801
2,128,600,6,850,temperature,5.08454085392093,0.4357134643717728,11.669460022889131
2,128,600,6,875,temperature,4.666062874562372,0.4444190285900196,10.499241873972178
2,128,600,6,900,temperature,1.53121804952749,0.44668719440069277,3.4279425708227005
2,128,600,6,925,temperature,1.3035921232031276,0.4469750334402169,2.9164763704357632
2,128,600,6,950,temperature,1.1827154036973095,0.4578317390549868,2.583297099800375
2,128,600,6,975,temperature,1.1114932669613113,0.4764615387155689,2.3328079533085555
2,128,600,6,1000,temperature,1.1416899525781101,0.49038267063452684,2.3281612930995896
2,128,600,12,1,temperature,7.7920088049650476,8.776011564895203,0.8878758587937314
2,128,600,12,2,temperature,13.025523651819796,7.063462784717067,1.8440705428508242
2,128,600,12,3,temperature,13.48327551229492,5.7022668992123995,2.3645465479978216
2,128,600,12,5,temperature,10.018615873570212,4.21884947342009,2.3747270284683637
2,128,600,12,7,temperature,9.057561250207685,3.471642576905905,2.6090131831140924
2,128,600,12,10,temperature,8.459765524528317,2.614215516132537,3.2360627776564
2,128,600,12,20,temperature,3.3458092832324424,2.30286567456838,1.4528894673196857
2,128,600,12,30,temperature,2.712572400305459,1.982833346326317,1.3680284353353054
2,128,600,12,50,temperature,1.9980817748232347,0.6592189242831626,3.030983640216271
2,128,600,12,70,temperature,2.5900010836900877,0.6875973489775065,3.7667409386344435
2,128,600,12,100,temperature,4.359562788225028,0.5628857260845362,7.745022810491898
2,128,600,12,125,temperature,3.859524494011649,0.45562571363341287,8.470822384526224
2,128,600,12,150,temperature,2.0751455716155065,0.41538347547254273,4.995734530014244
2,128,600,12,175,temperature,1.2790120929605873,0.405905629698738,3.1510085088247393
2,128,600,12,200,temperature,1.2807576859182876,0.4124115518788631,3.105533004794401
2,128,600,12,225,temperature,1.5420169999446947,0.42051625913661916,3.666961660675568
2,128,600,12,250,temperature,1.8440730366123281,0.4163311801126107,4.429341650830804
2,128,600,12,300,temperature,1.5994351874438362,0.4000853409854401,3.997735041989561
2,128,600,12,350,temperature,1.9971198431616204,0.38616749677195106,5.1716414764472205
2,128,600,12,400,temperature,1.1665157227951988,0.38464906564788115,3.0326753058151477
2,128,600,12,450,temperature,1.3854532928841807,0.3854901691269996,3.594004215520587
2,128,600,12,500,temperature,1.1753224098442836,0.3866027521795592,3.040129443513119
2,128,600,12,550,temperature,1.9899674702104315,0.3957279828471531,5.028624601912575
2,128,600,12,600,temperature,1.9380085082004628,0.40351386329429245,4.802830049948064
2,128,600,12,650,temperature,1.400296967346255,0.4179409826496644,3.350465796554923
2,128,600,12,700,temperature,2.3322883038659454,0.43318509390139964,5.384045611682137
2,128,600,12,750,temperature,2.0650230878946303,0.4588724424807038,4.500211598523848
2,128,600,12,775,temperature,1.4682182635865777,0.47315169514292604,3.1030603475764145
2,128,600,12,800,temperature,1.9299241575580786,0.49655954560461507,3.8865915974048724
2,128,600,12,825,temperature,1.9201786596552712,0.5289229502500123,3.6303561014844172
2,128,600,12,850,temperature,4.472940122602611,0.5492320462790488,8.14398969052516
2,128,600,12,875,temperature,2.937616483268978,0.5552118545186773,5.290982999301498
2,128,600,12,900,temperature,2.0703960636132273,0.5540901862814781,3.736568729916947
2,128,600,12,925,temperature,2.385763426104674,0.5540524429570336,4.306024558562751
2,128,600,12,950,temperature,2.117537432857682,0.5618845563660504,3.768634337545615
2,128,600,12,975,temperature,2.1207365477804383,0.5814850838539223,3.6471039527356113
2,128,600,12,1000,temperature,2.113700667398988,0.5867095935619725,3.6026352570212814
2,128,600,6,1,u_component_of_wind,31.188366016398742,27.204844325386265,1.146426924681765
2,128,600,6,2,u_component_of_wind,20.55024242184443,22.446676899018403,0.91551379806884
2,128,600,6,3,u_component_of_wind,16.241761499231483,17.96488830999068,0.9040836335285799
2,128,600,6,5,u_component_of_wind,15.94534895449566,12.295344974765397,1.2968606401220482
2,128,600,6,7,u_component_of_wind,12.333902196153835,9.294833048770784,1.326963285024787
2,128,600,6,10,u_component_of_wind,9.785991897661887,7.639593738633105,1.2809571074669241
2,128,600,6,20,u_component_of_wind,8.406995706740426,5.407237474167488,1.554767244254385
2,128,600,6,30,u_component_of_wind,7.059045073739928,4.887009149787574,1.4444509632331601
2,128,600,6,50,u_component_of_wind,9.866496700477638,1.0080882920647531,9.787333885476649
2,128,600,6,70,u_component_of_wind,3.052439526051922,0.9873005182055209,3.091702546251994
2,128,600,6,100,u_component_of_wind,3.0473249312858184,0.9996051790556035,3.0485285542086107
2,128,600,6,125,u_component_of_wind,3.629663199117322,0.9860765232044753,3.680914324298
2,128,600,6,150,u_component_of_wind,3.4274966443932233,1.008586578339923,3.398316731553865
2,128,600,6,175,u_component_of_wind,3.7007775159265686,1.0400778167887839,3.558173682958294
2,128,600,6,200,u_component_of_wind,10.327170728933345,1.0819338724505698,9.545103441065582
2,128,600,6,225,u_component_of_wind,5.887803895547082,1.1608111637816696,5.072146167483349
2,128,600,6,250,u_component_of_wind,4.266934764492228,1.2270676950135933,3.4773425963634055
2,128,600,6,300,u_component_of_wind,10.114464465968059,1.2830383898066335,7.883212650786239
2,128,600,6,350,u_component_of_wind,9.322632222428577,1.2326156977467604,7.5632918187481195
2,128,600,6,400,u_component_of_wind,3.274209595008593,1.156851315813363,2.830276933822347
2,128,600,6,450,u_component_of_wind,2.3888161727848236,1.0782033970540394,2.2155524452174364
2,128,600,6,500,u_component_of_wind,2.5512740735369683,1.0116793591201603,2.521820822514128
2,128,600,6,550,u_component_of_wind,2.592479242184575,0.9726858959108473,2.6652789488192514
2,128,600,6,600,u_component_of_wind,2.151094131056857,0.9395080895405804,2.289596178047538
2,128,600,6,650,u_component_of_wind,3.513979027984182,0.9249772579484165,3.798989648435386
2,128,600,6,700,u_component_of_wind,4.113018169246821,0.9065132547455201,4.537184809726189
2,128,600,6,750,u_component_of_wind,2.2128824457578347,0.891739235815678,2.4815353602039285
2,128,600,6,775,u_component_of_wind,2.7781122923775436,0.8804262263120204,3.1554174663954058
2,128,600,6,800,u_component_of_wind,4.828380780147403,0.8758255989947605,5.512947766871893
2,128,600,6,825,u_component_of_wind,2.93804587077356,0.871877105839213,3.3697935765219866
2,128,600,6,850,u_component_of_wind,3.61226600735709,0.8621702091975713,4.189736514694767
2,128,600,6,875,u_component_of_wind,5.1155929438171395,0.8469161548081213,6.040259020653746
2,128,600,6,900,u_component_of_wind,4.18594489349392,0.8358403242679547,5.008067655936619
2,128,600,6,925,u_component_of_wind,2.456172894177894,0.8269162330630735,2.9702801758767117
2,128,600,6,950,u_component_of_wind,1.9859063824700807,0.8123438089459414,2.444662420763566
2,128,600,6,975,u_component_of_wind,2.025004955021497,0.772936429394987,2.619885514526158
2,128,600,6,1000,u_component_of_wind,3.0450853462404845,0.706530603585151,4.3099128767937245
2,128,600,12,1,u_component_of_wind,33.57050809670011,27.46226112494201,1.2224233082617664
2,128,600,12,2,u_component_of_wind,22.47453315446386,22.78817348951218,0.9862367058424991
2,128,600,12,3,u_component_of_wind,17.228838019738216,18.166541807553944,0.948382922971844
2,128,600,12,5,u_component_of_wind,15.630993758280447,12.260744633946087,1.2748812755632488
2,128,600,12,7,u_component_of_wind,12.128618948988368,9.524868841238225,1.2733633555642387
2,128,600,12,10,u_component_of_wind,11.993406721815765,7.95100896127768,1.5084131812987536
2,128,600,12,20,u_component_of_wind,8.384239399621537,5.477049419298465,1.5307949148823716
2,128,600,12,30,u_component_of_wind,8.277212243801145,5.004609116090998,1.6539178289045506
2,128,600,12,50,u_component_of_wind,11.4377468702817,1.225369689553368,9.334119301131578
2,128,600,12,70,u_component_of_wind,4.7872460270439285,1.2527041519378546,3.8215296242439685
2,128,600,12,100,u_component_of_wind,5.336303109470226,1.3344730172664478,3.998809298071219
2,128,600,12,125,u_component_of_wind,7.326069244519874,1.4032994914029433,5.22060279320394
2,128,600,12,150,u_component_of_wind,5.1694357224696,1.4482899504101174,3.5693375632453654
2,128,600,12,175,u_component_of_wind,5.7333481068826595,1.4593780214752943,3.9286244019810455
2,128,600,12,200,u_component_of_wind,7.297916930187481,1.4989932312401402,4.868545619882354
2,128,600,12,225,u_component_of_wind,5.220867352168108,1.5483671457512158,3.3718536113959705
2,128,600,12,250,u_component_of_wind,5.5166027160810165,1.592385122726515,3.464364642289156
2,128,600,12,300,u_component_of_wind,10.912626565308894,1.6191918706781985,6.739551231033627
2,128,600,12,350,u_component_of_wind,10.177231168823097,1.568663306882955,6.487836570261834
2,128,600,12,400,u_component_of_wind,4.171266634475296,1.4608885933225997,2.8552941364189155
2,128,600,12,450,u_component_of_wind,3.4466978218173825,1.376503777095619,2.5039508638979617
2,128,600,12,500,u_component_of_wind,3.856506336547086,1.3037908654749457,2.957917898237641
2,128,600,12,550,u_component_of_wind,3.735991606996894,1.2560531763403548,2.9743896814003565
2,128,600,12,600,u_component_of_wind,3.5530509643043784,1.204865241815829,2.9489197969970853
2,128,600,12,650,u_component_of_wind,5.846656211427223,1.1724773646159177,4.986583441073493
2,128,600,12,700,u_component_of_wind,4.9894244800326675,1.1512080840214391,4.334077000748153
2,128,600,12,750,u_component_of_wind,2.870555528983834,1.13105407624329,2.537947202770504
2,128,600,12,775,u_component_of_wind,3.3599973184149783,1.1134558966289014,3.0176294620987725
2,128,600,12,800,u_component_of_wind,4.201567881611902,1.0999742863049096,3.8196964546562504
2,128,600,12,825,u_component_of_wind,3.6921139465186337,1.0852946220497843,3.401946228707351
2,128,600,12,850,u_component_of_wind,4.101806443268652,1.063151868035196,3.8581566440260073
2,128,600,12,875,u_component_of_wind,5.200417268737753,1.0366226381449382,5.016692745630202
2,128,600,12,900,u_component_of_wind,4.427207191551891,1.0186089664605944,4.346326546619066
2,128,600,12,925,u_component_of_wind,3.4493552231654974,0.9983451039950225,3.4550730096861324
2,128,600,12,950,u_component_of_wind,4.3809121667381365,0.9669131058882187,4.530823028522066
2,128,600,12,975,u_component_of_wind,3.801005014401053,0.9082519393379141,4.18496768327504
2,128,600,12,1000,u_component_of_wind,3.302471702529754,0.823266570642862,4.011424513388126
2,128,600,6,1,v_component_of_wind,13.093054773452595,10.217615421462448,1.2814198062250601
2,128,600,6,2,v_component_of_wind,9.815364238416304,8.013975230005627,1.2247809553573341
2,128,600,6,3,v_component_of_wind,8.169323558877696,6.99604354491347,1.167706219441311
2,128,600,6,5,v_component_of_wind,6.896614844163579,5.856882113139169,1.177523247171375
2,128,600,6,7,v_component_of_wind,5.70256982900273,5.04879805780746,1.129490576511429
2,128,600,6,10,v_component_of_wind,4.535970127054211,4.212054649797571,1.0769020120078945
2,128,600,6,20,v_component_of_wind,4.440593509791989,3.132682837034625,1.417504976020944
2,128,600,6,30,v_component_of_wind,3.624073893710959,2.934383552770658,1.2350375567942005
2,128,600,6,50,v_component_of_wind,2.953526814246526,1.0162184764490427,2.906389602919828
2,128,600,6,70,v_component_of_wind,14.46333414652701,1.0146993114070182,14.253812911799098
2,128,600,6,100,v_component_of_wind,7.154774567402025,1.0124299104952352,7.066933220001601
2,128,600,6,125,v_component_of_wind,5.2451995584483955,0.9845476252423212,5.327522431591285
2,128,600,6,150,v_component_of_wind,6.314163180411705,0.990590970267721,6.374137630898467
2,128,600,6,175,v_component_of_wind,8.140514685248746,1.0026061549574068,8.119354389555463
2,128,600,6,200,v_component_of_wind,3.1923664601385124,1.0506483400486595,3.038472853810117
2,128,600,6,225,v_component_of_wind,3.2267885068138313,1.1539458111821337,2.796308522935077
2,128,600,6,250,v_component_of_wind,9.84986744052735,1.2472675204999661,7.897157008128487
2,128,600,6,300,v_component_of_wind,19.65639073567128,1.347740651303455,14.584698262726423
2,128,600,6,350,v_component_of_wind,7.77782769790817,1.3290593707296534,5.852129610762342
2,128,600,6,400,v_component_of_wind,6.991966582143792,1.2521074225075,5.58415872029695
2,128,600,6,450,v_component_of_wind,4.554001806275712,1.1675815532403064,3.9003714932265874
2,128,600,6,500,v_component_of_wind,3.5870803775075273,1.093600898328093,3.280063488418388
2,128,600,6,550,v_component_of_wind,2.3888983531317556,1.0396268502141275,2.2978421080984246
2,128,600,6,600,v_component_of_wind,2.6903473267806555,0.9974577749310111,2.6972042269826737
2,128,600,6,650,v_component_of_wind,8.020364463041979,0.9792344605076282,8.190443439750148
2,128,600,6,700,v_component_of_wind,2.1546327390965416,0.9604954173243057,2.2432514515257105
2,128,600,6,750,v_component_of_wind,4.320259250911428,0.9424057204498179,4.584288016470585
2,128,600,6,775,v_component_of_wind,6.529338395674307,0.9308451007215435,7.014419897159149
2,128,600,6,800,v_component_of_wind,7.539775742996374,0.9278565426619727,8.126014525225145
2,128,600,6,825,v_component_of_wind,3.405831964121157,0.924852716790928,3.682566858795398
2,128,600,6,850,v_component_of_wind,3.7883363345653853,0.9187872484327434,4.123192111152484
2,128,600,6,875,v_component_of_wind,4.211928566167679,0.905953755531246,4.649165082049723
2,128,600,6,900,v_component_of_wind,5.038239692912622,0.8963129279150315,5.621072212617061
2,128,600,6,925,v_component_of_wind,4.56747214726091,0.891872274973568,5.121217774592526
2,128,600,6,950,v_component_of_wind,6.000011616364002,0.8758473474280674,6.850522107514607
2,128,600,6,975,v_component_of_wind,8.752553066435656,0.8252007431177929,10.606574387423057
2,128,600,6,1000,v_component_of_wind,7.735886560021259,0.7474144380338668,10.35019684710818
2,128,600,12,1,v_component_of_wind,15.56111643702607,10.482487530676527,1.4844869971452066
2,128,600,12,2,v_component_of_wind,13.198430699567275,8.28285003619286,1.5934648873147799
2,128,600,12,3,v_component_of_wind,11.276975118411505,7.032985927686889,1.6034405918568986
2,128,600,12,5,v_component_of_wind,9.45196745781151,5.86003879152654,1.6129530527133715
2,128,600,12,7,v_component_of_wind,7.7761532954933426,4.9974288797169395,1.556030807572752
2,128,600,12,10,v_component_of_wind,6.045321917488736,4.14886656632179,1.4571020351826507
2,128,600,12,20,v_component_of_wind,5.065375829799973,3.1775397353000647,1.5941188000034985
2,128,600,12,30,v_component_of_wind,4.497342069470887,2.8725143763266137,1.56564649651018
2,128,600,12,50,v_component_of_wind,5.142827778298121,1.232130343261439,4.173931602629879
2,128,600,12,70,v_component_of_wind,11.601768055081479,1.282841068041434,9.043807798260133
2,128,600,12,100,v_component_of_wind,4.550153878222203,1.361613568509896,3.3417365862487243
2,128,600,12,125,v_component_of_wind,4.609389093619958,1.4435593640129738,3.19307207485132
2,128,600,12,150,v_component_of_wind,5.940311946762479,1.4468369534023977,4.10572313127141
2,128,600,12,175,v_component_of_wind,11.264616203154272,1.466824377483448,7.679594350947706
2,128,600,12,200,v_component_of_wind,6.322369880178707,1.489788956239781,4.243802354486728
2,128,600,12,225,v_component_of_wind,5.878136204443079,1.5515665010815884,3.788517089242042
2,128,600,12,250,v_component_of_wind,13.477199705552987,1.626023072880356,8.288443091818692
2,128,600,12,300,v_component_of_wind,21.65875250335322,1.6947756501429418,12.779716596427653
2,128,600,12,350,v_component_of_wind,10.756242101819222,1.6538497826984828,6.503760023639473
2,128,600,12,400,v_component_of_wind,8.510582318394281,1.5659867725703829,5.434645086066189
2,128,600,12,450,v_component_of_wind,6.096451285791795,1.4645700999977944,4.162621704349267
2,128,600,12,500,v_component_of_wind,4.896794150657688,1.374584664089585,3.5623808984519214
2,128,600,12,550,v_component_of_wind,3.6035363964908926,1.3170282583628798,2.736111676882496
2,128,600,12,600,v_component_of_wind,3.6272873411555384,1.2664602872697064,2.8641145542553192
2,128,600,12,650,v_component_of_wind,9.967118155167519,1.2333919918258158,8.081062809896299
2,128,600,12,700,v_component_of_wind,3.956555795039314,1.2047680340877505,3.2840809874535024
2,128,600,12,750,v_component_of_wind,4.727199172217037,1.1801602748151647,4.005556934169306
2,128,600,12,775,v_component_of_wind,7.003501811255103,1.1650660650273093,6.011248650599861
2,128,600,12,800,v_component_of_wind,7.35028399348539,1.1491670226066817,6.396184235092801
2,128,600,12,825,v_component_of_wind,4.200388296448816,1.1321480310026766,3.710105199519519
2,128,600,12,850,v_component_of_wind,4.143726867227015,1.1154316246430813,3.714908897757794
2,128,600,12,875,v_component_of_wind,4.753290131525574,1.0951544032767353,4.340292215694505
2,128,600,12,900,v_component_of_wind,5.89005640436754,1.0768333244586314,5.469793951007891
2,128,600,12,925,v_component_of_wind,4.089852555379915,1.0603051665416947,3.8572409947972166
2,128,600,12,950,v_component_of_wind,5.30134188016252,1.033227835962201,5.1308546824288825
2,128,600,12,975,v_component_of_wind,8.692626094257506,0.9702092997631178,8.9595369745269
2,128,600,12,1000,v_component_of_wind,8.92298092101701,0.872738794895405,10.224113988294059
2,128,600,6,1,specific_humidity,4.017351581892741e-07,9.093771566984339e-07,0.4417695729765256
2,128,600,6,2,specific_humidity,2.4184681846681453e-07,7.335056784697729e-07,0.3297136280817229
2,128,600,6,3,specific_humidity,1.5308961636897754e-07,5.95589768955808e-07,0.25703869399465223
2,128,600,6,5,specific_humidity,2.2319572694104486e-07,4.224884578703961e-07,0.5282883420439218
2,128,600,6,7,specific_humidity,2.9238745240499854e-07,3.348673087158939e-07,0.8731442120349352
2,128,600,6,10,specific_humidity,3.756417401638687e-07,2.470444360450041e-07,1.5205432114870137
2,128,600,6,20,specific_humidity,3.6874033120671727e-07,1.196116131921905e-07,3.0828137951306593
2,128,600,6,30,specific_humidity,1.6666210657805202e-07,1.0382307119485337e-07,1.605251170669604
2,128,600,6,50,specific_humidity,2.743114521577034e-07,1.2568902329994858e-08,21.824614827587386
2,128,600,6,70,specific_humidity,1.8848239633087096e-07,2.414820950784697e-08,7.805232775938254
2,128,600,6,100,specific_humidity,4.098499041221304e-07,8.178295415058188e-08,5.011434331015962
2,128,600,6,125,specific_humidity,8.60304998422125e-07,2.1831824920281115e-07,3.9406004837595012
2,128,600,6,150,specific_humidity,3.0967855075463263e-06,5.992997945378687e-07,5.167339511494936
2,128,600,6,175,specific_humidity,4.402612482089728e-06,1.5910159323679622e-06,2.767170581087251
2,128,600,6,200,specific_humidity,1.3272126790260477e-05,3.764010817253872e-06,3.526059683309701
2,128,600,6,225,specific_humidity,5.2874772185602565e-05,7.610957609189218e-06,6.947190472032497
2,128,600,6,250,specific_humidity,7.629274218868365e-05,1.317197315186294e-05,5.792051145951008
2,128,600,6,300,specific_humidity,0.00018710498160476316,2.9177964649465544e-05,6.412543981479886
2,128,600,6,350,specific_humidity,0.00031379209691545664,5.435803037432676e-05,5.772690709258301
2,128,600,6,400,specific_humidity,0.0005562441178095936,8.676819061223045e-05,6.41069168187988
2,128,600,6,450,specific_humidity,0.0004012742354100883,0.00012779900835098047,3.1398853605189947
2,128,600,6,500,specific_humidity,0.0008549538054380909,0.00016685150995882826,5.124039966129503
2,128,600,6,550,specific_humidity,0.001266632697775324,0.00021487303231659992,5.894796029634059
2,128,600,6,600,specific_humidity,0.0013525122742736623,0.00025206401385736966,5.365749174489386
2,128,600,6,650,specific_humidity,0.0010619954679112352,0.0002942486987821947,3.609176429008894
2,128,600,6,700,specific_humidity,0.0016901313337607487,0.0003363237500858548,5.025310681536174
2,128,600,6,750,specific_humidity,0.0017168726400889672,0.00037860520076298974,4.534730734361319
2,128,600,6,775,specific_humidity,0.002672821032262174,0.00039260193803214373,6.807966984725736
2,128,600,6,800,specific_humidity,0.003566769549347101,0.00040466835784564294,8.814055955191863
2,128,600,6,825,specific_humidity,0.0022813701131801797,0.000413348603569168,5.519239918754013
2,128,600,6,850,specific_humidity,0.0027942670642805752,0.0004130505235106746,6.764952240057776
2,128,600,6,875,specific_humidity,0.004761710268996381,0.00039473209948691704,12.063144282377277
2,128,600,6,900,specific_humidity,0.002297995502448983,0.00036987817005644063,6.212844359261122
2,128,600,6,925,specific_humidity,0.000888866761653962,0.00034080341872750274,2.6081509539218444
2,128,600,6,950,specific_humidity,0.0010852960472068527,0.000303403494668488,3.577071676094881
2,128,600,6,975,specific_humidity,0.0006180227574699851,0.0002819638950214839,2.1918506886241436
2,128,600,6,1000,specific_humidity,0.0006381122975511072,0.000275698375966985,2.3145304912043496
2,128,600,12,1,specific_humidity,3.958671953443458e-07,9.080329161004982e-07,0.43596128325873645
2,128,600,12,2,specific_humidity,2.407181785845975e-07,7.324409513202541e-07,0.3286519932435418
2,128,600,12,3,specific_humidity,1.5609794155445368e-07,5.939726085732165e-07,0.2628032661799288
2,128,600,12,5,specific_humidity,2.2724210876178113e-07,4.2120779193082444e-07,0.5395011989690386
2,128,600,12,7,specific_humidity,2.985143918703001e-07,3.3379210086990037e-07,0.8943123312155604
2,128,600,12,10,specific_humidity,3.8135483786667467e-07,2.4667159240052517e-07,1.5460022540717289
2,128,600,12,20,specific_humidity,3.685159301193945e-07,1.1953609525206157e-07,3.0828841225097565
2,128,600,12,30,specific_humidity,1.6261880113962756e-07,1.0361852126020708e-07,1.5693989757994986
2,128,600,12,50,specific_humidity,2.967182109269428e-07,1.4769062930166226e-08,20.09052384230062
2,128,600,12,70,specific_humidity,2.3492247911803614e-07,2.8881383563658692e-08,8.134045192129852
2,128,600,12,100,specific_humidity,5.992875702014237e-07,9.944431694624635e-08,6.026363180968529
2,128,600,12,125,specific_humidity,1.941293976849311e-06,2.665791101123189e-07,7.28224344372437
2,128,600,12,150,specific_humidity,3.888530718761557e-06,7.456409943061631e-07,5.215017345418258
2,128,600,12,175,specific_humidity,8.036878251954322e-06,1.9578072290918073e-06,4.10504064574452
2,128,600,12,200,specific_humidity,1.861834730937385e-05,4.5366179469454594e-06,4.104014824944589
2,128,600,12,225,specific_humidity,6.571450767342853e-05,9.268818447644937e-06,7.089847324620493
2,128,600,12,250,specific_humidity,7.1785899349086e-05,1.6330908997023883e-05,4.395707511576247
2,128,600,12,300,specific_humidity,0.0002726597173499475,3.828203708380854e-05,7.122393114896945
2,128,600,12,350,specific_humidity,0.00035347516120160633,7.105695794177353e-05,4.974532705034401
2,128,600,12,400,specific_humidity,0.00043489254830461084,0.00011351169850510764,3.831257518228768
2,128,600,12,450,specific_humidity,0.0005243656979037004,0.00016626143881780304,3.1538623846406413
2,128,600,12,500,specific_humidity,0.0006372613730036324,0.00021666352739330884,2.941248952560498
2,128,600,12,550,specific_humidity,0.0007742927202664964,0.0002740387490961615,2.8254862599551327
2,128,600,12,600,specific_humidity,0.000977007422054086,0.0003191822817329346,3.060970103821631
2,128,600,12,650,specific_humidity,0.0015285607668409878,0.0003763212741969594,4.0618505294520455
2,128,600,12,700,specific_humidity,0.0016108442377796295,0.00042801477599088786,3.7635248317079673
2,128,600,12,750,specific_humidity,0.0014151633253990236,0.00047705936719613456,2.9664302238031603
2,128,600,12,775,specific_humidity,0.0023220172544780072,0.0004927977983879612,4.7119067132072905
2,128,600,12,800,specific_humidity,0.0031031227751494744,0.000506016114614229,6.132458405035576
2,128,600,12,825,specific_humidity,0.001784153321835822,0.000513151721023688,3.4768534309435988
2,128,600,12,850,specific_humidity,0.0018706792875991104,0.0005098219087702497,3.669279910138441
2,128,600,12,875,specific_humidity,0.003425930753278152,0.0004888356325852617,7.008349074636264
2,128,600,12,900,specific_humidity,0.0020347648815280373,0.00046015351743648107,4.421926171212879
2,128,600,12,925,specific_humidity,0.0010365815120483314,0.0004221751642981526,2.455335130316351
2,128,600,12,950,specific_humidity,0.0011879292775397164,0.00037355317759083136,3.1800807724379894
2,128,600,12,975,specific_humidity,0.0009230183133149233,0.0003543222291402861,2.605025136454181
2,128,600,12,1000,specific_humidity,0.0009111547893501196,0.00034079588043005386,2.6736085782501946
2,128,600,6,1,specific_cloud_ice_water_content,1.8248429251462286e-06,1.4206039464794252e-06,1.2845543120365097
2,128,600,6,2,specific_cloud_ice_water_content,1.8321400043194242e-06,1.4056207277356892e-06,1.3034383800463827
2,128,600,6,3,specific_cloud_ice_water_content,1.8290648112818277e-06,1.4049656067194154e-06,1.3018573568876757
2,128,600,6,5,specific_cloud_ice_water_content,1.8299432160050698e-06,1.3990578523496726e-06,1.3079825204738595
2,128,600,6,7,specific_cloud_ice_water_content,1.8274520802712832e-06,1.4027574858603023e-06,1.3027569616928605
2,128,600,6,10,specific_cloud_ice_water_content,1.823951538097832e-06,1.4106221265270812e-06,1.2930121425135719
2,128,600,6,20,specific_cloud_ice_water_content,1.5124174035070215e-06,1.1857876167668038e-06,1.2754538689068233
2,128,600,6,30,specific_cloud_ice_water_content,1.3028585089376162e-06,1.01028739149733e-06,1.2895919714554405
2,128,600,6,50,specific_cloud_ice_water_content,1.7069632726476307e-06,7.708389414940023e-07,2.2144227292659577
2,128,600,6,70,specific_cloud_ice_water_content,1.5491391356874245e-06,6.990539799351904e-07,2.216050806020797
2,128,600,6,100,specific_cloud_ice_water_content,1.6886640180596705e-06,9.788538346792786e-07,1.7251442025692847
2,128,600,6,125,specific_cloud_ice_water_content,3.113942669731116e-06,2.300681746129077e-06,1.3534869283725832
2,128,600,6,150,specific_cloud_ice_water_content,4.462456323627183e-06,3.7490564957738998e-06,1.1902878307268665
2,128,600,6,175,specific_cloud_ice_water_content,6.1195679314784725e-06,4.960764079174599e-06,1.2335938242192486
2,128,600,6,200,specific_cloud_ice_water_content,7.45617331962238e-06,6.1763666793779366e-06,1.2072102753415768
2,128,600,6,225,specific_cloud_ice_water_content,9.007475021095584e-06,7.1781582016565255e-06,1.2548448735800921
2,128,600,6,250,specific_cloud_ice_water_content,1.0227854239465864e-05,7.50072130594897e-06,1.363582757214823
2,128,600,6,300,specific_cloud_ice_water_content,1.0488159864719031e-05,7.689260186203563e-06,1.36400116665806
2,128,600,6,350,specific_cloud_ice_water_content,1.0192286720391487e-05,7.394346892745032e-06,1.3783890407402517
2,128,600,6,400,specific_cloud_ice_water_content,9.416177831523434e-06,6.521993740155893e-06,1.4437575696443956
2,128,600,6,450,specific_cloud_ice_water_content,8.116408657542067e-06,5.656019550027895e-06,1.4350036427123096
2,128,600,6,500,specific_cloud_ice_water_content,6.5903821590665385e-06,4.817655002351666e-06,1.3679647371697523
2,128,600,6,550,specific_cloud_ice_water_content,5.585294593743248e-06,3.980803809296654e-06,1.403056985802594
2,128,600,6,600,specific_cloud_ice_water_content,4.8493715920382e-06,3.3726014668895825e-06,1.4378727043935566
2,128,600,6,650,specific_cloud_ice_water_content,3.899984171751293e-06,2.8844669380874784e-06,1.3520640920700393
2,128,600,6,700,specific_cloud_ice_water_content,3.4363557811070013e-06,2.5674993548664024e-06,1.338405703819859
2,128,600,6,750,specific_cloud_ice_water_content,3.457867091944746e-06,2.2538395465582705e-06,1.5342117397953585
2,128,600,6,775,specific_cloud_ice_water_content,3.0934744438386323e-06,2.1856198644839124e-06,1.415376248224707
2,128,600,6,800,specific_cloud_ice_water_content,3.1031019306771723e-06,2.159897297531843e-06,1.436689575112274
2,128,600,6,825,specific_cloud_ice_water_content,3.10007437024187e-06,2.114584282775733e-06,1.4660443641302972
2,128,600,6,850,specific_cloud_ice_water_content,2.6494641593790497e-06,1.994722956575078e-06,1.328236660958751
2,128,600,6,875,specific_cloud_ice_water_content,2.3558447977867074e-06,1.7715402042323753e-06,1.3298285820205342
2,128,600,6,900,specific_cloud_ice_water_content,2.3220227390090272e-06,1.560506010189548e-06,1.487993460997296
2,128,600,6,925,specific_cloud_ice_water_content,2.3983434009995127e-06,1.393651179751738e-06,1.7209065193965885
2,128,600,6,950,specific_cloud_ice_water_content,2.0783435436560407e-06,1.2220703361723148e-06,1.7006742428309702
2,128,600,6,975,specific_cloud_ice_water_content,1.5596595528308983e-06,1.0380023373445382e-06,1.5025588061977642
2,128,600,6,1000,specific_cloud_ice_water_content,1.4462594676529117e-06,9.404953549931882e-07,1.5377635412812716
2,128,600,12,1,specific_cloud_ice_water_content,5.851045964483037e-06,1.27712863812133e-06,4.581406907521853
2,128,600,12,2,specific_cloud_ice_water_content,5.883524674281832e-06,1.2642746506475388e-06,4.65367605944515
2,128,600,12,3,specific_cloud_ice_water_content,5.870350904248825e-06,1.2640891305265725e-06,4.643937490233347
2,128,600,12,5,specific_cloud_ice_water_content,5.883978643701138e-06,1.2586746829862572e-06,4.674741395243732
2,128,600,12,7,specific_cloud_ice_water_content,5.869260840804587e-06,1.2620351699656046e-06,4.650631757722368
2,128,600,12,10,specific_cloud_ice_water_content,5.8728780526250406e-06,1.2687063875131808e-06,4.629028521040709
2,128,600,12,20,specific_cloud_ice_water_content,4.792534288299072e-06,1.0812730498755035e-06,4.432307166863059
2,128,600,12,30,specific_cloud_ice_water_content,4.5909374260237665e-06,9.769809145099352e-07,4.699106561694333
2,128,600,12,50,specific_cloud_ice_water_content,8.119958627494669e-06,6.816416203176375e-07,11.912357440425744
2,128,600,12,70,specific_cloud_ice_water_content,4.904655076277152e-06,6.324122695921512e-07,7.75547109394353
2,128,600,12,100,specific_cloud_ice_water_content,6.932179462278955e-06,1.0197976262307674e-06,6.797603057677926
2,128,600,12,125,specific_cloud_ice_water_content,6.579327328234092e-06,2.6132489397879918e-06,2.5176810475498983
2,128,600,12,150,specific_cloud_ice_water_content,8.829730768473059e-06,4.452711544118195e-06,1.9830008481318946
2,128,600,12,175,specific_cloud_ice_water_content,1.2288028702848248e-05,5.752705843374457e-06,2.1360432876992475
2,128,600,12,200,specific_cloud_ice_water_content,1.2810421060537671e-05,6.637574144716837e-06,1.929985380386914
2,128,600,12,225,specific_cloud_ice_water_content,1.6095597855620676e-05,7.375842694930471e-06,2.1822045997108135
2,128,600,12,250,specific_cloud_ice_water_content,1.613749495152029e-05,7.904301569886212e-06,2.0416092185805352
2,128,600,12,300,specific_cloud_ice_water_content,1.678959534078987e-05,8.344517644939767e-06,2.0120510322093113
2,128,600,12,350,specific_cloud_ice_water_content,1.685181415823938e-05,8.183593765233976e-06,2.0592192918751966
2,128,600,12,400,specific_cloud_ice_water_content,1.5146361889470775e-05,7.2654384058282434e-06,2.084714100297176
2,128,600,12,450,specific_cloud_ice_water_content,1.2906539887568066e-05,6.09247476470605e-06,2.1184396137898127
2,128,600,12,500,specific_cloud_ice_water_content,1.1481903252795476e-05,5.092985529972657e-06,2.2544543245260544
2,128,600,12,550,specific_cloud_ice_water_content,1.1363494703584134e-05,4.1158823732390346e-06,2.760889081152608
2,128,600,12,600,specific_cloud_ice_water_content,9.48824519606353e-06,3.4242924170244736e-06,2.770863010673693
2,128,600,12,650,specific_cloud_ice_water_content,7.924462228542292e-06,2.8939214499877803e-06,2.7383128275910025
2,128,600,12,700,specific_cloud_ice_water_content,7.351548221609979e-06,2.5180278369919815e-06,2.9195659053523757
2,128,600,12,750,specific_cloud_ice_water_content,7.2302846292870435e-06,2.2037272640427857e-06,3.280934418364879
2,128,600,12,775,specific_cloud_ice_water_content,7.305653498849381e-06,2.2125921655815606e-06,3.301852737478691
2,128,600,12,800,specific_cloud_ice_water_content,7.179419293934961e-06,2.164528765299139e-06,3.3168509511319715
2,128,600,12,825,specific_cloud_ice_water_content,7.2980524527863536e-06,2.1075439097652677e-06,3.4628234405797933
2,128,600,12,850,specific_cloud_ice_water_content,6.739500176855717e-06,1.969919514424286e-06,3.421205855116042
2,128,600,12,875,specific_cloud_ice_water_content,6.200972693252289e-06,1.739973253363324e-06,3.563832191825919
2,128,600,12,900,specific_cloud_ice_water_content,6.648802607565894e-06,1.5534753578722499e-06,4.279953701146934
2,128,600,12,925,specific_cloud_ice_water_content,5.732417553036984e-06,1.3801596508072998e-06,4.153445255180376
2,128,600,12,950,specific_cloud_ice_water_content,5.1875815651256015e-06,1.1878459700102878e-06,4.367217380112568
2,128,600,12,975,specific_cloud_ice_water_content,4.1942783723906886e-06,1.0087398927121866e-06,4.157938436551353
2,128,600,12,1000,specific_cloud_ice_water_content,4.832512048226221e-06,9.068753061303431e-07,5.328750287453141
2,128,600,6,1,specific_cloud_liquid_water_content,5.058331266280409e-06,2.607430654687599e-06,1.9399677062117138
2,128,600,6,2,specific_cloud_liquid_water_content,5.114363139315258e-06,2.6116698308202425e-06,1.9582732391976971
2,128,600,6,3,specific_cloud_liquid_water_content,5.116162950623762e-06,2.5949910173011508e-06,1.9715532410376844
2,128,600,6,5,specific_cloud_liquid_water_content,5.154987113848237e-06,2.6077422040062975e-06,1.976800891563815
2,128,600,6,7,specific_cloud_liquid_water_content,5.1076971815400395e-06,2.625027431847605e-06,1.945769068761703
2,128,600,6,10,specific_cloud_liquid_water_content,5.097351317969803e-06,2.5969440454393827e-06,1.962826779776601
2,128,600,6,20,specific_cloud_liquid_water_content,4.405204410649245e-06,2.2785213747666373e-06,1.9333610206313818
2,128,600,6,30,specific_cloud_liquid_water_content,3.820062966723525e-06,1.9447560652356706e-06,1.9642890103343629
2,128,600,6,50,specific_cloud_liquid_water_content,5.768153850886974e-06,1.9026943828573445e-06,3.031571387846707
2,128,600,6,70,specific_cloud_liquid_water_content,7.282894147486085e-06,1.5165505909421657e-06,4.802275763818433
2,128,600,6,100,specific_cloud_liquid_water_content,5.77442593355822e-06,1.5032028760004338e-06,3.841414905300217
2,128,600,6,125,specific_cloud_liquid_water_content,3.876212592910372e-06,1.3879582471183588e-06,2.7927443789883872
2,128,600,6,150,specific_cloud_liquid_water_content,5.132014081446863e-06,1.480373494315754e-06,3.466702221535613
2,128,600,6,175,specific_cloud_liquid_water_content,2.7659111035634783e-06,1.6357976890769738e-06,1.6908638042667672
2,128,600,6,200,specific_cloud_liquid_water_content,3.3240689350112966e-06,1.8112852966820385e-06,1.8351989833409548
2,128,600,6,225,specific_cloud_liquid_water_content,3.005681874587237e-06,1.6772163907512642e-06,1.7920656458889732
2,128,600,6,250,specific_cloud_liquid_water_content,2.8872959282951244e-06,1.7577519747550994e-06,1.6426071310188117
2,128,600,6,300,specific_cloud_liquid_water_content,4.086121904737447e-06,2.2215981351880656e-06,1.8392713965757552
2,128,600,6,350,specific_cloud_liquid_water_content,4.37756653402399e-06,2.753910700547746e-06,1.5895818746603885
2,128,600,6,400,specific_cloud_liquid_water_content,5.711790353950824e-06,3.771407205589865e-06,1.5144984464910027
2,128,600,6,450,specific_cloud_liquid_water_content,7.93756669771815e-06,5.561933571204527e-06,1.4271236065840214
2,128,600,6,500,specific_cloud_liquid_water_content,1.066289897179693e-05,8.249067358806768e-06,1.2926187298510947
2,128,600,6,550,specific_cloud_liquid_water_content,1.2878168029437606e-05,1.1006397365588961e-05,1.1700620649678393
2,128,600,6,600,specific_cloud_liquid_water_content,1.26367834186215e-05,9.540017729517219e-06,1.3246079595347875
2,128,600,6,650,specific_cloud_liquid_water_content,1.2850626970015399e-05,9.543024885674254e-06,1.3465989163778074
2,128,600,6,700,specific_cloud_liquid_water_content,1.4839267302313223e-05,1.0752393249598763e-05,1.3800897119222242
2,128,600,6,750,specific_cloud_liquid_water_content,1.9310050305816204e-05,1.2409822064669506e-05,1.5560295873050023
2,128,600,6,775,specific_cloud_liquid_water_content,2.332891125240739e-05,1.307133403266907e-05,1.78473835907656
2,128,600,6,800,specific_cloud_liquid_water_content,3.3949731723905354e-05,1.4138016620359287e-05,2.401307951146163
2,128,600,6,825,specific_cloud_liquid_water_content,6.16783909545082e-05,1.60658139419533e-05,3.8391077587077596
2,128,600,6,850,specific_cloud_liquid_water_content,0.00016123313544899113,1.7874178422521548e-05,9.020450150919196
2,128,600,6,875,specific_cloud_liquid_water_content,0.0002572424094753901,1.8107670967379836e-05,14.206267053272663
2,128,600,6,900,specific_cloud_liquid_water_content,0.00011003259649043785,1.7254756612115812e-05,6.376942831704506
2,128,600,6,925,specific_cloud_liquid_water_content,2.6309283541842205e-05,1.5449699350835324e-05,1.7028993862213722
2,128,600,6,950,specific_cloud_liquid_water_content,2.400138090693292e-05,1.305610728390447e-05,1.8383259561999579
2,128,600,6,975,specific_cloud_liquid_water_content,1.8321110779603318e-05,9.737965528549028e-06,1.881410519054609
2,128,600,6,1000,specific_cloud_liquid_water_content,1.11715110468369e-05,7.395349420625011e-06,1.5106130098032273
2,128,600,12,1,specific_cloud_liquid_water_content,1.350186414023628e-05,2.3955921449157327e-06,5.6361280733416415
2,128,600,12,2,specific_cloud_liquid_water_content,1.3535337315062184e-05,2.399021227872687e-06,5.642024821541299
2,128,600,12,3,specific_cloud_liquid_water_content,1.3540444436226676e-05,2.382314443958685e-06,5.6837351889310455
2,128,600,12,5,specific_cloud_liquid_water_content,1.355409430741384e-05,2.3938712964121736e-06,5.661997922665311
2,128,600,12,7,specific_cloud_liquid_water_content,1.3533490178347737e-05,2.413580942605357e-06,5.607224493469407
2,128,600,12,10,specific_cloud_liquid_water_content,1.3513341642836436e-05,2.384486587080648e-06,5.667191300656869
2,128,600,12,20,specific_cloud_liquid_water_content,1.1525824304258707e-05,2.1026422542785122e-06,5.481590736990876
2,128,600,12,30,specific_cloud_liquid_water_content,9.547187620293674e-06,1.7878771291494073e-06,5.339957352010987
2,128,600,12,50,specific_cloud_liquid_water_content,1.2629250763774241e-05,1.6236477592480129e-06,7.778319337947682
2,128,600,12,70,specific_cloud_liquid_water_content,1.1880806547221906e-05,1.3853221405769922e-06,8.576204912363202
2,128,600,12,100,specific_cloud_liquid_water_content,1.2287260963735879e-05,1.3806654115280863e-06,8.8995211013048
2,128,600,12,125,specific_cloud_liquid_water_content,1.1955739171166724e-05,1.2714968518008162e-06,9.402885389951107
2,128,600,12,150,specific_cloud_liquid_water_content,1.488210175721837e-05,1.3507613938978529e-06,11.017565222436156
2,128,600,12,175,specific_cloud_liquid_water_content,1.6747421105840015e-05,1.4652807630685863e-06,11.429496331315795
2,128,600,12,200,specific_cloud_liquid_water_content,1.7590980204617922e-05,1.5821009762451061e-06,11.118746823839043
2,128,600,12,225,specific_cloud_liquid_water_content,1.5195334686650726e-05,1.5132638671616578e-06,10.041430986620822
2,128,600,12,250,specific_cloud_liquid_water_content,1.9884758184275113e-05,1.5912636896604316e-06,12.496205571383602
2,128,600,12,300,specific_cloud_liquid_water_content,1.9756370490881757e-05,2.0908513691017255e-06,9.448959779178143
2,128,600,12,350,specific_cloud_liquid_water_content,1.8195863953520972e-05,2.655451973832682e-06,6.852266255547606
2,128,600,12,400,specific_cloud_liquid_water_content,1.841398604605004e-05,3.930265127948911e-06,4.685176558472978
2,128,600,12,450,specific_cloud_liquid_water_content,1.8942967371483424e-05,6.135511837509051e-06,3.087430661558964
2,128,600,12,500,specific_cloud_liquid_water_content,2.0880622504171813e-05,9.141366386971055e-06,2.28419052691427
2,128,600,12,550,specific_cloud_liquid_water_content,2.4257386753093064e-05,1.131560296898968e-05,2.143711370889403
2,128,600,12,600,specific_cloud_liquid_water_content,2.1664933158603044e-05,1.0383059752732913e-05,2.086565393491128
2,128,600,12,650,specific_cloud_liquid_water_content,2.287825553953439e-05,1.0286131126245412e-05,2.224184706450003
2,128,600,12,700,specific_cloud_liquid_water_content,2.4169284998617684e-05,1.1465011272079349e-05,2.108090818669926
2,128,600,12,750,specific_cloud_liquid_water_content,2.8807543147544258e-05,1.2924533119900512e-05,2.228903967384936
2,128,600,12,775,specific_cloud_liquid_water_content,3.2438428620523646e-05,1.3575290788232133e-05,2.389519983516169
2,128,600,12,800,specific_cloud_liquid_water_content,4.114043012794029e-05,1.4862990392207031e-05,2.7679779803606044
2,128,600,12,825,specific_cloud_liquid_water_content,6.382775580547445e-05,1.7093636541768304e-05,3.7340068422252526
2,128,600,12,850,specific_cloud_liquid_water_content,0.00016330756618084216,1.8984221594876112e-05,8.60227875895208
2,128,600,12,875,specific_cloud_liquid_water_content,0.00024272117519601535,1.9187610125346293e-05,12.649890924945755
2,128,600,12,900,specific_cloud_liquid_water_content,0.00010019205013132015,1.806657853485932e-05,5.545712484408732
2,128,600,12,925,specific_cloud_liquid_water_content,3.717964460332787e-05,1.6607928902824433e-05,2.2386683385310557
2,128,600,12,950,specific_cloud_liquid_water_content,3.29878096622181e-05,1.3881413295747411e-05,2.376401376387515
2,128,600,12,975,specific_cloud_liquid_water_content,2.6986025038524573e-05,1.0499811639986593e-05,2.5701437286506437
2,128,600,12,1000,specific_cloud_liquid_water_content,1.710037367995467e-05,7.403535963718365e-06,2.3097576298347784
2,128,700,6,1,geopotential,2693.312899888091,30017.112690917347,0.08972591493461796
2,128,700,6,2,geopotential,1776.5482716315437,20502.3884876883,0.08665079547674957
2,128,700,6,3,geopotential,1284.0881186130148,15455.170984071645,0.08308469184432947
2,128,700,6,5,geopotential,1020.6340462410074,9454.636002500229,0.10795064410423691
2,128,700,6,7,geopotential,865.0240303166008,5951.390274193691,0.14534822797078226
2,128,700,6,10,geopotential,688.9533456647714,2712.6580123551735,0.253977221797528
2,128,700,6,20,geopotential,543.5682351253009,1383.490532900262,0.3928962448234459
2,128,700,6,30,geopotential,498.9349449942667,1782.3774993327822,0.2799266402212992
2,128,700,6,50,geopotential,363.10807400768897,48.71837840567823,7.453205256219447
2,128,700,6,70,geopotential,220.1885259694698,44.25181490018717,4.975807805083684
2,128,700,6,100,geopotential,209.46868722799383,32.36684696735586,6.471705057933417
2,128,700,6,125,geopotential,163.16257078341852,27.250452833998416,5.987517777313865
2,128,700,6,150,geopotential,160.76210181986642,25.853203015822537,6.21826632937813
2,128,700,6,175,geopotential,155.47798929679462,25.879460085026363,6.0077756176510375
2,128,700,6,200,geopotential,152.14646861719598,26.94857391969595,5.645807791929072
2,128,700,6,225,geopotential,151.94110811309315,27.00899913723362,5.62557343724865
2,128,700,6,250,geopotential,146.1386932196326,27.853511372988223,5.246688335365679
2,128,700,6,300,geopotential,138.63556142666673,29.16670333614647,4.753213272987724
2,128,700,6,350,geopotential,142.6342877619208,29.207937994145585,4.883408332026393
2,128,700,6,400,geopotential,145.098669880096,28.084448168897442,5.166513118131613
2,128,700,6,450,geopotential,143.1642943668847,26.924804839753435,5.317189677657686
2,128,700,6,500,geopotential,140.55645721950998,25.5906557844183,5.49249141575701
2,128,700,6,550,geopotential,144.77646501789908,24.343130155875908,5.947323293711806
2,128,700,6,600,geopotential,140.52201612728146,23.777138524480296,5.9099633028845675
2,128,700,6,650,geopotential,138.7058426993958,23.42100179145581,5.922284790994589
2,128,700,6,700,geopotential,155.7909269321233,23.71434595430227,6.569480230757097
2,128,700,6,750,geopotential,159.33176552893775,23.925957089770304,6.6593685231117075
2,128,700,6,775,geopotential,159.34069586280876,24.122567562987896,6.605461688385559
2,128,700,6,800,geopotential,172.25040947077503,24.41477679319394,7.0551703556345
2,128,700,6,825,geopotential,185.19716797227227,24.82136838384357,7.461198960038747
2,128,700,6,850,geopotential,214.25445719627925,25.2001591806623,8.502107294651156
2,128,700,6,875,geopotential,215.38836844121235,25.662939695315867,8.39297333035179
2,128,700,6,900,geopotential,184.58945830224673,26.37463086834615,6.998750398580332
2,128,700,6,925,geopotential,175.38618654771227,27.231975129279554,6.440450452642296
2,128,700,6,950,geopotential,175.01438406522405,28.138298628468174,6.219792688110784
2,128,700,6,975,geopotential,167.97084572631834,29.473191721908822,5.699106065986658
2,128,700,6,1000,geopotential,160.60028957295236,31.291805198544278,5.132343390033108
2,128,700,12,1,geopotential,3335.2894013414834,30099.61107599867,0.11080838861738755
2,128,700,12,2,geopotential,2342.4349743819644,20556.287520213456,0.11395223831533761
2,128,700,12,3,geopotential,1725.507897096996,15507.45263428121,0.11126959003457085
2,128,700,12,5,geopotential,1342.6768374342394,9517.41630724174,0.14107577036559862
2,128,700,12,7,geopotential,1051.3404122513891,6007.6511213527965,0.175000244024598
2,128,700,12,10,geopotential,832.6921619025013,2756.217166095862,0.30211413387356434
2,128,700,12,20,geopotential,632.6792256580725,1365.0179063296034,0.46349518400039424
2,128,700,12,30,geopotential,713.3097970664508,1774.250391415416,0.4020344594639794
2,128,700,12,50,geopotential,719.2171767753445,55.17989138971129,13.034044806210836
2,128,700,12,70,geopotential,421.2608605529428,49.91324058242187,8.439861961222766
2,128,700,12,100,geopotential,349.0715548686827,42.80226084430572,8.155446651251417
2,128,700,12,125,geopotential,301.30704481496633,39.49994677240546,7.62803673005095
2,128,700,12,150,geopotential,307.4361064976646,38.77491351585309,7.928737387691904
2,128,700,12,175,geopotential,354.198390499642,39.45872299543518,8.976428115542863
2,128,700,12,200,geopotential,334.42919621661207,40.063107482973635,8.34756006779406
2,128,700,12,225,geopotential,325.3752883736097,40.60130881702422,8.013911320937002
2,128,700,12,250,geopotential,331.56672478200176,41.50180991383049,7.989211204774639
2,128,700,12,300,geopotential,355.23165127224775,42.35167640644654,8.387664466055854
2,128,700,12,350,geopotential,356.56009968476826,41.3502812284645,8.622918371818017
2,128,700,12,400,geopotential,349.53444713112447,39.58815846139158,8.829267657701445
2,128,700,12,450,geopotential,346.24713432222785,37.54494662029602,9.222203398607414
2,128,700,12,500,geopotential,343.99653585808494,35.81582511424455,9.604596146000048
2,128,700,12,550,geopotential,352.8771502041911,34.219916513185105,10.312040067900977
2,128,700,12,600,geopotential,357.4412515833812,33.34975694310038,10.717956721340693
2,128,700,12,650,geopotential,362.6115235814606,32.931674105995604,11.011026114686432
2,128,700,12,700,geopotential,377.6930550136734,32.75115749764068,11.532204779048849
2,128,700,12,750,geopotential,392.6789474203874,32.85069284153013,11.953444918639866
2,128,700,12,775,geopotential,394.4093899865327,33.061566561287194,11.929543303866271
2,128,700,12,800,geopotential,401.16524474923864,33.21946376461902,12.07621072970199
2,128,700,12,825,geopotential,408.46208548634934,33.453054395137165,12.210008708374462
2,128,700,12,850,geopotential,427.6724827644461,33.83298582439143,12.640695828156009
2,128,700,12,875,geopotential,435.4594280357464,34.27083730973553,12.706413447098436
2,128,700,12,900,geopotential,420.7879311560935,35.02366326165239,12.01438947184079
2,128,700,12,925,geopotential,422.008752131762,35.82811215419129,11.778704675132989
2,128,700,12,950,geopotential,425.8761487801182,36.70322952148421,11.603233675413547
2,128,700,12,975,geopotential,417.5214941494904,37.89761550929476,11.017091406373291
2,128,700,12,1000,geopotential,415.7020072259484,39.40759602093331,10.548778641689474
2,128,700,6,1,temperature,7.03611800965472,8.585644145124043,0.8195212718722649
2,128,700,6,2,temperature,9.927092058932198,6.857750280841892,1.4475726954749215
2,128,700,6,3,temperature,9.617227940879443,5.595503425158137,1.7187422131919519
2,128,700,6,5,temperature,6.3238011069573545,4.228495628067508,1.4955203134140251
2,128,700,6,7,temperature,5.897688131656826,3.497812416957201,1.6861076091631333
2,128,700,6,10,temperature,4.862022448491788,2.581661702999672,1.883291851462386
2,128,700,6,20,temperature,2.6330901486565796,2.3380640474223027,1.1261839262100373
2,128,700,6,30,temperature,3.0920339088643893,2.0263439145660045,1.525917632558751
2,128,700,6,50,temperature,1.010807657264949,0.5925003334836259,1.7060035246256673
2,128,700,6,70,temperature,1.692855669369722,0.5706100911703732,2.9667468128674717
2,128,700,6,100,temperature,2.1045839782378515,0.45749890306441693,4.600194588754065
2,128,700,6,125,temperature,2.469969834604618,0.36691240447176915,6.731769775297041
2,128,700,6,150,temperature,0.9590748149286848,0.327471433827833,2.928728175517487
2,128,700,6,175,temperature,1.2904962287118975,0.30621465563802763,4.214351615611032
2,128,700,6,200,temperature,1.0652743762826529,0.31506225114522685,3.3811552238024807
2,128,700,6,225,temperature,0.6934553396668847,0.32288913260873686,2.1476577240745476
2,128,700,6,250,temperature,0.7909845520672245,0.31689929214080653,2.4960123663380407
2,128,700,6,300,temperature,1.1473432242459587,0.31351115945525054,3.659656728773402
2,128,700,6,350,temperature,1.0208273799923915,0.3036021504230704,3.3623852089646458
2,128,700,6,400,temperature,0.5815205497505719,0.30196674989182404,1.9257767617093426
2,128,700,6,450,temperature,0.5452935418831606,0.30076424636283866,1.8130264766421886
2,128,700,6,500,temperature,0.7700301916841246,0.30229639005800685,2.5472688957230534
2,128,700,6,550,temperature,1.2064081716669628,0.31002479252728576,3.8913280510002597
2,128,700,6,600,temperature,1.4005490570922832,0.3179765382408303,4.404567282984665
2,128,700,6,650,temperature,2.055897903706787,0.33060825539124505,6.21853166150923
2,128,700,6,700,temperature,1.2523697976911627,0.34310377892444033,3.650119510828718
2,128,700,6,750,temperature,1.7023349655873936,0.36546232228631653,4.658031380465323
2,128,700,6,775,temperature,0.9869282474466804,0.3751180538068075,2.6309804005193684
2,128,700,6,800,temperature,1.4521421454200307,0.39138594820423345,3.710256211503721
2,128,700,6,825,temperature,1.980628081359863,0.4166086232846167,4.754169670671332
2,128,700,6,850,temperature,4.649264332747438,0.4357134643717728,10.670462845234571
2,128,700,6,875,temperature,4.209400134379071,0.4444190285900196,9.47169194742622
2,128,700,6,900,temperature,1.323869391408061,0.44668719440069277,2.963750490282709
2,128,700,6,925,temperature,1.3645808405973525,0.4469750334402169,3.0529240751874474
2,128,700,6,950,temperature,1.1150448081680708,0.4578317390549868,2.435490406300012
2,128,700,6,975,temperature,1.0415585642912442,0.4764615387155689,2.1860286290873496
2,128,700,6,1000,temperature,1.1031639989375508,0.49038267063452684,2.2495982525445286
2,128,700,12,1,temperature,7.756776523347592,8.776011564895203,0.8838612467621809
2,128,700,12,2,temperature,11.804239306738078,7.063462784717067,1.671168896405661
2,128,700,12,3,temperature,12.218070913523707,5.7022668992123995,2.142669069946774
2,128,700,12,5,temperature,8.946329751059936,4.21884947342009,2.1205614960723937
2,128,700,12,7,temperature,8.189082327195424,3.471642576905905,2.3588494914974594
2,128,700,12,10,temperature,7.566094324481105,2.614215516132537,2.89421215572707
2,128,700,12,20,temperature,3.219626918110207,2.30286567456838,1.3980958393127523
2,128,700,12,30,temperature,2.979125805744651,1.982833346326317,1.5024589995241955
2,128,700,12,50,temperature,1.752399831551488,0.6592189242831626,2.6582972165992573
2,128,700,12,70,temperature,2.785945527697282,0.6875973489775065,4.0517106877159
2,128,700,12,100,temperature,4.296009900758574,0.5628857260845362,7.632117322714599
2,128,700,12,125,temperature,3.232201584316698,0.45562571363341287,7.093984135665489
2,128,700,12,150,temperature,2.024746376678394,0.41538347547254273,4.874402801832765
2,128,700,12,175,temperature,1.2472479543092556,0.405905629698738,3.072753524593782
2,128,700,12,200,temperature,1.3270563792555368,0.4124115518788631,3.217796332837279
2,128,700,12,225,temperature,1.6799176173001766,0.42051625913661916,3.9948933740381194
2,128,700,12,250,temperature,1.7076536723074485,0.4163311801126107,4.1016713469444115
2,128,700,12,300,temperature,1.7560725950066631,0.4000853409854401,4.38924503127589
2,128,700,12,350,temperature,2.0667654216756017,0.38616749677195106,5.351992176845784
2,128,700,12,400,temperature,1.1559435553717066,0.38464906564788115,3.0051900774143325
2,128,700,12,450,temperature,1.2922632499355815,0.3854901691269996,3.3522599366466483
2,128,700,12,500,temperature,1.2433946579287338,0.3866027521795592,3.216207465981086
2,128,700,12,550,temperature,1.9564793217832914,0.3957279828471531,4.944000441179229
2,128,700,12,600,temperature,1.9364471758990816,0.40351386329429245,4.798960710023446
2,128,700,12,650,temperature,1.5705407824437285,0.4179409826496644,3.757805163032364
2,128,700,12,700,temperature,2.116337400694611,0.43318509390139964,4.885526834809154
2,128,700,12,750,temperature,2.091604033305896,0.4588724424807038,4.558138252971796
2,128,700,12,775,temperature,1.4779997652375911,0.47315169514292604,3.123733425051195
2,128,700,12,800,temperature,1.975290435591779,0.49655954560461507,3.977952801585254
2,128,700,12,825,temperature,1.9258488572195165,0.5289229502500123,3.641076372861496
2,128,700,12,850,temperature,4.541309332079104,0.5492320462790488,8.268471155034893
2,128,700,12,875,temperature,3.0515279191431532,0.5552118545186773,5.496150513192077
2,128,700,12,900,temperature,2.0241650354726097,0.5540901862814781,3.6531328032659522
2,128,700,12,925,temperature,2.2912153206890933,0.5540524429570336,4.135376262327528
2,128,700,12,950,temperature,2.1454560005569645,0.5618845563660504,3.8183217108378154
2,128,700,12,975,temperature,2.2048396376528645,0.5814850838539223,3.791738943740048
2,128,700,12,1000,temperature,2.0689842403306646,0.5867095935619725,3.5264196512786756
2,128,700,6,1,u_component_of_wind,28.205071871699,27.204844325386265,1.0367665234305117
2,128,700,6,2,u_component_of_wind,19.194328260600127,22.446676899018403,0.8551077893155533
2,128,700,6,3,u_component_of_wind,15.429051333824688,17.96488830999068,0.8588448237245229
2,128,700,6,5,u_component_of_wind,16.735348380297967,12.295344974765397,1.3611125523232657
2,128,700,6,7,u_component_of_wind,13.174382682162088,9.294833048770784,1.4173877694236117
2,128,700,6,10,u_component_of_wind,10.031721816482472,7.639593738633105,1.3131224198156606
2,128,700,6,20,u_component_of_wind,7.083314521318106,5.407237474167488,1.3099691950201746
2,128,700,6,30,u_component_of_wind,6.030732779743596,4.887009149787574,1.2340334537752475
2,128,700,6,50,u_component_of_wind,8.315327856446062,1.0080882920647531,8.248610684104582
2,128,700,6,70,u_component_of_wind,3.457412015952685,0.9873005182055209,3.5018841297042393
2,128,700,6,100,u_component_of_wind,2.6289307505081734,0.9996051790556035,2.629969117398838
2,128,700,6,125,u_component_of_wind,2.1015503528814867,0.9860765232044753,2.1312244064507597
2,128,700,6,150,u_component_of_wind,2.3749192703459774,1.008586578339923,2.3547004504610416
2,128,700,6,175,u_component_of_wind,4.020324343758209,1.0400778167887839,3.8654072597864526
2,128,700,6,200,u_component_of_wind,8.264922229301767,1.0819338724505698,7.6390271529088905
2,128,700,6,225,u_component_of_wind,6.01400713467193,1.1608111637816696,5.180866037745197
2,128,700,6,250,u_component_of_wind,4.25303086600685,1.2270676950135933,3.466011600900092
2,128,700,6,300,u_component_of_wind,9.563172735563274,1.2830383898066335,7.453535928106203
2,128,700,6,350,u_component_of_wind,8.171124198947362,1.2326156977467604,6.6290930854477175
2,128,700,6,400,u_component_of_wind,3.2373644100606134,1.156851315813363,2.7984273914962667
2,128,700,6,450,u_component_of_wind,2.424525509580979,1.0782033970540394,2.2486717406061576
2,128,700,6,500,u_component_of_wind,2.7477490035218026,1.0116793591201603,2.716027542473014
2,128,700,6,550,u_component_of_wind,2.548030509614152,0.9726858959108473,2.619582046296778
2,128,700,6,600,u_component_of_wind,2.4255306134171244,0.9395080895405804,2.5817027446812184
2,128,700,6,650,u_component_of_wind,2.9622487680278033,0.9249772579484165,3.2025098374829453
2,128,700,6,700,u_component_of_wind,3.4727207058602807,0.9065132547455201,3.8308548580849555
2,128,700,6,750,u_component_of_wind,2.0554488417172188,0.891739235815678,2.3049886773649586
2,128,700,6,775,u_component_of_wind,2.584716583474349,0.8804262263120204,2.9357560079750886
2,128,700,6,800,u_component_of_wind,3.72115561926204,0.8758255989947605,4.248740415366988
2,128,700,6,825,u_component_of_wind,2.4077493827054353,0.871877105839213,2.7615696829060448
2,128,700,6,850,u_component_of_wind,2.7219589264774475,0.8621702091975713,3.1571015762778405
2,128,700,6,875,u_component_of_wind,3.6108944371292724,0.8469161548081213,4.26357959596055
2,128,700,6,900,u_component_of_wind,3.129466938496993,0.8358403242679547,3.7440966266348075
2,128,700,6,925,u_component_of_wind,2.059552996330439,0.8269162330630735,2.490642841417464
2,128,700,6,950,u_component_of_wind,1.712244588789793,0.8123438089459414,2.107783145428929
2,128,700,6,975,u_component_of_wind,1.742209489425109,0.772936429394987,2.2540139436678084
2,128,700,6,1000,u_component_of_wind,2.1244672620112928,0.706530603585151,3.006900552122018
2,128,700,12,1,u_component_of_wind,31.834380433071786,27.46226112494201,1.1592046368009694
2,128,700,12,2,u_component_of_wind,21.350023306208435,22.78817348951218,0.9368905022613758
2,128,700,12,3,u_component_of_wind,16.34740070069827,18.166541807553944,0.8998631040444227
2,128,700,12,5,u_component_of_wind,15.83431024889809,12.260744633946087,1.2914639951849205
2,128,700,12,7,u_component_of_wind,12.472047867080871,9.524868841238225,1.3094193815123982
2,128,700,12,10,u_component_of_wind,11.246695822583952,7.95100896127768,1.414499200963883
2,128,700,12,20,u_component_of_wind,7.947070246136616,5.477049419298465,1.4509765455347172
2,128,700,12,30,u_component_of_wind,7.724553799880781,5.004609116090998,1.5434879369588568
2,128,700,12,50,u_component_of_wind,7.048109776027688,1.225369689553368,5.751823173132866
2,128,700,12,70,u_component_of_wind,6.440101257734642,1.2527041519378546,5.140959457803513
2,128,700,12,100,u_component_of_wind,5.208661510318527,1.3344730172664478,3.903159856306438
2,128,700,12,125,u_component_of_wind,8.6100030879347,1.4032994914029433,6.135542085408214
2,128,700,12,150,u_component_of_wind,5.346251520679349,1.4482899504101174,3.6914234743985013
2,128,700,12,175,u_component_of_wind,4.686267222287337,1.4593780214752943,3.2111400564673165
2,128,700,12,200,u_component_of_wind,6.981438778699961,1.4989932312401402,4.657418481419098
2,128,700,12,225,u_component_of_wind,5.319239204419756,1.5483671457512158,3.4353862512621576
2,128,700,12,250,u_component_of_wind,5.393260659377857,1.592385122726515,3.386907213842468
2,128,700,12,300,u_component_of_wind,10.434312547124215,1.6191918706781985,6.444148303902862
2,128,700,12,350,u_component_of_wind,9.828592927045023,1.568663306882955,6.265584771390575
2,128,700,12,400,u_component_of_wind,4.0984564701367505,1.4608885933225997,2.8054544945246978
2,128,700,12,450,u_component_of_wind,3.712050992281399,1.376503777095619,2.696724160186261
2,128,700,12,500,u_component_of_wind,3.6738273255164304,1.3037908654749457,2.817804160775529
2,128,700,12,550,u_component_of_wind,3.3784025419742396,1.2560531763403548,2.68969706506979
2,128,700,12,600,u_component_of_wind,4.1925318112556464,1.204865241815829,3.479668651522525
2,128,700,12,650,u_component_of_wind,6.394357225707947,1.1724773646159177,5.453714859393147
2,128,700,12,700,u_component_of_wind,4.780015726478931,1.1512080840214391,4.15217352347042
2,128,700,12,750,u_component_of_wind,2.796122554483571,1.13105407624329,2.4721387007159548
2,128,700,12,775,u_component_of_wind,3.44290010910464,1.1134558966289014,3.092084849995732
2,128,700,12,800,u_component_of_wind,4.238345300121324,1.0999742863049096,3.853131253057735
2,128,700,12,825,u_component_of_wind,3.4967298269652525,1.0852946220497843,3.2219175843339354
2,128,700,12,850,u_component_of_wind,3.7801530007794053,1.063151868035196,3.5556096117909117
2,128,700,12,875,u_component_of_wind,4.451200068460372,1.0366226381449382,4.293944493075999
2,128,700,12,900,u_component_of_wind,4.238111594768365,1.0186089664605944,4.160685537154379
2,128,700,12,925,u_component_of_wind,3.176074100337864,0.9983451039950225,3.181338885349709
2,128,700,12,950,u_component_of_wind,3.341502281383051,0.9669131058882187,3.4558454746701406
2,128,700,12,975,u_component_of_wind,3.1634092617955467,0.9082519393379141,3.482964500028008
2,128,700,12,1000,u_component_of_wind,2.9338461641896787,0.823266570642862,3.5636648794068413
2,128,700,6,1,v_component_of_wind,12.19530131754157,10.217615421462448,1.1935565016397982
2,128,700,6,2,v_component_of_wind,8.967932675364178,8.013975230005627,1.1190367349510613
2,128,700,6,3,v_component_of_wind,7.5577640193442495,6.99604354491347,1.0802911632588654
2,128,700,6,5,v_component_of_wind,6.211404665900262,5.856882113139169,1.0605309353872374
2,128,700,6,7,v_component_of_wind,5.388243910430369,5.04879805780746,1.0672330025357204
2,128,700,6,10,v_component_of_wind,4.761362599782686,4.212054649797571,1.1304133007893225
2,128,700,6,20,v_component_of_wind,4.925069972768057,3.132682837034625,1.572157230391728
2,128,700,6,30,v_component_of_wind,3.3972012051947234,2.934383552770658,1.1577222759400594
2,128,700,6,50,v_component_of_wind,3.722662012264157,1.0162184764490427,3.6632496835446253
2,128,700,6,70,v_component_of_wind,11.793637339515108,1.0146993114070182,11.62279032510787
2,128,700,6,100,v_component_of_wind,4.6773280637778685,1.0124299104952352,4.619903081972292
2,128,700,6,125,v_component_of_wind,4.509953096269252,0.9845476252423212,4.580736351031512
2,128,700,6,150,v_component_of_wind,6.5986030096705885,0.990590970267721,6.661279183563751
2,128,700,6,175,v_component_of_wind,5.41281710550867,1.0026061549574068,5.398747133901866
2,128,700,6,200,v_component_of_wind,3.8489276277106854,1.0506483400486595,3.6633833424535056
2,128,700,6,225,v_component_of_wind,3.4202041073286193,1.1539458111821337,2.963920900085307
2,128,700,6,250,v_component_of_wind,9.135227177383257,1.2472675204999661,7.324192306171341
2,128,700,6,300,v_component_of_wind,17.884497929265994,1.347740651303455,13.269984779318754
2,128,700,6,350,v_component_of_wind,8.200821879386504,1.3290593707296534,6.170395439057214
2,128,700,6,400,v_component_of_wind,6.83233679534448,1.2521074225075,5.456669829224301
2,128,700,6,450,v_component_of_wind,4.4660544016711645,1.1675815532403064,3.82504707210973
2,128,700,6,500,v_component_of_wind,3.992739771239492,1.093600898328093,3.6510026439660295
2,128,700,6,550,v_component_of_wind,2.3100771980991035,1.0396268502141275,2.222025333054169
2,128,700,6,600,v_component_of_wind,2.6440441889543935,0.9974577749310111,2.650783076143016
2,128,700,6,650,v_component_of_wind,6.951633280840927,0.9792344605076282,7.099048860307928
2,128,700,6,700,v_component_of_wind,2.0965645814668226,0.9604954173243057,2.1827949864740788
2,128,700,6,750,v_component_of_wind,4.432443715826915,0.9424057204498179,4.703328534244544
2,128,700,6,775,v_component_of_wind,6.571097516590221,0.9308451007215435,7.0592814115867855
2,128,700,6,800,v_component_of_wind,7.298521716548703,0.9278565426619727,7.86600231929132
2,128,700,6,825,v_component_of_wind,3.34657441143284,0.924852716790928,3.6184944377358264
2,128,700,6,850,v_component_of_wind,3.7229385356001745,0.9187872484327434,4.052013719118022
2,128,700,6,875,v_component_of_wind,3.3988574723233462,0.905953755531246,3.7516898092996764
2,128,700,6,900,v_component_of_wind,3.9721859800787915,0.8963129279150315,4.431695512100598
2,128,700,6,925,v_component_of_wind,5.155404750621047,0.891872274973568,5.780429435115959
2,128,700,6,950,v_component_of_wind,5.30799794935377,0.8758473474280674,6.06041448311826
2,128,700,6,975,v_component_of_wind,7.528703826723361,0.8252007431177929,9.123481637059893
2,128,700,6,1000,v_component_of_wind,6.192983586074515,0.7474144380338668,8.285876310291318
2,128,700,12,1,v_component_of_wind,14.020712871569787,10.482487530676527,1.3375368041735134
2,128,700,12,2,v_component_of_wind,11.382076932475558,8.28285003619286,1.3741739718503017
2,128,700,12,3,v_component_of_wind,9.766449253713471,7.032985927686889,1.3886632724893855
2,128,700,12,5,v_component_of_wind,8.371806757201327,5.86003879152654,1.4286265082932108
2,128,700,12,7,v_component_of_wind,7.393361480188463,4.9974288797169395,1.479433056105289
2,128,700,12,10,v_component_of_wind,6.273023114393616,4.14886656632179,1.5119847828596265
2,128,700,12,20,v_component_of_wind,5.321521374524251,3.1775397353000647,1.6747300798180966
2,128,700,12,30,v_component_of_wind,4.745661134379181,2.8725143763266137,1.6520930838466183
2,128,700,12,50,v_component_of_wind,5.231502495311652,1.232130343261439,4.245900219828941
2,128,700,12,70,v_component_of_wind,9.300240654869729,1.282841068041434,7.2497216425015045
2,128,700,12,100,v_component_of_wind,4.835233191302827,1.361613568509896,3.5511053232190855
2,128,700,12,125,v_component_of_wind,5.139154929401549,1.4435593640129738,3.560057907916672
2,128,700,12,150,v_component_of_wind,6.7323156940824065,1.4468369534023977,4.6531267246462145
2,128,700,12,175,v_component_of_wind,9.509232065187033,1.466824377483448,6.482870213475395
2,128,700,12,200,v_component_of_wind,7.027737602334221,1.489788956239781,4.717270572385092
2,128,700,12,225,v_component_of_wind,5.642916696362156,1.5515665010815884,3.636915783131764
2,128,700,12,250,v_component_of_wind,12.483962585775304,1.626023072880356,7.67760482245868
2,128,700,12,300,v_component_of_wind,21.11968021936417,1.6947756501429418,12.461637749859623
2,128,700,12,350,v_component_of_wind,10.929052802134228,1.6538497826984828,6.60824998525681
2,128,700,12,400,v_component_of_wind,8.161610413001425,1.5659867725703829,5.211800352314025
2,128,700,12,450,v_component_of_wind,6.9818063093423435,1.4645700999977944,4.767136997643785
2,128,700,12,500,v_component_of_wind,5.340107864527945,1.374584664089585,3.884888289558218
2,128,700,12,550,v_component_of_wind,4.086566563852577,1.3170282583628798,3.10286931043708
2,128,700,12,600,v_component_of_wind,3.6884412577457915,1.2664602872697064,2.9124018295887537
2,128,700,12,650,v_component_of_wind,8.823699224997073,1.2333919918258158,7.154010471508873
2,128,700,12,700,v_component_of_wind,3.880378556735093,1.2047680340877505,3.220851190389786
2,128,700,12,750,v_component_of_wind,4.628726327694026,1.1801602748151647,3.9221167043764216
2,128,700,12,775,v_component_of_wind,7.002103204969836,1.1650660650273093,6.0100481982587874
2,128,700,12,800,v_component_of_wind,8.54226178377472,1.1491670226066817,7.43343797353157
2,128,700,12,825,v_component_of_wind,4.500337759535398,1.1321480310026766,3.975043577605055
2,128,700,12,850,v_component_of_wind,4.239653896200216,1.1154316246430813,3.800908816402647
2,128,700,12,875,v_component_of_wind,4.189778011343399,1.0951544032767353,3.825741830382506
2,128,700,12,900,v_component_of_wind,5.137164034088323,1.0768333244586314,4.770621337030954
2,128,700,12,925,v_component_of_wind,4.329989972595462,1.0603051665416947,4.0837205261558935
2,128,700,12,950,v_component_of_wind,5.402762278546337,1.033227835962201,5.229013476504894
2,128,700,12,975,v_component_of_wind,8.616381112776224,0.9702092997631178,8.880950857593268
2,128,700,12,1000,v_component_of_wind,8.48569893165656,0.872738794895405,9.72306832386607
2,128,700,6,1,specific_humidity,4.154760975431829e-07,9.093771566984339e-07,0.45687984845759916
2,128,700,6,2,specific_humidity,2.52942201761926e-07,7.335056784697729e-07,0.3448401412373654
2,128,700,6,3,specific_humidity,1.5678106755940558e-07,5.95589768955808e-07,0.263236670156835
2,128,700,6,5,specific_humidity,2.098317198842688e-07,4.224884578703961e-07,0.49665669197674844
2,128,700,6,7,specific_humidity,2.768782881456352e-07,3.348673087158939e-07,0.8268298545097533
2,128,700,6,10,specific_humidity,3.566955231141897e-07,2.470444360450041e-07,1.443851676340569
2,128,700,6,20,specific_humidity,3.5834037533457214e-07,1.196116131921905e-07,2.995866084999582
2,128,700,6,30,specific_humidity,1.7006976346698385e-07,1.0382307119485337e-07,1.6380729399518514
2,128,700,6,50,specific_humidity,2.491011969101855e-07,1.2568902329994858e-08,19.818850554333764
2,128,700,6,70,specific_humidity,1.2280898808895972e-07,2.414820950784697e-08,5.0856353573151205
2,128,700,6,100,specific_humidity,3.507109346741006e-07,8.178295415058188e-08,4.288313357186368
2,128,700,6,125,specific_humidity,7.843843154418701e-07,2.1831824920281115e-07,3.592848139383898
2,128,700,6,150,specific_humidity,2.457785914464317e-06,5.992997945378687e-07,4.10109587365963
2,128,700,6,175,specific_humidity,3.845861735729461e-06,1.5910159323679622e-06,2.4172364697854007
2,128,700,6,200,specific_humidity,1.257277248821877e-05,3.764010817253872e-06,3.3402593931415825
2,128,700,6,225,specific_humidity,5.0130401574158654e-05,7.610957609189218e-06,6.586608958855962
2,128,700,6,250,specific_humidity,6.855747627354954e-05,1.317197315186294e-05,5.204799272146506
2,128,700,6,300,specific_humidity,0.00018753503403881497,2.9177964649465544e-05,6.427282927092382
2,128,700,6,350,specific_humidity,0.00032988932428835153,5.435803037432676e-05,6.0688240912451805
2,128,700,6,400,specific_humidity,0.0005412763728079618,8.676819061223045e-05,6.2381890066941885
2,128,700,6,450,specific_humidity,0.0003973727973877219,0.00012779900835098047,3.109357439585119
2,128,700,6,500,specific_humidity,0.0008968729622926692,0.00016685150995882826,5.375276271182554
2,128,700,6,550,specific_humidity,0.0011956611286623676,0.00021487303231659992,5.564500653114288
2,128,700,6,600,specific_humidity,0.0013402302299734264,0.00025206401385736966,5.31702328096622
2,128,700,6,650,specific_humidity,0.001260523811989065,0.0002942486987821947,4.283872170738519
2,128,700,6,700,specific_humidity,0.0018301536232555704,0.0003363237500858548,5.44164253279282
2,128,700,6,750,specific_humidity,0.0017703992591952364,0.00037860520076298974,4.67610919138832
2,128,700,6,775,specific_humidity,0.0028335024143295116,0.00039260193803214373,7.217240007861404
2,128,700,6,800,specific_humidity,0.003972764253639907,0.00040466835784564294,9.817333568628763
2,128,700,6,825,specific_humidity,0.002346803292328527,0.000413348603569168,5.677540149076185
2,128,700,6,850,specific_humidity,0.0027186187354711045,0.0004130505235106746,6.581806778416651
2,128,700,6,875,specific_humidity,0.004406049082929334,0.00039473209948691704,11.162125118926053
2,128,700,6,900,specific_humidity,0.0021635347312437803,0.00036987817005644063,5.849317170877214
2,128,700,6,925,specific_humidity,0.0008799669339639984,0.00034080341872750274,2.5820366980168012
2,128,700,6,950,specific_humidity,0.0012959433532888894,0.000303403494668488,4.271352756516183
2,128,700,6,975,specific_humidity,0.0006546223733263016,0.0002819638950214839,2.321653179306604
2,128,700,6,1000,specific_humidity,0.0006143636865229905,0.000275698375966985,2.228390661962263
2,128,700,12,1,specific_humidity,3.8011925397572254e-07,9.080329161004982e-07,0.41861836419777115
2,128,700,12,2,specific_humidity,2.2522804237300142e-07,7.324409513202541e-07,0.3075033447638596
2,128,700,12,3,specific_humidity,1.4775626107338742e-07,5.939726085732165e-07,0.24875938543414183
2,128,700,12,5,specific_humidity,2.3855830578155945e-07,4.2120779193082444e-07,0.5663672665883119
2,128,700,12,7,specific_humidity,3.120670378290078e-07,3.3379210086990037e-07,0.9349143883744565
2,128,700,12,10,specific_humidity,3.9363193218495703e-07,2.4667159240052517e-07,1.5957732641779425
2,128,700,12,20,specific_humidity,3.8347793655862164e-07,1.1953609525206157e-07,3.208051390251582
2,128,700,12,30,specific_humidity,1.7430156741142086e-07,1.0361852126020708e-07,1.6821468333225325
2,128,700,12,50,specific_humidity,2.878171542714654e-07,1.4769062930166226e-08,19.487841282305784
2,128,700,12,70,specific_humidity,2.0337076415323654e-07,2.8881383563658692e-08,7.041586622918474
2,128,700,12,100,specific_humidity,5.716044566276689e-07,9.944431694624635e-08,5.747985145663418
2,128,700,12,125,specific_humidity,1.8525137007130361e-06,2.665791101123189e-07,6.949208060348423
2,128,700,12,150,specific_humidity,3.941696446405315e-06,7.456409943061631e-07,5.286319390302781
2,128,700,12,175,specific_humidity,7.48713858941862e-06,1.9578072290918073e-06,3.8242470852923414
2,128,700,12,200,specific_humidity,1.7681921379093612e-05,4.5366179469454594e-06,3.89759983888416
2,128,700,12,225,specific_humidity,6.130267978613297e-05,9.268818447644937e-06,6.613861317103372
2,128,700,12,250,specific_humidity,7.051584690015424e-05,1.6330908997023883e-05,4.317937655093475
2,128,700,12,300,specific_humidity,0.00028652428392009454,3.828203708380854e-05,7.48456210135381
2,128,700,12,350,specific_humidity,0.0004253329749317416,7.105695794177353e-05,5.985803322459621
2,128,700,12,400,specific_humidity,0.00039579106054695714,0.00011351169850510764,3.4867865229692416
2,128,700,12,450,specific_humidity,0.0005859822982190037,0.00016626143881780304,3.5244630528017393
2,128,700,12,500,specific_humidity,0.0007549053272075491,0.00021666352739330884,3.4842289160979596
2,128,700,12,550,specific_humidity,0.000866512417238973,0.0002740387490961615,3.162006906311303
2,128,700,12,600,specific_humidity,0.0010211663707181504,0.0003191822817329346,3.1993203544192284
2,128,700,12,650,specific_humidity,0.0016072420135127762,0.0003763212741969594,4.270930515269185
2,128,700,12,700,specific_humidity,0.0016354652304052548,0.00042801477599088786,3.821048529502338
2,128,700,12,750,specific_humidity,0.0015836420005767432,0.00047705936719613456,3.3195910393384156
2,128,700,12,775,specific_humidity,0.002661024641298093,0.0004927977983879612,5.39983062019114
2,128,700,12,800,specific_humidity,0.003941132971484478,0.000506016114614229,7.788552296381066
2,128,700,12,825,specific_humidity,0.001981000827231743,0.000513151721023688,3.8604583129524306
2,128,700,12,850,specific_humidity,0.002266085835723866,0.0005098219087702497,4.44485769783792
2,128,700,12,875,specific_humidity,0.0034055490931763194,0.0004888356325852617,6.966654773437226
2,128,700,12,900,specific_humidity,0.0020273182938329365,0.00046015351743648107,4.405743337847644
2,128,700,12,925,specific_humidity,0.0010523899569430681,0.0004221751642981526,2.4927803573964837
2,128,700,12,950,specific_humidity,0.001297391493188454,0.00037355317759083136,3.4731105797460033
2,128,700,12,975,specific_humidity,0.0010515330215573662,0.0003543222291402861,2.9677308818833237
2,128,700,12,1000,specific_humidity,0.001021227911478143,0.00034079588043005386,2.9965969958012546
2,128,700,6,1,specific_cloud_ice_water_content,1.7531552425785416e-06,1.4206039464794252e-06,1.2340914911036627
2,128,700,6,2,specific_cloud_ice_water_content,1.7489024666227602e-06,1.4056207277356892e-06,1.2442207432726626
2,128,700,6,3,specific_cloud_ice_water_content,1.7506058431650106e-06,1.4049656067194154e-06,1.2460133079361726
2,128,700,6,5,specific_cloud_ice_water_content,1.7524514378998085e-06,1.3990578523496726e-06,1.2525939759793512
2,128,700,6,7,specific_cloud_ice_water_content,1.7536366126548059e-06,1.4027574858603023e-06,1.250135273082725
2,128,700,6,10,specific_cloud_ice_water_content,1.7492334443731482e-06,1.4106221265270812e-06,1.24004395754072
2,128,700,6,20,specific_cloud_ice_water_content,1.474334816286158e-06,1.1857876167668038e-06,1.243338010482951
2,128,700,6,30,specific_cloud_ice_water_content,1.3391886036364462e-06,1.01028739149733e-06,1.32555212992578
2,128,700,6,50,specific_cloud_ice_water_content,1.9972151964793052e-06,7.708389414940023e-07,2.5909630260873957
2,128,700,6,70,specific_cloud_ice_water_content,1.7273787171583907e-06,6.990539799351904e-07,2.471023364059149
2,128,700,6,100,specific_cloud_ice_water_content,1.720292211182683e-06,9.788538346792786e-07,1.7574556590937163
2,128,700,6,125,specific_cloud_ice_water_content,3.0823366426156797e-06,2.300681746129077e-06,1.3397492494569254
2,128,700,6,150,specific_cloud_ice_water_content,4.487915905925665e-06,3.7490564957738998e-06,1.1970787612789084
2,128,700,6,175,specific_cloud_ice_water_content,6.285165790862758e-06,4.960764079174599e-06,1.266975347053497
2,128,700,6,200,specific_cloud_ice_water_content,7.591313844981677e-06,6.1763666793779366e-06,1.2290905380226307
2,128,700,6,225,specific_cloud_ice_water_content,9.162649634886866e-06,7.1781582016565255e-06,1.2764624820852197
2,128,700,6,250,specific_cloud_ice_water_content,1.0447920060523067e-05,7.50072130594897e-06,1.3929220450087403
2,128,700,6,300,specific_cloud_ice_water_content,1.0633526816435309e-05,7.689260186203563e-06,1.3829063601612142
2,128,700,6,350,specific_cloud_ice_water_content,1.0238975767963184e-05,7.394346892745032e-06,1.3847031950866628
2,128,700,6,400,specific_cloud_ice_water_content,9.242490930593069e-06,6.521993740155893e-06,1.4171266178449518
2,128,700,6,450,specific_cloud_ice_water_content,8.061265736982621e-06,5.656019550027895e-06,1.4252542208668397
2,128,700,6,500,specific_cloud_ice_water_content,6.520117750002308e-06,4.817655002351666e-06,1.3533799632434473
2,128,700,6,550,specific_cloud_ice_water_content,5.655422531129026e-06,3.980803809296654e-06,1.4206735127015093
2,128,700,6,600,specific_cloud_ice_water_content,4.642829793211407e-06,3.3726014668895825e-06,1.3766316117668378
2,128,700,6,650,specific_cloud_ice_water_content,3.915907471735223e-06,2.8844669380874784e-06,1.3575844534836763
2,128,700,6,700,specific_cloud_ice_water_content,3.525075865709997e-06,2.5674993548664024e-06,1.3729607600596345
2,128,700,6,750,specific_cloud_ice_water_content,3.1618142197880193e-06,2.2538395465582705e-06,1.40285683806386
2,128,700,6,775,specific_cloud_ice_water_content,2.9339241817920736e-06,2.1856198644839124e-06,1.3423762427620767
2,128,700,6,800,specific_cloud_ice_water_content,3.014813019427036e-06,2.159897297531843e-06,1.3958131355931238
2,128,700,6,825,specific_cloud_ice_water_content,2.8806809817555552e-06,2.114584282775733e-06,1.3622918723174262
2,128,700,6,850,specific_cloud_ice_water_content,2.641244525952071e-06,1.994722956575078e-06,1.3241159717172275
2,128,700,6,875,specific_cloud_ice_water_content,2.3373325484263155e-06,1.7715402042323753e-06,1.3193787772031418
2,128,700,6,900,specific_cloud_ice_water_content,2.2616064813710667e-06,1.560506010189548e-06,1.4492776487905732
2,128,700,6,925,specific_cloud_ice_water_content,2.44970846946674e-06,1.393651179751738e-06,1.7577629933934584
2,128,700,6,950,specific_cloud_ice_water_content,1.8670083950222303e-06,1.2220703361723148e-06,1.5277421763381858
2,128,700,6,975,specific_cloud_ice_water_content,1.8002061387346962e-06,1.0380023373445382e-06,1.7342987332187134
2,128,700,6,1000,specific_cloud_ice_water_content,1.4345822375049583e-06,9.404953549931882e-07,1.5253474989415006
2,128,700,12,1,specific_cloud_ice_water_content,6.113450650913638e-06,1.27712863812133e-06,4.786871477493912
2,128,700,12,2,specific_cloud_ice_water_content,6.103334480605389e-06,1.2642746506475388e-06,4.827538444656287
2,128,700,12,3,specific_cloud_ice_water_content,6.098628169988792e-06,1.2640891305265725e-06,4.824523858889863
2,128,700,12,5,specific_cloud_ice_water_content,6.092605724418906e-06,1.2586746829862572e-06,4.840492787194186
2,128,700,12,7,specific_cloud_ice_water_content,6.106447240878961e-06,1.2620351699656046e-06,4.838571369643673
2,128,700,12,10,specific_cloud_ice_water_content,6.097527046849787e-06,1.2687063875131808e-06,4.806097854367773
2,128,700,12,20,specific_cloud_ice_water_content,5.020699047494915e-06,1.0812730498755035e-06,4.6433220989582535
2,128,700,12,30,specific_cloud_ice_water_content,4.645504122336571e-06,9.769809145099352e-07,4.754958928411421
2,128,700,12,50,specific_cloud_ice_water_content,7.152015860163535e-06,6.816416203176375e-07,10.492340325156164
2,128,700,12,70,specific_cloud_ice_water_content,5.364408574821105e-06,6.324122695921512e-07,8.482454931307174
2,128,700,12,100,specific_cloud_ice_water_content,6.492300283115522e-06,1.0197976262307674e-06,6.366263380227163
2,128,700,12,125,specific_cloud_ice_water_content,6.5885867986849545e-06,2.6132489397879918e-06,2.521224326687941
2,128,700,12,150,specific_cloud_ice_water_content,8.672864127755751e-06,4.452711544118195e-06,1.9477713842056898
2,128,700,12,175,specific_cloud_ice_water_content,1.202337850134367e-05,5.752705843374457e-06,2.090038814550428
2,128,700,12,200,specific_cloud_ice_water_content,1.2776861698789245e-05,6.637574144716837e-06,1.924929412496124
2,128,700,12,225,specific_cloud_ice_water_content,1.5747973271740565e-05,7.375842694930471e-06,2.1350744481799193
2,128,700,12,250,specific_cloud_ice_water_content,1.5935964008784653e-05,7.904301569886212e-06,2.016112855498511
2,128,700,12,300,specific_cloud_ice_water_content,1.7015330423038037e-05,8.344517644939767e-06,2.0391029352495136
2,128,700,12,350,specific_cloud_ice_water_content,1.6920673723849195e-05,8.183593765233976e-06,2.0676336349603024
2,128,700,12,400,specific_cloud_ice_water_content,1.4855685012920381e-05,7.2654384058282434e-06,2.0447059328179478
2,128,700,12,450,specific_cloud_ice_water_content,1.3047177087574223e-05,6.09247476470605e-06,2.14152336964234
2,128,700,12,500,specific_cloud_ice_water_content,1.1701904402431225e-05,5.092985529972657e-06,2.2976512172603893
2,128,700,12,550,specific_cloud_ice_water_content,1.185561623150332e-05,4.1158823732390346e-06,2.880455551545178
2,128,700,12,600,specific_cloud_ice_water_content,9.658016630029955e-06,3.4242924170244736e-06,2.8204415551701785
2,128,700,12,650,specific_cloud_ice_water_content,8.647949345769283e-06,2.8939214499877803e-06,2.988315161700674
2,128,700,12,700,specific_cloud_ice_water_content,7.727812260948107e-06,2.5180278369919815e-06,3.068993975134007
2,128,700,12,750,specific_cloud_ice_water_content,7.764107012008305e-06,2.2037272640427857e-06,3.5231705568523397
2,128,700,12,775,specific_cloud_ice_water_content,7.818604712653938e-06,2.2125921655815606e-06,3.5336854366014108
2,128,700,12,800,specific_cloud_ice_water_content,7.619837793874852e-06,2.164528765299139e-06,3.5203217975353573
2,128,700,12,825,specific_cloud_ice_water_content,7.151051381671086e-06,2.1075439097652677e-06,3.3930734959005195
2,128,700,12,850,specific_cloud_ice_water_content,6.845406249226736e-06,1.969919514424286e-06,3.4749674791801453
2,128,700,12,875,specific_cloud_ice_water_content,6.4441280865376816e-06,1.739973253363324e-06,3.7035788188590524
2,128,700,12,900,specific_cloud_ice_water_content,6.909835706189635e-06,1.5534753578722499e-06,4.447985396854853
2,128,700,12,925,specific_cloud_ice_water_content,5.800750417874379e-06,1.3801596508072998e-06,4.202956096043913
2,128,700,12,950,specific_cloud_ice_water_content,4.953501190038759e-06,1.1878459700102878e-06,4.170154477180115
2,128,700,12,975,specific_cloud_ice_water_content,4.586518463782508e-06,1.0087398927121866e-06,4.546780093578724
2,128,700,12,1000,specific_cloud_ice_water_content,5.167252361189659e-06,9.068753061303431e-07,5.697864222633251
2,128,700,6,1,specific_cloud_liquid_water_content,4.872659395806661e-06,2.607430654687599e-06,1.8687589589570361
2,128,700,6,2,specific_cloud_liquid_water_content,4.9027889339429055e-06,2.6116698308202425e-06,1.8772621546893986
2,128,700,6,3,specific_cloud_liquid_water_content,4.898793024479354e-06,2.5949910173011508e-06,1.8877880469791413
2,128,700,6,5,specific_cloud_liquid_water_content,4.928111273446055e-06,2.6077422040062975e-06,1.889800021595292
2,128,700,6,7,specific_cloud_liquid_water_content,4.901660564526182e-06,2.625027431847605e-06,1.8672797491781585
2,128,700,6,10,specific_cloud_liquid_water_content,4.877701472983538e-06,2.5969440454393827e-06,1.8782466574701533
2,128,700,6,20,specific_cloud_liquid_water_content,4.284474223300695e-06,2.2785213747666373e-06,1.8803748214736427
2,128,700,6,30,specific_cloud_liquid_water_content,3.864574062313907e-06,1.9447560652356706e-06,1.9871767628839292
2,128,700,6,50,specific_cloud_liquid_water_content,4.96615089057165e-06,1.9026943828573445e-06,2.610062307070988
2,128,700,6,70,specific_cloud_liquid_water_content,5.164514380288482e-06,1.5165505909421657e-06,3.4054349463409577
2,128,700,6,100,specific_cloud_liquid_water_content,4.8765206156837095e-06,1.5032028760004338e-06,3.2440868052745144
2,128,700,6,125,specific_cloud_liquid_water_content,4.037235638648502e-06,1.3879582471183588e-06,2.9087587087223272
2,128,700,6,150,specific_cloud_liquid_water_content,4.029108158345278e-06,1.480373494315754e-06,2.7216835304171525
2,128,700,6,175,specific_cloud_liquid_water_content,2.7762254821583724e-06,1.6357976890769738e-06,1.6971692163991894
2,128,700,6,200,specific_cloud_liquid_water_content,3.2246546615096216e-06,1.8112852966820385e-06,1.780312945407679
2,128,700,6,225,specific_cloud_liquid_water_content,2.6473475444299045e-06,1.6772163907512642e-06,1.5784174057851272
2,128,700,6,250,specific_cloud_liquid_water_content,2.7437582545725734e-06,1.7577519747550994e-06,1.5609473315795024
2,128,700,6,300,specific_cloud_liquid_water_content,5.6605008941714135e-06,2.2215981351880656e-06,2.5479409639908766
2,128,700,6,350,specific_cloud_liquid_water_content,4.279454302828416e-06,2.753910700547746e-06,1.5539553631776235
2,128,700,6,400,specific_cloud_liquid_water_content,5.787375640711723e-06,3.771407205589865e-06,1.5345401133385572
2,128,700,6,450,specific_cloud_liquid_water_content,7.919837601602426e-06,5.561933571204527e-06,1.423936028759016
2,128,700,6,500,specific_cloud_liquid_water_content,1.044358278246384e-05,8.249067358806768e-06,1.266031943758368
2,128,700,6,550,specific_cloud_liquid_water_content,1.2804637070935178e-05,1.1006397365588961e-05,1.1633813177569199
2,128,700,6,600,specific_cloud_liquid_water_content,1.2702899784719671e-05,9.540017729517219e-06,1.3315383833529324
2,128,700,6,650,specific_cloud_liquid_water_content,1.3012662662710281e-05,9.543024885674254e-06,1.3635784060717016
2,128,700,6,700,specific_cloud_liquid_water_content,1.4488363323559803e-05,1.0752393249598763e-05,1.3474547467932734
2,128,700,6,750,specific_cloud_liquid_water_content,1.9506815673048936e-05,1.2409822064669506e-05,1.5718852028172439
2,128,700,6,775,specific_cloud_liquid_water_content,2.3928179506584603e-05,1.307133403266907e-05,1.8305843494459795
2,128,700,6,800,specific_cloud_liquid_water_content,3.686940682727102e-05,1.4138016620359287e-05,2.607820305867915
2,128,700,6,825,specific_cloud_liquid_water_content,6.513165685383124e-05,1.60658139419533e-05,4.0540527289283705
2,128,700,6,850,specific_cloud_liquid_water_content,0.00016342237204698063,1.7874178422521548e-05,9.142930555122337
2,128,700,6,875,specific_cloud_liquid_water_content,0.00023706557607666324,1.8107670967379836e-05,13.091997115682426
2,128,700,6,900,specific_cloud_liquid_water_content,0.0001098071856460451,1.7254756612115812e-05,6.363879138633664
2,128,700,6,925,specific_cloud_liquid_water_content,2.625960423012118e-05,1.5449699350835324e-05,1.6996838342165792
2,128,700,6,950,specific_cloud_liquid_water_content,2.46231044746707e-05,1.305610728390447e-05,1.885945323459925
2,128,700,6,975,specific_cloud_liquid_water_content,1.8246788749938204e-05,9.737965528549028e-06,1.873778326329422
2,128,700,6,1000,specific_cloud_liquid_water_content,1.2010488133491857e-05,7.395349420625011e-06,1.6240595880426705
2,128,700,12,1,specific_cloud_liquid_water_content,1.418095211278096e-05,2.3955921449157327e-06,5.919602025277048
2,128,700,12,2,specific_cloud_liquid_water_content,1.4133139037422448e-05,2.399021227872687e-06,5.891210495854969
2,128,700,12,3,specific_cloud_liquid_water_content,1.4137124342245674e-05,2.382314443958685e-06,5.934197468388789
2,128,700,12,5,specific_cloud_liquid_water_content,1.4147356624706947e-05,2.3938712964121736e-06,5.909823408597767
2,128,700,12,7,specific_cloud_liquid_water_content,1.4151892882818672e-05,2.413580942605357e-06,5.863442419934884
2,128,700,12,10,specific_cloud_liquid_water_content,1.4139189642474218e-05,2.384486587080648e-06,5.9296578639114825
2,128,700,12,20,specific_cloud_liquid_water_content,1.1658622195657464e-05,2.1026422542785122e-06,5.544748362178202
2,128,700,12,30,specific_cloud_liquid_water_content,9.449441367779514e-06,1.7878771291494073e-06,5.285285668526416
2,128,700,12,50,specific_cloud_liquid_water_content,1.4044823897775136e-05,1.6236477592480129e-06,8.65016677279803
2,128,700,12,70,specific_cloud_liquid_water_content,1.2831762447031957e-05,1.3853221405769922e-06,9.26265600699017
2,128,700,12,100,specific_cloud_liquid_water_content,1.2824336873273666e-05,1.3806654115280863e-06,9.288518975122297
2,128,700,12,125,specific_cloud_liquid_water_content,1.3766004054403489e-05,1.2714968518008162e-06,10.82661277132283
2,128,700,12,150,specific_cloud_liquid_water_content,1.6179376140777347e-05,1.3507613938978529e-06,11.977967547687303
2,128,700,12,175,specific_cloud_liquid_water_content,1.8553793772851526e-05,1.4652807630685863e-06,12.662278957376216
2,128,700,12,200,specific_cloud_liquid_water_content,1.648900039261259e-05,1.5821009762451061e-06,10.42221744388712
2,128,700,12,225,specific_cloud_liquid_water_content,1.4447458818407439e-05,1.5132638671616578e-06,9.547217198482183
2,128,700,12,250,specific_cloud_liquid_water_content,1.8504282711819468e-05,1.5912636896604316e-06,11.628671496782658
2,128,700,12,300,specific_cloud_liquid_water_content,2.0228815033832278e-05,2.0908513691017255e-06,9.674917754925358
2,128,700,12,350,specific_cloud_liquid_water_content,1.7736483212925234e-05,2.655451973832682e-06,6.679270944345385
2,128,700,12,400,specific_cloud_liquid_water_content,1.8914661797647542e-05,3.930265127948911e-06,4.812566374502715
2,128,700,12,450,specific_cloud_liquid_water_content,2.003321089737623e-05,6.135511837509051e-06,3.265124642887086
2,128,700,12,500,specific_cloud_liquid_water_content,2.1879323314107212e-05,9.141366386971055e-06,2.393441241485652
2,128,700,12,550,specific_cloud_liquid_water_content,2.427553420618597e-05,1.131560296898968e-05,2.1453151257350473
2,128,700,12,600,specific_cloud_liquid_water_content,2.335036523317065e-05,1.0383059752732913e-05,2.2488905765012697
2,128,700,12,650,specific_cloud_liquid_water_content,2.3084691274193847e-05,1.0286131126245412e-05,2.2442540339868384
2,128,700,12,700,specific_cloud_liquid_water_content,2.469446757547454e-05,1.1465011272079349e-05,2.1538982378161964
2,128,700,12,750,specific_cloud_liquid_water_content,2.930051702064227e-05,1.2924533119900512e-05,2.267046457216074
2,128,700,12,775,specific_cloud_liquid_water_content,3.2720177344271774e-05,1.3575290788232133e-05,2.410274509378139
2,128,700,12,800,specific_cloud_liquid_water_content,4.315926318914013e-05,1.4862990392207031e-05,2.903807514520726
2,128,700,12,825,specific_cloud_liquid_water_content,6.776353644899371e-05,1.7093636541768304e-05,3.964255135729223
2,128,700,12,850,specific_cloud_liquid_water_content,0.00016080531579162248,1.8984221594876112e-05,8.47047191205481
2,128,700,12,875,specific_cloud_liquid_water_content,0.00023649633217867567,1.9187610125346293e-05,12.325471001011776
2,128,700,12,900,specific_cloud_liquid_water_content,0.00010892428503184095,1.806657853485932e-05,6.029048877277587
2,128,700,12,925,specific_cloud_liquid_water_content,3.736751943803135e-05,1.6607928902824433e-05,2.249980696369457
2,128,700,12,950,specific_cloud_liquid_water_content,3.322599460076819e-05,1.3881413295747411e-05,2.393559927428068
2,128,700,12,975,specific_cloud_liquid_water_content,2.757824931577282e-05,1.0499811639986593e-05,2.6265470525915107
2,128,700,12,1000,specific_cloud_liquid_water_content,1.704877140498061e-05,7.403535963718365e-06,2.3027876799045095
2,256,0,6,1,geopotential,30017.112690917347,30017.112690917347,1.0
2,256,0,6,2,geopotential,20502.3884876883,20502.3884876883,1.0
2,256,0,6,3,geopotential,15455.170984071645,15455.170984071645,1.0
2,256,0,6,5,geopotential,9454.636002500229,9454.636002500229,1.0
2,256,0,6,7,geopotential,5951.390274193691,5951.390274193691,1.0
2,256,0,6,10,geopotential,2712.6580123551735,2712.6580123551735,1.0
2,256,0,6,20,geopotential,1383.490532900262,1383.490532900262,1.0
2,256,0,6,30,geopotential,1782.3774993327822,1782.3774993327822,1.0
2,256,0,6,50,geopotential,48.71837840567823,48.71837840567823,1.0
2,256,0,6,70,geopotential,44.25181490018717,44.25181490018717,1.0
2,256,0,6,100,geopotential,32.36684696735586,32.36684696735586,1.0
2,256,0,6,125,geopotential,27.250452833998416,27.250452833998416,1.0
2,256,0,6,150,geopotential,25.853203015822537,25.853203015822537,1.0
2,256,0,6,175,geopotential,25.879460085026363,25.879460085026363,1.0
2,256,0,6,200,geopotential,26.94857391969595,26.94857391969595,1.0
2,256,0,6,225,geopotential,27.00899913723362,27.00899913723362,1.0
2,256,0,6,250,geopotential,27.853511372988223,27.853511372988223,1.0
2,256,0,6,300,geopotential,29.16670333614647,29.16670333614647,1.0
2,256,0,6,350,geopotential,29.207937994145585,29.207937994145585,1.0
2,256,0,6,400,geopotential,28.084448168897442,28.084448168897442,1.0
2,256,0,6,450,geopotential,26.924804839753435,26.924804839753435,1.0
2,256,0,6,500,geopotential,25.5906557844183,25.5906557844183,1.0
2,256,0,6,550,geopotential,24.343130155875908,24.343130155875908,1.0
2,256,0,6,600,geopotential,23.777138524480296,23.777138524480296,1.0
2,256,0,6,650,geopotential,23.42100179145581,23.42100179145581,1.0
2,256,0,6,700,geopotential,23.71434595430227,23.71434595430227,1.0
2,256,0,6,750,geopotential,23.925957089770304,23.925957089770304,1.0
2,256,0,6,775,geopotential,24.122567562987896,24.122567562987896,1.0
2,256,0,6,800,geopotential,24.41477679319394,24.41477679319394,1.0
2,256,0,6,825,geopotential,24.82136838384357,24.82136838384357,1.0
2,256,0,6,850,geopotential,25.2001591806623,25.2001591806623,1.0
2,256,0,6,875,geopotential,25.662939695315867,25.662939695315867,1.0
2,256,0,6,900,geopotential,26.37463086834615,26.37463086834615,1.0
2,256,0,6,925,geopotential,27.231975129279554,27.231975129279554,1.0
2,256,0,6,950,geopotential,28.138298628468174,28.138298628468174,1.0
2,256,0,6,975,geopotential,29.473191721908822,29.473191721908822,1.0
2,256,0,6,1000,geopotential,31.291805198544278,31.291805198544278,1.0
2,256,0,12,1,geopotential,30099.61107599867,30099.61107599867,1.0
2,256,0,12,2,geopotential,20556.287520213456,20556.287520213456,1.0
2,256,0,12,3,geopotential,15507.45263428121,15507.45263428121,1.0
2,256,0,12,5,geopotential,9517.41630724174,9517.41630724174,1.0
2,256,0,12,7,geopotential,6007.6511213527965,6007.6511213527965,1.0
2,256,0,12,10,geopotential,2756.217166095862,2756.217166095862,1.0
2,256,0,12,20,geopotential,1365.0179063296034,1365.0179063296034,1.0
2,256,0,12,30,geopotential,1774.250391415416,1774.250391415416,1.0
2,256,0,12,50,geopotential,55.17989138971129,55.17989138971129,1.0
2,256,0,12,70,geopotential,49.91324058242187,49.91324058242187,1.0
2,256,0,12,100,geopotential,42.80226084430572,42.80226084430572,1.0
2,256,0,12,125,geopotential,39.49994677240546,39.49994677240546,1.0
2,256,0,12,150,geopotential,38.77491351585309,38.77491351585309,1.0
2,256,0,12,175,geopotential,39.45872299543518,39.45872299543518,1.0
2,256,0,12,200,geopotential,40.063107482973635,40.063107482973635,1.0
2,256,0,12,225,geopotential,40.60130881702422,40.60130881702422,1.0
2,256,0,12,250,geopotential,41.50180991383049,41.50180991383049,1.0
2,256,0,12,300,geopotential,42.35167640644654,42.35167640644654,1.0
2,256,0,12,350,geopotential,41.3502812284645,41.3502812284645,1.0
2,256,0,12,400,geopotential,39.58815846139158,39.58815846139158,1.0
2,256,0,12,450,geopotential,37.54494662029602,37.54494662029602,1.0
2,256,0,12,500,geopotential,35.81582511424455,35.81582511424455,1.0
2,256,0,12,550,geopotential,34.219916513185105,34.219916513185105,1.0
2,256,0,12,600,geopotential,33.34975694310038,33.34975694310038,1.0
2,256,0,12,650,geopotential,32.931674105995604,32.931674105995604,1.0
2,256,0,12,700,geopotential,32.75115749764068,32.75115749764068,1.0
2,256,0,12,750,geopotential,32.85069284153013,32.85069284153013,1.0
2,256,0,12,775,geopotential,33.061566561287194,33.061566561287194,1.0
2,256,0,12,800,geopotential,33.21946376461902,33.21946376461902,1.0
2,256,0,12,825,geopotential,33.453054395137165,33.453054395137165,1.0
2,256,0,12,850,geopotential,33.83298582439143,33.83298582439143,1.0
2,256,0,12,875,geopotential,34.27083730973553,34.27083730973553,1.0
2,256,0,12,900,geopotential,35.02366326165239,35.02366326165239,1.0
2,256,0,12,925,geopotential,35.82811215419129,35.82811215419129,1.0
2,256,0,12,950,geopotential,36.70322952148421,36.70322952148421,1.0
2,256,0,12,975,geopotential,37.89761550929476,37.89761550929476,1.0
2,256,0,12,1000,geopotential,39.40759602093331,39.40759602093331,1.0
2,256,0,6,1,temperature,8.585644145124043,8.585644145124043,1.0
2,256,0,6,2,temperature,6.857750280841892,6.857750280841892,1.0
2,256,0,6,3,temperature,5.595503425158137,5.595503425158137,1.0
2,256,0,6,5,temperature,4.228495628067508,4.228495628067508,1.0
2,256,0,6,7,temperature,3.497812416957201,3.497812416957201,1.0
2,256,0,6,10,temperature,2.581661702999672,2.581661702999672,1.0
2,256,0,6,20,temperature,2.3380640474223027,2.3380640474223027,1.0
2,256,0,6,30,temperature,2.0263439145660045,2.0263439145660045,1.0
2,256,0,6,50,temperature,0.5925003334836259,0.5925003334836259,1.0
2,256,0,6,70,temperature,0.5706100911703732,0.5706100911703732,1.0
2,256,0,6,100,temperature,0.45749890306441693,0.45749890306441693,1.0
2,256,0,6,125,temperature,0.36691240447176915,0.36691240447176915,1.0
2,256,0,6,150,temperature,0.327471433827833,0.327471433827833,1.0
2,256,0,6,175,temperature,0.30621465563802763,0.30621465563802763,1.0
2,256,0,6,200,temperature,0.31506225114522685,0.31506225114522685,1.0
2,256,0,6,225,temperature,0.32288913260873686,0.32288913260873686,1.0
2,256,0,6,250,temperature,0.31689929214080653,0.31689929214080653,1.0
2,256,0,6,300,temperature,0.31351115945525054,0.31351115945525054,1.0
2,256,0,6,350,temperature,0.3036021504230704,0.3036021504230704,1.0
2,256,0,6,400,temperature,0.30196674989182404,0.30196674989182404,1.0
2,256,0,6,450,temperature,0.30076424636283866,0.30076424636283866,1.0
2,256,0,6,500,temperature,0.30229639005800685,0.30229639005800685,1.0
2,256,0,6,550,temperature,0.31002479252728576,0.31002479252728576,1.0
2,256,0,6,600,temperature,0.3179765382408303,0.3179765382408303,1.0
2,256,0,6,650,temperature,0.33060825539124505,0.33060825539124505,1.0
2,256,0,6,700,temperature,0.34310377892444033,0.34310377892444033,1.0
2,256,0,6,750,temperature,0.36546232228631653,0.36546232228631653,1.0
2,256,0,6,775,temperature,0.3751180538068075,0.3751180538068075,1.0
2,256,0,6,800,temperature,0.39138594820423345,0.39138594820423345,1.0
2,256,0,6,825,temperature,0.4166086232846167,0.4166086232846167,1.0
2,256,0,6,850,temperature,0.4357134643717728,0.4357134643717728,1.0
2,256,0,6,875,temperature,0.4444190285900196,0.4444190285900196,1.0
2,256,0,6,900,temperature,0.44668719440069277,0.44668719440069277,1.0
2,256,0,6,925,temperature,0.4469750334402169,0.4469750334402169,1.0
2,256,0,6,950,temperature,0.4578317390549868,0.4578317390549868,1.0
2,256,0,6,975,temperature,0.4764615387155689,0.4764615387155689,1.0
2,256,0,6,1000,temperature,0.49038267063452684,0.49038267063452684,1.0
2,256,0,12,1,temperature,8.776011564895203,8.776011564895203,1.0
2,256,0,12,2,temperature,7.063462784717067,7.063462784717067,1.0
2,256,0,12,3,temperature,5.7022668992123995,5.7022668992123995,1.0
2,256,0,12,5,temperature,4.21884947342009,4.21884947342009,1.0
2,256,0,12,7,temperature,3.471642576905905,3.471642576905905,1.0
2,256,0,12,10,temperature,2.614215516132537,2.614215516132537,1.0
2,256,0,12,20,temperature,2.30286567456838,2.30286567456838,1.0
2,256,0,12,30,temperature,1.982833346326317,1.982833346326317,1.0
2,256,0,12,50,temperature,0.6592189242831626,0.6592189242831626,1.0
2,256,0,12,70,temperature,0.6875973489775065,0.6875973489775065,1.0
2,256,0,12,100,temperature,0.5628857260845362,0.5628857260845362,1.0
2,256,0,12,125,temperature,0.45562571363341287,0.45562571363341287,1.0
2,256,0,12,150,temperature,0.41538347547254273,0.41538347547254273,1.0
2,256,0,12,175,temperature,0.405905629698738,0.405905629698738,1.0
2,256,0,12,200,temperature,0.4124115518788631,0.4124115518788631,1.0
2,256,0,12,225,temperature,0.42051625913661916,0.42051625913661916,1.0
2,256,0,12,250,temperature,0.4163311801126107,0.4163311801126107,1.0
2,256,0,12,300,temperature,0.4000853409854401,0.4000853409854401,1.0
2,256,0,12,350,temperature,0.38616749677195106,0.38616749677195106,1.0
2,256,0,12,400,temperature,0.38464906564788115,0.38464906564788115,1.0
2,256,0,12,450,temperature,0.3854901691269996,0.3854901691269996,1.0
2,256,0,12,500,temperature,0.3866027521795592,0.3866027521795592,1.0
2,256,0,12,550,temperature,0.3957279828471531,0.3957279828471531,1.0
2,256,0,12,600,temperature,0.40351386329429245,0.40351386329429245,1.0
2,256,0,12,650,temperature,0.4179409826496644,0.4179409826496644,1.0
2,256,0,12,700,temperature,0.43318509390139964,0.43318509390139964,1.0
2,256,0,12,750,temperature,0.4588724424807038,0.4588724424807038,1.0
2,256,0,12,775,temperature,0.47315169514292604,0.47315169514292604,1.0
2,256,0,12,800,temperature,0.49655954560461507,0.49655954560461507,1.0
2,256,0,12,825,temperature,0.5289229502500123,0.5289229502500123,1.0
2,256,0,12,850,temperature,0.5492320462790488,0.5492320462790488,1.0
2,256,0,12,875,temperature,0.5552118545186773,0.5552118545186773,1.0
2,256,0,12,900,temperature,0.5540901862814781,0.5540901862814781,1.0
2,256,0,12,925,temperature,0.5540524429570336,0.5540524429570336,1.0
2,256,0,12,950,temperature,0.5618845563660504,0.5618845563660504,1.0
2,256,0,12,975,temperature,0.5814850838539223,0.5814850838539223,1.0
2,256,0,12,1000,temperature,0.5867095935619725,0.5867095935619725,1.0
2,256,0,6,1,u_component_of_wind,27.204844325386265,27.204844325386265,1.0
2,256,0,6,2,u_component_of_wind,22.446676899018403,22.446676899018403,1.0
2,256,0,6,3,u_component_of_wind,17.96488830999068,17.96488830999068,1.0
2,256,0,6,5,u_component_of_wind,12.295344974765397,12.295344974765397,1.0
2,256,0,6,7,u_component_of_wind,9.294833048770784,9.294833048770784,1.0
2,256,0,6,10,u_component_of_wind,7.639593738633105,7.639593738633105,1.0
2,256,0,6,20,u_component_of_wind,5.407237474167488,5.407237474167488,1.0
2,256,0,6,30,u_component_of_wind,4.887009149787574,4.887009149787574,1.0
2,256,0,6,50,u_component_of_wind,1.0080882920647531,1.0080882920647531,1.0
2,256,0,6,70,u_component_of_wind,0.9873005182055209,0.9873005182055209,1.0
2,256,0,6,100,u_component_of_wind,0.9996051790556035,0.9996051790556035,1.0
2,256,0,6,125,u_component_of_wind,0.9860765232044753,0.9860765232044753,1.0
2,256,0,6,150,u_component_of_wind,1.008586578339923,1.008586578339923,1.0
2,256,0,6,175,u_component_of_wind,1.0400778167887839,1.0400778167887839,1.0
2,256,0,6,200,u_component_of_wind,1.0819338724505698,1.0819338724505698,1.0
2,256,0,6,225,u_component_of_wind,1.1608111637816696,1.1608111637816696,1.0
2,256,0,6,250,u_component_of_wind,1.2270676950135933,1.2270676950135933,1.0
2,256,0,6,300,u_component_of_wind,1.2830383898066335,1.2830383898066335,1.0
2,256,0,6,350,u_component_of_wind,1.2326156977467604,1.2326156977467604,1.0
2,256,0,6,400,u_component_of_wind,1.156851315813363,1.156851315813363,1.0
2,256,0,6,450,u_component_of_wind,1.0782033970540394,1.0782033970540394,1.0
2,256,0,6,500,u_component_of_wind,1.0116793591201603,1.0116793591201603,1.0
2,256,0,6,550,u_component_of_wind,0.9726858959108473,0.9726858959108473,1.0
2,256,0,6,600,u_component_of_wind,0.9395080895405804,0.9395080895405804,1.0
2,256,0,6,650,u_component_of_wind,0.9249772579484165,0.9249772579484165,1.0
2,256,0,6,700,u_component_of_wind,0.9065132547455201,0.9065132547455201,1.0
2,256,0,6,750,u_component_of_wind,0.891739235815678,0.891739235815678,1.0
2,256,0,6,775,u_component_of_wind,0.8804262263120204,0.8804262263120204,1.0
2,256,0,6,800,u_component_of_wind,0.8758255989947605,0.8758255989947605,1.0
2,256,0,6,825,u_component_of_wind,0.871877105839213,0.871877105839213,1.0
2,256,0,6,850,u_component_of_wind,0.8621702091975713,0.8621702091975713,1.0
2,256,0,6,875,u_component_of_wind,0.8469161548081213,0.8469161548081213,1.0
2,256,0,6,900,u_component_of_wind,0.8358403242679547,0.8358403242679547,1.0
2,256,0,6,925,u_component_of_wind,0.8269162330630735,0.8269162330630735,1.0
2,256,0,6,950,u_component_of_wind,0.8123438089459414,0.8123438089459414,1.0
2,256,0,6,975,u_component_of_wind,0.772936429394987,0.772936429394987,1.0
2,256,0,6,1000,u_component_of_wind,0.706530603585151,0.706530603585151,1.0
2,256,0,12,1,u_component_of_wind,27.46226112494201,27.46226112494201,1.0
2,256,0,12,2,u_component_of_wind,22.78817348951218,22.78817348951218,1.0
2,256,0,12,3,u_component_of_wind,18.166541807553944,18.166541807553944,1.0
2,256,0,12,5,u_component_of_wind,12.260744633946087,12.260744633946087,1.0
2,256,0,12,7,u_component_of_wind,9.524868841238225,9.524868841238225,1.0
2,256,0,12,10,u_component_of_wind,7.95100896127768,7.95100896127768,1.0
2,256,0,12,20,u_component_of_wind,5.477049419298465,5.477049419298465,1.0
2,256,0,12,30,u_component_of_wind,5.004609116090998,5.004609116090998,1.0
2,256,0,12,50,u_component_of_wind,1.225369689553368,1.225369689553368,1.0
2,256,0,12,70,u_component_of_wind,1.2527041519378546,1.2527041519378546,1.0
2,256,0,12,100,u_component_of_wind,1.3344730172664478,1.3344730172664478,1.0
2,256,0,12,125,u_component_of_wind,1.4032994914029433,1.4032994914029433,1.0
2,256,0,12,150,u_component_of_wind,1.4482899504101174,1.4482899504101174,1.0
2,256,0,12,175,u_component_of_wind,1.4593780214752943,1.4593780214752943,1.0
2,256,0,12,200,u_component_of_wind,1.4989932312401402,1.4989932312401402,1.0
2,256,0,12,225,u_component_of_wind,1.5483671457512158,1.5483671457512158,1.0
2,256,0,12,250,u_component_of_wind,1.592385122726515,1.592385122726515,1.0
2,256,0,12,300,u_component_of_wind,1.6191918706781985,1.6191918706781985,1.0
2,256,0,12,350,u_component_of_wind,1.568663306882955,1.568663306882955,1.0
2,256,0,12,400,u_component_of_wind,1.4608885933225997,1.4608885933225997,1.0
2,256,0,12,450,u_component_of_wind,1.376503777095619,1.376503777095619,1.0
2,256,0,12,500,u_component_of_wind,1.3037908654749457,1.3037908654749457,1.0
2,256,0,12,550,u_component_of_wind,1.2560531763403548,1.2560531763403548,1.0
2,256,0,12,600,u_component_of_wind,1.204865241815829,1.204865241815829,1.0
2,256,0,12,650,u_component_of_wind,1.1724773646159177,1.1724773646159177,1.0
2,256,0,12,700,u_component_of_wind,1.1512080840214391,1.1512080840214391,1.0
2,256,0,12,750,u_component_of_wind,1.13105407624329,1.13105407624329,1.0
2,256,0,12,775,u_component_of_wind,1.1134558966289014,1.1134558966289014,1.0
2,256,0,12,800,u_component_of_wind,1.0999742863049096,1.0999742863049096,1.0
2,256,0,12,825,u_component_of_wind,1.0852946220497843,1.0852946220497843,1.0
2,256,0,12,850,u_component_of_wind,1.063151868035196,1.063151868035196,1.0
2,256,0,12,875,u_component_of_wind,1.0366226381449382,1.0366226381449382,1.0
2,256,0,12,900,u_component_of_wind,1.0186089664605944,1.0186089664605944,1.0
2,256,0,12,925,u_component_of_wind,0.9983451039950225,0.9983451039950225,1.0
2,256,0,12,950,u_component_of_wind,0.9669131058882187,0.9669131058882187,1.0
2,256,0,12,975,u_component_of_wind,0.9082519393379141,0.9082519393379141,1.0
2,256,0,12,1000,u_component_of_wind,0.823266570642862,0.823266570642862,1.0
2,256,0,6,1,v_component_of_wind,10.217615421462448,10.217615421462448,1.0
2,256,0,6,2,v_component_of_wind,8.013975230005627,8.013975230005627,1.0
2,256,0,6,3,v_component_of_wind,6.99604354491347,6.99604354491347,1.0
2,256,0,6,5,v_component_of_wind,5.856882113139169,5.856882113139169,1.0
2,256,0,6,7,v_component_of_wind,5.04879805780746,5.04879805780746,1.0
2,256,0,6,10,v_component_of_wind,4.212054649797571,4.212054649797571,1.0
2,256,0,6,20,v_component_of_wind,3.132682837034625,3.132682837034625,1.0
2,256,0,6,30,v_component_of_wind,2.934383552770658,2.934383552770658,1.0
2,256,0,6,50,v_component_of_wind,1.0162184764490427,1.0162184764490427,1.0
2,256,0,6,70,v_component_of_wind,1.0146993114070182,1.0146993114070182,1.0
2,256,0,6,100,v_component_of_wind,1.0124299104952352,1.0124299104952352,1.0
2,256,0,6,125,v_component_of_wind,0.9845476252423212,0.9845476252423212,1.0
2,256,0,6,150,v_component_of_wind,0.990590970267721,0.990590970267721,1.0
2,256,0,6,175,v_component_of_wind,1.0026061549574068,1.0026061549574068,1.0
2,256,0,6,200,v_component_of_wind,1.0506483400486595,1.0506483400486595,1.0
2,256,0,6,225,v_component_of_wind,1.1539458111821337,1.1539458111821337,1.0
2,256,0,6,250,v_component_of_wind,1.2472675204999661,1.2472675204999661,1.0
2,256,0,6,300,v_component_of_wind,1.347740651303455,1.347740651303455,1.0
2,256,0,6,350,v_component_of_wind,1.3290593707296534,1.3290593707296534,1.0
2,256,0,6,400,v_component_of_wind,1.2521074225075,1.2521074225075,1.0
2,256,0,6,450,v_component_of_wind,1.1675815532403064,1.1675815532403064,1.0
2,256,0,6,500,v_component_of_wind,1.093600898328093,1.093600898328093,1.0
2,256,0,6,550,v_component_of_wind,1.0396268502141275,1.0396268502141275,1.0
2,256,0,6,600,v_component_of_wind,0.9974577749310111,0.9974577749310111,1.0
2,256,0,6,650,v_component_of_wind,0.9792344605076282,0.9792344605076282,1.0
2,256,0,6,700,v_component_of_wind,0.9604954173243057,0.9604954173243057,1.0
2,256,0,6,750,v_component_of_wind,0.9424057204498179,0.9424057204498179,1.0
2,256,0,6,775,v_component_of_wind,0.9308451007215435,0.9308451007215435,1.0
2,256,0,6,800,v_component_of_wind,0.9278565426619727,0.9278565426619727,1.0
2,256,0,6,825,v_component_of_wind,0.924852716790928,0.924852716790928,1.0
2,256,0,6,850,v_component_of_wind,0.9187872484327434,0.9187872484327434,1.0
2,256,0,6,875,v_component_of_wind,0.905953755531246,0.905953755531246,1.0
2,256,0,6,900,v_component_of_wind,0.8963129279150315,0.8963129279150315,1.0
2,256,0,6,925,v_component_of_wind,0.891872274973568,0.891872274973568,1.0
2,256,0,6,950,v_component_of_wind,0.8758473474280674,0.8758473474280674,1.0
2,256,0,6,975,v_component_of_wind,0.8252007431177929,0.8252007431177929,1.0
2,256,0,6,1000,v_component_of_wind,0.7474144380338668,0.7474144380338668,1.0
2,256,0,12,1,v_component_of_wind,10.482487530676527,10.482487530676527,1.0
2,256,0,12,2,v_component_of_wind,8.28285003619286,8.28285003619286,1.0
2,256,0,12,3,v_component_of_wind,7.032985927686889,7.032985927686889,1.0
2,256,0,12,5,v_component_of_wind,5.86003879152654,5.86003879152654,1.0
2,256,0,12,7,v_component_of_wind,4.9974288797169395,4.9974288797169395,1.0
2,256,0,12,10,v_component_of_wind,4.14886656632179,4.14886656632179,1.0
2,256,0,12,20,v_component_of_wind,3.1775397353000647,3.1775397353000647,1.0
2,256,0,12,30,v_component_of_wind,2.8725143763266137,2.8725143763266137,1.0
2,256,0,12,50,v_component_of_wind,1.232130343261439,1.232130343261439,1.0
2,256,0,12,70,v_component_of_wind,1.282841068041434,1.282841068041434,1.0
2,256,0,12,100,v_component_of_wind,1.361613568509896,1.361613568509896,1.0
2,256,0,12,125,v_component_of_wind,1.4435593640129738,1.4435593640129738,1.0
2,256,0,12,150,v_component_of_wind,1.4468369534023977,1.4468369534023977,1.0
2,256,0,12,175,v_component_of_wind,1.466824377483448,1.466824377483448,1.0
2,256,0,12,200,v_component_of_wind,1.489788956239781,1.489788956239781,1.0
2,256,0,12,225,v_component_of_wind,1.5515665010815884,1.5515665010815884,1.0
2,256,0,12,250,v_component_of_wind,1.626023072880356,1.626023072880356,1.0
2,256,0,12,300,v_component_of_wind,1.6947756501429418,1.6947756501429418,1.0
2,256,0,12,350,v_component_of_wind,1.6538497826984828,1.6538497826984828,1.0
2,256,0,12,400,v_component_of_wind,1.5659867725703829,1.5659867725703829,1.0
2,256,0,12,450,v_component_of_wind,1.4645700999977944,1.4645700999977944,1.0
2,256,0,12,500,v_component_of_wind,1.374584664089585,1.374584664089585,1.0
2,256,0,12,550,v_component_of_wind,1.3170282583628798,1.3170282583628798,1.0
2,256,0,12,600,v_component_of_wind,1.2664602872697064,1.2664602872697064,1.0
2,256,0,12,650,v_component_of_wind,1.2333919918258158,1.2333919918258158,1.0
2,256,0,12,700,v_component_of_wind,1.2047680340877505,1.2047680340877505,1.0
2,256,0,12,750,v_component_of_wind,1.1801602748151647,1.1801602748151647,1.0
2,256,0,12,775,v_component_of_wind,1.1650660650273093,1.1650660650273093,1.0
2,256,0,12,800,v_component_of_wind,1.1491670226066817,1.1491670226066817,1.0
2,256,0,12,825,v_component_of_wind,1.1321480310026766,1.1321480310026766,1.0
2,256,0,12,850,v_component_of_wind,1.1154316246430813,1.1154316246430813,1.0
2,256,0,12,875,v_component_of_wind,1.0951544032767353,1.0951544032767353,1.0
2,256,0,12,900,v_component_of_wind,1.0768333244586314,1.0768333244586314,1.0
2,256,0,12,925,v_component_of_wind,1.0603051665416947,1.0603051665416947,1.0
2,256,0,12,950,v_component_of_wind,1.033227835962201,1.033227835962201,1.0
2,256,0,12,975,v_component_of_wind,0.9702092997631178,0.9702092997631178,1.0
2,256,0,12,1000,v_component_of_wind,0.872738794895405,0.872738794895405,1.0
2,256,0,6,1,specific_humidity,9.093771566984339e-07,9.093771566984339e-07,1.0
2,256,0,6,2,specific_humidity,7.335056784697729e-07,7.335056784697729e-07,1.0
2,256,0,6,3,specific_humidity,5.95589768955808e-07,5.95589768955808e-07,1.0
2,256,0,6,5,specific_humidity,4.224884578703961e-07,4.224884578703961e-07,1.0
2,256,0,6,7,specific_humidity,3.348673087158939e-07,3.348673087158939e-07,1.0
2,256,0,6,10,specific_humidity,2.470444360450041e-07,2.470444360450041e-07,1.0
2,256,0,6,20,specific_humidity,1.196116131921905e-07,1.196116131921905e-07,1.0
2,256,0,6,30,specific_humidity,1.0382307119485337e-07,1.0382307119485337e-07,1.0
2,256,0,6,50,specific_humidity,1.2568902329994858e-08,1.2568902329994858e-08,1.0
2,256,0,6,70,specific_humidity,2.414820950784697e-08,2.414820950784697e-08,1.0
2,256,0,6,100,specific_humidity,8.178295415058188e-08,8.178295415058188e-08,1.0
2,256,0,6,125,specific_humidity,2.1831824920281115e-07,2.1831824920281115e-07,1.0
2,256,0,6,150,specific_humidity,5.992997945378687e-07,5.992997945378687e-07,1.0
2,256,0,6,175,specific_humidity,1.5910159323679622e-06,1.5910159323679622e-06,1.0
2,256,0,6,200,specific_humidity,3.764010817253872e-06,3.764010817253872e-06,1.0
2,256,0,6,225,specific_humidity,7.610957609189218e-06,7.610957609189218e-06,1.0
2,256,0,6,250,specific_humidity,1.317197315186294e-05,1.317197315186294e-05,1.0
2,256,0,6,300,specific_humidity,2.9177964649465544e-05,2.9177964649465544e-05,1.0
2,256,0,6,350,specific_humidity,5.435803037432676e-05,5.435803037432676e-05,1.0
2,256,0,6,400,specific_humidity,8.676819061223045e-05,8.676819061223045e-05,1.0
2,256,0,6,450,specific_humidity,0.00012779900835098047,0.00012779900835098047,1.0
2,256,0,6,500,specific_humidity,0.00016685150995882826,0.00016685150995882826,1.0
2,256,0,6,550,specific_humidity,0.00021487303231659992,0.00021487303231659992,1.0
2,256,0,6,600,specific_humidity,0.00025206401385736966,0.00025206401385736966,1.0
2,256,0,6,650,specific_humidity,0.0002942486987821947,0.0002942486987821947,1.0
2,256,0,6,700,specific_humidity,0.0003363237500858548,0.0003363237500858548,1.0
2,256,0,6,750,specific_humidity,0.00037860520076298974,0.00037860520076298974,1.0
2,256,0,6,775,specific_humidity,0.00039260193803214373,0.00039260193803214373,1.0
2,256,0,6,800,specific_humidity,0.00040466835784564294,0.00040466835784564294,1.0
2,256,0,6,825,specific_humidity,0.000413348603569168,0.000413348603569168,1.0
2,256,0,6,850,specific_humidity,0.0004130505235106746,0.0004130505235106746,1.0
2,256,0,6,875,specific_humidity,0.00039473209948691704,0.00039473209948691704,1.0
2,256,0,6,900,specific_humidity,0.00036987817005644063,0.00036987817005644063,1.0
2,256,0,6,925,specific_humidity,0.00034080341872750274,0.00034080341872750274,1.0
2,256,0,6,950,specific_humidity,0.000303403494668488,0.000303403494668488,1.0
2,256,0,6,975,specific_humidity,0.0002819638950214839,0.0002819638950214839,1.0
2,256,0,6,1000,specific_humidity,0.000275698375966985,0.000275698375966985,1.0
2,256,0,12,1,specific_humidity,9.080329161004982e-07,9.080329161004982e-07,1.0
2,256,0,12,2,specific_humidity,7.324409513202541e-07,7.324409513202541e-07,1.0
2,256,0,12,3,specific_humidity,5.939726085732165e-07,5.939726085732165e-07,1.0
2,256,0,12,5,specific_humidity,4.2120779193082444e-07,4.2120779193082444e-07,1.0
2,256,0,12,7,specific_humidity,3.3379210086990037e-07,3.3379210086990037e-07,1.0
2,256,0,12,10,specific_humidity,2.4667159240052517e-07,2.4667159240052517e-07,1.0
2,256,0,12,20,specific_humidity,1.1953609525206157e-07,1.1953609525206157e-07,1.0
2,256,0,12,30,specific_humidity,1.0361852126020708e-07,1.0361852126020708e-07,1.0
2,256,0,12,50,specific_humidity,1.4769062930166226e-08,1.4769062930166226e-08,1.0
2,256,0,12,70,specific_humidity,2.8881383563658692e-08,2.8881383563658692e-08,1.0
2,256,0,12,100,specific_humidity,9.944431694624635e-08,9.944431694624635e-08,1.0
2,256,0,12,125,specific_humidity,2.665791101123189e-07,2.665791101123189e-07,1.0
2,256,0,12,150,specific_humidity,7.456409943061631e-07,7.456409943061631e-07,1.0
2,256,0,12,175,specific_humidity,1.9578072290918073e-06,1.9578072290918073e-06,1.0
2,256,0,12,200,specific_humidity,4.5366179469454594e-06,4.5366179469454594e-06,1.0
2,256,0,12,225,specific_humidity,9.268818447644937e-06,9.268818447644937e-06,1.0
2,256,0,12,250,specific_humidity,1.6330908997023883e-05,1.6330908997023883e-05,1.0
2,256,0,12,300,specific_humidity,3.828203708380854e-05,3.828203708380854e-05,1.0
2,256,0,12,350,specific_humidity,7.105695794177353e-05,7.105695794177353e-05,1.0
2,256,0,12,400,specific_humidity,0.00011351169850510764,0.00011351169850510764,1.0
2,256,0,12,450,specific_humidity,0.00016626143881780304,0.00016626143881780304,1.0
2,256,0,12,500,specific_humidity,0.00021666352739330884,0.00021666352739330884,1.0
2,256,0,12,550,specific_humidity,0.0002740387490961615,0.0002740387490961615,1.0
2,256,0,12,600,specific_humidity,0.0003191822817329346,0.0003191822817329346,1.0
2,256,0,12,650,specific_humidity,0.0003763212741969594,0.0003763212741969594,1.0
2,256,0,12,700,specific_humidity,0.00042801477599088786,0.00042801477599088786,1.0
2,256,0,12,750,specific_humidity,0.00047705936719613456,0.00047705936719613456,1.0
2,256,0,12,775,specific_humidity,0.0004927977983879612,0.0004927977983879612,1.0
2,256,0,12,800,specific_humidity,0.000506016114614229,0.000506016114614229,1.0
2,256,0,12,825,specific_humidity,0.000513151721023688,0.000513151721023688,1.0
2,256,0,12,850,specific_humidity,0.0005098219087702497,0.0005098219087702497,1.0
2,256,0,12,875,specific_humidity,0.0004888356325852617,0.0004888356325852617,1.0
2,256,0,12,900,specific_humidity,0.00046015351743648107,0.00046015351743648107,1.0
2,256,0,12,925,specific_humidity,0.0004221751642981526,0.0004221751642981526,1.0
2,256,0,12,950,specific_humidity,0.00037355317759083136,0.00037355317759083136,1.0
2,256,0,12,975,specific_humidity,0.0003543222291402861,0.0003543222291402861,1.0
2,256,0,12,1000,specific_humidity,0.00034079588043005386,0.00034079588043005386,1.0
2,256,0,6,1,specific_cloud_ice_water_content,1.4206039464794252e-06,1.4206039464794252e-06,1.0
2,256,0,6,2,specific_cloud_ice_water_content,1.4056207277356892e-06,1.4056207277356892e-06,1.0
2,256,0,6,3,specific_cloud_ice_water_content,1.4049656067194154e-06,1.4049656067194154e-06,1.0
2,256,0,6,5,specific_cloud_ice_water_content,1.3990578523496726e-06,1.3990578523496726e-06,1.0
2,256,0,6,7,specific_cloud_ice_water_content,1.4027574858603023e-06,1.4027574858603023e-06,1.0
2,256,0,6,10,specific_cloud_ice_water_content,1.4106221265270812e-06,1.4106221265270812e-06,1.0
2,256,0,6,20,specific_cloud_ice_water_content,1.1857876167668038e-06,1.1857876167668038e-06,1.0
2,256,0,6,30,specific_cloud_ice_water_content,1.01028739149733e-06,1.01028739149733e-06,1.0
2,256,0,6,50,specific_cloud_ice_water_content,7.708389414940023e-07,7.708389414940023e-07,1.0
2,256,0,6,70,specific_cloud_ice_water_content,6.990539799351904e-07,6.990539799351904e-07,1.0
2,256,0,6,100,specific_cloud_ice_water_content,9.788538346792786e-07,9.788538346792786e-07,1.0
2,256,0,6,125,specific_cloud_ice_water_content,2.300681746129077e-06,2.300681746129077e-06,1.0
2,256,0,6,150,specific_cloud_ice_water_content,3.7490564957738998e-06,3.7490564957738998e-06,1.0
2,256,0,6,175,specific_cloud_ice_water_content,4.960764079174599e-06,4.960764079174599e-06,1.0
2,256,0,6,200,specific_cloud_ice_water_content,6.1763666793779366e-06,6.1763666793779366e-06,1.0
2,256,0,6,225,specific_cloud_ice_water_content,7.1781582016565255e-06,7.1781582016565255e-06,1.0
2,256,0,6,250,specific_cloud_ice_water_content,7.50072130594897e-06,7.50072130594897e-06,1.0
2,256,0,6,300,specific_cloud_ice_water_content,7.689260186203563e-06,7.689260186203563e-06,1.0
2,256,0,6,350,specific_cloud_ice_water_content,7.394346892745032e-06,7.394346892745032e-06,1.0
2,256,0,6,400,specific_cloud_ice_water_content,6.521993740155893e-06,6.521993740155893e-06,1.0
2,256,0,6,450,specific_cloud_ice_water_content,5.656019550027895e-06,5.656019550027895e-06,1.0
2,256,0,6,500,specific_cloud_ice_water_content,4.817655002351666e-06,4.817655002351666e-06,1.0
2,256,0,6,550,specific_cloud_ice_water_content,3.980803809296654e-06,3.980803809296654e-06,1.0
2,256,0,6,600,specific_cloud_ice_water_content,3.3726014668895825e-06,3.3726014668895825e-06,1.0
2,256,0,6,650,specific_cloud_ice_water_content,2.8844669380874784e-06,2.8844669380874784e-06,1.0
2,256,0,6,700,specific_cloud_ice_water_content,2.5674993548664024e-06,2.5674993548664024e-06,1.0
2,256,0,6,750,specific_cloud_ice_water_content,2.2538395465582705e-06,2.2538395465582705e-06,1.0
2,256,0,6,775,specific_cloud_ice_water_content,2.1856198644839124e-06,2.1856198644839124e-06,1.0
2,256,0,6,800,specific_cloud_ice_water_content,2.159897297531843e-06,2.159897297531843e-06,1.0
2,256,0,6,825,specific_cloud_ice_water_content,2.114584282775733e-06,2.114584282775733e-06,1.0
2,256,0,6,850,specific_cloud_ice_water_content,1.994722956575078e-06,1.994722956575078e-06,1.0
2,256,0,6,875,specific_cloud_ice_water_content,1.7715402042323753e-06,1.7715402042323753e-06,1.0
2,256,0,6,900,specific_cloud_ice_water_content,1.560506010189548e-06,1.560506010189548e-06,1.0
2,256,0,6,925,specific_cloud_ice_water_content,1.393651179751738e-06,1.393651179751738e-06,1.0
2,256,0,6,950,specific_cloud_ice_water_content,1.2220703361723148e-06,1.2220703361723148e-06,1.0
2,256,0,6,975,specific_cloud_ice_water_content,1.0380023373445382e-06,1.0380023373445382e-06,1.0
2,256,0,6,1000,specific_cloud_ice_water_content,9.404953549931882e-07,9.404953549931882e-07,1.0
2,256,0,12,1,specific_cloud_ice_water_content,1.27712863812133e-06,1.27712863812133e-06,1.0
2,256,0,12,2,specific_cloud_ice_water_content,1.2642746506475388e-06,1.2642746506475388e-06,1.0
2,256,0,12,3,specific_cloud_ice_water_content,1.2640891305265725e-06,1.2640891305265725e-06,1.0
2,256,0,12,5,specific_cloud_ice_water_content,1.2586746829862572e-06,1.2586746829862572e-06,1.0
2,256,0,12,7,specific_cloud_ice_water_content,1.2620351699656046e-06,1.2620351699656046e-06,1.0
2,256,0,12,10,specific_cloud_ice_water_content,1.2687063875131808e-06,1.2687063875131808e-06,1.0
2,256,0,12,20,specific_cloud_ice_water_content,1.0812730498755035e-06,1.0812730498755035e-06,1.0
2,256,0,12,30,specific_cloud_ice_water_content,9.769809145099352e-07,9.769809145099352e-07,1.0
2,256,0,12,50,specific_cloud_ice_water_content,6.816416203176375e-07,6.816416203176375e-07,1.0
2,256,0,12,70,specific_cloud_ice_water_content,6.324122695921512e-07,6.324122695921512e-07,1.0
2,256,0,12,100,specific_cloud_ice_water_content,1.0197976262307674e-06,1.0197976262307674e-06,1.0
2,256,0,12,125,specific_cloud_ice_water_content,2.6132489397879918e-06,2.6132489397879918e-06,1.0
2,256,0,12,150,specific_cloud_ice_water_content,4.452711544118195e-06,4.452711544118195e-06,1.0
2,256,0,12,175,specific_cloud_ice_water_content,5.752705843374457e-06,5.752705843374457e-06,1.0
2,256,0,12,200,specific_cloud_ice_water_content,6.637574144716837e-06,6.637574144716837e-06,1.0
2,256,0,12,225,specific_cloud_ice_water_content,7.375842694930471e-06,7.375842694930471e-06,1.0
2,256,0,12,250,specific_cloud_ice_water_content,7.904301569886212e-06,7.904301569886212e-06,1.0
2,256,0,12,300,specific_cloud_ice_water_content,8.344517644939767e-06,8.344517644939767e-06,1.0
2,256,0,12,350,specific_cloud_ice_water_content,8.183593765233976e-06,8.183593765233976e-06,1.0
2,256,0,12,400,specific_cloud_ice_water_content,7.2654384058282434e-06,7.2654384058282434e-06,1.0
2,256,0,12,450,specific_cloud_ice_water_content,6.09247476470605e-06,6.09247476470605e-06,1.0
2,256,0,12,500,specific_cloud_ice_water_content,5.092985529972657e-06,5.092985529972657e-06,1.0
2,256,0,12,550,specific_cloud_ice_water_content,4.1158823732390346e-06,4.1158823732390346e-06,1.0
2,256,0,12,600,specific_cloud_ice_water_content,3.4242924170244736e-06,3.4242924170244736e-06,1.0
2,256,0,12,650,specific_cloud_ice_water_content,2.8939214499877803e-06,2.8939214499877803e-06,1.0
2,256,0,12,700,specific_cloud_ice_water_content,2.5180278369919815e-06,2.5180278369919815e-06,1.0
2,256,0,12,750,specific_cloud_ice_water_content,2.2037272640427857e-06,2.2037272640427857e-06,1.0
2,256,0,12,775,specific_cloud_ice_water_content,2.2125921655815606e-06,2.2125921655815606e-06,1.0
2,256,0,12,800,specific_cloud_ice_water_content,2.164528765299139e-06,2.164528765299139e-06,1.0
2,256,0,12,825,specific_cloud_ice_water_content,2.1075439097652677e-06,2.1075439097652677e-06,1.0
2,256,0,12,850,specific_cloud_ice_water_content,1.969919514424286e-06,1.969919514424286e-06,1.0
2,256,0,12,875,specific_cloud_ice_water_content,1.739973253363324e-06,1.739973253363324e-06,1.0
2,256,0,12,900,specific_cloud_ice_water_content,1.5534753578722499e-06,1.5534753578722499e-06,1.0
2,256,0,12,925,specific_cloud_ice_water_content,1.3801596508072998e-06,1.3801596508072998e-06,1.0
2,256,0,12,950,specific_cloud_ice_water_content,1.1878459700102878e-06,1.1878459700102878e-06,1.0
2,256,0,12,975,specific_cloud_ice_water_content,1.0087398927121866e-06,1.0087398927121866e-06,1.0
2,256,0,12,1000,specific_cloud_ice_water_content,9.068753061303431e-07,9.068753061303431e-07,1.0
2,256,0,6,1,specific_cloud_liquid_water_content,2.607430654687599e-06,2.607430654687599e-06,1.0
2,256,0,6,2,specific_cloud_liquid_water_content,2.6116698308202425e-06,2.6116698308202425e-06,1.0
2,256,0,6,3,specific_cloud_liquid_water_content,2.5949910173011508e-06,2.5949910173011508e-06,1.0
2,256,0,6,5,specific_cloud_liquid_water_content,2.6077422040062975e-06,2.6077422040062975e-06,1.0
2,256,0,6,7,specific_cloud_liquid_water_content,2.625027431847605e-06,2.625027431847605e-06,1.0
2,256,0,6,10,specific_cloud_liquid_water_content,2.5969440454393827e-06,2.5969440454393827e-06,1.0
2,256,0,6,20,specific_cloud_liquid_water_content,2.2785213747666373e-06,2.2785213747666373e-06,1.0
2,256,0,6,30,specific_cloud_liquid_water_content,1.9447560652356706e-06,1.9447560652356706e-06,1.0
2,256,0,6,50,specific_cloud_liquid_water_content,1.9026943828573445e-06,1.9026943828573445e-06,1.0
2,256,0,6,70,specific_cloud_liquid_water_content,1.5165505909421657e-06,1.5165505909421657e-06,1.0
2,256,0,6,100,specific_cloud_liquid_water_content,1.5032028760004338e-06,1.5032028760004338e-06,1.0
2,256,0,6,125,specific_cloud_liquid_water_content,1.3879582471183588e-06,1.3879582471183588e-06,1.0
2,256,0,6,150,specific_cloud_liquid_water_content,1.480373494315754e-06,1.480373494315754e-06,1.0
2,256,0,6,175,specific_cloud_liquid_water_content,1.6357976890769738e-06,1.6357976890769738e-06,1.0
2,256,0,6,200,specific_cloud_liquid_water_content,1.8112852966820385e-06,1.8112852966820385e-06,1.0
2,256,0,6,225,specific_cloud_liquid_water_content,1.6772163907512642e-06,1.6772163907512642e-06,1.0
2,256,0,6,250,specific_cloud_liquid_water_content,1.7577519747550994e-06,1.7577519747550994e-06,1.0
2,256,0,6,300,specific_cloud_liquid_water_content,2.2215981351880656e-06,2.2215981351880656e-06,1.0
2,256,0,6,350,specific_cloud_liquid_water_content,2.753910700547746e-06,2.753910700547746e-06,1.0
2,256,0,6,400,specific_cloud_liquid_water_content,3.771407205589865e-06,3.771407205589865e-06,1.0
2,256,0,6,450,specific_cloud_liquid_water_content,5.561933571204527e-06,5.561933571204527e-06,1.0
2,256,0,6,500,specific_cloud_liquid_water_content,8.249067358806768e-06,8.249067358806768e-06,1.0
2,256,0,6,550,specific_cloud_liquid_water_content,1.1006397365588961e-05,1.1006397365588961e-05,1.0
2,256,0,6,600,specific_cloud_liquid_water_content,9.540017729517219e-06,9.540017729517219e-06,1.0
2,256,0,6,650,specific_cloud_liquid_water_content,9.543024885674254e-06,9.543024885674254e-06,1.0
2,256,0,6,700,specific_cloud_liquid_water_content,1.0752393249598763e-05,1.0752393249598763e-05,1.0
2,256,0,6,750,specific_cloud_liquid_water_content,1.2409822064669506e-05,1.2409822064669506e-05,1.0
2,256,0,6,775,specific_cloud_liquid_water_content,1.307133403266907e-05,1.307133403266907e-05,1.0
2,256,0,6,800,specific_cloud_liquid_water_content,1.4138016620359287e-05,1.4138016620359287e-05,1.0
2,256,0,6,825,specific_cloud_liquid_water_content,1.60658139419533e-05,1.60658139419533e-05,1.0
2,256,0,6,850,specific_cloud_liquid_water_content,1.7874178422521548e-05,1.7874178422521548e-05,1.0
2,256,0,6,875,specific_cloud_liquid_water_content,1.8107670967379836e-05,1.8107670967379836e-05,1.0
2,256,0,6,900,specific_cloud_liquid_water_content,1.7254756612115812e-05,1.7254756612115812e-05,1.0
2,256,0,6,925,specific_cloud_liquid_water_content,1.5449699350835324e-05,1.5449699350835324e-05,1.0
2,256,0,6,950,specific_cloud_liquid_water_content,1.305610728390447e-05,1.305610728390447e-05,1.0
2,256,0,6,975,specific_cloud_liquid_water_content,9.737965528549028e-06,9.737965528549028e-06,1.0
2,256,0,6,1000,specific_cloud_liquid_water_content,7.395349420625011e-06,7.395349420625011e-06,1.0
2,256,0,12,1,specific_cloud_liquid_water_content,2.3955921449157327e-06,2.3955921449157327e-06,1.0
2,256,0,12,2,specific_cloud_liquid_water_content,2.399021227872687e-06,2.399021227872687e-06,1.0
2,256,0,12,3,specific_cloud_liquid_water_content,2.382314443958685e-06,2.382314443958685e-06,1.0
2,256,0,12,5,specific_cloud_liquid_water_content,2.3938712964121736e-06,2.3938712964121736e-06,1.0
2,256,0,12,7,specific_cloud_liquid_water_content,2.413580942605357e-06,2.413580942605357e-06,1.0
2,256,0,12,10,specific_cloud_liquid_water_content,2.384486587080648e-06,2.384486587080648e-06,1.0
2,256,0,12,20,specific_cloud_liquid_water_content,2.1026422542785122e-06,2.1026422542785122e-06,1.0
2,256,0,12,30,specific_cloud_liquid_water_content,1.7878771291494073e-06,1.7878771291494073e-06,1.0
2,256,0,12,50,specific_cloud_liquid_water_content,1.6236477592480129e-06,1.6236477592480129e-06,1.0
2,256,0,12,70,specific_cloud_liquid_water_content,1.3853221405769922e-06,1.3853221405769922e-06,1.0
2,256,0,12,100,specific_cloud_liquid_water_content,1.3806654115280863e-06,1.3806654115280863e-06,1.0
2,256,0,12,125,specific_cloud_liquid_water_content,1.2714968518008162e-06,1.2714968518008162e-06,1.0
2,256,0,12,150,specific_cloud_liquid_water_content,1.3507613938978529e-06,1.3507613938978529e-06,1.0
2,256,0,12,175,specific_cloud_liquid_water_content,1.4652807630685863e-06,1.4652807630685863e-06,1.0
2,256,0,12,200,specific_cloud_liquid_water_content,1.5821009762451061e-06,1.5821009762451061e-06,1.0
2,256,0,12,225,specific_cloud_liquid_water_content,1.5132638671616578e-06,1.5132638671616578e-06,1.0
2,256,0,12,250,specific_cloud_liquid_water_content,1.5912636896604316e-06,1.5912636896604316e-06,1.0
2,256,0,12,300,specific_cloud_liquid_water_content,2.0908513691017255e-06,2.0908513691017255e-06,1.0
2,256,0,12,350,specific_cloud_liquid_water_content,2.655451973832682e-06,2.655451973832682e-06,1.0
2,256,0,12,400,specific_cloud_liquid_water_content,3.930265127948911e-06,3.930265127948911e-06,1.0
2,256,0,12,450,specific_cloud_liquid_water_content,6.135511837509051e-06,6.135511837509051e-06,1.0
2,256,0,12,500,specific_cloud_liquid_water_content,9.141366386971055e-06,9.141366386971055e-06,1.0
2,256,0,12,550,specific_cloud_liquid_water_content,1.131560296898968e-05,1.131560296898968e-05,1.0
2,256,0,12,600,specific_cloud_liquid_water_content,1.0383059752732913e-05,1.0383059752732913e-05,1.0
2,256,0,12,650,specific_cloud_liquid_water_content,1.0286131126245412e-05,1.0286131126245412e-05,1.0
2,256,0,12,700,specific_cloud_liquid_water_content,1.1465011272079349e-05,1.1465011272079349e-05,1.0
2,256,0,12,750,specific_cloud_liquid_water_content,1.2924533119900512e-05,1.2924533119900512e-05,1.0
2,256,0,12,775,specific_cloud_liquid_water_content,1.3575290788232133e-05,1.3575290788232133e-05,1.0
2,256,0,12,800,specific_cloud_liquid_water_content,1.4862990392207031e-05,1.4862990392207031e-05,1.0
2,256,0,12,825,specific_cloud_liquid_water_content,1.7093636541768304e-05,1.7093636541768304e-05,1.0
2,256,0,12,850,specific_cloud_liquid_water_content,1.8984221594876112e-05,1.8984221594876112e-05,1.0
2,256,0,12,875,specific_cloud_liquid_water_content,1.9187610125346293e-05,1.9187610125346293e-05,1.0
2,256,0,12,900,specific_cloud_liquid_water_content,1.806657853485932e-05,1.806657853485932e-05,1.0
2,256,0,12,925,specific_cloud_liquid_water_content,1.6607928902824433e-05,1.6607928902824433e-05,1.0
2,256,0,12,950,specific_cloud_liquid_water_content,1.3881413295747411e-05,1.3881413295747411e-05,1.0
2,256,0,12,975,specific_cloud_liquid_water_content,1.0499811639986593e-05,1.0499811639986593e-05,1.0
2,256,0,12,1000,specific_cloud_liquid_water_content,7.403535963718365e-06,7.403535963718365e-06,1.0
