update,group,weight_used,weight_next,calibrated_loss,weighted_loss,gradient_norm_before_dynamic_weight,gradient_norm_after_dynamic_weight
20,data/temperature/upper,1.0,0.8,0.006796660868379676,0.006796660868379676,0.009543364401399827,0.009543364401399827
20,data/temperature/weather,1.0,0.8,0.1740209190129783,0.1740209190129783,0.12012203983884825,0.12012203983884825
20,data/geopotential/upper,1.0,0.9505021270500538,0.00880031474331742,0.00880031474331742,0.0056418099422544275,0.0056418099422544275
20,data/geopotential/weather,1.0,0.8,0.17375311311957023,0.17375311311957023,1.066074558090841,1.066074558090841
20,data/u_component_of_wind/upper,1.0,0.8,0.009942450903471364,0.009942450903471364,0.024915501451662374,0.024915501451662374
20,data/u_component_of_wind/weather,1.0,0.8,0.16992451376534412,0.16992451376534412,0.12575854442210313,0.12575854442210313
20,data/v_component_of_wind/upper,1.0,1.2,0.0011521099581074826,0.0011521099581074826,0.002831532246857681,0.002831532246857681
20,data/v_component_of_wind/weather,1.0,0.8,0.16700387836851896,0.16700387836851896,0.13818156982892377,0.13818156982892377
20,data/specific_humidity/upper,1.0,0.8,0.007934408529933802,0.007934408529933802,0.017570114171650476,0.017570114171650476
20,data/specific_humidity/weather,1.0,0.8,0.16816798742706573,0.16816798742706573,0.05991471920849824,0.05991471920849824
20,data/specific_cloud_ice_water_content/upper,1.0,1.2,7.055124666947902e-09,7.055124666947902e-09,5.445497306173275e-08,5.445497306173275e-08
20,data/specific_cloud_ice_water_content/weather,1.0,1.2,0.009772605225373609,0.009772605225373609,0.002725078369167565,0.002725078369167565
20,data/specific_cloud_liquid_water_content/upper,1.0,1.2,5.11672050220078e-09,5.11672050220078e-09,5.035766577993482e-08,5.035766577993482e-08
20,data/specific_cloud_liquid_water_content/weather,1.0,1.0494978729499465,0.008375404357670141,0.008375404357670141,0.005144816676802933,0.005144816676802933
20,model/vorticity,1.0,1.2,0.017137911759309028,0.017137911759309028,0.0004525289006477301,0.0004525289006477301
20,model/divergence,1.0,1.2,0.01699877945472784,0.01699877945472784,0.000576749470483045,0.000576749470483045
20,model/temperature_variation,1.0,1.2,0.01673661235311689,0.01673661235311689,0.0035679895477980414,0.0035679895477980414
20,model/specific_humidity,1.0,0.8,0.016813776147501493,0.016813776147501493,0.01960931518908209,0.01960931518908209
20,model/specific_cloud_ice_water_content,1.0,1.2,0.01753447291707746,0.01753447291707746,0.0023930641031316515,0.0023930641031316515
20,model/specific_cloud_liquid_water_content,1.0,1.2,0.016581258266500146,0.016581258266500146,0.002009382334692804,0.002009382334692804
20,model/log_surface_pressure,1.0,1.0,0.0,0.0,0.0,0.0
40,data/temperature/upper,0.8,0.6400000000000001,0.007692962695547457,0.006154370156437966,0.011675319868927284,0.009340255895141827
40,data/temperature/weather,0.8,0.6400000000000001,0.15574608360014988,0.12459686688011991,0.11608696111111604,0.09286956888889283
40,data/geopotential/upper,0.9505021270500538,0.7604017016400431,0.008938994302509691,0.008496533098223773,0.00606298223760882,0.005762877513113878
40,data/geopotential/weather,0.8,0.6400000000000001,0.14693702979020012,0.11754962383216011,0.38002654784987044,0.30402123827989636
40,data/u_component_of_wind/upper,0.8,0.6400000000000001,0.0066160844458377915,0.005292867556670234,0.014045346247302602,0.011236276997842083
40,data/u_component_of_wind/weather,0.8,0.6400000000000001,0.15741217712211047,0.1259297416976884,0.1102706767791227,0.08821654142329816
40,data/v_component_of_wind/upper,1.2,1.44,0.0014281056893569346,0.0017137268272283215,0.002454595619780485,0.002945514743736582
40,data/v_component_of_wind/weather,0.8,0.6400000000000001,0.1603869649449915,0.1283095719559932,0.09769231838426035,0.07815385470740828
40,data/specific_humidity/upper,0.8,0.6400000000000001,0.008907769687808492,0.0071262157502467935,0.02118933993564038,0.016951471948512303
40,data/specific_humidity/weather,0.8,0.6400000000000001,0.1418131637017849,0.11345053096142793,0.027835148516062874,0.0222681188128503
40,data/specific_cloud_ice_water_content/upper,1.2,1.44,7.371235365838714e-09,8.845482439006457e-09,5.979946437914548e-08,7.175935725497457e-08
40,data/specific_cloud_ice_water_content/weather,1.2,1.44,0.008744662705692623,0.010493595246831147,0.002625404685382616,0.003150485622459139
40,data/specific_cloud_liquid_water_content/upper,1.2,1.44,5.356240713613282e-09,6.427488856335938e-09,7.232512739711761e-08,8.679015287654113e-08
40,data/specific_cloud_liquid_water_content/weather,1.0494978729499465,0.8395982983599573,0.008013510764086544,0.008410162501770327,0.0031751793024401885,0.0033323439241456725
40,model/vorticity,1.2,1.44,0.015799730884690517,0.01895967706162862,0.0004483628065755029,0.0005380353678906035
40,model/divergence,1.2,1.44,0.01594602048705307,0.01913522458446368,0.0005719104385591738,0.0006862925262710086
40,model/temperature_variation,1.2,1.1199999999999932,0.01588742873984624,0.019064914487815485,0.0035934425811649635,0.004312131097397956
40,model/specific_humidity,0.8,0.6400000000000001,0.0154400050996642,0.01235200407973136,0.025049430441101996,0.0200395443528816
40,model/specific_cloud_ice_water_content,1.2,1.44,0.015841100845590587,0.019009321014708706,0.001994098039643927,0.0023929176475727125
40,model/specific_cloud_liquid_water_content,1.2,1.44,0.015627939376142524,0.018753527251371027,0.001988266147151687,0.002385919376582024
40,model/log_surface_pressure,1.0,1.0,0.0,0.0,0.0,0.0
60,data/temperature/upper,0.6400000000000001,0.5120000000000001,0.008329603887890735,0.005330946488250071,0.009977406230166406,0.006385539987306501
60,data/temperature/weather,0.6400000000000001,0.5120000000000001,0.14641671764531944,0.09370669929300446,0.06350730048815652,0.04064467231242018
60,data/geopotential/upper,0.7604017016400431,0.6162484411627005,0.00885995328005547,0.006737123550605461,0.005570485508526181,0.004235806659644509
60,data/geopotential/weather,0.6400000000000001,0.5120000000000001,0.1272284950355459,0.0814262368227494,0.28922287486888426,0.18510263991608597
60,data/u_component_of_wind/upper,0.6400000000000001,0.5120000000000001,0.008142912431613225,0.005211463956232465,0.015944691601426735,0.010204602624913113
60,data/u_component_of_wind/weather,0.6400000000000001,0.5120000000000001,0.14906643729661093,0.09540251986983102,0.08798487295419144,0.05631031869068253
60,data/v_component_of_wind/upper,1.44,1.4085360986379754,0.0014311490035394067,0.0020608545650967454,0.002039830500132668,0.0029373559201910423
60,data/v_component_of_wind/weather,0.6400000000000001,0.5120000000000001,0.14867687422308917,0.09515319950277709,0.06529125470905434,0.041786403013794785
60,data/specific_humidity/upper,0.6400000000000001,0.5120000000000001,0.009949064828417162,0.006367401490186985,0.020357875093516636,0.01302904005985065
60,data/specific_humidity/weather,0.6400000000000001,0.5120000000000001,0.12921490328361632,0.08269753810151446,0.025376868865056575,0.01624119607363621
60,data/specific_cloud_ice_water_content/upper,1.44,1.728,7.366505898548097e-09,1.060776849390926e-08,6.325817812637629e-08,9.109177650198186e-08
60,data/specific_cloud_ice_water_content/weather,1.44,1.3996440386839673,0.007056418644733022,0.010161242848415552,0.0018780348837107727,0.0027043702325435124
60,data/specific_cloud_liquid_water_content/upper,1.44,1.728,5.412452649509374e-09,7.793931815293497e-09,6.577364507051409e-08,9.471404890154028e-08
60,data/specific_cloud_liquid_water_content/weather,0.8395982983599573,0.8291409543965682,0.007649874641645768,0.006422821731792774,0.002052455036061125,0.0017232377557372452
60,model/vorticity,1.44,1.728,0.01594567495896408,0.022961771940908277,0.00045196366025202124,0.0006508276707629106
60,model/divergence,1.44,1.728,0.016136347408944228,0.023236340268879687,0.0005567705687691771,0.000801749619027615
60,model/temperature_variation,1.1199999999999932,0.8959999999999946,0.015412897250923086,0.01726244492103375,0.007678546120698181,0.00859997165518191
60,model/specific_humidity,0.6400000000000001,0.5120000000000001,0.013899838223243996,0.00889589646287616,0.010459644162158915,0.006694172263781707
60,model/specific_cloud_ice_water_content,1.44,1.602430467118788,0.015220463182048567,0.021917466982149934,0.0017104381217231516,0.0024630308952813384
60,model/specific_cloud_liquid_water_content,1.44,1.728,0.015307177598045514,0.02204233574118554,0.0013395113852290705,0.0019288963947298615
60,model/log_surface_pressure,1.0,1.0,0.0,0.0,0.0,0.0
80,data/temperature/upper,0.5120000000000001,0.40960000000000013,0.007938876177721953,0.004064704602993641,0.010080174366622906,0.005161049275710929
80,data/temperature/weather,0.5120000000000001,0.40960000000000013,0.16389306730041117,0.08391325045781053,0.13258793211590747,0.06788502124334464
80,data/geopotential/upper,0.6162484411627005,0.56471048252123,0.008847265667568579,0.005452113676191415,0.005659915549508292,0.003487914134497014
80,data/geopotential/weather,0.5120000000000001,0.40960000000000013,0.17420517887608872,0.08919305158455744,0.3545850473172925,0.1815475442264538
80,data/u_component_of_wind/upper,0.5120000000000001,0.40960000000000013,0.007032017313664321,0.003600392864596133,0.009092737426400137,0.004655481562316871
80,data/u_component_of_wind/weather,0.5120000000000001,0.40960000000000013,0.16500171577989894,0.08448087847930828,0.120356133126557,0.0616223401607972
80,data/v_component_of_wind/upper,1.4085360986379754,1.356047623747024,0.0017020404012650983,0.0023973853465221557,0.0019760761390092848,0.0027833745754517313
80,data/v_component_of_wind/weather,0.5120000000000001,0.40960000000000013,0.16540483665981015,0.08468727636982282,0.0969986210133836,0.04966329395885242
80,data/specific_humidity/upper,0.5120000000000001,0.40960000000000013,0.009026843609649353,0.00462174392814047,0.02130113984489365,0.01090618360058555
80,data/specific_humidity/weather,0.5120000000000001,0.40960000000000013,0.16193558400300057,0.0829110190095363,0.03619414451445306,0.018531401991399972
80,data/specific_cloud_ice_water_content/upper,1.728,2.0736,7.870214036710053e-09,1.3599729855434972e-08,8.316709114797763e-08,1.4371273350370534e-07
80,data/specific_cloud_ice_water_content/weather,1.3996440386839673,1.3438370575314997,0.008347544879503363,0.011683591428243757,0.001962124719541803,0.0027462761668611353
80,data/specific_cloud_liquid_water_content/upper,1.728,2.0736,5.645167357994013e-09,9.754849194613655e-09,8.021569828646057e-08,1.3861272663900386e-07
80,data/specific_cloud_liquid_water_content/weather,0.8291409543965682,0.7636523171434728,0.008548625962804944,0.007088015889579373,0.004214526572315032,0.0034944365844989827
80,model/vorticity,1.728,2.0736,0.016698536342061487,0.02885507079908225,0.00038698417651904433,0.0006687086570249086
80,model/divergence,1.728,2.0736,0.016327485657956466,0.028213895216948774,0.0005684930946544638,0.0009823560675629136
80,model/temperature_variation,0.8959999999999946,0.7167999999999957,0.01689400017944179,0.015137024160779753,0.008231717832955952,0.007375619178328488
80,model/specific_humidity,0.5120000000000001,0.40960000000000013,0.016716204583919186,0.008558696746966625,0.02089597463126446,0.010698739011207405
80,model/specific_cloud_ice_water_content,1.602430467118788,1.4970551309523747,0.015791127130551506,0.025304183224141814,0.0019927477136788673,0.003193239649680324
80,model/specific_cloud_liquid_water_content,1.728,1.7770973881044012,0.016711282944014007,0.028877096927256204,0.0016395557695797099,0.0028331523698337385
80,model/log_surface_pressure,1.0,1.0,0.0,0.0,0.0,0.0
100,data/temperature/upper,0.40960000000000013,0.32768000000000014,0.008131185305098232,0.003330533500968237,0.009343653171879962,0.0038271603392020337
100,data/temperature/weather,0.40960000000000013,0.32768000000000014,0.1619502318657757,0.06633481497222175,0.0827965497116357,0.033913466761885995
100,data/geopotential/upper,0.56471048252123,0.4932910056292676,0.008667950206083016,0.004894882343347135,0.00532179560285022,0.003005273762764908
100,data/geopotential/weather,0.40960000000000013,0.32768000000000014,0.15215558309242833,0.06232292683465866,0.271676477621545,0.11127868523378487
100,data/u_component_of_wind/upper,0.40960000000000013,0.32768000000000014,0.009786118016656062,0.004008393939622324,0.012634702853352418,0.005175174288733152
100,data/u_component_of_wind/weather,0.40960000000000013,0.32768000000000014,0.1694483982932196,0.06940606394090276,0.09398516469142193,0.03849632345760644
100,data/v_component_of_wind/upper,1.356047623747024,1.2598675997211026,0.0016682630964282527,0.0022622442076963845,0.0016078095465345689,0.002180266315015982
100,data/v_component_of_wind/weather,0.40960000000000013,0.32768000000000014,0.1660599010141714,0.06801813545540462,0.08618456917213407,0.03530119953290613
100,data/specific_humidity/upper,0.40960000000000013,0.32768000000000014,0.0089971602173947,0.0036852368250448703,0.019120907969632592,0.007831923904361512
100,data/specific_humidity/weather,0.40960000000000013,0.32768000000000014,0.15164545321393236,0.06211397763642671,0.0351724262821414,0.014406625805165121
100,data/specific_cloud_ice_water_content/upper,2.0736,2.48832,7.584031921265979e-09,1.572624859193713e-08,6.852084695048649e-08,1.4208482823652877e-07
100,data/specific_cloud_ice_water_content/weather,1.3438370575314997,1.156187864518917,0.008267534675409869,0.01111021947124244,0.002561604022675105,0.0034423784123925666
100,data/specific_cloud_liquid_water_content/upper,2.0736,2.48832,5.527765287603417e-09,1.1462374100374444e-08,6.729679604828798e-08,1.3954663628572994e-07
100,data/specific_cloud_liquid_water_content/weather,0.7636523171434728,0.6926420158833705,0.00844410835246604,0.006448362909571244,0.0031870359023797377,0.0024337873516717254
100,model/vorticity,2.0736,2.48832,0.016504235390077036,0.03422318250486374,0.0004653969836156881,0.0009650471852254908
100,model/divergence,2.0736,2.48832,0.016665199951827303,0.034556958620109095,0.00059224575556195,0.0012280807987332593
100,model/temperature_variation,0.7167999999999957,0.5734399999999965,0.016456522021679902,0.011796034985140083,0.006466999817045767,0.004635545468858378
100,model/specific_humidity,0.40960000000000013,0.32768000000000014,0.015473801643167601,0.006338069153041452,0.021194456696929428,0.008681249463062297
100,model/specific_cloud_ice_water_content,1.4970551309523747,1.3386140287372743,0.01587788951265841,0.023770075963620175,0.001780086338868541,0.002664887387141377
100,model/specific_cloud_liquid_water_content,1.7770973881044012,1.5835574855100651,0.01643255710017609,0.029202254302599363,0.0015463393253950897,0.0027479955762827355
100,model/log_surface_pressure,1.0,1.0,0.0,0.0,0.0,0.0
120,data/temperature/upper,0.32768000000000014,0.26214400000000004,0.008365897728803652,0.0027413373677743816,0.008522346450915357,0.0027926024850359454
120,data/temperature/weather,0.32768000000000014,0.26214400000000004,0.16212267340237607,0.053124357620490614,0.14599137756737493,0.04783845460127744
120,data/geopotential/upper,0.4932910056292676,0.3946328045034141,0.00876615155080734,0.004324263713996317,0.004953638670552611,0.0024435854013209256
120,data/geopotential/weather,0.32768000000000014,0.26214400000000004,0.1557879537910685,0.05104859669825735,0.29033558699876727,0.0951371651477561
120,data/u_component_of_wind/upper,0.32768000000000014,0.26214400000000004,0.011265047058862403,0.003691330620248034,0.008923062114108333,0.00292390899355102
120,data/u_component_of_wind/weather,0.32768000000000014,0.26214400000000004,0.16095967455130045,0.05274326615697015,0.0907429978960386,0.02973466555057394
120,data/v_component_of_wind/upper,1.2598675997211026,1.007894079776882,0.0021911603114562034,0.002760571882198471,0.0033829470884504218,0.004262065428309526
120,data/v_component_of_wind/weather,0.32768000000000014,0.26214400000000004,0.15852393090021624,0.05194512167738288,0.07976046327413154,0.026135908605667436
120,data/specific_humidity/upper,0.32768000000000014,0.26214400000000004,0.00864053599687557,0.0028313308354561877,0.01768381462541638,0.0057946323764564425
120,data/specific_humidity/weather,0.32768000000000014,0.26214400000000004,0.1497571675899349,0.04907242867586989,0.03764619130429094,0.012335903966590062
120,data/specific_cloud_ice_water_content/upper,2.48832,2.9859839999999997,7.656565900306185e-09,1.9051986061049886e-08,6.502405652566068e-08,1.6180066033393198e-07
120,data/specific_cloud_ice_water_content/weather,1.156187864518917,0.9436382916151352,0.007749012492760278,0.008959314206134916,0.0016366496304667426,0.0018922744412150176
120,data/specific_cloud_liquid_water_content/upper,2.48832,2.9859839999999997,5.4351171177246455e-09,1.3524310626376588e-08,6.430065439423254e-08,1.600006043422567e-07
120,data/specific_cloud_liquid_water_content/weather,0.6926420158833705,0.5541136127066965,0.0076888591655413,0.0053256269122638564,0.0032133384751611514,0.0022256932391512157
120,model/vorticity,2.48832,2.9859839999999997,0.015183974443582885,0.03778258728745616,0.00044752570828506525,0.0011135871704398934
120,model/divergence,2.48832,2.9859839999999997,0.01605158729545647,0.03994148569903024,0.0005856475894103998,0.001457278609681686
120,model/temperature_variation,0.5734399999999965,0.4587519999999972,0.01662639292433225,0.009534238758529026,0.005020734591739642,0.002879090044287163
120,model/specific_humidity,0.32768000000000014,0.26214400000000004,0.015233509662308471,0.004991716446145242,0.021490507347202065,0.007042009447531175
120,model/specific_cloud_ice_water_content,1.3386140287372743,1.0708912229898195,0.015675226565366934,0.02098307818403538,0.0016727169731515397,0.0022391224063676015
120,model/specific_cloud_liquid_water_content,1.5835574855100651,1.2668459884080523,0.015455389371190563,0.024474497530221514,0.001369610512388351,0.0021688569791258492
120,model/log_surface_pressure,1.0,1.0,0.0,0.0,0.0,0.0
140,data/temperature/upper,0.26214400000000004,0.25,0.0067951039464207615,0.0017812957289305245,0.010543441695369,0.0027638999797908116
140,data/temperature/weather,0.26214400000000004,0.25,0.13250150007444034,0.034734473235514096,0.07878196452290911,0.02065221930789349
140,data/geopotential/upper,0.3946328045034141,0.31570624360273125,0.008915394942807055,0.003518307309535503,0.005119556859203682,0.0020203450811622395
140,data/geopotential/weather,0.26214400000000004,0.25,0.11609857691028314,0.030434545345569268,0.4983158226083273,0.13063050300183737
140,data/u_component_of_wind/upper,0.26214400000000004,0.25,0.010977823556636937,0.002877770578431034,0.022621834673052413,0.005930178228532652
140,data/u_component_of_wind/weather,0.26214400000000004,0.25,0.13404327215984424,0.035138639537070214,0.09931317437733259,0.026034352783971478
140,data/v_component_of_wind/upper,1.007894079776882,0.8063152638215056,0.001355162285982027,0.0013658600451781908,0.0017134213791914832,0.001726947264250236
140,data/v_component_of_wind/weather,0.26214400000000004,0.25,0.1311707420098026,0.0343856229934177,0.07349320070415151,0.019265801605389096
140,data/specific_humidity/upper,0.26214400000000004,0.25,0.010142391840245148,0.002658767166569225,0.019230272853525854,0.005041100646914682
140,data/specific_humidity/weather,0.26214400000000004,0.25,0.13187295676797792,0.03456970437898481,0.02678447797989361,0.007021390195561232
140,data/specific_cloud_ice_water_content/upper,2.9859839999999997,3.5831807999999996,8.563745692364633e-09,2.5571207617469715e-08,5.7009910348547444e-08,1.7023068014219707e-07
140,data/specific_cloud_ice_water_content/weather,0.9436382916151352,0.7549106332921083,0.006466595275196504,0.006102126918052934,0.0015042199757280901,0.0014194395681094152
140,data/specific_cloud_liquid_water_content/upper,2.9859839999999997,3.5831807999999996,5.696290796130065e-09,1.7009033176591633e-08,6.060158985946048e-08,1.8095537769491122e-07
140,data/specific_cloud_liquid_water_content/weather,0.5541136127066965,0.44329089016535717,0.007966312469798063,0.004414242182590211,0.00419467821228559,0.002324328298351635
140,model/vorticity,2.9859839999999997,3.415356485766916,0.01448167137812071,0.043242039028326386,0.0003765903741868665,0.0011244928318759962
140,model/divergence,2.9859839999999997,2.610867514233089,0.014007763716465744,0.04182695833314724,0.0005377868616833252,0.001605822964396622
140,model/temperature_variation,0.4587519999999972,0.3670015999999978,0.013925720610490896,0.006388452181503881,0.006040971731978725,0.002771307863988687
140,model/specific_humidity,0.26214400000000004,0.25,0.013892967683979737,0.0036419581205491846,0.01518680370457599,0.003981129470332369
140,model/specific_cloud_ice_water_content,1.0708912229898195,0.8567129783918557,0.014219906766924386,0.015227973348432866,0.0017713916543005755,0.001896967775067903
140,model/specific_cloud_liquid_water_content,1.2668459884080523,1.013476790726442,0.015564800738832431,0.019718205376360553,0.0018267653934521504,0.002314230410457514
140,model/log_surface_pressure,1.0,1.0,0.0,0.0,0.0,0.0
160,data/temperature/upper,0.25,0.25,0.008274412175065233,0.0020686030437663083,0.009318068057472782,0.0023295170143681956
160,data/temperature/weather,0.25,0.25,0.17186600043586583,0.04296650010896646,0.23458790203536958,0.058646975508842396
160,data/geopotential/upper,0.31570624360273125,0.2718464936665821,0.008768128280332202,0.002768152842810555,0.0048133706232471206,0.0015196111585330859
160,data/geopotential/weather,0.25,0.25,0.1840498233875241,0.046012455846881024,0.4745543383763784,0.1186385845940946
160,data/u_component_of_wind/upper,0.25,0.25,0.009905003727644253,0.0024762509319110632,0.019277291456201714,0.0048193228640504284
160,data/u_component_of_wind/weather,0.25,0.25,0.17239181266612677,0.04309795316653169,0.10907592729456425,0.027268981823641063
160,data/v_component_of_wind/upper,0.8063152638215056,0.6658291779953177,0.0015246926500740777,0.0012293829563911906,0.002111488526348107,0.001702525428178456
160,data/v_component_of_wind/weather,0.25,0.25,0.1732238248227129,0.043305956205678224,0.09515201078999981,0.023788002697499953
160,data/specific_humidity/upper,0.25,0.25,0.009689045185410763,0.002422261296352691,0.017748215249922587,0.004437053812480647
160,data/specific_humidity/weather,0.25,0.25,0.15816087599991055,0.03954021899997764,0.04181684699133828,0.01045421174783457
160,data/specific_cloud_ice_water_content/upper,3.5831807999999996,4.0,7.77443863999376e-09,2.7857219265603754e-08,6.396206188593882e-08,2.2918763207810776e-07
160,data/specific_cloud_ice_water_content/weather,0.7549106332921083,0.6679835577670477,0.00901985712116584,0.0068091860515436375,0.002634398619214151,0.0019887355299748103
160,data/specific_cloud_liquid_water_content/upper,3.5831807999999996,4.0,5.350371637170966e-09,1.917134892317557e-08,6.495244798763144e-08,2.3273636454227957e-07
160,data/specific_cloud_liquid_water_content/weather,0.44329089016535717,0.3546327121322857,0.009137265388560382,0.00405046650777204,0.007225442313002664,0.003202972754769388
160,model/vorticity,3.415356485766916,3.3074079648161403,0.016316244158482124,0.05572579031002848,0.0005007049907175419,0.0017100860375030202
160,model/divergence,2.610867514233089,2.553302016954674,0.016334008529520175,0.04264593224693041,0.0006277632644672629,0.0016390067138264918
160,model/temperature_variation,0.3670015999999978,0.2936012799999983,0.01708235778904376,0.006269252640351485,0.0063786223957137895,0.00234096462502278
160,model/specific_humidity,0.25,0.25,0.016654116419206503,0.004163529104801626,0.010708617172527595,0.0026771542931318987
160,model/specific_cloud_ice_water_content,0.8567129783918557,0.753536556570438,0.01600549043917165,0.013712111384765115,0.0018501317333777937,0.0015850318677193762
160,model/specific_cloud_liquid_water_content,1.013476790726442,0.8818602400975082,0.016942553213228836,0.017170884457255127,0.0014452839698370211,0.001464761759438796
160,model/log_surface_pressure,1.0,1.0,0.0,0.0,0.0,0.0
180,data/temperature/upper,0.25,0.25,0.006745810392459916,0.001686452598114979,0.007519071843458509,0.0018797679608646273
180,data/temperature/weather,0.25,0.25,0.15866714205975638,0.039666785514939094,0.0707084339711177,0.017677108492779425
180,data/geopotential/upper,0.2718464936665821,0.2850748825735055,0.008715389837443676,0.002369248168246426,0.003959803722277932,0.0010764587575091361
180,data/geopotential/weather,0.25,0.25,0.15280255541250312,0.03820063885312578,0.16722694255598125,0.04180673563899531
180,data/u_component_of_wind/upper,0.25,0.25,0.011579774710422005,0.0028949436776055013,0.01065762300112705,0.0026644057502817624
180,data/u_component_of_wind/weather,0.25,0.25,0.16466675383103083,0.04116668845775771,0.07880189252669438,0.019700473131673595
180,data/v_component_of_wind/upper,0.6658291779953177,0.7145384090958563,0.0018259235401833507,0.0012157531698425807,0.001446607386009401,0.0009631934067085947
180,data/v_component_of_wind/weather,0.25,0.25,0.16410045794431394,0.041025114486078484,0.06924628353941305,0.017311570884853262
180,data/specific_humidity/upper,0.25,0.25,0.009593505174249813,0.0023983762935624532,0.016897990903585992,0.004224497725896498
180,data/specific_humidity/weather,0.25,0.25,0.14541170351464688,0.03635292587866172,0.020038778645968192,0.005009694661492048
180,data/specific_cloud_ice_water_content/upper,4.0,4.0,7.817760756860143e-09,3.127104302744057e-08,4.775414151415479e-08,1.9101656605661916e-07
180,data/specific_cloud_ice_water_content/weather,0.6679835577670477,0.7059357081722588,0.007797710763028683,0.005208742577926299,0.001579418201595956,0.001055025389504099
180,data/specific_cloud_liquid_water_content/upper,4.0,4.0,5.6136374272048e-09,2.24545497088192e-08,6.072381480161599e-08,2.4289525920646396e-07
180,data/specific_cloud_liquid_water_content/weather,0.3546327121322857,0.3274925082796793,0.009433488234744302,0.00334542351755538,0.004391099232500412,0.0015572274300636193
180,model/vorticity,3.3074079648161403,3.2821762861238613,0.016729325429973595,0.055330704173095865,0.0004646630528961916,0.0015368302821046475
180,model/divergence,2.553302016954674,2.5453625324270224,0.01647553797081826,0.04206702433130358,0.000591996218916662,0.001511545139789454
180,model/temperature_variation,0.2936012799999983,0.25868425467214334,0.01675234498826769,0.00491850993155695,0.006457968815632072,0.0018960679104696493
180,model/specific_humidity,0.25,0.25,0.015852357743024847,0.003963089435756212,0.018282307401402437,0.004570576850350609
180,model/specific_cloud_ice_water_content,0.753536556570438,0.7593765036024858,0.01568638586952434,0.011820265193156546,0.0018672779279781452,0.001407062180008634
180,model/specific_cloud_liquid_water_content,0.8818602400975082,0.8713589150531823,0.01796560976694282,0.01584315694257433,0.0017992401076179902,0.0015866783132970673
180,model/log_surface_pressure,1.0,1.0,0.0,0.0,0.0,0.0
200,data/temperature/upper,0.25,0.25,0.007291966324157927,0.0018229915810394817,0.007257254835911459,0.0018143137089778648
200,data/temperature/weather,0.25,0.25,0.15350357217246544,0.03837589304311636,0.11024600620202217,0.027561501550505543
200,data/geopotential/upper,0.2850748825735055,0.29828372528359903,0.008766829233009121,0.0024992028141420505,0.003983290614387274,0.0011355361041525988
200,data/geopotential/weather,0.25,0.25,0.14663399657310755,0.03665849914327689,0.5695953636288281,0.14239884090720703
200,data/u_component_of_wind/upper,0.25,0.25,0.010134431272241435,0.002533607818060359,0.011637772353201377,0.0029094430883003443
200,data/u_component_of_wind/weather,0.25,0.25,0.15555009860928487,0.03888752465232122,0.09938715115186582,0.024846787787966455
200,data/v_component_of_wind/upper,0.7145384090958563,0.7492191284726295,0.0012430334688718228,0.0008881951573005759,0.0016384966991810387,0.0011707688247416313
200,data/v_component_of_wind/weather,0.25,0.25,0.15540326703445273,0.03885081675861318,0.07835420058909304,0.01958855014727326
200,data/specific_humidity/upper,0.25,0.25,0.008995593933533105,0.002248898483383276,0.014008190138031307,0.0035020475345078268
200,data/specific_humidity/weather,0.25,0.25,0.14516052086914355,0.03629013021728589,0.024619008254933617,0.006154752063733404
200,data/specific_cloud_ice_water_content/upper,4.0,4.0,7.261017030723743e-09,2.9044068122894972e-08,4.585262608018279e-08,1.8341050432073117e-07
200,data/specific_cloud_ice_water_content/weather,0.7059357081722588,0.7120519960503073,0.008061679568906124,0.005691027475533575,0.0020865389940504025,0.0014729623823940034
200,data/specific_cloud_liquid_water_content/upper,4.0,4.0,5.844774902333716e-09,2.3379099609334865e-08,6.399208766355725e-08,2.55968350654229e-07
200,data/specific_cloud_liquid_water_content/weather,0.3274925082796793,0.34397039635619525,0.00788912232417003,0.002583628458067656,0.003439698353023373,0.001126475441357106
200,model/vorticity,3.2821762861238613,3.2785321194749932,0.015550886467941717,0.051040750793282755,0.00046533622491295713,0.0015273155224837074
200,model/divergence,2.5453625324270224,2.585788311660201,0.015794263858008466,0.04020212745144102,0.0005514978518622377,0.0014037619688441283
200,model/temperature_variation,0.25868425467214334,0.2516767669440694,0.01567899222553595,0.004055908417873098,0.00679639791065669,0.001758121127973538
200,model/specific_humidity,0.25,0.25,0.014834131087737672,0.003708532771934418,0.01781657334963277,0.004454143337408192
200,model/specific_cloud_ice_water_content,0.7593765036024858,0.6728109766196774,0.014353193624603543,0.010899477990180928,0.0033689129889456146,0.0025582733664865206
200,model/specific_cloud_liquid_water_content,0.8713589150531823,0.8576665791383217,0.015266677286199704,0.013302755356570035,0.001894262449329241,0.001650582472673511
200,model/log_surface_pressure,1.0,1.0,0.0,0.0,0.0,0.0
220,data/temperature/upper,0.25,0.25,0.006351908551545574,0.0015879771378863935,0.006068312396341025,0.0015170780990852563
220,data/temperature/weather,0.25,0.25,0.17781698023604886,0.044454245059012215,0.14189258560573934,0.035473146401434834
220,data/geopotential/upper,0.29828372528359903,0.3084179883737386,0.008668393859528133,0.002585640812645526,0.004016903687097457,0.0011981769958928539
220,data/geopotential/weather,0.25,0.25,0.17871917356428682,0.044679793391071705,0.3514151475672471,0.08785378689181178
220,data/u_component_of_wind/upper,0.25,0.25,0.008337110946955335,0.002084277736738834,0.015273321156096812,0.003818330289024203
220,data/u_component_of_wind/weather,0.25,0.25,0.17498155242996322,0.043745388107490804,0.10595312140160112,0.02648828035040028
220,data/v_component_of_wind/upper,0.7492191284726295,0.7082206023155696,0.0020885294499316358,0.0015647662142672005,0.002701800335911085,0.0020242404929783605
220,data/v_component_of_wind/weather,0.25,0.25,0.1753962350786622,0.04384905876966555,0.08944556046761343,0.022361390116903357
220,data/specific_humidity/upper,0.25,0.25,0.008411151412267578,0.0021027878530668945,0.014091521097682183,0.0035228802744205457
220,data/specific_humidity/weather,0.25,0.25,0.16115471206461934,0.040288678016154836,0.027351704024971685,0.006837926006242921
220,data/specific_cloud_ice_water_content/upper,4.0,4.0,9.235562256393483e-09,3.6942249025573934e-08,4.783295279514168e-08,1.913318111805667e-07
220,data/specific_cloud_ice_water_content/weather,0.7120519960503073,0.7019403223680274,0.00883778851083209,0.006292964949808463,0.0022949464895088653,0.0016341212286834332
220,data/specific_cloud_liquid_water_content/upper,4.0,4.0,6.4012368520693635e-09,2.5604947408277454e-08,5.792349696441551e-08,2.3169398785766204e-07
220,data/specific_cloud_liquid_water_content/weather,0.34397039635619525,0.3473810437955008,0.008011900601533506,0.002755856625475919,0.004134304920261292,0.0014220785020796448
220,model/vorticity,3.2785321194749932,3.297511388873454,0.01683555727719581,0.05519591528254742,0.0004412273122356513,0.0014465779151542045
220,model/divergence,2.585788311660201,2.5791548190576523,0.017684665974626614,0.04572880257280436,0.0005899054476506126,0.0015253706115196327
220,model/temperature_variation,0.2516767669440694,0.25,0.017853563056021125,0.004493327028371475,0.006308587908279496,0.0015877250087382327
220,model/specific_humidity,0.25,0.25,0.017559388861724454,0.004389847215431114,0.011848308770250808,0.002962077192562702
220,model/specific_cloud_ice_water_content,0.6728109766196774,0.6840336155136205,0.016526069562680695,0.011118921002151923,0.0019911934571873544,0.0013396968145689358
220,model/specific_cloud_liquid_water_content,0.8576665791383217,0.8733402197024309,0.01586510657376872,0.013606971682789118,0.0015709210975852332,0.0013473265238621445
220,model/log_surface_pressure,1.0,1.0,0.0,0.0,0.0,0.0
240,data/temperature/upper,0.25,0.25,0.00927631955045897,0.0023190798876147425,0.007232984354606498,0.0018082460886516246
240,data/temperature/weather,0.25,0.25,0.16032394517887283,0.04008098629471821,0.055138156573255666,0.013784539143313916
240,data/geopotential/upper,0.3084179883737386,0.3117582894377681,0.008859239930369385,0.002732348957844826,0.003629497512660777,0.0011194023216623248
240,data/geopotential/weather,0.25,0.25,0.15448717215693789,0.03862179303923447,0.312701918395097,0.07817547959877424
240,data/u_component_of_wind/upper,0.25,0.25,0.008145657550775958,0.0020364143876939896,0.00655292445508868,0.00163823111377217
240,data/u_component_of_wind/weather,0.25,0.25,0.16052331237535175,0.04013082809383794,0.1287156103098282,0.03217890257745705
240,data/v_component_of_wind/upper,0.7082206023155696,0.6832367833707564,0.0022304067436554912,0.0015796200074004003,0.0022857706674850827,0.0016188298788815468
240,data/v_component_of_wind/weather,0.25,0.25,0.15892691361876554,0.039731728404691385,0.08679651963016337,0.021699129907540842
240,data/specific_humidity/upper,0.25,0.25,0.007888327070879223,0.001972081767719806,0.011189560482706397,0.002797390120676599
240,data/specific_humidity/weather,0.25,0.25,0.1696041722916818,0.04240104307292045,0.021441331265499852,0.005360332816374963
240,data/specific_cloud_ice_water_content/upper,4.0,4.0,8.767847369346462e-09,3.507138947738585e-08,4.4844275185041474e-08,1.793771007401659e-07
240,data/specific_cloud_ice_water_content/weather,0.7019403223680274,0.704499472052423,0.0085624401337912,0.00601032198777033,0.001742031896645789,0.0012228024311069315
240,data/specific_cloud_liquid_water_content/upper,4.0,4.0,5.796982766811959e-09,2.3187931067247835e-08,4.7954806244914864e-08,1.9181922497965946e-07
240,data/specific_cloud_liquid_water_content/weather,0.3473810437955008,0.37543685177227054,0.00793766663669795,0.0027573949215568563,0.0018462306514165148,0.0006413455307763162
240,model/vorticity,3.297511388873454,3.2815336795574646,0.015406231265970955,0.05080222305915751,0.0003825750877907192,0.001261545709089158
240,model/divergence,2.5791548190576523,2.5605339105921154,0.015821953187278515,0.04080726680987396,0.000501131448077452,0.0012924955892903
240,model/temperature_variation,0.25,0.25,0.016796375711151425,0.004199093927787856,0.005669742656285109,0.0014174356640712772
240,model/specific_humidity,0.25,0.25,0.017521107716999954,0.004380276929249988,0.009592394579987151,0.0023980986449967877
240,model/specific_cloud_ice_water_content,0.6840336155136205,0.6919842345955849,0.016344139088841823,0.011179940553397964,0.0016398552432025206,0.0011217161109267875
240,model/specific_cloud_liquid_water_content,0.8733402197024309,0.8910167786216148,0.01585536540141059,0.013847128303130245,0.0012273213511367735,0.001071869098447274
240,model/log_surface_pressure,1.0,1.0,0.0,0.0,0.0,0.0
260,data/temperature/upper,0.25,0.25,0.006284634890195295,0.0015711587225488237,0.006162729416569951,0.0015406823541424877
260,data/temperature/weather,0.25,0.25,0.1571868691722028,0.0392967172930507,0.1079590364429102,0.02698975911072755
260,data/geopotential/upper,0.3117582894377681,0.31802891767048774,0.008749391587656377,0.00272769535498895,0.0032920368765243383,0.0010263197853912808
260,data/geopotential/weather,0.25,0.25,0.16333576299008098,0.040833940747520246,0.33638174817198446,0.08409543704299612
260,data/u_component_of_wind/upper,0.25,0.25,0.007650547268237223,0.0019126368170593057,0.012643296721769497,0.003160824180442374
260,data/u_component_of_wind/weather,0.25,0.25,0.16054067445419115,0.04013516861354779,0.09825513442419079,0.024563783606047697
260,data/v_component_of_wind/upper,0.6832367833707564,0.7083320563044929,0.0016587982108015177,0.001133351953809195,0.001454450735421767,0.0009937342420407993
260,data/v_component_of_wind/weather,0.25,0.25,0.16075283846355928,0.04018820961588982,0.07064292280855755,0.017660730702139388
260,data/specific_humidity/upper,0.25,0.25,0.008710323745952072,0.002177580936488018,0.011378040435329905,0.002844510108832476
260,data/specific_humidity/weather,0.25,0.25,0.15207895383487002,0.038019738458717506,0.019842886569154006,0.004960721642288501
260,data/specific_cloud_ice_water_content/upper,4.0,4.0,7.50685555322065e-09,3.00274222128826e-08,3.355449573750568e-08,1.342179829500227e-07
260,data/specific_cloud_ice_water_content/weather,0.704499472052423,0.7208547512523158,0.008054462620421546,0.005674364663752955,0.001466054089196635,0.0010328343318393252
260,data/specific_cloud_liquid_water_content/upper,4.0,4.0,5.890264152120632e-09,2.356105660848253e-08,4.952599416075732e-08,1.9810397664302927e-07
260,data/specific_cloud_liquid_water_content/weather,0.37543685177227054,0.39780874373119873,0.007936005292507313,0.0029794688426670224,0.0020289062799306997,0.000761726186278171
260,model/vorticity,3.2815336795574646,3.2453287449730457,0.015839416643828506,0.051977579181266303,0.00038756177852809786,0.0012717970291491441
260,model/divergence,2.5605339105921154,2.519381565545476,0.016256380403217613,0.04162501328592382,0.0005162733244510615,0.0013219353543910686
260,model/temperature_variation,0.25,0.25,0.016417140024453023,0.004104285006113256,0.007376119987544074,0.0018440299968860185
260,model/specific_humidity,0.25,0.25,0.015609337358519684,0.003902334339629921,0.014470412598742769,0.0036176031496856923
260,model/specific_cloud_ice_water_content,0.6919842345955849,0.6924937729013683,0.015182585959481404,0.010506110124353414,0.0016920715074343544,0.0011708868069529592
260,model/specific_cloud_liquid_water_content,0.8910167786216148,0.8977714476216162,0.015509665322838411,0.013819372033454848,0.0012702113451581538,0.0011317796209314463
260,model/log_surface_pressure,1.0,1.0,0.0,0.0,0.0,0.0
280,data/temperature/upper,0.25,0.25,0.007950734538206015,0.001987683634551504,0.0064990805744742745,0.0016247701436185686
280,data/temperature/weather,0.25,0.25,0.1628060034359524,0.0407015008589881,0.08889738777810502,0.022224346944526255
280,data/geopotential/upper,0.31802891767048774,0.3159830936163881,0.008775085317007545,0.0027907308858340983,0.0036696160923468104,0.0011670440341152606
280,data/geopotential/weather,0.25,0.25,0.15346928420754505,0.03836732105188626,0.3583936711807054,0.08959841779517635
280,data/u_component_of_wind/upper,0.25,0.25,0.008123305057707367,0.002030826264426842,0.007055239357073051,0.0017638098392682628
280,data/u_component_of_wind/weather,0.25,0.25,0.1610460762169271,0.040261519054231774,0.11555606729427083,0.028889016823567707
280,data/v_component_of_wind/upper,0.7083320563044929,0.6956355571777599,0.001633655677092072,0.001157170685048136,0.0018627879699803476,0.0013194724332354518
280,data/v_component_of_wind/weather,0.25,0.25,0.16016507077361763,0.04004126769340441,0.11515356648826762,0.028788391622066905
280,data/specific_humidity/upper,0.25,0.25,0.0076809817083434186,0.0019202454270858546,0.010037815678133832,0.002509453919533458
280,data/specific_humidity/weather,0.25,0.25,0.15858712827506213,0.03964678206876553,0.0328396704403054,0.00820991761007635
280,data/specific_cloud_ice_water_content/upper,4.0,4.0,7.375811664657922e-09,2.950324665863169e-08,3.3715428433759026e-08,1.348617137350361e-07
280,data/specific_cloud_ice_water_content/weather,0.7208547512523158,0.7256165593125423,0.008354962204439983,0.0060227142016040834,0.0015222209438723515,0.0010973001998461694
280,data/specific_cloud_liquid_water_content/upper,4.0,4.0,6.027921971383134e-09,2.4111687885532538e-08,4.662187799997934e-08,1.8648751199991736e-07
280,data/specific_cloud_liquid_water_content/weather,0.39780874373119873,0.4224463644852443,0.007828708578076138,0.0031143287244821275,0.0017713960853468727,0.0007046768513622027
280,model/vorticity,3.2453287449730457,3.175080407679872,0.015956904258902276,0.05178540007219837,0.00040186385674491093,0.0013041803258599897
280,model/divergence,2.519381565545476,2.505412845302765,0.01587983281749461,0.04000735806434,0.00047007605194028046,0.0011843009396627403
280,model/temperature_variation,0.25,0.25,0.017261716714942334,0.004315429178735584,0.005938669526423327,0.0014846673816058318
280,model/specific_humidity,0.25,0.25,0.016903397414567502,0.004225849353641876,0.007271897169852736,0.001817974292463184
280,model/specific_cloud_ice_water_content,0.6924937729013683,0.7331890525441266,0.015443249913474974,0.010694354398441014,0.0010315737882922377,0.000714358424680649
280,model/specific_cloud_liquid_water_content,0.8977714476216162,0.9266361198812996,0.015756058360075938,0.014145339322736043,0.0010108563090147132,0.0009075179318815829
280,model/log_surface_pressure,1.0,1.0,0.0,0.0,0.0,0.0
300,data/temperature/upper,0.25,0.25,0.006430869663149838,0.0016077174157874594,0.004519238430778764,0.001129809607694691
300,data/temperature/weather,0.25,0.25,0.16544378476532462,0.041360946191331155,0.04886595888132958,0.012216489720332395
300,data/geopotential/upper,0.3159830936163881,0.3242641205913581,0.008677094848462352,0.0027418152738199583,0.0030325769560724273,0.0009582430482095351
300,data/geopotential/weather,0.25,0.25,0.15133842882200516,0.03783460720550129,0.28566389185121993,0.07141597296280498
300,data/u_component_of_wind/upper,0.25,0.25,0.008801274829217417,0.002200318707304354,0.012646704502779335,0.003161676125694834
300,data/u_component_of_wind/weather,0.25,0.25,0.16561338697094577,0.04140334674273644,0.09192768266419465,0.022981920666048664
300,data/v_component_of_wind/upper,0.6956355571777599,0.7227759390304548,0.0014327123638973992,0.0009966456635352328,0.0013045825601573908,0.0009075140161194751
300,data/v_component_of_wind/weather,0.25,0.25,0.16552337591092298,0.041380843977730744,0.07030195317844047,0.017575488294610118
300,data/specific_humidity/upper,0.25,0.25,0.007736744497919437,0.0019341861244798592,0.008762022219764971,0.002190505554941243
300,data/specific_humidity/weather,0.25,0.25,0.15227570388066602,0.038068925970166506,0.023173516565326686,0.005793379141331672
300,data/specific_cloud_ice_water_content/upper,4.0,4.0,7.45304429867234e-09,2.981217719468936e-08,3.195572649828985e-08,1.278229059931594e-07
300,data/specific_cloud_ice_water_content/weather,0.7256165593125423,0.7418592254561314,0.007337974729540998,0.005324555975571922,0.001392252215800133,0.0010102412625241557
300,data/specific_cloud_liquid_water_content/upper,4.0,4.0,5.672839050902862e-09,2.269135620361145e-08,4.358985273290282e-08,1.743594109316113e-07
300,data/specific_cloud_liquid_water_content/weather,0.4224463644852443,0.4334249819808612,0.00872886357035389,0.0036874766813836907,0.002322653403389288,0.0009811964862210844
300,model/vorticity,3.175080407679872,3.17618707052906,0.01600420817397292,0.050814647813611474,0.00036313358301209354,0.0011529783247922905
300,model/divergence,2.505412845302765,2.4824040226053614,0.016871002876525085,0.042268827319985845,0.000490624612223583,0.0012292172056866527
300,model/temperature_variation,0.25,0.25,0.016885661735272308,0.004221415433818077,0.006556539727464066,0.0016391349318660164
300,model/specific_humidity,0.25,0.25,0.01602170981394,0.004005427453485,0.012318805428621973,0.0030797013571554933
300,model/specific_cloud_ice_water_content,0.7331890525441266,0.6913915554141187,0.014792857326091612,0.01084596104733755,0.0021522171023201156,0.0015779820181193512
300,model/specific_cloud_liquid_water_content,0.9266361198812996,0.92769308439265,0.01635637086026665,0.015156404029297044,0.0012407503016279226,0.0011497240452420503
300,model/log_surface_pressure,1.0,1.0,0.0,0.0,0.0,0.0
320,data/temperature/upper,0.25,0.25,0.00994618288204585,0.0024865457205114623,0.00582440105299485,0.0014561002632487124
320,data/temperature/weather,0.25,0.25,0.18378149350635045,0.04594537337658761,0.08523691915880599,0.021309229789701498
320,data/geopotential/upper,0.3242641205913581,0.3326456503891778,0.008861221040111618,0.0028733760479374335,0.003168128297012604,0.001027310336151389
320,data/geopotential/weather,0.25,0.25,0.18758666189522455,0.04689666547380614,0.4915321385868827,0.12288303464672068
320,data/u_component_of_wind/upper,0.25,0.25,0.008563690061453553,0.002140922515363388,0.0059576775405713895,0.0014894193851428474
320,data/u_component_of_wind/weather,0.25,0.25,0.18390731363851265,0.04597682840962816,0.11791299336899114,0.029478248342247784
320,data/v_component_of_wind/upper,0.7227759390304548,0.7367112756520878,0.0017010971758001396,0.0012295121086210005,0.0015538732619566837,0.001123102206045058
320,data/v_component_of_wind/weather,0.25,0.25,0.18588492335286555,0.04647123083821639,0.07744451476932192,0.01936112869233048
320,data/specific_humidity/upper,0.25,0.25,0.009402753388630272,0.002350688347157568,0.009027225837393064,0.002256806459348266
320,data/specific_humidity/weather,0.25,0.25,0.19732476530245593,0.049331191325613984,0.02144199600591366,0.005360499001478415
320,data/specific_cloud_ice_water_content/upper,4.0,4.0,8.647382822638328e-09,3.458953129055331e-08,3.010731320166636e-08,1.2042925280666544e-07
320,data/specific_cloud_ice_water_content/weather,0.7418592254561314,0.7311680960930484,0.009853686368018696,0.0073100481368659894,0.0018198191062032748,0.0013500495925982308
320,data/specific_cloud_liquid_water_content/upper,4.0,4.0,6.2552454176074005e-09,2.5020981670429602e-08,4.1180760838539516e-08,1.6472304335415806e-07
320,data/specific_cloud_liquid_water_content/weather,0.4334249819808612,0.43651730683988205,0.009242994297655845,0.004006144636910688,0.0027297580081340803,0.0011831453154876254
320,model/vorticity,3.17618707052906,3.158792225626007,0.01825403834861563,0.057978240587814596,0.0003974785251708692,0.0012624661524606741
320,model/divergence,2.4824040226053614,2.5090292142345363,0.018529423742896324,0.045997516035925126,0.0004651650224808738,0.0011547275229818344
320,model/temperature_variation,0.25,0.25,0.019714858219389786,0.0049287145548474465,0.005426128950044708,0.001356532237511177
320,model/specific_humidity,0.25,0.25,0.020141228550904593,0.005035307137726148,0.0035949263881177246,0.0008987315970294312
320,model/specific_cloud_ice_water_content,0.6913915554141187,0.6699971393347772,0.017182315551306792,0.011879707874634203,0.0020782018047913954,0.0014368511782791515
320,model/specific_cloud_liquid_water_content,0.92769308439265,0.9251390918304743,0.01797512094179986,0.01667539538882923,0.0013469326627727385,0.0012495401163968467
320,model/log_surface_pressure,1.0,1.0,0.0,0.0,0.0,0.0
340,data/temperature/upper,0.25,0.25,0.008447040872386425,0.002111760218096606,0.005513800813488754,0.0013784502033721885
340,data/temperature/weather,0.25,0.25,0.15683472343059152,0.03920868085764788,0.06140252466254983,0.015350631165637457
340,data/geopotential/upper,0.3326456503891778,0.3309566852398849,0.008880326922537258,0.0029540021248159317,0.0031315019695734077,0.0010416805093637375
340,data/geopotential/weather,0.25,0.25,0.1497276260754058,0.03743190651885145,0.31740539084159897,0.07935134771039974
340,data/u_component_of_wind/upper,0.25,0.25,0.010150468775812962,0.0025376171939532404,0.008377175821568323,0.0020942939553920807
340,data/u_component_of_wind/weather,0.25,0.25,0.16003415313058839,0.040008538282647096,0.08053043539869195,0.020132608849672988
340,data/v_component_of_wind/upper,0.7367112756520878,0.7136755864908837,0.001961364922392269,0.0014449596539948667,0.0017302968403333195,0.0012747291924987368
340,data/v_component_of_wind/weather,0.25,0.25,0.15704650879613433,0.03926162719903358,0.0600641628853494,0.01501604072133735
340,data/specific_humidity/upper,0.25,0.25,0.009921092011997288,0.002480273002999322,0.008743670751608236,0.002185917687902059
340,data/specific_humidity/weather,0.25,0.25,0.1572705788116231,0.039317644702905774,0.0174542163409377,0.004363554085234425
340,data/specific_cloud_ice_water_content/upper,4.0,4.0,8.88352037757586e-09,3.553408151030344e-08,3.656093107737419e-08,1.4624372430949676e-07
340,data/specific_cloud_ice_water_content/weather,0.7311680960930484,0.7383126350829289,0.007746322693607438,0.005663864015607325,0.0013097671910841159,0.000957659983430113
340,data/specific_cloud_liquid_water_content/upper,4.0,4.0,5.643762048432728e-09,2.257504819373091e-08,3.54189673308548e-08,1.416758693234192e-07
340,data/specific_cloud_liquid_water_content/weather,0.43651730683988205,0.4562195959657443,0.008291467648593726,0.0036193691277141425,0.0016655133693537117,0.0007270254104961
340,model/vorticity,3.158792225626007,3.152874058593547,0.015445427944101184,0.048788897711293494,0.00032594160054650586,0.0010295817938144002
340,model/divergence,2.5090292142345363,2.500881070160806,0.015475347790232121,0.03882809970613227,0.0004159638514705109,0.0010436654554050273
340,model/temperature_variation,0.25,0.25,0.01650434697026506,0.004126086742566265,0.004943253690823231,0.0012358134227058077
340,model/specific_humidity,0.25,0.25,0.016426570668451015,0.004106642667112754,0.006720151373591638,0.0016800378433979096
340,model/specific_cloud_ice_water_content,0.6699971393347772,0.6707755032142472,0.01479283800262121,0.00991115914439899,0.0014919441220482884,0.000999598293819689
340,model/specific_cloud_liquid_water_content,0.9251390918304743,0.9363048652519503,0.0161091494861643,0.014903203925791392,0.0010164810730225115,0.0009403863767589122
340,model/log_surface_pressure,1.0,1.0,0.0,0.0,0.0,0.0
360,data/temperature/upper,0.25,0.25,0.007081334098314047,0.0017703335245785117,0.0038802972265704664,0.0009700743066426166
360,data/temperature/weather,0.25,0.25,0.14455768392630416,0.03613942098157604,0.03922260427421854,0.009805651068554634
360,data/geopotential/upper,0.3309566852398849,0.33756731949457347,0.008658330622991628,0.002865532402696297,0.002595005119002424,0.0008588342923655753
360,data/geopotential/weather,0.25,0.25,0.12116000703674462,0.030290001759186155,0.29255161006918873,0.07313790251729718
360,data/u_component_of_wind/upper,0.25,0.25,0.00789213511774029,0.0019730337794350724,0.008306780923525034,0.0020766952308812585
360,data/u_component_of_wind/weather,0.25,0.25,0.14605762635243555,0.03651440658810889,0.0783802046426424,0.0195950511606606
360,data/v_component_of_wind/upper,0.7136755864908837,0.7344126220901684,0.0015026608874101734,0.0010724123901193672,0.0011678724966846731,0.0008334820890180067
360,data/v_component_of_wind/weather,0.25,0.25,0.14568852060061913,0.03642213015015478,0.06955658023653849,0.017389145059134622
360,data/specific_humidity/upper,0.25,0.25,0.006129218465698973,0.0015323046164247432,0.00595967340501691,0.0014899183512542275
360,data/specific_humidity/weather,0.25,0.25,0.1284064596287233,0.032101614907180824,0.01656451706137706,0.004141129265344265
360,data/specific_cloud_ice_water_content/upper,4.0,4.0,6.9873670435058856e-09,2.7949468174023542e-08,1.9801354590587764e-08,7.920541836235105e-08
360,data/specific_cloud_ice_water_content/weather,0.7383126350829289,0.7331206032841457,0.007504565674042413,0.00554071565795515,0.0014399636506931836,0.0010631433573669185
360,data/specific_cloud_liquid_water_content/upper,4.0,4.0,6.349438222304247e-09,2.539775288921699e-08,4.928958106935625e-08,1.97158324277425e-07
360,data/specific_cloud_liquid_water_content/weather,0.4562195959657443,0.49262585209048715,0.00684252843058997,0.0031216955559878745,0.0011204190328462258,0.0005111571184774352
360,model/vorticity,3.152874058593547,3.1367075568114062,0.015587234968438514,0.049144588777191994,0.0003276782691920974,0.001033128314500597
360,model/divergence,2.500881070160806,2.4761865130485736,0.01578524745813684,0.039477026555858406,0.0004261063185431733,0.0010656412259205325
360,model/temperature_variation,0.25,0.25,0.014957625822146636,0.003739406455536659,0.006175599271617407,0.0015438998179043517
360,model/specific_humidity,0.25,0.25,0.013359263344843868,0.003339815836210967,0.009175660998144191,0.0022939152495360477
360,model/specific_cloud_ice_water_content,0.6707755032142472,0.6728070795943815,0.014290440654471654,0.00958567752115656,0.0014427352322556011,0.0009677514514211746
360,model/specific_cloud_liquid_water_content,0.9363048652519503,0.9165724535862612,0.01392629854107792,0.013039261078962396,0.0012183744532575477,0.0011407699282837268
360,model/log_surface_pressure,1.0,1.0,0.0,0.0,0.0,0.0
380,data/temperature/upper,0.25,0.25,0.007066104357949027,0.0017665260894872568,0.0038348938700057994,0.0009587234675014499
380,data/temperature/weather,0.25,0.25,0.18336036894595084,0.04584009223648771,0.05123444659498794,0.012808611648746984
380,data/geopotential/upper,0.33756731949457347,0.34725021334808814,0.008665200681064895,0.0029250885667896293,0.0027619067256896023,0.0009323294500850732
380,data/geopotential/weather,0.25,0.25,0.18405686932189838,0.046014217330474595,0.4131528500388414,0.10328821250971035
380,data/u_component_of_wind/upper,0.25,0.25,0.00949404584570072,0.00237351146142518,0.008754669465625853,0.0021886673664064634
380,data/u_component_of_wind/weather,0.25,0.25,0.18018299667559473,0.04504574916889868,0.11658594984634008,0.02914648746158502
380,data/v_component_of_wind/upper,0.7344126220901684,0.7373869309459777,0.001704654098636351,0.001251919486336275,0.0015225479289344512,0.0011181784167467058
380,data/v_component_of_wind/weather,0.25,0.25,0.17938583647120648,0.04484645911780162,0.08055780168554588,0.02013945042138647
380,data/specific_humidity/upper,0.25,0.25,0.007364316451207507,0.0018410791128018768,0.007128366618567105,0.0017820916546417763
380,data/specific_humidity/weather,0.25,0.25,0.1720348883572421,0.043008722089310523,0.02920928611033596,0.00730232152758399
380,data/specific_cloud_ice_water_content/upper,4.0,4.0,7.456401054939317e-09,2.982560421975727e-08,2.8296573918807897e-08,1.1318629567523159e-07
380,data/specific_cloud_ice_water_content/weather,0.7331206032841457,0.6880890298789358,0.008260261123407765,0.006055767618077276,0.0021494786120629075,0.001575827056821927
380,data/specific_cloud_liquid_water_content/upper,4.0,4.0,5.7076377665629386e-09,2.2830551066251754e-08,3.803053696055219e-08,1.5212214784220877e-07
380,data/specific_cloud_liquid_water_content/weather,0.49262585209048715,0.5222966523632604,0.0076355567256005345,0.003761472638134213,0.0015314530856310245,0.0007544333812455892
380,model/vorticity,3.1367075568114062,3.100230119240588,0.016756063776362597,0.05255887186973043,0.00038286787713133794,0.0012009445634582087
380,model/divergence,2.4761865130485736,2.484864792721756,0.01713351061984314,0.04242576791803009,0.0004461144550954731,0.001104662596983424
380,model/temperature_variation,0.25,0.25,0.017906399431683075,0.004476599857920769,0.004709312741026593,0.0011773281852566482
380,model/specific_humidity,0.25,0.25,0.0173003942965365,0.004325098574134125,0.008122434633826583,0.0020306086584566457
380,model/specific_cloud_ice_water_content,0.6728070795943815,0.7009126907759078,0.015562189094380325,0.010470350996685559,0.0012677870966374357,0.000852976134036073
380,model/specific_cloud_liquid_water_content,0.9165724535862612,0.9189695707254821,0.015442703193235785,0.014154356355828514,0.001210811164809613,0.0011097961601591857
380,model/log_surface_pressure,1.0,1.0,0.0,0.0,0.0,0.0
400,data/temperature/upper,0.25,0.25,0.009086780690613345,0.0022716951726533363,0.0038133242701129796,0.0009533310675282449
400,data/temperature/weather,0.25,0.25,0.14151306091704832,0.03537826522926208,0.03467234884841908,0.00866808721210477
400,data/geopotential/upper,0.34725021334808814,0.3560528654961889,0.008760807685615091,0.0030421923379314107,0.002312001349800921,0.0008028429619794376
400,data/geopotential/weather,0.25,0.25,0.12853050709643707,0.03213262677410927,0.2093978294979351,0.05234945737448377
400,data/u_component_of_wind/upper,0.25,0.25,0.01614941101944396,0.00403735275486099,0.008468052763532784,0.002117013190883196
400,data/u_component_of_wind/weather,0.25,0.25,0.14202281784245285,0.03550570446061321,0.07146772799870446,0.017866931999676115
400,data/v_component_of_wind/upper,0.7373869309459777,0.666959481469544,0.002055082552029304,0.001515391015881516,0.0022933136855310685,0.0016910595402701636
400,data/v_component_of_wind/weather,0.25,0.25,0.13589890345666658,0.033974725864166645,0.04480678253742658,0.011201695634356645
400,data/specific_humidity/upper,0.25,0.25,0.00871695952452041,0.0021792398811301024,0.006628775601428881,0.0016571939003572202
400,data/specific_humidity/weather,0.25,0.25,0.1281981531564362,0.03204953828910905,0.014712289932320556,0.003678072483080139
400,data/specific_cloud_ice_water_content/upper,4.0,4.0,7.2975452551003295e-09,2.9190181020401318e-08,2.332724958728328e-08,9.330899834913312e-08
400,data/specific_cloud_ice_water_content/weather,0.6880890298789358,0.6746161035971143,0.006861536130101712,0.004721347739240955,0.0015902337827434483,0.0010942224208486497
400,data/specific_cloud_liquid_water_content/upper,4.0,4.0,5.8615216195778575e-09,2.344608647831143e-08,3.415576101673227e-08,1.3662304406692907e-07
400,data/specific_cloud_liquid_water_content/weather,0.5222966523632604,0.5609903408647279,0.006607445874436004,0.0034510468608893604,0.0009943621984335315,0.0005193520474784056
400,model/vorticity,3.100230119240588,3.119242667058293,0.015306599135406407,0.047453979662728886,0.000297874721756429,0.0009234801841496908
400,model/divergence,2.484864792721756,2.51134225535055,0.014793833008520966,0.03676067479227873,0.00036136598978362246,0.0008979456253003733
400,model/temperature_variation,0.25,0.25,0.016621013877850168,0.004155253469462542,0.0033702977613565377,0.0008425744403391344
400,model/specific_humidity,0.25,0.25,0.013547826037903679,0.0033869565094759198,0.007139695012498701,0.0017849237531246751
400,model/specific_cloud_ice_water_content,0.7009126907759078,0.6911680381714985,0.013869176117385097,0.009721081551281346,0.0014834727948347625,0.0010397849083204895
400,model/specific_cloud_liquid_water_content,0.9189695707254821,0.9196282479920916,0.013670997856260641,0.012563231031356828,0.0010376395435221604,0.0009535591658783449
400,model/log_surface_pressure,1.0,1.0,0.0,0.0,0.0,0.0
420,data/temperature/upper,0.25,0.25,0.01086318767410414,0.002715796918526035,0.0036659038032392484,0.0009164759508098121
420,data/temperature/weather,0.25,0.25,0.16891844811456144,0.04222961202864036,0.05550782244826168,0.01387695561206542
420,data/geopotential/upper,0.3560528654961889,0.36579609961797616,0.008735178408033806,0.0031101853028008743,0.001967814941689424,0.0007006461487547353
420,data/geopotential/weather,0.25,0.25,0.1686752579566349,0.042168814489158726,0.23097909320440943,0.05774477330110236
420,data/u_component_of_wind/upper,0.25,0.25,0.012927369507903777,0.0032318423769759443,0.011754803552599617,0.002938700888149904
420,data/u_component_of_wind/weather,0.25,0.25,0.1692276493235745,0.04230691233089363,0.05770369402547764,0.01442592350636941
420,data/v_component_of_wind/upper,0.666959481469544,0.6505014274242538,0.0020003732801529145,0.0013341679256763186,0.001600692027667315,0.0010675967247654253
420,data/v_component_of_wind/weather,0.25,0.25,0.1662705971945352,0.0415676492986338,0.04959196567291354,0.012397991418228385
420,data/specific_humidity/upper,0.25,0.25,0.00844649303250888,0.00211162325812722,0.0062556673871597525,0.0015639168467899381
420,data/specific_humidity/weather,0.25,0.25,0.1691950123267272,0.0422987530816818,0.01551014222287913,0.0038775355557197824
420,data/specific_cloud_ice_water_content/upper,4.0,4.0,6.950369936053561e-09,2.7801479744214244e-08,2.0251831514936866e-08,8.100732605974746e-08
420,data/specific_cloud_ice_water_content/weather,0.6746161035971143,0.6687146480610051,0.008116333095253449,0.005475409008216189,0.0013622197984131685,0.0009189754126483383
420,data/specific_cloud_liquid_water_content/upper,4.0,4.0,5.6267465048918295e-09,2.2506986019567318e-08,3.196804692483783e-08,1.278721876993513e-07
420,data/specific_cloud_liquid_water_content/weather,0.5609903408647279,0.5558751436215573,0.008307556331641019,0.004660458858240224,0.0016457647640151449,0.0009232581359480145
420,model/vorticity,3.119242667058293,3.162173289513208,0.016903343904871485,0.052725631524034866,0.0002533688862938313,0.0007903190406327597
420,model/divergence,2.51134225535055,2.510821613600917,0.01627855791842194,0.04088103035670431,0.000347412093131961,0.0008724706695020742
420,model/temperature_variation,0.25,0.25,0.01754081607233028,0.00438520401808257,0.003905628550602711,0.0009764071376506777
420,model/specific_humidity,0.25,0.25,0.016674144996386125,0.004168536249096531,0.0035725850597904058,0.0008931462649476014
420,model/specific_cloud_ice_water_content,0.6911680381714985,0.6648995086986084,0.015724206731969493,0.010868069118738425,0.0015863745861066018,0.001096451410484423
420,model/specific_cloud_liquid_water_content,0.9196282479920916,0.9212182694624803,0.01646185497734482,0.01513878685151551,0.0009303875517588831,0.0008556106741776731
420,model/log_surface_pressure,1.0,1.0,0.0,0.0,0.0,0.0
440,data/temperature/upper,0.25,0.25,0.010162591522480903,0.0025406478806202257,0.004067523482195975,0.0010168808705489937
440,data/temperature/weather,0.25,0.25,0.16361929004903863,0.04090482251225966,0.05785260468930984,0.01446315117232746
440,data/geopotential/upper,0.36579609961797616,0.3636459122276431,0.008813415347727834,0.0032239129585120508,0.0024277918361809187,0.0008880767843593445
440,data/geopotential/weather,0.25,0.25,0.14987981593633054,0.037469953984082635,0.2255057203263501,0.05637643008158753
440,data/u_component_of_wind/upper,0.25,0.25,0.013566371088794462,0.0033915927721986155,0.014939373843083605,0.0037348434607709013
440,data/u_component_of_wind/weather,0.25,0.25,0.16135742076274756,0.04033935519068689,0.07771526566648561,0.019428816416621402
440,data/v_component_of_wind/upper,0.6505014274242538,0.6317561595276432,0.001847066803774461,0.001201519592403241,0.0016775849996418526,0.0010912714368925412
440,data/v_component_of_wind/weather,0.25,0.25,0.1633907444946674,0.04084768612366685,0.044854328661062315,0.011213582165265579
440,data/specific_humidity/upper,0.25,0.25,0.0076169265361710455,0.0019042316340427614,0.005443381903912765,0.0013608454759781912
440,data/specific_humidity/weather,0.25,0.25,0.14539047544697314,0.036347618861743286,0.013305117451949176,0.003326279362987294
440,data/specific_cloud_ice_water_content/upper,4.0,4.0,7.236381020813818e-09,2.8945524083255272e-08,1.9247486895163427e-08,7.698994758065371e-08
440,data/specific_cloud_ice_water_content/weather,0.6687146480610051,0.6691963237833062,0.006994911564483636,0.00467759982506153,0.0012926309978672351,0.000864401282811534
440,data/specific_cloud_liquid_water_content/upper,4.0,4.0,5.979830643803525e-09,2.39193225752141e-08,3.164395264839378e-08,1.2657581059357513e-07
440,data/specific_cloud_liquid_water_content/weather,0.5558751436215573,0.5751273452541198,0.00783903256150443,0.00435752335098034,0.0011860043158650549,0.0006592703194172742
440,model/vorticity,3.162173289513208,3.1407997786169504,0.016378579546784237,0.05179190676300846,0.00028354579652353843,0.0008966209441204804
440,model/divergence,2.510821613600917,2.498489873490097,0.01641798088655244,0.04122262126164262,0.0003546840972576017,0.0008905484973949161
440,model/temperature_variation,0.25,0.25,0.017149917383362384,0.004287479345840596,0.0031422844124748437,0.0007855711031187109
440,model/specific_humidity,0.25,0.25,0.015224130067201672,0.003806032516800418,0.0031170165175732974,0.0007792541293933243
440,model/specific_cloud_ice_water_content,0.6648995086986084,0.6812519395375479,0.014975200033965734,0.0099570031452472,0.0010745278373179832,0.0007144530311157053
440,model/specific_cloud_liquid_water_content,0.9212182694624803,0.9397326675626957,0.015455071179158982,0.014237493926084293,0.0008040473929179023,0.0007407031478696489
440,model/log_surface_pressure,1.0,1.0,0.0,0.0,0.0,0.0
460,data/temperature/upper,0.25,0.25,0.007220874692154265,0.0018052186730385662,0.0026425198687380328,0.0006606299671845082
460,data/temperature/weather,0.25,0.25,0.1805878039524499,0.04514695098811247,0.12475615481892814,0.031189038704732035
460,data/geopotential/upper,0.3636459122276431,0.3702458455188824,0.008560365184259981,0.003112941806431977,0.0022662097835275037,0.0008240979240300686
460,data/geopotential/weather,0.25,0.25,0.18209005536070355,0.04552251384017589,0.25597322586098464,0.06399330646524616
460,data/u_component_of_wind/upper,0.25,0.25,0.010551322153665712,0.002637830538416428,0.010541115043506105,0.0026352787608765263
460,data/u_component_of_wind/weather,0.25,0.25,0.18395719629491208,0.04598929907372802,0.07834782212687368,0.01958695553171842
460,data/v_component_of_wind/upper,0.6317561595276432,0.6079580560718135,0.0016041474698258397,0.0010134300448531584,0.0018668195687079078,0.001179374761257959
460,data/v_component_of_wind/weather,0.25,0.25,0.18162367101983154,0.045405917754957885,0.05873337051164048,0.01468334262791012
460,data/specific_humidity/upper,0.25,0.25,0.007367136753477278,0.0018417841883693194,0.005063399977133455,0.0012658499942833639
460,data/specific_humidity/weather,0.25,0.25,0.1740579630562963,0.04351449076407408,0.01728350543849094,0.004320876359622735
460,data/specific_cloud_ice_water_content/upper,4.0,4.0,6.917627161041771e-09,2.7670508644167083e-08,1.5844031952671954e-08,6.337612781068782e-08
460,data/specific_cloud_ice_water_content/weather,0.6691963237833062,0.6833236906912801,0.008465462459284083,0.0056650563568784945,0.001216833314178427,0.0008143003805052602
460,data/specific_cloud_liquid_water_content/upper,4.0,4.0,6.246726481954196e-09,2.4986905927816782e-08,3.5030036846434255e-08,1.4012014738573702e-07
460,data/specific_cloud_liquid_water_content/weather,0.5751273452541198,0.5918832175115529,0.007965298838055688,0.004581061174886693,0.0013395902755183083,0.0007704349988870796
460,model/vorticity,3.1407997786169504,3.173094821164662,0.017427367161384617,0.054735870922353116,0.0002781787438915992,0.0008737037372306761
460,model/divergence,2.498489873490097,2.527662741857011,0.017404873490057683,0.043485900164285364,0.000348524013682079,0.0008707837188527983
460,model/temperature_variation,0.25,0.25,0.01864254806955332,0.00466063701738833,0.004274870354677489,0.0010687175886693722
460,model/specific_humidity,0.25,0.25,0.017193879003160144,0.004298469750790036,0.00644024818463601,0.0016100620461590024
460,model/specific_cloud_ice_water_content,0.6812519395375479,0.6499152757249949,0.015693530722705636,0.010691248243035311,0.00175345072185159,0.0011945417051449092
460,model/specific_cloud_liquid_water_content,0.9397326675626957,0.8959163514597919,0.015932189754687708,0.01497199917828773,0.0012873071749831956,0.0012097246055195563
460,model/log_surface_pressure,1.0,1.0,0.0,0.0,0.0,0.0
480,data/temperature/upper,0.25,0.25,0.008506055823646372,0.002126513955911593,0.003196863255698097,0.0007992158139245243
480,data/temperature/weather,0.25,0.25,0.15678835917262018,0.039197089793155046,0.08253579716092432,0.02063394929023108
480,data/geopotential/upper,0.3702458455188824,0.3722697878435112,0.008714719038440621,0.0032265885188469496,0.0023148591330962223,0.0008570669769903179
480,data/geopotential/weather,0.25,0.25,0.15125204357717242,0.037813010894293106,0.27922829028297275,0.06980707257074319
480,data/u_component_of_wind/upper,0.25,0.25,0.009591029638207753,0.0023977574095519383,0.007916352142578258,0.0019790880356445645
480,data/u_component_of_wind/weather,0.25,0.25,0.15916322363023938,0.039790805907559845,0.0634957576109463,0.015873939402736573
480,data/v_component_of_wind/upper,0.6079580560718135,0.5941188972852378,0.0019269070495074054,0.001171478664049596,0.0017902342067207143,0.0010883873082311907
480,data/v_component_of_wind/weather,0.25,0.25,0.15883822359719513,0.03970955589929878,0.06316453775218592,0.01579113443804648
480,data/specific_humidity/upper,0.25,0.25,0.006633195081139594,0.0016582987702848985,0.004558620989386545,0.0011396552473466363
480,data/specific_humidity/weather,0.25,0.25,0.1427457877829987,0.03568644694574968,0.0168913056772159,0.004222826419303975
480,data/specific_cloud_ice_water_content/upper,4.0,4.0,6.690603799985978e-09,2.6762415199943912e-08,1.5208655084786678e-08,6.083462033914671e-08
480,data/specific_cloud_ice_water_content/weather,0.6833236906912801,0.6948834157319347,0.00890042596332647,0.006081871917984736,0.001207137554313786,0.0008248656887857417
480,data/specific_cloud_liquid_water_content/upper,4.0,4.0,5.8731400956393485e-09,2.3492560382557394e-08,3.318364761136395e-08,1.327345904454558e-07
480,data/specific_cloud_liquid_water_content/weather,0.5918832175115529,0.5724340319109431,0.007084972318138218,0.0041934762116399345,0.0018478168570291295,0.0010936917867104864
480,model/vorticity,3.173094821164662,3.195967017075227,0.01581587170872547,0.05018526061116148,0.0002708158847690217,0.0008593244814497086
480,model/divergence,2.527662741857011,2.518743122074371,0.015951297835024164,0.04031950122185498,0.00036466089003882166,0.0009217397451635459
480,model/temperature_variation,0.25,0.25,0.01630306981313538,0.004075767453283845,0.0041198527795312835,0.0010299631948828209
480,model/specific_humidity,0.25,0.25,0.01466087038047898,0.003665217595119745,0.00565304089735186,0.001413260224337965
480,model/specific_cloud_ice_water_content,0.6499152757249949,0.6295157004844631,0.014832180588360555,0.009639660736687266,0.0016517318148177003,0.0010734857378509918
480,model/specific_cloud_liquid_water_content,0.8959163514597919,0.922068027594315,0.014275580873962166,0.01278972633156937,0.0008310737354700909,0.000744572548876424
480,model/log_surface_pressure,1.0,1.0,0.0,0.0,0.0,0.0
500,data/temperature/upper,0.25,0.25,0.0057586861666587726,0.0014396715416646931,0.002635137180237552,0.000658784295059388
500,data/temperature/weather,0.25,0.25,0.16205685753629456,0.04051421438407364,0.058269461417748636,0.014567365354437159
500,data/geopotential/upper,0.3722697878435112,0.3784705961635818,0.008552424475912247,0.0031838092451955046,0.0018563258583713105,0.0006910540334643116
500,data/geopotential/weather,0.25,0.25,0.15349212835721326,0.038373032089303316,0.26166127624514596,0.06541531906128649
500,data/u_component_of_wind/upper,0.25,0.25,0.009814681320126358,0.0024536703300315895,0.006890495936154902,0.0017226239840387255
500,data/u_component_of_wind/weather,0.25,0.25,0.16447884531347914,0.041119711328369786,0.06432136660871357,0.016080341652178393
500,data/v_component_of_wind/upper,0.5941188972852378,0.6046104455742376,0.001397081970744041,0.0008300327998755365,0.0011998327130246494,0.0007128432883889599
500,data/v_component_of_wind/weather,0.25,0.25,0.16874566728301607,0.04218641682075402,0.040472897499740264,0.010118224374935066
500,data/specific_humidity/upper,0.25,0.25,0.008740833788022567,0.002185208447005642,0.005476582946532834,0.0013691457366332084
500,data/specific_humidity/weather,0.25,0.25,0.1624403510490002,0.04061008776225005,0.018847374799874538,0.0047118436999686346
500,data/specific_cloud_ice_water_content/upper,4.0,4.0,7.38923065173025e-09,2.9556922606921e-08,1.8083859130684716e-08,7.233543652273886e-08
500,data/specific_cloud_ice_water_content/weather,0.6948834157319347,0.6852435779531297,0.007345419224166031,0.00510421000047151,0.001243217161894519,0.0008638909879538251
500,data/specific_cloud_liquid_water_content/upper,4.0,4.0,5.7334008820758774e-09,2.293360352830351e-08,2.565007312247495e-08,1.026002924898998e-07
500,data/specific_cloud_liquid_water_content/weather,0.5724340319109431,0.5679065866245946,0.007815155445121496,0.0044736609414616595,0.0014503119492629746,0.0008302079166452237
500,model/vorticity,3.195967017075227,3.174328919847172,0.016451742613208756,0.05257922676522619,0.000254879854229467,0.0008145876074343184
500,model/divergence,2.518743122074371,2.5231587746377846,0.01660947765779403,0.04183500761181664,0.0003064589400813501,0.0007718913475281024
500,model/temperature_variation,0.25,0.25,0.01689468623839882,0.004223671559599705,0.004370217087713521,0.0010925542719283803
500,model/specific_humidity,0.25,0.25,0.016505910891695227,0.004126477722923807,0.00524570339586359,0.0013114258489658975
500,model/specific_cloud_ice_water_content,0.6295157004844631,0.6456774771472928,0.014989589578258744,0.009436181983332162,0.0010187769515297414,0.0006413360862796711
500,model/specific_cloud_liquid_water_content,0.922068027594315,0.9206036220522118,0.015443803030910164,0.01424023699926644,0.0008597586308198529,0.0007927559449272506
500,model/log_surface_pressure,1.0,1.0,0.0,0.0,0.0,0.0
520,data/temperature/upper,0.25,0.2510384273401435,0.009649011548882643,0.002412252887220661,0.003131688544298189,0.0007829221360745473
520,data/temperature/weather,0.25,0.25,0.14932670026008135,0.03733167506502034,0.03854204776140018,0.009635511940350045
520,data/geopotential/upper,0.3784705961635818,0.3884302025036065,0.00878863395508045,0.0033262395324427955,0.0018999519321083566,0.0007190759404271988
520,data/geopotential/weather,0.25,0.25,0.1432260510724781,0.035806512768119525,0.3190990939680152,0.0797747734920038
520,data/u_component_of_wind/upper,0.25,0.25,0.014291131164667148,0.003572782791166787,0.01120037253324999,0.0028000931333124974
520,data/u_component_of_wind/weather,0.25,0.25,0.1468013701841523,0.03670034254603807,0.06281949900946587,0.01570487475236647
520,data/v_component_of_wind/upper,0.6046104455742376,0.494575698883298,0.0030442278498319995,0.0018405719567164286,0.003473059622983342,0.002099848126157852
520,data/v_component_of_wind/weather,0.25,0.25,0.14083404050004203,0.03520851012501051,0.0400194440133517,0.010004861003337926
520,data/specific_humidity/upper,0.25,0.25,0.00798947739628,0.00199736934907,0.004976516286921494,0.0012441290717303734
520,data/specific_humidity/weather,0.25,0.25,0.14203536373434553,0.03550884093358638,0.024901045059989572,0.006225261264997393
520,data/specific_cloud_ice_water_content/upper,4.0,4.0,7.792212434451423e-09,3.1168849737805694e-08,2.3190396469045393e-08,9.276158587618157e-08
520,data/specific_cloud_ice_water_content/weather,0.6852435779531297,0.7096453402107528,0.006626145874188023,0.00454052390686797,0.000988249263724599,0.0006771914613841903
520,data/specific_cloud_liquid_water_content/upper,4.0,4.0,5.672368381605883e-09,2.2689473526423533e-08,2.3128102753411454e-08,9.251241101364582e-08
520,data/specific_cloud_liquid_water_content/weather,0.5679065866245946,0.5992921567632046,0.006899227095747646,0.003918116510293961,0.0010267554806235259,0.0005831012002990016
520,model/vorticity,3.174328919847172,3.1553923960177475,0.015569560156207453,0.049422905073149566,0.0002805248013510662,0.0008904779896630725
520,model/divergence,2.5231587746377846,2.590942987083227,0.015074265622745065,0.03803476557724992,0.0002861195669126429,0.0007219250958511976
520,model/temperature_variation,0.25,0.25,0.01877876642791742,0.004694691606979355,0.004043972719304971,0.0010109931798262428
520,model/specific_humidity,0.25,0.25,0.014885629706556545,0.0037214074266391363,0.006653084220785056,0.001663271055196264
520,model/specific_cloud_ice_water_content,0.6456774771472928,0.6367502279841933,0.01399441152906324,0.009035876330246542,0.0014297610522311527,0.0009231645091280694
520,model/specific_cloud_liquid_water_content,0.9206036220522118,0.9239325632138157,0.013989042896957578,0.012878363559982913,0.0009100881777472278,0.000837830472820995
520,model/log_surface_pressure,1.0,1.0,0.0,0.0,0.0,0.0
540,data/temperature/upper,0.2510384273401435,0.2576485007103307,0.008409921160464474,0.002111213382177596,0.0031407891295226146,0.0007884587636823754
540,data/temperature/weather,0.25,0.25,0.1878648874923944,0.0469662218730986,0.04095202496673834,0.010238006241684585
540,data/geopotential/upper,0.3884302025036065,0.39903476186667847,0.00864736819040345,0.0033588989773216575,0.002022063421395642,0.0007854305042478446
540,data/geopotential/weather,0.25,0.25,0.18898900016830186,0.047247250042075466,0.23186666786732427,0.05796666696683107
540,data/u_component_of_wind/upper,0.25,0.25,0.00756264094757255,0.0018906602368931374,0.006336957465108714,0.0015842393662771786
540,data/u_component_of_wind/weather,0.25,0.25,0.18965906647720476,0.04741476661930119,0.0505634368329867,0.012640859208246674
540,data/v_component_of_wind/upper,0.494575698883298,0.5025178996483126,0.0017696220814803687,0.0008752120777074699,0.001767126844099873,0.0008739779939361315
540,data/v_component_of_wind/weather,0.25,0.25,0.18931729483461965,0.04732932370865491,0.05952308190326456,0.01488077047581614
540,data/specific_humidity/upper,0.25,0.25,0.006649000008797839,0.0016622500021994597,0.004860446836983438,0.0012151117092458596
540,data/specific_humidity/weather,0.25,0.25,0.18018948200045282,0.045047370500113204,0.02406685309654385,0.006016713274135962
540,data/specific_cloud_ice_water_content/upper,4.0,4.0,7.629354605922179e-09,3.0517418423688715e-08,2.2249061795536195e-08,8.899624718214478e-08
540,data/specific_cloud_ice_water_content/weather,0.7096453402107528,0.6947598047111977,0.009506076242398461,0.00674594270910621,0.001487186491877241,0.0010553749639850606
540,data/specific_cloud_liquid_water_content/upper,4.0,4.0,6.385038058190871e-09,2.5540152232763484e-08,3.171511681479993e-08,1.2686046725919972e-07
540,data/specific_cloud_liquid_water_content/weather,0.5992921567632046,0.5416492560025665,0.0081249967249701,0.004869246811001305,0.0024746120344170163,0.001483015583257955
540,model/vorticity,3.1553923960177475,3.191472166740271,0.017921359693242385,0.05654892210235597,0.0002749774565304587,0.0008676617754125101
540,model/divergence,2.590942987083227,2.583129554603933,0.018215873102946725,0.047196288669677795,0.00036472418276488507,0.0009449795635543401
540,model/temperature_variation,0.25,0.25,0.01940958411444594,0.004852396028611485,0.005021772751857479,0.0012554431879643697
540,model/specific_humidity,0.25,0.25,0.018261153242455547,0.004565288310613887,0.009591263672909954,0.0023978159182274886
540,model/specific_cloud_ice_water_content,0.6367502279841933,0.6444857435686869,0.01639517237417464,0.01043962974709585,0.00134775879257465,0.0008581857184396095
540,model/specific_cloud_liquid_water_content,0.9239325632138157,0.9353023121480144,0.015985967666633953,0.014769956081686289,0.0009305621016163449,0.0008597766277760248
540,model/log_surface_pressure,1.0,1.0,0.0,0.0,0.0,0.0
560,data/temperature/upper,0.2576485007103307,0.2584165846671845,0.008941326719874288,0.002303719423736829,0.00311082171915553,0.0008014985519175557
560,data/temperature/weather,0.25,0.25,0.1671399429510481,0.04178498573776202,0.05814415231282561,0.014536038078206403
560,data/geopotential/upper,0.39903476186667847,0.40639147359819827,0.008652912294104075,0.003452812796731074,0.0018146762404380188,0.0007241189014683041
560,data/geopotential/weather,0.25,0.25,0.16386586798349953,0.04096646699587488,0.21341583137833012,0.05335395784458253
560,data/u_component_of_wind/upper,0.25,0.25,0.00965952652524775,0.0024148816313119374,0.013912743928108148,0.003478185982027037
560,data/u_component_of_wind/weather,0.25,0.25,0.17476794732489692,0.04369198683122423,0.07356565068775404,0.01839141267193851
560,data/v_component_of_wind/upper,0.5025178996483126,0.5120256073981357,0.0024118067354299906,0.0012119760550459325,0.0014983445350259426,0.0007529449486907643
560,data/v_component_of_wind/weather,0.25,0.25,0.1739083397726324,0.0434770849431581,0.05023755104248104,0.01255938776062026
560,data/specific_humidity/upper,0.25,0.25,0.008198459536465825,0.002049614884116456,0.005157020504060241,0.0012892551260150602
560,data/specific_humidity/weather,0.25,0.25,0.16180298127890155,0.04045074531972539,0.016769433273652747,0.004192358318413187
560,data/specific_cloud_ice_water_content/upper,4.0,4.0,7.428769998563699e-09,2.9715079994254795e-08,2.1988771443958663e-08,8.795508577583465e-08
560,data/specific_cloud_ice_water_content/weather,0.6947598047111977,0.6823644995663998,0.00853125272770467,0.0059271714790419695,0.001338458197576465,0.0009299069559623265
560,data/specific_cloud_liquid_water_content/upper,4.0,4.0,5.738765797572947e-09,2.2955063190291788e-08,2.9295561104497742e-08,1.1718224441799097e-07
560,data/specific_cloud_liquid_water_content/weather,0.5416492560025665,0.5057476197878442,0.008575980489071327,0.004645173451398011,0.0022033516917232443,0.0011934438045338915
560,model/vorticity,3.191472166740271,3.1701313778344584,0.017135950832162617,0.054688910131476774,0.0002699280687742826,0.0008614679185150766
560,model/divergence,2.583129554603933,2.6121609344662113,0.01704896760459115,0.044039692094904416,0.0002992813640095097,0.0007730825365151423
560,model/temperature_variation,0.25,0.25,0.017874684573624712,0.004468671143406178,0.004539751993309798,0.0011349379983274495
560,model/specific_humidity,0.25,0.25,0.016448832347784905,0.004112208086946226,0.006973957340860858,0.0017434893352152145
560,model/specific_cloud_ice_water_content,0.6444857435686869,0.6490617403190544,0.015542234390611417,0.010016748487952016,0.0012178245465911915,0.000784870558446023
560,model/specific_cloud_liquid_water_content,0.9353023121480144,0.9537001623625213,0.016400981728955225,0.01533987613258916,0.0007815897393811807,0.0007310226903943823
560,model/log_surface_pressure,1.0,1.0,0.0,0.0,0.0,0.0
580,data/temperature/upper,0.2584165846671845,0.26226751076377064,0.00983833150315961,0.002542388025870074,0.0030984955567031763,0.0008007026393696813
580,data/temperature/weather,0.25,0.25,0.16293626859621418,0.040734067149053546,0.03778625588274961,0.009446563970687402
580,data/geopotential/upper,0.40639147359819827,0.4160939094055384,0.00877807825696241,0.0035673361582072576,0.0018577552832957926,0.0007549759071634154
580,data/geopotential/weather,0.25,0.25,0.16427677248253655,0.04106919312063414,0.17156568906335198,0.042891422265837996
580,data/u_component_of_wind/upper,0.25,0.25,0.011105218963397777,0.002776304740849444,0.010347508162823975,0.0025868770407059937
580,data/u_component_of_wind/weather,0.25,0.25,0.16951510990423613,0.04237877747605903,0.061047939210961875,0.015261984802740469
580,data/v_component_of_wind/upper,0.5120256073981357,0.5194065483482733,0.0023816567368374615,0.0012194692372930632,0.0016430242748206548,0.0008412705022849273
580,data/v_component_of_wind/weather,0.25,0.25,0.1669384299162078,0.04173460747905195,0.04945461950261471,0.012363654875653678
580,data/specific_humidity/upper,0.25,0.25,0.008268631696982337,0.002067157924245584,0.004774692389916909,0.0011936730974792273
580,data/specific_humidity/weather,0.25,0.25,0.14961618564886472,0.03740404641221618,0.014575646584483634,0.0036439116461209086
580,data/specific_cloud_ice_water_content/upper,4.0,4.0,7.230854452294446e-09,2.8923417809177785e-08,1.89391508842962e-08,7.57566035371848e-08
580,data/specific_cloud_ice_water_content/weather,0.6823644995663998,0.7015866501116924,0.007801806593556872,0.0053236758519262725,0.001092147687586105,0.0007452428102922932
580,data/specific_cloud_liquid_water_content/upper,4.0,4.0,5.8084949627096165e-09,2.3233979850838466e-08,2.7286206169838497e-08,1.0914482467935399e-07
580,data/specific_cloud_liquid_water_content/weather,0.5057476197878442,0.5162775208659307,0.007630860957424305,0.0038592897661493325,0.0015365492483202336,0.0007771061250247594
580,model/vorticity,3.1701313778344584,3.225913495477075,0.016101955328794614,0.05104531383230057,0.00025000693655690055,0.0007925548342552992
580,model/divergence,2.6121609344662113,2.6401653342596694,0.017081859848151457,0.044620566983368165,0.00031693038008284073,0.0008278731577979248
580,model/temperature_variation,0.25,0.25,0.01804398007199052,0.00451099501799763,0.0042990670608500006,0.0010747667652125001
580,model/specific_humidity,0.25,0.25,0.015265220278958007,0.003816305069739502,0.007557795792820753,0.0018894489482051881
580,model/specific_cloud_ice_water_content,0.6490617403190544,0.5757013564388055,0.015498566568080328,0.010059526589128932,0.0023275938376052475,0.0015107521069919684
580,model/specific_cloud_liquid_water_content,0.9537001623625213,0.8925876743292328,0.015070152203389914,0.01437240660320087,0.0012846100019443829,0.0012251327674268767
580,model/log_surface_pressure,1.0,1.0,0.0,0.0,0.0,0.0
600,data/temperature/upper,0.26226751076377064,0.2685391461020136,0.007180539292547248,0.0018832221661978135,0.002295818263807579,0.0006021185412148154
600,data/temperature/weather,0.25,0.25,0.1717193474335305,0.04292983685838263,0.03415004948567767,0.008537512371419418
600,data/geopotential/upper,0.4160939094055384,0.42096174532298497,0.008578090672468513,0.0035692912831426075,0.001574763577401609,0.0006552495333104867
600,data/geopotential/weather,0.25,0.25,0.16311071097089033,0.04077767774272258,0.20220395832435148,0.05055098958108787
600,data/u_component_of_wind/upper,0.25,0.25,0.007989108492337783,0.001997277123084446,0.004358442050577991,0.0010896105126444978
600,data/u_component_of_wind/weather,0.25,0.25,0.16919813201246678,0.042299533003116695,0.04223124084144042,0.010557810210360105
600,data/v_component_of_wind/upper,0.5194065483482733,0.5283818760397474,0.0014274009773123735,0.0007414014147347718,0.0012155199029687314,0.0006313489972496169
600,data/v_component_of_wind/weather,0.25,0.25,0.17136995935957366,0.042842489839893416,0.036081275973511795,0.009020318993377949
600,data/specific_humidity/upper,0.25,0.25,0.00820579639778937,0.0020514490994473426,0.004389582946702101,0.0010973957366755252
600,data/specific_humidity/weather,0.25,0.25,0.17459548228585547,0.04364887057146387,0.012951689897297397,0.003237922474324349
600,data/specific_cloud_ice_water_content/upper,4.0,4.0,7.716402525655391e-09,3.0865610102621563e-08,2.2294845788865073e-08,8.917938315546029e-08
600,data/specific_cloud_ice_water_content/weather,0.7015866501116924,0.6760639213752643,0.0077967654842859965,0.0054701065778266795,0.001293380025802386,0.0009074181596240704
600,data/specific_cloud_liquid_water_content/upper,4.0,4.0,5.93229929658294e-09,2.372919718633176e-08,2.6303691341126372e-08,1.0521476536450549e-07
600,data/specific_cloud_liquid_water_content/weather,0.5162775208659307,0.5294560770753766,0.008194653757155813,0.004230715526099088,0.0011485703464396136,0.0005929810509999669
600,model/vorticity,3.225913495477075,3.251564944675806,0.016697103622403456,0.05386341191089047,0.00020981008656318988,0.0006768291897314076
600,model/divergence,2.6401653342596694,2.6183498484076577,0.01673898233795347,0.044193680899449625,0.0002861554308945007,0.0007554976488577991
600,model/temperature_variation,0.25,0.25,0.017555043803962434,0.0043887609509906085,0.0042033968597519145,0.0010508492149379786
600,model/specific_humidity,0.25,0.25,0.017178874198254084,0.004294718549563521,0.004549614792712662,0.0011374036981781654
600,model/specific_cloud_ice_water_content,0.5757013564388055,0.5764341312635697,0.015627209351706098,0.008996605621130386,0.0012271184753284972,0.0007064537707577347
600,model/specific_cloud_liquid_water_content,0.8925876743292328,0.8802483097375806,0.015554440475456332,0.013883701849480052,0.0008758389874066745,0.0007817630848561938
600,model/log_surface_pressure,1.0,1.0,0.0,0.0,0.0,0.0
620,data/temperature/upper,0.2685391461020136,0.27632377774228734,0.00888469222034626,0.002385887662230988,0.0026487191113113116,0.000711284768415624
620,data/temperature/weather,0.25,0.25,0.1683942575830308,0.0420985643957577,0.1046888470609311,0.026172211765232774
620,data/geopotential/upper,0.42096174532298497,0.4318010675826501,0.008648617803844776,0.003640737245337938,0.0017003148075753697,0.000715767488995443
620,data/geopotential/weather,0.25,0.25,0.17050159432672982,0.042625398581682454,0.4972726639277319,0.12431816598193297
620,data/u_component_of_wind/upper,0.25,0.25,0.008296599169406386,0.0020741497923515966,0.008399528747843906,0.0020998821869609766
620,data/u_component_of_wind/weather,0.25,0.25,0.17142701776103894,0.042856754440259735,0.0788736988512285,0.019718424712807124
620,data/v_component_of_wind/upper,0.5283818760397474,0.5265269051661862,0.0015900892254385522,0.0008401743280078111,0.0016364657158029405,0.0008646788249906858
620,data/v_component_of_wind/weather,0.25,0.25,0.17271188214848868,0.04317797053712217,0.06671033661177311,0.01667758415294328
620,data/specific_humidity/upper,0.25,0.25,0.009361884614790178,0.0023404711536975445,0.004963096505389262,0.0012407741263473155
620,data/specific_humidity/weather,0.25,0.25,0.1769995097914485,0.04424987744786212,0.030203864085201156,0.007550966021300289
620,data/specific_cloud_ice_water_content/upper,4.0,4.0,8.478074949208161e-09,3.3912299796832645e-08,2.4505579141671008e-08,9.802231656668403e-08
620,data/specific_cloud_ice_water_content/weather,0.6760639213752643,0.6484347864781443,0.010277304829043326,0.006948115003891971,0.0015653538183938239,0.0010582792408030718
620,data/specific_cloud_liquid_water_content/upper,4.0,4.0,6.202083454480161e-09,2.4808333817920643e-08,2.418802238862643e-08,9.675208955450572e-08
620,data/specific_cloud_liquid_water_content/weather,0.5294560770753766,0.46410532605902843,0.008676467692522817,0.004593808547354375,0.0028826667253508036,0.0015262454159199585
620,model/vorticity,3.251564944675806,3.2688352326867607,0.016879185604645772,0.05488376820674269,0.00025096164803839753,0.0008160180972197212
620,model/divergence,2.6183498484076577,2.658960708610942,0.017026317435513527,0.0445808556762175,0.00029362629891136816,0.0007688163752430824
620,model/temperature_variation,0.25,0.25,0.018065391750730058,0.0045163479376825145,0.003993594338304977,0.0009983985845762443
620,model/specific_humidity,0.25,0.25,0.017880918778114797,0.004470229694528699,0.006211079724339163,0.0015527699310847907
620,model/specific_cloud_ice_water_content,0.5764341312635697,0.5852687978499119,0.01753502524627313,0.010107787044520214,0.0013297260782311326,0.0007664994967236764
620,model/specific_cloud_liquid_water_content,0.8802483097375806,0.8897433978240823,0.017062259130675064,0.015019024760081327,0.0009019200155803332,0.0007939135692330806
620,model/log_surface_pressure,1.0,1.0,0.0,0.0,0.0,0.0
640,data/temperature/upper,0.27632377774228734,0.27111096163433446,0.0086389297478956,0.0023871417035887382,0.003089674318015145,0.0008537504795472702
640,data/temperature/weather,0.25,0.25,0.16523428047627414,0.041308570119068536,0.04262836145609913,0.010657090364024782
640,data/geopotential/upper,0.4318010675826501,0.4242736342900994,0.008834367178902553,0.0038146891792672473,0.0019807041220969773,0.0008552701544868304
640,data/geopotential/weather,0.25,0.25,0.1657598778254266,0.04143996945635665,0.18254212961169491,0.04563553240292373
640,data/u_component_of_wind/upper,0.25,0.25,0.013534644213461736,0.003383661053365434,0.012113733822843687,0.0030284334557109218
640,data/u_component_of_wind/weather,0.25,0.25,0.17405583553036966,0.043513958882592414,0.05819778988305904,0.01454944747076476
640,data/v_component_of_wind/upper,0.5265269051661862,0.506616362810231,0.0022978296588025827,0.0012098691388483973,0.0018651368528942482,0.0009820447348658087
640,data/v_component_of_wind/weather,0.25,0.25,0.1750792606621534,0.04376981516553835,0.04148679598452004,0.01037169899613001
640,data/specific_humidity/upper,0.25,0.25,0.007183025152287852,0.001795756288071963,0.004031557881978163,0.0010078894704945408
640,data/specific_humidity/weather,0.25,0.25,0.1621174819405662,0.04052937048514155,0.021272575166332783,0.005318143791583196
640,data/specific_cloud_ice_water_content/upper,4.0,4.0,7.088445284531126e-09,2.8353781138124505e-08,1.662227004946147e-08,6.648908019784589e-08
640,data/specific_cloud_ice_water_content/weather,0.6484347864781443,0.6749435867705279,0.00792621150248126,0.0051396312631920476,0.0009220434099639419,0.0005978850216635488
640,data/specific_cloud_liquid_water_content/upper,4.0,4.0,6.0581041982460815e-09,2.4232416792984326e-08,2.4767718690419255e-08,9.907087476167702e-08
640,data/specific_cloud_liquid_water_content/weather,0.46410532605902843,0.49593830808507905,0.007642438008531798,0.003546896183835562,0.0010191378904003782,0.00047298732292337794
640,model/vorticity,3.2688352326867607,3.132862601821288,0.016782206019311553,0.05485826631813344,0.00030216225094977043,0.0009877186118925482
640,model/divergence,2.658960708610942,2.714470766619724,0.01747349762210209,0.04646134361917618,0.00025732721949843284,0.0006842229659024363
640,model/temperature_variation,0.25,0.25,0.01788523242271495,0.004471308105678738,0.004676886099548313,0.0011692215248870783
640,model/specific_humidity,0.25,0.25,0.017006096056163076,0.004251524014040769,0.004838170568687494,0.0012095426421718735
640,model/specific_cloud_ice_water_content,0.5852687978499119,0.6160140361062867,0.01591008402463806,0.009311675750791006,0.0009237816148081174,0.0005406605551745973
640,model/specific_cloud_liquid_water_content,0.8897433978240823,0.9137697418624218,0.015554824381059653,0.013839802297360893,0.0007317829336186174,0.0006510990338275034
640,model/log_surface_pressure,1.0,1.0,0.0,0.0,0.0,0.0
660,data/temperature/upper,0.27111096163433446,0.2765815202815613,0.006994508189581237,0.0018962878414365968,0.002208399105206909,0.0005987212050850489
660,data/temperature/weather,0.25,0.25,0.16252052215749035,0.04063013053937259,0.050633158399203244,0.012658289599800811
660,data/geopotential/upper,0.4242736342900994,0.42383039836831166,0.008507046049697169,0.0036093153445782514,0.0016015093042033462,0.000679478172843762
660,data/geopotential/weather,0.25,0.25,0.1453796113140907,0.03634490282852267,0.13384942760163968,0.03346235690040992
660,data/u_component_of_wind/upper,0.25,0.25,0.010605638529508974,0.0026514096323772434,0.0069129629411048945,0.0017282407352762236
660,data/u_component_of_wind/weather,0.25,0.25,0.16546402333466603,0.04136600583366651,0.04820506485644038,0.012051266214110096
660,data/v_component_of_wind/upper,0.506616362810231,0.5082716931585186,0.001830602061404438,0.0009274129581016275,0.0013476405239399843,0.0006827367406141489
660,data/v_component_of_wind/weather,0.25,0.25,0.16511127293000843,0.04127781823250211,0.036855773522793636,0.009213943380698409
660,data/specific_humidity/upper,0.25,0.25,0.00890077042564358,0.002225192606410895,0.004829042795048623,0.0012072606987621557
660,data/specific_humidity/weather,0.25,0.25,0.1480756590695743,0.03701891476739357,0.009722625928427472,0.002430656482106868
660,data/specific_cloud_ice_water_content/upper,4.0,4.0,6.924450079626733e-09,2.769780031850693e-08,1.507418452365401e-08,6.029673809461604e-08
660,data/specific_cloud_ice_water_content/weather,0.6749435867705279,0.6725226171172063,0.008680929975134111,0.005859138013920806,0.0010511075645865972,0.0007094383097237122
660,data/specific_cloud_liquid_water_content/upper,4.0,4.0,5.6418280173841336e-09,2.2567312069536534e-08,2.4181713560055484e-08,9.672685424022193e-08
660,data/specific_cloud_liquid_water_content/weather,0.49593830808507905,0.49286460264190746,0.008111386527431007,0.004022747310638238,0.0014424674846509947,0.0007153748838055541
660,model/vorticity,3.132862601821288,3.1029735954732103,0.016219536156954567,0.05081357824501114,0.00023229872780095335,0.00072775999677827
660,model/divergence,2.714470766619724,2.6985505491481785,0.01678412512481762,0.04556001699460505,0.00026171155953689964,0.0007104083776493716
660,model/temperature_variation,0.25,0.25,0.016633093679378503,0.004158273419844626,0.004588605219342695,0.0011471513048356737
660,model/specific_humidity,0.25,0.25,0.01508261394012338,0.003770653485030845,0.004867384506599437,0.0012168461266498592
660,model/specific_cloud_ice_water_content,0.6160140361062867,0.6392940047889631,0.015508162281424334,0.009553245639571483,0.0008372278085216601,0.0005157440814678492
660,model/specific_cloud_liquid_water_content,0.9137697418624218,0.9351110190221401,0.015721039943556826,0.014365410611032742,0.0006360064323216024,0.0005811634334853505
660,model/log_surface_pressure,1.0,1.0,0.0,0.0,0.0,0.0
680,data/temperature/upper,0.2765815202815613,0.2810367575461545,0.00696896881636497,0.0019274879900250163,0.0021527490575214154,0.0005954106071139713
680,data/temperature/weather,0.25,0.25,0.15147237243537826,0.037868093108844564,0.034921521468132606,0.008730380367033152
680,data/geopotential/upper,0.42383039836831166,0.42549914608645756,0.008685870301091874,0.003681335869887256,0.0015355835262186633,0.0006508269776450728
680,data/geopotential/weather,0.25,0.25,0.14217598630251602,0.035543996575629004,0.1947315458110437,0.04868288645276093
680,data/u_component_of_wind/upper,0.25,0.25,0.009149389276362479,0.0022873473190906197,0.010098658438258797,0.0025246646095646993
680,data/u_component_of_wind/weather,0.25,0.25,0.14987993154741133,0.03746998288685283,0.044908998039182704,0.011227249509795676
680,data/v_component_of_wind/upper,0.5082716931585186,0.4826087833308839,0.001340171937000916,0.000681171459542987,0.0017624541762819392,0.0008958055682931234
680,data/v_component_of_wind/weather,0.25,0.25,0.1473440716965394,0.03683601792413485,0.0318239073129827,0.007955976828245675
680,data/specific_humidity/upper,0.25,0.25,0.008139820820615106,0.0020349552051537765,0.004081825186824213,0.0010204562967060533
680,data/specific_humidity/weather,0.25,0.25,0.13348897169142124,0.03337224292285531,0.013512328334074281,0.0033780820835185702
680,data/specific_cloud_ice_water_content/upper,4.0,4.0,7.098780360631024e-09,2.8395121442524097e-08,1.3440045795865834e-08,5.3760183183463335e-08
680,data/specific_cloud_ice_water_content/weather,0.6725226171172063,0.6529840818745689,0.008269310893789837,0.005561298604047366,0.001183360257113978,0.0007958365371067826
680,data/specific_cloud_liquid_water_content/upper,4.0,4.0,5.988073608275009e-09,2.3952294433100035e-08,2.2570893116205346e-08,9.028357246482139e-08
680,data/specific_cloud_liquid_water_content/weather,0.49286460264190746,0.5069717551118146,0.007570890785522956,0.0037314240786520503,0.0011043445314089587,0.0005442923286526399
680,model/vorticity,3.1029735954732103,3.0953193722845835,0.015320502845372922,0.04753911579856437,0.00021762517602989074,0.0006752851749309604
680,model/divergence,2.6985505491481785,2.703695184006939,0.016017217543331623,0.04322327119738339,0.00024342903688803104,0.0006569055611728084
680,model/temperature_variation,0.25,0.25,0.015570703106003165,0.003892675776500791,0.003105909165430547,0.0007764772913576367
680,model/specific_humidity,0.25,0.25,0.013851839263251179,0.0034629598158127948,0.003589438358249351,0.0008973595895623378
680,model/specific_cloud_ice_water_content,0.6392940047889631,0.6548848181255539,0.014678420513790027,0.009383826234237296,0.0008721833144668075,0.000557581564015597
680,model/specific_cloud_liquid_water_content,0.9351110190221401,0.947000101633033,0.014184974828317192,0.013264526266511097,0.0006530199997095033,0.0006106461973701913
680,model/log_surface_pressure,1.0,1.0,0.0,0.0,0.0,0.0
700,data/temperature/upper,0.2810367575461545,0.2844737875353728,0.006461802073557622,0.0018160039026576516,0.0026328705799210247,0.0007399334108196681
700,data/temperature/weather,0.25,0.25,0.17105205257831127,0.04276301314457782,0.07734496385192705,0.01933624096298176
700,data/geopotential/upper,0.42549914608645756,0.4292323572263767,0.00840954366251614,0.003578253647377398,0.0017715121282071203,0.0007537768978339328
700,data/geopotential/weather,0.25,0.25,0.16889094248152564,0.04222273562038141,0.18533217496194226,0.046333043740485566
700,data/u_component_of_wind/upper,0.25,0.25,0.01061957595614987,0.0026548939890374676,0.015795711169751054,0.0039489277924377635
700,data/u_component_of_wind/weather,0.25,0.25,0.16386086548580184,0.04096521637145046,0.06287326457218291,0.015718316143045728
700,data/v_component_of_wind/upper,0.4826087833308839,0.4802198079467393,0.0013976378679735444,0.0006745123109998828,0.0017030375818401324,0.000821900895338637
700,data/v_component_of_wind/weather,0.25,0.25,0.16172505843169488,0.04043126460792372,0.037874836510901254,0.009468709127725313
700,data/specific_humidity/upper,0.25,0.25,0.009098822173494288,0.002274705543373572,0.005045891572412217,0.0012614728931030542
700,data/specific_humidity/weather,0.25,0.25,0.1754735229845373,0.043868380746134326,0.014084673329158642,0.0035211683322896605
700,data/specific_cloud_ice_water_content/upper,4.0,4.0,7.396652847541537e-09,2.9586611390166147e-08,2.0355859574755522e-08,8.142343829902209e-08
700,data/specific_cloud_ice_water_content/weather,0.6529840818745689,0.6743809483394202,0.009043409844808451,0.005905202674527685,0.0010262180064548184,0.00067010402274805
700,data/specific_cloud_liquid_water_content/upper,4.0,4.0,5.8233773115335585e-09,2.3293509246134234e-08,2.5104152692610642e-08,1.0041661077044257e-07
700,data/specific_cloud_liquid_water_content/weather,0.5069717551118146,0.5212480819761152,0.008100955474370031,0.004106955614924037,0.001327430325404271,0.0006729696818588503
700,model/vorticity,3.0953193722845835,3.013272370138786,0.016368083292968266,0.05066444530389231,0.00029602052452670227,0.0009162780641613453
700,model/divergence,2.703695184006939,2.7281394973018447,0.016113973885047036,0.04356727358821526,0.0002806363556951918,0.0007587551633503484
700,model/temperature_variation,0.25,0.25,0.017088014701698403,0.004272003675424601,0.005980304517963901,0.0014950761294909751
700,model/specific_humidity,0.25,0.25,0.016985085366882653,0.004246271341720663,0.008377551319673235,0.0020943878299183086
700,model/specific_cloud_ice_water_content,0.6548848181255539,0.6766247781271361,0.0155254004273125,0.010167349035166943,0.0010016503350003037,0.0006559655974620741
700,model/specific_cloud_liquid_water_content,0.947000101633033,0.9424083714082108,0.015606323069649245,0.014779189533075783,0.0008602213707005807,0.0008146297254803569
700,model/log_surface_pressure,1.0,1.0,0.0,0.0,0.0,0.0
720,data/temperature/upper,0.2844737875353728,0.2803528904118065,0.007644906484827643,0.0021747755030926525,0.0027392998344048696,0.0007792589990881727
720,data/temperature/weather,0.25,0.25,0.14821938027340925,0.03705484506835231,0.03458617490387947,0.008646543725969867
720,data/geopotential/upper,0.4292323572263767,0.4301427666253091,0.008662324129743024,0.0037181498052685207,0.0016466650893214249,0.0007068019378518173
720,data/geopotential/weather,0.25,0.25,0.14031403720316193,0.035078509300790484,0.17277497771131292,0.04319374442782823
720,data/u_component_of_wind/upper,0.25,0.25,0.007202637929328668,0.001800659482332167,0.007647329867920887,0.0019118324669802217
720,data/u_component_of_wind/weather,0.25,0.25,0.1486112647210189,0.037152816180254726,0.08017269775042404,0.02004317443760601
720,data/v_component_of_wind/upper,0.4802198079467393,0.5059652424516969,0.0013685619114090631,0.0006572105382600827,0.0010222357319132165,0.0004908978468556593
720,data/v_component_of_wind/weather,0.25,0.25,0.14458981286132258,0.036147453215330645,0.04815805098065025,0.012039512745162562
720,data/specific_humidity/upper,0.25,0.25,0.00877413439279584,0.00219353359819896,0.004236837546473569,0.0010592093866183922
720,data/specific_humidity/weather,0.25,0.25,0.1536267287599466,0.03840668218998665,0.014990336518460202,0.0037475841296150504
720,data/specific_cloud_ice_water_content/upper,4.0,4.0,7.773657168200863e-09,3.1094628672803453e-08,1.8093465051465174e-08,7.23738602058607e-08
720,data/specific_cloud_ice_water_content/weather,0.6743809483394202,0.637213412635308,0.009155875939816234,0.006174548299171352,0.0014472094738060004,0.0009759704973910838
720,data/specific_cloud_liquid_water_content/upper,4.0,4.0,6.031831116568863e-09,2.4127324466275453e-08,2.2600960914949844e-08,9.040384365979938e-08
720,data/specific_cloud_liquid_water_content/weather,0.5212480819761152,0.532032555313847,0.00838796150772296,0.004372208847590076,0.0012218119432999169,0.0006368671319805917
720,model/vorticity,3.013272370138786,3.004047744140957,0.015545632011750101,0.04684322341735161,0.0002423752019644839,0.0007303424992863873
720,model/divergence,2.7281394973018447,2.759979596454039,0.015613449560527827,0.0425956684352061,0.0002453972525080557,0.0006694779370965809
720,model/temperature_variation,0.25,0.25,0.015357058445201879,0.0038392646113004697,0.0032945141311498233,0.0008236285327874558
720,model/specific_humidity,0.25,0.25,0.01567464922837016,0.00391866230709254,0.005266017924651614,0.0013165044811629036
720,model/specific_cloud_ice_water_content,0.6766247781271361,0.6549710974127534,0.015548282636847377,0.010520353289414858,0.001265901840566526,0.0008565405520040588
720,model/specific_cloud_liquid_water_content,0.9424083714082108,0.9452946945542823,0.016079690783675257,0.015153635204191015,0.0007514063150255484,0.0007081316016090721
720,model/log_surface_pressure,1.0,1.0,0.0,0.0,0.0,0.0
740,data/temperature/upper,0.2803528904118065,0.28052869042230816,0.008244622287839329,0.0023114036887493567,0.0029827731854627426,0.0008362290839873112
740,data/temperature/weather,0.25,0.25,0.15873171258208918,0.039682928145522295,0.07189502659669247,0.01797375664917312
740,data/geopotential/upper,0.4301427666253091,0.42153244601209156,0.008477502109277158,0.00364653621135637,0.0021788074071823586,0.0009371982460691361
740,data/geopotential/weather,0.25,0.25,0.1578141764707602,0.03945354411769005,0.6731855097037368,0.1682963774259342
740,data/u_component_of_wind/upper,0.25,0.25,0.009166651752463612,0.002291662938115903,0.012645158237801072,0.003161289559450268
740,data/u_component_of_wind/weather,0.25,0.25,0.16118971765322088,0.04029742941330522,0.144596291809512,0.036149072952378
740,data/v_component_of_wind/upper,0.5059652424516969,0.45230838014981367,0.0020366087364923737,0.001030453233138608,0.0027127936978931415,0.001372579321075939
740,data/v_component_of_wind/weather,0.25,0.25,0.15860798227178896,0.03965199556794724,0.06604675994891361,0.016511689987228403
740,data/specific_humidity/upper,0.25,0.25,0.009961108251583603,0.0024902770628959007,0.004682757889159463,0.0011706894722898658
740,data/specific_humidity/weather,0.25,0.25,0.17099475612203574,0.042748689030508935,0.01396513828357297,0.0034912845708932427
740,data/specific_cloud_ice_water_content/upper,4.0,4.0,7.187296554224263e-09,2.874918621689705e-08,1.840049628085303e-08,7.360198512341212e-08
740,data/specific_cloud_ice_water_content/weather,0.637213412635308,0.6531983689118749,0.0077489190969563596,0.00493771518200647,0.0011830609868260596,0.0007538623287711285
740,data/specific_cloud_liquid_water_content/upper,4.0,4.0,5.665390954883583e-09,2.266156381953433e-08,2.592305698015944e-08,1.0369222792063776e-07
740,data/specific_cloud_liquid_water_content/weather,0.532032555313847,0.5104178441277042,0.009475758972750636,0.005041412259810634,0.0019808852250229967,0.0010538954280524297
740,model/vorticity,3.004047744140957,2.94069225504691,0.016205555344805653,0.04868226197611485,0.00031582868401386235,0.0009487644457468504
740,model/divergence,2.759979596454039,2.831259454859467,0.015623269844152455,0.04311990599975645,0.0002709961561326393,0.0007479438616435575
740,model/temperature_variation,0.25,0.25,0.016180946400798847,0.004045236600199712,0.004341911087066514,0.0010854777717666285
740,model/specific_humidity,0.25,0.25,0.015963493491745754,0.0039908733729364385,0.002844988590457917,0.0007112471476144793
740,model/specific_cloud_ice_water_content,0.6549710974127534,0.6879552214384607,0.014409511879091421,0.009437813808630614,0.0009789459577255887,0.0006411813082393077
740,model/specific_cloud_liquid_water_content,0.9452946945542823,0.9721073390313608,0.01731574231644239,0.01636847934400207,0.0007825591469288084,0.0007397490097667276
740,model/log_surface_pressure,1.0,1.0,0.0,0.0,0.0,0.0
760,data/temperature/upper,0.28052869042230816,0.29801810655732575,0.0062946694278132,0.0017658353712257768,0.0028160060271773496,0.0007899704830253885
760,data/temperature/weather,0.25,0.25,0.18910161302151945,0.047275403255379864,0.09456538422778132,0.02364134605694533
760,data/geopotential/upper,0.42153244601209156,0.4339470653250576,0.008467334999014434,0.003569256433338345,0.0021852275229355795,0.0009211443028359787
760,data/geopotential/weather,0.25,0.25,0.19825165282198084,0.04956291320549521,0.3973111558289818,0.09932778895724545
760,data/u_component_of_wind/upper,0.25,0.25,0.009467560915182855,0.0023668902287957137,0.010862935256538411,0.0027157338141346027
760,data/u_component_of_wind/weather,0.25,0.25,0.18593929884098376,0.04648482471024594,0.08779349975056845,0.021948374937642113
760,data/v_component_of_wind/upper,0.45230838014981367,0.43043830555899976,0.0014630032756333903,0.0006617286417556101,0.0029370303904697045,0.0013284434583641267
760,data/v_component_of_wind/weather,0.25,0.25,0.18730973785085386,0.046827434462713466,0.07651653417669212,0.01912913354417303
760,data/specific_humidity/upper,0.25,0.25,0.008186004715955991,0.0020465011789889977,0.004340348347857424,0.001085087086964356
760,data/specific_humidity/weather,0.25,0.25,0.1826079092658022,0.04565197731645055,0.02233257796134789,0.005583144490336972
760,data/specific_cloud_ice_water_content/upper,4.0,4.0,6.819244774424372e-09,2.7276979097697488e-08,2.235004487881613e-08,8.940017951526452e-08
760,data/specific_cloud_ice_water_content/weather,0.6531983689118749,0.6794356642752675,0.009520206744513678,0.006218583517220165,0.0013531494544574796,0.0008838750165456189
760,data/specific_cloud_liquid_water_content/upper,4.0,4.0,5.975383846024282e-09,2.3901535384097127e-08,2.70397644221384e-08,1.081590576885536e-07
760,data/specific_cloud_liquid_water_content/weather,0.5104178441277042,0.4894155814778283,0.008422464991002314,0.004298976422948465,0.002484115109967557,0.0012679366789946952
760,model/vorticity,2.94069225504691,2.8053831473522775,0.01764576887465269,0.05189077586403899,0.0004372427496274436,0.0012857963674048386
760,model/divergence,2.831259454859467,2.8866542890507865,0.017255146419377136,0.048853796444846,0.00034401432502515123,0.0009739938103345572
760,model/temperature_variation,0.25,0.25,0.01826353861018125,0.004565884652545312,0.004863524073772246,0.0012158810184430616
760,model/specific_humidity,0.25,0.25,0.01768461806060659,0.004421154515151647,0.005840905283779524,0.001460226320944881
760,model/specific_cloud_ice_water_content,0.6879552214384607,0.7192160964761315,0.016216998705039842,0.011156568935192915,0.001241963628328527,0.0008544153629452658
760,model/specific_cloud_liquid_water_content,0.9721073390313608,1.0074917439263191,0.016266761758677147,0.01581303848788474,0.0009264028409183046,0.0009005630005561861
760,model/log_surface_pressure,1.0,1.0,0.0,0.0,0.0,0.0
780,data/temperature/upper,0.29801810655732575,0.2878556821703758,0.006817309984841533,0.0020316818134968246,0.0030796186562118883,0.0009177821208428828
780,data/temperature/weather,0.25,0.25,0.14416047437417595,0.03604011859354399,0.053309906427431046,0.013327476606857762
780,data/geopotential/upper,0.4339470653250576,0.4313192348439172,0.008492326016350273,0.0036852199525788383,0.001770680428010864,0.0007683815753638313
780,data/geopotential/weather,0.25,0.25,0.14843183579511532,0.03710795894877883,0.16569716409699778,0.041424291024249445
780,data/u_component_of_wind/upper,0.25,0.25,0.011747247815167791,0.002936811953791948,0.01045458106822712,0.00261364526705678
780,data/u_component_of_wind/weather,0.25,0.25,0.14130640551253243,0.03532660137813311,0.047167533722781076,0.011791883430695269
780,data/v_component_of_wind/upper,0.43043830555899976,0.43934193487497974,0.0012941972314376392,0.000557072063359166,0.0015441240747013129,0.0006646501502872914
780,data/v_component_of_wind/weather,0.25,0.25,0.1419677072317691,0.035491926807942276,0.05828289515024121,0.014570723787560302
780,data/specific_humidity/upper,0.25,0.25,0.00912545175280501,0.0022813629382012527,0.004879156599028283,0.0012197891497570707
780,data/specific_humidity/weather,0.25,0.25,0.13763519780430614,0.034408799451076534,0.015218845163097024,0.003804711290774256
780,data/specific_cloud_ice_water_content/upper,4.0,4.0,7.3457906442619675e-09,2.938316257704787e-08,1.9550425538159894e-08,7.820170215263958e-08
780,data/specific_cloud_ice_water_content/weather,0.6794356642752675,0.7037752225199514,0.006678633183919625,0.004537701573767275,0.0008680392073815524,0.0005897767954842617
780,data/specific_cloud_liquid_water_content/upper,4.0,4.0,6.307210612503231e-09,2.5228842450012925e-08,2.654715824189714e-08,1.0618863296758857e-07
780,data/specific_cloud_liquid_water_content/weather,0.4894155814778283,0.44952083001675164,0.007274651467087854,0.0035603277778133388,0.0023570736161354286,0.0011535885544269682
780,model/vorticity,2.8053831473522775,2.736699152607353,0.015490198994941046,0.0434559432095408,0.00030647256086489003,0.0008597729573762576
780,model/divergence,2.8866542890507865,2.9374600361050267,0.01469503966507341,0.04241949927695559,0.0002304090400108874,0.0006651112435835023
780,model/temperature_variation,0.25,0.25,0.014974021155824024,0.003743505288956006,0.004745801996724573,0.0011864504991811432
780,model/specific_humidity,0.25,0.25,0.01361581961154525,0.0034039549028863124,0.006502696885993224,0.001625674221498306
780,model/specific_cloud_ice_water_content,0.7192160964761315,0.7303341395666765,0.014144907547424958,0.010173245191274749,0.0009349355643845121,0.0006724207070733377
780,model/specific_cloud_liquid_water_content,1.0074917439263191,1.033693767294958,0.014286995148442878,0.014394029657571576,0.0006245862055355379,0.0006292654454473214
780,model/log_surface_pressure,1.0,1.0,0.0,0.0,0.0,0.0
800,data/temperature/upper,0.2878556821703758,0.284883585467149,0.007587350123613416,0.002184061845698225,0.0021200872907161036,0.000610279173329828
800,data/temperature/weather,0.25,0.25,0.15025373194246217,0.03756343298561554,0.054011607718754545,0.013502901929688636
800,data/geopotential/upper,0.4313192348439172,0.4238608664574233,0.008498365084613787,0.0036655083257198804,0.0014671988934666844,0.0006328311040938923
800,data/geopotential/weather,0.25,0.25,0.13933266739139927,0.03483316684784982,0.11062297127587298,0.027655742818968244
800,data/u_component_of_wind/upper,0.25,0.25,0.01032082243254545,0.0025802056081363624,0.006937870786488635,0.0017344676966221588
800,data/u_component_of_wind/weather,0.25,0.25,0.14299213541802644,0.03574803385450661,0.031924024133211056,0.007981006033302764
800,data/v_component_of_wind/upper,0.43934193487497974,0.4525131921923119,0.0016007608719106974,0.0007032813787374054,0.0010215701733575033,0.000448818616573454
800,data/v_component_of_wind/weather,0.25,0.25,0.14288170247857954,0.035720425619644884,0.02407335067101498,0.006018337667753745
800,data/specific_humidity/upper,0.25,0.25,0.008881302574650782,0.0022203256436626956,0.004118375900552197,0.0010295939751380492
800,data/specific_humidity/weather,0.25,0.25,0.14649241787009404,0.03662310446752351,0.010948358735977704,0.002737089683994426
800,data/specific_cloud_ice_water_content/upper,4.0,4.0,7.3753003588277125e-09,2.950120143531085e-08,1.4620046178709295e-08,5.848018471483718e-08
800,data/specific_cloud_ice_water_content/weather,0.7037752225199514,0.6861334059311643,0.007895753715735641,0.005556835828254583,0.0009505741231084578,0.0006689905150123626
800,data/specific_cloud_liquid_water_content/upper,4.0,4.0,5.772013626640604e-09,2.3088054506562415e-08,1.9011244511049337e-08,7.604497804419735e-08
800,data/specific_cloud_liquid_water_content/weather,0.44952083001675164,0.4718533925071274,0.008448629985415488,0.0037978351635483865,0.0007916122124838991,0.0003558461788071595
800,model/vorticity,2.736699152607353,2.8108433007512326,0.01602126501796594,0.043845382398365225,0.0001623116194147938,0.00044419807131079335
800,model/divergence,2.9374600361050267,2.918150595956143,0.014961055715881416,0.04394750326334234,0.00019939936563604526,0.0005857276677805769
800,model/temperature_variation,0.25,0.25,0.015249563580303934,0.0038123908950759835,0.003758405406536913,0.0009396013516342282
800,model/specific_humidity,0.25,0.25,0.014673036400263703,0.0036682591000659257,0.005852111337385813,0.0014630278343464532
800,model/specific_cloud_ice_water_content,0.7303341395666765,0.6891337148132093,0.014778026562557748,0.010792897314059103,0.0011090553659773871,0.0008099809964429005
800,model/specific_cloud_liquid_water_content,1.033693767294958,1.0126279459242342,0.016124028422249755,0.016667307683766328,0.0006261928899003589,0.0006472916874144189
800,model/log_surface_pressure,1.0,1.0,0.0,0.0,0.0,0.0
820,data/temperature/upper,0.284883585467149,0.2967844573777648,0.006543811474470918,0.0018642244754683462,0.0021500187657112813,0.000612505054797484
820,data/temperature/weather,0.25,0.25,0.16877818714208667,0.04219454678552167,0.06286343752986223,0.015715859382465558
820,data/geopotential/upper,0.4238608664574233,0.42955398444246823,0.00846934176431555,0.0035898225385468316,0.0017289688830792339,0.0007328422488598875
820,data/geopotential/weather,0.25,0.25,0.1545692276925093,0.038642306923127326,0.1601766327821666,0.04004415819554165
820,data/u_component_of_wind/upper,0.25,0.25,0.009894054504721929,0.002473513626180482,0.01074442427200878,0.002686106068002195
820,data/u_component_of_wind/weather,0.25,0.25,0.16301188293260396,0.04075297073315099,0.07903082609018787,0.019757706522546967
820,data/v_component_of_wind/upper,0.4525131921923119,0.45529485716046403,0.0014537849514259008,0.0006578568691308794,0.0017005303987591416,0.0007695124391625643
820,data/v_component_of_wind/weather,0.25,0.25,0.16351717186673984,0.04087929296668496,0.05709495323846122,0.014273738309615305
820,data/specific_humidity/upper,0.25,0.25,0.008589527682889266,0.0021473819207223164,0.004258164172011304,0.001064541043002826
820,data/specific_humidity/weather,0.25,0.25,0.16444375935963623,0.04111093983990906,0.013846949773695301,0.0034617374434238253
820,data/specific_cloud_ice_water_content/upper,4.0,4.0,8.37821178518205e-09,3.35128471407282e-08,1.9691719713472466e-08,7.876687885388986e-08
820,data/specific_cloud_ice_water_content/weather,0.6861334059311643,0.6856814759346872,0.008020270133589556,0.005502975263247796,0.0011686964161560097,0.0008018816525166684
820,data/specific_cloud_liquid_water_content/upper,4.0,4.0,5.907011762475393e-09,2.3628047049901573e-08,2.321062374636592e-08,9.284249498546368e-08
820,data/specific_cloud_liquid_water_content/weather,0.4718533925071274,0.4422485052765728,0.008659783655254234,0.004086148296109482,0.0022896232262120575,0.0010803664868512732
820,model/vorticity,2.8108433007512326,2.872529553067647,0.016972567855320555,0.047707228652673496,0.0002494441490322132,0.0007011484152187886
820,model/divergence,2.918150595956143,2.9267447965111373,0.016072194259995214,0.04690108325812793,0.0002677571867898648,0.0007813557942023843
820,model/temperature_variation,0.25,0.25,0.016924682260575592,0.004231170565143898,0.0048738541121274145,0.0012184635280318536
820,model/specific_humidity,0.25,0.25,0.016321129471738215,0.004080282367934554,0.006578739187535101,0.0016446847968837753
820,model/specific_cloud_ice_water_content,0.6891337148132093,0.6596762395807619,0.015325128759483324,0.010561062912013492,0.0014245673452151603,0.000981717386609715
820,model/specific_cloud_liquid_water_content,1.0126279459242342,0.9814861306485009,0.01620483017592164,0.016409463895094574,0.0009155424286385813,0.0009271038489187714
820,model/log_surface_pressure,1.0,1.0,0.0,0.0,0.0,0.0
840,data/temperature/upper,0.2967844573777648,0.3001588740230222,0.006953780047630449,0.0020637738381603303,0.002265020258544397,0.0006722228083817434
840,data/temperature/weather,0.25,0.25,0.1535206212590073,0.03838015531475183,0.03153060386423244,0.00788265096605811
840,data/geopotential/upper,0.42955398444246823,0.43140906716478156,0.008565239740448228,0.0036792328582145087,0.0016148438185260897,0.0006936625965001719
840,data/geopotential/weather,0.25,0.25,0.1475544602602213,0.03688861506505532,0.1659100406059548,0.0414775101514887
840,data/u_component_of_wind/upper,0.25,0.25,0.008656980705030076,0.002164245176257519,0.0038655958677270867,0.0009663989669317717
840,data/u_component_of_wind/weather,0.25,0.25,0.15508791545016964,0.03877197886254241,0.05392423305885127,0.013481058264712818
840,data/v_component_of_wind/upper,0.45529485716046403,0.438173963283871,0.0013698591024960724,0.0006236898044009108,0.001940364648478957,0.0008834380454684407
840,data/v_component_of_wind/weather,0.25,0.25,0.15501021392605474,0.038752553481513685,0.03365890596374237,0.008414726490935592
840,data/specific_humidity/upper,0.25,0.25,0.00834726696723905,0.0020868167418097625,0.003785457933303703,0.0009463644833259257
840,data/specific_humidity/weather,0.25,0.25,0.15776976689310981,0.039442441723277454,0.011336375792867563,0.0028340939482168906
840,data/specific_cloud_ice_water_content/upper,4.0,4.0,6.657943637706579e-09,2.6631774550826317e-08,1.6400665677147964e-08,6.560266270859186e-08
840,data/specific_cloud_ice_water_content/weather,0.6856814759346872,0.6891443323009009,0.008578723267677934,0.005882271631816648,0.0010117985847289304,0.0006937715469255606
840,data/specific_cloud_liquid_water_content/upper,4.0,4.0,5.470684355073623e-09,2.1882737420294493e-08,2.2376976024236546e-08,8.950790409694618e-08
840,data/specific_cloud_liquid_water_content/weather,0.4422485052765728,0.4812924728681454,0.007973968536829563,0.0035264756665352942,0.0008368083553782253,0.00037007724436896724
840,model/vorticity,2.872529553067647,2.820487936773342,0.015417131443160394,0.044286165694006695,0.0002757084809970777,0.0007919807596954955
840,model/divergence,2.9267447965111373,2.931453510190482,0.015644964780992712,0.04578881926437042,0.00024131409729621326,0.0007062647785864744
840,model/temperature_variation,0.25,0.25,0.01602947245186339,0.0040073681129658475,0.004239938203774508,0.001059984550943627
840,model/specific_humidity,0.25,0.25,0.015274950830550395,0.0038187377076375987,0.0051472683635165615,0.0012868170908791404
840,model/specific_cloud_ice_water_content,0.6596762395807619,0.6706615105807934,0.015071139454224594,0.009942072601360137,0.0009747660687031976,0.000643030014673048
840,model/specific_cloud_liquid_water_content,0.9814861306485009,0.9872183328146666,0.015155424209244607,0.014874838665468106,0.0007029089724922189,0.0006898954076095015
840,model/log_surface_pressure,1.0,1.0,0.0,0.0,0.0,0.0
860,data/temperature/upper,0.3001588740230222,0.29026579084869486,0.006877108664862001,0.002064225193378948,0.0023770769321821636,0.0007135007354298981
860,data/temperature/weather,0.25,0.25,0.15152533811729182,0.037881334529322956,0.05017981897541613,0.012544954743854033
860,data/geopotential/upper,0.43140906716478156,0.4228487961352254,0.008556314108937426,0.003691271488105554,0.0015210944852669978,0.000656213952958529
860,data/geopotential/weather,0.25,0.25,0.13990559355764606,0.034976398389411516,0.1249461300152861,0.031236532503821524
860,data/u_component_of_wind/upper,0.25,0.25,0.007939243168343773,0.0019848107920859433,0.006126694620757447,0.0015316736551893619
860,data/u_component_of_wind/weather,0.25,0.25,0.1474025388280199,0.036850634707004976,0.03568185801771866,0.008920464504429664
860,data/v_component_of_wind/upper,0.438173963283871,0.4514696762705174,0.001441858695097014,0.0006317849389259691,0.001025125025292323,0.00044918309519381564
860,data/v_component_of_wind/weather,0.25,0.25,0.14611607366837495,0.03652901841709374,0.03064460650105895,0.007661151625264737
860,data/specific_humidity/upper,0.25,0.25,0.009018542415329445,0.0022546356038323613,0.004048435181487012,0.001012108795371753
860,data/specific_humidity/weather,0.25,0.25,0.15422231014720703,0.038555577536801756,0.010717503120868811,0.002679375780217203
860,data/specific_cloud_ice_water_content/upper,4.0,4.0,7.750370201883133e-09,3.1001480807532534e-08,1.7078162099006407e-08,6.831264839602563e-08
860,data/specific_cloud_ice_water_content/weather,0.6891443323009009,0.6941570132905264,0.006721505820164244,0.004632087640493707,0.0007891750720370513,0.0005438555280874891
860,data/specific_cloud_liquid_water_content/upper,4.0,4.0,5.729292573221787e-09,2.291717029288715e-08,1.913507012684225e-08,7.6540280507369e-08
860,data/specific_cloud_liquid_water_content/weather,0.4812924728681454,0.5084249319729874,0.008736250198419629,0.004204691461592209,0.0007690412953128929,0.0003701337867588639
860,model/vorticity,2.820487936773342,2.9060128462560213,0.015299986760181478,0.043153428089883705,0.00016336778495996954,0.00046077686673697547
860,model/divergence,2.931453510190482,2.9737624706852013,0.015547146518764076,0.045575737235876684,0.00017793474860760774,0.0005216074433906327
860,model/temperature_variation,0.25,0.25,0.015429127832091081,0.0038572819580227702,0.0038510662842263484,0.0009627665710565871
860,model/specific_humidity,0.25,0.25,0.015651487515468382,0.0039128718788670955,0.004935093632932912,0.001233773408233228
860,model/specific_cloud_ice_water_content,0.6706615105807934,0.5646150404349279,0.01406894859556221,0.009435502317383283,0.0019865708345633646,0.0013323165967840135
860,model/specific_cloud_liquid_water_content,0.9872183328146666,0.9384434341059013,0.01619391653509931,0.015986931283520606,0.0008045009381871321,0.0007942180749449357
860,model/log_surface_pressure,1.0,1.0,0.0,0.0,0.0,0.0
880,data/temperature/upper,0.29026579084869486,0.29280721976116536,0.005932864762230793,0.0017221076822072751,0.0021888051241859352,0.0006353352503855063
880,data/temperature/weather,0.25,0.25,0.16630569488831567,0.04157642372207892,0.03153834539693206,0.007884586349233015
880,data/geopotential/upper,0.4228487961352254,0.419036133327753,0.00845017518459206,0.0035731464039365085,0.0016877133210818369,0.0007136475460408379
880,data/geopotential/weather,0.25,0.25,0.1605647026316495,0.04014117565791237,0.12641326420174973,0.03160331605043743
880,data/u_component_of_wind/upper,0.25,0.25,0.009267898206289118,0.0023169745515722795,0.015121117316534326,0.0037802793291335816
880,data/u_component_of_wind/weather,0.25,0.25,0.1611677173936475,0.04029192934841187,0.04857557758880508,0.01214389439720127
880,data/v_component_of_wind/upper,0.4514696762705174,0.44615582036194545,0.001379691269524769,0.0006228887708056066,0.001604278134921342,0.0007242829302208077
880,data/v_component_of_wind/weather,0.25,0.25,0.1613988791940969,0.040349719798524225,0.04299251557085229,0.010748128892713073
880,data/specific_humidity/upper,0.25,0.25,0.009756650931442384,0.002439162732860596,0.004410281065012052,0.001102570266253013
880,data/specific_humidity/weather,0.25,0.25,0.16899122933918032,0.04224780733479508,0.014810916388305739,0.0037027290970764347
880,data/specific_cloud_ice_water_content/upper,4.0,4.0,7.931493928821913e-09,3.172597571528765e-08,1.628069822181739e-08,6.512279288726956e-08
880,data/specific_cloud_ice_water_content/weather,0.6941570132905264,0.6616173068567099,0.008393264106644368,0.005826243144026832,0.0012605970371739803,0.0008750522742875768
880,data/specific_cloud_liquid_water_content/upper,4.0,4.0,6.289864171477455e-09,2.515945668590982e-08,2.3746585860066562e-08,9.498634344026625e-08
880,data/specific_cloud_liquid_water_content/weather,0.5084249319729874,0.5208623596701792,0.008794160162333864,0.004471170282294151,0.0011527461971918573,0.00058608490688939
880,model/vorticity,2.9060128462560213,2.9243757755765487,0.01682587922713635,0.04889622118361057,0.00022479103048008556,0.0006532456222982575
880,model/divergence,2.9737624706852013,2.9794448136341862,0.015835596880975286,0.04709130370554394,0.0002259790015720482,0.0006720078740378691
880,model/temperature_variation,0.25,0.25,0.016941944389171806,0.004235486097292952,0.004259491633657196,0.001064872908414299
880,model/specific_humidity,0.25,0.25,0.016670727416092986,0.0041676818540232466,0.00556460890036448,0.00139115222509112
880,model/specific_cloud_ice_water_content,0.5646150404349279,0.5580182379384118,0.015222846410064866,0.008595048041353472,0.00128163856038907,0.0007236324075970376
880,model/specific_cloud_liquid_water_content,0.9384434341059013,0.9476823328731,0.016716693937855406,0.01568767166593833,0.0006840179451643937,0.0006419121494501357
880,model/log_surface_pressure,1.0,1.0,0.0,0.0,0.0,0.0
900,data/temperature/upper,0.29280721976116536,0.283246324541012,0.007135302515314686,0.0020892680916641433,0.002703627444810672,0.0007916416353849964
900,data/temperature/weather,0.25,0.25,0.18723767507269737,0.04680941876817434,0.04097523078209818,0.010243807695524545
900,data/geopotential/upper,0.419036133327753,0.42041227522124164,0.00847681003493259,0.0035520896999920474,0.0015245997667643284,0.0006388623911373183
900,data/geopotential/weather,0.25,0.25,0.18476963465026555,0.04619240866256639,0.186528632719367,0.04663215817984175
900,data/u_component_of_wind/upper,0.25,0.25,0.009577069639429527,0.002394267409857382,0.007610825909262924,0.001902706477315731
900,data/u_component_of_wind/weather,0.25,0.25,0.19089964654248592,0.04772491163562148,0.04349151580067766,0.010872878950169414
900,data/v_component_of_wind/upper,0.44615582036194545,0.45267984094864055,0.0014463601603434504,0.0006453020038768671,0.0013010590303533757,0.0005804750590266276
900,data/v_component_of_wind/weather,0.25,0.25,0.18714295180783797,0.04678573795195949,0.034348219372399076,0.008587054843099769
900,data/specific_humidity/upper,0.25,0.25,0.008429108052670988,0.002107277013167747,0.0037941830248705813,0.0009485457562176453
900,data/specific_humidity/weather,0.25,0.25,0.1866138211901262,0.04665345529753155,0.013302126900685234,0.0033255317251713085
900,data/specific_cloud_ice_water_content/upper,4.0,4.0,7.919589657361876e-09,3.1678358629447503e-08,1.427834036418567e-08,5.711336145674268e-08
900,data/specific_cloud_ice_water_content/weather,0.6616173068567099,0.6334817921604451,0.00944189068369974,0.0062469182857848825,0.0012598915714659706,0.0008335660684447836
900,data/specific_cloud_liquid_water_content/upper,4.0,4.0,6.700655313463882e-09,2.680262125385553e-08,2.620793033210767e-08,1.0483172132843067e-07
900,data/specific_cloud_liquid_water_content/weather,0.5208623596701792,0.48976084083664995,0.008986863734259444,0.004680919050660733,0.00174564309923083,0.000909239783807335
900,model/vorticity,2.9243757755765487,3.0538753378967396,0.01784823920563501,0.05219495836965465,0.00016788911424078066,0.0004909708586687427
900,model/divergence,2.9794448136341862,2.9280244035956398,0.01742668628022593,0.05192185005644918,0.00024315809787462102,0.0007244761336056935
900,model/temperature_variation,0.25,0.25,0.018850039101179102,0.004712509775294776,0.005451551739871962,0.0013628879349679905
900,model/specific_humidity,0.25,0.25,0.019325076413372416,0.004831269103343104,0.004074126102952193,0.0010185315257380482
900,model/specific_cloud_ice_water_content,0.5580182379384118,0.5570872174154867,0.016512488383566188,0.009214269671776097,0.0011816454145370096,0.0006593796920879462
900,model/specific_cloud_liquid_water_content,0.9476823328731,0.9314319673841499,0.01707061167150407,0.016177517092421746,0.0007655802661051377,0.0007255268925841255
900,model/log_surface_pressure,1.0,1.0,0.0,0.0,0.0,0.0
920,data/temperature/upper,0.283246324541012,0.27494061482330834,0.008512470810364305,0.0024111260697983394,0.00302765627204087,0.0008575725110291188
920,data/temperature/weather,0.25,0.25,0.16379264630715354,0.040948161576788385,0.05261968649202324,0.01315492162300581
920,data/geopotential/upper,0.42041227522124164,0.42426959171142986,0.008609790305580244,0.00361966153154678,0.0016767958982228453,0.0007049455786535119
920,data/geopotential/weather,0.25,0.25,0.16919663388473308,0.04229915847118327,0.15977033846069028,0.03994258461517257
920,data/u_component_of_wind/upper,0.25,0.25,0.008073801756069733,0.0020184504390174333,0.005013550859561224,0.001253387714890306
920,data/u_component_of_wind/weather,0.25,0.25,0.16174882279594935,0.04043720569898734,0.05198481255833472,0.01299620313958368
920,data/v_component_of_wind/upper,0.45267984094864055,0.4492045801020142,0.002241250470975727,0.0010145689067273579,0.0017413089737248549,0.0007882554692682078
920,data/v_component_of_wind/weather,0.25,0.25,0.16138504780282775,0.04034626195070694,0.04670741324380566,0.011676853310951415
920,data/specific_humidity/upper,0.25,0.25,0.008436363405551667,0.002109090851387917,0.003840945433553652,0.000960236358388413
920,data/specific_humidity/weather,0.25,0.25,0.15431399687481054,0.038578499218702635,0.01171888794827288,0.00292972198706822
920,data/specific_cloud_ice_water_content/upper,4.0,4.0,7.051762105461891e-09,2.8207048421847565e-08,1.5078242002445694e-08,6.031296800978278e-08
920,data/specific_cloud_ice_water_content/weather,0.6334817921604451,0.6493448330285028,0.009503788328220056,0.006020476862474361,0.0010404002751130943,0.0006590746308428631
920,data/specific_cloud_liquid_water_content/upper,4.0,4.0,5.945934416425418e-09,2.378373766570167e-08,2.2773218029570395e-08,9.109287211828158e-08
920,data/specific_cloud_liquid_water_content/weather,0.48976084083664995,0.49228752645290996,0.008016804037733565,0.0039263166863430414,0.0014885014468965468,0.0007290097202186228
920,model/vorticity,3.0538753378967396,2.9508723276867785,0.016553051428545792,0.05055095552457239,0.00029040306728584265,0.0008868547652338023
920,model/divergence,2.9280244035956398,2.9354547526492727,0.016310672330017536,0.0477580466213435,0.0002525127537313747,0.0007393635051446011
920,model/temperature_variation,0.25,0.25,0.016732872225254377,0.004183218056313594,0.003405730243415363,0.0008514325608538407
920,model/specific_humidity,0.25,0.25,0.015351331981168127,0.0038378329952920317,0.003790138128345292,0.000947534532086323
920,model/specific_cloud_ice_water_content,0.5570872174154867,0.600007802773521,0.015557116683399687,0.008666670844163176,0.0008333066848795143,0.0004642245023332525
920,model/specific_cloud_liquid_water_content,0.9314319673841499,0.9736179707722619,0.015635441099147954,0.014563349663898374,0.0006183937764783916,0.0005759917318433825
920,model/log_surface_pressure,1.0,1.0,0.0,0.0,0.0,0.0
940,data/temperature/upper,0.27494061482330834,0.2640337071870075,0.007112174615207715,0.0019554256614359358,0.002607773462136612,0.0007169828389997474
940,data/temperature/weather,0.25,0.25,0.1676041806507831,0.04190104516269578,0.031036816759831314,0.0077592041899578286
940,data/geopotential/upper,0.42426959171142986,0.41704426527065813,0.008551755554145208,0.00362824983737314,0.0014507809998950056,0.000615522262488154
940,data/geopotential/weather,0.25,0.25,0.17850953670300235,0.04462738417575059,0.1560734241213483,0.03901835603033708
940,data/u_component_of_wind/upper,0.25,0.25,0.008138618516566143,0.0020346546291415356,0.004889324006268206,0.0012223310015670515
940,data/u_component_of_wind/weather,0.25,0.25,0.16647018867940394,0.041617547169850985,0.04422131760417192,0.01105532940104298
940,data/v_component_of_wind/upper,0.4492045801020142,0.45844765002624005,0.001920780034820971,0.0008628231890100864,0.0010825122050219032,0.00048626944051216955
940,data/v_component_of_wind/weather,0.25,0.25,0.16757376792826117,0.041893441982065294,0.03243087026816122,0.008107717567040306
940,data/specific_humidity/upper,0.25,0.25,0.007915520600497354,0.0019788801501243384,0.003397037853468036,0.000849259463367009
940,data/specific_humidity/weather,0.25,0.25,0.1755761199265262,0.04389402998163155,0.009066983121748515,0.0022667457804371287
940,data/specific_cloud_ice_water_content/upper,4.0,4.0,8.11302670042486e-09,3.245210680169944e-08,1.717100920004421e-08,6.868403680017684e-08
940,data/specific_cloud_ice_water_content/weather,0.6493448330285028,0.6436450688658136,0.008813426356888854,0.005722952866122999,0.0009024439000844197,0.0005859972836179083
940,data/specific_cloud_liquid_water_content/upper,4.0,4.0,5.681161502219567e-09,2.2724646008878268e-08,1.6482834177935082e-08,6.593133671174033e-08
940,data/specific_cloud_liquid_water_content/weather,0.49228752645290996,0.5202430597007631,0.008550776179878875,0.004209440454845034,0.0007009430653782128,0.00034506552783936074
940,model/vorticity,2.9508723276867785,2.983886688458302,0.016803028211674915,0.049583590971171765,0.00017250150899569047,0.0005090299293795949
940,model/divergence,2.9354547526492727,2.9369169399880786,0.016661972011201828,0.048910464928791565,0.00018762197284808972,0.0005507558118983578
940,model/temperature_variation,0.25,0.25,0.017048633933967862,0.0042621584834919655,0.0033722726653024676,0.0008430681663256169
940,model/specific_humidity,0.25,0.25,0.017190918515386545,0.004297729628846636,0.005610275854859151,0.0014025689637147877
940,model/specific_cloud_ice_water_content,0.600007802773521,0.5781071643775545,0.015865116698722405,0.009519193811145927,0.0011578219762089208,0.0006947022199480105
940,model/specific_cloud_liquid_water_content,0.9736179707722619,0.9476754561255715,0.01677172213696922,0.016329250073352196,0.0006711975913435043,0.0006534900368710926
940,model/log_surface_pressure,1.0,1.0,0.0,0.0,0.0,0.0
960,data/temperature/upper,0.2640337071870075,0.2914524170517227,0.006522548954169609,0.0017221727806781407,0.002323334563791965,0.0006134386379137016
960,data/temperature/weather,0.25,0.25,0.18146943018133843,0.04536735754533461,0.10920459898025275,0.02730114974506319
960,data/geopotential/upper,0.41704426527065813,0.4374569244647356,0.00845949753864758,0.0035279849355642208,0.0019547795029398523,0.000815229581569693
960,data/geopotential/weather,0.25,0.25,0.18094705854691845,0.04523676463672961,0.5217981798597391,0.13044954496493477
960,data/u_component_of_wind/upper,0.25,0.25,0.00936632661558514,0.002341581653896285,0.012480141269622661,0.0031200353174056653
960,data/u_component_of_wind/weather,0.25,0.25,0.17649112920700719,0.044122782301751796,0.09165425460735994,0.022913563651839986
960,data/v_component_of_wind/upper,0.45844765002624005,0.41360215914767956,0.0011915038150129365,0.0005462421239899806,0.0031568877538658167,0.001447267772156399
960,data/v_component_of_wind/weather,0.25,0.25,0.18009191389572463,0.045022978473931156,0.064336548343747,0.01608413708593675
960,data/specific_humidity/upper,0.25,0.25,0.00843524376592768,0.00210881094148192,0.004033783345150526,0.0010084458362876316
960,data/specific_humidity/weather,0.25,0.25,0.18108097468113593,0.04527024367028398,0.027355456935441766,0.0068388642338604415
960,data/specific_cloud_ice_water_content/upper,4.0,4.0,6.901885639800951e-09,2.7607542559203804e-08,2.0129465113742787e-08,8.051786045497115e-08
960,data/specific_cloud_ice_water_content/weather,0.6436450688658136,0.6407068099723152,0.008637290361227014,0.00555934934936599,0.0015969970869568835,0.001027899300012867
960,data/specific_cloud_liquid_water_content/upper,4.0,4.0,5.8612268930731075e-09,2.344490757229243e-08,2.6263115259991458e-08,1.0505246103996583e-07
960,data/specific_cloud_liquid_water_content/weather,0.5202430597007631,0.4323979485050895,0.008584066599517616,0.00446580107240817,0.0035420551543251517,0.0018427296111149757
960,model/vorticity,2.983886688458302,2.993562171138526,0.017584436965500615,0.052469967385391385,0.0003351206340651267,0.0009999619990146372
960,model/divergence,2.9369169399880786,2.977417653314883,0.01688535617131247,0.04959088857725983,0.00032582316424324204,0.0009569155705064956
960,model/temperature_variation,0.25,0.25,0.01784677500673482,0.004461693751683705,0.005038999916063677,0.0012597499790159192
960,model/specific_humidity,0.25,0.25,0.017712090311633788,0.004428022577908447,0.005766867081392666,0.0014417167703481666
960,model/specific_cloud_ice_water_content,0.5781071643775545,0.5897629220393071,0.015212642007403184,0.008794537333590723,0.0015975259610153793,0.0009235412033421286
960,model/specific_cloud_liquid_water_content,0.9476754561255715,0.9736409943657415,0.015948180633579178,0.015113699356300152,0.0009445704391971262,0.0008951462218088679
960,model/log_surface_pressure,1.0,1.0,0.0,0.0,0.0,0.0
980,data/temperature/upper,0.2914524170517227,0.2781670357813862,0.008416243668359283,0.0024529345596395703,0.0029099985211908964,0.0008481261026180255
980,data/temperature/weather,0.25,0.25,0.1850089505921777,0.046252237648044425,0.02837627141451925,0.007094067853629813
980,data/geopotential/upper,0.4374569244647356,0.4389408106051367,0.008501530730282123,0.003719053486511655,0.0014801943104931162,0.0006475212506785186
980,data/geopotential/weather,0.25,0.25,0.19114170143274195,0.04778542535818549,0.10467052642535846,0.026167631606339614
980,data/u_component_of_wind/upper,0.25,0.25,0.00698741129766773,0.0017468528244169324,0.0061249145985852035,0.0015312286496463009
980,data/u_component_of_wind/weather,0.25,0.25,0.18754553103952987,0.04688638275988247,0.04334899174041245,0.010837247935103113
980,data/v_component_of_wind/upper,0.41360215914767956,0.4190293289638653,0.0017895519994997387,0.0007401625709001392,0.0014719270239248157,0.0006087921952031219
980,data/v_component_of_wind/weather,0.25,0.25,0.1899463271818324,0.0474865817954581,0.034437447876889654,0.008609361969222414
980,data/specific_humidity/upper,0.25,0.25,0.0077860053369785825,0.0019465013342446456,0.0033990475780420787,0.0008497618945105197
980,data/specific_humidity/weather,0.25,0.25,0.19347586137942457,0.048368965344856144,0.02133751836687695,0.005334379591719237
980,data/specific_cloud_ice_water_content/upper,4.0,4.0,8.023569168237662e-09,3.209427667295065e-08,1.412822055424832e-08,5.651288221699328e-08
980,data/specific_cloud_ice_water_content/weather,0.6407068099723152,0.6241271626332437,0.009196970093540183,0.005892561370042916,0.0012079168688975115,0.0007739205637830719
980,data/specific_cloud_liquid_water_content/upper,4.0,4.0,6.2924992943631055e-09,2.5169997177452422e-08,1.8621918773139328e-08,7.448767509255731e-08
980,data/specific_cloud_liquid_water_content/weather,0.4323979485050895,0.46398165964773286,0.008344111786781898,0.003607976818701629,0.0008904972934449827,0.0003850492028349452
980,model/vorticity,2.993562171138526,3.036871006986173,0.017643317715719673,0.0528163684871566,0.0002027015133536291,0.0006067995824079548
980,model/divergence,2.977417653314883,2.9888567018152714,0.01743120812633656,0.051899986793960316,0.00021841794366304183,0.0006503214412630764
980,model/temperature_variation,0.25,0.25,0.018577052799587476,0.004644263199896869,0.004232996208231823,0.0010582490520579559
980,model/specific_humidity,0.25,0.25,0.01943230777119114,0.004858076942797785,0.0049504463450511585,0.0012376115862627896
980,model/specific_cloud_ice_water_content,0.5897629220393071,0.5618087481966586,0.016327116721706485,0.00962912806627045,0.0014635141708208238,0.0008631263938292228
980,model/specific_cloud_liquid_water_content,0.9736409943657415,0.9382175453705249,0.01644834910904782,0.01601478698220818,0.0008341548093265069,0.0008121673180076257
980,model/log_surface_pressure,1.0,1.0,0.0,0.0,0.0,0.0
1000,data/temperature/upper,0.2781670357813862,0.2741224956350854,0.008125885917347853,0.0022603535987263624,0.0024345667128977694,0.0006772162059388056
1000,data/temperature/weather,0.25,0.25,0.16989268163124016,0.04247317040781004,0.06494237720824886,0.016235594302062215
1000,data/geopotential/upper,0.4389408106051367,0.43196885472622304,0.00862724547180247,0.0037868501206824714,0.001544002733492367,0.0006777258114156864
1000,data/geopotential/weather,0.25,0.25,0.16257136616896778,0.040642841542241945,0.24365036680480992,0.06091259170120248
1000,data/u_component_of_wind/upper,0.25,0.25,0.008835214642167412,0.002208803660541853,0.008057765161783893,0.0020144412904459733
1000,data/u_component_of_wind/weather,0.25,0.25,0.16268276757937367,0.040670691894843417,0.05850738035968836,0.01462684508992209
1000,data/v_component_of_wind/upper,0.4190293289638653,0.4261802825718056,0.0015744613286214457,0.0006597454740118002,0.0013134272587038535,0.0005503645428575249
1000,data/v_component_of_wind/weather,0.25,0.25,0.16488196175056535,0.04122049043764134,0.0296519944695827,0.007412998617395675
1000,data/specific_humidity/upper,0.25,0.25,0.00785225683124661,0.0019630642078116525,0.0032176171610225333,0.0008044042902556333
1000,data/specific_humidity/weather,0.25,0.25,0.1636227899600935,0.040905697490023374,0.012116061032571557,0.0030290152581428894
1000,data/specific_cloud_ice_water_content/upper,4.0,4.0,7.091216606786396e-09,2.8364866427145583e-08,1.6671428684870834e-08,6.668571473948333e-08
1000,data/specific_cloud_ice_water_content/weather,0.6241271626332437,0.6367386214338372,0.008183455244441425,0.005107516702249365,0.0008577195668333798,0.0005353260795827321
1000,data/specific_cloud_liquid_water_content/upper,4.0,4.0,5.3320467934604815e-09,2.1328187173841926e-08,1.7820852609946076e-08,7.12834104397843e-08
1000,data/specific_cloud_liquid_water_content/weather,0.46398165964773286,0.4754846432102625,0.008222183006943664,0.003814942117489108,0.001117326989706497,0.0005184192310532258
1000,model/vorticity,3.036871006986173,3.027236143593492,0.01612928632628714,0.04898256200767993,0.00020493562913860756,0.0006223630704295081
1000,model/divergence,2.9888567018152714,3.02808917652986,0.016354006378437428,0.048879781565722404,0.0001877397057216664,0.0005611270776430295
1000,model/temperature_variation,0.25,0.25,0.01725969665245775,0.004314924163114437,0.004859135484464854,0.0012147838711162135
1000,model/specific_humidity,0.25,0.25,0.015939373724244206,0.0039848434310610515,0.00417456780955503,0.0010436419523887576
1000,model/specific_cloud_ice_water_content,0.5618087481966586,0.5287836211723697,0.015519696782965383,0.008719101422029491,0.0015205112488127022,0.0008542365213144023
1000,model/specific_cloud_liquid_water_content,0.9382175453705249,0.921396161127066,0.016290212857265576,0.015283763520507074,0.0007283020010694291,0.0006833057157318011
1000,model/log_surface_pressure,1.0,1.0,0.0,0.0,0.0,0.0
1020,data/temperature/upper,0.2741224956350854,0.28212897625604805,0.005771940489124794,0.0015822187315360841,0.0018816017814336841,0.000515789376118024
1020,data/temperature/weather,0.25,0.25,0.15325191354855866,0.038312978387139665,0.057969803502302734,0.014492450875575684
1020,data/geopotential/upper,0.43196885472622304,0.428773022601797,0.00858445763128949,0.0037082183314339065,0.001495853036127466,0.000646161922854725
1020,data/geopotential/weather,0.25,0.25,0.14183284813770816,0.03545821203442704,0.1747016498910915,0.04367541247277287
1020,data/u_component_of_wind/upper,0.25,0.25,0.010284723507844122,0.0025711808769610304,0.01355249312887086,0.003388123282217715
1020,data/u_component_of_wind/weather,0.25,0.25,0.1532201325081655,0.03830503312704137,0.03891579883419213,0.009728949708548032
1020,data/v_component_of_wind/upper,0.4261802825718056,0.4457482103245838,0.0012050772772150846,0.0005135801745243869,0.001099646977783541,0.0004686478597210215
1020,data/v_component_of_wind/weather,0.25,0.25,0.15366481214964145,0.03841620303741036,0.036370131047337925,0.009092532761834481
1020,data/specific_humidity/upper,0.25,0.25,0.008088717229867882,0.0020221793074669705,0.0030828629022039995,0.0007707157255509999
1020,data/specific_humidity/weather,0.25,0.25,0.14694404474059788,0.03673601118514947,0.009254481256812587,0.0023136203142031467
1020,data/specific_cloud_ice_water_content/upper,4.0,4.0,6.6860976103504746e-09,2.6744390441401898e-08,1.123537650294923e-08,4.494150601179692e-08
1020,data/specific_cloud_ice_water_content/weather,0.6367386214338372,0.5884428446869485,0.006873679848751761,0.004376737431071743,0.0014636845893121208,0.000931984507612552
1020,data/specific_cloud_liquid_water_content/upper,4.0,4.0,6.025792795663971e-09,2.4103171182655885e-08,2.223801955097872e-08,8.895207820391488e-08
1020,data/specific_cloud_liquid_water_content/weather,0.4754846432102625,0.46150427418259776,0.007804667915770753,0.0037109997393048396,0.0015484907730074651,0.0007362835827178382
1020,model/vorticity,3.027236143593492,3.121056329002275,0.016849764792776556,0.051008216991742295,0.0001675631705048827,0.0005072532860874999
1020,model/divergence,3.02808917652986,3.09511388572638,0.016479120711989044,0.04990024706670307,0.00017797790343853512,0.0005389329630637047
1020,model/temperature_variation,0.25,0.25,0.015973402500830496,0.003993350625207624,0.004336917202469026,0.0010842293006172565
1020,model/specific_humidity,0.25,0.25,0.014664824301530337,0.0036662060753825843,0.00489245707993548,0.00122311426998387
1020,model/specific_cloud_ice_water_content,0.5287836211723697,0.46955669017647106,0.014921054059608928,0.007890008997348695,0.0020780392920815875,0.0010988331418053693
1020,model/specific_cloud_liquid_water_content,0.921396161127066,0.8576757670428962,0.015557260971127576,0.014334400536448879,0.0009804159060812462,0.0009033514521711744
1020,model/log_surface_pressure,1.0,1.0,0.0,0.0,0.0,0.0
1040,data/temperature/upper,0.28212897625604805,0.26603703214845226,0.008005349721659512,0.0022585411215434374,0.0029348198934571706,0.0008279977320369556
1040,data/temperature/weather,0.25,0.25,0.16297486323168262,0.040743715807920654,0.03560255690440599,0.008900639226101497
1040,data/geopotential/upper,0.428773022601797,0.4217877449146052,0.008636406383560613,0.0037030580694967386,0.0015650912538994152,0.0006710689075820887
1040,data/geopotential/weather,0.25,0.25,0.1718111166339804,0.0429527791584951,0.17051107111650698,0.042627767779126746
1040,data/u_component_of_wind/upper,0.25,0.25,0.0064823957535580885,0.0016205989383895221,0.004639175618923561,0.0011597939047308904
1040,data/u_component_of_wind/weather,0.25,0.25,0.15966126827870766,0.039915317069676916,0.0422445732530967,0.010561143313274174
1040,data/v_component_of_wind/upper,0.4457482103245838,0.44321878497891387,0.0021748231664497305,0.0009694235342174118,0.0014151820418244155,0.0006308148624267235
1040,data/v_component_of_wind/weather,0.25,0.25,0.1582171760094836,0.0395542940023709,0.052865356003803446,0.013216339000950861
1040,data/specific_humidity/upper,0.25,0.25,0.011251516875103328,0.002812879218775832,0.004169128549836619,0.0010422821374591548
1040,data/specific_humidity/weather,0.25,0.25,0.16977470766638805,0.04244367691659701,0.010046663587135553,0.002511665896783888
1040,data/specific_cloud_ice_water_content/upper,4.0,4.0,7.556073093292652e-09,3.022429237317061e-08,1.4126662402803163e-08,5.650664961121265e-08
1040,data/specific_cloud_ice_water_content/weather,0.5884428446869485,0.6177837719775211,0.008517664487287354,0.00501215872098837,0.0007269052435897893,0.0004277421893558349
1040,data/specific_cloud_liquid_water_content/upper,4.0,4.0,5.833583333148802e-09,2.333433333259521e-08,1.724635721720016e-08,6.898542886880064e-08
1040,data/specific_cloud_liquid_water_content/weather,0.46150427418259776,0.4712647449298112,0.008599352848614473,0.003968638094839877,0.0011548821421810398,0.0005329830447937044
1040,model/vorticity,3.121056329002275,3.1013252157028957,0.016676332064309136,0.05204777173385561,0.00020234171909614359,0.0006315199030062195
1040,model/divergence,3.09511388572638,3.1413143653405795,0.015873936429411255,0.0491316410638086,0.00017838637092044418,0.0005521261336602032
1040,model/temperature_variation,0.25,0.25,0.017176609748876904,0.004294152437219226,0.005065441378484375,0.0012663603446210938
1040,model/specific_humidity,0.25,0.25,0.017259270121249302,0.004314817530312326,0.0042571175444368866,0.0010642793861092216
1040,model/specific_cloud_ice_water_content,0.46955669017647106,0.4490973445630296,0.015398667446678168,0.007230547319390371,0.001654472536890889,0.0007768686484103553
1040,model/specific_cloud_liquid_water_content,0.8576757670428962,0.8381709954441924,0.016342778526743675,0.014016805108537055,0.0008133908942983833,0.0006976256591730731
1040,model/log_surface_pressure,1.0,1.0,0.0,0.0,0.0,0.0
1060,data/temperature/upper,0.26603703214845226,0.2669908242441931,0.008268661514070371,0.0021997701690434092,0.003558153941004579,0.0009466007143921773
1060,data/temperature/weather,0.25,0.25,0.18698410986057357,0.04674602746514339,0.07248087235072695,0.018120218087681737
1060,data/geopotential/upper,0.4217877449146052,0.4331776934390551,0.008681268569871288,0.0036616526930840503,0.002043678261217402,0.0008619984451298894
1060,data/geopotential/weather,0.25,0.25,0.21547514340104132,0.05386878585026033,0.4140417621048432,0.1035104405262108
1060,data/u_component_of_wind/upper,0.25,0.25,0.008848636382286277,0.0022121590955715693,0.013559221942501327,0.0033898054856253317
1060,data/u_component_of_wind/weather,0.25,0.25,0.1866085829896533,0.046652145747413325,0.07245426639107866,0.018113566597769665
1060,data/v_component_of_wind/upper,0.44321878497891387,0.42287683805533294,0.0016920831244361318,0.0007499630264959067,0.0026289518614666775,0.0011652008498073147
1060,data/v_component_of_wind/weather,0.25,0.25,0.19095751664187569,0.04773937916046892,0.0734479290478115,0.018361982261952875
1060,data/specific_humidity/upper,0.25,0.25,0.009413543344121257,0.0023533858360303144,0.00435468703353007,0.0010886717583825174
1060,data/specific_humidity/weather,0.25,0.25,0.19269749889805401,0.048174374724513504,0.04819708129928695,0.012049270324821738
1060,data/specific_cloud_ice_water_content/upper,4.0,4.0,8.33666427911851e-09,3.334665711647404e-08,2.1618457117132668e-08,8.647382846853067e-08
1060,data/specific_cloud_ice_water_content/weather,0.6177837719775211,0.6370490785371464,0.009505132095726126,0.005872116359242286,0.0013775900762877903,0.0008510527935678722
1060,data/specific_cloud_liquid_water_content/upper,4.0,4.0,7.073896065968613e-09,2.829558426387445e-08,3.0211825000266074e-08,1.208473000010643e-07
1060,data/specific_cloud_liquid_water_content/weather,0.4712647449298112,0.4364740168117019,0.009157931592552206,0.004315810296048775,0.002749485616473777,0.001295735637735699
1060,model/vorticity,3.1013252157028957,3.075646454939893,0.01774116383752176,0.05502111876522259,0.00032487861077703714,0.0010075542276453517
1060,model/divergence,3.1413143653405795,3.179690820737574,0.01757759932755442,0.05521676527584761,0.0002940698457216606,0.0009237658307789404
1060,model/temperature_variation,0.25,0.25,0.019330119307079088,0.004832529826769772,0.004805142568284593,0.0012012856420711483
1060,model/specific_humidity,0.25,0.25,0.0200807593144964,0.0050201898286241,0.00589020236585719,0.0014725505914642974
1060,model/specific_cloud_ice_water_content,0.4490973445630296,0.47528691520365274,0.0162636197979641,0.007303948464248393,0.0016655375804704247,0.0007479885046592009
1060,model/specific_cloud_liquid_water_content,0.8381709954441924,0.822807358031442,0.017555368585095262,0.014714400762359,0.0012502156855820539,0.0010478945257042535
1060,model/log_surface_pressure,1.0,1.0,0.0,0.0,0.0,0.0
1080,data/temperature/upper,0.2669908242441931,0.2538926448706985,0.007678218176349332,0.0020500137996302538,0.00258686413641152,0.0006906689879882545
1080,data/temperature/weather,0.25,0.25,0.1415344742170812,0.0353836185542703,0.022802407850865264,0.005700601962716316
1080,data/geopotential/upper,0.4331776934390551,0.41282854289809034,0.008646326950159903,0.003745395964990207,0.0015459095971801233,0.0006696535535717846
1080,data/geopotential/weather,0.25,0.25,0.13610391149362966,0.034025977873407415,0.10085544952478884,0.02521386238119721
1080,data/u_component_of_wind/upper,0.25,0.25,0.007421133614186087,0.0018552834035465218,0.007329831759869383,0.0018324579399673457
1080,data/u_component_of_wind/weather,0.25,0.25,0.1382076120850373,0.03455190302125932,0.025957573366863093,0.006489393341715773
1080,data/v_component_of_wind/upper,0.42287683805533294,0.4476474286188099,0.001396352822048433,0.0005904852661974823,0.0006903993341566675,0.0002919538874236788
1080,data/v_component_of_wind/weather,0.25,0.25,0.13982388990432118,0.034955972476080295,0.019934474807939934,0.004983618701984984
1080,data/specific_humidity/upper,0.25,0.25,0.009543052549580088,0.002385763137395022,0.0035922716438277214,0.0008980679109569303
1080,data/specific_humidity/weather,0.25,0.25,0.1507339387281729,0.037683484682043224,0.011460106540585196,0.002865026635146299
1080,data/specific_cloud_ice_water_content/upper,4.0,4.0,8.760481886059575e-09,3.50419275442383e-08,1.6179341214649274e-08,6.47173648585971e-08
1080,data/specific_cloud_ice_water_content/weather,0.6370490785371464,0.5813484037214898,0.007570603299834588,0.004822845856129904,0.0013410663486987176,0.0008543250816956936
1080,data/specific_cloud_liquid_water_content/upper,4.0,4.0,6.0188573451408326e-09,2.407542938056333e-08,1.9317202951152664e-08,7.726881180461066e-08
1080,data/specific_cloud_liquid_water_content/weather,0.4364740168117019,0.46493412816155294,0.00792249392847531,0.0034579627481279387,0.0005871903216691681,0.00025629331833189713
1080,model/vorticity,3.075646454939893,3.153611798211468,0.015373551448421785,0.04728360901217452,0.00012856115515929965,0.00039540866110867755
1080,model/divergence,3.179690820737574,3.1770792366836864,0.014454388131570751,0.045960485261333645,0.00015484857657224702,0.0004923705975310532
1080,model/temperature_variation,0.25,0.25,0.014709199939418119,0.0036772999848545297,0.003873568530286488,0.000968392132571622
1080,model/specific_humidity,0.25,0.25,0.01570129220318544,0.00392532305079636,0.004203584438804948,0.001050896109701237
1080,model/specific_cloud_ice_water_content,0.47528691520365274,0.46078117602336516,0.014709251110817102,0.006991114585416162,0.0012745357550024115,0.0006057701673118547
1080,model/specific_cloud_liquid_water_content,0.822807358031442,0.7978766408108297,0.0154621544104707,0.012722374419953605,0.0007366565512480122,0.0006061264307089305
1080,model/log_surface_pressure,1.0,1.0,0.0,0.0,0.0,0.0
1100,data/temperature/upper,0.2538926448706985,0.25,0.007893833137770744,0.0020041861735165794,0.0031756113792972664,0.0008062643721712699
1100,data/temperature/weather,0.25,0.25,0.1522711226909023,0.03806778067272557,0.040076522719173564,0.010019130679793391
1100,data/geopotential/upper,0.41282854289809034,0.3985662106623454,0.00862919529427777,0.0035623781197197495,0.0016987587181818036,0.0007012960863624217
1100,data/geopotential/weather,0.25,0.25,0.1426457423456678,0.03566143558641695,0.1326991048045338,0.03317477620113345
1100,data/u_component_of_wind/upper,0.25,0.25,0.008085481100818704,0.002021370275204676,0.008789120435212633,0.002197280108803158
1100,data/u_component_of_wind/weather,0.25,0.25,0.14765039716436867,0.03691259929109217,0.06401482036603048,0.01600370509150762
1100,data/v_component_of_wind/upper,0.4476474286188099,0.4388125950957121,0.00191016882150381,0.000855082161174003,0.0014936002071434659,0.0006686062921122943
1100,data/v_component_of_wind/weather,0.25,0.25,0.14976808039559258,0.037442020098898146,0.037499398269019976,0.009374849567254994
1100,data/specific_humidity/upper,0.25,0.25,0.009737552622106103,0.0024343881555265257,0.003748005905118325,0.0009370014762795812
1100,data/specific_humidity/weather,0.25,0.25,0.16218043376986757,0.04054510844246689,0.0146415425715982,0.00366038564289955
1100,data/specific_cloud_ice_water_content/upper,4.0,4.0,8.76919685949397e-09,3.507678743797588e-08,1.704958194035219e-08,6.819832776140876e-08
1100,data/specific_cloud_ice_water_content/weather,0.5813484037214898,0.5794088370156846,0.007934977689240527,0.004612986613205616,0.0010122013780788836,0.0005884416553908512
1100,data/specific_cloud_liquid_water_content/upper,4.0,4.0,6.164234766051232e-09,2.465693906420493e-08,1.8054386916857964e-08,7.221754766743186e-08
1100,data/specific_cloud_liquid_water_content/weather,0.46493412816155294,0.4758715626537372,0.008375890877374694,0.0038942375226485083,0.0010490697540149533,0.0004877483314635971
1100,model/vorticity,3.153611798211468,3.2078922442916515,0.01584207264139536,0.04995974719002752,0.00016058323416605268,0.0005064171818610186
1100,model/divergence,3.1770792366836864,3.1607071311840524,0.015725905206092364,0.04996244690833194,0.0001856110650112406,0.0005897010607459584
1100,model/temperature_variation,0.25,0.25,0.015468701630746807,0.0038671754076867017,0.004152585550408776,0.001038146387602194
1100,model/specific_humidity,0.25,0.25,0.016728527685034154,0.004182131921258539,0.004914937055880112,0.001228734263970028
1100,model/specific_cloud_ice_water_content,0.46078117602336516,0.4368228284794607,0.015561003921528977,0.007170217687066319,0.0016813604683247891,0.0007747392539138923
1100,model/specific_cloud_liquid_water_content,0.7978766408108297,0.8019185906173605,0.015891535534739668,0.012679484989784018,0.0006954985478453747,0.0005549220450436776
1100,model/log_surface_pressure,1.0,1.0,0.0,0.0,0.0,0.0
1120,data/temperature/upper,0.25,0.25,0.005452730515916851,0.0013631826289792128,0.0018721371590060452,0.0004680342897515113
1120,data/temperature/weather,0.25,0.25,0.14284489544220208,0.03571122386055052,0.02276351171813425,0.0056908779295335625
1120,data/geopotential/upper,0.3985662106623454,0.38791862540360694,0.008546742082491777,0.00340644260532715,0.0015111602453952385,0.0006022974127107602
1120,data/geopotential/weather,0.25,0.25,0.12467723997087313,0.031169309992718282,0.07331330594457844,0.01832832648614461
1120,data/u_component_of_wind/upper,0.25,0.25,0.0102750053345653,0.002568751333641325,0.01292380160618591,0.0032309504015464773
1120,data/u_component_of_wind/weather,0.25,0.25,0.14246329396031693,0.03561582349007923,0.04246826445058477,0.010617066112646192
1120,data/v_component_of_wind/upper,0.4388125950957121,0.45872491496273693,0.0012343691396395637,0.0005416567254712983,0.0008227740073703865,0.0003610435973514978
1120,data/v_component_of_wind/weather,0.25,0.25,0.1427606989446554,0.03569017473616385,0.028662239887506782,0.007165559971876696
1120,data/specific_humidity/upper,0.25,0.25,0.00907529707453793,0.0022688242686344823,0.003361824669663342,0.0008404561674158355
1120,data/specific_humidity/weather,0.25,0.25,0.14485181457602714,0.036212953644006785,0.007981645960592722,0.0019954114901481806
1120,data/specific_cloud_ice_water_content/upper,4.0,4.0,7.597658110002251e-09,3.0390632440009005e-08,1.3970270263869216e-08,5.5881081055476865e-08
1120,data/specific_cloud_ice_water_content/weather,0.5794088370156846,0.5973232402462003,0.007226020330331651,0.004186820035849154,0.0007000983090938028,0.00040564314706868754
1120,data/specific_cloud_liquid_water_content/upper,4.0,4.0,6.077783890767795e-09,2.431113556307118e-08,2.0822664569417756e-08,8.329065827767102e-08
1120,data/specific_cloud_liquid_water_content/weather,0.4758715626537372,0.4864880816954906,0.008411480352642688,0.004002784299643285,0.0008955150136649138,0.00042615012893260535
1120,model/vorticity,3.2078922442916515,3.2029933317521873,0.015876726044658198,0.050930826343402305,0.0001578538205901512,0.0005063780468029519
1120,model/divergence,3.1607071311840524,3.1533261834342365,0.01530779013130792,0.048383441430693806,0.00016190237368217302,0.0005117259870528695
1120,model/temperature_variation,0.25,0.25,0.014590236332672204,0.003647559083168051,0.004088594081071843,0.0010221485202679607
1120,model/specific_humidity,0.25,0.25,0.01452461010980181,0.0036311525274504526,0.004368282287680261,0.0010920705719200652
1120,model/specific_cloud_ice_water_content,0.4368228284794607,0.4378514098846725,0.014406085183673391,0.006292906877248262,0.0011336531246161053,0.0004952055644093856
1120,model/specific_cloud_liquid_water_content,0.8019185906173605,0.7753742126208696,0.01586932434749169,0.012725906214790299,0.0007763374142931961,0.0006225594051135257
1120,model/log_surface_pressure,1.0,1.0,0.0,0.0,0.0,0.0
1140,data/temperature/upper,0.25,0.26368202325239454,0.005192310735310124,0.001298077683827531,0.0023092067688209187,0.0005773016922052297
1140,data/temperature/weather,0.25,0.25,0.1605484597173545,0.04013711492933863,0.0420414159761357,0.010510353994033925
1140,data/geopotential/upper,0.38791862540360694,0.39389780857882545,0.00852888706499814,0.0033085141464766817,0.0019932219526700955,0.0007732079200040768
1140,data/geopotential/weather,0.25,0.25,0.16502004310832655,0.04125501077708164,0.1572877974568528,0.0393219493642132
1140,data/u_component_of_wind/upper,0.25,0.25,0.010741462893243554,0.0026853657233108885,0.010452993024218081,0.0026132482560545203
1140,data/u_component_of_wind/weather,0.25,0.25,0.16165806728250728,0.04041451682062682,0.09691542454208069,0.02422885613552017
1140,data/v_component_of_wind/upper,0.45872491496273693,0.4484893160340964,0.0011365342269556349,0.0005213565666124636,0.0020232942496935,0.0009281354826352454
1140,data/v_component_of_wind/weather,0.25,0.25,0.1605068208962339,0.04012670522405847,0.04404802170905411,0.011012005427263527
1140,data/specific_humidity/upper,0.25,0.25,0.01082348520057206,0.002705871300143015,0.0039302182171614694,0.0009825545542903674
1140,data/specific_humidity/weather,0.25,0.25,0.15850451005734253,0.039626127514335634,0.013892939462932638,0.0034732348657331596
1140,data/specific_cloud_ice_water_content/upper,4.0,4.0,7.808296463615188e-09,3.123318585446075e-08,1.9687802846781544e-08,7.875121138712618e-08
1140,data/specific_cloud_ice_water_content/weather,0.5973232402462003,0.6162423274969484,0.009740997821187035,0.005818524381782617,0.0011952610974918754,0.0007139572316940766
1140,data/specific_cloud_liquid_water_content/upper,4.0,4.0,5.903892127078146e-09,2.3615568508312584e-08,2.2216600752640163e-08,8.886640301056065e-08
1140,data/specific_cloud_liquid_water_content/weather,0.4864880816954906,0.5191583251519672,0.008100150687240855,0.003940626769280213,0.0012180905012530098,0.0005925865112860754
1140,model/vorticity,3.2029933317521873,3.074142278110329,0.01642208474089813,0.05259982791856606,0.0003082521278077627,0.000987329509866687
1140,model/divergence,3.1533261834342365,3.2406498875329133,0.01603624031102996,0.050567496456614354,0.00023165588781361637,0.0007304865765893805
1140,model/temperature_variation,0.25,0.25,0.015957787897328223,0.003989446974332056,0.004808405709406121,0.0012021014273515302
1140,model/specific_humidity,0.25,0.25,0.016259130461294048,0.004064782615323512,0.003978080055691462,0.0009945200139228655
1140,model/specific_cloud_ice_water_content,0.4378514098846725,0.42643650371320113,0.015662551979072143,0.006857870466428706,0.0021199359578941337,0.0009282169480291602
1140,model/specific_cloud_liquid_water_content,0.7753742126208696,0.767301530129322,0.015626357062507215,0.012116274303474096,0.0011167885655751998,0.000865929054696861
1140,model/log_surface_pressure,1.0,1.0,0.0,0.0,0.0,0.0
1160,data/temperature/upper,0.26368202325239454,0.26347751321403595,0.008074103629488773,0.0021289959809731016,0.00204896150742255,0.0005402743158434541
1160,data/temperature/weather,0.25,0.25,0.1644788747956494,0.04111971869891235,0.03467253246017069,0.008668133115042673
1160,data/geopotential/upper,0.39389780857882545,0.3831613434672606,0.008496305130958882,0.003346675972101734,0.0016483880910908963,0.0006492964567681374
1160,data/geopotential/weather,0.25,0.25,0.17063370269429784,0.04265842567357446,0.17571330962813367,0.04392832740703342
1160,data/u_component_of_wind/upper,0.25,0.25,0.008307331352546712,0.002076832838136678,0.005985671993583001,0.0014964179983957503
1160,data/u_component_of_wind/weather,0.25,0.25,0.16729267495875372,0.04182316873968843,0.054716090914185375,0.013679022728546344
1160,data/v_component_of_wind/upper,0.4484893160340964,0.4409314846502214,0.0013802455571545029,0.0006190253858873233,0.0013552807830364518,0.0006078289514181729
1160,data/v_component_of_wind/weather,0.25,0.25,0.16733548144426527,0.04183387036106632,0.03733872165479446,0.009334680413698615
1160,data/specific_humidity/upper,0.25,0.25,0.009652825697210467,0.0024132064243026167,0.0037295581735239196,0.0009323895433809799
1160,data/specific_humidity/weather,0.25,0.25,0.15970766006642498,0.039926915016606244,0.012846834026016586,0.0032117085065041465
1160,data/specific_cloud_ice_water_content/upper,4.0,4.0,7.077437249578715e-09,2.830974899831486e-08,1.2405189914933846e-08,4.9620759659735385e-08
1160,data/specific_cloud_ice_water_content/weather,0.6162423274969484,0.6118835147867756,0.007860690100768923,0.0048440899634300625,0.0009449652296008932,0.0005823275724929427
1160,data/specific_cloud_liquid_water_content/upper,4.0,4.0,5.720953152803294e-09,2.2883812611213176e-08,1.9934683296324465e-08,7.973873318529786e-08
1160,data/specific_cloud_liquid_water_content/weather,0.5191583251519672,0.5483470602489243,0.007715136524239321,0.004005377356242856,0.0006956610040144407,0.000361158201717673
1160,model/vorticity,3.074142278110329,3.1240516516558894,0.01666438122603714,0.05122867886550881,0.00016147805054725077,0.0004964065021741404
1160,model/divergence,3.2406498875329133,3.1802566707070685,0.016781301607191334,0.054382323166000494,0.0001917585809221311,0.0006214224236987752
1160,model/temperature_variation,0.25,0.25,0.01703552012601863,0.004258880031504658,0.004755268824092005,0.0011888172060230012
1160,model/specific_humidity,0.25,0.25,0.016110668792154177,0.004027667198038544,0.005296684272926712,0.001324171068231678
1160,model/specific_cloud_ice_water_content,0.42643650371320113,0.4240755889653357,0.01494763510343667,0.006374217252290247,0.001342706634698517,0.0005725791228133539
1160,model/specific_cloud_liquid_water_content,0.767301530129322,0.7738151723044813,0.015407708986979943,0.011822358681497017,0.0006786284621268783,0.0005207126573792624
1160,model/log_surface_pressure,1.0,1.0,0.0,0.0,0.0,0.0
1180,data/temperature/upper,0.26347751321403595,0.2556138346359398,0.008795029318855984,0.0023172924535767112,0.0025393163581085656,0.0006690527592981673
1180,data/temperature/weather,0.25,0.25,0.16357676100898363,0.04089419025224591,0.024875168553973096,0.006218792138493274
1180,data/geopotential/upper,0.3831613434672606,0.38347987910860276,0.008733862465586582,0.003346478475972436,0.0014562090518074645,0.0005579630166597338
1180,data/geopotential/weather,0.25,0.25,0.1760893104805322,0.04402232762013305,0.12814855362035865,0.03203713840508966
1180,data/u_component_of_wind/upper,0.25,0.25,0.007130084134683531,0.0017825210336708827,0.0044925459205730316,0.0011231364801432579
1180,data/u_component_of_wind/weather,0.25,0.25,0.16844664010871932,0.04211166002717983,0.038579373241718715,0.009644843310429679
1180,data/v_component_of_wind/upper,0.4409314846502214,0.4783043680448675,0.0013652205286147202,0.0006019687145570487,0.0006302072968694886,0.00027787823904606643
1180,data/v_component_of_wind/weather,0.25,0.25,0.1673152960688847,0.041828824017221176,0.025393905860647326,0.006348476465161831
1180,data/specific_humidity/upper,0.25,0.25,0.01038967523832073,0.0025974188095801826,0.003640424670626968,0.000910106167656742
1180,data/specific_humidity/weather,0.25,0.25,0.1700147323828655,0.04250368309571637,0.011750562293376253,0.0029376405733440632
1180,data/specific_cloud_ice_water_content/upper,4.0,4.0,9.016749261271528e-09,3.606699704508611e-08,1.8226306723622367e-08,7.290522689448947e-08
1180,data/specific_cloud_ice_water_content/weather,0.6118835147867756,0.5568708932101847,0.009842604531357435,0.0060225274553032315,0.0014818438883102663,0.0009067158467445879
1180,data/specific_cloud_liquid_water_content/upper,4.0,4.0,5.964303915666925e-09,2.38572156626677e-08,1.70112772605561e-08,6.80451090422244e-08
1180,data/specific_cloud_liquid_water_content/weather,0.5483470602489243,0.5537139574634666,0.00857483213784607,0.004701983994915892,0.0009669708325418436,0.0005302356133707748
1180,model/vorticity,3.1240516516558894,3.2286239290589385,0.01670706131172147,0.05219372248519967,0.0001438574646937889,0.00044941815017966003
1180,model/divergence,3.1802566707070685,3.227544026119457,0.016910042101560885,0.05377827419542638,0.0001618070419549253,0.0005145879245445296
1180,model/temperature_variation,0.25,0.25,0.01701093511722875,0.004252733779307187,0.0031625949156337215,0.0007906487289084304
1180,model/specific_humidity,0.25,0.25,0.017411885247184355,0.004352971311796089,0.0024515999836609067,0.0006128999959152267
1180,model/specific_cloud_ice_water_content,0.4240755889653357,0.3623256038100032,0.016546533117836867,0.007016980777281102,0.002728655323623105,0.001157156113448867
1180,model/specific_cloud_liquid_water_content,0.7738151723044813,0.703523508548542,0.01681826809741507,0.013014231025664203,0.0011809398427266556,0.000913829167880754
1180,model/log_surface_pressure,1.0,1.0,0.0,0.0,0.0,0.0
1200,data/temperature/upper,0.2556138346359398,0.25,0.0074936567843001765,0.0019154823460805937,0.00234329092655103,0.0005989775794033131
1200,data/temperature/weather,0.25,0.25,0.15340474918667293,0.038351187296668234,0.023033202096057165,0.005758300524014291
1200,data/geopotential/upper,0.38347987910860276,0.3764382279646059,0.008606531423856447,0.003300431629964861,0.0015131165872751015,0.0005802497659654775
1200,data/geopotential/weather,0.25,0.25,0.12995809233370562,0.032489523083426404,0.18508453452876272,0.04627113363219068
1200,data/u_component_of_wind/upper,0.25,0.25,0.008770261580687905,0.0021925653951719764,0.010273679953937813,0.0025684199884844533
1200,data/u_component_of_wind/weather,0.25,0.25,0.14720570047974477,0.03680142511993619,0.03266338501003232,0.00816584625250808
1200,data/v_component_of_wind/upper,0.4783043680448675,0.47638346994307007,0.0013133754663646271,0.0006281932224451661,0.001102141084109425,0.0005271588947312436
1200,data/v_component_of_wind/weather,0.25,0.25,0.14986532292809623,0.03746633073202406,0.023825589470227136,0.005956397367556784
1200,data/specific_humidity/upper,0.25,0.25,0.009014745113210706,0.0022536862783026764,0.0033090591547032004,0.0008272647886758001
1200,data/specific_humidity/weather,0.25,0.25,0.15259382333012284,0.03814845583253071,0.009034508091159075,0.002258627022789769
1200,data/specific_cloud_ice_water_content/upper,4.0,4.0,7.453049657336062e-09,2.981219862934425e-08,1.6448570728012585e-08,6.579428291205034e-08
1200,data/specific_cloud_ice_water_content/weather,0.5568708932101847,0.5520512139684,0.007270667486850712,0.004048823097636805,0.000970704555824663,0.0005405571130452756
1200,data/specific_cloud_liquid_water_content/upper,4.0,4.0,5.7509442539934635e-09,2.3003777015973854e-08,2.0805826034991118e-08,8.322330413996447e-08
1200,data/specific_cloud_liquid_water_content/weather,0.5537139574634666,0.5298081074123039,0.009283579571389453,0.0051404475839010475,0.001212831213962433,0.0006715615712183592
1200,model/vorticity,3.2286239290589385,3.282375446181527,0.016207406947962095,0.05232762190018652,0.00014325522304413688,0.0004625172410829758
1200,model/divergence,3.227544026119457,3.2248324212745545,0.015907145016115103,0.051341010869378194,0.00016143234719759596,0.0005210300078200429
1200,model/temperature_variation,0.25,0.25,0.01586929612784218,0.003967324031960545,0.0036233818183667205,0.0009058454545916801
1200,model/specific_humidity,0.25,0.25,0.015502805083377896,0.003875701270844474,0.002375880140010756,0.000593970035002689
1200,model/specific_cloud_ice_water_content,0.3623256038100032,0.3586280204736496,0.015200237949694025,0.005507435393178613,0.001520042615061511,0.0005507503583190983
1200,model/specific_cloud_liquid_water_content,0.703523508548542,0.699483092781894,0.01755746277286833,0.01235208781117874,0.0007654055554401789,0.0005384808018258202
1200,model/log_surface_pressure,1.0,1.0,0.0,0.0,0.0,0.0
1220,data/temperature/upper,0.25,0.25525136162206263,0.006474790080425408,0.001618697520106352,0.0026973058580646,0.00067432646451615
1220,data/temperature/weather,0.25,0.25,0.15777387792822514,0.039443469482056286,0.042614612162990756,0.010653653040747689
1220,data/geopotential/upper,0.3764382279646059,0.3886777722370265,0.0085787846240491,0.003229382481967051,0.0017516806933840904,0.0006593995761773191
1220,data/geopotential/weather,0.25,0.25,0.1686765696379929,0.04216914240949823,0.17488187205328667,0.04372046801332167
1220,data/u_component_of_wind/upper,0.25,0.25,0.006625555193765133,0.0016563887984412833,0.007827871663398106,0.0019569679158495264
1220,data/u_component_of_wind/weather,0.25,0.25,0.1596960279780013,0.03992400699450033,0.04861671087430305,0.012154177718575762
1220,data/v_component_of_wind/upper,0.47638346994307007,0.4705267805744714,0.0013489536206891008,0.0006426192066161418,0.0017219056089116669,0.0008202873688877749
1220,data/v_component_of_wind/weather,0.25,0.25,0.15803236687845584,0.03950809171961396,0.03861828575795365,0.009654571439488413
1220,data/specific_humidity/upper,0.25,0.25,0.009485673910197487,0.0023714184775493717,0.0037000174988713525,0.0009250043747178381
1220,data/specific_humidity/weather,0.25,0.25,0.15445350329823926,0.038613375824559815,0.010616378724722505,0.0026540946811806263
1220,data/specific_cloud_ice_water_content/upper,4.0,4.0,8.016152777645409e-09,3.2064611110581635e-08,1.9922308248632754e-08,7.968923299453102e-08
1220,data/specific_cloud_ice_water_content/weather,0.5520512139684,0.5905248681486535,0.007459595877473453,0.004118078959872891,0.0009738239095649193,0.000537600671466767
1220,data/specific_cloud_liquid_water_content/upper,4.0,4.0,6.029216535227483e-09,2.4116866140909933e-08,2.350638435867037e-08,9.402553743468148e-08
1220,data/specific_cloud_liquid_water_content/weather,0.5298081074123039,0.5452362147308574,0.009334890045526572,0.004945700427922388,0.001268311461289651,0.0006719616949152035
1220,model/vorticity,3.282375446181527,3.071029240775131,0.016482315354698608,0.05410114721648347,0.0003092644880310125,0.001015122161888896
1220,model/divergence,3.2248324212745545,3.3090930283896354,0.01603903033349987,0.05172318502527641,0.00021069054239882196,0.0006794416919836422
1220,model/temperature_variation,0.25,0.25,0.016272727072991076,0.004068181768247769,0.00548480791693739,0.0013712019792343475
1220,model/specific_humidity,0.25,0.25,0.016309703573896894,0.004077425893474223,0.005483382367532082,0.0013708455918830206
1220,model/specific_cloud_ice_water_content,0.3586280204736496,0.3878240898358301,0.01461790906622482,0.005242391791884023,0.0013985473245531506,0.0005015582585432152
1220,model/specific_cloud_liquid_water_content,0.699483092781894,0.7318366436863327,0.016795351353923155,0.01174806430940074,0.0008771219898223199,0.0006135320021879254
1220,model/log_surface_pressure,1.0,1.0,0.0,0.0,0.0,0.0
1240,data/temperature/upper,0.25525136162206263,0.25,0.008556608377281512,0.002184085939167854,0.0027219970479952335,0.0006947934528320184
1240,data/temperature/weather,0.25,0.25,0.1714071298370655,0.04285178245926637,0.01739952062940125,0.004349880157350313
1240,data/geopotential/upper,0.3886777722370265,0.37348411888090166,0.008525402914952419,0.003313634612406758,0.0015844609949864814,0.000615844769727808
1240,data/geopotential/weather,0.25,0.25,0.17790046384871347,0.04447511596217837,0.09715731524167305,0.024289328810418263
1240,data/u_component_of_wind/upper,0.25,0.25,0.006337911502521717,0.0015844778756304292,0.0038271427093882417,0.0009567856773470604
1240,data/u_component_of_wind/weather,0.25,0.25,0.16479285548041106,0.041198213870102765,0.029168900961206588,0.007292225240301647
1240,data/v_component_of_wind/upper,0.4705267805744714,0.46991277283095484,0.001656657735762514,0.000779501830922129,0.001018340707672225,0.0004791565747089409
1240,data/v_component_of_wind/weather,0.25,0.25,0.16519844089454835,0.04129961022363709,0.018432189794764985,0.004608047448691246
1240,data/specific_humidity/upper,0.25,0.25,0.010426392588901788,0.002606598147225447,0.0038890524642128123,0.0009722631160532031
1240,data/specific_humidity/weather,0.25,0.25,0.17916947927234045,0.04479236981808511,0.010678984764515747,0.0026697461911289366
1240,data/specific_cloud_ice_water_content/upper,4.0,4.0,8.491819028546335e-09,3.396727611418534e-08,1.5844135404324563e-08,6.337654161729825e-08
1240,data/specific_cloud_ice_water_content/weather,0.5905248681486535,0.5992674678106343,0.008878306440747621,0.00524286074030583,0.0007290231622824892,0.0004305063067841813
1240,data/specific_cloud_liquid_water_content/upper,4.0,4.0,6.346209180855994e-09,2.5384836723423976e-08,2.2704014276112578e-08,9.081605710445031e-08
1240,data/specific_cloud_liquid_water_content/weather,0.5452362147308574,0.5388668876156811,0.009618277478271636,0.005244233204483883,0.0009551908209752183,0.0005208046275741881
1240,model/vorticity,3.071029240775131,3.186839640767755,0.016163006447909287,0.04963706542036641,0.00011539844797179964,0.00035439200806146434
1240,model/divergence,3.3090930283896354,3.2999077788345503,0.016129675670018856,0.05337459730984532,0.00014728822893760114,0.0004873904515412725
1240,model/temperature_variation,0.25,0.25,0.017480447802097076,0.004370111950524269,0.005274009896669092,0.001318502474167273
1240,model/specific_humidity,0.25,0.25,0.017904345123527884,0.004476086280881971,0.004614613993120371,0.0011536534982800927
1240,model/specific_cloud_ice_water_content,0.3878240898358301,0.34222599648419455,0.01569714099109249,0.006087729417895146,0.002397167386027783,0.0009296792596703609
1240,model/specific_cloud_liquid_water_content,0.7318366436863327,0.6894953367753228,0.017863826361536297,0.013073402727822156,0.00094146336400296,0.0006889973884655704
1240,model/log_surface_pressure,1.0,1.0,0.0,0.0,0.0,0.0
1260,data/temperature/upper,0.25,0.25,0.007450615501153286,0.0018626538752883216,0.0029896922302018155,0.0007474230575504539
1260,data/temperature/weather,0.25,0.25,0.15771099357928656,0.03942774839482164,0.037959022675409314,0.009489755668852328
1260,data/geopotential/upper,0.37348411888090166,0.37691015612993883,0.008615219272138553,0.0032176475788204305,0.0017831444325804098,0.0006659761272396797
1260,data/geopotential/weather,0.25,0.25,0.1675889884596326,0.04189724711490815,0.20362112114517394,0.050905280286293486
1260,data/u_component_of_wind/upper,0.25,0.25,0.0062159733440394814,0.0015539933360098704,0.00419772376881723,0.0010494309422043075
1260,data/u_component_of_wind/weather,0.25,0.25,0.1540381583148554,0.03850953957871385,0.04351861184159531,0.010879652960398828
1260,data/v_component_of_wind/upper,0.46991277283095484,0.43614331766672737,0.0015489384903846297,0.0007278659809612346,0.0020555867044596554,0.0009659464480870812
1260,data/v_component_of_wind/weather,0.25,0.25,0.15542100020683972,0.03885525005170993,0.035496538889474884,0.008874134722368721
1260,data/specific_humidity/upper,0.25,0.25,0.009171196714166397,0.0022927991785415994,0.003840719264949961,0.0009601798162374903
1260,data/specific_humidity/weather,0.25,0.25,0.1717091112943322,0.04292727782358305,0.019760029037149445,0.004940007259287361
1260,data/specific_cloud_ice_water_content/upper,4.0,4.0,8.45338579921632e-09,3.381354319686528e-08,2.279420392362959e-08,9.117681569451837e-08
1260,data/specific_cloud_ice_water_content/weather,0.5992674678106343,0.6402200336435266,0.007679881484735302,0.004602303130443099,0.0008006245630117607,0.0004797882545430535
1260,data/specific_cloud_liquid_water_content/upper,4.0,4.0,5.708927418298875e-09,2.28357096731955e-08,1.930164749483724e-08,7.720658997934896e-08
1260,data/specific_cloud_liquid_water_content/weather,0.5388668876156811,0.5815009429914607,0.008630697777729688,0.004650797249436772,0.0008276469043008628,0.0004459915113653595
1260,model/vorticity,3.186839640767755,3.213292282228526,0.01597503823189121,0.05090988510017134,0.00021102017054322597,0.0006724874444887246
1260,model/divergence,3.2999077788345503,3.2888246178748846,0.0147495933503176,0.0486722978313594,0.0002155930414471128,0.0007114371545339272
1260,model/temperature_variation,0.25,0.25,0.01651599398908215,0.004128998497270537,0.0053486279376568175,0.0013371569844142044
1260,model/specific_humidity,0.25,0.25,0.01696977489019882,0.004242443722549705,0.006352746459088779,0.0015881866147721949
1260,model/specific_cloud_ice_water_content,0.34222599648419455,0.2990956979795427,0.01478512471735224,0.005059854039538966,0.003501550515673867,0.0011983216144662344
1260,model/specific_cloud_liquid_water_content,0.6894953367753228,0.6640129514853897,0.016267640245373034,0.011216462089523276,0.001210481058424242,0.0008346210450383719
1260,model/log_surface_pressure,1.0,1.0,0.0,0.0,0.0,0.0
1280,data/temperature/upper,0.25,0.25,0.006644761474854316,0.001661190368713579,0.0022617765715990477,0.0005654441428997619
1280,data/temperature/weather,0.25,0.25,0.1581610696266581,0.039540267406664525,0.023326097285179415,0.005831524321294854
1280,data/geopotential/upper,0.37691015612993883,0.36717501149252224,0.008511827995575292,0.0032081944187634676,0.0016551760713904796,0.0006238526714903244
1280,data/geopotential/weather,0.25,0.25,0.15260091632516246,0.038150229081290614,0.2041817478610982,0.05104543696527455
1280,data/u_component_of_wind/upper,0.25,0.25,0.009614216432198352,0.002403554108049588,0.016833252854815555,0.004208313213703889
1280,data/u_component_of_wind/weather,0.25,0.25,0.15759608720799495,0.03939902180199874,0.042686502653141216,0.010671625663285304
1280,data/v_component_of_wind/upper,0.43614331766672737,0.46165407121969854,0.0013848342334429986,0.0006039861969922886,0.0008048434062083091,0.0003510270733858815
1280,data/v_component_of_wind/weather,0.25,0.25,0.1609192862716795,0.04022982156791988,0.0376004947447803,0.009400123686195075
1280,data/specific_humidity/upper,0.25,0.25,0.009638233483006242,0.0024095583707515605,0.003426145697991506,0.0008565364244978765
1280,data/specific_humidity/weather,0.25,0.25,0.1714046700011137,0.042851167500278425,0.011128396144325415,0.0027820990360813537
1280,data/specific_cloud_ice_water_content/upper,4.0,4.0,6.973203648731409e-09,2.7892814594925635e-08,1.372569904291161e-08,5.490279617164644e-08
1280,data/specific_cloud_ice_water_content/weather,0.6402200336435266,0.6537085121444389,0.00798334652703693,0.005111098382127515,0.0007170330116772545,0.0004590588988595311
1280,data/specific_cloud_liquid_water_content/upper,4.0,4.0,6.236492327354408e-09,2.4945969309417632e-08,2.4793483682162194e-08,9.917393472864877e-08
1280,data/specific_cloud_liquid_water_content/weather,0.5815009429914607,0.599757561918245,0.008186864735525486,0.0047606695638516055,0.000733991095720588,0.0004268165143088574
1280,model/vorticity,3.213292282228526,3.25329931836399,0.016503359647378434,0.05303011818576281,0.00015276756622198184,0.0004908868415159295
1280,model/divergence,3.2888246178748846,3.2449055035848975,0.015706866311096513,0.051657128593603885,0.00017548635441652028,0.0005771438425061689
1280,model/temperature_variation,0.25,0.25,0.015880911179754462,0.003970227794938616,0.0049991137602155575,0.0012497784400538894
1280,model/specific_humidity,0.25,0.25,0.016223089494459417,0.004055772373614854,0.005215374168948584,0.001303843542237146
1280,model/specific_cloud_ice_water_content,0.2990956979795427,0.2857233751028961,0.01516273431422131,0.004535108602990385,0.00230318762276538,0.0006888735096088551
1280,model/specific_cloud_liquid_water_content,0.6640129514853897,0.6337766461733098,0.015606437203747528,0.01036287642983179,0.0010415511762322362,0.0006916034706530465
1280,model/log_surface_pressure,1.0,1.0,0.0,0.0,0.0,0.0
1300,data/temperature/upper,0.25,0.25,0.0072980804620462044,0.0018245201155115511,0.002387462161055127,0.0005968655402637818
1300,data/temperature/weather,0.25,0.25,0.1448880637041661,0.036222015926041524,0.031126275712330093,0.007781568928082523
1300,data/geopotential/upper,0.36717501149252224,0.36209281828068474,0.00857455583705036,0.00314836263801224,0.0015687380307864828,0.0005760014044827836
1300,data/geopotential/weather,0.25,0.25,0.13987106035375232,0.03496776508843808,0.11301976847979035,0.028254942119947588
1300,data/u_component_of_wind/upper,0.25,0.25,0.007870502328588809,0.001967625582147202,0.007176118904115525,0.0017940297260288813
1300,data/u_component_of_wind/weather,0.25,0.25,0.14056809954788307,0.03514202488697077,0.032908340572339816,0.008227085143084954
1300,data/v_component_of_wind/upper,0.46165407121969854,0.4558740751553597,0.0016419805271002071,0.0007580269951992771,0.0012028352581249222,0.0005552937939199673
1300,data/v_component_of_wind/weather,0.25,0.25,0.13959893953906863,0.03489973488476716,0.023984647526634185,0.005996161881658546
1300,data/specific_humidity/upper,0.25,0.25,0.009798161859636422,0.0024495404649091056,0.003611698372083793,0.0009029245930209483
1300,data/specific_humidity/weather,0.25,0.25,0.14398184075846535,0.035995460189616336,0.0069959658700004985,0.0017489914675001246
1300,data/specific_cloud_ice_water_content/upper,4.0,4.0,8.275283465506538e-09,3.310113386202615e-08,1.6215059205653458e-08,6.486023682261383e-08
1300,data/specific_cloud_ice_water_content/weather,0.6537085121444389,0.6177272757885321,0.007107135396436408,0.004645994905613521,0.0011015258738828833,0.0007200768401045825
1300,data/specific_cloud_liquid_water_content/upper,4.0,4.0,6.346571783767899e-09,2.5386287135071595e-08,2.1770808383363123e-08,8.70832335334525e-08
1300,data/specific_cloud_liquid_water_content/weather,0.599757561918245,0.5860147130862837,0.008283156809577742,0.004967885933098855,0.0010054527051119872,0.0006030278630420697
1300,model/vorticity,3.25329931836399,3.3827459036750094,0.01523629805596142,0.04956823807984988,0.00012432464311049073,0.0004044652766872058
1300,model/divergence,3.2449055035848975,3.226398277604385,0.014861397701174844,0.048223831191506195,0.00016906160618503164,0.0005485889363547117
1300,model/temperature_variation,0.25,0.25,0.015512294652933946,0.0038780736632334865,0.00580061807804866,0.001450154519512165
1300,model/specific_humidity,0.25,0.25,0.015228706652985527,0.0038071766632463817,0.0038952678688105795,0.0009738169672026449
1300,model/specific_cloud_ice_water_content,0.2857233751028961,0.2745134708132464,0.014135868994144223,0.004038948199019268,0.002312720765837406,0.0006607983828856183
1300,model/specific_cloud_liquid_water_content,0.6337766461733098,0.5946334655964932,0.015883464870547336,0.010066569095267075,0.0011717835653214733,0.0007426490580704467
1300,model/log_surface_pressure,1.0,1.0,0.0,0.0,0.0,0.0
1320,data/temperature/upper,0.25,0.25,0.007241497469710802,0.0018103743674277005,0.0029932731944243346,0.0007483182986060836
1320,data/temperature/weather,0.25,0.25,0.18075618985631112,0.04518904746407778,0.0356688700805299,0.008917217520132475
1320,data/geopotential/upper,0.36209281828068474,0.3754851619792504,0.008580896514567114,0.003107081002334511,0.001662797586011818,0.0006020870641493385
1320,data/geopotential/weather,0.25,0.25,0.20222340075834935,0.05055585018958734,0.22390235756254026,0.055975589390635065
1320,data/u_component_of_wind/upper,0.25,0.25,0.007497540299041284,0.001874385074760321,0.006435527754669401,0.0016088819386673502
1320,data/u_component_of_wind/weather,0.25,0.25,0.18251543291894406,0.045628858229736016,0.06411758778730782,0.016029396946826955
1320,data/v_component_of_wind/upper,0.4558740751553597,0.429992829196726,0.0016485016010756787,0.0007515091427825048,0.002043928901881921,0.0009317741978287307
1320,data/v_component_of_wind/weather,0.25,0.25,0.18135287774639872,0.04533821943659968,0.054135274748195815,0.013533818687048954
1320,data/specific_humidity/upper,0.25,0.25,0.00962340114933519,0.0024058502873337976,0.0035306034653614696,0.0008826508663403674
1320,data/specific_humidity/weather,0.25,0.25,0.19313388593306402,0.048283471483266005,0.014177671479952239,0.0035444178699880597
1320,data/specific_cloud_ice_water_content/upper,4.0,4.0,7.671755032628254e-09,3.0687020130513015e-08,1.6592278110815835e-08,6.636911244326334e-08
1320,data/specific_cloud_ice_water_content/weather,0.6177272757885321,0.6014319401941538,0.008320711982020114,0.005139930745274283,0.0013163328125407024,0.0008131346823218247
1320,data/specific_cloud_liquid_water_content/upper,4.0,4.0,6.033268578112485e-09,2.413307431244994e-08,2.1325898649695866e-08,8.530359459878346e-08
1320,data/specific_cloud_liquid_water_content/weather,0.5860147130862837,0.6103197447851594,0.009065703458184414,0.005312635610973269,0.0009978493811488005,0.0005847544187972401
1320,model/vorticity,3.3827459036750094,3.326789816788914,0.01733097447325971,0.05862628290611544,0.0002301246012289252,0.0007784530521419917
1320,model/divergence,3.226398277604385,3.2548433469996194,0.01684060292071135,0.05433449225720247,0.00021396820136148858,0.0006903466363348149
1320,model/temperature_variation,0.25,0.25,0.01802972283244624,0.00450743070811156,0.004291407382846749,0.0010728518457116872
1320,model/specific_humidity,0.25,0.25,0.01877541487531919,0.004693853718829797,0.003312456466081699,0.0008281141165204247
1320,model/specific_cloud_ice_water_content,0.2745134708132464,0.28203529149054735,0.015490689033312936,0.004252402811823427,0.0022942788421377765,0.0006298104479686372
1320,model/specific_cloud_liquid_water_content,0.5946334655964932,0.619101868565632,0.016977713432718547,0.010095516576401564,0.0009845743420100583,0.000585460853126828
1320,model/log_surface_pressure,1.0,1.0,0.0,0.0,0.0,0.0
1340,data/temperature/upper,0.25,0.25,0.007003237488113286,0.0017508093720283214,0.0028419397119682625,0.0007104849279920656
1340,data/temperature/weather,0.25,0.25,0.17386941688454186,0.043467354221135464,0.03845255515398426,0.009613138788496066
1340,data/geopotential/upper,0.3754851619792504,0.3965926098407504,0.0086008947098457,0.0032295083432928905,0.0017561739404650051,0.0006594172564992409
1340,data/geopotential/weather,0.25,0.25,0.18308224364171966,0.045770560910429914,0.17745160493352377,0.04436290123338094
1340,data/u_component_of_wind/upper,0.25,0.25,0.00980100955017863,0.0024502523875446574,0.008970735423815315,0.0022426838559538287
1340,data/u_component_of_wind/weather,0.25,0.25,0.173310101368223,0.04332752534205575,0.06357870852157924,0.01589467713039481
1340,data/v_component_of_wind/upper,0.429992829196726,0.3872513421293302,0.0016313103439005796,0.0007014517500716943,0.00295819267150402,0.0012720016361290347
1340,data/v_component_of_wind/weather,0.25,0.25,0.17616375045601432,0.04404093761400358,0.042290305414448615,0.010572576353612154
1340,data/specific_humidity/upper,0.25,0.25,0.009979150255558934,0.0024947875638897336,0.00374407863178281,0.0009360196579457025
1340,data/specific_humidity/weather,0.25,0.25,0.17462267704530562,0.043655669261326406,0.01499779769019338,0.003749449422548345
1340,data/specific_cloud_ice_water_content/upper,4.0,4.0,8.058030734638517e-09,3.223212293855407e-08,1.5375261063816376e-08,6.15010442552655e-08
1340,data/specific_cloud_ice_water_content/weather,0.6014319401941538,0.5877346557577557,0.009644041656016579,0.0058002346844912905,0.0015706417596096916,0.0009446341208320166
1340,data/specific_cloud_liquid_water_content/upper,4.0,4.0,5.729990092616362e-09,2.2919960370465447e-08,1.7719754536149347e-08,7.087901814459739e-08
1340,data/specific_cloud_liquid_water_content/weather,0.6103197447851594,0.6274692196653838,0.00925706160016524,0.005649767473273348,0.0012410279756209328,0.0007574238773522108
1340,model/vorticity,3.326789816788914,3.2140413146608524,0.016352721546209203,0.05440206751671344,0.0002964272628597621,0.0009861511995004671
1340,model/divergence,3.2548433469996194,3.29321745644006,0.016551600508700626,0.05387286679793975,0.00024961930578975633,0.000812471736732452
1340,model/temperature_variation,0.25,0.25,0.01791828128430087,0.004479570321075217,0.004995785741865898,0.0012489464354664744
1340,model/specific_humidity,0.25,0.25,0.017262295705790392,0.004315573926447598,0.0038146708766717686,0.0009536677191679422
1340,model/specific_cloud_ice_water_content,0.28203529149054735,0.30604786352270685,0.015756702368029576,0.004443946145297019,0.00201642148539592,0.0005687020214014408
1340,model/specific_cloud_liquid_water_content,0.619101868565632,0.6876455379831575,0.017072375562113922,0.010569539611358961,0.0007968038074540441,0.0004933027260750088
1340,model/log_surface_pressure,1.0,1.0,0.0,0.0,0.0,0.0
1360,data/temperature/upper,0.25,0.25,0.009018327631613738,0.0022545819079034346,0.0024672871473931076,0.0006168217868482769
1360,data/temperature/weather,0.25,0.25,0.15086749905796976,0.03771687476449244,0.0223275717430958,0.00558189293577395
1360,data/geopotential/upper,0.3965926098407504,0.3839738318284059,0.008611074335015198,0.0034150884440563817,0.001493146958557131,0.0005921710491699514
1360,data/geopotential/weather,0.25,0.25,0.14874214710257477,0.03718553677564369,0.11590321914952796,0.02897580478738199
1360,data/u_component_of_wind/upper,0.25,0.25,0.006986110361214423,0.0017465275903036058,0.003089849279179755,0.0007724623197949387
1360,data/u_component_of_wind/weather,0.25,0.25,0.14825994474393,0.0370649861859825,0.028248923684633557,0.007062230921158389
1360,data/v_component_of_wind/upper,0.3872513421293302,0.401075482368857,0.0017002844742437663,0.0006584374446525611,0.0009299704223327151,0.00036013229418892397
1360,data/v_component_of_wind/weather,0.25,0.25,0.1470364712185676,0.0367591178046419,0.022513838498227436,0.005628459624556859
1360,data/specific_humidity/upper,0.25,0.25,0.008875419647713528,0.002218854911928382,0.0032304240277511017,0.0008076060069377754
1360,data/specific_humidity/weather,0.25,0.25,0.1524626315024547,0.038115657875613676,0.011579654177585951,0.002894913544396488
1360,data/specific_cloud_ice_water_content/upper,4.0,4.0,7.809729013050397e-09,3.123891605220159e-08,1.2881394974712875e-08,5.15255798988515e-08
1360,data/specific_cloud_ice_water_content/weather,0.5877346557577557,0.5914784626633831,0.007008356031966436,0.004119053719875585,0.0007822998793910273,0.00045978475031321924
1360,data/specific_cloud_liquid_water_content/upper,4.0,4.0,6.00515524200182e-09,2.402062096800728e-08,1.8681861987211514e-08,7.472744794884605e-08
1360,data/specific_cloud_liquid_water_content/weather,0.6274692196653838,0.6372474960162965,0.0084909724953734,0.005327823885872184,0.0006799808366158695,0.00042666704493877453
1360,model/vorticity,3.2140413146608524,3.261868864139099,0.016218815769399608,0.05212794395772328,0.00013511470172103754,0.0004342642335494924
1360,model/divergence,3.29321745644006,3.234040127918964,0.015543834219966987,0.05118922619320564,0.00016655591480256774,0.0005485048461011594
1360,model/temperature_variation,0.25,0.25,0.01623286680168842,0.004058216700422105,0.003287387283168598,0.0008218468207921495
1360,model/specific_humidity,0.25,0.25,0.016016298291355754,0.0040040745728389384,0.0034685169339068035,0.0008671292334767009
1360,model/specific_cloud_ice_water_content,0.30604786352270685,0.30647638012648276,0.014921033125849326,0.004566550309717723,0.001559887003254652,0.0004774000846829239
1360,model/specific_cloud_liquid_water_content,0.6876455379831575,0.6838393549385113,0.01646082431185122,0.011319212389569172,0.0007268573679263598,0.0004998202258047435
1360,model/log_surface_pressure,1.0,1.0,0.0,0.0,0.0,0.0
1380,data/temperature/upper,0.25,0.25,0.00723578719503743,0.0018089467987593576,0.0022686109993177166,0.0005671527498294291
1380,data/temperature/weather,0.25,0.25,0.15458585303526995,0.03864646325881749,0.02730327966589657,0.006825819916474143
1380,data/geopotential/upper,0.3839738318284059,0.3755455077186738,0.00864514616870583,0.00331950990111464,0.0014970959411671142,0.0005748456651446906
1380,data/geopotential/weather,0.25,0.25,0.1562311279730718,0.03905778199326795,0.07081792364464935,0.017704480911162338
1380,data/u_component_of_wind/upper,0.25,0.25,0.009368515244746826,0.0023421288111867065,0.008504515811683214,0.0021261289529208036
1380,data/u_component_of_wind/weather,0.25,0.25,0.1578308928863012,0.0394577232215753,0.026542020530298617,0.006635505132574654
1380,data/v_component_of_wind/upper,0.401075482368857,0.4045814287117981,0.001470201552130089,0.0005896617967000177,0.001194231464611258,0.0004789769607290268
1380,data/v_component_of_wind/weather,0.25,0.25,0.1570682645478162,0.03926706613695405,0.02565972773967217,0.006414931934918043
1380,data/specific_humidity/upper,0.25,0.25,0.009979416810196422,0.0024948542025491054,0.0033277062641237135,0.0008319265660309284
1380,data/specific_humidity/weather,0.25,0.25,0.15070620545863464,0.03767655136465866,0.009205911644020796,0.002301477911005199
1380,data/specific_cloud_ice_water_content/upper,4.0,4.0,7.567416491283045e-09,3.026966596513218e-08,1.521816568689159e-08,6.087266274756635e-08
1380,data/specific_cloud_ice_water_content/weather,0.5914784626633831,0.6125227080609905,0.006784037424080852,0.0040126120262462,0.0006448621917387291,0.0003814220977993633
1380,data/specific_cloud_liquid_water_content/upper,4.0,4.0,5.2403770262664184e-09,2.0961508105065674e-08,1.6496638180208105e-08,6.598655272083242e-08
1380,data/specific_cloud_liquid_water_content/weather,0.6372474960162965,0.6638909989349903,0.00769999146586688,0.004906800280970521,0.0005826688195297444,0.00037130424625210094
1380,model/vorticity,3.261868864139099,3.3326815649596098,0.016253505997585384,0.053016805146621875,0.0001321504221662068,0.00043105734744678737
1380,model/divergence,3.234040127918964,3.197645663304301,0.01587468945014902,0.05133938270003376,0.00016716280710915782,0.0005406112260865939
1380,model/temperature_variation,0.25,0.25,0.016129191981915005,0.004032297995478751,0.003515900413032289,0.0008789751032580723
1380,model/specific_humidity,0.25,0.25,0.01567663751007279,0.0039191593775181974,0.0029765275999488177,0.0007441318999872044
1380,model/specific_cloud_ice_water_content,0.30647638012648276,0.27007202453061335,0.014347861957061671,0.004397280795154734,0.0031012552421231343,0.0009504614804541771
1380,model/specific_cloud_liquid_water_content,0.6838393549385113,0.6430601037790253,0.015241816804427911,0.010422954171630945,0.0010458015735950758,0.0007151602734809367
1380,model/log_surface_pressure,1.0,1.0,0.0,0.0,0.0,0.0
1400,data/temperature/upper,0.25,0.25,0.0089822872295009,0.002245571807375225,0.002767825037569629,0.0006919562593924073
1400,data/temperature/weather,0.25,0.25,0.15019857313306198,0.037549643283265495,0.022936941903752804,0.005734235475938201
1400,data/geopotential/upper,0.3755455077186738,0.35951602828960694,0.008892154760928816,0.0033394087744060344,0.001567832306457185,0.0005887923795462029
1400,data/geopotential/weather,0.25,0.25,0.14121857498918586,0.035304643747296464,0.10726745504144926,0.026816863760362315
1400,data/u_component_of_wind/upper,0.25,0.25,0.010397757826309598,0.0025994394565773994,0.008066181758821924,0.002016545439705481
1400,data/u_component_of_wind/weather,0.25,0.25,0.15318087679459713,0.03829521919864928,0.03262473078062977,0.008156182695157442
1400,data/v_component_of_wind/upper,0.4045814287117981,0.3920988785585521,0.0022886324057193493,0.0009259381685020538,0.001392176841705136,0.0005632488956365427
1400,data/v_component_of_wind/weather,0.25,0.25,0.15030802408725075,0.03757700602181269,0.02078956997634814,0.005197392494087035
1400,data/specific_humidity/upper,0.25,0.25,0.009259660911314067,0.0023149152278285168,0.0031665756123602936,0.0007916439030900734
1400,data/specific_humidity/weather,0.25,0.25,0.15567626584473107,0.03891906646118277,0.008452550926260035,0.002113137731565009
1400,data/specific_cloud_ice_water_content/upper,4.0,4.0,8.035017953281267e-09,3.214007181312507e-08,1.5954438509189567e-08,6.381775403675827e-08
1400,data/specific_cloud_ice_water_content/weather,0.6125227080609905,0.5784937270317845,0.007324096679113949,0.0044861755319913835,0.0010308694615125983,0.0006314309542230718
1400,data/specific_cloud_liquid_water_content/upper,4.0,4.0,5.4728389844454695e-09,2.1891355937781878e-08,1.2750386219468586e-08,5.1001544877874346e-08
1400,data/specific_cloud_liquid_water_content/weather,0.6638909989349903,0.6825589916068144,0.007655231653048015,0.005082239389220804,0.0005397397949809867,0.00035832839165489405
1400,model/vorticity,3.3326815649596098,3.376601207260964,0.01557605630276936,0.05191003569501238,0.00012105369445546787,0.0004034334158819911
1400,model/divergence,3.197645663304301,3.202663994560366,0.01612316520406862,0.05155616929352883,0.00013778548951431544,0.000440589173011711
1400,model/temperature_variation,0.25,0.25,0.01578235352374298,0.003945588380935745,0.0019871460755718886,0.0004967865188929721
1400,model/specific_humidity,0.25,0.25,0.01638389690706817,0.004095974226767042,0.0020709438982102145,0.0005177359745525536
1400,model/specific_cloud_ice_water_content,0.27007202453061335,0.27583428229728535,0.01528843026861071,0.004128977314538804,0.0014091709931071965,0.00038057766301827553
1400,model/specific_cloud_liquid_water_content,0.6430601037790253,0.6322328903946333,0.015201408145721632,0.009775419099775074,0.0007790418009422299,0.0005009707013621091
1400,model/log_surface_pressure,1.0,1.0,0.0,0.0,0.0,0.0
1420,data/temperature/upper,0.25,0.25,0.007378637126003853,0.0018446592815009632,0.0023938205789075374,0.0005984551447268844
1420,data/temperature/weather,0.25,0.25,0.16701011862043186,0.041752529655107964,0.026239380750942055,0.006559845187735514
1420,data/geopotential/upper,0.35951602828960694,0.3653185901816609,0.008634327657545548,0.003104179186391881,0.0015998763584269254,0.0005751811941360879
1420,data/geopotential/weather,0.25,0.25,0.17711475510748298,0.044278688776870745,0.1468707955903156,0.0367176988975789
1420,data/u_component_of_wind/upper,0.25,0.25,0.007582575617469664,0.001895643904367416,0.005946008264835902,0.0014865020662089756
1420,data/u_component_of_wind/weather,0.25,0.25,0.1640054132332735,0.041001353308318375,0.029184399375008566,0.007296099843752141
1420,data/v_component_of_wind/upper,0.3920988785585521,0.3813386835199559,0.001774222317621755,0.0006956705810530453,0.0018694898553834962,0.0007330248757724585
1420,data/v_component_of_wind/weather,0.25,0.25,0.16756902055990416,0.04189225513997604,0.02823025195799136,0.00705756298949784
1420,data/specific_humidity/upper,0.25,0.25,0.008665970486179378,0.0021664926215448446,0.003094131958608324,0.000773532989652081
1420,data/specific_humidity/weather,0.25,0.25,0.1575851979455071,0.039396299486376775,0.011086702986152618,0.0027716757465381546
1420,data/specific_cloud_ice_water_content/upper,4.0,4.0,8.87308705930771e-09,3.549234823723084e-08,1.4241641909928268e-08,5.696656763971307e-08
1420,data/specific_cloud_ice_water_content/weather,0.5784937270317845,0.5928598329301472,0.007461816999501177,0.004316614326470563,0.0009335904662943226,0.0005400762283679442
1420,data/specific_cloud_liquid_water_content/upper,4.0,4.0,6.2872652195719325e-09,2.514906087828773e-08,1.676431647649994e-08,6.705726590599977e-08
1420,data/specific_cloud_liquid_water_content/weather,0.6825589916068144,0.7150960430478672,0.007971912446905245,0.005441300520937457,0.0007092146284941419,0.00048408082165776306
1420,model/vorticity,3.376601207260964,3.2747600323096897,0.016238640236507132,0.054831412226866445,0.00021436338287790778,0.0007238196574180876
1420,model/divergence,3.202663994560366,3.241346836811863,0.01655276043356028,0.053012929851146945,0.00018293061545601334,0.0005858652956237419
1420,model/temperature_variation,0.25,0.25,0.017541467705389824,0.004385366926347456,0.00470365339580812,0.00117591334895203
1420,model/specific_humidity,0.25,0.25,0.017248189519305093,0.004312047379826273,0.005233570358210875,0.0013083925895527187
1420,model/specific_cloud_ice_water_content,0.27583428229728535,0.2795094989831718,0.015094045818097476,0.004163455295197258,0.0021058026666710594,0.0005808525672209212
1420,model/specific_cloud_liquid_water_content,0.6322328903946333,0.6497704822156467,0.01576219912042455,0.00996538070888176,0.0008565165167996412,0.0005415179130869806
1420,model/log_surface_pressure,1.0,1.0,0.0,0.0,0.0,0.0
1440,data/temperature/upper,0.25,0.25,0.0086228126790758,0.00215570316976895,0.0025494909965649874,0.0006373727491412468
1440,data/temperature/weather,0.25,0.25,0.1452554070478079,0.036313851761951975,0.022772403324794722,0.005693100831198681
1440,data/geopotential/upper,0.3653185901816609,0.3470569777540658,0.008692791044537575,0.0031756381691342346,0.0016264180320480703,0.0005941607425138325
1440,data/geopotential/weather,0.25,0.25,0.13113684117034544,0.03278421029258636,0.09471105042909396,0.02367776260727349
1440,data/u_component_of_wind/upper,0.25,0.25,0.010044329377142053,0.0025110823442855133,0.005938126088779016,0.001484531522194754
1440,data/u_component_of_wind/weather,0.25,0.25,0.14192476741256904,0.03548119185314226,0.021036905243736997,0.005259226310934249
1440,data/v_component_of_wind/upper,0.3813386835199559,0.3673766430304279,0.002105082573961732,0.0008027494174553672,0.001473702761895858,0.0005619798711210895
1440,data/v_component_of_wind/weather,0.25,0.25,0.1380343857098999,0.034508596427474975,0.015073996732808669,0.0037684991832021672
1440,data/specific_humidity/upper,0.25,0.25,0.010004287899925543,0.0025010719749813857,0.0033416441247776435,0.0008354110311944109
1440,data/specific_humidity/weather,0.25,0.25,0.12892221228052061,0.032230553070130154,0.009213056192528622,0.0023032640481321556
1440,data/specific_cloud_ice_water_content/upper,4.0,4.0,7.462487603817714e-09,2.9849950415270856e-08,1.4416792938120037e-08,5.766717175248015e-08
1440,data/specific_cloud_ice_water_content/weather,0.5928598329301472,0.5983549223740908,0.007096176389408179,0.004207037948667389,0.0006734224198356631,0.0003992451033151867
1440,data/specific_cloud_liquid_water_content/upper,4.0,4.0,5.509989260369202e-09,2.2039957041476808e-08,1.8816983509307822e-08,7.526793403723129e-08
1440,data/specific_cloud_liquid_water_content/weather,0.7150960430478672,0.7298935801407778,0.008104595841881244,0.005795564417031476,0.0005230451796048865,0.00037402753827071536
1440,model/vorticity,3.2747600323096897,3.3408414111511733,0.014979524772992685,0.04905434902958932,0.00011309575722274683,0.0003703614655768512
1440,model/divergence,3.241346836811863,3.206293415844294,0.01468945217676551,0.04761360934765802,0.000143019376689115,0.00046357540423406715
1440,model/temperature_variation,0.25,0.25,0.01569724286918853,0.003924310717297133,0.0023380795761375416,0.0005845198940343854
1440,model/specific_humidity,0.25,0.25,0.013810768863554515,0.003452692215888629,0.004127897681639051,0.0010319744204097627
1440,model/specific_cloud_ice_water_content,0.2795094989831718,0.2854461055314993,0.014345517375986177,0.004009708374416282,0.0013131492339925276,0.0003670376844833872
1440,model/specific_cloud_liquid_water_content,0.6497704822156467,0.6247369441736643,0.015908055580814092,0.010336584945858882,0.0008595760605745182,0.0005585271513805306
1440,model/log_surface_pressure,1.0,1.0,0.0,0.0,0.0,0.0
1460,data/temperature/upper,0.25,0.25,0.0073585335175366225,0.0018396333793841556,0.0022984813969034964,0.0005746203492258741
1460,data/temperature/weather,0.25,0.25,0.15409222301891748,0.03852305575472937,0.028355420037277052,0.007088855009319263
1460,data/geopotential/upper,0.3470569777540658,0.3327481638783877,0.008663274636912466,0.003006649912940292,0.0016180182559398253,0.0005615445258573803
1460,data/geopotential/weather,0.25,0.25,0.1520523317147359,0.038013082928683974,0.12985625204424922,0.032464063011062305
1460,data/u_component_of_wind/upper,0.25,0.25,0.00909972796976355,0.0022749319924408873,0.005202823907482684,0.001300705976870671
1460,data/u_component_of_wind/weather,0.25,0.25,0.15410197328426414,0.038525493321066036,0.026014888431404815,0.006503722107851204
1460,data/v_component_of_wind/upper,0.3673766430304279,0.3800082564115406,0.0024604699115901786,0.0009039191763973735,0.0009144550641608431,0.00033594943167358505
1460,data/v_component_of_wind/weather,0.25,0.25,0.15186844661876528,0.03796711165469132,0.022620454095047017,0.005655113523761754
1460,data/specific_humidity/upper,0.25,0.25,0.009340651665423116,0.002335162916355779,0.0031343351490597695,0.0007835837872649424
1460,data/specific_humidity/weather,0.25,0.25,0.13914283218741413,0.03478570804685353,0.008121017692301469,0.0020302544230753673
1460,data/specific_cloud_ice_water_content/upper,4.0,4.0,8.114232399762474e-09,3.2456929599049895e-08,1.3926555852356366e-08,5.570622340942546e-08
1460,data/specific_cloud_ice_water_content/weather,0.5983549223740908,0.5763758732255487,0.007510686778427686,0.004494056404282208,0.0009040142476033298,0.0005409213749497625
1460,data/specific_cloud_liquid_water_content/upper,4.0,4.0,5.946603356280138e-09,2.3786413425120554e-08,1.7445044272494052e-08,6.978017708997621e-08
1460,data/specific_cloud_liquid_water_content/weather,0.7298935801407778,0.7676014909927653,0.008267545821814725,0.006034428618862279,0.0003912819572633701,0.000285594188631452
1460,model/vorticity,3.3408414111511733,3.422522549775453,0.01623423735665844,0.05423601243958188,0.0001083049110414734,0.0003618295318383983
1460,model/divergence,3.206293415844294,3.1098908808685937,0.016228931742848927,0.05203471699328298,0.00016318771332487572,0.0005232276907802352
1460,model/temperature_variation,0.25,0.25,0.01654412486531302,0.004136031216328255,0.0031461263016932606,0.0007865315754233152
1460,model/specific_humidity,0.25,0.25,0.015609112350127713,0.0039022780875319282,0.0033124624230644,0.0008281156057661
1460,model/specific_cloud_ice_water_content,0.2854461055314993,0.28823281011149615,0.015035457055837309,0.004291812661474863,0.0014111511448683114,0.00040280759861897604
1460,model/specific_cloud_liquid_water_content,0.6247369441736643,0.6226199747362144,0.01648260490227385,0.010297292218668425,0.0007081594975699725,0.0004424134004994221
1460,model/log_surface_pressure,1.0,1.0,0.0,0.0,0.0,0.0
1480,data/temperature/upper,0.25,0.25,0.007351303780680792,0.001837825945170198,0.002385560318883121,0.0005963900797207802
1480,data/temperature/weather,0.25,0.25,0.13800107031757405,0.03450026757939351,0.018676369999751186,0.004669092499937797
1480,data/geopotential/upper,0.3327481638783877,0.3206298375153907,0.008688298193005917,0.0028910152709506324,0.0015346725728124868,0.0005106594807578762
1480,data/geopotential/weather,0.25,0.25,0.11992788553741456,0.02998197138435364,0.12537270023887218,0.031343175059718044
1480,data/u_component_of_wind/upper,0.25,0.25,0.009677677128136827,0.0024194192820342067,0.0073126385622691165,0.0018281596405672791
1480,data/u_component_of_wind/weather,0.25,0.25,0.139687867029855,0.03492196675746375,0.024456911893477495,0.006114227973369374
1480,data/v_component_of_wind/upper,0.3800082564115406,0.3840187569941909,0.001413754058829833,0.0005372382148906635,0.0010063135584611152,0.00038240746075410135
1480,data/v_component_of_wind/weather,0.25,0.25,0.13612352766684116,0.03403088191671029,0.015870700100164475,0.003967675025041119
1480,data/specific_humidity/upper,0.25,0.25,0.009048196618749829,0.002262049154687457,0.0030274517762304844,0.0007568629440576211
1480,data/specific_humidity/weather,0.25,0.25,0.1260458037256276,0.0315114509314069,0.006622310562839494,0.0016555776407098735
1480,data/specific_cloud_ice_water_content/upper,4.0,4.0,7.125713004501448e-09,2.8502852018005793e-08,1.3606373924830196e-08,5.4425495699320786e-08
1480,data/specific_cloud_ice_water_content/weather,0.5763758732255487,0.5823196534990014,0.006776666514028603,0.0039059070795815715,0.0006523751677235406,0.00037601330696731953
1480,data/specific_cloud_liquid_water_content/upper,4.0,4.0,6.206467287960661e-09,2.4825869151842645e-08,2.5472860330413773e-08,1.0189144132165509e-07
1480,data/specific_cloud_liquid_water_content/weather,0.7676014909927653,0.804402545506715,0.006882879563038921,0.005283308614912309,0.00035398947151881697,0.0002717228461335849
1480,model/vorticity,3.422522549775453,3.5178249837161384,0.014661024863729142,0.05017768819893158,9.568250159079163e-05,0.00032747551931341
1480,model/divergence,3.1098908808685937,3.028616047302536,0.01521612753448421,0.04732049626162596,0.00015473028059918883,0.000481194288629656
1480,model/temperature_variation,0.25,0.25,0.014500224905711451,0.0036250562264278628,0.004070139660357324,0.001017534915089331
1480,model/specific_humidity,0.25,0.25,0.013275513523175882,0.0033188783807939705,0.002774669649402348,0.000693667412350587
1480,model/specific_cloud_ice_water_content,0.28823281011149615,0.2729846842440884,0.013986595185285456,0.004031395634146749,0.0019528321242771516,0.0005628702908564058
1480,model/specific_cloud_liquid_water_content,0.6226199747362144,0.5892034912219379,0.013888846993099923,0.008647473563959023,0.0009042612408397831,0.0005630111109266037
1480,model/log_surface_pressure,1.0,1.0,0.0,0.0,0.0,0.0
1500,data/temperature/upper,0.25,0.25,0.009494936561777854,0.0023737341404444635,0.002348001750450863,0.0005870004376127158
1500,data/temperature/weather,0.25,0.25,0.14662008338155555,0.03665502084538889,0.03600777715857962,0.009001944289644905
1500,data/geopotential/upper,0.3206298375153907,0.3228771702829267,0.00877893865680308,0.002814789675088354,0.0016819787317931194,0.0005392925674791708
1500,data/geopotential/weather,0.25,0.25,0.14381969716106116,0.03595492429026529,0.10351717332090629,0.025879293330226573
1500,data/u_component_of_wind/upper,0.25,0.25,0.00957163669960651,0.0023929091749016274,0.0052184894484882905,0.0013046223621220726
1500,data/u_component_of_wind/weather,0.25,0.25,0.1414814835071342,0.03537037087678355,0.03151686684518025,0.007879216711295062
1500,data/v_component_of_wind/upper,0.3840187569941909,0.36484172155963224,0.0025104860295203026,0.0009640737245076682,0.0018380166805897083,0.0007058328810146486
1500,data/v_component_of_wind/weather,0.25,0.25,0.14062310272332418,0.035155775680831045,0.02709577302910068,0.00677394325727517
1500,data/specific_humidity/upper,0.25,0.25,0.009526956835044585,0.0023817392087611463,0.0032599746137159484,0.0008149936534289871
1500,data/specific_humidity/weather,0.25,0.25,0.12436807554608557,0.031092018886521394,0.007952949496271271,0.001988237374067818
1500,data/specific_cloud_ice_water_content/upper,4.0,4.0,8.162497883913071e-09,3.2649991535652285e-08,1.4351762272574907e-08,5.7407049090299626e-08
1500,data/specific_cloud_ice_water_content/weather,0.5823196534990014,0.6007190445131859,0.0076939763266344755,0.004480353628555307,0.0008147542377976041,0.0004744474054411438
1500,data/specific_cloud_liquid_water_content/upper,4.0,4.0,6.168544471350236e-09,2.4674177885400942e-08,1.8357706429711636e-08,7.343082571884655e-08
1500,data/specific_cloud_liquid_water_content/weather,0.804402545506715,0.8195233479166952,0.008294604435854518,0.006672200922172663,0.0006287239775180107,0.0005057471679365945
1500,model/vorticity,3.5178249837161384,3.3813064092448117,0.015227958361694964,0.05356929237575962,0.00019200497605416093,0.0006754399017611462
1500,model/divergence,3.028616047302536,3.1221432791552046,0.015068915081654487,0.04563795803173799,0.0001563493139070885,0.0004735220410837498
1500,model/temperature_variation,0.25,0.25,0.016701387283011366,0.0041753468207528415,0.0039050684200870925,0.0009762671050217731
1500,model/specific_humidity,0.25,0.25,0.014489402664620454,0.0036223506661551136,0.002342139979280505,0.0005855349948201262
1500,model/specific_cloud_ice_water_content,0.2729846842440884,0.278721629731792,0.014642718791932338,0.003997237965890629,0.0018315928963375738,0.0004999968084704279
1500,model/specific_cloud_liquid_water_content,0.5892034912219379,0.6098673975957585,0.015431867371116834,0.009092510131135947,0.000782412783850092,0.00046100034382114965
1500,model/log_surface_pressure,1.0,1.0,0.0,0.0,0.0,0.0
1520,data/temperature/upper,0.25,0.25,0.008963727666194427,0.002240931916548607,0.002501833832772477,0.0006254584581931193
1520,data/temperature/weather,0.25,0.25,0.16233107561731266,0.040582768904328166,0.03187209048673713,0.007968022621684282
1520,data/geopotential/upper,0.3228771702829267,0.3167257875315594,0.008761238824153436,0.002828803999715577,0.0014932939214856878,0.00048215051576999375
1520,data/geopotential/weather,0.25,0.25,0.16672330197896412,0.04168082549474103,0.11215754366890592,0.02803938591722648
1520,data/u_component_of_wind/upper,0.25,0.25,0.00770501730824614,0.001926254327061535,0.0047051514512421655,0.0011762878628105414
1520,data/u_component_of_wind/weather,0.25,0.25,0.16448191966316103,0.04112047991579026,0.024744312923479735,0.006186078230869934
1520,data/v_component_of_wind/upper,0.36484172155963224,0.37275511684595264,0.0017904763487492181,0.0006532404734894692,0.0010034428909629087,0.00036609783182568197
1520,data/v_component_of_wind/weather,0.25,0.25,0.1656997654090122,0.04142494135225305,0.01601124078416021,0.004002810196040052
1520,data/specific_humidity/upper,0.25,0.25,0.009611158360923357,0.0024027895902308393,0.003246528834748791,0.0008116322086871978
1520,data/specific_humidity/weather,0.25,0.25,0.15537291234189057,0.03884322808547264,0.009792605124960526,0.0024481512812401314
1520,data/specific_cloud_ice_water_content/upper,4.0,4.0,7.926695245458211e-09,3.1706780981832844e-08,1.5897297332060935e-08,6.358918932824374e-08
1520,data/specific_cloud_ice_water_content/weather,0.6007190445131859,0.5527426257737538,0.009468565091333916,0.005687947374577017,0.0011234994822930681,0.0006749075355141509
1520,data/specific_cloud_liquid_water_content/upper,4.0,4.0,5.452363083805621e-09,2.1809452335222483e-08,1.8624800592665332e-08,7.449920237066133e-08
1520,data/specific_cloud_liquid_water_content/weather,0.8195233479166952,0.8377436242192738,0.008367529445015794,0.00685738574457087,0.00045177512168084467,0.00037024026022535817
1520,model/vorticity,3.3813064092448117,3.543380958303818,0.016087177026908338,0.05439567478774106,8.892823602235655e-05,0.00030069361442522954
1520,model/divergence,3.1221432791552046,2.9668038141853903,0.016574036060665178,0.05174651529528179,0.00018375568090647304,0.0005737115641487331
1520,model/temperature_variation,0.25,0.25,0.01690923363907905,0.004227308409769762,0.0032194584609800654,0.0008048646152450164
1520,model/specific_humidity,0.25,0.25,0.01623562486764228,0.00405890621691057,0.0028962800608692413,0.0007240700152173103
1520,model/specific_cloud_ice_water_content,0.278721629731792,0.29223541101011286,0.015480391233877643,0.004314719873592123,0.001083285932934431,0.0003019352206930093
1520,model/specific_cloud_liquid_water_content,0.6098673975957585,0.6176126621301377,0.015777659102828544,0.009622279897195073,0.0006476894931831233,0.00039500470565770714
1520,model/log_surface_pressure,1.0,1.0,0.0,0.0,0.0,0.0
1540,data/temperature/upper,0.25,0.25,0.007365356464632511,0.0018413391161581278,0.0022202747632404955,0.0005550686908101239
1540,data/temperature/weather,0.25,0.25,0.1448389111986866,0.03620972779967165,0.02100141488795996,0.00525035372198999
1540,data/geopotential/upper,0.3167257875315594,0.3080878075034157,0.008691639673114421,0.0027528664204077105,0.0016981307407027712,0.0005378417961806355
1540,data/geopotential/weather,0.25,0.25,0.12930977350887396,0.03232744337721849,0.07519639287182288,0.01879909821795572
1540,data/u_component_of_wind/upper,0.25,0.25,0.007130809481634974,0.0017827023704087435,0.014060957323343922,0.0035152393308359804
1540,data/u_component_of_wind/weather,0.25,0.25,0.14624646783737624,0.03656161695934406,0.0313449185516481,0.007836229637912025
1540,data/v_component_of_wind/upper,0.37275511684595264,0.3924315235250057,0.0012676464442570852,0.0004725216984484062,0.0008630255538154705,0.0003216971911535287
1540,data/v_component_of_wind/weather,0.25,0.25,0.1459416652603889,0.036485416315097226,0.022264953387526595,0.005566238346881649
1540,data/specific_humidity/upper,0.25,0.25,0.009565692070319341,0.0023914230175798353,0.003235276861405572,0.000808819215351393
1540,data/specific_humidity/weather,0.25,0.25,0.13204398757196525,0.033010996892991314,0.009271367851686583,0.002317841962921646
1540,data/specific_cloud_ice_water_content/upper,4.0,4.0,7.654957408078747e-09,3.0619829632314986e-08,1.532525783026738e-08,6.130103132106951e-08
1540,data/specific_cloud_ice_water_content/weather,0.5527426257737538,0.5719451723476782,0.007316562750931225,0.0040441761065881645,0.0006807264223797602,0.000376266510139762
1540,data/specific_cloud_liquid_water_content/upper,4.0,4.0,5.676111854771518e-09,2.270444741908607e-08,2.16339178391189e-08,8.65356713564756e-08
1540,data/specific_cloud_liquid_water_content/weather,0.8377436242192738,0.8537649053783832,0.007493425906276995,0.006277569776543086,0.0004907345865842998,0.0004111097710948784
1540,model/vorticity,3.543380958303818,3.5128973862205606,0.015410085224312111,0.054603802549666555,0.00013687086032511972,0.00048498560022269073
1540,model/divergence,2.9668038141853903,2.9359285392459507,0.015850651092923853,0.04702577211980831,0.00016561458255859955,0.0004913459752195744
1540,model/temperature_variation,0.25,0.25,0.015251725034867478,0.0038129312587168694,0.004061388033847821,0.0010153470084619553
1540,model/specific_humidity,0.25,0.25,0.014407278846992557,0.003601819711748139,0.004024160830085812,0.001006040207521453
1540,model/specific_cloud_ice_water_content,0.29223541101011286,0.30437243475708353,0.01438483580738752,0.004203758404484881,0.0012110241899481724,0.00035390415189269313
1540,model/specific_cloud_liquid_water_content,0.6176126621301377,0.6205722310219227,0.014854535598685258,0.0091743492758109,0.00072773429370869,0.0004494579144608195
1540,model/log_surface_pressure,1.0,1.0,0.0,0.0,0.0,0.0
1560,data/temperature/upper,0.25,0.25,0.007224095062311388,0.001806023765577847,0.0023073292339121027,0.0005768323084780257
1560,data/temperature/weather,0.25,0.25,0.18636254006033962,0.046590635015084904,0.02387670869257647,0.005969177173144117
1560,data/geopotential/upper,0.3080878075034157,0.3203108675500634,0.008674364095804393,0.002672465815762724,0.0016314281185579452,0.0005026231121459399
1560,data/geopotential/weather,0.25,0.25,0.19479320178516932,0.04869830044629233,0.14226443126944685,0.03556610781736171
1560,data/u_component_of_wind/upper,0.25,0.25,0.006553525767233307,0.0016383814418083269,0.008183959174437013,0.002045989793609253
1560,data/u_component_of_wind/weather,0.25,0.25,0.19104195516822395,0.04776048879205599,0.03096045866437236,0.00774011466609309
1560,data/v_component_of_wind/upper,0.3924315235250057,0.38775146563950497,0.0020157478844971943,0.0007910430133555411,0.0016297635566340184,0.0006395705955154197
1560,data/v_component_of_wind/weather,0.25,0.25,0.19306124105436961,0.048265310263592404,0.02365672750533593,0.005914181876333982
1560,data/specific_humidity/upper,0.25,0.25,0.01004693994631973,0.0025117349865799326,0.0033526078893677566,0.0008381519723419391
1560,data/specific_humidity/weather,0.25,0.25,0.1752251190510887,0.043806279762772175,0.01994876799236949,0.004987191998092373
1560,data/specific_cloud_ice_water_content/upper,4.0,4.0,8.058821137537619e-09,3.2235284550150475e-08,1.7008199499926273e-08,6.803279799970509e-08
1560,data/specific_cloud_ice_water_content/weather,0.5719451723476782,0.5087524117763114,0.00995284893830232,0.005692483901367726,0.00168172147873881,0.0009618524809980608
1560,data/specific_cloud_liquid_water_content/upper,4.0,4.0,6.682067002120364e-09,2.6728268008481456e-08,2.616336538585854e-08,1.0465346154343417e-07
1560,data/specific_cloud_liquid_water_content/weather,0.8537649053783832,0.8806478482471213,0.00863407694240073,0.007371471883758439,0.0006097277220606167,0.0005205641309316596
1560,model/vorticity,3.5128973862205606,3.462672499149401,0.017682803239339195,0.06211787328052712,0.0001845843216362011,0.0006484257810131061
1560,model/divergence,2.9359285392459507,3.0098822810682275,0.018441054836449495,0.05414161918813164,0.00018326659218838263,0.0005380576182962216
1560,model/temperature_variation,0.25,0.25,0.019301684745252543,0.004825421186313136,0.0044768944903505565,0.0011192236225876391
1560,model/specific_humidity,0.25,0.25,0.019365252440089676,0.004841313110022419,0.0057022704229404975,0.0014255676057351244
1560,model/specific_cloud_ice_water_content,0.30437243475708353,0.29626421495835603,0.016822488378075557,0.005120301746307598,0.002260652304675982,0.0006880802461134409
1560,model/specific_cloud_liquid_water_content,0.6205722310219227,0.6337184116110117,0.016599206718107645,0.010301006746250148,0.0008850190552769817,0.0005492182496301508
1560,model/log_surface_pressure,1.0,1.0,0.0,0.0,0.0,0.0
1580,data/temperature/upper,0.25,0.25,0.0070776530899683285,0.0017694132724920821,0.0022291574590755942,0.0005572893647688986
1580,data/temperature/weather,0.25,0.25,0.15447830162249543,0.03861957540562386,0.03590640743905508,0.00897660185976377
1580,data/geopotential/upper,0.3203108675500634,0.3146081133938094,0.00860870526316299,0.0027574618513265337,0.0016018770625587516,0.0005130986316167409
1580,data/geopotential/weather,0.25,0.25,0.16023189540851068,0.04005797385212767,0.07261349538848298,0.018153373847120746
1580,data/u_component_of_wind/upper,0.25,0.25,0.009261241162095622,0.0023153102905239054,0.005731065561686047,0.0014327663904215118
1580,data/u_component_of_wind/weather,0.25,0.25,0.15560561461163322,0.038901403652908305,0.02794685465779533,0.006986713664448832
1580,data/v_component_of_wind/upper,0.38775146563950497,0.3678789565601604,0.0023082368919307658,0.0008950222378893301,0.0015938278889316509,0.0006180090999103658
1580,data/v_component_of_wind/weather,0.25,0.25,0.1549005654207708,0.0387251413551927,0.015601425487200572,0.003900356371800143
1580,data/specific_humidity/upper,0.25,0.25,0.009952485980086722,0.0024881214950216806,0.003381864277363178,0.0008454660693407945
1580,data/specific_humidity/weather,0.25,0.25,0.14142983068065662,0.035357457670164155,0.007509244559663466,0.0018773111399158664
1580,data/specific_cloud_ice_water_content/upper,4.0,4.0,7.074928055290548e-09,2.829971222116219e-08,1.441491882573194e-08,5.765967530292776e-08
1580,data/specific_cloud_ice_water_content/weather,0.5087524117763114,0.5322509692971404,0.007578157039248446,0.0038554056705372777,0.0006621381840971449,0.00033686439808860974
1580,data/specific_cloud_liquid_water_content/upper,4.0,4.0,5.186035710564869e-09,2.0744142842259476e-08,1.863854255701775e-08,7.4554170228071e-08
1580,data/specific_cloud_liquid_water_content/weather,0.8806478482471213,0.8237484403600379,0.007773338870612036,0.006845574150100197,0.0007437217434019374,0.0006549569530215139
1580,model/vorticity,3.462672499149401,3.5884615052810735,0.015654739655297952,0.05420723648574379,0.00010544643867685699,0.00036512648333959644
1580,model/divergence,3.0098822810682275,2.9233041406230127,0.01556757484246882,0.0468565676775504,0.00018098168487928117,0.000544733566516022
1580,model/temperature_variation,0.25,0.25,0.01622713611925345,0.004056784029813363,0.003964950519826089,0.0009912376299565223
1580,model/specific_humidity,0.25,0.25,0.014726926617714213,0.003681731654428553,0.0035412909050182694,0.0008853227262545674
1580,model/specific_cloud_ice_water_content,0.29626421495835603,0.300677470066363,0.01453995657633222,0.004307668820615651,0.0014225897259711297,0.00042146242837265955
1580,model/specific_cloud_liquid_water_content,0.6337184116110117,0.6490704044184019,0.015211671568044642,0.009639916344049638,0.0006262408309874444,0.0003968603446993233
1580,model/log_surface_pressure,1.0,1.0,0.0,0.0,0.0,0.0
1600,data/temperature/upper,0.25,0.25,0.0073877105862320816,0.0018469276465580204,0.002452671261504101,0.0006131678153760252
1600,data/temperature/weather,0.25,0.25,0.17442372710160509,0.04360593177540127,0.021351743434200744,0.005337935858550186
1600,data/geopotential/upper,0.3146081133938094,0.3126318600863897,0.008688331983254206,0.0027334197337907,0.0017001789005159334,0.000534890076323279
1600,data/geopotential/weather,0.25,0.25,0.19793564208490397,0.04948391052122599,0.10974726693331864,0.02743681673332966
1600,data/u_component_of_wind/upper,0.25,0.25,0.007335573059485268,0.001833893264871317,0.006020227614033987,0.0015050569035084968
1600,data/u_component_of_wind/weather,0.25,0.25,0.17673194141821796,0.04418298535455449,0.02378016118099411,0.005945040295248527
1600,data/v_component_of_wind/upper,0.3678789565601604,0.39414649507733823,0.0018151506352529754,0.0006677557216963769,0.0009254574822384177,0.00034045633290666225
1600,data/v_component_of_wind/weather,0.25,0.25,0.17783318126247455,0.04445829531561864,0.018760505293747173,0.004690126323436793
1600,data/specific_humidity/upper,0.25,0.25,0.0072986652556065465,0.0018246663139016366,0.0029781956504881177,0.0007445489126220294
1600,data/specific_humidity/weather,0.25,0.25,0.16011697081420426,0.040029242703551064,0.015542118349227087,0.0038855295873067718
1600,data/specific_cloud_ice_water_content/upper,4.0,4.0,7.505378348254418e-09,3.002151339301767e-08,1.360114506826179e-08,5.440458027304716e-08
1600,data/specific_cloud_ice_water_content/weather,0.5322509692971404,0.5295767625481335,0.007713148504055741,0.004105330767616457,0.0009912210708945038,0.0005275783757713493
1600,data/specific_cloud_liquid_water_content/upper,4.0,4.0,5.8567010550039544e-09,2.3426804220015818e-08,1.970825852619546e-08,7.883303410478185e-08
1600,data/specific_cloud_liquid_water_content/weather,0.8237484403600379,0.8176901859477759,0.008157529421054471,0.0067197521377847435,0.0006563492686865493,0.0005406666864119964
1600,model/vorticity,3.5884615052810735,3.5972523451476426,0.01683382995815428,0.06040755079128394,0.00014166405812294014,0.0005083560192560713
1600,model/divergence,2.9233041406230127,2.9263577210827707,0.016490581017714702,0.04820698377036464,0.00017463096302431752,0.0005104994172899717
1600,model/temperature_variation,0.25,0.25,0.018365075335821553,0.004591268833955388,0.004803176650417764,0.001200794162604441
1600,model/specific_humidity,0.25,0.25,0.016683329301190455,0.004170832325297614,0.004799819870660602,0.0011999549676651505
1600,model/specific_cloud_ice_water_content,0.300677470066363,0.2979655565047271,0.014762952645354653,0.004438887252114758,0.00179458957932801,0.0005395926545198047
1600,model/specific_cloud_liquid_water_content,0.6490704044184019,0.6243790736052108,0.01602013180672045,0.010398193430624147,0.000971239619329638,0.0006304028925054628
1600,model/log_surface_pressure,1.0,1.0,0.0,0.0,0.0,0.0
1620,data/temperature/upper,0.25,0.25,0.008533147436349496,0.002133286859087374,0.0022642995861052654,0.0005660748965263164
1620,data/temperature/weather,0.25,0.25,0.16400450903480773,0.04100112725870193,0.01680680919417763,0.004201702298544408
1620,data/geopotential/upper,0.3126318600863897,0.3109397929336224,0.008644532312528595,0.0027025562164427145,0.0016340347224322548,0.0005108513147197433
1620,data/geopotential/weather,0.25,0.25,0.15883652181521027,0.03970913045380257,0.0995821312376241,0.024895532809406026
1620,data/u_component_of_wind/upper,0.25,0.25,0.010862441735889352,0.002715610433972338,0.005893326517513557,0.0014733316293783893
1620,data/u_component_of_wind/weather,0.25,0.25,0.1606300971570775,0.04015752428926937,0.020832969147705542,0.0052082422869263855
1620,data/v_component_of_wind/upper,0.39414649507733823,0.38348359337334453,0.0018791088137324755,0.00074064415280159,0.0014632089717762327,0.0005767186877913181
1620,data/v_component_of_wind/weather,0.25,0.25,0.1579757729325205,0.03949394323313012,0.018231846065232257,0.004557961516308064
1620,data/specific_humidity/upper,0.25,0.25,0.009725201890080743,0.0024313004725201857,0.0033531899644466726,0.0008382974911116682
1620,data/specific_humidity/weather,0.25,0.25,0.15230160621590466,0.038075401553976165,0.023019518102691688,0.005754879525672922
1620,data/specific_cloud_ice_water_content/upper,4.0,4.0,8.38371245349343e-09,3.353484981397372e-08,1.675870332726441e-08,6.703481330905764e-08
1620,data/specific_cloud_ice_water_content/weather,0.5295767625481335,0.48832733213694113,0.008456811177665394,0.004478530684948907,0.0013785031155985961,0.0007300232171212199
1620,data/specific_cloud_liquid_water_content/upper,4.0,4.0,6.431978612736025e-09,2.57279144509441e-08,2.3103412580357525e-08,9.24136503214301e-08
1620,data/specific_cloud_liquid_water_content/weather,0.8176901859477759,0.8356877214018275,0.008300722112284562,0.0067874190074947785,0.0005281986252819175,0.00043190283212413074
1620,model/vorticity,3.5972523451476426,3.6546677740247593,0.016100477728761754,0.05791748126778561,0.00012534576100652588,0.00045090033273504114
1620,model/divergence,2.9263577210827707,2.9397359119222135,0.01611604686305825,0.04716131817104227,0.00016466823656386957,0.0004818781654857639
1620,model/temperature_variation,0.25,0.25,0.017591333617897328,0.004397833404474332,0.005882493069691879,0.0014706232674229697
1620,model/specific_humidity,0.25,0.25,0.01637400219840994,0.004093500549602485,0.0034567437416331698,0.0008641859354082924
1620,model/specific_cloud_ice_water_content,0.2979655565047271,0.28493678379592724,0.01481718718561747,0.004415011425597221,0.0020856310254158683,0.0006214462091515639
1620,model/specific_cloud_liquid_water_content,0.6243790736052108,0.6022210904113675,0.015396503093693828,0.009613254338400315,0.0009544482342842969,0.0005959375043265585
1620,model/log_surface_pressure,1.0,1.0,0.0,0.0,0.0,0.0
1640,data/temperature/upper,0.25,0.25,0.006358080635025556,0.001589520158756389,0.002538569166929667,0.0006346422917324168
1640,data/temperature/weather,0.25,0.25,0.161145794907824,0.040286448726956,0.03034101522524735,0.007585253806311838
1640,data/geopotential/upper,0.3109397929336224,0.30316555280781865,0.008698431513020355,0.002704688493505845,0.001647228251328662,0.0005121888113825471
1640,data/geopotential/weather,0.25,0.25,0.1549828832400582,0.03874572081001455,0.09925203801089422,0.024813009502723554
1640,data/u_component_of_wind/upper,0.25,0.25,0.008748303231863425,0.0021870758079658562,0.0063615977998232485,0.0015903994499558121
1640,data/u_component_of_wind/weather,0.25,0.25,0.16712044029333753,0.04178011007333438,0.022912215422339902,0.005728053855584976
1640,data/v_component_of_wind/upper,0.38348359337334453,0.398809954079591,0.001256872661363199,0.0004819900445922784,0.0008782084997552023,0.0003367785512171389
1640,data/v_component_of_wind/weather,0.25,0.25,0.16764512341142876,0.04191128085285719,0.019322449796577757,0.004830612449144439
1640,data/specific_humidity/upper,0.25,0.25,0.00777392942058154,0.001943482355145385,0.002941544512187367,0.0007353861280468418
1640,data/specific_humidity/weather,0.25,0.25,0.15403665340922632,0.03850916335230658,0.011105638340148927,0.002776409585037232
1640,data/specific_cloud_ice_water_content/upper,4.0,4.0,7.733178715550007e-09,3.093271486220003e-08,1.4981438343457822e-08,5.992575337383129e-08
1640,data/specific_cloud_ice_water_content/weather,0.48832733213694113,0.4946029938216433,0.0076675719177789,0.0037442849385771,0.0008436220832900802,0.0004119637212648532
1640,data/specific_cloud_liquid_water_content/upper,4.0,4.0,5.745607471480938e-09,2.2982429885923752e-08,1.6458594964843092e-08,6.583437985937237e-08
1640,data/specific_cloud_liquid_water_content/weather,0.8356877214018275,0.8793634992060404,0.00787432435966178,0.0065804761817046566,0.00036929041082278365,0.0003086114619560368
1640,model/vorticity,3.6546677740247593,3.6476112144096593,0.016711877321174365,0.061076359489151175,0.000123122218468086,0.0004499708041017499
1640,model/divergence,2.9397359119222135,2.9165862077434546,0.016636743955644673,0.04890763366386347,0.0001587668381490247,0.00046673257572902964
1640,model/temperature_variation,0.25,0.25,0.016540146215160787,0.004135036553790197,0.004690548426960606,0.0011726371067401515
1640,model/specific_humidity,0.25,0.25,0.01577290147771685,0.003943225369429213,0.0040493492538713725,0.0010123373134678431
1640,model/specific_cloud_ice_water_content,0.28493678379592724,0.2799742973426194,0.014932144121330723,0.004254717121109238,0.0017267754050645223,0.0004920218302569945
1640,model/specific_cloud_liquid_water_content,0.6022210904113675,0.5798862805891706,0.01608048799305873,0.00968400901352673,0.0009136710099932217,0.0005502319519153734
1640,model/log_surface_pressure,1.0,1.0,0.0,0.0,0.0,0.0
1660,data/temperature/upper,0.25,0.25,0.008267706289770766,0.0020669265724426915,0.002495852726704213,0.0006239631816760533
1660,data/temperature/weather,0.25,0.25,0.13999440278810796,0.03499860069702699,0.03155193088860149,0.007887982722150372
1660,data/geopotential/upper,0.30316555280781865,0.3122014574692875,0.008655109911733488,0.0026239311810031135,0.0017784066650974606,0.0005391516397413808
1660,data/geopotential/weather,0.25,0.25,0.13020635995215257,0.03255158998803814,0.10080659410005596,0.02520164852501399
1660,data/u_component_of_wind/upper,0.25,0.25,0.007996178780276208,0.001999044695069052,0.004646947409140085,0.0011617368522850212
1660,data/u_component_of_wind/weather,0.25,0.25,0.1436805587262764,0.0359201396815691,0.05763920388399918,0.014409800970999795
1660,data/v_component_of_wind/upper,0.398809954079591,0.40615389611623687,0.0016342556188243605,0.0006517574082976568,0.0014297205223230585,0.0005701867758543079
1660,data/v_component_of_wind/weather,0.25,0.25,0.13742782182361346,0.034356955455903365,0.028693401478535253,0.007173350369633813
1660,data/specific_humidity/upper,0.25,0.25,0.00898296177708676,0.00224574044427169,0.0033252989826061436,0.0008313247456515359
1660,data/specific_humidity/weather,0.25,0.25,0.13194132600876582,0.032985331502191455,0.011182744120661937,0.002795686030165484
1660,data/specific_cloud_ice_water_content/upper,4.0,4.0,7.261853875375109e-09,2.9047415501500437e-08,1.2801552279555919e-08,5.1206209118223677e-08
1660,data/specific_cloud_ice_water_content/weather,0.4946029938216433,0.5031491707888296,0.006935427493950633,0.0034302832019409203,0.0011618032865686031,0.0005746313837686557
1660,data/specific_cloud_liquid_water_content/upper,4.0,4.0,6.2958931147208325e-09,2.518357245888333e-08,2.2218315946036714e-08,8.887326378414686e-08
1660,data/specific_cloud_liquid_water_content/weather,0.8793634992060404,0.9351882151120509,0.007755215276249085,0.006819653242418534,0.0005125072941321676,0.00045068020753668224
1660,model/vorticity,3.6476112144096593,3.410080389321354,0.01556195005572669,0.0567639435413517,0.00022610513354696772,0.0008247436207615131
1660,model/divergence,2.9165862077434546,3.053991673307182,0.014894194421511414,0.04344020202522969,0.00017017613799185781,0.0004963333769540994
1660,model/temperature_variation,0.25,0.25,0.015251032828428754,0.0038127582071071885,0.0050373352653352394,0.0012593338163338099
1660,model/specific_humidity,0.25,0.25,0.01427208418209623,0.0035680210455240574,0.0037214444203843757,0.0009303611050960939
1660,model/specific_cloud_ice_water_content,0.2799742973426194,0.2809227051278011,0.014281548637508136,0.003998466544750784,0.0021993718955931616,0.0006157676010638003
1660,model/specific_cloud_liquid_water_content,0.5798862805891706,0.5983124927572642,0.01500293240741389,0.00869999467166597,0.0009236685095929485,0.0005356226965251975
1660,model/log_surface_pressure,1.0,1.0,0.0,0.0,0.0,0.0
1680,data/temperature/upper,0.25,0.25,0.006949492659153363,0.0017373731647883407,0.001986614320344775,0.0004966535800861937
1680,data/temperature/weather,0.25,0.25,0.1522847222854677,0.03807118057136692,0.015289413430127775,0.003822353357531944
1680,data/geopotential/upper,0.3122014574692875,0.30506950176341585,0.00857209415488803,0.0026762202887200036,0.0016635880151382493,0.0005193746029546006
1680,data/geopotential/weather,0.25,0.25,0.13485548103582204,0.03371387025895551,0.0855558014162232,0.0213889503540558
1680,data/u_component_of_wind/upper,0.25,0.25,0.008539349483981844,0.002134837370995461,0.012926893977764219,0.0032317234944410547
1680,data/u_component_of_wind/weather,0.25,0.25,0.15259166790411638,0.038147916976029095,0.021569239769217426,0.005392309942304357
1680,data/v_component_of_wind/upper,0.40615389611623687,0.43269397944761706,0.0012589323637592217,0.0005113202844876315,0.0006636431238713631,0.0002695412403911045
1680,data/v_component_of_wind/weather,0.25,0.25,0.1508552519089834,0.03771381297724585,0.017032031131640507,0.004258007782910127
1680,data/specific_humidity/upper,0.25,0.25,0.008989829414131095,0.002247457353532774,0.003086207840576698,0.0007715519601441745
1680,data/specific_humidity/weather,0.25,0.25,0.13248385338214452,0.03312096334553613,0.005683250893304064,0.001420812723326016
1680,data/specific_cloud_ice_water_content/upper,4.0,4.0,7.1460790525349805e-09,2.8584316210139922e-08,1.1961079603400388e-08,4.784431841360155e-08
1680,data/specific_cloud_ice_water_content/weather,0.5031491707888296,0.5062945282943375,0.007957830793406515,0.004003975964980302,0.0008461733911192717,0.00042575144008523354
1680,data/specific_cloud_liquid_water_content/upper,4.0,4.0,5.6327665170290026e-09,2.253106606811601e-08,1.9602693222052213e-08,7.841077288820885e-08
1680,data/specific_cloud_liquid_water_content/weather,0.9351882151120509,0.9088009454085997,0.00782649364858685,0.007319244625807738,0.0005689505893782143,0.0005320758861675617
1680,model/vorticity,3.410080389321354,3.495414371783044,0.015562385050128889,0.05306898407051234,0.0001121407042811894,0.0003824088165139692
1680,model/divergence,3.053991673307182,3.0058218443144638,0.016549984057265193,0.05054351350425451,0.00016227594125899485,0.0004955893733830556
1680,model/temperature_variation,0.25,0.25,0.01595724445994649,0.003989311114986622,0.005467380414474768,0.001366845103618692
1680,model/specific_humidity,0.25,0.25,0.014090716096991,0.00352267902424775,0.00526370645246568,0.00131592661311642
1680,model/specific_cloud_ice_water_content,0.2809227051278011,0.2813660368049079,0.015523026861031401,0.00436077069757246,0.0015892035092629762,0.00044644334882074977
1680,model/specific_cloud_liquid_water_content,0.5983124927572642,0.5645387921836146,0.015406280581446868,0.00921777013880331,0.0010324794369786525,0.0006177453456593142
1680,model/log_surface_pressure,1.0,1.0,0.0,0.0,0.0,0.0
1700,data/temperature/upper,0.25,0.25,0.008402192740334585,0.002100548185083646,0.0020411381926406726,0.0005102845481601681
1700,data/temperature/weather,0.25,0.25,0.18594968105579415,0.04648742026394854,0.022726740272677917,0.005681685068169479
1700,data/geopotential/upper,0.30506950176341585,0.3085033135343934,0.008553310531311805,0.00260935418221507,0.0017384336845362252,0.0005303430979902054
1700,data/geopotential/weather,0.25,0.25,0.20632397205499112,0.05158099301374778,0.12783813968251956,0.03195953492062989
1700,data/u_component_of_wind/upper,0.25,0.25,0.009576440224061728,0.002394110056015432,0.0074154448030602565,0.0018538612007650641
1700,data/u_component_of_wind/weather,0.25,0.25,0.18670003156458434,0.046675007891146085,0.02181988387621632,0.00545497096905408
1700,data/v_component_of_wind/upper,0.43269397944761706,0.4566031109810627,0.0015714380612724674,0.0006799517881874322,0.0009303808048828682,0.0004025701728664452
1700,data/v_component_of_wind/weather,0.25,0.25,0.18731809708470387,0.04682952427117597,0.017248507583754267,0.004312126895938567
1700,data/specific_humidity/upper,0.25,0.25,0.00760441278725995,0.0019011031968149874,0.0028964478570554586,0.0007241119642638647
1700,data/specific_humidity/weather,0.25,0.25,0.1727443861685437,0.04318609654213593,0.01404263029400061,0.0035106575735001527
1700,data/specific_cloud_ice_water_content/upper,4.0,4.0,7.739250974658476e-09,3.0957003898633905e-08,1.3474953214187788e-08,5.3899812856751154e-08
1700,data/specific_cloud_ice_water_content/weather,0.5062945282943375,0.5399691155279512,0.008155288202050087,0.004128977793361324,0.0007507386690423652,0.000380094880315123
1700,data/specific_cloud_liquid_water_content/upper,4.0,4.0,6.65961464767745e-09,2.66384585907098e-08,2.6034860245371892e-08,1.0413944098148757e-07
1700,data/specific_cloud_liquid_water_content/weather,0.9088009454085997,0.8897778479748049,0.007936283555893351,0.0072125019986266,0.0006842997760087728,0.0006218922833796657
1700,model/vorticity,3.495414371783044,3.4630048151502373,0.017400708218735697,0.06082268558697209,0.00016845378556225863,0.0005888157830355779
1700,model/divergence,3.0058218443144638,3.0319356989473434,0.01804507261666088,0.05424027345340004,0.00017887184979104712,0.0005376569134348649
1700,model/temperature_variation,0.25,0.25,0.01981522569401193,0.0049538064235029825,0.0034609321808868696,0.0008652330452217174
1700,model/specific_humidity,0.25,0.25,0.018007271603809664,0.004501817900952416,0.004670638804082159,0.0011676597010205397
1700,model/specific_cloud_ice_water_content,0.2813660368049079,0.288970553275367,0.016299733753857043,0.004586191487297941,0.0017273611075267938,0.0004860207489557504
1700,model/specific_cloud_liquid_water_content,0.5645387921836146,0.5212355446088437,0.01600881523794509,0.009037597218720165,0.0014125705978750376,0.00079745089919846
1700,model/log_surface_pressure,1.0,1.0,0.0,0.0,0.0,0.0
1720,data/temperature/upper,0.25,0.25,0.006687318122143318,0.0016718295305358296,0.001682376946524305,0.00042059423663107627
1720,data/temperature/weather,0.25,0.25,0.1772131428083074,0.04430328570207685,0.025213599848605134,0.0063033999621512835
1720,data/geopotential/upper,0.3085033135343934,0.30985810685035653,0.008485624283773108,0.0026178432089519177,0.0017886702730604662,0.0005518107060596221
1720,data/geopotential/weather,0.25,0.25,0.17626716518643476,0.04406679129660869,0.27080665330536835,0.06770166332634209
1720,data/u_component_of_wind/upper,0.25,0.25,0.010427461022714959,0.0026068652556787398,0.011100373137063042,0.0027750932842657604
1720,data/u_component_of_wind/weather,0.25,0.25,0.17496394155982006,0.043740985389955016,0.03839335281412173,0.009598338203530432
1720,data/v_component_of_wind/upper,0.4566031109810627,0.45503834996449427,0.00148355464549106,0.0006773956664416255,0.0012564903556093019,0.000573717405288909
1720,data/v_component_of_wind/weather,0.25,0.25,0.17495592572341273,0.04373898143085318,0.03189341464613201,0.007973353661533003
1720,data/specific_humidity/upper,0.25,0.25,0.007334894656995841,0.0018337236642489603,0.002895692500943359,0.0007239231252358397
1720,data/specific_humidity/weather,0.25,0.25,0.17314071882319923,0.04328517970579981,0.020015578631712057,0.005003894657928014
1720,data/specific_cloud_ice_water_content/upper,4.0,4.0,8.086465590572545e-09,3.234586236229018e-08,1.4099509168564537e-08,5.639803667425815e-08
1720,data/specific_cloud_ice_water_content/weather,0.5399691155279512,0.581913406029625,0.009068168223374367,0.00489653077503413,0.0006600329382626465,0.00035639740189299604
1720,data/specific_cloud_liquid_water_content/upper,4.0,4.0,6.796729455682716e-09,2.7186917822730864e-08,2.2286610927563458e-08,8.914644371025383e-08
1720,data/specific_cloud_liquid_water_content/weather,0.8897778479748049,0.9282932865009257,0.00771693258791284,0.006866355671039728,0.0004971005315103021,0.0004423090411543683
1720,model/vorticity,3.4630048151502373,3.277224730091521,0.01715951993362133,0.05942350015579715,0.0002106043235633781,0.000729323786591437
1720,model/divergence,3.0319356989473434,3.0919107457895247,0.017282066600611906,0.0523981146779808,0.00016725257897398668,0.00050709906493224
1720,model/temperature_variation,0.25,0.25,0.018139510708015973,0.004534877677003993,0.0064955527838485945,0.0016238881959621486
1720,model/specific_humidity,0.25,0.25,0.01781805794307497,0.004454514485768743,0.006261279030891554,0.0015653197577228885
1720,model/specific_cloud_ice_water_content,0.288970553275367,0.3009648325421618,0.015582457804543273,0.004502871453168931,0.0015522673437452703,0.0004485595531533551
1720,model/specific_cloud_liquid_water_content,0.5212355446088437,0.5547965422313794,0.01566736751918627,0.008166388841449964,0.0007457531156547066,0.00038871303138202296
1720,model/log_surface_pressure,1.0,1.0,0.0,0.0,0.0,0.0
1740,data/temperature/upper,0.25,0.25,0.007158753505993582,0.0017896883764983954,0.0026081288412027723,0.0006520322103006931
1740,data/temperature/weather,0.25,0.25,0.18319208222875982,0.045798020557189956,0.020137727847790117,0.005034431961947529
1740,data/geopotential/upper,0.30985810685035653,0.3142024478380472,0.00866623941832709,0.002685304539674767,0.0016915010227903668,0.0005241253046572649
1740,data/geopotential/weather,0.25,0.25,0.20273551366234427,0.05068387841558607,0.06861992676266707,0.017154981690666767
1740,data/u_component_of_wind/upper,0.25,0.25,0.009139219660337098,0.0022848049150842745,0.011093972581606193,0.002773493145401548
1740,data/u_component_of_wind/weather,0.25,0.25,0.19652968712122804,0.04913242178030701,0.029432941894985635,0.007358235473746409
1740,data/v_component_of_wind/upper,0.45503834996449427,0.47390250061969674,0.0012556730705531257,0.0005713794021193443,0.000980954681828064,0.00044637199980898776
1740,data/v_component_of_wind/weather,0.25,0.25,0.19700873220240364,0.04925218305060091,0.02085759150219516,0.00521439787554879
1740,data/specific_humidity/upper,0.25,0.25,0.00929677148505869,0.0023241928712646725,0.0032866299698046087,0.0008216574924511522
1740,data/specific_humidity/weather,0.25,0.25,0.18701115547354563,0.04675278886838641,0.01142433685041504,0.00285608421260376
1740,data/specific_cloud_ice_water_content/upper,4.0,4.0,7.713965226772171e-09,3.0855860907088685e-08,1.7108403641747474e-08,6.84336145669899e-08
1740,data/specific_cloud_ice_water_content/weather,0.581913406029625,0.5782658941904845,0.009699424801704815,0.005644225322888269,0.0010099522385751854,0.0005877047470765306
1740,data/specific_cloud_liquid_water_content/upper,4.0,4.0,6.297197949337316e-09,2.5188791797349265e-08,2.360802799221092e-08,9.443211196884368e-08
1740,data/specific_cloud_liquid_water_content/weather,0.9282932865009257,0.8327848610083729,0.008574356795740534,0.007959517849549527,0.0009690843594906749,0.0008995945049682431
1740,model/vorticity,3.277224730091521,3.3716189855789267,0.018043338798135664,0.05913207612267002,0.0001480676843400064,0.00048525107684645397
1740,model/divergence,3.0919107457895247,3.0555720795706254,0.01847569006870265,0.05712518465929853,0.00019510185780922818,0.0006032375306838525
1740,model/temperature_variation,0.25,0.25,0.01854333878048229,0.004635834695120572,0.003691941416445268,0.000922985354111317
1740,model/specific_humidity,0.25,0.25,0.01826425099949972,0.00456606274987493,0.004080691679433059,0.0010201729198582648
1740,model/specific_cloud_ice_water_content,0.3009648325421618,0.29999647439807536,0.016795672232024588,0.0050549066807443165,0.0019145106114746011,0.0005762003655826451
1740,model/specific_cloud_liquid_water_content,0.5547965422313794,0.5736567567957793,0.016638600275061,0.009231037900173922,0.00084343182220619,0.0004679330585679058
1740,model/log_surface_pressure,1.0,1.0,0.0,0.0,0.0,0.0
1760,data/temperature/upper,0.25,0.25,0.0066568498617781725,0.0016642124654445431,0.002458915553587645,0.0006147288883969112
1760,data/temperature/weather,0.25,0.25,0.15740420920820303,0.03935105230205076,0.031490848996425805,0.007872712249106451
1760,data/geopotential/upper,0.3142024478380472,0.30430627789170606,0.008603075432350967,0.00270310735978004,0.0017710536933388632,0.000556469405699685
1760,data/geopotential/weather,0.25,0.25,0.1402326781355682,0.03505816953389205,0.086934342038933,0.02173358550973325
1760,data/u_component_of_wind/upper,0.25,0.25,0.008531563832921949,0.0021328909582304873,0.0051889331231835594,0.0012972332807958899
1760,data/u_component_of_wind/weather,0.25,0.25,0.15569839599712001,0.038924598999280004,0.038307754704394736,0.009576938676098684
1760,data/v_component_of_wind/upper,0.47390250061969674,0.48329440516970007,0.001478609369689982,0.0007007166777357961,0.0008469129381148156,0.00040135415917978554
1760,data/v_component_of_wind/weather,0.25,0.25,0.15586635892588876,0.03896658973147219,0.022418958942015434,0.005604739735503858
1760,data/specific_humidity/upper,0.25,0.25,0.008306592051317127,0.002076648012829282,0.0029536059992925435,0.0007384014998231359
1760,data/specific_humidity/weather,0.25,0.25,0.14662516060681596,0.03665629015170399,0.011509743506880197,0.0028774358767200492
1760,data/specific_cloud_ice_water_content/upper,4.0,4.0,7.1457427963863794e-09,2.8582971185545518e-08,1.5522343156617194e-08,6.208937262646878e-08
1760,data/specific_cloud_ice_water_content/weather,0.5782658941904845,0.5742141366978912,0.007011864317982703,0.004054721989780619,0.0008393874270625837,0.000485389121082595
1760,data/specific_cloud_liquid_water_content/upper,4.0,4.0,5.825499342367759e-09,2.3301997369471035e-08,2.3477199739723593e-08,9.390879895889437e-08
1760,data/specific_cloud_liquid_water_content/weather,0.8327848610083729,0.8139583813091358,0.00748211652925121,0.0062309933738609186,0.0006357844569993056,0.0005294716706534505
1760,model/vorticity,3.3716189855789267,3.4093121747457595,0.016033119190815223,0.054057569061802445,0.00012937345691378167,0.0004361980035604835
1760,model/divergence,3.0555720795706254,3.010777447430971,0.015347644405148849,0.046895833731551144,0.00016697497110001495,0.0005102040596803178
1760,model/temperature_variation,0.25,0.25,0.015465110271941283,0.0038662775679853207,0.0029243447006485064,0.0007310861751621266
1760,model/specific_humidity,0.25,0.25,0.014800010475543947,0.0037000026188859867,0.003197975269462945,0.0007994938173657363
1760,model/specific_cloud_ice_water_content,0.29999647439807536,0.31007392610969775,0.014123336113299047,0.004236951040728731,0.0012393085199005687,0.00037178818666166763
1760,model/specific_cloud_liquid_water_content,0.5736567567957793,0.5940632506451434,0.014465182686128288,0.008298049786182813,0.0006370052851013792,0.00036542238591302795
1760,model/log_surface_pressure,1.0,1.0,0.0,0.0,0.0,0.0
1780,data/temperature/upper,0.25,0.25,0.007752986134226656,0.001938246533556664,0.0027268767874492014,0.0006817191968623003
1780,data/temperature/weather,0.25,0.25,0.164366573443444,0.041091643360861,0.032538734609766765,0.008134683652441691
1780,data/geopotential/upper,0.30430627789170606,0.3032407375324028,0.008772087996835312,0.0026694014476554657,0.0017266259008916916,0.0005254231012117645
1780,data/geopotential/weather,0.25,0.25,0.16234041738756602,0.040585104346891505,0.07565353523271691,0.018913383808179227
1780,data/u_component_of_wind/upper,0.25,0.25,0.008683006379369232,0.002170751594842308,0.0056007791436010305,0.0014001947859002576
1780,data/u_component_of_wind/weather,0.25,0.25,0.16652163516685545,0.04163040879171386,0.023327531635063035,0.005831882908765759
1780,data/v_component_of_wind/upper,0.48329440516970007,0.4617404056498466,0.0017232313675402881,0.0008328280787451523,0.0013310715977178332,0.0006432994560573225
1780,data/v_component_of_wind/weather,0.25,0.25,0.164606034554609,0.04115150863865225,0.016141013161472678,0.0040352532903681695
1780,data/specific_humidity/upper,0.25,0.25,0.008977120705836384,0.002244280176459096,0.0030623387778105386,0.0007655846944526346
1780,data/specific_humidity/weather,0.25,0.25,0.16223248615498537,0.04055812153874634,0.012687790476932699,0.0031719476192331748
1780,data/specific_cloud_ice_water_content/upper,4.0,4.0,8.10907825837183e-09,3.243631303348732e-08,1.4777152421588533e-08,5.9108609686354134e-08
1780,data/specific_cloud_ice_water_content/weather,0.5742141366978912,0.5839091743946434,0.007317013314930732,0.004201532483839926,0.0008144380407019085,0.0004676618364355684
1780,data/specific_cloud_liquid_water_content/upper,4.0,4.0,6.323156656076135e-09,2.529262662430454e-08,2.3007404908051585e-08,9.202961963220634e-08
1780,data/specific_cloud_liquid_water_content/weather,0.8139583813091358,0.8205711779665225,0.007447423615083263,0.006061892870656605,0.0006002170548306575,0.0004885517023840987
1780,model/vorticity,3.4093121747457595,3.48093468639892,0.016447017515284365,0.05607301705311574,0.00013382484667016545,0.0004562506790360796
1780,model/divergence,3.010777447430971,3.021137214592285,0.016210576397155396,0.04880643782641227,0.00016745042653090408,0.0005041559677619427
1780,model/temperature_variation,0.25,0.25,0.016977685847739614,0.0042444214619349035,0.002607375050284779,0.0006518437625711947
1780,model/specific_humidity,0.25,0.25,0.016622861479929387,0.004155715369982347,0.002819032510866208,0.000704758127716552
1780,model/specific_cloud_ice_water_content,0.31007392610969775,0.2807443400378664,0.014928427573856654,0.004628916148470003,0.002626946310238473,0.0008145475560950274
1780,model/specific_cloud_liquid_water_content,0.5940632506451434,0.5477222634275073,0.015019134261456733,0.008922315721236833,0.0012719475609678918,0.0007556173027187475
1780,model/log_surface_pressure,1.0,1.0,0.0,0.0,0.0,0.0
1800,data/temperature/upper,0.25,0.25,0.006702359393008049,0.0016755898482520121,0.0024059873987581034,0.0006014968496895259
1800,data/temperature/weather,0.25,0.25,0.16642090571618173,0.04160522642904543,0.013781590793909467,0.003445397698477367
1800,data/geopotential/upper,0.3032407375324028,0.2960432809780582,0.008629322946326859,0.0026167622546494442,0.0016973632603856862,0.0005147096869397594
1800,data/geopotential/weather,0.25,0.25,0.1780188053659225,0.04450470134148062,0.09583303733432284,0.02395825933358071
1800,data/u_component_of_wind/upper,0.25,0.25,0.0075851835674901735,0.0018962958918725434,0.007191903611080506,0.0017979759027701265
1800,data/u_component_of_wind/weather,0.25,0.25,0.16895938121491552,0.04223984530372888,0.02136036711873384,0.00534009177968346
1800,data/v_component_of_wind/upper,0.4617404056498466,0.4017115788148949,0.0019768093248356466,0.0009127727395420108,0.001892046527335611,0.0008736343310403286
1800,data/v_component_of_wind/weather,0.25,0.25,0.16841295286404115,0.04210323821601029,0.017256854783429653,0.004314213695857413
1800,data/specific_humidity/upper,0.25,0.25,0.00828548246607981,0.0020713706165199526,0.00295925405635512,0.00073981351408878
1800,data/specific_humidity/weather,0.25,0.25,0.16489802492957187,0.04122450623239297,0.00861858607234093,0.0021546465180852323
1800,data/specific_cloud_ice_water_content/upper,4.0,4.0,7.468843872103488e-09,2.987537548841395e-08,1.5945726253275088e-08,6.378290501310035e-08
1800,data/specific_cloud_ice_water_content/weather,0.5839091743946434,0.6005059196578512,0.00852948499985233,0.004980444544275269,0.000648892570846178,0.00037889432531360945
1800,data/specific_cloud_liquid_water_content/upper,4.0,4.0,6.257146403563037e-09,2.502858561425215e-08,2.5357555100581362e-08,1.0143022040232545e-07
1800,data/specific_cloud_liquid_water_content/weather,0.8205711779665225,0.8353067111272982,0.008833484132262683,0.007248502479959374,0.0004855681755828974,0.00039844324982111335
1800,model/vorticity,3.48093468639892,3.603436991263705,0.01680823893827054,0.058508381937506876,0.00010190544144457564,0.0003547261858572174
1800,model/divergence,3.021137214592285,2.946659995150915,0.016961769788056098,0.05124383393204337,0.00017240104543484488,0.0005208472141978252
1800,model/temperature_variation,0.25,0.25,0.0175732083828713,0.004393302095717825,0.003618126129730318,0.0009045315324325794
1800,model/specific_humidity,0.25,0.25,0.01634741724462655,0.004086854311156638,0.004862073712941259,0.0012155184282353147
1800,model/specific_cloud_ice_water_content,0.2807443400378664,0.2777042934911787,0.016017363101444745,0.004496784033061978,0.0017202491302206028,0.00048295020676449686
1800,model/specific_cloud_liquid_water_content,0.5477222634275073,0.5386312295161004,0.016835495429037957,0.009221175662316122,0.0009070682323741816,0.0004968214653191748
1800,model/log_surface_pressure,1.0,1.0,0.0,0.0,0.0,0.0
1820,data/temperature/upper,0.25,0.25,0.00727260137565767,0.0018181503439144175,0.002607131854937665,0.0006517829637344162
1820,data/temperature/weather,0.25,0.25,0.14551394261418535,0.03637848565354634,0.028004101673370297,0.007001025418342574
1820,data/geopotential/upper,0.2960432809780582,0.2878046901268001,0.008684259632590135,0.00257091671449729,0.001776926494745278,0.0005260471495612324
1820,data/geopotential/weather,0.25,0.25,0.14168609072700938,0.035421522681752346,0.10040111228810074,0.025100278072025185
1820,data/u_component_of_wind/upper,0.25,0.25,0.008736802727894823,0.0021842006819737057,0.00807221002010258,0.002018052505025645
1820,data/u_component_of_wind/weather,0.25,0.25,0.14239598702725215,0.03559899675681304,0.02412506281092686,0.006031265702731715
1820,data/v_component_of_wind/upper,0.4017115788148949,0.41806878323917435,0.001441890887092405,0.0005792242647326994,0.0008662403855873469,0.00034797879292751643
1820,data/v_component_of_wind/weather,0.25,0.25,0.1413139837371728,0.0353284959342932,0.018463571701329163,0.004615892925332291
1820,data/specific_humidity/upper,0.25,0.25,0.008134426944335056,0.002033606736083764,0.0029701605012753553,0.0007425401253188388
1820,data/specific_humidity/weather,0.25,0.25,0.13590024754280036,0.03397506188570009,0.00743255925728359,0.0018581398143208976
1820,data/specific_cloud_ice_water_content/upper,4.0,4.0,7.599367523729802e-09,3.039747009491921e-08,1.5760705953510362e-08,6.304282381404145e-08
1820,data/specific_cloud_ice_water_content/weather,0.6005059196578512,0.6165763090223376,0.007021784084429153,0.004216622909258991,0.0006342530917744284,0.00038087273617183864
1820,data/specific_cloud_liquid_water_content/upper,4.0,4.0,5.727308974533757e-09,2.290923589813503e-08,1.8794157301872537e-08,7.517662920749015e-08
1820,data/specific_cloud_liquid_water_content/weather,0.8353067111272982,0.8009405403819154,0.007426636222386315,0.006203519077660374,0.0006799401718013231,0.0005679585886706933
1820,model/vorticity,3.603436991263705,3.6371438247792116,0.015135662446246832,0.05454040594608674,0.00011764312982618283,0.00042391960578370573
1820,model/divergence,2.946659995150915,2.948857245181602,0.015392036652397923,0.04535509864751757,0.0001517145111499873,0.000447051080689545
1820,model/temperature_variation,0.25,0.25,0.015019527274314277,0.0037548818185785694,0.002627923819419068,0.000656980954854767
1820,model/specific_humidity,0.25,0.25,0.013957417729234551,0.0034893544323086377,0.0033484656623775917,0.0008371164155943979
1820,model/specific_cloud_ice_water_content,0.2777042934911787,0.2645363909428007,0.014607137841764666,0.004056464894275517,0.002105857946631678,0.0005848057932621345
1820,model/specific_cloud_liquid_water_content,0.5386312295161004,0.5260722163261651,0.014836509328374381,0.007991407261269387,0.0009578459029260621,0.0005159257163800242
1820,model/log_surface_pressure,1.0,1.0,0.0,0.0,0.0,0.0
1840,data/temperature/upper,0.25,0.25,0.00816101909049967,0.0020402547726249176,0.002367732490448372,0.000591933122612093
1840,data/temperature/weather,0.25,0.25,0.18264580613198686,0.045661451532996715,0.021365331569755973,0.005341332892438993
1840,data/geopotential/upper,0.2878046901268001,0.29712365313650463,0.008697572364670359,0.0025032021192693725,0.0017902798266301197,0.000515250930743543
1840,data/geopotential/weather,0.25,0.25,0.18731632784968447,0.04682908196242112,0.11649442430963672,0.02912360607740918
1840,data/u_component_of_wind/upper,0.25,0.25,0.007900376552342384,0.001975094138085596,0.005887059752819523,0.0014717649382048807
1840,data/u_component_of_wind/weather,0.25,0.25,0.18194269756693224,0.04548567439173306,0.023149904576445827,0.005787476144111457
1840,data/v_component_of_wind/upper,0.41806878323917435,0.4220567938425522,0.001710157466575709,0.0007149634511986956,0.0013778523924861587,0.0005760370732098737
1840,data/v_component_of_wind/weather,0.25,0.25,0.18561588165299955,0.04640397041324989,0.022106950427621248,0.005526737606905312
1840,data/specific_humidity/upper,0.25,0.25,0.006668049302921855,0.0016670123257304637,0.00258299775220261,0.0006457494380506525
1840,data/specific_humidity/weather,0.25,0.25,0.169970100666762,0.0424925251666905,0.01525352226218151,0.0038133805655453774
1840,data/specific_cloud_ice_water_content/upper,4.0,4.0,7.049712416587948e-09,2.819884966635179e-08,1.1767067041136806e-08,4.706826816454722e-08
1840,data/specific_cloud_ice_water_content/weather,0.6165763090223376,0.592158569681206,0.008063662390125063,0.0049718631937055524,0.0011588909434210645,0.0007145447004539747
1840,data/specific_cloud_liquid_water_content/upper,4.0,4.0,5.569327083436884e-09,2.2277308333747535e-08,1.5542907535791034e-08,6.217163014316414e-08
1840,data/specific_cloud_liquid_water_content/weather,0.8009405403819154,0.8376650095552621,0.007515272817701754,0.006019286671727563,0.000596605732556409,0.0004778457178286788
1840,model/vorticity,3.6371438247792116,3.560091528523981,0.01722962192832669,0.06266661299989391,0.00018231777533110068,0.0006631159706929965
1840,model/divergence,2.948857245181602,2.9918348119827933,0.01766971845095391,0.052105477274414475,0.00019053901396344806,0.0005618723518158723
1840,model/temperature_variation,0.25,0.25,0.01876553704731234,0.004691384261828085,0.004453613522204099,0.0011134033805510247
1840,model/specific_humidity,0.25,0.25,0.017686106795376105,0.004421526698844026,0.003192503885881829,0.0007981259714704573
1840,model/specific_cloud_ice_water_content,0.2645363909428007,0.2560133431876112,0.01563733485019697,0.004136644125235188,0.0026347002715327865,0.0006969741010473004
1840,model/specific_cloud_liquid_water_content,0.5260722163261651,0.5430562900900887,0.01531211303314406,0.008055277239982853,0.0009768185534243098,0.0005138771013484452
1840,model/log_surface_pressure,1.0,1.0,0.0,0.0,0.0,0.0
1860,data/temperature/upper,0.25,0.25,0.008797324315472865,0.0021993310788682163,0.0026748239952859494,0.0006687059988214873
1860,data/temperature/weather,0.25,0.25,0.1690314988771643,0.04225787471929107,0.019253628357292246,0.0048134070893230615
1860,data/geopotential/upper,0.29712365313650463,0.29160632447268175,0.008758253393142635,0.0026022842432657273,0.0017006099265332868,0.0005052914339317729
1860,data/geopotential/weather,0.25,0.25,0.16445628710378596,0.04111407177594649,0.0750843676015467,0.018771091900386675
1860,data/u_component_of_wind/upper,0.25,0.25,0.008842758944989723,0.0022106897362474307,0.005030758052368083,0.0012576895130920207
1860,data/u_component_of_wind/weather,0.25,0.25,0.16516902793166263,0.04129225698291566,0.022463056469616292,0.005615764117404073
1860,data/v_component_of_wind/upper,0.4220567938425522,0.4265127672135116,0.0016206546470988782,0.0006840083042805854,0.001017458710186518,0.0004294253610885003
1860,data/v_component_of_wind/weather,0.25,0.25,0.16721086604484817,0.04180271651121204,0.01714968221588098,0.004287420553970245
1860,data/specific_humidity/upper,0.25,0.25,0.008821890630058263,0.002205472657514566,0.002923606620895199,0.0007309016552237998
1860,data/specific_humidity/weather,0.25,0.25,0.17208857781302778,0.043022144453256944,0.012237712595204535,0.0030594281488011336
1860,data/specific_cloud_ice_water_content/upper,4.0,4.0,7.061773428961875e-09,2.82470937158475e-08,1.5812862637812428e-08,6.325145055124971e-08
1860,data/specific_cloud_ice_water_content/weather,0.592158569681206,0.5959345880905039,0.008310942780930284,0.004921395989858021,0.0007427383423622335,0.00043981887446061
1860,data/specific_cloud_liquid_water_content/upper,4.0,4.0,5.511179330270957e-09,2.204471732108383e-08,2.1896920401515142e-08,8.758768160606057e-08
1860,data/specific_cloud_liquid_water_content/weather,0.8376650095552621,0.8620790816766364,0.007679849432439454,0.00643314114820737,0.00044940940239023854,0.0003764545313474438
1860,model/vorticity,3.560091528523981,3.6153362210521824,0.015754634163438426,0.05608793962025164,0.00011489979988559682,0.0004090538042018139
1860,model/divergence,2.9918348119827933,2.9145912598527497,0.016324521956897948,0.048840273079624755,0.0001755460126054924,0.0005252046716178824
1860,model/temperature_variation,0.25,0.25,0.017383497097800352,0.004345874274450088,0.004337782709444592,0.001084445677361148
1860,model/specific_humidity,0.25,0.25,0.017020981988711114,0.0042552454971777785,0.003486398434066034,0.0008715996085165085
1860,model/specific_cloud_ice_water_content,0.2560133431876112,0.25,0.015376577499429792,0.00393660901241242,0.0020671111919069217,0.0005292080469806188
1860,model/specific_cloud_liquid_water_content,0.5430562900900887,0.5439397576417251,0.015091429566197379,0.008195495752375026,0.0008297776161032007,0.000450615953800802
1860,model/log_surface_pressure,1.0,1.0,0.0,0.0,0.0,0.0
1880,data/temperature/upper,0.25,0.25,0.008268642198873136,0.002067160549718284,0.0026845035365727346,0.0006711258841431836
1880,data/temperature/weather,0.25,0.25,0.14655574429478666,0.036638936073696664,0.019349410942277673,0.004837352735569418
1880,data/geopotential/upper,0.29160632447268175,0.27900036720423255,0.008718987873141034,0.002542512006808542,0.001803043053176782,0.0005257787576028835
1880,data/geopotential/weather,0.25,0.25,0.13285512053370183,0.033213780133425456,0.07434904776256565,0.018587261940641413
1880,data/u_component_of_wind/upper,0.25,0.25,0.01137799022061944,0.00284449755515486,0.009572328587965081,0.0023930821469912702
1880,data/u_component_of_wind/weather,0.25,0.25,0.14466321329281107,0.036165803323202766,0.022551515965307262,0.005637878991326816
1880,data/v_component_of_wind/upper,0.4265127672135116,0.38361331886117306,0.001556973612434245,0.0006640691239177474,0.001629147419896551,0.0006948521742588307
1880,data/v_component_of_wind/weather,0.25,0.25,0.14572341919396112,0.03643085479849028,0.01583954923291987,0.003959887308229967
1880,data/specific_humidity/upper,0.25,0.25,0.00832985830589411,0.0020824645764735274,0.0029311671890011135,0.0007327917972502784
1880,data/specific_humidity/weather,0.25,0.25,0.1321642799554498,0.03304106998886245,0.008805382432826424,0.002201345608206606
1880,data/specific_cloud_ice_water_content/upper,4.0,4.0,7.174976539770404e-09,2.8699906159081617e-08,1.238109600984476e-08,4.952438403937904e-08
1880,data/specific_cloud_ice_water_content/weather,0.5959345880905039,0.5928966335440932,0.006553820163633873,0.003905648119634391,0.00069509293012679,0.00041422991899973
1880,data/specific_cloud_liquid_water_content/upper,4.0,4.0,6.10029653017759e-09,2.440118612071036e-08,2.1012891112071613e-08,8.405156444828645e-08
1880,data/specific_cloud_liquid_water_content/weather,0.8620790816766364,0.8796833707156325,0.00682697391911672,0.005885391406822489,0.00040677111964043444,0.0003506688732722029
1880,model/vorticity,3.6153362210521824,3.672457746111597,0.015076220115952981,0.05450560466176035,0.00010043843296282216,0.0003631187046762124
1880,model/divergence,2.9145912598527497,2.876181457003407,0.015727241290663326,0.04583848000736261,0.00015138033639089447,0.0004412118053584702
1880,model/temperature_variation,0.25,0.25,0.01603075358704838,0.004007688396762095,0.00757515519134978,0.001893788797837445
1880,model/specific_humidity,0.25,0.25,0.014138194282843908,0.003534548570710977,0.004704096040542323,0.0011760240101355806
1880,model/specific_cloud_ice_water_content,0.25,0.2637818195842338,0.014341264602208442,0.0035853161505521106,0.0010260797331957245,0.0002565199332989311
1880,model/specific_cloud_liquid_water_content,0.5439397576417251,0.5523852869756298,0.013811598960215535,0.0075126777910643405,0.000666467343583423,0.00036251808534489146
1880,model/log_surface_pressure,1.0,1.0,0.0,0.0,0.0,0.0
1900,data/temperature/upper,0.25,0.25,0.007849179328309265,0.001962294832077316,0.0028333630434901258,0.0007083407608725314
1900,data/temperature/weather,0.25,0.25,0.16191679493716027,0.04047919873429007,0.027619403580387725,0.006904850895096931
1900,data/geopotential/upper,0.27900036720423255,0.27139716485429216,0.008741285682539235,0.0024388219152655473,0.0018092844741467767,0.0005047910326638675
1900,data/geopotential/weather,0.25,0.25,0.16556163982337696,0.04139040995584424,0.13574125678762505,0.03393531419690626
1900,data/u_component_of_wind/upper,0.25,0.25,0.00784822189272784,0.00196205547318196,0.00894458897152896,0.00223614724288224
1900,data/u_component_of_wind/weather,0.25,0.25,0.16458273345359709,0.04114568336339927,0.02826787756383236,0.00706696939095809
1900,data/v_component_of_wind/upper,0.38361331886117306,0.399433679214174,0.0017501602643394357,0.0006713847875421989,0.0008605176735759827,0.0003301060406991783
1900,data/v_component_of_wind/weather,0.25,0.25,0.16478973234240815,0.04119743308560204,0.02108969212577085,0.005272423031442712
1900,data/specific_humidity/upper,0.25,0.25,0.009534120766293399,0.0023835301915733497,0.003168332847724947,0.0007920832119312367
1900,data/specific_humidity/weather,0.25,0.25,0.1553502841479877,0.03883757103699693,0.009939857229743323,0.002484964307435831
1900,data/specific_cloud_ice_water_content/upper,4.0,4.0,7.245643024503241e-09,2.8982572098012963e-08,1.6340083963513228e-08,6.536033585405291e-08
1900,data/specific_cloud_ice_water_content/weather,0.5928966335440932,0.563982453332379,0.008135724328287542,0.004823643565684462,0.0009654173324455356,0.0005723926863720767
1900,data/specific_cloud_liquid_water_content/upper,4.0,4.0,6.141994525380676e-09,2.4567978101522704e-08,2.458934169736578e-08,9.835736678946312e-08
1900,data/specific_cloud_liquid_water_content/weather,0.8796833707156325,0.8825378026337077,0.007523263036114375,0.006618089386389417,0.00048539730390390377,0.0004269959364344663
1900,model/vorticity,3.672457746111597,3.6925392495868024,0.016227536371462695,0.05959494164768585,0.00011415952664699538,0.00041924603792719146
1900,model/divergence,2.876181457003407,2.889107801557981,0.016354101901661165,0.047037364635501996,0.00014662376832744986,0.00042171656361937474
1900,model/temperature_variation,0.25,0.25,0.01664102761925253,0.004160256904813133,0.00268908445517287,0.0006722711137932175
1900,model/specific_humidity,0.25,0.25,0.01582377318636187,0.003955943296590467,0.004095727891323292,0.001023931972830823
1900,model/specific_cloud_ice_water_content,0.2637818195842338,0.2754248798520756,0.015031780765593247,0.0039651104819394736,0.001225329982381087,0.00032321977234360023
1900,model/specific_cloud_liquid_water_content,0.5523852869756298,0.5255769689685936,0.015081690123143766,0.00833090372675029,0.001028713089661645,0.0005682459752483346
1900,model/log_surface_pressure,1.0,1.0,0.0,0.0,0.0,0.0
1920,data/temperature/upper,0.25,0.25,0.007027542444633556,0.001756885611158389,0.002315593645723518,0.0005788984114308795
1920,data/temperature/weather,0.25,0.25,0.16497247174977842,0.041243117937444604,0.017926724032332378,0.0044816810080830945
1920,data/geopotential/upper,0.27139716485429216,0.2737963399969209,0.008687594229499912,0.0023577884432907847,0.0017468625761010272,0.00047409355054388395
1920,data/geopotential/weather,0.25,0.25,0.16180396292775087,0.04045099073193772,0.06565710839613488,0.01641427709903372
1920,data/u_component_of_wind/upper,0.25,0.25,0.007961392512176414,0.0019903481280441034,0.006976665363715586,0.0017441663409288966
1920,data/u_component_of_wind/weather,0.25,0.25,0.16459531518524326,0.041148828796310814,0.023536748358047862,0.0058841870895119655
1920,data/v_component_of_wind/upper,0.399433679214174,0.40830327388439436,0.001459338216958115,0.0005829088332174324,0.0011060227365457715,0.0004417827309530066
1920,data/v_component_of_wind/weather,0.25,0.25,0.16647624401109945,0.04161906100277486,0.018828344397802118,0.0047070860994505295
1920,data/specific_humidity/upper,0.25,0.25,0.007704997510155151,0.0019262493775387877,0.0028991125461782265,0.0007247781365445566
1920,data/specific_humidity/weather,0.25,0.25,0.17371265961759114,0.043428164904397784,0.01354953828352926,0.003387384570882315
1920,data/specific_cloud_ice_water_content/upper,4.0,4.0,7.2339236269416374e-09,2.893569450776655e-08,1.8390625893542443e-08,7.356250357416977e-08
1920,data/specific_cloud_ice_water_content/weather,0.563982453332379,0.5521000912011682,0.007848677702279533,0.00442651650594675,0.0009932055040036455,0.0005601504768111979
1920,data/specific_cloud_liquid_water_content/upper,4.0,4.0,5.270548982357231e-09,2.1082195929428923e-08,1.6290814833146716e-08,6.516325933258686e-08
1920,data/specific_cloud_liquid_water_content/weather,0.8825378026337077,0.8691363100849103,0.007483600208446957,0.006604560083751934,0.0006108885112806933,0.00053913220439984
1920,model/vorticity,3.6925392495868024,3.7469879669554196,0.01633403865171273,0.060314078825717155,0.0001243707449178319,0.00045924385710944263
1920,model/divergence,2.889107801557981,2.8535160266849178,0.016231442639015707,0.04689438755892114,0.00018346062446560914,0.0005300375214222903
1920,model/temperature_variation,0.25,0.25,0.016997186889168715,0.004249296722292179,0.006942161118050853,0.0017355402795127131
1920,model/specific_humidity,0.25,0.25,0.017127154816484597,0.004281788704121149,0.0067870708096954705,0.0016967677024238676
1920,model/specific_cloud_ice_water_content,0.2754248798520756,0.280869254697911,0.014944660899283896,0.004116131432615279,0.0016211059399638026,0.0004464929087420164
1920,model/specific_cloud_liquid_water_content,0.5255769689685936,0.5152907364943482,0.015080477880675623,0.007925951855123414,0.0010496468877564465,0.0005516702297543507
1920,model/log_surface_pressure,1.0,1.0,0.0,0.0,0.0,0.0
1940,data/temperature/upper,0.25,0.25,0.0080754065273386,0.00201885163183465,0.002137996890803319,0.0005344992227008298
1940,data/temperature/weather,0.25,0.25,0.17182812214857146,0.042957030537142865,0.028074361406741577,0.007018590351685394
1940,data/geopotential/upper,0.2737963399969209,0.2875578109802841,0.00854674458547313,0.0023400673863910437,0.001905941810607391,0.0005218398919914082
1940,data/geopotential/weather,0.25,0.25,0.16652247543759743,0.04163061885939936,0.15938732911745782,0.039846832279364454
1940,data/u_component_of_wind/upper,0.25,0.25,0.01062521204520884,0.00265630301130221,0.007547725806300292,0.001886931451575073
1940,data/u_component_of_wind/weather,0.25,0.25,0.1765126496547805,0.044128162413695125,0.04973910233037175,0.012434775582592938
1940,data/v_component_of_wind/upper,0.40830327388439436,0.4553752548731017,0.0014757621340248921,0.0006025585107969838,0.0008846189883389925,0.0003611928290791115
1940,data/v_component_of_wind/weather,0.25,0.25,0.17522709347119436,0.04380677336779859,0.023993453214529267,0.005998363303632317
1940,data/specific_humidity/upper,0.25,0.25,0.006684081132461596,0.001671020283115399,0.0026566074729266627,0.0006641518682316657
1940,data/specific_humidity/weather,0.25,0.25,0.15960898347787764,0.03990224586946941,0.012800348702709576,0.003200087175677394
1940,data/specific_cloud_ice_water_content/upper,4.0,4.0,8.29316979190238e-09,3.317267916760952e-08,1.6621647324075284e-08,6.648658929630113e-08
1940,data/specific_cloud_ice_water_content/weather,0.5521000912011682,0.5617227270417313,0.009673486805833655,0.005340732947734059,0.0010988786877052254,0.000606691023701075
1940,data/specific_cloud_liquid_water_content/upper,4.0,4.0,6.665679315345646e-09,2.6662717261382583e-08,2.2377154563314168e-08,8.950861825325667e-08
1940,data/specific_cloud_liquid_water_content/weather,0.8691363100849103,0.7389642072819482,0.00823547787853156,0.0071577528551328255,0.0013236551061169886,0.00115043671475557
1940,model/vorticity,3.7469879669554196,3.687725748160178,0.017401928044307995,0.06520481498384612,0.00018720956701225304,0.0007014719948938464
1940,model/divergence,2.8535160266849178,2.971352941423887,0.017569486056343574,0.050134810042393584,0.00019041797826755262,0.0005433607527554017
1940,model/temperature_variation,0.25,0.25,0.017953336683911643,0.004488334170977911,0.007391595340958466,0.0018478988352396166
1940,model/specific_humidity,0.25,0.25,0.016961813272505573,0.004240453318126393,0.005468362515301947,0.0013670906288254867
1940,model/specific_cloud_ice_water_content,0.280869254697911,0.2723999648195979,0.01633576397471157,0.004588213852498224,0.0026467608674391446,0.000743393752201229
1940,model/specific_cloud_liquid_water_content,0.5152907364943482,0.5249013454192708,0.015543762020048651,0.008009556579203747,0.0011670236004976927,0.0006013564506067421
1940,model/log_surface_pressure,1.0,1.0,0.0,0.0,0.0,0.0
1960,data/temperature/upper,0.25,0.25,0.008274599473947509,0.002068649868486877,0.0027814069753898333,0.0006953517438474583
1960,data/temperature/weather,0.25,0.25,0.1634317280555957,0.04085793201389892,0.03094208801333366,0.007735522003333415
1960,data/geopotential/upper,0.2875578109802841,0.2915875024226684,0.008810030691190964,0.002533393140227993,0.001934425731121839,0.0005562592287453317
1960,data/geopotential/weather,0.25,0.25,0.15639309160128342,0.039098272900320856,0.08077797607167214,0.020194494017918035
1960,data/u_component_of_wind/upper,0.25,0.25,0.006466658198965285,0.0016166645497413213,0.004255840273988527,0.0010639600684971317
1960,data/u_component_of_wind/weather,0.25,0.25,0.16708687123814034,0.041771717809535085,0.022866814173296304,0.005716703543324076
1960,data/v_component_of_wind/upper,0.4553752548731017,0.44042344280214474,0.0017894271823539723,0.0008148608592412964,0.0015522538504646167,0.0007068579927830784
1960,data/v_component_of_wind/weather,0.25,0.25,0.16688035015269506,0.041720087538173765,0.024748123757313646,0.0061870309393284115
1960,data/specific_humidity/upper,0.25,0.25,0.007126306290706303,0.0017815765726765756,0.002731784924212929,0.0006829462310532322
1960,data/specific_humidity/weather,0.25,0.25,0.14628838716790662,0.036572096791976656,0.012472775499342136,0.003118193874835534
1960,data/specific_cloud_ice_water_content/upper,4.0,4.0,7.811197286910424e-09,3.1244789147641696e-08,1.5405635875029827e-08,6.16225435001193e-08
1960,data/specific_cloud_ice_water_content/weather,0.5617227270417313,0.5744304268276236,0.00843678372109431,0.004739133159274381,0.0009428028123713081,0.000529593766827825
1960,data/specific_cloud_liquid_water_content/upper,4.0,4.0,6.36780057666079e-09,2.547120230664316e-08,2.3462157136781956e-08,9.384862854712783e-08
1960,data/specific_cloud_liquid_water_content/weather,0.7389642072819482,0.7615958647845678,0.006896374454819741,0.005096173882125348,0.0006886717124047783,0.0005089037460346988
1960,model/vorticity,3.687725748160178,3.5629009141862054,0.016030984496063702,0.05911787429449073,0.00018974185454802904,0.0006997159225204301
1960,model/divergence,2.971352941423887,3.0569410027853703,0.017057263238320037,0.05068314929582377,0.00017376130836580027,0.0005163061747183837
1960,model/temperature_variation,0.25,0.25,0.01705742483279001,0.004264356208197502,0.0038571259916788344,0.0009642814979197086
1960,model/specific_humidity,0.25,0.25,0.015478242374828002,0.0038695605937070004,0.003995581018204522,0.0009988952545511305
1960,model/specific_cloud_ice_water_content,0.2723999648195979,0.29367892043128613,0.015463713468631146,0.0042123150048354666,0.0014153409054760758,0.0003855388128594209
1960,model/specific_cloud_liquid_water_content,0.5249013454192708,0.5184419257601255,0.013987428591188658,0.007342020086470903,0.0012063933843558864,0.0006332375105533122
1960,model/log_surface_pressure,1.0,1.0,0.0,0.0,0.0,0.0
1980,data/temperature/upper,0.25,0.25,0.007460696278182753,0.0018651740695456883,0.002861935815665442,0.0007154839539163604
1980,data/temperature/weather,0.25,0.25,0.1691528482578447,0.04228821206446118,0.025800952783679467,0.006450238195919867
1980,data/geopotential/upper,0.2915875024226684,0.28404651534177494,0.008676903996134059,0.002530076764994001,0.0018877444000105503,0.000550442674811455
1980,data/geopotential/weather,0.25,0.25,0.16084431130909246,0.040211077827273116,0.1351910880507211,0.03379777201268028
1980,data/u_component_of_wind/upper,0.25,0.25,0.008082344441889244,0.002020586110472311,0.0032035392402556596,0.0008008848100639149
1980,data/u_component_of_wind/weather,0.25,0.25,0.1699031887964523,0.042475797199113076,0.031097314192939797,0.007774328548234949
1980,data/v_component_of_wind/upper,0.44042344280214474,0.4479160692064423,0.0015452457758587687,0.0006805624645791902,0.0009522724379073731,0.00041940310558875686
1980,data/v_component_of_wind/weather,0.25,0.25,0.1662283057527594,0.04155707643818985,0.024320681292461826,0.0060801703231154565
1980,data/specific_humidity/upper,0.25,0.25,0.007009460082726253,0.0017523650206815633,0.002655869053147874,0.0006639672632869685
1980,data/specific_humidity/weather,0.25,0.25,0.17559599094877787,0.04389899773719447,0.008761027829761913,0.0021902569574404783
1980,data/specific_cloud_ice_water_content/upper,4.0,4.0,7.129140316507442e-09,2.8516561266029767e-08,1.5226228817391072e-08,6.090491526956429e-08
1980,data/specific_cloud_ice_water_content/weather,0.5744304268276236,0.575103789167797,0.009066878795245122,0.005208291056346985,0.0008175899893750378,0.00046964856656669517
1980,data/specific_cloud_liquid_water_content/upper,4.0,4.0,5.859406287073311e-09,2.3437625148293245e-08,2.233122179880825e-08,8.9324887195233e-08
1980,data/specific_cloud_liquid_water_content/weather,0.7615958647845678,0.7584048465286596,0.007501942060138068,0.005713448050854574,0.0006362989523558661,0.00048460265088098034
1980,model/vorticity,3.5629009141862054,3.620686626433102,0.016922064775069735,0.060291640057014144,0.00012000590020319759,0.0004275691315417112
1980,model/divergence,3.0569410027853703,2.992553666109556,0.017050007195000123,0.05212086609218145,0.000174929396904186,0.0005347488459889224
1980,model/temperature_variation,0.25,0.25,0.017794857064837924,0.004448714266209481,0.008017788041147344,0.002004447010286836
1980,model/specific_humidity,0.25,0.25,0.01714466584693896,0.00428616646173474,0.004939294138605572,0.001234823534651393
1980,model/specific_cloud_ice_water_content,0.29367892043128613,0.2843765392613085,0.016018066797825234,0.004704168564581543,0.0019284069316651818,0.0005663324658436395
1980,model/specific_cloud_liquid_water_content,0.5184419257601255,0.5369119479513639,0.015086347140214678,0.00782139486405866,0.0007225099163117023,0.000374579432393426
1980,model/log_surface_pressure,1.0,1.0,0.0,0.0,0.0,0.0
2000,data/temperature/upper,0.25,0.25,0.00845566949776925,0.0021139173744423125,0.0029209496842779498,0.0007302374210694874
2000,data/temperature/weather,0.25,0.25,0.1741028802648283,0.04352572006620708,0.026120340380604484,0.006530085095151121
2000,data/geopotential/upper,0.28404651534177494,0.27967362747986474,0.00880245166364898,0.0025003057215239027,0.001871814247464621,0.0005316823143594123
2000,data/geopotential/weather,0.25,0.25,0.1772777170064626,0.04431942925161565,0.10820035315944336,0.02705008828986084
2000,data/u_component_of_wind/upper,0.25,0.25,0.006419047918306253,0.0016047619795765632,0.0032674944053037863,0.0008168736013259466
2000,data/u_component_of_wind/weather,0.25,0.25,0.17524329865230281,0.043810824663075704,0.033148114295897986,0.008287028573974497
2000,data/v_component_of_wind/upper,0.4479160692064423,0.4607371971562184,0.0014201791421281386,0.0006361210589110131,0.0009179739382536802,0.00041117527805654584
2000,data/v_component_of_wind/weather,0.25,0.25,0.18081834581307119,0.045204586453267796,0.02536909595822689,0.006342273989556723
2000,data/specific_humidity/upper,0.25,0.25,0.006650208867122804,0.001662552216780701,0.002578732400093033,0.0006446831000232583
2000,data/specific_humidity/weather,0.25,0.25,0.16557241188312796,0.04139310297078199,0.011767285052552819,0.0029418212631382046
2000,data/specific_cloud_ice_water_content/upper,4.0,4.0,7.0327522459055185e-09,2.8131008983622074e-08,1.303867217937089e-08,5.215468871748356e-08
2000,data/specific_cloud_ice_water_content/weather,0.575103789167797,0.5568297700828528,0.008394795797828624,0.004827878872621142,0.001007127481648041,0.0005792028308708093
2000,data/specific_cloud_liquid_water_content/upper,4.0,4.0,6.201988338199082e-09,2.4807953352796327e-08,2.342362463513337e-08,9.369449854053348e-08
2000,data/specific_cloud_liquid_water_content/weather,0.7584048465286596,0.7429046737412505,0.007738085311609216,0.005868601403176662,0.0007179329969055816,0.0005444838643360383
2000,model/vorticity,3.620686626433102,3.7240727786402164,0.01624976826790725,0.05883531865024877,0.00011267849279941859,0.00040797351196549344
2000,model/divergence,2.992553666109556,2.9456159524207717,0.01721237806693158,0.05150896508665981,0.0001775693050385654,0.000531385674781685
2000,model/temperature_variation,0.25,0.25,0.017435625283571177,0.004358906320892794,0.003041210703362606,0.0007603026758406515
2000,model/specific_humidity,0.25,0.25,0.0166232803634767,0.004155820090869175,0.003473683908416848,0.000868420977104212
2000,model/specific_cloud_ice_water_content,0.2843765392613085,0.26890909882124414,0.015890882936214844,0.004518994295207358,0.0022858237256806815,0.0006500346404704629
2000,model/specific_cloud_liquid_water_content,0.5369119479513639,0.5212569016575729,0.015129733661303473,0.008123334772075769,0.0010632820432874325,0.0005708888330831618
2000,model/log_surface_pressure,1.0,1.0,0.0,0.0,0.0,0.0
