run_id,origin,valid_time,lead_hours,field,pressure_hpa,baseline_mse,residual_mse,baseline_bias,residual_bias
k1_w128_d16,2022-01-10T00,2022-01-10T06,6,temperature,1.0,89.33928978430886,61.74721514365619,-5.7118673497126755,-1.486749402547299
k1_w128_d16,2022-01-10T00,2022-01-10T06,6,temperature,2.0,59.87850948198418,108.78277778435601,-4.062185993010345,7.899851056747151
k1_w128_d16,2022-01-10T00,2022-01-10T06,6,temperature,3.0,37.911382172669356,85.54747225268635,-2.618488052682066,7.145531034916612
k1_w128_d16,2022-01-10T00,2022-01-10T06,6,temperature,5.0,21.05307520931379,43.78609034643429,-1.9778210316998082,4.799930371016312
k1_w128_d16,2022-01-10T00,2022-01-10T06,6,temperature,7.0,14.292602960703885,36.38041312711953,-1.4671280155833337,4.531840648735365
k1_w128_d16,2022-01-10T00,2022-01-10T06,6,temperature,10.0,8.440940213689483,25.727501073481182,-0.22256647200443724,4.126770521671646
k1_w128_d16,2022-01-10T00,2022-01-10T06,6,temperature,20.0,4.658658967959686,10.881364106160792,0.709133332606002,-2.1087829894296393
k1_w128_d16,2022-01-10T00,2022-01-10T06,6,temperature,30.0,3.6836546371832872,11.349754385197578,0.8606680365606221,-2.452689579151519
k1_w128_d16,2022-01-10T00,2022-01-10T06,6,geopotential,1.0,923852117.0954685,7128136.9692497635,-30177.173700653217,-207.4355540661491
k1_w128_d16,2022-01-10T00,2022-01-10T06,6,geopotential,2.0,431586148.5692928,3079923.941950595,-20620.089053250966,117.22072759170405
k1_w128_d16,2022-01-10T00,2022-01-10T06,6,geopotential,3.0,244622602.28649235,1804768.2681491794,-15528.189354605434,-370.91768304345237
k1_w128_d16,2022-01-10T00,2022-01-10T06,6,geopotential,5.0,91835769.12398604,950965.2172213374,-9506.245032709485,287.5743144295798
k1_w128_d16,2022-01-10T00,2022-01-10T06,6,geopotential,7.0,36582616.22086151,640661.162377737,-5991.840225809175,313.0540721041306
k1_w128_d16,2022-01-10T00,2022-01-10T06,6,geopotential,10.0,7811601.830148267,509665.8289602654,-2739.2156474842404,366.0477960259499
k1_w128_d16,2022-01-10T00,2022-01-10T06,6,geopotential,20.0,1909855.7770481836,346675.9192833427,1351.3715233653627,465.633848654899
k1_w128_d16,2022-01-10T00,2022-01-10T06,6,geopotential,30.0,3259324.9969791714,190797.10378889466,1789.4855176068695,292.17066434810965
k1_w128_d16,2022-01-10T00,2022-01-10T06,6,geopotential,500.0,641.599349784635,16079.060783789419,-4.175347226341925,-10.75137761828413
k1_w128_d16,2022-01-10T00,2022-01-10T06,6,u_component_of_wind,1.0,382.749328270771,426.95530188347317,3.3302375418077146,-1.577181710645259
k1_w128_d16,2022-01-10T00,2022-01-10T06,6,u_component_of_wind,2.0,207.51971121233458,234.64037066321197,2.228458525625705,4.446961214272349
k1_w128_d16,2022-01-10T00,2022-01-10T06,6,u_component_of_wind,3.0,140.41616298622733,152.00776235611733,-2.3769101172000155,0.7915381979178482
k1_w128_d16,2022-01-10T00,2022-01-10T06,6,u_component_of_wind,5.0,113.38197627400292,140.34394472050306,-1.4657750570935648,1.7503363604245998
k1_w128_d16,2022-01-10T00,2022-01-10T06,6,u_component_of_wind,7.0,113.71615298581136,124.67429658221651,-4.206927682838163,-0.5074363543547225
k1_w128_d16,2022-01-10T00,2022-01-10T06,6,u_component_of_wind,10.0,130.34960280462417,171.59009590645525,-5.466893102216539,-3.019917424175331
k1_w128_d16,2022-01-10T00,2022-01-10T06,6,u_component_of_wind,20.0,26.42220657441841,79.30168003935617,1.061898670375824,6.062224365134313
k1_w128_d16,2022-01-10T00,2022-01-10T06,6,u_component_of_wind,30.0,23.308993905000523,45.42992200485003,1.4870298877588524,3.8750159650776848
k1_w128_d16,2022-01-10T00,2022-01-10T06,6,v_component_of_wind,1.0,149.06522704220762,168.2393460223038,-0.8917889354565263,3.851947028686687
k1_w128_d16,2022-01-10T00,2022-01-10T06,6,v_component_of_wind,2.0,89.98675052721575,88.51592920622278,-0.14718412439191142,0.6215863144922462
k1_w128_d16,2022-01-10T00,2022-01-10T06,6,v_component_of_wind,3.0,49.34519299242299,55.82799452932607,0.6128838447042947,-0.35572137647075336
k1_w128_d16,2022-01-10T00,2022-01-10T06,6,v_component_of_wind,5.0,31.037008986804203,38.18855047048763,-0.007898245981710579,-0.3301168494849629
k1_w128_d16,2022-01-10T00,2022-01-10T06,6,v_component_of_wind,7.0,22.899280762652715,30.824453665107526,-0.4908748077601217,-1.8043741480969735
k1_w128_d16,2022-01-10T00,2022-01-10T06,6,v_component_of_wind,10.0,17.95805499443876,27.352921971738688,-0.4803375258050302,-2.7217250379880937
k1_w128_d16,2022-01-10T00,2022-01-10T06,6,v_component_of_wind,20.0,9.393729523517536,23.20826653795942,-0.43575631605512133,-3.4639275219663412
k1_w128_d16,2022-01-10T00,2022-01-10T06,6,v_component_of_wind,30.0,6.675609390935586,24.482049405584416,0.06652008847079613,3.776791895552434
k1_w128_d16,2022-01-10T00,2022-01-10T06,6,specific_humidity,1.0,7.767166198073684e-13,1.502497209534582e-13,-8.646838596977937e-07,-3.3195916570628747e-07
k1_w128_d16,2022-01-10T00,2022-01-10T06,6,specific_humidity,2.0,4.046454854924205e-13,2.5798350519873815e-14,-6.185740502799535e-07,-8.160530448841697e-08
k1_w128_d16,2022-01-10T00,2022-01-10T06,6,specific_humidity,3.0,3.141760732146799e-13,2.340806289825645e-14,-5.344829281894991e-07,-1.9012872619152064e-09
k1_w128_d16,2022-01-10T00,2022-01-10T06,6,specific_humidity,5.0,2.1472346756620468e-13,4.5109800939642435e-14,-4.236500599448249e-07,1.2746458312383993e-07
k1_w128_d16,2022-01-10T00,2022-01-10T06,6,specific_humidity,7.0,1.488836675802281e-13,6.308024420636678e-14,-3.4388871028706436e-07,1.9776918666165292e-07
k1_w128_d16,2022-01-10T00,2022-01-10T06,6,specific_humidity,10.0,7.462593120032037e-14,1.1324695567849696e-13,-2.3243175447786124e-07,3.1287111914732323e-07
k1_w128_d16,2022-01-10T00,2022-01-10T06,6,specific_humidity,20.0,1.0744734938384138e-14,1.543650092075518e-13,-2.0461754306081638e-08,3.8160297267247085e-07
k1_w128_d16,2022-01-10T00,2022-01-10T06,6,specific_humidity,30.0,7.387388342879905e-15,3.4477563945569827e-14,3.605883264871567e-08,1.6183627655965684e-07
k1_w128_d16,2022-01-10T00,2022-01-10T06,6,specific_cloud_ice_water_content,1.0,2.0685004352468373e-12,2.5765956545387215e-12,6.238629704766226e-07,2.1859351180526197e-07
k1_w128_d16,2022-01-10T00,2022-01-10T06,6,specific_cloud_ice_water_content,2.0,2.027716723254796e-12,2.5505972395408586e-12,5.850281516041546e-07,1.5756376759289855e-07
k1_w128_d16,2022-01-10T00,2022-01-10T06,6,specific_cloud_ice_water_content,3.0,2.0229075345536967e-12,2.5393815212985203e-12,5.72856012505721e-07,1.6627033575017268e-07
k1_w128_d16,2022-01-10T00,2022-01-10T06,6,specific_cloud_ice_water_content,5.0,1.9996778933935833e-12,2.5327955147513167e-12,5.587407108736197e-07,1.2245824591808968e-07
k1_w128_d16,2022-01-10T00,2022-01-10T06,6,specific_cloud_ice_water_content,7.0,2.0123540503163836e-12,2.565316351344286e-12,5.672149393913982e-07,2.0002539927796504e-07
k1_w128_d16,2022-01-10T00,2022-01-10T06,6,specific_cloud_ice_water_content,10.0,2.037848553035611e-12,2.54593979646147e-12,5.981833098108302e-07,1.7682727729809726e-07
k1_w128_d16,2022-01-10T00,2022-01-10T06,6,specific_cloud_ice_water_content,20.0,1.48755210444765e-12,1.918688248471962e-12,3.564915626472014e-07,-1.7458040958631628e-07
k1_w128_d16,2022-01-10T00,2022-01-10T06,6,specific_cloud_ice_water_content,30.0,9.941403817327904e-13,1.8251025140729217e-12,-1.1082093354429346e-07,-6.785866129624202e-07
k1_w128_d16,2022-01-10T00,2022-01-10T06,6,specific_cloud_liquid_water_content,1.0,7.757208555339974e-12,2.373942015553655e-11,8.575659972407154e-07,6.049310600536828e-08
k1_w128_d16,2022-01-10T00,2022-01-10T06,6,specific_cloud_liquid_water_content,2.0,7.768033252963407e-12,2.378567121452605e-11,8.814226926456403e-07,2.712485442239073e-07
k1_w128_d16,2022-01-10T00,2022-01-10T06,6,specific_cloud_liquid_water_content,3.0,7.698124016419846e-12,2.392282267928371e-11,8.389064266073973e-07,3.673272182944663e-07
k1_w128_d16,2022-01-10T00,2022-01-10T06,6,specific_cloud_liquid_water_content,5.0,7.755120571576993e-12,2.3936098373628665e-11,8.735207078024945e-07,4.2311622413686544e-07
k1_w128_d16,2022-01-10T00,2022-01-10T06,6,specific_cloud_liquid_water_content,7.0,7.830635752254065e-12,2.3770878917794667e-11,9.127986828439538e-07,2.678949977691097e-07
k1_w128_d16,2022-01-10T00,2022-01-10T06,6,specific_cloud_liquid_water_content,10.0,7.71015543619863e-12,2.3647653328169904e-11,8.475489957015011e-07,2.0737948004195173e-07
k1_w128_d16,2022-01-10T00,2022-01-10T06,6,specific_cloud_liquid_water_content,20.0,5.881784767208988e-12,1.982604101019973e-11,8.065658581164909e-07,-1.0373329610254608e-06
k1_w128_d16,2022-01-10T00,2022-01-10T06,6,specific_cloud_liquid_water_content,30.0,3.815310592419541e-12,2.005139955730282e-11,7.231624994069726e-07,-2.5656889329408435e-06
k1_w128_d16,2022-01-10T06,2022-01-10T12,6,temperature,1.0,93.78922602578669,62.54409274929649,-5.975487443253258,-1.660833381298417
k1_w128_d16,2022-01-10T06,2022-01-10T12,6,temperature,2.0,60.4835843891438,108.35816360682658,-4.071937830597122,7.913645258893167
k1_w128_d16,2022-01-10T06,2022-01-10T12,6,temperature,3.0,38.180644060454505,88.28836344883983,-2.3446659209315337,7.389475895170592
k1_w128_d16,2022-01-10T06,2022-01-10T12,6,temperature,5.0,21.360983641640452,45.0299525286912,-1.81076124612015,4.955038782181392
k1_w128_d16,2022-01-10T06,2022-01-10T12,6,temperature,7.0,15.185788425355014,36.52472136577846,-1.418445208462932,4.591603585117189
k1_w128_d16,2022-01-10T06,2022-01-10T12,6,temperature,10.0,8.02794643616786,25.809596460089566,-0.2251098047081976,4.095232957138689
k1_w128_d16,2022-01-10T06,2022-01-10T12,6,temperature,20.0,4.1491239182976045,10.649657540703599,0.7134882458393466,-2.1674212890510343
k1_w128_d16,2022-01-10T06,2022-01-10T12,6,temperature,30.0,3.5872640014249644,11.674346880031216,0.8664315954685976,-2.561887984880161
k1_w128_d16,2022-01-10T06,2022-01-10T12,6,geopotential,1.0,923416052.9589018,7222197.97746921,-30179.07673872254,-14.634403774542776
k1_w128_d16,2022-01-10T06,2022-01-10T12,6,geopotential,2.0,430499372.99126714,3079333.804106381,-20594.257653973902,262.72270987619584
k1_w128_d16,2022-01-10T06,2022-01-10T12,6,geopotential,3.0,244354505.3851617,1633640.4444433004,-15516.89925785405,-279.29013819963313
k1_w128_d16,2022-01-10T06,2022-01-10T12,6,geopotential,5.0,92430288.80202934,875154.6712675983,-9534.958412778928,306.1496789832694
k1_w128_d16,2022-01-10T06,2022-01-10T12,6,geopotential,7.0,37075323.027193606,587476.3933242417,-6029.033287145138,300.71176179970075
k1_w128_d16,2022-01-10T06,2022-01-10T12,6,geopotential,10.0,8065849.710820613,471285.2996292917,-2778.9474146274274,319.91010256737655
k1_w128_d16,2022-01-10T06,2022-01-10T12,6,geopotential,20.0,1829836.2361698304,306093.67249663186,1316.6390827020973,393.3538937197836
k1_w128_d16,2022-01-10T06,2022-01-10T12,6,geopotential,30.0,3149336.258019588,168321.7728113207,1757.4089549981481,228.97486570849344
k1_w128_d16,2022-01-10T06,2022-01-10T12,6,geopotential,500.0,1336.3230732638099,16675.512409404186,-9.840137905998144,-18.226288216983455
k1_w128_d16,2022-01-10T06,2022-01-10T12,6,u_component_of_wind,1.0,396.5646368896081,455.1235764190011,1.9328784234306395,-2.8817146287709186
k1_w128_d16,2022-01-10T06,2022-01-10T12,6,u_component_of_wind,2.0,216.66386560680243,232.37432290586202,1.9217683845491733,4.147559761001093
k1_w128_d16,2022-01-10T06,2022-01-10T12,6,u_component_of_wind,3.0,154.71998100728604,166.6397828834567,-2.226927804458417,0.8960695262656057
k1_w128_d16,2022-01-10T06,2022-01-10T12,6,u_component_of_wind,5.0,127.33224828971998,146.2218716602885,-1.8011990514615746,1.4691579234641345
k1_w128_d16,2022-01-10T06,2022-01-10T12,6,u_component_of_wind,7.0,130.32238492074882,130.11004123064745,-4.402602757196647,-0.6910746595182689
k1_w128_d16,2022-01-10T06,2022-01-10T12,6,u_component_of_wind,10.0,136.2662721502393,174.56907053459668,-5.529259146625664,-3.156134856047528
k1_w128_d16,2022-01-10T06,2022-01-10T12,6,u_component_of_wind,20.0,27.47160210404608,78.07303760357686,1.2034655216431234,5.908541402877247
k1_w128_d16,2022-01-10T06,2022-01-10T12,6,u_component_of_wind,30.0,26.12367107392703,46.81265603846648,1.6136930273138999,3.7170514867483915
k1_w128_d16,2022-01-10T06,2022-01-10T12,6,v_component_of_wind,1.0,153.219784042033,188.43774016685006,-0.08422656547537771,4.6288359335405005
k1_w128_d16,2022-01-10T06,2022-01-10T12,6,v_component_of_wind,2.0,86.47479013799384,81.65594830586394,-0.37260996808650465,0.38002657211863
k1_w128_d16,2022-01-10T06,2022-01-10T12,6,v_component_of_wind,3.0,52.7408317485,53.39562882328127,0.05280680445797324,-0.9192146374185624
k1_w128_d16,2022-01-10T06,2022-01-10T12,6,v_component_of_wind,5.0,28.207256299307677,34.07984736247401,0.3577880516399353,0.015446997448446364
k1_w128_d16,2022-01-10T06,2022-01-10T12,6,v_component_of_wind,7.0,22.06284269823938,28.726184119735528,-0.13193767290802547,-1.5201583528527234
k1_w128_d16,2022-01-10T06,2022-01-10T12,6,v_component_of_wind,10.0,16.083242102492257,25.107671843108164,-0.3632286863923384,-2.7441194517694267
k1_w128_d16,2022-01-10T06,2022-01-10T12,6,v_component_of_wind,20.0,8.978953155121957,24.152463437100835,-0.37499554416527003,-3.6185111775953462
k1_w128_d16,2022-01-10T06,2022-01-10T12,6,v_component_of_wind,30.0,6.645694616068501,23.32038963878203,-0.06537375035504767,3.5702144932662754
k1_w128_d16,2022-01-10T06,2022-01-10T12,6,specific_humidity,1.0,7.799124321914254e-13,1.525223114630581e-13,-8.662722706119367e-07,-3.337533412518481e-07
k1_w128_d16,2022-01-10T06,2022-01-10T12,6,specific_humidity,2.0,4.048409107350545e-13,2.6154501311974e-14,-6.18474241460861e-07,-8.167293955638872e-08
k1_w128_d16,2022-01-10T06,2022-01-10T12,6,specific_humidity,3.0,3.148159217767085e-13,2.3441940929416106e-14,-5.351490393067763e-07,-2.8100434495556748e-09
k1_w128_d16,2022-01-10T06,2022-01-10T12,6,specific_humidity,5.0,2.1720662410971164e-13,4.482658855069874e-14,-4.264396767806643e-07,1.2468276682413543e-07
k1_w128_d16,2022-01-10T06,2022-01-10T12,6,specific_humidity,7.0,1.498204023793632e-13,6.250536981077859e-14,-3.4537896418277704e-07,1.959987812682909e-07
k1_w128_d16,2022-01-10T06,2022-01-10T12,6,specific_humidity,10.0,7.455202572280154e-14,1.125551452622667e-13,-2.3302179071993625e-07,3.12206122140028e-07
k1_w128_d16,2022-01-10T06,2022-01-10T12,6,specific_humidity,20.0,1.0822659292027408e-14,1.5304974339337865e-13,-2.193132977502266e-08,3.800554097953175e-07
k1_w128_d16,2022-01-10T06,2022-01-10T12,6,specific_humidity,30.0,7.267001061598495e-15,3.4039777983552693e-14,3.492059338415131e-08,1.612139419781753e-07
k1_w128_d16,2022-01-10T06,2022-01-10T12,6,specific_cloud_ice_water_content,1.0,2.042912919062748e-12,2.512643975664727e-12,6.286991305789217e-07,1.8480764315133382e-07
k1_w128_d16,2022-01-10T06,2022-01-10T12,6,specific_cloud_ice_water_content,2.0,2.0043699608421332e-12,2.4997468980836583e-12,5.895659106622714e-07,1.2219381024982582e-07
k1_w128_d16,2022-01-10T06,2022-01-10T12,6,specific_cloud_ice_water_content,3.0,1.995196038610594e-12,2.485395653803067e-12,5.77055192228141e-07,1.3106259804840074e-07
k1_w128_d16,2022-01-10T06,2022-01-10T12,6,specific_cloud_ice_water_content,5.0,1.974477239729922e-12,2.4769585408869285e-12,5.637544683621593e-07,8.60950218397431e-08
k1_w128_d16,2022-01-10T06,2022-01-10T12,6,specific_cloud_ice_water_content,7.0,1.9871649982214274e-12,2.5023691926404823e-12,5.718710554016572e-07,1.6375906177899377e-07
k1_w128_d16,2022-01-10T06,2022-01-10T12,6,specific_cloud_ice_water_content,10.0,2.013007073807522e-12,2.4849695483278918e-12,6.029603853837612e-07,1.407137680449776e-07
k1_w128_d16,2022-01-10T06,2022-01-10T12,6,specific_cloud_ice_water_content,20.0,1.4520079424610703e-12,1.9096560155321827e-12,3.6185389592833744e-07,-1.9964532152709654e-07
k1_w128_d16,2022-01-10T06,2022-01-10T12,6,specific_cloud_ice_water_content,30.0,9.617915551911759e-13,1.8152114685771796e-12,-1.0229810603044159e-07,-6.807104066171083e-07
k1_w128_d16,2022-01-10T06,2022-01-10T12,6,specific_cloud_liquid_water_content,1.0,8.023543137765301e-12,2.2620322016500764e-11,9.028012812648157e-07,3.4955154629118473e-07
k1_w128_d16,2022-01-10T06,2022-01-10T12,6,specific_cloud_liquid_water_content,2.0,8.031219354094649e-12,2.2814398520749402e-11,9.262346981850828e-07,5.657652517358284e-07
k1_w128_d16,2022-01-10T06,2022-01-10T12,6,specific_cloud_liquid_water_content,3.0,7.957714595141382e-12,2.3052269983828004e-11,8.837702473402534e-07,6.593539135616321e-07
k1_w128_d16,2022-01-10T06,2022-01-10T12,6,specific_cloud_liquid_water_content,5.0,8.015442137352064e-12,2.3093187582501065e-11,9.174124790665553e-07,7.168006321300097e-07
k1_w128_d16,2022-01-10T06,2022-01-10T12,6,specific_cloud_liquid_water_content,7.0,8.098073547020807e-12,2.2774571242000036e-11,9.579137702950156e-07,5.630074831819212e-07
k1_w128_d16,2022-01-10T06,2022-01-10T12,6,specific_cloud_liquid_water_content,10.0,7.96741586067636e-12,2.266606737116419e-11,8.910464562484777e-07,5.007772739228027e-07
k1_w128_d16,2022-01-10T06,2022-01-10T12,6,specific_cloud_liquid_water_content,20.0,6.215731584616913e-12,1.807058186019561e-11,8.642561203792501e-07,-7.107120781944123e-07
k1_w128_d16,2022-01-10T06,2022-01-10T12,6,specific_cloud_liquid_water_content,30.0,4.2132672367040595e-12,1.7063516814268712e-11,8.107638140872547e-07,-2.143806299117972e-06
k1_w128_d16,2022-01-10T12,2022-01-10T18,6,temperature,1.0,87.17910031908042,62.406701269079235,-5.551195456491258,-1.4685478246479795
k1_w128_d16,2022-01-10T12,2022-01-10T18,6,temperature,2.0,54.037931119310855,103.97663963541228,-3.8397931543404646,7.895349641462295
k1_w128_d16,2022-01-10T12,2022-01-10T18,6,temperature,3.0,32.75680250186548,82.35808388857564,-2.217864842204751,7.23890722353995
k1_w128_d16,2022-01-10T12,2022-01-10T18,6,temperature,5.0,20.768417429091663,44.14740549431285,-1.659251739285482,4.837731025793418
k1_w128_d16,2022-01-10T12,2022-01-10T18,6,temperature,7.0,15.146656921642506,36.68761118496662,-1.2547421710761237,4.51480839046616
k1_w128_d16,2022-01-10T12,2022-01-10T18,6,temperature,10.0,7.617126946837535,24.673191795939186,-0.3884629956203469,3.983130921627704
k1_w128_d16,2022-01-10T12,2022-01-10T18,6,temperature,20.0,4.652175804436794,11.555458057672135,0.6217249863921257,-2.2281811700460987
k1_w128_d16,2022-01-10T12,2022-01-10T18,6,temperature,30.0,3.798768017842284,12.160586533320146,0.8309304077059623,-2.5629603975706696
k1_w128_d16,2022-01-10T12,2022-01-10T18,6,geopotential,1.0,924825211.8452573,6828667.756885571,-30221.38696643422,356.57519009603254
k1_w128_d16,2022-01-10T12,2022-01-10T18,6,geopotential,2.0,431192234.6561055,2965991.4495353214,-20623.4635002162,503.6606930882837
k1_w128_d16,2022-01-10T12,2022-01-10T18,6,geopotential,3.0,244348931.97466218,1450933.1807458736,-15523.184988578236,-86.29034813428359
k1_w128_d16,2022-01-10T12,2022-01-10T18,6,geopotential,5.0,91988818.12367266,949496.0388682175,-9514.840893858795,453.7306617059794
k1_w128_d16,2022-01-10T12,2022-01-10T18,6,geopotential,7.0,36716064.927959315,650759.4017288405,-6002.556028361382,418.1883728821807
k1_w128_d16,2022-01-10T12,2022-01-10T18,6,geopotential,10.0,7856753.496573241,516618.8240579774,-2745.9360017710815,398.2118596324168
k1_w128_d16,2022-01-10T12,2022-01-10T18,6,geopotential,20.0,1938706.8046193589,314421.33442951454,1358.558158818782,409.1584337593518
k1_w128_d16,2022-01-10T12,2022-01-10T18,6,geopotential,30.0,3279096.797039326,169076.7046435585,1794.0620682748058,232.06452756024714
k1_w128_d16,2022-01-10T12,2022-01-10T18,6,geopotential,500.0,647.9527317120185,14509.404502757492,-5.075432379493668,-14.051417107042854
k1_w128_d16,2022-01-10T12,2022-01-10T18,6,u_component_of_wind,1.0,371.71263331414,445.7555351452705,1.8408435138730883,-3.618925377452835
k1_w128_d16,2022-01-10T12,2022-01-10T18,6,u_component_of_wind,2.0,209.95518619304625,236.2052719834145,1.8548200130848334,3.5617529448291956
k1_w128_d16,2022-01-10T12,2022-01-10T18,6,u_component_of_wind,3.0,144.71686965166387,158.33480505077665,-1.9880902203748239,0.5969098929654193
k1_w128_d16,2022-01-10T12,2022-01-10T18,6,u_component_of_wind,5.0,122.41034868061674,157.14006699403097,-1.2583343159521512,1.4999121589442317
k1_w128_d16,2022-01-10T12,2022-01-10T18,6,u_component_of_wind,7.0,120.90780543137271,138.29372654555692,-3.8095345216016545,-0.6110789365016811
k1_w128_d16,2022-01-10T12,2022-01-10T18,6,u_component_of_wind,10.0,129.1950397637891,179.70659886868066,-5.249594146862103,-3.3268904600352887
k1_w128_d16,2022-01-10T12,2022-01-10T18,6,u_component_of_wind,20.0,26.923524807740346,76.39239094167495,0.8453354636783297,5.55002733621116
k1_w128_d16,2022-01-10T12,2022-01-10T18,6,u_component_of_wind,30.0,24.08169487041825,47.92381248274768,1.549954109464557,3.756365517941561
k1_w128_d16,2022-01-10T12,2022-01-10T18,6,v_component_of_wind,1.0,178.31840966708157,200.99136551367724,-0.04700352522496975,5.310777715528418
k1_w128_d16,2022-01-10T12,2022-01-10T18,6,v_component_of_wind,2.0,100.65829402136694,97.69191085061628,-0.12989471215799114,0.9491765149724853
k1_w128_d16,2022-01-10T12,2022-01-10T18,6,v_component_of_wind,3.0,63.52326366151479,63.569616988913566,-0.1203742052102244,-0.9493017456114615
k1_w128_d16,2022-01-10T12,2022-01-10T18,6,v_component_of_wind,5.0,35.96608681130535,34.324801556654634,0.5470870711964797,0.30189587841566423
k1_w128_d16,2022-01-10T12,2022-01-10T18,6,v_component_of_wind,7.0,26.745187183139286,29.35128076038577,0.27683513139228266,-1.0549932355991964
k1_w128_d16,2022-01-10T12,2022-01-10T18,6,v_component_of_wind,10.0,19.47528339636765,28.392559887345982,-0.2652000317492359,-2.6232007958034815
k1_w128_d16,2022-01-10T12,2022-01-10T18,6,v_component_of_wind,20.0,8.548048932636728,22.834649578440914,-0.3774818070277428,-3.55270922573455
k1_w128_d16,2022-01-10T12,2022-01-10T18,6,v_component_of_wind,30.0,7.226212916356587,23.492197449280084,-0.26221593023945494,3.6046873345740185
k1_w128_d16,2022-01-10T12,2022-01-10T18,6,specific_humidity,1.0,7.799843999845057e-13,1.5109695318559758e-13,-8.657756943419235e-07,-3.307041526969185e-07
k1_w128_d16,2022-01-10T12,2022-01-10T18,6,specific_humidity,2.0,4.031524200818395e-13,2.552613118370401e-14,-6.171624818695106e-07,-7.77204660589082e-08
k1_w128_d16,2022-01-10T12,2022-01-10T18,6,specific_humidity,3.0,3.14561108396891e-13,2.4032011471615763e-14,-5.3425052670784e-07,7.01290448475718e-10
k1_w128_d16,2022-01-10T12,2022-01-10T18,6,specific_humidity,5.0,2.1764812493212748e-13,4.534302907868969e-14,-4.2696308346232934e-07,1.268347575162908e-07
k1_w128_d16,2022-01-10T12,2022-01-10T18,6,specific_humidity,7.0,1.4948914085726992e-13,6.385930926090255e-14,-3.445717838685988e-07,1.9923878434298668e-07
k1_w128_d16,2022-01-10T12,2022-01-10T18,6,specific_humidity,10.0,7.394023904923742e-14,1.146661361622325e-13,-2.320592395999947e-07,3.1579342347836146e-07
k1_w128_d16,2022-01-10T12,2022-01-10T18,6,specific_humidity,20.0,1.1012628207624904e-14,1.5529897006953318e-13,-2.1456115052807625e-08,3.825245831661477e-07
k1_w128_d16,2022-01-10T12,2022-01-10T18,6,specific_humidity,30.0,7.281678240033715e-15,3.446198345141477e-14,3.446516428070747e-08,1.6180676157707631e-07
k1_w128_d16,2022-01-10T12,2022-01-10T18,6,specific_cloud_ice_water_content,1.0,2.018220428161191e-12,2.512070328710241e-12,5.864544375470594e-07,7.49165709170057e-08
k1_w128_d16,2022-01-10T12,2022-01-10T18,6,specific_cloud_ice_water_content,2.0,1.9795203966376444e-12,2.517921104968776e-12,5.475090498492062e-07,1.1660730711850983e-08
k1_w128_d16,2022-01-10T12,2022-01-10T18,6,specific_cloud_ice_water_content,3.0,1.97525191232878e-12,2.49895125755242e-12,5.355026395725726e-07,2.2007806429325408e-08
k1_w128_d16,2022-01-10T12,2022-01-10T18,6,specific_cloud_ice_water_content,5.0,1.954009870945628e-12,2.5001913484429137e-12,5.217068260629274e-07,-2.492429298297508e-08
k1_w128_d16,2022-01-10T12,2022-01-10T18,6,specific_cloud_ice_water_content,7.0,1.9645508172297874e-12,2.504876951038187e-12,5.297993034725174e-07,5.2038189810819334e-08
k1_w128_d16,2022-01-10T12,2022-01-10T18,6,specific_cloud_ice_water_content,10.0,1.991765137139077e-12,2.49825040938452e-12,5.611043996385308e-07,2.9848833763213744e-08
k1_w128_d16,2022-01-10T12,2022-01-10T18,6,specific_cloud_ice_water_content,20.0,1.423568616923166e-12,1.977271797513864e-12,3.190033574527955e-07,-3.015998398254077e-07
k1_w128_d16,2022-01-10T12,2022-01-10T18,6,specific_cloud_ice_water_content,30.0,9.436207822555348e-13,1.957922567667733e-12,-1.4547935953445059e-07,-7.641885883509086e-07
k1_w128_d16,2022-01-10T12,2022-01-10T18,6,specific_cloud_liquid_water_content,1.0,7.729106390872128e-12,2.427239467624888e-11,8.19682241191875e-07,3.670838933667065e-07
k1_w128_d16,2022-01-10T12,2022-01-10T18,6,specific_cloud_liquid_water_content,2.0,7.723029669184305e-12,2.4437152651520983e-11,8.421436015432085e-07,5.832085682375928e-07
k1_w128_d16,2022-01-10T12,2022-01-10T18,6,specific_cloud_liquid_water_content,3.0,7.654783105465463e-12,2.4662278290525126e-11,8.000124813630238e-07,6.776266903956725e-07
k1_w128_d16,2022-01-10T12,2022-01-10T18,6,specific_cloud_liquid_water_content,5.0,7.704812012522845e-12,2.469582342776313e-11,8.339259404371402e-07,7.361757697655351e-07
k1_w128_d16,2022-01-10T12,2022-01-10T18,6,specific_cloud_liquid_water_content,7.0,7.789689585368105e-12,2.441850374364786e-11,8.742008602953416e-07,5.814872761757288e-07
k1_w128_d16,2022-01-10T12,2022-01-10T18,6,specific_cloud_liquid_water_content,10.0,7.663161221381797e-12,2.428324496224175e-11,8.077664431684196e-07,5.205667708346033e-07
k1_w128_d16,2022-01-10T12,2022-01-10T18,6,specific_cloud_liquid_water_content,20.0,5.882460692494723e-12,1.9288486487336337e-11,7.763123817615243e-07,-6.527584695087891e-07
k1_w128_d16,2022-01-10T12,2022-01-10T18,6,specific_cloud_liquid_water_content,30.0,3.866339289952729e-12,1.735681438870621e-11,7.077008345748801e-07,-1.9777716567217776e-06
k1_w128_d16,2022-01-10T18,2022-01-11T00,6,temperature,1.0,92.21794044906794,64.62556565344656,-5.761354894924825,-1.6353793409202644
k1_w128_d16,2022-01-10T18,2022-01-11T00,6,temperature,2.0,59.19356071636151,109.4045916636957,-3.988370675276738,7.844066715369021
k1_w128_d16,2022-01-10T18,2022-01-11T00,6,temperature,3.0,32.79964484723008,85.448088899944,-2.169798504362773,7.379966238255583
k1_w128_d16,2022-01-10T18,2022-01-11T00,6,temperature,5.0,21.099501553857166,45.517378262664494,-1.6091698893447512,4.95495298628602
k1_w128_d16,2022-01-10T18,2022-01-11T00,6,temperature,7.0,15.5873543797425,37.881885160605414,-1.2064951507076356,4.58226220766594
k1_w128_d16,2022-01-10T18,2022-01-11T00,6,temperature,10.0,8.93787777824648,25.47848852246635,-0.41297026111245433,3.9868962382697024
k1_w128_d16,2022-01-10T18,2022-01-11T00,6,temperature,20.0,4.573209091039614,11.56762917226791,0.60665024149434,-2.237762778586263
k1_w128_d16,2022-01-10T18,2022-01-11T00,6,temperature,30.0,3.4902927082577744,12.014855348572182,0.7857748315110589,-2.5561502524780053
k1_w128_d16,2022-01-10T18,2022-01-11T00,6,geopotential,1.0,925461740.8506007,6906355.417672317,-30219.249391083435,181.8947196675882
k1_w128_d16,2022-01-10T18,2022-01-11T00,6,geopotential,2.0,430457905.12229747,2968627.746641873,-20600.04709254167,413.95890041605014
k1_w128_d16,2022-01-10T18,2022-01-11T00,6,geopotential,3.0,244066497.94683838,1567124.4794833958,-15511.193229445746,-165.64065420009092
k1_w128_d16,2022-01-10T18,2022-01-11T00,6,geopotential,5.0,92322918.87233104,971112.3804223188,-9531.713019099005,380.0316478730359
k1_w128_d16,2022-01-10T18,2022-01-11T00,6,geopotential,7.0,37098194.843905784,633152.0663044057,-6035.135353526953,350.9210300887636
k1_w128_d16,2022-01-10T18,2022-01-11T00,6,geopotential,10.0,8074573.652850591,485885.78368980833,-2787.5827934840063,348.40361460156754
k1_w128_d16,2022-01-10T18,2022-01-11T00,6,geopotential,20.0,1825364.8613567448,296143.63180972985,1315.1729310572273,389.8935801429925
k1_w128_d16,2022-01-10T18,2022-01-11T00,6,geopotential,30.0,3147813.4034901643,153005.21375139282,1757.0797378197574,220.5935253146188
k1_w128_d16,2022-01-10T18,2022-01-11T00,6,geopotential,500.0,1233.7259139268353,16739.81511529222,-9.18688378555979,-16.541487288813226
k1_w128_d16,2022-01-10T18,2022-01-11T00,6,u_component_of_wind,1.0,390.9839159516805,452.4847941301809,2.048245278783206,-3.190593952323371
k1_w128_d16,2022-01-10T18,2022-01-11T00,6,u_component_of_wind,2.0,217.95204540044114,243.79516176151316,2.2642633519387387,4.158507880130175
k1_w128_d16,2022-01-10T18,2022-01-11T00,6,u_component_of_wind,3.0,126.16610960954247,147.67518851392643,-1.795662977971067,0.9779711055878462
k1_w128_d16,2022-01-10T18,2022-01-11T00,6,u_component_of_wind,5.0,104.63062996215567,157.2773128236235,-1.1512403748670343,1.7478027327680057
k1_w128_d16,2022-01-10T18,2022-01-11T00,6,u_component_of_wind,7.0,101.64659305690259,132.6259804665977,-3.5370612907259886,-0.10523824445279378
k1_w128_d16,2022-01-10T18,2022-01-11T00,6,u_component_of_wind,10.0,122.41978465240223,177.21115839929337,-4.937893028622016,-2.6373057067929837
k1_w128_d16,2022-01-10T18,2022-01-11T00,6,u_component_of_wind,20.0,25.909307393384623,83.17126911444703,1.0254615852339741,6.171766997739937
k1_w128_d16,2022-01-10T18,2022-01-11T00,6,u_component_of_wind,30.0,24.07683587652371,49.93846659735229,1.569797185715401,4.0578164139861155
k1_w128_d16,2022-01-10T18,2022-01-11T00,6,v_component_of_wind,1.0,161.19312872733227,197.35395399950886,-0.4972688511609682,5.305792672155635
k1_w128_d16,2022-01-10T18,2022-01-11T00,6,v_component_of_wind,2.0,79.8916732330319,80.82274436201449,-0.0992755591636663,1.325621291096604
k1_w128_d16,2022-01-10T18,2022-01-11T00,6,v_component_of_wind,3.0,64.67251435697676,66.45902885756038,-0.28887305190767876,-0.8313527764308086
k1_w128_d16,2022-01-10T18,2022-01-11T00,6,v_component_of_wind,5.0,36.36333145233246,38.04162750422091,0.1042131770961393,0.13105582343933508
k1_w128_d16,2022-01-10T18,2022-01-11T00,6,v_component_of_wind,7.0,27.991076872933405,30.732964187996835,0.44181111140702206,-0.5867572041343486
k1_w128_d16,2022-01-10T18,2022-01-11T00,6,v_component_of_wind,10.0,18.45123055648012,26.656428561281945,-0.3720776801262361,-2.4023809902339117
k1_w128_d16,2022-01-10T18,2022-01-11T00,6,v_component_of_wind,20.0,9.24825738449574,21.88221470882793,-0.5054263731338146,-3.342684796593003
k1_w128_d16,2022-01-10T18,2022-01-11T00,6,v_component_of_wind,30.0,6.381370082469462,23.495900620142667,-0.37564477312320743,3.6824025370234637
k1_w128_d16,2022-01-10T18,2022-01-11T00,6,specific_humidity,1.0,7.800625591768339e-13,1.518453170316985e-13,-8.65511635953819e-07,-3.3120899090343497e-07
k1_w128_d16,2022-01-10T18,2022-01-11T00,6,specific_humidity,2.0,4.015305886443255e-13,2.4603166738984785e-14,-6.163023680953457e-07,-7.752862128511154e-08
k1_w128_d16,2022-01-10T18,2022-01-11T00,6,specific_humidity,3.0,3.1278979829652054e-13,2.3261475854034813e-14,-5.326903475456738e-07,1.4736619363491565e-09
k1_w128_d16,2022-01-10T18,2022-01-11T00,6,specific_humidity,5.0,2.176554652231826e-13,4.47702164229819e-14,-4.2659177795637664e-07,1.2640853243866328e-07
k1_w128_d16,2022-01-10T18,2022-01-11T00,6,specific_humidity,7.0,1.4889760624728168e-13,6.322192211477856e-14,-3.4392037701635315e-07,1.994218637311304e-07
k1_w128_d16,2022-01-10T18,2022-01-11T00,6,specific_humidity,10.0,7.38240764235398e-14,1.1490520710184272e-13,-2.3099575981681824e-07,3.161889684436022e-07
k1_w128_d16,2022-01-10T18,2022-01-11T00,6,specific_humidity,20.0,1.1180971937551945e-14,1.5476700083948396e-13,-2.1718044312514322e-08,3.816140366886098e-07
k1_w128_d16,2022-01-10T18,2022-01-11T00,6,specific_humidity,30.0,7.225818178755897e-15,3.431182401138334e-14,3.4493937253814436e-08,1.6106977189776185e-07
k1_w128_d16,2022-01-10T18,2022-01-11T00,6,specific_cloud_ice_water_content,1.0,2.1633908034525313e-12,2.480117200072366e-12,6.499675975413682e-07,1.8628012708043148e-07
k1_w128_d16,2022-01-10T18,2022-01-11T00,6,specific_cloud_ice_water_content,2.0,2.118790180876067e-12,2.455685175569272e-12,6.104056180424807e-07,1.222709110821801e-07
k1_w128_d16,2022-01-10T18,2022-01-11T00,6,specific_cloud_ice_water_content,3.0,2.1140012444234565e-12,2.449046115784354e-12,5.994646396742449e-07,1.3343298005659541e-07
k1_w128_d16,2022-01-10T18,2022-01-11T00,6,specific_cloud_ice_water_content,5.0,2.0905673392545132e-12,2.439954852192292e-12,5.851537964143026e-07,8.67169608643263e-08
k1_w128_d16,2022-01-10T18,2022-01-11T00,6,specific_cloud_ice_water_content,7.0,2.1012331216187144e-12,2.4642997033975746e-12,5.931279330799063e-07,1.6440463016884684e-07
k1_w128_d16,2022-01-10T18,2022-01-11T00,6,specific_cloud_ice_water_content,10.0,2.1333686937602134e-12,2.4534900706932037e-12,6.247106484817316e-07,1.4275726595550472e-07
k1_w128_d16,2022-01-10T18,2022-01-11T00,6,specific_cloud_ice_water_content,20.0,1.5298961354716566e-12,1.8797150371704824e-12,3.825320008793649e-07,-1.9240576593275044e-07
k1_w128_d16,2022-01-10T18,2022-01-11T00,6,specific_cloud_ice_water_content,30.0,9.595745302098108e-13,1.8080748156472562e-12,-8.644361461980674e-08,-6.667324308614199e-07
k1_w128_d16,2022-01-10T18,2022-01-11T00,6,specific_cloud_liquid_water_content,1.0,7.663751797354223e-12,2.4189471278190683e-11,8.207683724828757e-07,2.7728842080474367e-07
k1_w128_d16,2022-01-10T18,2022-01-11T00,6,specific_cloud_liquid_water_content,2.0,7.670258939294563e-12,2.4356524409299123e-11,8.442107929353149e-07,4.916215370436467e-07
k1_w128_d16,2022-01-10T18,2022-01-11T00,6,specific_cloud_liquid_water_content,3.0,7.604628550239604e-12,2.4538015820433256e-11,8.021488996602079e-07,5.886097438386925e-07
k1_w128_d16,2022-01-10T18,2022-01-11T00,6,specific_cloud_liquid_water_content,5.0,7.652037496509476e-12,2.458140385114069e-11,8.346919290617294e-07,6.453768737710929e-07
k1_w128_d16,2022-01-10T18,2022-01-11T00,6,specific_cloud_liquid_water_content,7.0,7.727893333693106e-12,2.4332231128405405e-11,8.747401093806072e-07,4.897197008395646e-07
k1_w128_d16,2022-01-10T18,2022-01-11T00,6,specific_cloud_liquid_water_content,10.0,7.604913037441995e-12,2.4202353260649463e-11,8.093200496451363e-07,4.297298032111123e-07
k1_w128_d16,2022-01-10T18,2022-01-11T00,6,specific_cloud_liquid_water_content,20.0,5.8773226140489015e-12,1.9466100019195346e-11,7.811838144053317e-07,-7.703237694348391e-07
k1_w128_d16,2022-01-10T18,2022-01-11T00,6,specific_cloud_liquid_water_content,30.0,3.9523828073324785e-12,1.816485298346958e-11,7.170847164336704e-07,-2.1675575422888803e-06
k1_w128_d16,2022-01-11T00,2022-01-11T06,6,temperature,1.0,96.01278742871295,69.60117101022848,-5.7504671206374205,-1.5597087966779601
k1_w128_d16,2022-01-11T00,2022-01-11T06,6,temperature,2.0,64.97134836866576,109.6422887370006,-4.204531649883291,7.681580871191157
k1_w128_d16,2022-01-11T00,2022-01-11T06,6,temperature,3.0,37.38463621384311,83.61008321776436,-2.5553649213211207,7.1217271524015935
k1_w128_d16,2022-01-11T00,2022-01-11T06,6,temperature,5.0,20.749786712178977,42.98380762505145,-1.85951973501082,4.850857112372002
k1_w128_d16,2022-01-11T00,2022-01-11T06,6,temperature,7.0,14.62300186282001,36.52805708448546,-1.3280001030865125,4.6063479094688
k1_w128_d16,2022-01-11T00,2022-01-11T06,6,temperature,10.0,9.563606537185704,26.57073194499185,-0.2629022800016626,4.073265612077639
k1_w128_d16,2022-01-11T00,2022-01-11T06,6,temperature,20.0,4.789617797767283,10.645823979733308,0.6945800113319129,-2.1475461578444506
k1_w128_d16,2022-01-11T00,2022-01-11T06,6,temperature,30.0,3.818234311074133,11.468271658142498,0.8763241735227689,-2.4634390403116253
k1_w128_d16,2022-01-11T00,2022-01-11T06,6,geopotential,1.0,924369727.0873342,6902890.322314349,-30190.146338056373,-157.40799098659255
k1_w128_d16,2022-01-11T00,2022-01-11T06,6,geopotential,2.0,430392371.6225128,2861890.68857278,-20596.56100747371,177.91936233664987
k1_w128_d16,2022-01-11T00,2022-01-11T06,6,geopotential,3.0,243519732.4590084,1678259.5040071039,-15494.473480712553,-315.6895499443573
k1_w128_d16,2022-01-11T00,2022-01-11T06,6,geopotential,5.0,91483817.89742734,971754.9651022775,-9485.80824751556,315.4258838702981
k1_w128_d16,2022-01-11T00,2022-01-11T06,6,geopotential,7.0,36521227.46490868,647312.1286793421,-5984.404415474494,326.46317453833683
k1_w128_d16,2022-01-11T00,2022-01-11T06,6,geopotential,10.0,7797439.73730471,482584.41065986536,-2739.1882778815916,361.7271559476318
k1_w128_d16,2022-01-11T00,2022-01-11T06,6,geopotential,20.0,1911060.7272417713,330417.4370102127,1352.212030652479,448.94740370863457
k1_w128_d16,2022-01-11T00,2022-01-11T06,6,geopotential,30.0,3258564.673898424,178365.66528786957,1789.3192099299713,278.0638981390615
k1_w128_d16,2022-01-11T00,2022-01-11T06,6,geopotential,500.0,628.964746173925,14564.61999798631,-5.123217668806532,-13.202950414444219
k1_w128_d16,2022-01-11T00,2022-01-11T06,6,u_component_of_wind,1.0,355.86098084146806,420.28168215873495,1.1239184556862702,-3.9804787646486153
k1_w128_d16,2022-01-11T00,2022-01-11T06,6,u_component_of_wind,2.0,228.16087176924088,250.94596581664496,2.1876941313570315,4.235680590655915
k1_w128_d16,2022-01-11T00,2022-01-11T06,6,u_component_of_wind,3.0,152.00501237193805,169.904223794885,-1.9034759967730932,1.0880091905219496
k1_w128_d16,2022-01-11T00,2022-01-11T06,6,u_component_of_wind,5.0,107.49783618708517,143.9481761250652,-1.770248554472134,1.2688900640459084
k1_w128_d16,2022-01-11T00,2022-01-11T06,6,u_component_of_wind,7.0,108.2398743943659,131.84621406815498,-4.084626709677419,-0.5076907162910552
k1_w128_d16,2022-01-11T00,2022-01-11T06,6,u_component_of_wind,10.0,128.7724595904675,180.43964133389744,-5.3662443758981215,-2.943473385250623
k1_w128_d16,2022-01-11T00,2022-01-11T06,6,u_component_of_wind,20.0,23.0188876662995,77.40932513237661,0.9673660945594722,6.056605796494835
k1_w128_d16,2022-01-11T00,2022-01-11T06,6,u_component_of_wind,30.0,25.237522883703832,47.91570315530626,1.6250830085903858,4.052785839303828
k1_w128_d16,2022-01-11T00,2022-01-11T06,6,v_component_of_wind,1.0,183.73289127900867,220.90851330721108,-0.007898805651862219,5.077232317991308
k1_w128_d16,2022-01-11T00,2022-01-11T06,6,v_component_of_wind,2.0,77.70032232211511,82.87736406289025,0.3793341284368861,1.307124583128158
k1_w128_d16,2022-01-11T00,2022-01-11T06,6,v_component_of_wind,3.0,47.52592359058176,52.95322405095725,-0.4296658189440725,-1.3336683930964903
k1_w128_d16,2022-01-11T00,2022-01-11T06,6,v_component_of_wind,5.0,36.68113597124827,42.46486920491114,-0.22209147044309116,-0.5251397230669969
k1_w128_d16,2022-01-11T00,2022-01-11T06,6,v_component_of_wind,7.0,23.566752202172616,27.97398537725823,0.283100317095374,-1.0408150239727303
k1_w128_d16,2022-01-11T00,2022-01-11T06,6,v_component_of_wind,10.0,16.377666286553158,25.222207328108624,-0.37439481401947444,-2.6405356266939264
k1_w128_d16,2022-01-11T00,2022-01-11T06,6,v_component_of_wind,20.0,9.452559000014421,22.038241647177216,-0.34415245865172717,-3.3497908891055506
k1_w128_d16,2022-01-11T00,2022-01-11T06,6,v_component_of_wind,30.0,6.619986499580942,23.21279481947102,-0.14921921194988594,3.654460013470064
k1_w128_d16,2022-01-11T00,2022-01-11T06,6,specific_humidity,1.0,7.806413861629879e-13,1.5406683700506727e-13,-8.65884907966096e-07,-3.34082737311958e-07
k1_w128_d16,2022-01-11T00,2022-01-11T06,6,specific_humidity,2.0,4.017801708337924e-13,2.5499993716931227e-14,-6.161803984502729e-07,-8.001743405619927e-08
k1_w128_d16,2022-01-11T00,2022-01-11T06,6,specific_humidity,3.0,3.104293083175175e-13,2.2915551570227804e-14,-5.308813350114182e-07,8.376911283444211e-10
k1_w128_d16,2022-01-11T00,2022-01-11T06,6,specific_humidity,5.0,2.173073523502668e-13,4.448761066604196e-14,-4.259629051004811e-07,1.2430157924298014e-07
k1_w128_d16,2022-01-11T00,2022-01-11T06,6,specific_humidity,7.0,1.496563036229607e-13,6.201596430423307e-14,-3.449322154663852e-07,1.9579330395341033e-07
k1_w128_d16,2022-01-11T00,2022-01-11T06,6,specific_humidity,10.0,7.250981702820779e-14,1.1368610803320863e-13,-2.294551260796806e-07,3.150910429840355e-07
k1_w128_d16,2022-01-11T00,2022-01-11T06,6,specific_humidity,20.0,1.1299252879507506e-14,1.5271189523122165e-13,-2.2280599701411864e-08,3.7895485020620065e-07
k1_w128_d16,2022-01-11T00,2022-01-11T06,6,specific_humidity,30.0,7.225850962968725e-15,3.3841731071019476e-14,3.431447441125743e-08,1.5973335899139488e-07
k1_w128_d16,2022-01-11T00,2022-01-11T06,6,specific_cloud_ice_water_content,1.0,2.100758226587216e-12,2.573399108103145e-12,6.042551905358953e-07,2.1091686155017165e-07
k1_w128_d16,2022-01-11T00,2022-01-11T06,6,specific_cloud_ice_water_content,2.0,2.059126353423308e-12,2.5449156977857683e-12,5.64899561869174e-07,1.49684412894896e-07
k1_w128_d16,2022-01-11T00,2022-01-11T06,6,specific_cloud_ice_water_content,3.0,2.0549626246220413e-12,2.537729285986583e-12,5.532524507136877e-07,1.596013292082608e-07
k1_w128_d16,2022-01-11T00,2022-01-11T06,6,specific_cloud_ice_water_content,5.0,2.0332819060842077e-12,2.5331589877362537e-12,5.389574097757239e-07,1.1513951321836048e-07
k1_w128_d16,2022-01-11T00,2022-01-11T06,6,specific_cloud_ice_water_content,7.0,2.0428896613902453e-12,2.5590779374413845e-12,5.475315840540899e-07,1.9162912702236054e-07
k1_w128_d16,2022-01-11T00,2022-01-11T06,6,specific_cloud_ice_water_content,10.0,2.0729739805992664e-12,2.545969015774742e-12,5.785903976153726e-07,1.694754919542543e-07
k1_w128_d16,2022-01-11T00,2022-01-11T06,6,specific_cloud_ice_water_content,20.0,1.4908062933660966e-12,1.9039600616736768e-12,3.427766021102111e-07,-1.7161777493609218e-07
k1_w128_d16,2022-01-11T00,2022-01-11T06,6,specific_cloud_ice_water_content,30.0,9.710982455255526e-13,1.7734513640520241e-12,-1.1389207045735745e-07,-6.62917949457838e-07
k1_w128_d16,2022-01-11T00,2022-01-11T06,6,specific_cloud_liquid_water_content,1.0,7.986304447166786e-12,2.3123322473113763e-11,8.257758157785394e-07,1.7980334404302947e-07
k1_w128_d16,2022-01-11T00,2022-01-11T06,6,specific_cloud_liquid_water_content,2.0,7.987271097278617e-12,2.3248875216915382e-11,8.509026274775916e-07,3.883423046229577e-07
k1_w128_d16,2022-01-11T00,2022-01-11T06,6,specific_cloud_liquid_water_content,3.0,7.914825849860382e-12,2.339355488741195e-11,8.079278085630265e-07,4.841132131294773e-07
k1_w128_d16,2022-01-11T00,2022-01-11T06,6,specific_cloud_liquid_water_content,5.0,7.973817968162031e-12,2.3427909875088873e-11,8.410227197814417e-07,5.401494806739741e-07
k1_w128_d16,2022-01-11T00,2022-01-11T06,6,specific_cloud_liquid_water_content,7.0,8.052773721565607e-12,2.322689872050867e-11,8.805888471710482e-07,3.866822686800072e-07
k1_w128_d16,2022-01-11T00,2022-01-11T06,6,specific_cloud_liquid_water_content,10.0,7.922770360974195e-12,2.3098692225447647e-11,8.155127129993443e-07,3.255202934176798e-07
k1_w128_d16,2022-01-11T00,2022-01-11T06,6,specific_cloud_liquid_water_content,20.0,6.063510589770435e-12,1.8839376862355064e-11,7.900592232888294e-07,-8.949269748212492e-07
k1_w128_d16,2022-01-11T00,2022-01-11T06,6,specific_cloud_liquid_water_content,30.0,3.891598719567748e-12,1.8283880724986682e-11,7.39528623214172e-07,-2.3620412492522816e-06
k1_w128_d16,2022-01-11T06,2022-01-11T12,6,temperature,1.0,103.55507546607993,71.06043527765593,-6.010761113583468,-1.6544946999831476
k1_w128_d16,2022-01-11T06,2022-01-11T12,6,temperature,2.0,64.6038810887166,109.38176235863517,-4.275670108782236,7.738560828431018
k1_w128_d16,2022-01-11T06,2022-01-11T12,6,temperature,3.0,37.29093320177739,87.62232958107077,-2.427885041070734,7.347678988792067
k1_w128_d16,2022-01-11T06,2022-01-11T12,6,temperature,5.0,21.435985461828402,46.29025346231573,-1.6701648926234882,5.141562776411243
k1_w128_d16,2022-01-11T06,2022-01-11T12,6,temperature,7.0,14.763481239298702,37.195282628061534,-1.3137489359841032,4.728588496379931
k1_w128_d16,2022-01-11T06,2022-01-11T12,6,temperature,10.0,9.650741442045007,27.508065001613975,-0.19442039933509297,4.143954913679155
k1_w128_d16,2022-01-11T06,2022-01-11T12,6,temperature,20.0,4.2276928219343075,10.694605163413385,0.6808780336288016,-2.200592053707873
k1_w128_d16,2022-01-11T06,2022-01-11T12,6,temperature,30.0,3.650466397191873,11.840855493314306,0.8527367877607077,-2.5816654409336266
k1_w128_d16,2022-01-11T06,2022-01-11T12,6,geopotential,1.0,924927530.4770888,7023327.258575863,-30204.511896560198,-110.52152904109458
k1_w128_d16,2022-01-11T06,2022-01-11T12,6,geopotential,2.0,430092595.96158874,2917611.9946609987,-20588.046116159858,222.14878940697383
k1_w128_d16,2022-01-11T06,2022-01-11T12,6,geopotential,3.0,243503817.9683819,1656126.2037757586,-15491.475744604475,-291.9255707335231
k1_w128_d16,2022-01-11T06,2022-01-11T12,6,geopotential,5.0,92158163.33617997,940054.0571430374,-9519.543108672646,290.3573465742624
k1_w128_d16,2022-01-11T06,2022-01-11T12,6,geopotential,7.0,37083867.267426014,605756.1675160655,-6028.303769342578,279.3810933768883
k1_w128_d16,2022-01-11T06,2022-01-11T12,6,geopotential,10.0,8105355.9765862245,455120.47392064694,-2789.021412407247,296.68846378425326
k1_w128_d16,2022-01-11T06,2022-01-11T12,6,geopotential,20.0,1800053.2058692952,295935.5678146496,1308.0830677366803,382.4256081032919
k1_w128_d16,2022-01-11T06,2022-01-11T12,6,geopotential,30.0,3123847.8943191487,159530.59668525198,1750.7982928480515,224.59404338348938
k1_w128_d16,2022-01-11T06,2022-01-11T12,6,geopotential,500.0,1365.424740777719,15435.617827997896,-11.298741401098367,-20.31159734689366
k1_w128_d16,2022-01-11T06,2022-01-11T12,6,u_component_of_wind,1.0,405.4396714285624,463.99079770197403,0.19576928057899,-4.995935805210169
k1_w128_d16,2022-01-11T06,2022-01-11T12,6,u_component_of_wind,2.0,226.31061140252078,243.35235090042823,1.708481278770703,3.6425905745284326
k1_w128_d16,2022-01-11T06,2022-01-11T12,6,u_component_of_wind,3.0,160.38451232174685,173.26353081504396,-1.755780578638651,1.1312757254022816
k1_w128_d16,2022-01-11T06,2022-01-11T12,6,u_component_of_wind,5.0,125.28755917620938,146.07759778974338,-2.0983056861932474,0.8764145784264809
k1_w128_d16,2022-01-11T06,2022-01-11T12,6,u_component_of_wind,7.0,127.48684154108835,138.99112096705488,-4.449162476569947,-0.9498747595246211
k1_w128_d16,2022-01-11T06,2022-01-11T12,6,u_component_of_wind,10.0,136.4385236978612,187.12157443538317,-5.418720155922925,-3.152636293536485
k1_w128_d16,2022-01-11T06,2022-01-11T12,6,u_component_of_wind,20.0,25.391456407042075,79.05141686586188,1.2750131056748948,6.054493608356189
k1_w128_d16,2022-01-11T06,2022-01-11T12,6,u_component_of_wind,30.0,26.74514528347487,49.44523375576188,1.7560924189869167,3.958680834899489
k1_w128_d16,2022-01-11T06,2022-01-11T12,6,v_component_of_wind,1.0,170.2802190018957,195.52004430591433,-0.4692991043751369,4.361714111372313
k1_w128_d16,2022-01-11T06,2022-01-11T12,6,v_component_of_wind,2.0,102.17632216273589,104.87536355322001,0.9672555384734485,1.799875935754428
k1_w128_d16,2022-01-11T06,2022-01-11T12,6,v_component_of_wind,3.0,59.527312482688,62.072874203343645,0.07924932309132525,-0.8410698236531262
k1_w128_d16,2022-01-11T06,2022-01-11T12,6,v_component_of_wind,5.0,32.34550537592512,37.76161729508931,-0.2050784144183201,-0.53381049278054
k1_w128_d16,2022-01-11T06,2022-01-11T12,6,v_component_of_wind,7.0,24.287714285537078,29.01553952755722,0.03926400607645944,-1.3506942385938276
k1_w128_d16,2022-01-11T06,2022-01-11T12,6,v_component_of_wind,10.0,17.09158341718333,25.18973886161021,-0.17792014864283645,-2.564713867220946
k1_w128_d16,2022-01-11T06,2022-01-11T12,6,v_component_of_wind,20.0,9.061907215673614,21.61635510540974,-0.0922351961338901,-3.331702044103495
k1_w128_d16,2022-01-11T06,2022-01-11T12,6,v_component_of_wind,30.0,7.056264529960702,21.685082285734214,-0.23717966877023033,3.375584645931177
k1_w128_d16,2022-01-11T06,2022-01-11T12,6,specific_humidity,1.0,7.808534011898486e-13,1.5486738883070508e-13,-8.658576500053479e-07,-3.336287598289168e-07
k1_w128_d16,2022-01-11T06,2022-01-11T12,6,specific_humidity,2.0,3.9958630527348704e-13,2.5313491894773e-14,-6.144158660191118e-07,-7.783265217595727e-08
k1_w128_d16,2022-01-11T06,2022-01-11T12,6,specific_humidity,3.0,3.1054159366584035e-13,2.3463127406360857e-14,-5.306294171751151e-07,1.4245855800302979e-09
k1_w128_d16,2022-01-11T06,2022-01-11T12,6,specific_humidity,5.0,2.1668521132905945e-13,4.4865744756753836e-14,-4.2539035659950535e-07,1.254003452476745e-07
k1_w128_d16,2022-01-11T06,2022-01-11T12,6,specific_humidity,7.0,1.49893317212532e-13,6.258155338368204e-14,-3.4498458833916134e-07,1.9615769462402254e-07
k1_w128_d16,2022-01-11T06,2022-01-11T12,6,specific_humidity,10.0,7.230645893602902e-14,1.1402031560010681e-13,-2.2927400488610404e-07,3.1568522697302993e-07
k1_w128_d16,2022-01-11T06,2022-01-11T12,6,specific_humidity,20.0,1.1276912816905e-14,1.5287077601230683e-13,-2.2151139017739198e-08,3.795432940289977e-07
k1_w128_d16,2022-01-11T06,2022-01-11T12,6,specific_humidity,30.0,7.081845298424882e-15,3.3618613761789455e-14,3.3939254214240234e-08,1.6020896056939912e-07
k1_w128_d16,2022-01-11T06,2022-01-11T12,6,specific_cloud_ice_water_content,1.0,2.150670021290347e-12,2.6032019350907048e-12,6.45547352920734e-07,2.117960768187792e-07
k1_w128_d16,2022-01-11T06,2022-01-11T12,6,specific_cloud_ice_water_content,2.0,2.1079226277674814e-12,2.5814442137653686e-12,6.059830584998346e-07,1.4983363339626918e-07
k1_w128_d16,2022-01-11T06,2022-01-11T12,6,specific_cloud_ice_water_content,3.0,2.1011245665406432e-12,2.569812565551333e-12,5.936536033028042e-07,1.5809509969016936e-07
k1_w128_d16,2022-01-11T06,2022-01-11T12,6,specific_cloud_ice_water_content,5.0,2.0763612713960175e-12,2.565241479728201e-12,5.801035806119237e-07,1.1479581259356687e-07
k1_w128_d16,2022-01-11T06,2022-01-11T12,6,specific_cloud_ice_water_content,7.0,2.0880718027646095e-12,2.5897782310688114e-12,5.887309000138473e-07,1.9114762700248714e-07
k1_w128_d16,2022-01-11T06,2022-01-11T12,6,specific_cloud_ice_water_content,10.0,2.121142431668808e-12,2.5735460629232303e-12,6.194525275689065e-07,1.6839293225464207e-07
k1_w128_d16,2022-01-11T06,2022-01-11T12,6,specific_cloud_ice_water_content,20.0,1.526905529408868e-12,1.9499427707709733e-12,3.8052165787521913e-07,-1.7067718961580225e-07
k1_w128_d16,2022-01-11T06,2022-01-11T12,6,specific_cloud_ice_water_content,30.0,9.635917130417376e-13,1.7700349287510348e-12,-8.596406244132704e-08,-6.574503188822543e-07
k1_w128_d16,2022-01-11T06,2022-01-11T12,6,specific_cloud_liquid_water_content,1.0,8.301497457354802e-12,2.2619048615310966e-11,8.672449104265139e-07,3.060728810772811e-07
k1_w128_d16,2022-01-11T06,2022-01-11T12,6,specific_cloud_liquid_water_content,2.0,8.309959811185748e-12,2.280041199650279e-11,8.927685892900167e-07,5.171233952150897e-07
k1_w128_d16,2022-01-11T06,2022-01-11T12,6,specific_cloud_liquid_water_content,3.0,8.225758937021864e-12,2.3006015795860828e-11,8.489566193084177e-07,6.092269183200773e-07
k1_w128_d16,2022-01-11T06,2022-01-11T12,6,specific_cloud_liquid_water_content,5.0,8.291021086665678e-12,2.3055930406074943e-11,8.818582483852687e-07,6.702551378809935e-07
k1_w128_d16,2022-01-11T06,2022-01-11T12,6,specific_cloud_liquid_water_content,7.0,8.379270164771177e-12,2.2766269441745984e-11,9.22731219214133e-07,5.176760104090275e-07
k1_w128_d16,2022-01-11T06,2022-01-11T12,6,specific_cloud_liquid_water_content,10.0,8.233632582924931e-12,2.264082652625252e-11,8.56424538204853e-07,4.5163244073818777e-07
k1_w128_d16,2022-01-11T06,2022-01-11T12,6,specific_cloud_liquid_water_content,20.0,6.3881232842329536e-12,1.8222128103158777e-11,8.380441530406054e-07,-7.659268596373519e-07
k1_w128_d16,2022-01-11T06,2022-01-11T12,6,specific_cloud_liquid_water_content,30.0,4.184070825754111e-12,1.733858166864463e-11,7.99146951426042e-07,-2.2242978440421948e-06
k1_w128_d16,2022-01-11T12,2022-01-11T18,6,temperature,1.0,92.97255294717795,69.38910524496045,-5.551321780141927,-1.4575586664351117
k1_w128_d16,2022-01-11T12,2022-01-11T18,6,temperature,2.0,54.31100451654481,104.81927247366295,-3.8980575008582283,7.88438931116236
k1_w128_d16,2022-01-11T12,2022-01-11T18,6,temperature,3.0,32.02843029801285,83.96159745143953,-2.2277910094805233,7.318688207729453
k1_w128_d16,2022-01-11T12,2022-01-11T18,6,temperature,5.0,17.653369535326895,44.29472789103896,-1.4776436066512282,5.093279662283836
k1_w128_d16,2022-01-11T12,2022-01-11T18,6,temperature,7.0,14.276172093429068,38.040468424732616,-1.074647242983601,4.74354873254447
k1_w128_d16,2022-01-11T12,2022-01-11T18,6,temperature,10.0,8.163928918267125,25.602740774519184,-0.3377285054077801,4.0820417501038495
k1_w128_d16,2022-01-11T12,2022-01-11T18,6,temperature,20.0,3.8901036899952084,10.779785446603974,0.5832731386621501,-2.2429123219843357
k1_w128_d16,2022-01-11T12,2022-01-11T18,6,temperature,30.0,3.4509449629501554,11.756737499425968,0.7996724852247838,-2.5799198472086333
k1_w128_d16,2022-01-11T12,2022-01-11T18,6,geopotential,1.0,924232879.971251,6907267.883275462,-30211.880540268052,261.32187239098994
k1_w128_d16,2022-01-11T12,2022-01-11T18,6,geopotential,2.0,429964559.919705,2911653.8604224664,-20595.642212023937,457.118002265556
k1_w128_d16,2022-01-11T12,2022-01-11T18,6,geopotential,3.0,243352903.33064234,1477828.1180954655,-15492.177943202785,-109.80582804210607
k1_w128_d16,2022-01-11T12,2022-01-11T18,6,geopotential,5.0,91658032.33316965,992667.1284888336,-9496.10707200721,430.6130928940356
k1_w128_d16,2022-01-11T12,2022-01-11T18,6,geopotential,7.0,36742367.97117849,644205.6738083919,-6004.105866758461,387.59611634016363
k1_w128_d16,2022-01-11T12,2022-01-11T18,6,geopotential,10.0,7913742.161906106,470305.66646231455,-2761.763121649886,368.48349446894986
k1_w128_d16,2022-01-11T12,2022-01-11T18,6,geopotential,20.0,1881120.0826847549,289290.4276722531,1343.0712911292921,398.0094533568125
k1_w128_d16,2022-01-11T12,2022-01-11T18,6,geopotential,30.0,3238750.035932959,159010.85459611978,1783.0826875537193,231.28870280837913
k1_w128_d16,2022-01-11T12,2022-01-11T18,6,geopotential,500.0,657.9726298497621,15124.521931343366,-5.471904190477684,-13.956216781038489
k1_w128_d16,2022-01-11T12,2022-01-11T18,6,u_component_of_wind,1.0,408.1788902307054,474.15802495832867,0.5604134624541568,-5.130078221617151
k1_w128_d16,2022-01-11T12,2022-01-11T18,6,u_component_of_wind,2.0,220.42641486138467,236.7472646506902,1.4167036427266604,2.9927338777920056
k1_w128_d16,2022-01-11T12,2022-01-11T18,6,u_component_of_wind,3.0,145.05516278107547,163.2116904264115,-1.5079908716356933,1.000889384112569
k1_w128_d16,2022-01-11T12,2022-01-11T18,6,u_component_of_wind,5.0,112.45570105362579,150.2208536268887,-1.2620350790064716,1.417779256151825
k1_w128_d16,2022-01-11T12,2022-01-11T18,6,u_component_of_wind,7.0,124.15683473576455,142.35821263801535,-4.176309071093863,-0.9866107218535696
k1_w128_d16,2022-01-11T12,2022-01-11T18,6,u_component_of_wind,10.0,129.0334899540653,183.14155858928774,-5.213987187446286,-3.2349629756944607
k1_w128_d16,2022-01-11T12,2022-01-11T18,6,u_component_of_wind,20.0,26.16278955651266,79.8012494369776,1.134177018408756,5.94744273292897
k1_w128_d16,2022-01-11T12,2022-01-11T18,6,u_component_of_wind,30.0,23.61797930752836,47.62175819380897,1.4705806324106478,3.7688979099659248
k1_w128_d16,2022-01-11T12,2022-01-11T18,6,v_component_of_wind,1.0,151.8002442035389,192.43954077781638,-1.116985284622041,4.341059179308689
k1_w128_d16,2022-01-11T12,2022-01-11T18,6,v_component_of_wind,2.0,79.82632107818658,81.43575524679115,0.12188811948247129,1.3347100392134301
k1_w128_d16,2022-01-11T12,2022-01-11T18,6,v_component_of_wind,3.0,56.42700545075992,60.565664426950505,0.4252551250080223,-0.2684389365148253
k1_w128_d16,2022-01-11T12,2022-01-11T18,6,v_component_of_wind,5.0,35.3815267625339,40.141217985432554,0.05663099896146093,-0.08356496646017804
k1_w128_d16,2022-01-11T12,2022-01-11T18,6,v_component_of_wind,7.0,26.81183383414862,30.02351638834911,-0.04534754386337597,-1.277116943096634
k1_w128_d16,2022-01-11T12,2022-01-11T18,6,v_component_of_wind,10.0,16.688015255278707,23.907057523203974,-0.13679518117014935,-2.4026445814656294
k1_w128_d16,2022-01-11T12,2022-01-11T18,6,v_component_of_wind,20.0,9.538954523905472,21.545591633452432,-0.2958047267510817,-3.4146451381126655
k1_w128_d16,2022-01-11T12,2022-01-11T18,6,v_component_of_wind,30.0,7.701995134549421,22.523572034559116,-0.3481547300199186,3.4755843820808967
k1_w128_d16,2022-01-11T12,2022-01-11T18,6,specific_humidity,1.0,7.785089179855781e-13,1.5210797630122625e-13,-8.644949055793862e-07,-3.2989358316502587e-07
k1_w128_d16,2022-01-11T12,2022-01-11T18,6,specific_humidity,2.0,3.9622608550385554e-13,2.4441335341484687e-14,-6.120108936457691e-07,-7.29783333224683e-08
k1_w128_d16,2022-01-11T12,2022-01-11T18,6,specific_humidity,3.0,3.084471965532613e-13,2.345686611659355e-14,-5.286269572843182e-07,5.888603692399609e-09
k1_w128_d16,2022-01-11T12,2022-01-11T18,6,specific_humidity,5.0,2.1613856512514386e-13,4.5756529788341543e-14,-4.245970623076273e-07,1.2865193144768557e-07
k1_w128_d16,2022-01-11T12,2022-01-11T18,6,specific_humidity,7.0,1.4820163645616693e-13,6.38842024878919e-14,-3.429519650592444e-07,2.0044978994375318e-07
k1_w128_d16,2022-01-11T12,2022-01-11T18,6,specific_humidity,10.0,7.171134631365791e-14,1.1583887380493083e-13,-2.2837599065910537e-07,3.1894323053467836e-07
k1_w128_d16,2022-01-11T12,2022-01-11T18,6,specific_humidity,20.0,1.1379789470264618e-14,1.5556060232801824e-13,-2.103391993276898e-08,3.826401476767731e-07
k1_w128_d16,2022-01-11T12,2022-01-11T18,6,specific_humidity,30.0,6.9695890885778596e-15,3.406886242147536e-14,3.437010403536718e-08,1.6168473076524237e-07
k1_w128_d16,2022-01-11T12,2022-01-11T18,6,specific_cloud_ice_water_content,1.0,2.254717396312906e-12,2.6774118129582147e-12,6.338938725613253e-07,1.0903055003675652e-07
k1_w128_d16,2022-01-11T12,2022-01-11T18,6,specific_cloud_ice_water_content,2.0,2.2105427102473416e-12,2.6755151799008657e-12,5.949629517494098e-07,4.737777080174514e-08
k1_w128_d16,2022-01-11T12,2022-01-11T18,6,specific_cloud_ice_water_content,3.0,2.2071823796355493e-12,2.6627731863893576e-12,5.827439552419999e-07,5.6190982314313556e-08
k1_w128_d16,2022-01-11T12,2022-01-11T18,6,specific_cloud_ice_water_content,5.0,2.182374931883609e-12,2.662471128934724e-12,5.689649812880368e-07,1.1004043563910257e-08
k1_w128_d16,2022-01-11T12,2022-01-11T18,6,specific_cloud_ice_water_content,7.0,2.193625432604201e-12,2.668251083749804e-12,5.776065894089768e-07,8.681264712015013e-08
k1_w128_d16,2022-01-11T12,2022-01-11T18,6,specific_cloud_ice_water_content,10.0,2.2232122553057924e-12,2.6609794598855744e-12,6.081769815658264e-07,6.451020495642051e-08
k1_w128_d16,2022-01-11T12,2022-01-11T18,6,specific_cloud_ice_water_content,20.0,1.5808692317131085e-12,2.077003731257206e-12,3.6354089045168957e-07,-2.679759190010395e-07
k1_w128_d16,2022-01-11T12,2022-01-11T18,6,specific_cloud_ice_water_content,30.0,9.847822068785103e-13,1.9843242930615317e-12,-1.1103726867497583e-07,-7.377210114523876e-07
k1_w128_d16,2022-01-11T12,2022-01-11T18,6,specific_cloud_liquid_water_content,1.0,7.927576130849877e-12,2.419170011544132e-11,8.315106133972995e-07,3.3496792159826585e-07
k1_w128_d16,2022-01-11T12,2022-01-11T18,6,specific_cloud_liquid_water_content,2.0,7.935063583410981e-12,2.435015591334014e-11,8.557082976246731e-07,5.461616114458966e-07
k1_w128_d16,2022-01-11T12,2022-01-11T18,6,specific_cloud_liquid_water_content,3.0,7.859461474192645e-12,2.4533463141709326e-11,8.124466316196077e-07,6.393315112291758e-07
k1_w128_d16,2022-01-11T12,2022-01-11T18,6,specific_cloud_liquid_water_content,5.0,7.913702198511986e-12,2.460808570581319e-11,8.463660378670243e-07,7.025141709756237e-07
k1_w128_d16,2022-01-11T12,2022-01-11T18,6,specific_cloud_liquid_water_content,7.0,7.998522627844258e-12,2.433942062997439e-11,8.867311509456192e-07,5.48234701903898e-07
k1_w128_d16,2022-01-11T12,2022-01-11T18,6,specific_cloud_liquid_water_content,10.0,7.865991819070794e-12,2.4179728624387804e-11,8.20142822119587e-07,4.837833030684509e-07
k1_w128_d16,2022-01-11T12,2022-01-11T18,6,specific_cloud_liquid_water_content,20.0,6.07140589737888e-12,1.9417720528120055e-11,7.922410994712581e-07,-7.101508398356397e-07
k1_w128_d16,2022-01-11T12,2022-01-11T18,6,specific_cloud_liquid_water_content,30.0,3.976502637455022e-12,1.801378772018133e-11,7.320578573609292e-07,-2.086728822766969e-06
k1_w128_d16,2022-01-11T18,2022-01-12T00,6,temperature,1.0,102.26778338969854,77.1209578231465,-5.720415829856665,-1.5925028545243185
k1_w128_d16,2022-01-11T18,2022-01-12T00,6,temperature,2.0,60.41883801045408,112.26001295777345,-4.016813632272653,7.853689241008274
k1_w128_d16,2022-01-11T18,2022-01-12T00,6,temperature,3.0,32.619495476621466,86.47028834058534,-2.188595414143572,7.420171619234562
k1_w128_d16,2022-01-11T18,2022-01-12T00,6,temperature,5.0,17.173711794434656,44.8159227746862,-1.4558202180335278,5.143878347825689
k1_w128_d16,2022-01-11T18,2022-01-12T00,6,temperature,7.0,13.938219288642799,38.17226389364544,-1.0265924076129531,4.790676940964541
k1_w128_d16,2022-01-11T18,2022-01-12T00,6,temperature,10.0,9.290116271518459,26.71578138616666,-0.35072624927360563,4.0990798431595845
k1_w128_d16,2022-01-11T18,2022-01-12T00,6,temperature,20.0,4.12195980352619,10.552663106903127,0.6122085104249636,-2.197644747192969
k1_w128_d16,2022-01-11T18,2022-01-12T00,6,temperature,30.0,3.402364160438294,11.545893896313544,0.7935629830624729,-2.524169709242306
k1_w128_d16,2022-01-11T18,2022-01-12T00,6,geopotential,1.0,923740286.737945,7824814.037314367,-30186.11889966664,154.86149516345048
k1_w128_d16,2022-01-11T18,2022-01-12T00,6,geopotential,2.0,428721726.39695513,3137947.3184016054,-20558.996342161947,410.4734547998012
k1_w128_d16,2022-01-11T18,2022-01-12T00,6,geopotential,3.0,242736743.10465842,1578603.3479819,-15470.985417536658,-155.96698417705625
k1_w128_d16,2022-01-11T18,2022-01-12T00,6,geopotential,5.0,91644970.42311406,976908.8289544537,-9496.477890140704,390.74369092269643
k1_w128_d16,2022-01-11T18,2022-01-12T00,6,geopotential,7.0,36873717.55849622,616312.3051385311,-6015.501085699405,352.530794673395
k1_w128_d16,2022-01-11T18,2022-01-12T00,6,geopotential,10.0,8037143.301002344,442943.5607128916,-2783.924762351036,345.92051135720607
k1_w128_d16,2022-01-11T18,2022-01-12T00,6,geopotential,20.0,1816628.5361122526,287971.97123451455,1316.6982875707783,397.93616688157095
k1_w128_d16,2022-01-11T18,2022-01-12T00,6,geopotential,30.0,3148678.7652204344,147931.40478631173,1757.4533915547481,230.1524027699441
k1_w128_d16,2022-01-11T18,2022-01-12T00,6,geopotential,500.0,1284.4090739331855,16325.07991746152,-7.486932620567341,-14.421432641724625
k1_w128_d16,2022-01-11T18,2022-01-12T00,6,u_component_of_wind,1.0,412.3723279353844,489.18850351217304,0.5269312556698253,-5.119733745586237
k1_w128_d16,2022-01-11T18,2022-01-12T00,6,u_component_of_wind,2.0,222.4059400981408,238.7883038235917,1.3317703981628704,2.885413357886306
k1_w128_d16,2022-01-11T18,2022-01-12T00,6,u_component_of_wind,3.0,132.80254810085526,151.86788544215466,-1.9824863264204333,0.4742031180011295
k1_w128_d16,2022-01-11T18,2022-01-12T00,6,u_component_of_wind,5.0,100.13844438392955,156.45481592234046,-0.5108479851317735,2.02539771767272
k1_w128_d16,2022-01-11T18,2022-01-12T00,6,u_component_of_wind,7.0,102.54210013844485,138.84873142885527,-3.5941632812539304,-0.43652279809033645
k1_w128_d16,2022-01-11T18,2022-01-12T00,6,u_component_of_wind,10.0,120.41681235666412,181.6266015707216,-4.8758634224168045,-2.757990787947402
k1_w128_d16,2022-01-11T18,2022-01-12T00,6,u_component_of_wind,20.0,24.77942529373078,86.92465766971297,1.3179767934625926,6.490056917450024
k1_w128_d16,2022-01-11T18,2022-01-12T00,6,u_component_of_wind,30.0,20.94111198509385,48.13915786441068,1.4562137182219708,4.013722748864813
k1_w128_d16,2022-01-11T18,2022-01-12T00,6,v_component_of_wind,1.0,170.0901157092077,210.28688086562119,-1.1378395414329345,4.655899027577086
k1_w128_d16,2022-01-11T18,2022-01-12T00,6,v_component_of_wind,2.0,74.39308403874459,80.38647958281985,-0.20932029816929365,1.2506109449447516
k1_w128_d16,2022-01-11T18,2022-01-12T00,6,v_component_of_wind,3.0,47.35115933555924,52.341719594936876,0.5021839653438227,0.005076209830528644
k1_w128_d16,2022-01-11T18,2022-01-12T00,6,v_component_of_wind,5.0,35.68273517516852,38.821426660131124,0.08845591185452406,0.14244160953693935
k1_w128_d16,2022-01-11T18,2022-01-12T00,6,v_component_of_wind,7.0,24.544116290287562,27.905574112663825,-0.2488389325512781,-1.2420914778224361
k1_w128_d16,2022-01-11T18,2022-01-12T00,6,v_component_of_wind,10.0,16.352268934002996,22.192132533491698,0.012538442988382274,-1.9746064894152482
k1_w128_d16,2022-01-11T18,2022-01-12T00,6,v_component_of_wind,20.0,9.14112664720937,20.83363704097432,-0.5189842492593757,-3.332004936741919
k1_w128_d16,2022-01-11T18,2022-01-12T00,6,v_component_of_wind,30.0,7.58108364146738,23.06816762849276,-0.43930802480855846,3.5463983614131926
k1_w128_d16,2022-01-11T18,2022-01-12T00,6,specific_humidity,1.0,7.778707961388417e-13,1.5197263695164796e-13,-8.63921365345617e-07,-3.2993292082239736e-07
k1_w128_d16,2022-01-11T18,2022-01-12T00,6,specific_humidity,2.0,3.9883090990644244e-13,2.4857755922121557e-14,-6.138841408399671e-07,-7.536917603302455e-08
k1_w128_d16,2022-01-11T18,2022-01-12T00,6,specific_humidity,3.0,3.066824584099707e-13,2.2386156298520735e-14,-5.27344017552475e-07,6.566541116244221e-09
k1_w128_d16,2022-01-11T18,2022-01-12T00,6,specific_humidity,5.0,2.1670750669168973e-13,4.4951165620742566e-14,-4.250638190260142e-07,1.275482723392498e-07
k1_w128_d16,2022-01-11T18,2022-01-12T00,6,specific_humidity,7.0,1.4879242660409314e-13,6.289729921364249e-14,-3.43772751926259e-07,1.9925290873225781e-07
k1_w128_d16,2022-01-11T18,2022-01-12T00,6,specific_humidity,10.0,7.265353325726511e-14,1.150760519439602e-13,-2.293991814946777e-07,3.1741823208188483e-07
k1_w128_d16,2022-01-11T18,2022-01-12T00,6,specific_humidity,20.0,1.1497412778201653e-14,1.542422207665242e-13,-2.244922116092651e-08,3.806208599319899e-07
k1_w128_d16,2022-01-11T18,2022-01-12T00,6,specific_humidity,30.0,6.831521578958219e-15,3.3572588669479716e-14,3.3664098758097295e-08,1.6013919022904507e-07
k1_w128_d16,2022-01-11T18,2022-01-12T00,6,specific_cloud_ice_water_content,1.0,2.2245539300587047e-12,2.617613437186206e-12,6.641483953656764e-07,1.7132934412209508e-07
k1_w128_d16,2022-01-11T18,2022-01-12T00,6,specific_cloud_ice_water_content,2.0,2.1779932450554765e-12,2.5965325216410436e-12,6.249733427223078e-07,1.0827566888877159e-07
k1_w128_d16,2022-01-11T18,2022-01-12T00,6,specific_cloud_ice_water_content,3.0,2.1751363350783923e-12,2.5865644247121944e-12,6.133520415450718e-07,1.1821287926639005e-07
k1_w128_d16,2022-01-11T18,2022-01-12T00,6,specific_cloud_ice_water_content,5.0,2.1483070406371762e-12,2.5826048280496225e-12,5.99197200674436e-07,7.306169437066093e-08
k1_w128_d16,2022-01-11T18,2022-01-12T00,6,specific_cloud_ice_water_content,7.0,2.1606666504808448e-12,2.601837283719013e-12,6.077849595871839e-07,1.5022461728954328e-07
k1_w128_d16,2022-01-11T18,2022-01-12T00,6,specific_cloud_ice_water_content,10.0,2.1924786903908056e-12,2.5908329521952318e-12,6.387001236712188e-07,1.2784526689270978e-07
k1_w128_d16,2022-01-11T18,2022-01-12T00,6,specific_cloud_ice_water_content,20.0,1.5584867590426495e-12,1.963482745860796e-12,3.885970383823025e-07,-2.1102341058771905e-07
k1_w128_d16,2022-01-11T18,2022-01-12T00,6,specific_cloud_ice_water_content,30.0,9.465306925580556e-13,1.811435289659237e-12,-1.0202832686196257e-07,-6.961657594309172e-07
k1_w128_d16,2022-01-11T18,2022-01-12T00,6,specific_cloud_liquid_water_content,1.0,7.89563305397768e-12,2.4021420550570124e-11,8.500444147546103e-07,2.5854212224492186e-07
k1_w128_d16,2022-01-11T18,2022-01-12T00,6,specific_cloud_liquid_water_content,2.0,7.913089426382694e-12,2.4152154265751344e-11,8.745369773550873e-07,4.7006139176096554e-07
k1_w128_d16,2022-01-11T18,2022-01-12T00,6,specific_cloud_liquid_water_content,3.0,7.84299423190839e-12,2.429772564618978e-11,8.315776394545178e-07,5.658829965971956e-07
k1_w128_d16,2022-01-11T18,2022-01-12T00,6,specific_cloud_liquid_water_content,5.0,7.889547529292886e-12,2.4359630588973508e-11,8.645084813804747e-07,6.275408569889456e-07
k1_w128_d16,2022-01-11T18,2022-01-12T00,6,specific_cloud_liquid_water_content,7.0,7.965571457152311e-12,2.4140039228987928e-11,9.044966762329482e-07,4.7098523579834055e-07
k1_w128_d16,2022-01-11T18,2022-01-12T00,6,specific_cloud_liquid_water_content,10.0,7.842452517804361e-12,2.3991732831190646e-11,8.382597232583086e-07,4.069597017877286e-07
k1_w128_d16,2022-01-11T18,2022-01-12T00,6,specific_cloud_liquid_water_content,20.0,6.0091076215107986e-12,1.935166516214235e-11,8.148858353045598e-07,-8.23363164891924e-07
k1_w128_d16,2022-01-11T18,2022-01-12T00,6,specific_cloud_liquid_water_content,30.0,4.010654627182886e-12,1.8552232363895624e-11,7.71106222296151e-07,-2.2781525181225203e-06
k1_w128_d16,2022-01-12T00,2022-01-12T06,6,temperature,1.0,100.61575190960028,77.25225143288901,-5.853701195242909,-1.648648224329246
k1_w128_d16,2022-01-12T00,2022-01-12T06,6,temperature,2.0,66.04445739297043,110.1798401104416,-4.3242198987684155,7.641371871454107
k1_w128_d16,2022-01-12T00,2022-01-12T06,6,temperature,3.0,39.35967253755927,86.53243919261888,-2.642866292460268,7.140047688928487
k1_w128_d16,2022-01-12T00,2022-01-12T06,6,temperature,5.0,18.629478426958354,42.17087161561233,-1.7971117201703608,4.969926701585877
k1_w128_d16,2022-01-12T00,2022-01-12T06,6,temperature,7.0,13.380430558972465,36.27078649217415,-1.2410254985650544,4.7259066392890094
k1_w128_d16,2022-01-12T00,2022-01-12T06,6,temperature,10.0,8.425346075105693,26.415869134590476,-0.20667549501119745,4.1871704774644645
k1_w128_d16,2022-01-12T00,2022-01-12T06,6,temperature,20.0,4.511956656240331,10.058585560104675,0.6845608262699862,-2.125033089841671
k1_w128_d16,2022-01-12T00,2022-01-12T06,6,temperature,30.0,3.8191014471956692,11.004600824666289,0.8733935839332729,-2.4355260458974515
k1_w128_d16,2022-01-12T00,2022-01-12T06,6,geopotential,1.0,926081107.3197583,7430170.714106608,-30216.14607799171,-321.155102778416
k1_w128_d16,2022-01-12T00,2022-01-12T06,6,geopotential,2.0,430542237.6457244,2896681.6989737325,-20598.828094171953,79.97395720343278
k1_w128_d16,2022-01-12T00,2022-01-12T06,6,geopotential,3.0,243349420.17582685,1692432.3397189123,-15490.238246295257,-381.3945584379441
k1_w128_d16,2022-01-12T00,2022-01-12T06,6,geopotential,5.0,91194058.38573882,913993.016695079,-9472.673332358561,278.5722745648335
k1_w128_d16,2022-01-12T00,2022-01-12T06,6,geopotential,7.0,36464747.07697536,623964.8834621885,-5979.465448009487,295.9286558050151
k1_w128_d16,2022-01-12T00,2022-01-12T06,6,geopotential,10.0,7832958.460985653,472384.8852840294,-2743.7965140262663,342.9004823576912
k1_w128_d16,2022-01-12T00,2022-01-12T06,6,geopotential,20.0,1890389.8160390086,331453.5705730792,1346.2517250538745,456.0256544097276
k1_w128_d16,2022-01-12T00,2022-01-12T06,6,geopotential,30.0,3235977.3822612367,179925.47353146307,1782.9918991258528,292.1398949105603
k1_w128_d16,2022-01-12T00,2022-01-12T06,6,geopotential,500.0,636.9268144632342,15331.85183846316,-4.726433886964559,-11.159725323538435
k1_w128_d16,2022-01-12T00,2022-01-12T06,6,u_component_of_wind,1.0,399.1618653161735,464.7414112483219,-0.10937262976549766,-5.394129878720193
k1_w128_d16,2022-01-12T00,2022-01-12T06,6,u_component_of_wind,2.0,229.09820024616036,249.46299902988187,1.7675450737384224,3.6572121392213384
k1_w128_d16,2022-01-12T00,2022-01-12T06,6,u_component_of_wind,3.0,133.21754432142927,147.059943765323,-2.5096601846872257,0.3291262664245356
k1_w128_d16,2022-01-12T00,2022-01-12T06,6,u_component_of_wind,5.0,100.88422903573331,134.08315510480875,-1.4347558670996197,1.3674077165500789
k1_w128_d16,2022-01-12T00,2022-01-12T06,6,u_component_of_wind,7.0,106.69180265052358,130.67761110364205,-3.6380217451201133,-0.3030229732283325
k1_w128_d16,2022-01-12T00,2022-01-12T06,6,u_component_of_wind,10.0,121.93257615177387,174.4281648486567,-4.875875248005064,-2.6905396786832148
k1_w128_d16,2022-01-12T00,2022-01-12T06,6,u_component_of_wind,20.0,23.5203537120397,79.46312875396617,1.2225258871171922,6.212682774730435
k1_w128_d16,2022-01-12T00,2022-01-12T06,6,u_component_of_wind,30.0,20.837326424065875,44.17980771768089,1.3480802523603626,3.771784884199039
k1_w128_d16,2022-01-12T00,2022-01-12T06,6,v_component_of_wind,1.0,141.55078274028264,181.48524824080943,-0.8703835413410539,3.969317874030394
k1_w128_d16,2022-01-12T00,2022-01-12T06,6,v_component_of_wind,2.0,90.53702796352488,96.36788956840886,-0.017199571109177886,0.812973609084925
k1_w128_d16,2022-01-12T00,2022-01-12T06,6,v_component_of_wind,3.0,48.7879993517618,49.54164153896455,0.5984975456627369,-0.3413810730870161
k1_w128_d16,2022-01-12T00,2022-01-12T06,6,v_component_of_wind,5.0,34.06214095683708,36.97186142256179,-0.2945559647171267,-0.6177406224864104
k1_w128_d16,2022-01-12T00,2022-01-12T06,6,v_component_of_wind,7.0,26.278871960447674,31.840731748374967,-0.5418951948581764,-1.8508977638210495
k1_w128_d16,2022-01-12T00,2022-01-12T06,6,v_component_of_wind,10.0,16.778587753202707,25.184394383580102,-0.22406782188793253,-2.442292485868738
k1_w128_d16,2022-01-12T00,2022-01-12T06,6,v_component_of_wind,20.0,8.816434366978948,22.96047508135872,-0.4538610782948428,-3.4052656880873444
k1_w128_d16,2022-01-12T00,2022-01-12T06,6,v_component_of_wind,30.0,7.692426054224859,23.69054954040587,-0.12941802810403596,3.6076415269922166
k1_w128_d16,2022-01-12T00,2022-01-12T06,6,specific_humidity,1.0,7.747828629746991e-13,1.516310635657882e-13,-8.628964397018304e-07,-3.313480538475792e-07
k1_w128_d16,2022-01-12T00,2022-01-12T06,6,specific_humidity,2.0,3.9770405549224746e-13,2.509314317742126e-14,-6.128546384298483e-07,-7.69674760894123e-08
k1_w128_d16,2022-01-12T00,2022-01-12T06,6,specific_humidity,3.0,3.0601432460068664e-13,2.2371640672889433e-14,-5.267655887419313e-07,4.7427472691783665e-09
k1_w128_d16,2022-01-12T00,2022-01-12T06,6,specific_humidity,5.0,2.1449723885486077e-13,4.45234191524769e-14,-4.228211824087999e-07,1.2708367511690882e-07
k1_w128_d16,2022-01-12T00,2022-01-12T06,6,specific_humidity,7.0,1.485137120187433e-13,6.198432576003837e-14,-3.433771319367763e-07,1.9708226142931548e-07
k1_w128_d16,2022-01-12T00,2022-01-12T06,6,specific_humidity,10.0,7.172678046700278e-14,1.1420911356079074e-13,-2.2771361558000174e-07,3.1649558293911916e-07
k1_w128_d16,2022-01-12T00,2022-01-12T06,6,specific_humidity,20.0,1.1474278450263481e-14,1.537239682807892e-13,-2.1016605001515976e-08,3.800653475336862e-07
k1_w128_d16,2022-01-12T00,2022-01-12T06,6,specific_humidity,30.0,6.776174606510456e-15,3.324511054193013e-14,3.410253187937975e-08,1.5954507659565887e-07
k1_w128_d16,2022-01-12T00,2022-01-12T06,6,specific_cloud_ice_water_content,1.0,2.185636816505562e-12,2.6042546211541612e-12,6.096415897116869e-07,1.7865702250133065e-07
k1_w128_d16,2022-01-12T00,2022-01-12T06,6,specific_cloud_ice_water_content,2.0,2.1438394121812256e-12,2.5774259826138534e-12,5.710188610570895e-07,1.173416392644564e-07
k1_w128_d16,2022-01-12T00,2022-01-12T06,6,specific_cloud_ice_water_content,3.0,2.139568904483457e-12,2.567816352700249e-12,5.589184942151602e-07,1.2615344453616018e-07
k1_w128_d16,2022-01-12T00,2022-01-12T06,6,specific_cloud_ice_water_content,5.0,2.1174250522702596e-12,2.5667998451457894e-12,5.445671941680552e-07,8.415893845097714e-08
k1_w128_d16,2022-01-12T00,2022-01-12T06,6,specific_cloud_ice_water_content,7.0,2.129161853492926e-12,2.5925294930755368e-12,5.53430285837855e-07,1.6003916460121793e-07
k1_w128_d16,2022-01-12T00,2022-01-12T06,6,specific_cloud_ice_water_content,10.0,2.1559876592461254e-12,2.5760137821498505e-12,5.841235071349558e-07,1.3712041567220778e-07
k1_w128_d16,2022-01-12T00,2022-01-12T06,6,specific_cloud_ice_water_content,20.0,1.5473108332384033e-12,1.9556456272960417e-12,3.430913841239023e-07,-2.0323838649408494e-07
k1_w128_d16,2022-01-12T00,2022-01-12T06,6,specific_cloud_ice_water_content,30.0,9.889644546760134e-13,1.8111124968105436e-12,-1.3137310942249222e-07,-6.95559824769369e-07
k1_w128_d16,2022-01-12T00,2022-01-12T06,6,specific_cloud_liquid_water_content,1.0,7.686687950967508e-12,2.323478619470073e-11,7.937331653549731e-07,3.023514194734191e-08
k1_w128_d16,2022-01-12T00,2022-01-12T06,6,specific_cloud_liquid_water_content,2.0,7.69457914411989e-12,2.326812831605611e-11,8.180544833395435e-07,2.3557412664669284e-07
k1_w128_d16,2022-01-12T00,2022-01-12T06,6,specific_cloud_liquid_water_content,3.0,7.625116458609358e-12,2.3372084684867504e-11,7.752762028783995e-07,3.3013653062908965e-07
k1_w128_d16,2022-01-12T00,2022-01-12T06,6,specific_cloud_liquid_water_content,5.0,7.679641036892897e-12,2.3422335293807496e-11,8.080527459509191e-07,3.920967868967344e-07
k1_w128_d16,2022-01-12T00,2022-01-12T06,6,specific_cloud_liquid_water_content,7.0,7.748973354459706e-12,2.325777911460072e-11,8.474024870810357e-07,2.3768153877709435e-07
k1_w128_d16,2022-01-12T00,2022-01-12T06,6,specific_cloud_liquid_water_content,10.0,7.624978037046822e-12,2.3150171092591377e-11,7.820934108920211e-07,1.7108842738822335e-07
k1_w128_d16,2022-01-12T00,2022-01-12T06,6,specific_cloud_liquid_water_content,20.0,5.858276559210957e-12,1.9315219257323136e-11,7.64497850076203e-07,-1.0755201946092734e-06
k1_w128_d16,2022-01-12T00,2022-01-12T06,6,specific_cloud_liquid_water_content,30.0,4.020675639512969e-12,1.9912892544852626e-11,7.407730065633371e-07,-2.596732501310092e-06
k1_w128_d16,2022-01-12T06,2022-01-12T12,6,temperature,1.0,110.50103065544548,80.1161958534675,-6.343829601217683,-1.9973706120719283
k1_w128_d16,2022-01-12T06,2022-01-12T12,6,temperature,2.0,68.98140046167552,116.75837417170871,-4.254445732487746,7.787218672125558
k1_w128_d16,2022-01-12T06,2022-01-12T12,6,temperature,3.0,39.55349163406924,88.88326918898193,-2.536174848316593,7.283663395798428
k1_w128_d16,2022-01-12T06,2022-01-12T12,6,temperature,5.0,18.449778752013117,42.136364151942004,-1.7892484463838438,5.040957316843477
k1_w128_d16,2022-01-12T06,2022-01-12T12,6,temperature,7.0,13.506261427571534,36.36276071781577,-1.2627925796511414,4.788473772554903
k1_w128_d16,2022-01-12T06,2022-01-12T12,6,temperature,10.0,8.334959330544239,26.71750953660313,-0.1938284228597488,4.199505416796785
k1_w128_d16,2022-01-12T06,2022-01-12T12,6,temperature,20.0,4.426210649867251,10.842919052651443,0.6853404568663367,-2.1736265556526986
k1_w128_d16,2022-01-12T06,2022-01-12T12,6,temperature,30.0,3.713715711574525,11.170033231203455,0.8745109528501275,-2.52822234369944
k1_w128_d16,2022-01-12T06,2022-01-12T12,6,geopotential,1.0,925621289.5964489,7340840.249944648,-30212.11087892472,-266.6408508621822
k1_w128_d16,2022-01-12T06,2022-01-12T12,6,geopotential,2.0,430183230.35423946,2739238.405821608,-20593.174846491296,113.04627657703202
k1_w128_d16,2022-01-12T06,2022-01-12T12,6,geopotential,3.0,243666308.76942816,1622439.4315200853,-15503.040696336424,-384.0454578236645
k1_w128_d16,2022-01-12T06,2022-01-12T12,6,geopotential,5.0,91874159.0108349,874926.383662849,-9511.150321655236,245.02806043904195
k1_w128_d16,2022-01-12T06,2022-01-12T12,6,geopotential,7.0,36946496.37387565,590747.8685226305,-6021.861631891952,249.9089425068512
k1_w128_d16,2022-01-12T06,2022-01-12T12,6,geopotential,10.0,8083826.054091824,454990.11737737793,-2789.0089042081686,277.84101748016013
k1_w128_d16,2022-01-12T06,2022-01-12T12,6,geopotential,20.0,1788827.5343846572,294408.11611839384,1306.7955759496142,389.4946057240354
k1_w128_d16,2022-01-12T06,2022-01-12T12,6,geopotential,30.0,3120793.9291819907,166426.71902425986,1749.735578684115,243.31611216329114
k1_w128_d16,2022-01-12T06,2022-01-12T12,6,geopotential,500.0,1348.1002595509794,16419.896245503944,-9.155152880381149,-17.095343117331257
k1_w128_d16,2022-01-12T06,2022-01-12T12,6,u_component_of_wind,1.0,410.53800982901885,494.9693832399456,-1.479981435450215,-6.74632699906457
k1_w128_d16,2022-01-12T06,2022-01-12T12,6,u_component_of_wind,2.0,229.79395867052756,241.25271170526872,1.0266553348763339,2.8701717699684446
k1_w128_d16,2022-01-12T06,2022-01-12T12,6,u_component_of_wind,3.0,140.86714642574276,152.74716962366088,-1.9625184314839599,0.8165842337565836
k1_w128_d16,2022-01-12T06,2022-01-12T12,6,u_component_of_wind,5.0,117.20384653928366,130.19970537277504,-2.272801997301943,0.5976563154923573
k1_w128_d16,2022-01-12T06,2022-01-12T12,6,u_component_of_wind,7.0,126.03462519476601,132.35858178203097,-4.223045748411591,-0.8998052104461298
k1_w128_d16,2022-01-12T06,2022-01-12T12,6,u_component_of_wind,10.0,132.53184444194872,179.320315201675,-5.000606838440602,-2.9643708661221266
k1_w128_d16,2022-01-12T06,2022-01-12T12,6,u_component_of_wind,20.0,26.358559124498257,77.93234121822528,1.257808092499202,5.875001280381845
k1_w128_d16,2022-01-12T06,2022-01-12T12,6,u_component_of_wind,30.0,23.74305300034078,45.94525253527849,1.3798615918163164,3.5061673714297585
k1_w128_d16,2022-01-12T06,2022-01-12T12,6,v_component_of_wind,1.0,132.37781494189045,190.29747330850964,-0.24606071943893,4.411564216956537
k1_w128_d16,2022-01-12T06,2022-01-12T12,6,v_component_of_wind,2.0,100.04883006712994,107.01757326290979,0.5897688596031336,1.346374509780755
k1_w128_d16,2022-01-12T06,2022-01-12T12,6,v_component_of_wind,3.0,59.51020091083406,64.05254010254316,0.9424691267696284,-0.02296861286828699
k1_w128_d16,2022-01-12T06,2022-01-12T12,6,v_component_of_wind,5.0,28.500610886304344,32.80422091421946,0.05402646079427233,-0.32898932447627227
k1_w128_d16,2022-01-12T06,2022-01-12T12,6,v_component_of_wind,7.0,23.022773788554353,30.662101219628532,-0.2479083875348158,-1.672820313937926
k1_w128_d16,2022-01-12T06,2022-01-12T12,6,v_component_of_wind,10.0,16.011629200687292,24.962622199714943,-0.2094861129156785,-2.6041128546917816
k1_w128_d16,2022-01-12T06,2022-01-12T12,6,v_component_of_wind,20.0,8.25805867589565,24.144091000379515,-0.40229719710861633,-3.6387010976701966
k1_w128_d16,2022-01-12T06,2022-01-12T12,6,v_component_of_wind,30.0,8.012382187584215,20.97816041751333,-0.3155001207986633,3.1925699530049245
k1_w128_d16,2022-01-12T06,2022-01-12T12,6,specific_humidity,1.0,7.77577366280906e-13,1.52852779450692e-13,-8.646981039144804e-07,-3.328031537518724e-07
k1_w128_d16,2022-01-12T06,2022-01-12T12,6,specific_humidity,2.0,3.9461019602301057e-13,2.45606184999154e-14,-6.103841474154757e-07,-7.408554771668873e-08
k1_w128_d16,2022-01-12T06,2022-01-12T12,6,specific_humidity,3.0,3.08078754036883e-13,2.3133667117102212e-14,-5.284573085962458e-07,3.3587654282671324e-09
k1_w128_d16,2022-01-12T06,2022-01-12T12,6,specific_humidity,5.0,2.147234540608036e-13,4.535872481829138e-14,-4.2267344465388737e-07,1.2779788343882145e-07
k1_w128_d16,2022-01-12T06,2022-01-12T12,6,specific_humidity,7.0,1.4771293448387094e-13,6.312098416882685e-14,-3.419213837533509e-07,1.9894752100224614e-07
k1_w128_d16,2022-01-12T06,2022-01-12T12,6,specific_humidity,10.0,7.20251500679478e-14,1.1386510990418032e-13,-2.2857163070408335e-07,3.160243364265195e-07
k1_w128_d16,2022-01-12T06,2022-01-12T12,6,specific_humidity,20.0,1.1347517701217705e-14,1.5430258844323446e-13,-2.0391995251637564e-08,3.81072542306349e-07
k1_w128_d16,2022-01-12T06,2022-01-12T12,6,specific_humidity,30.0,6.724348150902345e-15,3.329521835153156e-14,3.409219019228387e-08,1.6029185949732198e-07
k1_w128_d16,2022-01-12T06,2022-01-12T12,6,specific_cloud_ice_water_content,1.0,2.1608854727959598e-12,2.705093787297464e-12,6.249380112386565e-07,1.5693092791919702e-07
k1_w128_d16,2022-01-12T06,2022-01-12T12,6,specific_cloud_ice_water_content,2.0,2.1148069934808473e-12,2.6941025052510458e-12,5.84891454766291e-07,9.368293481127644e-08
k1_w128_d16,2022-01-12T06,2022-01-12T12,6,specific_cloud_ice_water_content,3.0,2.1103828397631542e-12,2.6771362335592997e-12,5.730301645646315e-07,1.0201194838953097e-07
k1_w128_d16,2022-01-12T06,2022-01-12T12,6,specific_cloud_ice_water_content,5.0,2.0897552021169937e-12,2.6767731507371907e-12,5.59403635106865e-07,5.962662388002682e-08
k1_w128_d16,2022-01-12T06,2022-01-12T12,6,specific_cloud_ice_water_content,7.0,2.1008721229417635e-12,2.694708968330051e-12,5.678591688469931e-07,1.3597950660193386e-07
k1_w128_d16,2022-01-12T06,2022-01-12T12,6,specific_cloud_ice_water_content,10.0,2.1288467394511227e-12,2.6790924699974155e-12,5.989058641884953e-07,1.1314698859326838e-07
k1_w128_d16,2022-01-12T06,2022-01-12T12,6,specific_cloud_ice_water_content,20.0,1.530429513889738e-12,2.04314483663587e-12,3.5230185639027377e-07,-2.194047198942097e-07
k1_w128_d16,2022-01-12T06,2022-01-12T12,6,specific_cloud_ice_water_content,30.0,9.920350237347366e-13,1.8506335780615895e-12,-1.263036154164204e-07,-6.914386547132841e-07
k1_w128_d16,2022-01-12T06,2022-01-12T12,6,specific_cloud_liquid_water_content,1.0,7.979284234653942e-12,2.319910604237538e-11,8.33842224596213e-07,2.2185387528155324e-07
k1_w128_d16,2022-01-12T06,2022-01-12T12,6,specific_cloud_liquid_water_content,2.0,7.981033776038917e-12,2.3314151460258932e-11,8.588745970862225e-07,4.3445648063106065e-07
k1_w128_d16,2022-01-12T06,2022-01-12T12,6,specific_cloud_liquid_water_content,3.0,7.906861826751056e-12,2.3504569288943446e-11,8.15433013845423e-07,5.257197810271293e-07
k1_w128_d16,2022-01-12T06,2022-01-12T12,6,specific_cloud_liquid_water_content,5.0,7.968268860846277e-12,2.3560362574420354e-11,8.480239406565039e-07,5.892992494722367e-07
k1_w128_d16,2022-01-12T06,2022-01-12T12,6,specific_cloud_liquid_water_content,7.0,8.04686322837705e-12,2.328447577569014e-11,8.883362744339773e-07,4.364589912373067e-07
k1_w128_d16,2022-01-12T06,2022-01-12T12,6,specific_cloud_liquid_water_content,10.0,7.906743579198557e-12,2.3173417172235577e-11,8.214797803735993e-07,3.674566142000278e-07
k1_w128_d16,2022-01-12T06,2022-01-12T12,6,specific_cloud_liquid_water_content,20.0,6.115018760535303e-12,1.8645191542156638e-11,8.133344241100259e-07,-8.812926746796995e-07
k1_w128_d16,2022-01-12T06,2022-01-12T12,6,specific_cloud_liquid_water_content,30.0,4.144636381406741e-12,1.8125455052598337e-11,8.047356935272746e-07,-2.3980625051609157e-06
k1_w128_d16,2022-01-12T12,2022-01-12T18,6,temperature,1.0,99.5870829930357,78.20358833334672,-5.819206006367205,-1.7499704197586163
k1_w128_d16,2022-01-12T12,2022-01-12T18,6,temperature,2.0,56.54169477445547,116.03330589299738,-3.8239022188345944,7.9784552425683035
k1_w128_d16,2022-01-12T12,2022-01-12T18,6,temperature,3.0,34.41081041338337,87.92838746547304,-2.366296523164578,7.230421732204814
k1_w128_d16,2022-01-12T12,2022-01-12T18,6,temperature,5.0,16.38052092713758,42.638027626421874,-1.583806761090218,5.02751703183653
k1_w128_d16,2022-01-12T12,2022-01-12T18,6,temperature,7.0,12.429065512281381,36.682882722847445,-1.0533950683409863,4.8086739704314585
k1_w128_d16,2022-01-12T12,2022-01-12T18,6,temperature,10.0,7.796552580978942,26.06193925481987,-0.31618587578324914,4.176116375876379
k1_w128_d16,2022-01-12T12,2022-01-12T18,6,temperature,20.0,4.1380965440318604,11.107756945429449,0.5879493360501407,-2.2071682073627255
k1_w128_d16,2022-01-12T12,2022-01-12T18,6,temperature,30.0,3.3994947144654675,11.35838863108053,0.8246160489457242,-2.525071039259389
k1_w128_d16,2022-01-12T12,2022-01-12T18,6,geopotential,1.0,923345484.2837591,7828512.749014594,-30193.263072578942,144.20509285287204
k1_w128_d16,2022-01-12T12,2022-01-12T18,6,geopotential,2.0,429335419.55677813,3105293.264206752,-20583.725063757716,381.83851191756133
k1_w128_d16,2022-01-12T12,2022-01-12T18,6,geopotential,3.0,242904547.8552501,1504635.4872735532,-15487.054781560502,-168.41243167291375
k1_w128_d16,2022-01-12T12,2022-01-12T18,6,geopotential,5.0,91085638.91882393,893741.5545586753,-9476.022209292205,413.50937326990436
k1_w128_d16,2022-01-12T12,2022-01-12T18,6,geopotential,7.0,36431653.24103948,600420.4985531946,-5985.248050240042,381.48027941891024
k1_w128_d16,2022-01-12T12,2022-01-12T18,6,geopotential,10.0,7831583.547514053,468359.57191613584,-2750.9712109057955,369.440386444415
k1_w128_d16,2022-01-12T12,2022-01-12T18,6,geopotential,20.0,1886857.2378374203,300925.3177067756,1346.9202919365355,415.4251595773997
k1_w128_d16,2022-01-12T12,2022-01-12T18,6,geopotential,30.0,3254403.783939741,169529.88657168864,1787.5661288950982,256.45357592959397
k1_w128_d16,2022-01-12T12,2022-01-12T18,6,geopotential,500.0,617.4778941201585,15150.06761180421,-4.4954028543214655,-11.691340586701042
k1_w128_d16,2022-01-12T12,2022-01-12T18,6,u_component_of_wind,1.0,399.9498879197049,493.7981132827914,-0.8592330669715528,-6.815926412668716
k1_w128_d16,2022-01-12T12,2022-01-12T18,6,u_component_of_wind,2.0,210.08699052654055,226.74337137708406,1.371189148089698,2.6844656641349687
k1_w128_d16,2022-01-12T12,2022-01-12T18,6,u_component_of_wind,3.0,128.54008964540344,144.785774202074,-1.9938604520569017,0.2797384169340417
k1_w128_d16,2022-01-12T12,2022-01-12T18,6,u_component_of_wind,5.0,111.10210459916532,155.18649289311406,-1.1865780326720974,1.3137027458942931
k1_w128_d16,2022-01-12T12,2022-01-12T18,6,u_component_of_wind,7.0,116.16215845105012,142.61430288654384,-3.9532637509692305,-0.9586071696660395
k1_w128_d16,2022-01-12T12,2022-01-12T18,6,u_component_of_wind,10.0,134.05859630446867,193.37260400716957,-4.988069227269306,-3.225179992901653
k1_w128_d16,2022-01-12T12,2022-01-12T18,6,u_component_of_wind,20.0,23.96065203034194,79.55055172316439,1.0679307547556336,5.787495791618472
k1_w128_d16,2022-01-12T12,2022-01-12T18,6,u_component_of_wind,30.0,23.097524488924112,48.85061465987094,1.2696116846768908,3.5532617531646795
k1_w128_d16,2022-01-12T12,2022-01-12T18,6,v_component_of_wind,1.0,167.09104710456646,203.55498748511405,-0.4777569578408515,4.824439755432653
k1_w128_d16,2022-01-12T12,2022-01-12T18,6,v_component_of_wind,2.0,77.34249803051748,85.76656210559923,-0.2404097944686412,0.9036281198526489
k1_w128_d16,2022-01-12T12,2022-01-12T18,6,v_component_of_wind,3.0,49.93405622186624,55.07185013308444,0.24563418421621583,-0.4840601045845794
k1_w128_d16,2022-01-12T12,2022-01-12T18,6,v_component_of_wind,5.0,35.75407671050476,36.49455143924125,0.6544530806123366,0.4751724447160277
k1_w128_d16,2022-01-12T12,2022-01-12T18,6,v_component_of_wind,7.0,27.109127174879976,30.94637120572397,0.12938188503272816,-1.139045139804328
k1_w128_d16,2022-01-12T12,2022-01-12T18,6,v_component_of_wind,10.0,15.631628214911057,25.15992853858217,-0.21363288472253622,-2.511188111115959
k1_w128_d16,2022-01-12T12,2022-01-12T18,6,v_component_of_wind,20.0,8.963940186804496,23.174598750821144,-0.3829480820536834,-3.5477384207536655
k1_w128_d16,2022-01-12T12,2022-01-12T18,6,v_component_of_wind,30.0,7.331782868599488,19.901499544171088,-0.5232947884651431,3.180522567019317
k1_w128_d16,2022-01-12T12,2022-01-12T18,6,specific_humidity,1.0,7.760804409390717e-13,1.503249324029238e-13,-8.637086274807773e-07,-3.2919234976889384e-07
k1_w128_d16,2022-01-12T12,2022-01-12T18,6,specific_humidity,2.0,3.932469107780402e-13,2.451964930010068e-14,-6.090338000383963e-07,-7.007114176381904e-08
k1_w128_d16,2022-01-12T12,2022-01-12T18,6,specific_humidity,3.0,3.065787721703268e-13,2.3265661128335404e-14,-5.272072492288746e-07,7.301911439296953e-09
k1_w128_d16,2022-01-12T12,2022-01-12T18,6,specific_humidity,5.0,2.1476273759424172e-13,4.623360290531986e-14,-4.226779051710769e-07,1.3049001195748312e-07
k1_w128_d16,2022-01-12T12,2022-01-12T18,6,specific_humidity,7.0,1.4659224082014053e-13,6.502715338102575e-14,-3.4014934642862413e-07,2.031583792865293e-07
k1_w128_d16,2022-01-12T12,2022-01-12T18,6,specific_humidity,10.0,7.186215943281656e-14,1.158668645277666e-13,-2.281697008318549e-07,3.1906535035176996e-07
k1_w128_d16,2022-01-12T12,2022-01-12T18,6,specific_humidity,20.0,1.1410073599204566e-14,1.5673011340130675e-13,-1.966916723245535e-08,3.838548480309896e-07
k1_w128_d16,2022-01-12T12,2022-01-12T18,6,specific_humidity,30.0,6.690417429264363e-15,3.3791232297195463e-14,3.455932220513673e-08,1.6167343287593996e-07
k1_w128_d16,2022-01-12T12,2022-01-12T18,6,specific_cloud_ice_water_content,1.0,2.208191469465231e-12,2.742742234018203e-12,6.158043195092774e-07,6.138108813408618e-08
k1_w128_d16,2022-01-12T12,2022-01-12T18,6,specific_cloud_ice_water_content,2.0,2.1650955908736553e-12,2.7424048415418016e-12,5.763985579569607e-07,-2.0899432392479624e-09
k1_w128_d16,2022-01-12T12,2022-01-12T18,6,specific_cloud_ice_water_content,3.0,2.1623596374343452e-12,2.7286171804394098e-12,5.642266648061757e-07,6.7292042549274256e-09
k1_w128_d16,2022-01-12T12,2022-01-12T18,6,specific_cloud_ice_water_content,5.0,2.139959669940572e-12,2.7339253720075376e-12,5.505988791119165e-07,-3.765263270159799e-08
k1_w128_d16,2022-01-12T12,2022-01-12T18,6,specific_cloud_ice_water_content,7.0,2.1505788443943707e-12,2.7346775635731154e-12,5.592670733927737e-07,3.882056959851958e-08
k1_w128_d16,2022-01-12T12,2022-01-12T18,6,specific_cloud_ice_water_content,10.0,2.1782494403152636e-12,2.7289183240540227e-12,5.899697221507413e-07,1.624400008270733e-08
k1_w128_d16,2022-01-12T12,2022-01-12T18,6,specific_cloud_ice_water_content,20.0,1.5569201979752179e-12,2.1368253730764024e-12,3.4739658764250817e-07,-3.016584637517799e-07
k1_w128_d16,2022-01-12T12,2022-01-12T18,6,specific_cloud_ice_water_content,30.0,9.962270223882432e-13,1.981798081375047e-12,-1.247039347026076e-07,-7.435084968702031e-07
k1_w128_d16,2022-01-12T12,2022-01-12T18,6,specific_cloud_liquid_water_content,1.0,7.356216078464422e-12,2.27370556673824e-11,7.85164587757817e-07,1.93471091360098e-07
k1_w128_d16,2022-01-12T12,2022-01-12T18,6,specific_cloud_liquid_water_content,2.0,7.355114143861578e-12,2.2813527673354045e-11,8.094037763812417e-07,4.0749162420350445e-07
k1_w128_d16,2022-01-12T12,2022-01-12T18,6,specific_cloud_liquid_water_content,3.0,7.286946079210396e-12,2.299210214645973e-11,7.667141788664084e-07,5.001821397513587e-07
k1_w128_d16,2022-01-12T12,2022-01-12T18,6,specific_cloud_liquid_water_content,5.0,7.332131087944907e-12,2.304225519745337e-11,7.99988355926103e-07,5.64308444503131e-07
k1_w128_d16,2022-01-12T12,2022-01-12T18,6,specific_cloud_liquid_water_content,7.0,7.42006537464288e-12,2.2810450193712133e-11,8.401603032496307e-07,4.085986614700685e-07
k1_w128_d16,2022-01-12T12,2022-01-12T18,6,specific_cloud_liquid_water_content,10.0,7.28887916564111e-12,2.2700099580910373e-11,7.736380450624688e-07,3.4212821682525456e-07
k1_w128_d16,2022-01-12T12,2022-01-12T18,6,specific_cloud_liquid_water_content,20.0,5.538430508107559e-12,1.8230132425892275e-11,7.468300929534097e-07,-8.952430832218661e-07
k1_w128_d16,2022-01-12T12,2022-01-12T18,6,specific_cloud_liquid_water_content,30.0,3.699821386392305e-12,1.790571386362164e-11,6.950655877912409e-07,-2.362277752683491e-06
k1_w128_d16,2022-01-12T18,2022-01-13T00,6,temperature,1.0,109.0306726879123,83.7489888338408,-5.9932507826730665,-1.929396084303467
k1_w128_d16,2022-01-12T18,2022-01-13T00,6,temperature,2.0,61.282273933101465,124.1127712781864,-3.837128501385777,8.021416435985813
k1_w128_d16,2022-01-12T18,2022-01-13T00,6,temperature,3.0,32.27111262103484,86.61247132359044,-2.3119794010589176,7.28965219123559
k1_w128_d16,2022-01-12T18,2022-01-13T00,6,temperature,5.0,15.993568138862114,41.30949151509736,-1.5869296248508888,5.017514537786639
k1_w128_d16,2022-01-12T18,2022-01-13T00,6,temperature,7.0,12.843846930669006,37.06630795899011,-1.0632080462212001,4.779702024471412
k1_w128_d16,2022-01-12T18,2022-01-13T00,6,temperature,10.0,8.125304258842771,25.49605589576683,-0.3543380023758619,4.130754746560214
k1_w128_d16,2022-01-12T18,2022-01-13T00,6,temperature,20.0,4.477827256364242,11.234170300667548,0.5981293734753986,-2.1826538423138633
k1_w128_d16,2022-01-12T18,2022-01-13T00,6,temperature,30.0,3.1320657292621177,11.074315870467426,0.807122310676359,-2.484463842279288
k1_w128_d16,2022-01-12T18,2022-01-13T00,6,geopotential,1.0,924673795.6644409,8579971.253911886,-30194.357812083384,80.35628195011074
k1_w128_d16,2022-01-12T18,2022-01-13T00,6,geopotential,2.0,429641349.7457528,3387638.4420526717,-20581.175333252042,344.7629076433074
k1_w128_d16,2022-01-12T18,2022-01-13T00,6,geopotential,3.0,243245988.90784678,1710476.6974547452,-15492.1286722611,-209.8264718766451
k1_w128_d16,2022-01-12T18,2022-01-13T00,6,geopotential,5.0,91490390.75264865,954733.5293248408,-9494.701223642169,374.53259791415707
k1_w128_d16,2022-01-12T18,2022-01-13T00,6,geopotential,7.0,36730822.39717613,605981.7330242358,-6008.239310598401,348.1715617264493
k1_w128_d16,2022-01-12T18,2022-01-13T00,6,geopotential,10.0,7985454.2038751505,458033.5996915852,-2775.8020248343346,348.3319047692637
k1_w128_d16,2022-01-12T18,2022-01-13T00,6,geopotential,20.0,1824186.1779359924,299849.40070753766,1318.1970035712302,404.93129843896503
k1_w128_d16,2022-01-12T18,2022-01-13T00,6,geopotential,30.0,3159944.950231083,157783.86972732982,1760.6774981390813,244.24537935700292
k1_w128_d16,2022-01-12T18,2022-01-13T00,6,geopotential,500.0,1236.4170950584587,17019.10288780885,-9.945842063125083,-16.00352236555237
k1_w128_d16,2022-01-12T18,2022-01-13T00,6,u_component_of_wind,1.0,414.33803403677456,501.522023284723,-0.8306966650021222,-6.3152165994668605
k1_w128_d16,2022-01-12T18,2022-01-13T00,6,u_component_of_wind,2.0,213.22800621117608,232.6965692178602,1.3281531829594049,3.0043358746037674
k1_w128_d16,2022-01-12T18,2022-01-13T00,6,u_component_of_wind,3.0,115.9403348602097,136.37459210290672,-2.2013355523388767,0.352493398116664
k1_w128_d16,2022-01-12T18,2022-01-13T00,6,u_component_of_wind,5.0,101.49204339219412,153.04080431429867,-1.1411107758174384,1.5706617760655661
k1_w128_d16,2022-01-12T18,2022-01-13T00,6,u_component_of_wind,7.0,104.95269099176154,140.63432433901153,-3.4664524380205126,-0.17332293196708817
k1_w128_d16,2022-01-12T18,2022-01-13T00,6,u_component_of_wind,10.0,129.2699732605059,187.93224423560923,-5.171001846096892,-2.964968879501079
k1_w128_d16,2022-01-12T18,2022-01-13T00,6,u_component_of_wind,20.0,23.368535755236238,90.0081233176193,1.1600141899921772,6.3839820333289525
k1_w128_d16,2022-01-12T18,2022-01-13T00,6,u_component_of_wind,30.0,22.81241058545828,50.909738413862286,1.580852874100814,4.161600037500449
k1_w128_d16,2022-01-12T18,2022-01-13T00,6,v_component_of_wind,1.0,161.79975760787644,208.86868363499372,-0.7564608355440912,5.035281685038646
k1_w128_d16,2022-01-12T18,2022-01-13T00,6,v_component_of_wind,2.0,83.42808792776778,90.30296626660409,0.13255975136156836,1.6103745936078147
k1_w128_d16,2022-01-12T18,2022-01-13T00,6,v_component_of_wind,3.0,53.7665553713682,51.95788646505352,-0.031953044675350956,-0.5013560021468235
k1_w128_d16,2022-01-12T18,2022-01-13T00,6,v_component_of_wind,5.0,30.209953784325585,30.466210266879372,-0.27169228903894305,-0.21204229570466862
k1_w128_d16,2022-01-12T18,2022-01-13T00,6,v_component_of_wind,7.0,25.656957103884515,27.026608569603475,0.06533299995291228,-0.9468107113674774
k1_w128_d16,2022-01-12T18,2022-01-13T00,6,v_component_of_wind,10.0,16.377616034007175,23.3668545736997,-0.05800294147492463,-2.0742589878922097
k1_w128_d16,2022-01-12T18,2022-01-13T00,6,v_component_of_wind,20.0,9.242799651302775,23.792846474250787,-0.6343309023950967,-3.495105570475929
k1_w128_d16,2022-01-12T18,2022-01-13T00,6,v_component_of_wind,30.0,7.776233505138931,22.94963611165596,-0.4094521292245389,3.5104363852485543
k1_w128_d16,2022-01-12T18,2022-01-13T00,6,specific_humidity,1.0,7.765219422809249e-13,1.5154735644898592e-13,-8.637515500898054e-07,-3.3019504079951116e-07
k1_w128_d16,2022-01-12T18,2022-01-13T00,6,specific_humidity,2.0,3.954627981580134e-13,2.5043936888843962e-14,-6.106104071537285e-07,-7.242772076687459e-08
k1_w128_d16,2022-01-12T18,2022-01-13T00,6,specific_humidity,3.0,3.0490615202603357e-13,2.2245719113195924e-14,-5.260458490576418e-07,7.461412555690536e-09
k1_w128_d16,2022-01-12T18,2022-01-13T00,6,specific_humidity,5.0,2.1570962553503907e-13,4.5342159553407794e-14,-4.2350997713965613e-07,1.2873183367956987e-07
k1_w128_d16,2022-01-12T18,2022-01-13T00,6,specific_humidity,7.0,1.4807394022507847e-13,6.376274450424077e-14,-3.4200373851706456e-07,2.0059193726376078e-07
k1_w128_d16,2022-01-12T18,2022-01-13T00,6,specific_humidity,10.0,7.241698203857942e-14,1.1533487486222128e-13,-2.284942807481441e-07,3.17944620602857e-07
k1_w128_d16,2022-01-12T18,2022-01-13T00,6,specific_humidity,20.0,1.1289793850409396e-14,1.552308273822775e-13,-2.083151755024145e-08,3.819256736154741e-07
k1_w128_d16,2022-01-12T18,2022-01-13T00,6,specific_humidity,30.0,6.457218366036466e-15,3.3178558429858156e-14,3.350769843130236e-08,1.597738649752044e-07
k1_w128_d16,2022-01-12T18,2022-01-13T00,6,specific_cloud_ice_water_content,1.0,2.2126707337085358e-12,2.6630255428449423e-12,6.677981773113492e-07,1.795616672560643e-07
k1_w128_d16,2022-01-12T18,2022-01-13T00,6,specific_cloud_ice_water_content,2.0,2.1678653871775077e-12,2.6400600955364006e-12,6.281385761091401e-07,1.1531391168708172e-07
k1_w128_d16,2022-01-12T18,2022-01-13T00,6,specific_cloud_ice_water_content,3.0,2.1656000789928683e-12,2.630706114626956e-12,6.172697911181547e-07,1.2543358262573032e-07
k1_w128_d16,2022-01-12T18,2022-01-13T00,6,specific_cloud_ice_water_content,5.0,2.139540293238044e-12,2.6253467565709375e-12,6.028552131987367e-07,8.058043023229103e-08
k1_w128_d16,2022-01-12T18,2022-01-13T00,6,specific_cloud_ice_water_content,7.0,2.1512982725065034e-12,2.648856094140746e-12,6.112038860585576e-07,1.5794663653951963e-07
k1_w128_d16,2022-01-12T18,2022-01-13T00,6,specific_cloud_ice_water_content,10.0,2.1814890071848674e-12,2.6343733670102222e-12,6.423493756352705e-07,1.3559264917410403e-07
k1_w128_d16,2022-01-12T18,2022-01-13T00,6,specific_cloud_ice_water_content,20.0,1.5624406736822548e-12,1.990344589857483e-12,3.9291069719313916e-07,-1.9920278700489358e-07
k1_w128_d16,2022-01-12T18,2022-01-13T00,6,specific_cloud_ice_water_content,30.0,9.761326182788406e-13,1.81636226812799e-12,-9.817966666853257e-08,-6.778048493895826e-07
k1_w128_d16,2022-01-12T18,2022-01-13T00,6,specific_cloud_liquid_water_content,1.0,7.386129324399539e-12,2.225961967363935e-11,7.608527734866116e-07,1.4571818132055862e-07
k1_w128_d16,2022-01-12T18,2022-01-13T00,6,specific_cloud_liquid_water_content,2.0,7.390576421958087e-12,2.2352523299316036e-11,7.849838017022557e-07,3.57281977484237e-07
k1_w128_d16,2022-01-12T18,2022-01-13T00,6,specific_cloud_liquid_water_content,3.0,7.322543778962269e-12,2.250392260221076e-11,7.428965691705451e-07,4.5340065317031705e-07
k1_w128_d16,2022-01-12T18,2022-01-13T00,6,specific_cloud_liquid_water_content,5.0,7.373039966976394e-12,2.2567844136969873e-11,7.755890437395781e-07,5.152041384083882e-07
k1_w128_d16,2022-01-12T18,2022-01-13T00,6,specific_cloud_liquid_water_content,7.0,7.453506117144957e-12,2.235346607472391e-11,8.145950857148937e-07,3.581626614309624e-07
k1_w128_d16,2022-01-12T18,2022-01-13T00,6,specific_cloud_liquid_water_content,10.0,7.32757252478502e-12,2.2219593985935868e-11,7.49351990399535e-07,2.927185565192838e-07
k1_w128_d16,2022-01-12T18,2022-01-13T00,6,specific_cloud_liquid_water_content,20.0,5.6266626495835615e-12,1.811148562704794e-11,7.376552590803524e-07,-9.314783079391649e-07
k1_w128_d16,2022-01-12T18,2022-01-13T00,6,specific_cloud_liquid_water_content,30.0,3.8657407109063154e-12,1.8045388548430955e-11,7.19941180659071e-07,-2.378754667299322e-06
k1_w256_d16,2022-01-10T00,2022-01-10T06,6,temperature,1.0,89.33928978430886,58.41307816692131,-5.7118673497126755,-0.7083386063335222
k1_w256_d16,2022-01-10T00,2022-01-10T06,6,temperature,2.0,59.87850948198418,105.7630114284616,-4.062185993010345,7.741254621704756
k1_w256_d16,2022-01-10T00,2022-01-10T06,6,temperature,3.0,37.911382172669356,88.54910798859072,-2.618488052682066,7.379368471573948
k1_w256_d16,2022-01-10T00,2022-01-10T06,6,temperature,5.0,21.05307520931379,43.63774250112019,-1.9778210316998082,4.878980052100241
k1_w256_d16,2022-01-10T00,2022-01-10T06,6,temperature,7.0,14.292602960703885,35.07433670995365,-1.4671280155833337,4.497229073928418
k1_w256_d16,2022-01-10T00,2022-01-10T06,6,temperature,10.0,8.440940213689483,22.453453066350118,-0.22256647200443724,3.7411741631082838
k1_w256_d16,2022-01-10T00,2022-01-10T06,6,temperature,20.0,4.658658967959686,10.767412337788215,0.709133332606002,-2.1705004168052557
k1_w256_d16,2022-01-10T00,2022-01-10T06,6,temperature,30.0,3.6836546371832872,11.799992335182342,0.8606680365606221,-2.6012000675482274
k1_w256_d16,2022-01-10T00,2022-01-10T06,6,geopotential,1.0,923852117.0954685,6957134.051471423,-30177.173700653217,-476.8500853523864
k1_w256_d16,2022-01-10T00,2022-01-10T06,6,geopotential,2.0,431586148.5692928,3012461.219467885,-20620.089053250966,-123.7016400341612
k1_w256_d16,2022-01-10T00,2022-01-10T06,6,geopotential,3.0,244622602.28649235,1954405.425477084,-15528.189354605434,-563.9845321265121
k1_w256_d16,2022-01-10T00,2022-01-10T06,6,geopotential,5.0,91835769.12398604,830161.896806634,-9506.245032709485,61.299116827289595
k1_w256_d16,2022-01-10T00,2022-01-10T06,6,geopotential,7.0,36582616.22086151,516305.68703716574,-5991.840225809175,140.09712925634284
k1_w256_d16,2022-01-10T00,2022-01-10T06,6,geopotential,10.0,7811601.830148267,382826.81236489996,-2739.2156474842404,202.82467030098434
k1_w256_d16,2022-01-10T00,2022-01-10T06,6,geopotential,20.0,1909855.7770481836,270216.06883121474,1351.3715233653627,387.23176810703563
k1_w256_d16,2022-01-10T00,2022-01-10T06,6,geopotential,30.0,3259324.9969791714,195567.27776295628,1789.4855176068695,296.7844880402697
k1_w256_d16,2022-01-10T00,2022-01-10T06,6,geopotential,500.0,641.599349784635,13699.362989891159,-4.175347226341925,-13.37219839001663
k1_w256_d16,2022-01-10T00,2022-01-10T06,6,u_component_of_wind,1.0,382.749328270771,418.7441983006687,3.3302375418077146,-5.82141714780224
k1_w256_d16,2022-01-10T00,2022-01-10T06,6,u_component_of_wind,2.0,207.51971121233458,192.5221399893963,2.228458525625705,0.5226940766597301
k1_w256_d16,2022-01-10T00,2022-01-10T06,6,u_component_of_wind,3.0,140.41616298622733,149.9233191957211,-2.3769101172000155,-2.9675615650884986
k1_w256_d16,2022-01-10T00,2022-01-10T06,6,u_component_of_wind,5.0,113.38197627400292,146.14837641248607,-1.4657750570935648,-2.330241631186489
k1_w256_d16,2022-01-10T00,2022-01-10T06,6,u_component_of_wind,7.0,113.71615298581136,167.66731727690689,-4.206927682838163,-4.953395979089936
k1_w256_d16,2022-01-10T00,2022-01-10T06,6,u_component_of_wind,10.0,130.34960280462417,241.34796959479422,-5.466893102216539,-7.336796647692395
k1_w256_d16,2022-01-10T00,2022-01-10T06,6,u_component_of_wind,20.0,26.42220657441841,58.19192525350594,1.061898670375824,3.7998508491880667
k1_w256_d16,2022-01-10T00,2022-01-10T06,6,u_component_of_wind,30.0,23.308993905000523,48.23158680136194,1.4870298877588524,3.931755097081802
k1_w256_d16,2022-01-10T00,2022-01-10T06,6,v_component_of_wind,1.0,149.06522704220762,164.06499515540807,-0.8917889354565263,4.063696204697311
k1_w256_d16,2022-01-10T00,2022-01-10T06,6,v_component_of_wind,2.0,89.98675052721575,92.1761494353473,-0.14718412439191142,1.3367870126589785
k1_w256_d16,2022-01-10T00,2022-01-10T06,6,v_component_of_wind,3.0,49.34519299242299,55.92407484132268,0.6128838447042947,0.25816285467979694
k1_w256_d16,2022-01-10T00,2022-01-10T06,6,v_component_of_wind,5.0,31.037008986804203,36.46258291590513,-0.007898245981710579,-0.2838959703874008
k1_w256_d16,2022-01-10T00,2022-01-10T06,6,v_component_of_wind,7.0,22.899280762652715,30.881481882318116,-0.4908748077601217,-2.014122408603472
k1_w256_d16,2022-01-10T00,2022-01-10T06,6,v_component_of_wind,10.0,17.95805499443876,29.779325910997755,-0.4803375258050302,-3.1922158365656186
k1_w256_d16,2022-01-10T00,2022-01-10T06,6,v_component_of_wind,20.0,9.393729523517536,27.850275561290985,-0.43575631605512133,-3.9916229849959404
k1_w256_d16,2022-01-10T00,2022-01-10T06,6,v_component_of_wind,30.0,6.675609390935586,22.710619362414974,0.06652008847079613,3.492949621517524
k1_w256_d16,2022-01-10T00,2022-01-10T06,6,specific_humidity,1.0,7.767166198073684e-13,1.5532062197225506e-13,-8.646838596977937e-07,-3.412245148446368e-07
k1_w256_d16,2022-01-10T00,2022-01-10T06,6,specific_humidity,2.0,4.046454854924205e-13,2.9075698428138207e-14,-6.185740502799535e-07,-9.11827919282517e-08
k1_w256_d16,2022-01-10T00,2022-01-10T06,6,specific_humidity,3.0,3.141760732146799e-13,2.6468995182341993e-14,-5.344829281894991e-07,-1.1885075431626458e-08
k1_w256_d16,2022-01-10T00,2022-01-10T06,6,specific_humidity,5.0,2.1472346756620468e-13,4.7210357271957305e-14,-4.236500599448249e-07,1.1900088202094455e-07
k1_w256_d16,2022-01-10T00,2022-01-10T06,6,specific_humidity,7.0,1.488836675802281e-13,6.358987405395306e-14,-3.4388871028706436e-07,1.8871123234722334e-07
k1_w256_d16,2022-01-10T00,2022-01-10T06,6,specific_humidity,10.0,7.462593120032037e-14,1.1037749525506796e-13,-2.3243175447786124e-07,3.040484982446811e-07
k1_w256_d16,2022-01-10T00,2022-01-10T06,6,specific_humidity,20.0,1.0744734938384138e-14,1.4605602912827316e-13,-2.0461754306081638e-08,3.704958752316014e-07
k1_w256_d16,2022-01-10T00,2022-01-10T06,6,specific_humidity,30.0,7.387388342879905e-15,2.960545485151822e-14,3.605883264871567e-08,1.4705080573339886e-07
k1_w256_d16,2022-01-10T00,2022-01-10T06,6,specific_cloud_ice_water_content,1.0,2.0685004352468373e-12,2.4735289543475002e-12,6.238629704766226e-07,2.0591858611066661e-07
k1_w256_d16,2022-01-10T00,2022-01-10T06,6,specific_cloud_ice_water_content,2.0,2.027716723254796e-12,2.4526590088049624e-12,5.850281516041546e-07,1.5213141463415247e-07
k1_w256_d16,2022-01-10T00,2022-01-10T06,6,specific_cloud_ice_water_content,3.0,2.0229075345536967e-12,2.4440982549618625e-12,5.72856012505721e-07,1.60174034893932e-07
k1_w256_d16,2022-01-10T00,2022-01-10T06,6,specific_cloud_ice_water_content,5.0,1.9996778933935833e-12,2.44077670780922e-12,5.587407108736197e-07,1.1841236443704956e-07
k1_w256_d16,2022-01-10T00,2022-01-10T06,6,specific_cloud_ice_water_content,7.0,2.0123540503163836e-12,2.4672583087957054e-12,5.672149393913982e-07,1.8882201183487925e-07
k1_w256_d16,2022-01-10T00,2022-01-10T06,6,specific_cloud_ice_water_content,10.0,2.037848553035611e-12,2.4521679169220454e-12,5.981833098108302e-07,1.701476595648256e-07
k1_w256_d16,2022-01-10T00,2022-01-10T06,6,specific_cloud_ice_water_content,20.0,1.48755210444765e-12,1.8259464445447086e-12,3.564915626472014e-07,-1.1968353895071983e-07
k1_w256_d16,2022-01-10T00,2022-01-10T06,6,specific_cloud_ice_water_content,30.0,9.941403817327904e-13,1.5842601641683187e-12,-1.1082093354429346e-07,-5.232832073636487e-07
k1_w256_d16,2022-01-10T00,2022-01-10T06,6,specific_cloud_liquid_water_content,1.0,7.757208555339974e-12,1.7455462567276546e-11,8.575659972407154e-07,-2.431063407926944e-07
k1_w256_d16,2022-01-10T00,2022-01-10T06,6,specific_cloud_liquid_water_content,2.0,7.768033252963407e-12,1.737263072047518e-11,8.814226926456403e-07,-3.9932337790573875e-08
k1_w256_d16,2022-01-10T00,2022-01-10T06,6,specific_cloud_liquid_water_content,3.0,7.698124016419846e-12,1.7424644736606606e-11,8.389064266073973e-07,6.284427995674073e-08
k1_w256_d16,2022-01-10T00,2022-01-10T06,6,specific_cloud_liquid_water_content,5.0,7.755120571576993e-12,1.743575982317536e-11,8.735207078024945e-07,1.262679628457215e-07
k1_w256_d16,2022-01-10T00,2022-01-10T06,6,specific_cloud_liquid_water_content,7.0,7.830635752254065e-12,1.739739940469936e-11,9.127986828439538e-07,-3.9826579279373136e-08
k1_w256_d16,2022-01-10T00,2022-01-10T06,6,specific_cloud_liquid_water_content,10.0,7.71015543619863e-12,1.7388627747495887e-11,8.475489957015011e-07,-9.554040003398388e-08
k1_w256_d16,2022-01-10T00,2022-01-10T06,6,specific_cloud_liquid_water_content,20.0,5.881784767208988e-12,1.3999527026707678e-11,8.065658581164909e-07,-6.078270934884943e-07
k1_w256_d16,2022-01-10T00,2022-01-10T06,6,specific_cloud_liquid_water_content,30.0,3.815310592419541e-12,1.0808194454138153e-11,7.231624994069726e-07,-5.430925907847819e-07
k1_w256_d16,2022-01-10T06,2022-01-10T12,6,temperature,1.0,93.78922602578669,60.849139079080174,-5.975487443253258,-0.8079165169723557
k1_w256_d16,2022-01-10T06,2022-01-10T12,6,temperature,2.0,60.4835843891438,108.02005697606519,-4.071937830597122,7.820329885255436
k1_w256_d16,2022-01-10T06,2022-01-10T12,6,temperature,3.0,38.180644060454505,93.56389128286676,-2.3446659209315337,7.701959681740624
k1_w256_d16,2022-01-10T06,2022-01-10T12,6,temperature,5.0,21.360983641640452,45.66317979470533,-1.81076124612015,5.069731009132152
k1_w256_d16,2022-01-10T06,2022-01-10T12,6,temperature,7.0,15.185788425355014,35.754406415978146,-1.418445208462932,4.579271196737569
k1_w256_d16,2022-01-10T06,2022-01-10T12,6,temperature,10.0,8.02794643616786,22.565464651711856,-0.2251098047081976,3.7099562428258
k1_w256_d16,2022-01-10T06,2022-01-10T12,6,temperature,20.0,4.1491239182976045,10.633733734711459,0.7134882458393466,-2.229296959438145
k1_w256_d16,2022-01-10T06,2022-01-10T12,6,temperature,30.0,3.5872640014249644,12.062946993768463,0.8664315954685976,-2.699995506784041
k1_w256_d16,2022-01-10T06,2022-01-10T12,6,geopotential,1.0,923416052.9589018,6719311.2274373025,-30179.07673872254,-271.87414308189034
k1_w256_d16,2022-01-10T06,2022-01-10T12,6,geopotential,2.0,430499372.99126714,2883796.945214183,-20594.257653973902,41.015103671107966
k1_w256_d16,2022-01-10T06,2022-01-10T12,6,geopotential,3.0,244354505.3851617,1752666.396615528,-15516.89925785405,-452.45178986552014
k1_w256_d16,2022-01-10T06,2022-01-10T12,6,geopotential,5.0,92430288.80202934,784847.0306374654,-9534.958412778928,99.98241699875459
k1_w256_d16,2022-01-10T06,2022-01-10T12,6,geopotential,7.0,37075323.027193606,510979.18721470307,-6029.033287145138,146.6546051876296
k1_w256_d16,2022-01-10T06,2022-01-10T12,6,geopotential,10.0,8065849.710820613,389978.4567284705,-2778.9474146274274,177.39184636976216
k1_w256_d16,2022-01-10T06,2022-01-10T12,6,geopotential,20.0,1829836.2361698304,250742.02675291456,1316.6390827020973,335.29027786699794
k1_w256_d16,2022-01-10T06,2022-01-10T12,6,geopotential,30.0,3149336.258019588,177997.41952002395,1757.4089549981481,248.67589595155158
k1_w256_d16,2022-01-10T06,2022-01-10T12,6,geopotential,500.0,1336.3230732638099,15413.431903414243,-9.840137905998144,-19.720191229494304
k1_w256_d16,2022-01-10T06,2022-01-10T12,6,u_component_of_wind,1.0,396.5646368896081,463.59138528239555,1.9328784234306395,-7.301655921446814
k1_w256_d16,2022-01-10T06,2022-01-10T12,6,u_component_of_wind,2.0,216.66386560680243,194.95051169501488,1.9217683845491733,0.03915384733915245
k1_w256_d16,2022-01-10T06,2022-01-10T12,6,u_component_of_wind,3.0,154.71998100728604,163.8907304730272,-2.226927804458417,-3.0343497923128186
k1_w256_d16,2022-01-10T06,2022-01-10T12,6,u_component_of_wind,5.0,127.33224828971998,149.12028082784892,-1.8011990514615746,-2.7879536784560184
k1_w256_d16,2022-01-10T06,2022-01-10T12,6,u_component_of_wind,7.0,130.32238492074882,171.7399035580218,-4.402602757196647,-5.325222602881736
k1_w256_d16,2022-01-10T06,2022-01-10T12,6,u_component_of_wind,10.0,136.2662721502393,245.03775571429327,-5.529259146625664,-7.66103672892656
k1_w256_d16,2022-01-10T06,2022-01-10T12,6,u_component_of_wind,20.0,27.47160210404608,56.34573571544941,1.2034655216431234,3.569323933839959
k1_w256_d16,2022-01-10T06,2022-01-10T12,6,u_component_of_wind,30.0,26.12367107392703,49.3029265340744,1.6136930273138999,3.8721770265078805
k1_w256_d16,2022-01-10T06,2022-01-10T12,6,v_component_of_wind,1.0,153.219784042033,185.65762673280585,-0.08422656547537771,4.89462599424853
k1_w256_d16,2022-01-10T06,2022-01-10T12,6,v_component_of_wind,2.0,86.47479013799384,82.91423494699653,-0.37260996808650465,1.226363482114201
k1_w256_d16,2022-01-10T06,2022-01-10T12,6,v_component_of_wind,3.0,52.7408317485,55.97409615859729,0.05280680445797324,-0.13692308117557384
k1_w256_d16,2022-01-10T06,2022-01-10T12,6,v_component_of_wind,5.0,28.207256299307677,35.59050668563563,0.3577880516399353,0.23503516313014536
k1_w256_d16,2022-01-10T06,2022-01-10T12,6,v_component_of_wind,7.0,22.06284269823938,29.519059347427397,-0.13193767290802547,-1.5491390291306835
k1_w256_d16,2022-01-10T06,2022-01-10T12,6,v_component_of_wind,10.0,16.083242102492257,26.85137209647757,-0.3632286863923384,-3.0305015016921217
k1_w256_d16,2022-01-10T06,2022-01-10T12,6,v_component_of_wind,20.0,8.978953155121957,26.949601300413605,-0.37499554416527003,-3.991783355771055
k1_w256_d16,2022-01-10T06,2022-01-10T12,6,v_component_of_wind,30.0,6.645694616068501,21.939144256122308,-0.06537375035504767,3.373218655897805
k1_w256_d16,2022-01-10T06,2022-01-10T12,6,specific_humidity,1.0,7.799124321914254e-13,1.5691282047657145e-13,-8.662722706119367e-07,-3.419408440981524e-07
k1_w256_d16,2022-01-10T06,2022-01-10T12,6,specific_humidity,2.0,4.048409107350545e-13,2.910464762229392e-14,-6.18474241460861e-07,-9.015484374133639e-08
k1_w256_d16,2022-01-10T06,2022-01-10T12,6,specific_humidity,3.0,3.148159217767085e-13,2.6112974617461186e-14,-5.351490393067763e-07,-1.1689486593888461e-08
k1_w256_d16,2022-01-10T06,2022-01-10T12,6,specific_humidity,5.0,2.1720662410971164e-13,4.669405856626007e-14,-4.264396767806643e-07,1.1728593624141243e-07
k1_w256_d16,2022-01-10T06,2022-01-10T12,6,specific_humidity,7.0,1.498204023793632e-13,6.297600531094424e-14,-3.4537896418277704e-07,1.8810587119442901e-07
k1_w256_d16,2022-01-10T06,2022-01-10T12,6,specific_humidity,10.0,7.455202572280154e-14,1.1003007490406967e-13,-2.3302179071993625e-07,3.0446937815336155e-07
k1_w256_d16,2022-01-10T06,2022-01-10T12,6,specific_humidity,20.0,1.0822659292027408e-14,1.4508203986226934e-13,-2.193132977502266e-08,3.694266233817364e-07
k1_w256_d16,2022-01-10T06,2022-01-10T12,6,specific_humidity,30.0,7.267001061598495e-15,2.911406410326482e-14,3.492059338415131e-08,1.4574159254030446e-07
k1_w256_d16,2022-01-10T06,2022-01-10T12,6,specific_cloud_ice_water_content,1.0,2.042912919062748e-12,2.410255375035458e-12,6.286991305789217e-07,1.885851827452846e-07
k1_w256_d16,2022-01-10T06,2022-01-10T12,6,specific_cloud_ice_water_content,2.0,2.0043699608421332e-12,2.394042906555235e-12,5.895659106622714e-07,1.3342348786689853e-07
k1_w256_d16,2022-01-10T06,2022-01-10T12,6,specific_cloud_ice_water_content,3.0,1.995196038610594e-12,2.38784566430493e-12,5.77055192228141e-07,1.4253659777097034e-07
k1_w256_d16,2022-01-10T06,2022-01-10T12,6,specific_cloud_ice_water_content,5.0,1.974477239729922e-12,2.3788277086326614e-12,5.637544683621593e-07,9.928432518627553e-08
k1_w256_d16,2022-01-10T06,2022-01-10T12,6,specific_cloud_ice_water_content,7.0,1.9871649982214274e-12,2.4038425265770273e-12,5.718710554016572e-07,1.6997398901701567e-07
k1_w256_d16,2022-01-10T06,2022-01-10T12,6,specific_cloud_ice_water_content,10.0,2.013007073807522e-12,2.389315401961929e-12,6.029603853837612e-07,1.514902087781312e-07
k1_w256_d16,2022-01-10T06,2022-01-10T12,6,specific_cloud_ice_water_content,20.0,1.4520079424610703e-12,1.8081649690493892e-12,3.6185389592833744e-07,-1.294074427868638e-07
k1_w256_d16,2022-01-10T06,2022-01-10T12,6,specific_cloud_ice_water_content,30.0,9.617915551911759e-13,1.5668038550026667e-12,-1.0229810603044159e-07,-5.119783562596236e-07
k1_w256_d16,2022-01-10T06,2022-01-10T12,6,specific_cloud_liquid_water_content,1.0,8.023543137765301e-12,1.7682177414325664e-11,9.028012812648157e-07,-1.5594956580334083e-08
k1_w256_d16,2022-01-10T06,2022-01-10T12,6,specific_cloud_liquid_water_content,2.0,8.031219354094649e-12,1.768263408749645e-11,9.262346981850828e-07,1.9299232414331723e-07
k1_w256_d16,2022-01-10T06,2022-01-10T12,6,specific_cloud_liquid_water_content,3.0,7.957714595141382e-12,1.780840788728397e-11,8.837702473402534e-07,2.955454960253578e-07
k1_w256_d16,2022-01-10T06,2022-01-10T12,6,specific_cloud_liquid_water_content,5.0,8.015442137352064e-12,1.782782641057274e-11,9.174124790665553e-07,3.598895507260209e-07
k1_w256_d16,2022-01-10T06,2022-01-10T12,6,specific_cloud_liquid_water_content,7.0,8.098073547020807e-12,1.7689667721067997e-11,9.579137702950156e-07,1.9224113108664332e-07
k1_w256_d16,2022-01-10T06,2022-01-10T12,6,specific_cloud_liquid_water_content,10.0,7.96741586067636e-12,1.7692365840956586e-11,8.910464562484777e-07,1.3652532218585506e-07
k1_w256_d16,2022-01-10T06,2022-01-10T12,6,specific_cloud_liquid_water_content,20.0,6.215731584616913e-12,1.3825589245421911e-11,8.642561203792501e-07,-3.825911745599252e-07
k1_w256_d16,2022-01-10T06,2022-01-10T12,6,specific_cloud_liquid_water_content,30.0,4.2132672367040595e-12,1.0307035452852646e-11,8.107638140872547e-07,-3.0202275534496104e-07
k1_w256_d16,2022-01-10T12,2022-01-10T18,6,temperature,1.0,87.17910031908042,60.641980684814726,-5.551195456491258,-0.7380734164943511
k1_w256_d16,2022-01-10T12,2022-01-10T18,6,temperature,2.0,54.037931119310855,102.32360169794774,-3.8397931543404646,7.719553708078967
k1_w256_d16,2022-01-10T12,2022-01-10T18,6,temperature,3.0,32.75680250186548,86.52258206450962,-2.217864842204751,7.479903188386334
k1_w256_d16,2022-01-10T12,2022-01-10T18,6,temperature,5.0,20.768417429091663,44.90050032582091,-1.659251739285482,4.93901284674472
k1_w256_d16,2022-01-10T12,2022-01-10T18,6,temperature,7.0,15.146656921642506,36.27307672655981,-1.2547421710761237,4.529572505821456
k1_w256_d16,2022-01-10T12,2022-01-10T18,6,temperature,10.0,7.617126946837535,21.986749240898718,-0.3884629956203469,3.646097642897561
k1_w256_d16,2022-01-10T12,2022-01-10T18,6,temperature,20.0,4.652175804436794,11.383847006756229,0.6217249863921257,-2.24484434987185
k1_w256_d16,2022-01-10T12,2022-01-10T18,6,temperature,30.0,3.798768017842284,12.490318647389774,0.8309304077059623,-2.6813307283867562
k1_w256_d16,2022-01-10T12,2022-01-10T18,6,geopotential,1.0,924825211.8452573,6123781.645732848,-30221.38696643422,-138.78568420957401
k1_w256_d16,2022-01-10T12,2022-01-10T18,6,geopotential,2.0,431192234.6561055,2611015.372629418,-20623.4635002162,135.0871220853358
k1_w256_d16,2022-01-10T12,2022-01-10T18,6,geopotential,3.0,244348931.97466218,1587552.4245593823,-15523.184988578236,-360.79404066525933
k1_w256_d16,2022-01-10T12,2022-01-10T18,6,geopotential,5.0,91988818.12367266,809229.4737056168,-9514.840893858795,194.65435443818808
k1_w256_d16,2022-01-10T12,2022-01-10T18,6,geopotential,7.0,36716064.927959315,534597.4131270176,-6002.556028361382,233.06593910255145
k1_w256_d16,2022-01-10T12,2022-01-10T18,6,geopotential,10.0,7856753.496573241,410505.1317819325,-2745.9360017710815,248.77117307674044
k1_w256_d16,2022-01-10T12,2022-01-10T18,6,geopotential,20.0,1938706.8046193589,273896.3005389427,1358.558158818782,370.63087053769556
k1_w256_d16,2022-01-10T12,2022-01-10T18,6,geopotential,30.0,3279096.797039326,187713.8060047717,1794.0620682748058,268.61601605977944
k1_w256_d16,2022-01-10T12,2022-01-10T18,6,geopotential,500.0,647.9527317120185,13898.383019905834,-5.075432379493668,-13.440794197938041
k1_w256_d16,2022-01-10T12,2022-01-10T18,6,u_component_of_wind,1.0,371.71263331414,458.7926776926299,1.8408435138730883,-7.532024519394145
k1_w256_d16,2022-01-10T12,2022-01-10T18,6,u_component_of_wind,2.0,209.95518619304625,203.90261088008742,1.8548200130848334,-0.13734675179372824
k1_w256_d16,2022-01-10T12,2022-01-10T18,6,u_component_of_wind,3.0,144.71686965166387,155.43495560454198,-1.9880902203748239,-2.952639406368455
k1_w256_d16,2022-01-10T12,2022-01-10T18,6,u_component_of_wind,5.0,122.41034868061674,152.9613775799252,-1.2583343159521512,-2.3844101648197475
k1_w256_d16,2022-01-10T12,2022-01-10T18,6,u_component_of_wind,7.0,120.90780543137271,168.18434955000743,-3.8095345216016545,-4.836702516720729
k1_w256_d16,2022-01-10T12,2022-01-10T18,6,u_component_of_wind,10.0,129.1950397637891,242.22521024220862,-5.249594146862103,-7.44372362430499
k1_w256_d16,2022-01-10T12,2022-01-10T18,6,u_component_of_wind,20.0,26.923524807740346,56.02840442571605,0.8453354636783297,3.340761707626157
k1_w256_d16,2022-01-10T12,2022-01-10T18,6,u_component_of_wind,30.0,24.08169487041825,48.341900335502125,1.549954109464557,3.8275078861902534
k1_w256_d16,2022-01-10T12,2022-01-10T18,6,v_component_of_wind,1.0,178.31840966708157,211.7095377806429,-0.04700352522496975,5.575647026105264
k1_w256_d16,2022-01-10T12,2022-01-10T18,6,v_component_of_wind,2.0,100.65829402136694,106.58765252415913,-0.12989471215799114,1.7694627183836193
k1_w256_d16,2022-01-10T12,2022-01-10T18,6,v_component_of_wind,3.0,63.52326366151479,69.05136293865287,-0.1203742052102244,-0.20364147970036509
k1_w256_d16,2022-01-10T12,2022-01-10T18,6,v_component_of_wind,5.0,35.96608681130535,38.69495968526189,0.5470870711964797,0.45625574889500053
k1_w256_d16,2022-01-10T12,2022-01-10T18,6,v_component_of_wind,7.0,26.745187183139286,31.685233135767007,0.27683513139228266,-1.1549565028513238
k1_w256_d16,2022-01-10T12,2022-01-10T18,6,v_component_of_wind,10.0,19.47528339636765,32.00150394517199,-0.2652000317492359,-2.971969654874243
k1_w256_d16,2022-01-10T12,2022-01-10T18,6,v_component_of_wind,20.0,8.548048932636728,26.332973578843614,-0.3774818070277428,-3.971578340971425
k1_w256_d16,2022-01-10T12,2022-01-10T18,6,v_component_of_wind,30.0,7.226212916356587,21.588153182390354,-0.26221593023945494,3.305559173082127
k1_w256_d16,2022-01-10T12,2022-01-10T18,6,specific_humidity,1.0,7.799843999845057e-13,1.5587153214899775e-13,-8.657756943419235e-07,-3.3955120770840285e-07
k1_w256_d16,2022-01-10T12,2022-01-10T18,6,specific_humidity,2.0,4.031524200818395e-13,2.8143862099712254e-14,-6.171624818695106e-07,-8.68110588065071e-08
k1_w256_d16,2022-01-10T12,2022-01-10T18,6,specific_humidity,3.0,3.14561108396891e-13,2.641444855563212e-14,-5.3425052670784e-07,-8.766231627007032e-09
k1_w256_d16,2022-01-10T12,2022-01-10T18,6,specific_humidity,5.0,2.1764812493212748e-13,4.6878559585033345e-14,-4.2696308346232934e-07,1.1870760033688213e-07
k1_w256_d16,2022-01-10T12,2022-01-10T18,6,specific_humidity,7.0,1.4948914085726992e-13,6.404435376669214e-14,-3.445717838685988e-07,1.907413561050597e-07
k1_w256_d16,2022-01-10T12,2022-01-10T18,6,specific_humidity,10.0,7.394023904923742e-14,1.1170075818036859e-13,-2.320592395999947e-07,3.073085661450271e-07
k1_w256_d16,2022-01-10T12,2022-01-10T18,6,specific_humidity,20.0,1.1012628207624904e-14,1.4682061958682524e-13,-2.1456115052807625e-08,3.7131309148008705e-07
k1_w256_d16,2022-01-10T12,2022-01-10T18,6,specific_humidity,30.0,7.281678240033715e-15,2.92979242075335e-14,3.446516428070747e-08,1.4583363792156686e-07
k1_w256_d16,2022-01-10T12,2022-01-10T18,6,specific_cloud_ice_water_content,1.0,2.018220428161191e-12,2.378186294602757e-12,5.864544375470594e-07,1.486061857871139e-07
k1_w256_d16,2022-01-10T12,2022-01-10T18,6,specific_cloud_ice_water_content,2.0,1.9795203966376444e-12,2.3744758913024506e-12,5.475090498492062e-07,9.334923585349473e-08
k1_w256_d16,2022-01-10T12,2022-01-10T18,6,specific_cloud_ice_water_content,3.0,1.97525191232878e-12,2.3618419743699686e-12,5.355026395725726e-07,1.0385419528875614e-07
k1_w256_d16,2022-01-10T12,2022-01-10T18,6,specific_cloud_ice_water_content,5.0,1.954009870945628e-12,2.3564421226357377e-12,5.217068260629274e-07,6.048175051161133e-08
k1_w256_d16,2022-01-10T12,2022-01-10T18,6,specific_cloud_ice_water_content,7.0,1.9645508172297874e-12,2.3720168741255784e-12,5.297993034725174e-07,1.2984979904306758e-07
k1_w256_d16,2022-01-10T12,2022-01-10T18,6,specific_cloud_ice_water_content,10.0,1.991765137139077e-12,2.3641003679349076e-12,5.611043996385308e-07,1.1201764887892584e-07
k1_w256_d16,2022-01-10T12,2022-01-10T18,6,specific_cloud_ice_water_content,20.0,1.423568616923166e-12,1.8117766937065578e-12,3.190033574527955e-07,-1.6984608498836978e-07
k1_w256_d16,2022-01-10T12,2022-01-10T18,6,specific_cloud_ice_water_content,30.0,9.436207822555348e-13,1.6298534469284297e-12,-1.4547935953445059e-07,-5.521963040130565e-07
k1_w256_d16,2022-01-10T12,2022-01-10T18,6,specific_cloud_liquid_water_content,1.0,7.729106390872128e-12,1.833279194415188e-11,8.19682241191875e-07,-9.625715266600914e-08
k1_w256_d16,2022-01-10T12,2022-01-10T18,6,specific_cloud_liquid_water_content,2.0,7.723029669184305e-12,1.8281928888283732e-11,8.421436015432085e-07,1.0772019679677464e-07
k1_w256_d16,2022-01-10T12,2022-01-10T18,6,specific_cloud_liquid_water_content,3.0,7.654783105465463e-12,1.8371020594864703e-11,8.000124813630238e-07,2.1072850143168253e-07
k1_w256_d16,2022-01-10T12,2022-01-10T18,6,specific_cloud_liquid_water_content,5.0,7.704812012522845e-12,1.8369932901611558e-11,8.339259404371402e-07,2.759385128428373e-07
k1_w256_d16,2022-01-10T12,2022-01-10T18,6,specific_cloud_liquid_water_content,7.0,7.789689585368105e-12,1.8293603839669968e-11,8.742008602953416e-07,1.0893272525755414e-07
k1_w256_d16,2022-01-10T12,2022-01-10T18,6,specific_cloud_liquid_water_content,10.0,7.663161221381797e-12,1.827012456965206e-11,8.077664431684196e-07,5.2461457203321067e-08
k1_w256_d16,2022-01-10T12,2022-01-10T18,6,specific_cloud_liquid_water_content,20.0,5.882460692494723e-12,1.4318412071511412e-11,7.763123817615243e-07,-4.3642340700441226e-07
k1_w256_d16,2022-01-10T12,2022-01-10T18,6,specific_cloud_liquid_water_content,30.0,3.866339289952729e-12,1.062322982534201e-11,7.077008345748801e-07,-2.915601582197498e-07
k1_w256_d16,2022-01-10T18,2022-01-11T00,6,temperature,1.0,92.21794044906794,60.59907220046033,-5.761354894924825,-0.9357316127973212
k1_w256_d16,2022-01-10T18,2022-01-11T00,6,temperature,2.0,59.19356071636151,105.61334977622525,-3.988370675276738,7.601690986340694
k1_w256_d16,2022-01-10T18,2022-01-11T00,6,temperature,3.0,32.79964484723008,87.4830415647564,-2.169798504362773,7.530490743983825
k1_w256_d16,2022-01-10T18,2022-01-11T00,6,temperature,5.0,21.099501553857166,45.446745586847086,-1.6091698893447512,4.992124461066172
k1_w256_d16,2022-01-10T18,2022-01-11T00,6,temperature,7.0,15.5873543797425,37.07653041130008,-1.2064951507076356,4.539602105215241
k1_w256_d16,2022-01-10T18,2022-01-11T00,6,temperature,10.0,8.93787777824648,22.430252393051166,-0.41297026111245433,3.603826877128149
k1_w256_d16,2022-01-10T18,2022-01-11T00,6,temperature,20.0,4.573209091039614,11.45665995721752,0.60665024149434,-2.2733323244741768
k1_w256_d16,2022-01-10T18,2022-01-11T00,6,temperature,30.0,3.4902927082577744,12.465728096247467,0.7857748315110589,-2.6952022555282906
k1_w256_d16,2022-01-10T18,2022-01-11T00,6,geopotential,1.0,925461740.8506007,6738424.848384554,-30219.249391083435,-290.1861643217595
k1_w256_d16,2022-01-10T18,2022-01-11T00,6,geopotential,2.0,430457905.12229747,2820090.2573537086,-20600.04709254167,46.34989945760664
k1_w256_d16,2022-01-10T18,2022-01-11T00,6,geopotential,3.0,244066497.94683838,1787879.293168304,-15511.193229445746,-443.1989373011203
k1_w256_d16,2022-01-10T18,2022-01-11T00,6,geopotential,5.0,92322918.87233104,857807.6246771449,-9531.713019099005,110.56990406040366
k1_w256_d16,2022-01-10T18,2022-01-11T00,6,geopotential,7.0,37098194.843905784,527359.2337134145,-6035.135353526953,153.763991588922
k1_w256_d16,2022-01-10T18,2022-01-11T00,6,geopotential,10.0,8074573.652850591,387853.535604715,-2787.5827934840063,180.24980625490878
k1_w256_d16,2022-01-10T18,2022-01-11T00,6,geopotential,20.0,1825364.8613567448,248382.92952849498,1315.1729310572273,328.5743293995423
k1_w256_d16,2022-01-10T18,2022-01-11T00,6,geopotential,30.0,3147813.4034901643,161629.03334625048,1757.0797378197574,239.8616134487649
k1_w256_d16,2022-01-10T18,2022-01-11T00,6,geopotential,500.0,1233.7259139268353,14869.292261386232,-9.18688378555979,-17.92565283169138
k1_w256_d16,2022-01-10T18,2022-01-11T00,6,u_component_of_wind,1.0,390.9839159516805,460.03204278212627,2.048245278783206,-7.2430539096050754
k1_w256_d16,2022-01-10T18,2022-01-11T00,6,u_component_of_wind,2.0,217.95204540044114,203.69912330891083,2.2642633519387387,0.33715106786775606
k1_w256_d16,2022-01-10T18,2022-01-11T00,6,u_component_of_wind,3.0,126.16610960954247,141.03418614864816,-1.795662977971067,-2.7042346899927887
k1_w256_d16,2022-01-10T18,2022-01-11T00,6,u_component_of_wind,5.0,104.63062996215567,155.25348881495626,-1.1512403748670343,-2.24513284399422
k1_w256_d16,2022-01-10T18,2022-01-11T00,6,u_component_of_wind,7.0,101.64659305690259,162.51664034850907,-3.5370612907259886,-4.445407581801694
k1_w256_d16,2022-01-10T18,2022-01-11T00,6,u_component_of_wind,10.0,122.41978465240223,234.63168746403227,-4.937893028622016,-6.858471137691836
k1_w256_d16,2022-01-10T18,2022-01-11T00,6,u_component_of_wind,20.0,25.909307393384623,59.5195722775735,1.0254615852339741,3.87917979066013
k1_w256_d16,2022-01-10T18,2022-01-11T00,6,u_component_of_wind,30.0,24.07683587652371,49.92424079522502,1.569797185715401,4.001901715579343
k1_w256_d16,2022-01-10T18,2022-01-11T00,6,v_component_of_wind,1.0,161.19312872733227,205.15730272853008,-0.4972688511609682,5.5409428094761335
k1_w256_d16,2022-01-10T18,2022-01-11T00,6,v_component_of_wind,2.0,79.8916732330319,86.77182394601658,-0.0992755591636663,2.047103034675184
k1_w256_d16,2022-01-10T18,2022-01-11T00,6,v_component_of_wind,3.0,64.67251435697676,69.6360035963234,-0.28887305190767876,-0.21402440842126835
k1_w256_d16,2022-01-10T18,2022-01-11T00,6,v_component_of_wind,5.0,36.36333145233246,39.221137253583805,0.1042131770961393,0.16660523353926687
k1_w256_d16,2022-01-10T18,2022-01-11T00,6,v_component_of_wind,7.0,27.991076872933405,31.789133120924205,0.44181111140702206,-0.8078889533155128
k1_w256_d16,2022-01-10T18,2022-01-11T00,6,v_component_of_wind,10.0,18.45123055648012,29.264830156123004,-0.3720776801262361,-2.8745123330233597
k1_w256_d16,2022-01-10T18,2022-01-11T00,6,v_component_of_wind,20.0,9.24825738449574,26.691654684815447,-0.5054263731338146,-3.851615358744602
k1_w256_d16,2022-01-10T18,2022-01-11T00,6,v_component_of_wind,30.0,6.381370082469462,21.621124104197584,-0.37564477312320743,3.4013044646994017
k1_w256_d16,2022-01-10T18,2022-01-11T00,6,specific_humidity,1.0,7.800625591768339e-13,1.572413749995219e-13,-8.65511635953819e-07,-3.411053852449279e-07
k1_w256_d16,2022-01-10T18,2022-01-11T00,6,specific_humidity,2.0,4.015305886443255e-13,2.7655767364486442e-14,-6.163023680953457e-07,-8.769444753134032e-08
k1_w256_d16,2022-01-10T18,2022-01-11T00,6,specific_humidity,3.0,3.1278979829652054e-13,2.612472875277866e-14,-5.326903475456738e-07,-9.094950356036969e-09
k1_w256_d16,2022-01-10T18,2022-01-11T00,6,specific_humidity,5.0,2.176554652231826e-13,4.669463309128821e-14,-4.2659177795637664e-07,1.1734183836243778e-07
k1_w256_d16,2022-01-10T18,2022-01-11T00,6,specific_humidity,7.0,1.4889760624728168e-13,6.340244695993247e-14,-3.4392037701635315e-07,1.897477146833976e-07
k1_w256_d16,2022-01-10T18,2022-01-11T00,6,specific_humidity,10.0,7.38240764235398e-14,1.1165689135003607e-13,-2.3099575981681824e-07,3.06642390458273e-07
k1_w256_d16,2022-01-10T18,2022-01-11T00,6,specific_humidity,20.0,1.1180971937551945e-14,1.4604550600852072e-13,-2.1718044312514322e-08,3.698325446469398e-07
k1_w256_d16,2022-01-10T18,2022-01-11T00,6,specific_humidity,30.0,7.225818178755897e-15,2.92296128557061e-14,3.4493937253814436e-08,1.4557988828607805e-07
k1_w256_d16,2022-01-10T18,2022-01-11T00,6,specific_cloud_ice_water_content,1.0,2.1633908034525313e-12,2.414370677207968e-12,6.499675975413682e-07,2.583205282376354e-07
k1_w256_d16,2022-01-10T18,2022-01-11T00,6,specific_cloud_ice_water_content,2.0,2.118790180876067e-12,2.3846337544591048e-12,6.104056180424807e-07,2.0195760086588472e-07
k1_w256_d16,2022-01-10T18,2022-01-11T00,6,specific_cloud_ice_water_content,3.0,2.1140012444234565e-12,2.3829093297581117e-12,5.994646396742449e-07,2.123993072319886e-07
k1_w256_d16,2022-01-10T18,2022-01-11T00,6,specific_cloud_ice_water_content,5.0,2.0905673392545132e-12,2.3685291096563325e-12,5.851537964143026e-07,1.691745181746826e-07
k1_w256_d16,2022-01-10T18,2022-01-11T00,6,specific_cloud_ice_water_content,7.0,2.1012331216187144e-12,2.4000586677370095e-12,5.931279330799063e-07,2.3915499840346074e-07
k1_w256_d16,2022-01-10T18,2022-01-11T00,6,specific_cloud_ice_water_content,10.0,2.1333686937602134e-12,2.3905125536225926e-12,6.247106484817316e-07,2.2158089858061195e-07
k1_w256_d16,2022-01-10T18,2022-01-11T00,6,specific_cloud_ice_water_content,20.0,1.5298961354716566e-12,1.7775009550235949e-12,3.825320008793649e-07,-6.495485627150623e-08
k1_w256_d16,2022-01-10T18,2022-01-11T00,6,specific_cloud_ice_water_content,30.0,9.595745302098108e-13,1.5335399408767941e-12,-8.644361461980674e-08,-4.630703441491791e-07
k1_w256_d16,2022-01-10T18,2022-01-11T00,6,specific_cloud_liquid_water_content,1.0,7.663751797354223e-12,1.8175517412029616e-11,8.207683724828757e-07,-1.629192850917021e-07
k1_w256_d16,2022-01-10T18,2022-01-11T00,6,specific_cloud_liquid_water_content,2.0,7.670258939294563e-12,1.813986686152189e-11,8.442107929353149e-07,4.1872567044649646e-08
k1_w256_d16,2022-01-10T18,2022-01-11T00,6,specific_cloud_liquid_water_content,3.0,7.604628550239604e-12,1.8202853682979585e-11,8.021488996602079e-07,1.446657292025911e-07
k1_w256_d16,2022-01-10T18,2022-01-11T00,6,specific_cloud_liquid_water_content,5.0,7.652037496509476e-12,1.821616954717758e-11,8.346919290617294e-07,2.099847234151022e-07
k1_w256_d16,2022-01-10T18,2022-01-11T00,6,specific_cloud_liquid_water_content,7.0,7.727893333693106e-12,1.815190745606281e-11,8.747401093806072e-07,4.4143209648145605e-08
k1_w256_d16,2022-01-10T18,2022-01-11T00,6,specific_cloud_liquid_water_content,10.0,7.604913037441995e-12,1.8128623855289683e-11,8.093200496451363e-07,-1.2895567786677005e-08
k1_w256_d16,2022-01-10T18,2022-01-11T00,6,specific_cloud_liquid_water_content,20.0,5.8773226140489015e-12,1.4245169523349148e-11,7.811838144053317e-07,-4.804136098748209e-07
k1_w256_d16,2022-01-10T18,2022-01-11T00,6,specific_cloud_liquid_water_content,30.0,3.9523828073324785e-12,1.04876919374421e-11,7.170847164336704e-07,-2.961218253942272e-07
k1_w256_d16,2022-01-11T00,2022-01-11T06,6,temperature,1.0,96.01278742871295,65.70782971625232,-5.7504671206374205,-0.7851882125255029
k1_w256_d16,2022-01-11T00,2022-01-11T06,6,temperature,2.0,64.97134836866576,106.93860577872019,-4.204531649883291,7.487605174747543
k1_w256_d16,2022-01-11T00,2022-01-11T06,6,temperature,3.0,37.38463621384311,86.3599201751593,-2.5553649213211207,7.29338352152379
k1_w256_d16,2022-01-11T00,2022-01-11T06,6,temperature,5.0,20.749786712178977,42.81200952411283,-1.85951973501082,4.873610349462265
k1_w256_d16,2022-01-11T00,2022-01-11T06,6,temperature,7.0,14.62300186282001,35.383406504399105,-1.3280001030865125,4.523971688221117
k1_w256_d16,2022-01-11T00,2022-01-11T06,6,temperature,10.0,9.563606537185704,23.189984633752594,-0.2629022800016626,3.6588664839608516
k1_w256_d16,2022-01-11T00,2022-01-11T06,6,temperature,20.0,4.789617797767283,10.894037194083351,0.6945800113319129,-2.2235793719927623
k1_w256_d16,2022-01-11T00,2022-01-11T06,6,temperature,30.0,3.818234311074133,12.065400753612543,0.8763241735227689,-2.6257467043624487
k1_w256_d16,2022-01-11T00,2022-01-11T06,6,geopotential,1.0,924369727.0873342,6715596.8394788,-30190.146338056373,-398.95333604014104
k1_w256_d16,2022-01-11T00,2022-01-11T06,6,geopotential,2.0,430392371.6225128,2811842.188779886,-20596.56100747371,-45.97710932621344
k1_w256_d16,2022-01-11T00,2022-01-11T06,6,geopotential,3.0,243519732.4590084,1867455.1667462382,-15494.473480712553,-494.3556310391724
k1_w256_d16,2022-01-11T00,2022-01-11T06,6,geopotential,5.0,91483817.89742734,917973.0466435794,-9485.80824751556,101.20737336865379
k1_w256_d16,2022-01-11T00,2022-01-11T06,6,geopotential,7.0,36521227.46490868,584181.1427336799,-5984.404415474494,163.72117270443323
k1_w256_d16,2022-01-11T00,2022-01-11T06,6,geopotential,10.0,7797439.73730471,399756.5864099655,-2739.1882778815916,205.6214500571974
k1_w256_d16,2022-01-11T00,2022-01-11T06,6,geopotential,20.0,1911060.7272417713,263129.15916586266,1352.212030652479,371.5384510777162
k1_w256_d16,2022-01-11T00,2022-01-11T06,6,geopotential,30.0,3258564.673898424,181362.09312695224,1789.3192099299713,281.44166998458195
k1_w256_d16,2022-01-11T00,2022-01-11T06,6,geopotential,500.0,628.964746173925,13529.809334813865,-5.123217668806532,-15.221025143300961
k1_w256_d16,2022-01-11T00,2022-01-11T06,6,u_component_of_wind,1.0,355.86098084146806,440.65200242530545,1.1239184556862702,-8.19157274253882
k1_w256_d16,2022-01-11T00,2022-01-11T06,6,u_component_of_wind,2.0,228.16087176924088,212.95634661021126,2.1876941313570315,0.3680546030304691
k1_w256_d16,2022-01-11T00,2022-01-11T06,6,u_component_of_wind,3.0,152.00501237193805,165.14760692738415,-1.9034759967730932,-2.619478254015439
k1_w256_d16,2022-01-11T00,2022-01-11T06,6,u_component_of_wind,5.0,107.49783618708517,153.94531115881466,-1.770248554472134,-2.7202393521592585
k1_w256_d16,2022-01-11T00,2022-01-11T06,6,u_component_of_wind,7.0,108.2398743943659,172.50743996011886,-4.084626709677419,-4.904469493371398
k1_w256_d16,2022-01-11T00,2022-01-11T06,6,u_component_of_wind,10.0,128.7724595904675,245.57745082573757,-5.3662443758981215,-7.2381018771121255
k1_w256_d16,2022-01-11T00,2022-01-11T06,6,u_component_of_wind,20.0,23.0188876662995,55.56918248986514,0.9673660945594722,3.8072912675398225
k1_w256_d16,2022-01-11T00,2022-01-11T06,6,u_component_of_wind,30.0,25.237522883703832,50.880376760506124,1.6250830085903858,4.123500848309494
k1_w256_d16,2022-01-11T00,2022-01-11T06,6,v_component_of_wind,1.0,183.73289127900867,221.42849037318675,-0.007898805651862219,5.28908548147731
k1_w256_d16,2022-01-11T00,2022-01-11T06,6,v_component_of_wind,2.0,77.70032232211511,85.16208469060818,0.3793341284368861,2.022789119797763
k1_w256_d16,2022-01-11T00,2022-01-11T06,6,v_component_of_wind,3.0,47.52592359058176,52.82238592167059,-0.4296658189440725,-0.7084084267960651
k1_w256_d16,2022-01-11T00,2022-01-11T06,6,v_component_of_wind,5.0,36.68113597124827,39.81942512717187,-0.22209147044309116,-0.4465725177577886
k1_w256_d16,2022-01-11T00,2022-01-11T06,6,v_component_of_wind,7.0,23.566752202172616,26.919175596778775,0.283100317095374,-1.2154667435341073
k1_w256_d16,2022-01-11T00,2022-01-11T06,6,v_component_of_wind,10.0,16.377666286553158,29.054284276978333,-0.37439481401947444,-3.0771776326593008
k1_w256_d16,2022-01-11T00,2022-01-11T06,6,v_component_of_wind,20.0,9.452559000014421,27.03238251957974,-0.34415245865172717,-3.8194674677237335
k1_w256_d16,2022-01-11T00,2022-01-11T06,6,v_component_of_wind,30.0,6.619986499580942,22.812285721339983,-0.14921921194988594,3.530902797916353
k1_w256_d16,2022-01-11T00,2022-01-11T06,6,specific_humidity,1.0,7.806413861629879e-13,1.5876735177402905e-13,-8.65884907966096e-07,-3.428858104321159e-07
k1_w256_d16,2022-01-11T00,2022-01-11T06,6,specific_humidity,2.0,4.017801708337924e-13,2.8616953967382906e-14,-6.161803984502729e-07,-8.910383290940329e-08
k1_w256_d16,2022-01-11T00,2022-01-11T06,6,specific_humidity,3.0,3.104293083175175e-13,2.5822360709924487e-14,-5.308813350114182e-07,-8.697027147954594e-09
k1_w256_d16,2022-01-11T00,2022-01-11T06,6,specific_humidity,5.0,2.173073523502668e-13,4.67906915529451e-14,-4.259629051004811e-07,1.164117355101467e-07
k1_w256_d16,2022-01-11T00,2022-01-11T06,6,specific_humidity,7.0,1.496563036229607e-13,6.269055835411732e-14,-3.449322154663852e-07,1.8715975519315853e-07
k1_w256_d16,2022-01-11T00,2022-01-11T06,6,specific_humidity,10.0,7.250981702820779e-14,1.1112186508193768e-13,-2.294551260796806e-07,3.0675929875708903e-07
k1_w256_d16,2022-01-11T00,2022-01-11T06,6,specific_humidity,20.0,1.1299252879507506e-14,1.4482714639189554e-13,-2.2280599701411864e-08,3.682133535002338e-07
k1_w256_d16,2022-01-11T00,2022-01-11T06,6,specific_humidity,30.0,7.225850962968725e-15,2.90308199110079e-14,3.431447441125743e-08,1.4514538693206406e-07
k1_w256_d16,2022-01-11T00,2022-01-11T06,6,specific_cloud_ice_water_content,1.0,2.100758226587216e-12,2.5059383691630517e-12,6.042551905358953e-07,2.0553644301751366e-07
k1_w256_d16,2022-01-11T00,2022-01-11T06,6,specific_cloud_ice_water_content,2.0,2.059126353423308e-12,2.4821985153152814e-12,5.64899561869174e-07,1.5079468664521686e-07
k1_w256_d16,2022-01-11T00,2022-01-11T06,6,specific_cloud_ice_water_content,3.0,2.0549626246220413e-12,2.479620945567808e-12,5.532524507136877e-07,1.6055959397338428e-07
k1_w256_d16,2022-01-11T00,2022-01-11T06,6,specific_cloud_ice_water_content,5.0,2.0332819060842077e-12,2.475605982507194e-12,5.389574097757239e-07,1.1766511948323347e-07
k1_w256_d16,2022-01-11T00,2022-01-11T06,6,specific_cloud_ice_water_content,7.0,2.0428896613902453e-12,2.4976827758910685e-12,5.475315840540899e-07,1.870100545004375e-07
k1_w256_d16,2022-01-11T00,2022-01-11T06,6,specific_cloud_ice_water_content,10.0,2.0729739805992664e-12,2.4870025781847424e-12,5.785903976153726e-07,1.6962990598652407e-07
k1_w256_d16,2022-01-11T00,2022-01-11T06,6,specific_cloud_ice_water_content,20.0,1.4908062933660966e-12,1.839642050713914e-12,3.427766021102111e-07,-1.1236589021031165e-07
k1_w256_d16,2022-01-11T00,2022-01-11T06,6,specific_cloud_ice_water_content,30.0,9.710982455255526e-13,1.5451075471340034e-12,-1.1389207045735745e-07,-5.056611181862793e-07
k1_w256_d16,2022-01-11T00,2022-01-11T06,6,specific_cloud_liquid_water_content,1.0,7.986304447166786e-12,1.853387174191053e-11,8.257758157785394e-07,-1.6304378911666544e-07
k1_w256_d16,2022-01-11T00,2022-01-11T06,6,specific_cloud_liquid_water_content,2.0,7.987271097278617e-12,1.8478797907775308e-11,8.509026274775916e-07,3.8794951733384074e-08
k1_w256_d16,2022-01-11T00,2022-01-11T06,6,specific_cloud_liquid_water_content,3.0,7.914825849860382e-12,1.853850887441828e-11,8.079278085630265e-07,1.4148192850921636e-07
k1_w256_d16,2022-01-11T00,2022-01-11T06,6,specific_cloud_liquid_water_content,5.0,7.973817968162031e-12,1.8568560186092095e-11,8.410227197814417e-07,2.0654637325881987e-07
k1_w256_d16,2022-01-11T00,2022-01-11T06,6,specific_cloud_liquid_water_content,7.0,8.052773721565607e-12,1.850468854886264e-11,8.805888471710482e-07,4.0450186487559504e-08
k1_w256_d16,2022-01-11T00,2022-01-11T06,6,specific_cloud_liquid_water_content,10.0,7.922770360974195e-12,1.847507183047837e-11,8.155127129993443e-07,-1.5309253583954373e-08
k1_w256_d16,2022-01-11T00,2022-01-11T06,6,specific_cloud_liquid_water_content,20.0,6.063510589770435e-12,1.464452955531813e-11,7.900592232888294e-07,-4.868647017449293e-07
k1_w256_d16,2022-01-11T00,2022-01-11T06,6,specific_cloud_liquid_water_content,30.0,3.891598719567748e-12,1.0760066706978616e-11,7.39528623214172e-07,-3.136153626254671e-07
k1_w256_d16,2022-01-11T06,2022-01-11T12,6,temperature,1.0,103.55507546607993,69.51783649906014,-6.010761113583468,-0.8193489911246723
k1_w256_d16,2022-01-11T06,2022-01-11T12,6,temperature,2.0,64.6038810887166,108.63651567172262,-4.275670108782236,7.574298985358644
k1_w256_d16,2022-01-11T06,2022-01-11T12,6,temperature,3.0,37.29093320177739,91.99466897215537,-2.427885041070734,7.555532599922973
k1_w256_d16,2022-01-11T06,2022-01-11T12,6,temperature,5.0,21.435985461828402,46.42203640535219,-1.6701648926234882,5.160691280718535
k1_w256_d16,2022-01-11T06,2022-01-11T12,6,temperature,7.0,14.763481239298702,36.07459013967454,-1.3137489359841032,4.636350588393681
k1_w256_d16,2022-01-11T06,2022-01-11T12,6,temperature,10.0,9.650741442045007,23.64739879875372,-0.19442039933509297,3.6898341348779184
k1_w256_d16,2022-01-11T06,2022-01-11T12,6,temperature,20.0,4.2276928219343075,10.93431759760966,0.6808780336288016,-2.278199172381168
k1_w256_d16,2022-01-11T06,2022-01-11T12,6,temperature,30.0,3.650466397191873,12.420470467896392,0.8527367877607077,-2.7417215622572764
k1_w256_d16,2022-01-11T06,2022-01-11T12,6,geopotential,1.0,924927530.4770888,6663767.164096219,-30204.511896560198,-279.7207552328705
k1_w256_d16,2022-01-11T06,2022-01-11T12,6,geopotential,2.0,430092595.96158874,2730079.483194719,-20588.046116159858,51.20444438456235
k1_w256_d16,2022-01-11T06,2022-01-11T12,6,geopotential,3.0,243503817.9683819,1727716.1542860696,-15491.475744604475,-424.84607120976966
k1_w256_d16,2022-01-11T06,2022-01-11T12,6,geopotential,5.0,92158163.33617997,887829.5843730284,-9519.543108672646,110.3230428660325
k1_w256_d16,2022-01-11T06,2022-01-11T12,6,geopotential,7.0,37083867.267426014,570279.7189747146,-6028.303769342578,144.10519127728878
k1_w256_d16,2022-01-11T06,2022-01-11T12,6,geopotential,10.0,8105355.9765862245,402611.8152054737,-2789.021412407247,163.33163320075204
k1_w256_d16,2022-01-11T06,2022-01-11T12,6,geopotential,20.0,1800053.2058692952,239445.5961956481,1308.0830677366803,318.24199601993234
k1_w256_d16,2022-01-11T06,2022-01-11T12,6,geopotential,30.0,3123847.8943191487,163707.9221046613,1750.7982928480515,234.0185076387501
k1_w256_d16,2022-01-11T06,2022-01-11T12,6,geopotential,500.0,1365.424740777719,14855.94306908134,-11.298741401098367,-21.584547068585252
k1_w256_d16,2022-01-11T06,2022-01-11T12,6,u_component_of_wind,1.0,405.4396714285624,499.4417590970611,0.19576928057899,-9.33274076453101
k1_w256_d16,2022-01-11T06,2022-01-11T12,6,u_component_of_wind,2.0,226.31061140252078,211.28410013636662,1.708481278770703,-0.3460814870517494
k1_w256_d16,2022-01-11T06,2022-01-11T12,6,u_component_of_wind,3.0,160.38451232174685,170.0869870398028,-1.755780578638651,-2.7249647442778224
k1_w256_d16,2022-01-11T06,2022-01-11T12,6,u_component_of_wind,5.0,125.28755917620938,156.43448353497345,-2.0983056861932474,-3.2288674960583497
k1_w256_d16,2022-01-11T06,2022-01-11T12,6,u_component_of_wind,7.0,127.48684154108835,184.44612579201691,-4.449162476569947,-5.487142436976885
k1_w256_d16,2022-01-11T06,2022-01-11T12,6,u_component_of_wind,10.0,136.4385236978612,255.6574318305464,-5.418720155922925,-7.58408654581233
k1_w256_d16,2022-01-11T06,2022-01-11T12,6,u_component_of_wind,20.0,25.391456407042075,55.59445374566236,1.2750131056748948,3.7175546700732216
k1_w256_d16,2022-01-11T06,2022-01-11T12,6,u_component_of_wind,30.0,26.74514528347487,51.471926694262976,1.7560924189869167,4.0612737404853325
k1_w256_d16,2022-01-11T06,2022-01-11T12,6,v_component_of_wind,1.0,170.2802190018957,204.37496829143245,-0.4692991043751369,4.786693860883221
k1_w256_d16,2022-01-11T06,2022-01-11T12,6,v_component_of_wind,2.0,102.17632216273589,109.66734101306022,0.9672555384734485,2.7595454770301506
k1_w256_d16,2022-01-11T06,2022-01-11T12,6,v_component_of_wind,3.0,59.527312482688,63.47101184663741,0.07924932309132525,0.03768078961588119
k1_w256_d16,2022-01-11T06,2022-01-11T12,6,v_component_of_wind,5.0,32.34550537592512,40.375238060854144,-0.2050784144183201,-0.21311557963623348
k1_w256_d16,2022-01-11T06,2022-01-11T12,6,v_component_of_wind,7.0,24.287714285537078,30.138961795002412,0.03926400607645944,-1.302406527628457
k1_w256_d16,2022-01-11T06,2022-01-11T12,6,v_component_of_wind,10.0,17.09158341718333,27.883496308166883,-0.17792014864283645,-2.81345408417498
k1_w256_d16,2022-01-11T06,2022-01-11T12,6,v_component_of_wind,20.0,9.061907215673614,25.99516740606681,-0.0922351961338901,-3.697457759199096
k1_w256_d16,2022-01-11T06,2022-01-11T12,6,v_component_of_wind,30.0,7.056264529960702,21.732214153399482,-0.23717966877023033,3.301802307139532
k1_w256_d16,2022-01-11T06,2022-01-11T12,6,specific_humidity,1.0,7.808534011898486e-13,1.5907841186017926e-13,-8.658576500053479e-07,-3.41706532663884e-07
k1_w256_d16,2022-01-11T06,2022-01-11T12,6,specific_humidity,2.0,3.9958630527348704e-13,2.8128291690700823e-14,-6.144158660191118e-07,-8.61735283953728e-08
k1_w256_d16,2022-01-11T06,2022-01-11T12,6,specific_humidity,3.0,3.1054159366584035e-13,2.5851775534391095e-14,-5.306294171751151e-07,-7.3571037993754134e-09
k1_w256_d16,2022-01-11T06,2022-01-11T12,6,specific_humidity,5.0,2.1668521132905945e-13,4.6749952020642457e-14,-4.2539035659950535e-07,1.1821774526695697e-07
k1_w256_d16,2022-01-11T06,2022-01-11T12,6,specific_humidity,7.0,1.49893317212532e-13,6.301241376055763e-14,-3.4498458833916134e-07,1.882463898717213e-07
k1_w256_d16,2022-01-11T06,2022-01-11T12,6,specific_humidity,10.0,7.230645893602902e-14,1.1144655880459828e-13,-2.2927400488610404e-07,3.0815119396088514e-07
k1_w256_d16,2022-01-11T06,2022-01-11T12,6,specific_humidity,20.0,1.1276912816905e-14,1.4512830190041682e-13,-2.2151139017739198e-08,3.68980213075253e-07
k1_w256_d16,2022-01-11T06,2022-01-11T12,6,specific_humidity,30.0,7.081845298424882e-15,2.871176211399989e-14,3.3939254214240234e-08,1.4477293923215528e-07
k1_w256_d16,2022-01-11T06,2022-01-11T12,6,specific_cloud_ice_water_content,1.0,2.150670021290347e-12,2.55206869103893e-12,6.45547352920734e-07,2.3181157699550775e-07
k1_w256_d16,2022-01-11T06,2022-01-11T12,6,specific_cloud_ice_water_content,2.0,2.1079226277674814e-12,2.5295443297267526e-12,6.059830584998346e-07,1.7754199487257657e-07
k1_w256_d16,2022-01-11T06,2022-01-11T12,6,specific_cloud_ice_water_content,3.0,2.1011245665406432e-12,2.5253715270832926e-12,5.936536033028042e-07,1.8585115888322077e-07
k1_w256_d16,2022-01-11T06,2022-01-11T12,6,specific_cloud_ice_water_content,5.0,2.0763612713960175e-12,2.5167771930547663e-12,5.801035806119237e-07,1.4352305855643072e-07
k1_w256_d16,2022-01-11T06,2022-01-11T12,6,specific_cloud_ice_water_content,7.0,2.0880718027646095e-12,2.5445416447533474e-12,5.887309000138473e-07,2.1279901278856027e-07
k1_w256_d16,2022-01-11T06,2022-01-11T12,6,specific_cloud_ice_water_content,10.0,2.121142431668808e-12,2.5288600395530015e-12,6.194525275689065e-07,1.9463186930843084e-07
k1_w256_d16,2022-01-11T06,2022-01-11T12,6,specific_cloud_ice_water_content,20.0,1.526905529408868e-12,1.8721511842999098e-12,3.8052165787521913e-07,-8.77871248576776e-08
k1_w256_d16,2022-01-11T06,2022-01-11T12,6,specific_cloud_ice_water_content,30.0,9.635917130417376e-13,1.5224204386887067e-12,-8.596406244132704e-08,-4.80390793108778e-07
k1_w256_d16,2022-01-11T06,2022-01-11T12,6,specific_cloud_liquid_water_content,1.0,8.301497457354802e-12,1.8364124020834584e-11,8.672449104265139e-07,-2.5126214289152072e-08
k1_w256_d16,2022-01-11T06,2022-01-11T12,6,specific_cloud_liquid_water_content,2.0,8.309959811185748e-12,1.8336382636295532e-11,8.927685892900167e-07,1.7934841606352752e-07
k1_w256_d16,2022-01-11T06,2022-01-11T12,6,specific_cloud_liquid_water_content,3.0,8.225758937021864e-12,1.845133390317456e-11,8.489566193084177e-07,2.798340039364163e-07
k1_w256_d16,2022-01-11T06,2022-01-11T12,6,specific_cloud_liquid_water_content,5.0,8.291021086665678e-12,1.8479142636784958e-11,8.818582483852687e-07,3.483500507620031e-07
k1_w256_d16,2022-01-11T06,2022-01-11T12,6,specific_cloud_liquid_water_content,7.0,8.379270164771177e-12,1.8356053120956477e-11,9.22731219214133e-07,1.814402574183294e-07
k1_w256_d16,2022-01-11T06,2022-01-11T12,6,specific_cloud_liquid_water_content,10.0,8.233632582924931e-12,1.834423824965762e-11,8.56424538204853e-07,1.2304968935180967e-07
k1_w256_d16,2022-01-11T06,2022-01-11T12,6,specific_cloud_liquid_water_content,20.0,6.3881232842329536e-12,1.44067099772393e-11,8.380441530406054e-07,-3.583330878005125e-07
k1_w256_d16,2022-01-11T06,2022-01-11T12,6,specific_cloud_liquid_water_content,30.0,4.184070825754111e-12,1.0571532765893931e-11,7.99146951426042e-07,-1.911699118642153e-07
k1_w256_d16,2022-01-11T12,2022-01-11T18,6,temperature,1.0,92.97255294717795,67.3367353016312,-5.551321780141927,-0.749409941303024
k1_w256_d16,2022-01-11T12,2022-01-11T18,6,temperature,2.0,54.31100451654481,102.47143974664417,-3.8980575008582283,7.623113040159907
k1_w256_d16,2022-01-11T12,2022-01-11T18,6,temperature,3.0,32.02843029801285,87.58538127879454,-2.2277910094805233,7.4661168821818045
k1_w256_d16,2022-01-11T12,2022-01-11T18,6,temperature,5.0,17.653369535326895,44.97060094678098,-1.4776436066512282,5.110455715983292
k1_w256_d16,2022-01-11T12,2022-01-11T18,6,temperature,7.0,14.276172093429068,37.493090240398345,-1.074647242983601,4.684212809075492
k1_w256_d16,2022-01-11T12,2022-01-11T18,6,temperature,10.0,8.163928918267125,22.385174842845274,-0.3377285054077801,3.7005625694562667
k1_w256_d16,2022-01-11T12,2022-01-11T18,6,temperature,20.0,3.8901036899952084,10.797043277676478,0.5832731386621501,-2.2582447373000463
k1_w256_d16,2022-01-11T12,2022-01-11T18,6,temperature,30.0,3.4509449629501554,12.14072761076137,0.7996724852247838,-2.7010832425246507
k1_w256_d16,2022-01-11T12,2022-01-11T18,6,geopotential,1.0,924232879.971251,6445066.813525209,-30211.880540268052,-165.0086945539245
k1_w256_d16,2022-01-11T12,2022-01-11T18,6,geopotential,2.0,429964559.919705,2687872.645869377,-20595.642212023937,129.06458247126795
k1_w256_d16,2022-01-11T12,2022-01-11T18,6,geopotential,3.0,243352903.33064234,1653439.6051416798,-15492.177943202785,-351.9595090257467
k1_w256_d16,2022-01-11T12,2022-01-11T18,6,geopotential,5.0,91658032.33316965,902217.1585659601,-9496.10707200721,192.0449375514859
k1_w256_d16,2022-01-11T12,2022-01-11T18,6,geopotential,7.0,36742367.97117849,578607.302389648,-6004.105866758461,215.80938290929322
k1_w256_d16,2022-01-11T12,2022-01-11T18,6,geopotential,10.0,7913742.161906106,405011.14643041283,-2761.763121649886,224.20527068379695
k1_w256_d16,2022-01-11T12,2022-01-11T18,6,geopotential,20.0,1881120.0826847549,250440.4379921435,1343.0712911292921,353.1287954401972
k1_w256_d16,2022-01-11T12,2022-01-11T18,6,geopotential,30.0,3238750.035932959,173868.6458146935,1783.0826875537193,259.49975517762925
k1_w256_d16,2022-01-11T12,2022-01-11T18,6,geopotential,500.0,657.9726298497621,14278.85601427131,-5.471904190477684,-13.462704536268085
k1_w256_d16,2022-01-11T12,2022-01-11T18,6,u_component_of_wind,1.0,408.1788902307054,506.87849849600605,0.5604134624541568,-9.180253588662215
k1_w256_d16,2022-01-11T12,2022-01-11T18,6,u_component_of_wind,2.0,220.42641486138467,210.9128303735311,1.4167036427266604,-0.8211357650755096
k1_w256_d16,2022-01-11T12,2022-01-11T18,6,u_component_of_wind,3.0,145.05516278107547,159.9107397429356,-1.5079908716356933,-2.69179156662028
k1_w256_d16,2022-01-11T12,2022-01-11T18,6,u_component_of_wind,5.0,112.45570105362579,147.55742672300335,-1.2620350790064716,-2.5520534116392803
k1_w256_d16,2022-01-11T12,2022-01-11T18,6,u_component_of_wind,7.0,124.15683473576455,178.67323256852364,-4.176309071093863,-5.325040232274995
k1_w256_d16,2022-01-11T12,2022-01-11T18,6,u_component_of_wind,10.0,129.0334899540653,245.6363261844115,-5.213987187446286,-7.450544809154725
k1_w256_d16,2022-01-11T12,2022-01-11T18,6,u_component_of_wind,20.0,26.16278955651266,56.95179828702696,1.134177018408756,3.6720648832250604
k1_w256_d16,2022-01-11T12,2022-01-11T18,6,u_component_of_wind,30.0,23.61797930752836,47.288612908203454,1.4705806324106478,3.7713406317217033
k1_w256_d16,2022-01-11T12,2022-01-11T18,6,v_component_of_wind,1.0,151.8002442035389,198.72133501187238,-1.116985284622041,4.717188430782627
k1_w256_d16,2022-01-11T12,2022-01-11T18,6,v_component_of_wind,2.0,79.82632107818658,88.95855546927903,0.12188811948247129,2.2495844052099527
k1_w256_d16,2022-01-11T12,2022-01-11T18,6,v_component_of_wind,3.0,56.42700545075992,62.59760516407002,0.4252551250080223,0.5603558786781854
k1_w256_d16,2022-01-11T12,2022-01-11T18,6,v_component_of_wind,5.0,35.3815267625339,42.97625107616212,0.05663099896146093,0.14696884266597438
k1_w256_d16,2022-01-11T12,2022-01-11T18,6,v_component_of_wind,7.0,26.81183383414862,33.10074027909801,-0.04534754386337597,-1.326304409709623
k1_w256_d16,2022-01-11T12,2022-01-11T18,6,v_component_of_wind,10.0,16.688015255278707,27.511387491727113,-0.13679518117014935,-2.7427237729556846
k1_w256_d16,2022-01-11T12,2022-01-11T18,6,v_component_of_wind,20.0,9.538954523905472,26.1929599628792,-0.2958047267510817,-3.881595160229956
k1_w256_d16,2022-01-11T12,2022-01-11T18,6,v_component_of_wind,30.0,7.701995134549421,20.593258633967707,-0.3481547300199186,3.177726114691997
k1_w256_d16,2022-01-11T12,2022-01-11T18,6,specific_humidity,1.0,7.785089179855781e-13,1.5641868754880793e-13,-8.644949055793862e-07,-3.3867026953426727e-07
k1_w256_d16,2022-01-11T12,2022-01-11T18,6,specific_humidity,2.0,3.9622608550385554e-13,2.6925546752793142e-14,-6.120108936457691e-07,-8.199212922916883e-08
k1_w256_d16,2022-01-11T12,2022-01-11T18,6,specific_humidity,3.0,3.084471965532613e-13,2.5670770906550527e-14,-5.286269572843182e-07,-3.5288012874919795e-09
k1_w256_d16,2022-01-11T12,2022-01-11T18,6,specific_humidity,5.0,2.1613856512514386e-13,4.7338689188240216e-14,-4.245970623076273e-07,1.2068786300207505e-07
k1_w256_d16,2022-01-11T12,2022-01-11T18,6,specific_humidity,7.0,1.4820163645616693e-13,6.399686799750057e-14,-3.429519650592444e-07,1.9190058807511227e-07
k1_w256_d16,2022-01-11T12,2022-01-11T18,6,specific_humidity,10.0,7.171134631365791e-14,1.1292891073908998e-13,-2.2837599065910537e-07,3.105845719664386e-07
k1_w256_d16,2022-01-11T12,2022-01-11T18,6,specific_humidity,20.0,1.1379789470264618e-14,1.47254497748736e-13,-2.103391993276898e-08,3.713806573394289e-07
k1_w256_d16,2022-01-11T12,2022-01-11T18,6,specific_humidity,30.0,6.9695890885778596e-15,2.887956359915931e-14,3.437010403536718e-08,1.4555163768423135e-07
k1_w256_d16,2022-01-11T12,2022-01-11T18,6,specific_cloud_ice_water_content,1.0,2.254717396312906e-12,2.6015423523592152e-12,6.338938725613253e-07,1.9632467050008288e-07
k1_w256_d16,2022-01-11T12,2022-01-11T18,6,specific_cloud_ice_water_content,2.0,2.2105427102473416e-12,2.59479492723744e-12,5.949629517494098e-07,1.4335818710695328e-07
k1_w256_d16,2022-01-11T12,2022-01-11T18,6,specific_cloud_ice_water_content,3.0,2.2071823796355493e-12,2.585208311897334e-12,5.827439552419999e-07,1.5126403749916337e-07
k1_w256_d16,2022-01-11T12,2022-01-11T18,6,specific_cloud_ice_water_content,5.0,2.182374931883609e-12,2.5753563839577933e-12,5.689649812880368e-07,1.0947411922853539e-07
k1_w256_d16,2022-01-11T12,2022-01-11T18,6,specific_cloud_ice_water_content,7.0,2.193625432604201e-12,2.5942389717698123e-12,5.776065894089768e-07,1.7780387333705234e-07
k1_w256_d16,2022-01-11T12,2022-01-11T18,6,specific_cloud_ice_water_content,10.0,2.2232122553057924e-12,2.5848579578591997e-12,6.081769815658264e-07,1.595410704142148e-07
k1_w256_d16,2022-01-11T12,2022-01-11T18,6,specific_cloud_ice_water_content,20.0,1.5808692317131085e-12,1.9299156085257746e-12,3.6354089045168957e-07,-1.2505931999694825e-07
k1_w256_d16,2022-01-11T12,2022-01-11T18,6,specific_cloud_ice_water_content,30.0,9.847822068785103e-13,1.6302512385753497e-12,-1.1103726867497583e-07,-5.16729374304123e-07
k1_w256_d16,2022-01-11T12,2022-01-11T18,6,specific_cloud_liquid_water_content,1.0,7.927576130849877e-12,1.8595524609380545e-11,8.315106133972995e-07,-1.3154199978857489e-07
k1_w256_d16,2022-01-11T12,2022-01-11T18,6,specific_cloud_liquid_water_content,2.0,7.935063583410981e-12,1.8522893901790036e-11,8.557082976246731e-07,6.895430062139347e-08
k1_w256_d16,2022-01-11T12,2022-01-11T18,6,specific_cloud_liquid_water_content,3.0,7.859461474192645e-12,1.8589458933610932e-11,8.124466316196077e-07,1.6945853216976208e-07
k1_w256_d16,2022-01-11T12,2022-01-11T18,6,specific_cloud_liquid_water_content,5.0,7.913702198511986e-12,1.8604349413338332e-11,8.463660378670243e-07,2.3995882081287925e-07
k1_w256_d16,2022-01-11T12,2022-01-11T18,6,specific_cloud_liquid_water_content,7.0,7.998522627844258e-12,1.8539558102404312e-11,8.867311509456192e-07,7.363336389230764e-08
k1_w256_d16,2022-01-11T12,2022-01-11T18,6,specific_cloud_liquid_water_content,10.0,7.865991819070794e-12,1.850905898694761e-11,8.20142822119587e-07,1.3811248961125119e-08
k1_w256_d16,2022-01-11T12,2022-01-11T18,6,specific_cloud_liquid_water_content,20.0,6.07140589737888e-12,1.4723994906777234e-11,7.922410994712581e-07,-4.6431308950743403e-07
k1_w256_d16,2022-01-11T12,2022-01-11T18,6,specific_cloud_liquid_water_content,30.0,3.976502637455022e-12,1.1079880208602375e-11,7.320578573609292e-07,-2.9415605547889905e-07
k1_w256_d16,2022-01-11T18,2022-01-12T00,6,temperature,1.0,102.26778338969854,72.79313030193251,-5.720415829856665,-0.9169194968805415
k1_w256_d16,2022-01-11T18,2022-01-12T00,6,temperature,2.0,60.41883801045408,107.66413231119591,-4.016813632272653,7.5562180890782615
k1_w256_d16,2022-01-11T18,2022-01-12T00,6,temperature,3.0,32.619495476621466,87.92953265886058,-2.188595414143572,7.508668703718977
k1_w256_d16,2022-01-11T18,2022-01-12T00,6,temperature,5.0,17.173711794434656,44.439791269805326,-1.4558202180335278,5.112604341393347
k1_w256_d16,2022-01-11T18,2022-01-12T00,6,temperature,7.0,13.938219288642799,36.99136176414489,-1.0265924076129531,4.683483362329211
k1_w256_d16,2022-01-11T18,2022-01-12T00,6,temperature,10.0,9.290116271518459,23.47829101903647,-0.35072624927360563,3.6954133388619352
k1_w256_d16,2022-01-11T18,2022-01-12T00,6,temperature,20.0,4.12195980352619,10.519696776482771,0.6122085104249636,-2.2261641972413226
k1_w256_d16,2022-01-11T18,2022-01-12T00,6,temperature,30.0,3.402364160438294,11.945719211625132,0.7935629830624729,-2.657219385455216
k1_w256_d16,2022-01-11T18,2022-01-12T00,6,geopotential,1.0,923740286.737945,7477356.03516026,-30186.11889966664,-277.36983637713706
k1_w256_d16,2022-01-11T18,2022-01-12T00,6,geopotential,2.0,428721726.39695513,2885923.0400031805,-20558.996342161947,64.5556384149612
k1_w256_d16,2022-01-11T18,2022-01-12T00,6,geopotential,3.0,242736743.10465842,1725268.6470456347,-15470.985417536658,-418.2822147728745
k1_w256_d16,2022-01-11T18,2022-01-12T00,6,geopotential,5.0,91644970.42311406,862120.7370266715,-9496.477890140704,128.20501789871156
k1_w256_d16,2022-01-11T18,2022-01-12T00,6,geopotential,7.0,36873717.55849622,540362.0653319964,-6015.501085699405,157.8438704168037
k1_w256_d16,2022-01-11T18,2022-01-12T00,6,geopotential,10.0,8037143.301002344,380761.64919374953,-2783.924762351036,174.57301780737092
k1_w256_d16,2022-01-11T18,2022-01-12T00,6,geopotential,20.0,1816628.5361122526,236527.82108619882,1316.6982875707783,327.3654970908871
k1_w256_d16,2022-01-11T18,2022-01-12T00,6,geopotential,30.0,3148678.7652204344,153394.7495407866,1757.4533915547481,243.08287844712294
k1_w256_d16,2022-01-11T18,2022-01-12T00,6,geopotential,500.0,1284.4090739331855,16171.6637933907,-7.486932620567341,-15.620272305849248
k1_w256_d16,2022-01-11T18,2022-01-12T00,6,u_component_of_wind,1.0,412.3723279353844,512.9483488334264,0.5269312556698253,-9.02073880213236
k1_w256_d16,2022-01-11T18,2022-01-12T00,6,u_component_of_wind,2.0,222.4059400981408,210.29053502356044,1.3317703981628704,-0.7933191212357329
k1_w256_d16,2022-01-11T18,2022-01-12T00,6,u_component_of_wind,3.0,132.80254810085526,151.02226832143737,-1.9824863264204333,-3.101062799965411
k1_w256_d16,2022-01-11T18,2022-01-12T00,6,u_component_of_wind,5.0,100.13844438392955,153.5841244494476,-0.5108479851317735,-1.837974152788187
k1_w256_d16,2022-01-11T18,2022-01-12T00,6,u_component_of_wind,7.0,102.54210013844485,171.3502880885113,-3.5941632812539304,-4.6806965072228
k1_w256_d16,2022-01-11T18,2022-01-12T00,6,u_component_of_wind,10.0,120.41681235666412,238.41889475758944,-4.8758634224168045,-6.893991918388918
k1_w256_d16,2022-01-11T18,2022-01-12T00,6,u_component_of_wind,20.0,24.77942529373078,61.30448799518739,1.3179767934625926,4.216836626520777
k1_w256_d16,2022-01-11T18,2022-01-12T00,6,u_component_of_wind,30.0,20.94111198509385,47.20747512645185,1.4562137182219708,3.9035535035043187
k1_w256_d16,2022-01-11T18,2022-01-12T00,6,v_component_of_wind,1.0,170.0901157092077,210.32356908633608,-1.1378395414329345,4.9800273296581965
k1_w256_d16,2022-01-11T18,2022-01-12T00,6,v_component_of_wind,2.0,74.39308403874459,86.25226079219024,-0.20932029816929365,2.0392189260103444
k1_w256_d16,2022-01-11T18,2022-01-12T00,6,v_component_of_wind,3.0,47.35115933555924,52.378957175309,0.5021839653438227,0.6731669927755981
k1_w256_d16,2022-01-11T18,2022-01-12T00,6,v_component_of_wind,5.0,35.68273517516852,39.92626934931529,0.08845591185452406,0.20179092591375514
k1_w256_d16,2022-01-11T18,2022-01-12T00,6,v_component_of_wind,7.0,24.544116290287562,30.712049093322925,-0.2488389325512781,-1.4621270077811042
k1_w256_d16,2022-01-11T18,2022-01-12T00,6,v_component_of_wind,10.0,16.352268934002996,26.146833408692558,0.012538442988382274,-2.4692864658500726
k1_w256_d16,2022-01-11T18,2022-01-12T00,6,v_component_of_wind,20.0,9.14112664720937,27.253067030843162,-0.5189842492593757,-3.890491751055394
k1_w256_d16,2022-01-11T18,2022-01-12T00,6,v_component_of_wind,30.0,7.58108364146738,21.270475747764543,-0.43930802480855846,3.2442903316764222
k1_w256_d16,2022-01-11T18,2022-01-12T00,6,specific_humidity,1.0,7.778707961388417e-13,1.5723360824837285e-13,-8.63921365345617e-07,-3.4019013235842335e-07
k1_w256_d16,2022-01-11T18,2022-01-12T00,6,specific_humidity,2.0,3.9883090990644244e-13,2.772273941154703e-14,-6.138841408399671e-07,-8.589650254029094e-08
k1_w256_d16,2022-01-11T18,2022-01-12T00,6,specific_humidity,3.0,3.066824584099707e-13,2.5162392791809183e-14,-5.27344017552475e-07,-4.409523304192993e-09
k1_w256_d16,2022-01-11T18,2022-01-12T00,6,specific_humidity,5.0,2.1670750669168973e-13,4.6786166922050474e-14,-4.250638190260142e-07,1.1814672677916902e-07
k1_w256_d16,2022-01-11T18,2022-01-12T00,6,specific_humidity,7.0,1.4879242660409314e-13,6.293536519131403e-14,-3.43772751926259e-07,1.8915293120735715e-07
k1_w256_d16,2022-01-11T18,2022-01-12T00,6,specific_humidity,10.0,7.265353325726511e-14,1.1166665479376946e-13,-2.293991814946777e-07,3.075133132398474e-07
k1_w256_d16,2022-01-11T18,2022-01-12T00,6,specific_humidity,20.0,1.1497412778201653e-14,1.4534693688779177e-13,-2.244922116092651e-08,3.6854328628215705e-07
k1_w256_d16,2022-01-11T18,2022-01-12T00,6,specific_humidity,30.0,6.831521578958219e-15,2.847129272754704e-14,3.3664098758097295e-08,1.4449088393250542e-07
k1_w256_d16,2022-01-11T18,2022-01-12T00,6,specific_cloud_ice_water_content,1.0,2.2245539300587047e-12,2.5592888481103053e-12,6.641483953656764e-07,2.517769537422447e-07
k1_w256_d16,2022-01-11T18,2022-01-12T00,6,specific_cloud_ice_water_content,2.0,2.1779932450554765e-12,2.537493596356027e-12,6.249733427223078e-07,1.9654235304987181e-07
k1_w256_d16,2022-01-11T18,2022-01-12T00,6,specific_cloud_ice_water_content,3.0,2.1751363350783923e-12,2.531424407365949e-12,6.133520415450718e-07,2.0500381585374242e-07
k1_w256_d16,2022-01-11T18,2022-01-12T00,6,specific_cloud_ice_water_content,5.0,2.1483070406371762e-12,2.518176518224364e-12,5.99197200674436e-07,1.6311880784528373e-07
k1_w256_d16,2022-01-11T18,2022-01-12T00,6,specific_cloud_ice_water_content,7.0,2.1606666504808448e-12,2.5458329364761325e-12,6.077849595871839e-07,2.3262242683152477e-07
k1_w256_d16,2022-01-11T18,2022-01-12T00,6,specific_cloud_ice_water_content,10.0,2.1924786903908056e-12,2.5352613517364224e-12,6.387001236712188e-07,2.1415338221344575e-07
k1_w256_d16,2022-01-11T18,2022-01-12T00,6,specific_cloud_ice_water_content,20.0,1.5584867590426495e-12,1.8532289432926133e-12,3.885970383823025e-07,-7.809603857106638e-08
k1_w256_d16,2022-01-11T18,2022-01-12T00,6,specific_cloud_ice_water_content,30.0,9.465306925580556e-13,1.5065729542761366e-12,-1.0202832686196257e-07,-4.933471806576447e-07
k1_w256_d16,2022-01-11T18,2022-01-12T00,6,specific_cloud_liquid_water_content,1.0,7.89563305397768e-12,1.8257050787820606e-11,8.500444147546103e-07,-1.8052489562997784e-07
k1_w256_d16,2022-01-11T18,2022-01-12T00,6,specific_cloud_liquid_water_content,2.0,7.913089426382694e-12,1.8193001807180175e-11,8.745369773550873e-07,2.271028926594839e-08
k1_w256_d16,2022-01-11T18,2022-01-12T00,6,specific_cloud_liquid_water_content,3.0,7.84299423190839e-12,1.8225542262228226e-11,8.315776394545178e-07,1.2229834677442334e-07
k1_w256_d16,2022-01-11T18,2022-01-12T00,6,specific_cloud_liquid_water_content,5.0,7.889547529292886e-12,1.82407738973916e-11,8.645084813804747e-07,1.920203111621451e-07
k1_w256_d16,2022-01-11T18,2022-01-12T00,6,specific_cloud_liquid_water_content,7.0,7.965571457152311e-12,1.8198943386769475e-11,9.044966762329482e-07,2.7456575538665444e-08
k1_w256_d16,2022-01-11T18,2022-01-12T00,6,specific_cloud_liquid_water_content,10.0,7.842452517804361e-12,1.817091383638832e-11,8.382597232583086e-07,-3.340791386762699e-08
k1_w256_d16,2022-01-11T18,2022-01-12T00,6,specific_cloud_liquid_water_content,20.0,6.0091076215107986e-12,1.4352340497858849e-11,8.148858353045598e-07,-5.035055233104914e-07
k1_w256_d16,2022-01-11T18,2022-01-12T00,6,specific_cloud_liquid_water_content,30.0,4.010654627182886e-12,1.0659493263878378e-11,7.71106222296151e-07,-3.1666962789637496e-07
k1_w256_d16,2022-01-12T00,2022-01-12T06,6,temperature,1.0,100.61575190960028,72.77259156668053,-5.853701195242909,-0.9057744992437371
k1_w256_d16,2022-01-12T00,2022-01-12T06,6,temperature,2.0,66.04445739297043,106.26510389081528,-4.3242198987684155,7.373493113156641
k1_w256_d16,2022-01-12T00,2022-01-12T06,6,temperature,3.0,39.35967253755927,87.82544318823867,-2.642866292460268,7.225652594790272
k1_w256_d16,2022-01-12T00,2022-01-12T06,6,temperature,5.0,18.629478426958354,41.44395289561164,-1.7971117201703608,4.895186081258441
k1_w256_d16,2022-01-12T00,2022-01-12T06,6,temperature,7.0,13.380430558972465,34.5707907714016,-1.2410254985650544,4.549398227153557
k1_w256_d16,2022-01-12T00,2022-01-12T06,6,temperature,10.0,8.425346075105693,22.727942736922135,-0.20667549501119745,3.7254595780146187
k1_w256_d16,2022-01-12T00,2022-01-12T06,6,temperature,20.0,4.511956656240331,10.441806252934391,0.6845608262699862,-2.2074388349154126
k1_w256_d16,2022-01-12T00,2022-01-12T06,6,temperature,30.0,3.8191014471956692,11.627123455024853,0.8733935839332729,-2.5967196554457934
k1_w256_d16,2022-01-12T00,2022-01-12T06,6,geopotential,1.0,926081107.3197583,7086332.752819624,-30216.14607799171,-491.25591745274176
k1_w256_d16,2022-01-12T00,2022-01-12T06,6,geopotential,2.0,430542237.6457244,2762312.4129226427,-20598.828094171953,-104.88266796638143
k1_w256_d16,2022-01-12T00,2022-01-12T06,6,geopotential,3.0,243349420.17582685,1791340.998637272,-15490.238246295257,-534.3086762978648
k1_w256_d16,2022-01-12T00,2022-01-12T06,6,geopotential,5.0,91194058.38573882,848102.9784011361,-9472.673332358561,74.21547178248586
k1_w256_d16,2022-01-12T00,2022-01-12T06,6,geopotential,7.0,36464747.07697536,576507.8952219279,-5979.465448009487,136.18469913275044
k1_w256_d16,2022-01-12T00,2022-01-12T06,6,geopotential,10.0,7832958.460985653,415653.880552809,-2743.7965140262663,179.46828290152786
k1_w256_d16,2022-01-12T00,2022-01-12T06,6,geopotential,20.0,1890389.8160390086,255737.1960411992,1346.2517250538745,361.65357787044104
k1_w256_d16,2022-01-12T00,2022-01-12T06,6,geopotential,30.0,3235977.3822612367,177576.5479610305,1782.9918991258528,285.2238836025165
k1_w256_d16,2022-01-12T00,2022-01-12T06,6,geopotential,500.0,636.9268144632342,15596.370324000218,-4.726433886964559,-13.835535077989048
k1_w256_d16,2022-01-12T00,2022-01-12T06,6,u_component_of_wind,1.0,399.1618653161735,499.02520219810754,-0.10937262976549766,-9.651800414494947
k1_w256_d16,2022-01-12T00,2022-01-12T06,6,u_component_of_wind,2.0,229.09820024616036,215.16443541511478,1.7675450737384224,-0.2710626779754601
k1_w256_d16,2022-01-12T00,2022-01-12T06,6,u_component_of_wind,3.0,133.21754432142927,150.31627828286315,-2.5096601846872257,-3.488656063397141
k1_w256_d16,2022-01-12T00,2022-01-12T06,6,u_component_of_wind,5.0,100.88422903573331,144.09994432861396,-1.4347558670996197,-2.7505324474036223
k1_w256_d16,2022-01-12T00,2022-01-12T06,6,u_component_of_wind,7.0,106.69180265052358,173.55016031524744,-3.6380217451201133,-4.845023094697003
k1_w256_d16,2022-01-12T00,2022-01-12T06,6,u_component_of_wind,10.0,121.93257615177387,240.90281411932924,-4.875875248005064,-7.100450274164087
k1_w256_d16,2022-01-12T00,2022-01-12T06,6,u_component_of_wind,20.0,23.5203537120397,57.033390136697236,1.2225258871171922,3.9267410409994605
k1_w256_d16,2022-01-12T00,2022-01-12T06,6,u_component_of_wind,30.0,20.837326424065875,46.53604186837869,1.3480802523603626,3.815462399128678
k1_w256_d16,2022-01-12T00,2022-01-12T06,6,v_component_of_wind,1.0,141.55078274028264,182.97027331219,-0.8703835413410539,4.399559486793433
k1_w256_d16,2022-01-12T00,2022-01-12T06,6,v_component_of_wind,2.0,90.53702796352488,102.97957822608441,-0.017199571109177886,1.701612162895118
k1_w256_d16,2022-01-12T00,2022-01-12T06,6,v_component_of_wind,3.0,48.7879993517618,51.91999937791739,0.5984975456627369,0.42943696203704834
k1_w256_d16,2022-01-12T00,2022-01-12T06,6,v_component_of_wind,5.0,34.06214095683708,36.41566441984999,-0.2945559647171267,-0.42263871183158874
k1_w256_d16,2022-01-12T00,2022-01-12T06,6,v_component_of_wind,7.0,26.278871960447674,33.60214738865902,-0.5418951948581764,-1.9409758058989048
k1_w256_d16,2022-01-12T00,2022-01-12T06,6,v_component_of_wind,10.0,16.778587753202707,28.46992289329354,-0.22406782188793253,-2.8328397786727666
k1_w256_d16,2022-01-12T00,2022-01-12T06,6,v_component_of_wind,20.0,8.816434366978948,28.94208005395712,-0.4538610782948428,-3.8983042529872574
k1_w256_d16,2022-01-12T00,2022-01-12T06,6,v_component_of_wind,30.0,7.692426054224859,23.137103628955053,-0.12941802810403596,3.47051268411749
k1_w256_d16,2022-01-12T00,2022-01-12T06,6,specific_humidity,1.0,7.747828629746991e-13,1.5649364459325523e-13,-8.628964397018304e-07,-3.408710682541722e-07
k1_w256_d16,2022-01-12T00,2022-01-12T06,6,specific_humidity,2.0,3.9770405549224746e-13,2.811142961625293e-14,-6.128546384298483e-07,-8.675232707030689e-08
k1_w256_d16,2022-01-12T00,2022-01-12T06,6,specific_humidity,3.0,3.0601432460068664e-13,2.5354855717170148e-14,-5.267655887419313e-07,-5.553432477764264e-09
k1_w256_d16,2022-01-12T00,2022-01-12T06,6,specific_humidity,5.0,2.1449723885486077e-13,4.6614547772353005e-14,-4.228211824087999e-07,1.1855210353303326e-07
k1_w256_d16,2022-01-12T00,2022-01-12T06,6,specific_humidity,7.0,1.485137120187433e-13,6.243397031052713e-14,-3.433771319367763e-07,1.8769927901843498e-07
k1_w256_d16,2022-01-12T00,2022-01-12T06,6,specific_humidity,10.0,7.172678046700278e-14,1.1142030798179187e-13,-2.2771361558000174e-07,3.0746917181467406e-07
k1_w256_d16,2022-01-12T00,2022-01-12T06,6,specific_humidity,20.0,1.1474278450263481e-14,1.4539116824095686e-13,-2.1016605001515976e-08,3.686838532101641e-07
k1_w256_d16,2022-01-12T00,2022-01-12T06,6,specific_humidity,30.0,6.776174606510456e-15,2.8387328426404166e-14,3.410253187937975e-08,1.4458043323144966e-07
k1_w256_d16,2022-01-12T00,2022-01-12T06,6,specific_cloud_ice_water_content,1.0,2.185636816505562e-12,2.5967491585963745e-12,6.096415897116869e-07,1.913336875421855e-07
k1_w256_d16,2022-01-12T00,2022-01-12T06,6,specific_cloud_ice_water_content,2.0,2.1438394121812256e-12,2.5766159651827815e-12,5.710188610570895e-07,1.368682987836424e-07
k1_w256_d16,2022-01-12T00,2022-01-12T06,6,specific_cloud_ice_water_content,3.0,2.139568904483457e-12,2.5707950483773276e-12,5.589184942151602e-07,1.4416070376357897e-07
k1_w256_d16,2022-01-12T00,2022-01-12T06,6,specific_cloud_ice_water_content,5.0,2.1174250522702596e-12,2.567161140093987e-12,5.445671941680552e-07,1.0340072365441619e-07
k1_w256_d16,2022-01-12T00,2022-01-12T06,6,specific_cloud_ice_water_content,7.0,2.129161853492926e-12,2.5905664851032267e-12,5.53430285837855e-07,1.723164518995322e-07
k1_w256_d16,2022-01-12T00,2022-01-12T06,6,specific_cloud_ice_water_content,10.0,2.1559876592461254e-12,2.5772755904617755e-12,5.841235071349558e-07,1.536023318388821e-07
k1_w256_d16,2022-01-12T00,2022-01-12T06,6,specific_cloud_ice_water_content,20.0,1.5473108332384033e-12,1.908120812122396e-12,3.430913841239023e-07,-1.3082331177886093e-07
k1_w256_d16,2022-01-12T00,2022-01-12T06,6,specific_cloud_ice_water_content,30.0,9.889644546760134e-13,1.5609209785937206e-12,-1.3137310942249222e-07,-5.346348128033798e-07
k1_w256_d16,2022-01-12T00,2022-01-12T06,6,specific_cloud_liquid_water_content,1.0,7.686687950967508e-12,1.7974490598112495e-11,7.937331653549731e-07,-2.3477627125598181e-07
k1_w256_d16,2022-01-12T00,2022-01-12T06,6,specific_cloud_liquid_water_content,2.0,7.69457914411989e-12,1.7871958633111024e-11,8.180544833395435e-07,-3.2793698619645045e-08
k1_w256_d16,2022-01-12T00,2022-01-12T06,6,specific_cloud_liquid_water_content,3.0,7.625116458609358e-12,1.7898179150896814e-11,7.752762028783995e-07,6.517047418594223e-08
k1_w256_d16,2022-01-12T00,2022-01-12T06,6,specific_cloud_liquid_water_content,5.0,7.679641036892897e-12,1.7932309704444424e-11,8.080527459509191e-07,1.3524939122226649e-07
k1_w256_d16,2022-01-12T00,2022-01-12T06,6,specific_cloud_liquid_water_content,7.0,7.748973354459706e-12,1.7893037164579575e-11,8.474024870810357e-07,-2.800238511401783e-08
k1_w256_d16,2022-01-12T00,2022-01-12T06,6,specific_cloud_liquid_water_content,10.0,7.624978037046822e-12,1.78719723887629e-11,7.820934108920211e-07,-8.978892071388166e-08
k1_w256_d16,2022-01-12T00,2022-01-12T06,6,specific_cloud_liquid_water_content,20.0,5.858276559210957e-12,1.4280254130218009e-11,7.64497850076203e-07,-5.547128546706288e-07
k1_w256_d16,2022-01-12T00,2022-01-12T06,6,specific_cloud_liquid_water_content,30.0,4.020675639512969e-12,1.075668285108553e-11,7.407730065633371e-07,-3.56536069243156e-07
k1_w256_d16,2022-01-12T06,2022-01-12T12,6,temperature,1.0,110.50103065544548,76.75895848821861,-6.343829601217683,-1.22121607527823
k1_w256_d16,2022-01-12T06,2022-01-12T12,6,temperature,2.0,68.98140046167552,114.21884240707169,-4.254445732487746,7.555150380130121
k1_w256_d16,2022-01-12T06,2022-01-12T12,6,temperature,3.0,39.55349163406924,91.64092244671349,-2.536174848316593,7.427850849655728
k1_w256_d16,2022-01-12T06,2022-01-12T12,6,temperature,5.0,18.449778752013117,41.86672275416129,-1.7892484463838438,5.008515889215046
k1_w256_d16,2022-01-12T06,2022-01-12T12,6,temperature,7.0,13.506261427571534,35.04696949654608,-1.2627925796511414,4.653540838425357
k1_w256_d16,2022-01-12T06,2022-01-12T12,6,temperature,10.0,8.334959330544239,22.72718855524509,-0.1938284228597488,3.7377601399891676
k1_w256_d16,2022-01-12T06,2022-01-12T12,6,temperature,20.0,4.426210649867251,11.127706365314971,0.6853404568663367,-2.2472557305026113
k1_w256_d16,2022-01-12T06,2022-01-12T12,6,temperature,30.0,3.713715711574525,11.79335148492093,0.8745109528501275,-2.6808563425080933
k1_w256_d16,2022-01-12T06,2022-01-12T12,6,geopotential,1.0,925621289.5964489,6985742.215119083,-30212.11087892472,-385.02382456262103
k1_w256_d16,2022-01-12T06,2022-01-12T12,6,geopotential,2.0,430183230.35423946,2637247.6281969813,-20593.174846491296,-23.916634017575078
k1_w256_d16,2022-01-12T06,2022-01-12T12,6,geopotential,3.0,243666308.76942816,1720078.8922413285,-15503.040696336424,-490.0418191676806
k1_w256_d16,2022-01-12T06,2022-01-12T12,6,geopotential,5.0,91874159.0108349,829126.6228389267,-9511.150321655236,82.07282644241987
k1_w256_d16,2022-01-12T06,2022-01-12T12,6,geopotential,7.0,36946496.37387565,563674.9138643374,-6021.861631891952,124.02119460042954
k1_w256_d16,2022-01-12T06,2022-01-12T12,6,geopotential,10.0,8083826.054091824,418222.7356284091,-2789.0089042081686,145.64848871075392
k1_w256_d16,2022-01-12T06,2022-01-12T12,6,geopotential,20.0,1788827.5343846572,236176.84202722705,1306.7955759496142,316.345987841112
k1_w256_d16,2022-01-12T06,2022-01-12T12,6,geopotential,30.0,3120793.9291819907,170041.8897591225,1749.735578684115,245.33551363345333
k1_w256_d16,2022-01-12T06,2022-01-12T12,6,geopotential,500.0,1348.1002595509794,16724.616705412118,-9.155152880381149,-18.452560459518498
k1_w256_d16,2022-01-12T06,2022-01-12T12,6,u_component_of_wind,1.0,410.53800982901885,538.8519814496403,-1.479981435450215,-10.86239098113309
k1_w256_d16,2022-01-12T06,2022-01-12T12,6,u_component_of_wind,2.0,229.79395867052756,217.08572173871636,1.0266553348763339,-0.9377245806917642
k1_w256_d16,2022-01-12T06,2022-01-12T12,6,u_component_of_wind,3.0,140.86714642574276,153.04080633370427,-1.9625184314839599,-2.9086100246794917
k1_w256_d16,2022-01-12T06,2022-01-12T12,6,u_component_of_wind,5.0,117.20384653928366,142.72979031709167,-2.272801997301943,-3.386805407484373
k1_w256_d16,2022-01-12T06,2022-01-12T12,6,u_component_of_wind,7.0,126.03462519476601,175.61435568101876,-4.223045748411591,-5.341517485838781
k1_w256_d16,2022-01-12T06,2022-01-12T12,6,u_component_of_wind,10.0,132.53184444194872,244.31870819278967,-5.000606838440602,-7.304690464393032
k1_w256_d16,2022-01-12T06,2022-01-12T12,6,u_component_of_wind,20.0,26.358559124498257,56.146863854481,1.257808092499202,3.5972795473635117
k1_w256_d16,2022-01-12T06,2022-01-12T12,6,u_component_of_wind,30.0,23.74305300034078,48.19849049595119,1.3798615918163164,3.613446048825456
k1_w256_d16,2022-01-12T06,2022-01-12T12,6,v_component_of_wind,1.0,132.37781494189045,196.98189432895134,-0.24606071943893,4.802193047104959
k1_w256_d16,2022-01-12T06,2022-01-12T12,6,v_component_of_wind,2.0,100.04883006712994,115.26137919451602,0.5897688596031336,2.2602787994263798
k1_w256_d16,2022-01-12T06,2022-01-12T12,6,v_component_of_wind,3.0,59.51020091083406,70.47643375477084,0.9424691267696284,0.8135220245883008
k1_w256_d16,2022-01-12T06,2022-01-12T12,6,v_component_of_wind,5.0,28.500610886304344,35.743185491055144,0.05402646079427233,-0.03288519193700015
k1_w256_d16,2022-01-12T06,2022-01-12T12,6,v_component_of_wind,7.0,23.022773788554353,32.20087210032507,-0.2479083875348158,-1.640226189477472
k1_w256_d16,2022-01-12T06,2022-01-12T12,6,v_component_of_wind,10.0,16.011629200687292,27.65438727764326,-0.2094861129156785,-2.859609512570014
k1_w256_d16,2022-01-12T06,2022-01-12T12,6,v_component_of_wind,20.0,8.25805867589565,28.031029250664908,-0.40229719710861633,-4.001723119578609
k1_w256_d16,2022-01-12T06,2022-01-12T12,6,v_component_of_wind,30.0,8.012382187584215,21.31657275591829,-0.3155001207986633,3.1499715585153716
k1_w256_d16,2022-01-12T06,2022-01-12T12,6,specific_humidity,1.0,7.77577366280906e-13,1.5758711763669758e-13,-8.646981039144804e-07,-3.418666513792162e-07
k1_w256_d16,2022-01-12T06,2022-01-12T12,6,specific_humidity,2.0,3.9461019602301057e-13,2.7236653527983413e-14,-6.103841474154757e-07,-8.339678260695172e-08
k1_w256_d16,2022-01-12T06,2022-01-12T12,6,specific_humidity,3.0,3.08078754036883e-13,2.5644833286904457e-14,-5.284573085962458e-07,-6.438954266859682e-09
k1_w256_d16,2022-01-12T06,2022-01-12T12,6,specific_humidity,5.0,2.147234540608036e-13,4.7007525358086404e-14,-4.2267344465388737e-07,1.1967783772507107e-07
k1_w256_d16,2022-01-12T06,2022-01-12T12,6,specific_humidity,7.0,1.4771293448387094e-13,6.318973702984181e-14,-3.419213837533509e-07,1.9004406904039528e-07
k1_w256_d16,2022-01-12T06,2022-01-12T12,6,specific_humidity,10.0,7.20251500679478e-14,1.1094283613211055e-13,-2.2857163070408335e-07,3.075269204597505e-07
k1_w256_d16,2022-01-12T06,2022-01-12T12,6,specific_humidity,20.0,1.1347517701217705e-14,1.458792850671964e-13,-2.0391995251637564e-08,3.6967288354081627e-07
k1_w256_d16,2022-01-12T06,2022-01-12T12,6,specific_humidity,30.0,6.724348150902345e-15,2.8234161555433914e-14,3.409219019228387e-08,1.443459475737345e-07
k1_w256_d16,2022-01-12T06,2022-01-12T12,6,specific_cloud_ice_water_content,1.0,2.1608854727959598e-12,2.672430136287979e-12,6.249380112386565e-07,1.881891478043984e-07
k1_w256_d16,2022-01-12T06,2022-01-12T12,6,specific_cloud_ice_water_content,2.0,2.1148069934808473e-12,2.6583421602139072e-12,5.84891454766291e-07,1.3264599897479122e-07
k1_w256_d16,2022-01-12T06,2022-01-12T12,6,specific_cloud_ice_water_content,3.0,2.1103828397631542e-12,2.6488438287381686e-12,5.730301645646315e-07,1.4007843229133724e-07
k1_w256_d16,2022-01-12T06,2022-01-12T12,6,specific_cloud_ice_water_content,5.0,2.0897552021169937e-12,2.6445020713482915e-12,5.59403635106865e-07,9.870012313615302e-08
k1_w256_d16,2022-01-12T06,2022-01-12T12,6,specific_cloud_ice_water_content,7.0,2.1008721229417635e-12,2.6666636564118287e-12,5.678591688469931e-07,1.6813691789587812e-07
k1_w256_d16,2022-01-12T06,2022-01-12T12,6,specific_cloud_ice_water_content,10.0,2.1288467394511227e-12,2.652287312149732e-12,5.989058641884953e-07,1.4963508115699137e-07
k1_w256_d16,2022-01-12T06,2022-01-12T12,6,specific_cloud_ice_water_content,20.0,1.530429513889738e-12,1.971360104653208e-12,3.5230185639027377e-07,-1.3151175376919403e-07
k1_w256_d16,2022-01-12T06,2022-01-12T12,6,specific_cloud_ice_water_content,30.0,9.920350237347366e-13,1.606663762818488e-12,-1.263036154164204e-07,-5.185926356985941e-07
k1_w256_d16,2022-01-12T06,2022-01-12T12,6,specific_cloud_liquid_water_content,1.0,7.979284234653942e-12,1.7938461347706736e-11,8.33842224596213e-07,-8.125899663939503e-08
k1_w256_d16,2022-01-12T06,2022-01-12T12,6,specific_cloud_liquid_water_content,2.0,7.981033776038917e-12,1.7892719682300692e-11,8.588745970862225e-07,1.2617083337007e-07
k1_w256_d16,2022-01-12T06,2022-01-12T12,6,specific_cloud_liquid_water_content,3.0,7.906861826751056e-12,1.798992608205745e-11,8.15433013845423e-07,2.2336301115472838e-07
k1_w256_d16,2022-01-12T06,2022-01-12T12,6,specific_cloud_liquid_water_content,5.0,7.968268860846277e-12,1.8019057510190485e-11,8.480239406565039e-07,2.932315480006235e-07
k1_w256_d16,2022-01-12T06,2022-01-12T12,6,specific_cloud_liquid_water_content,7.0,8.04686322837705e-12,1.7899953553754222e-11,8.883362744339773e-07,1.2950392037664635e-07
k1_w256_d16,2022-01-12T06,2022-01-12T12,6,specific_cloud_liquid_water_content,10.0,7.906743579198557e-12,1.788910087725989e-11,8.214797803735993e-07,6.704126791939288e-08
k1_w256_d16,2022-01-12T06,2022-01-12T12,6,specific_cloud_liquid_water_content,20.0,6.115018760535303e-12,1.4021439612334102e-11,8.133344241100259e-07,-4.2081774185779476e-07
k1_w256_d16,2022-01-12T06,2022-01-12T12,6,specific_cloud_liquid_water_content,30.0,4.144636381406741e-12,1.0289181213459379e-11,8.047356935272746e-07,-2.59527417684607e-07
k1_w256_d16,2022-01-12T12,2022-01-12T18,6,temperature,1.0,99.5870829930357,74.74670535776127,-5.819206006367205,-1.0700220656451744
k1_w256_d16,2022-01-12T12,2022-01-12T18,6,temperature,2.0,56.54169477445547,111.95413927741514,-3.8239022188345944,7.6864923725789325
k1_w256_d16,2022-01-12T12,2022-01-12T18,6,temperature,3.0,34.41081041338337,89.66805645895789,-2.366296523164578,7.322312685544008
k1_w256_d16,2022-01-12T12,2022-01-12T18,6,temperature,5.0,16.38052092713758,42.36963515493326,-1.583806761090218,4.986696885167484
k1_w256_d16,2022-01-12T12,2022-01-12T18,6,temperature,7.0,12.429065512281381,35.590926734919705,-1.0533950683409863,4.7035209999015155
k1_w256_d16,2022-01-12T12,2022-01-12T18,6,temperature,10.0,7.796552580978942,22.665233619140658,-0.31618587578324914,3.766779598287318
k1_w256_d16,2022-01-12T12,2022-01-12T18,6,temperature,20.0,4.1380965440318604,11.224970935851726,0.5879493360501407,-2.222692664902538
k1_w256_d16,2022-01-12T12,2022-01-12T18,6,temperature,30.0,3.3994947144654675,11.877495688869725,0.8246160489457242,-2.647004629243755
k1_w256_d16,2022-01-12T12,2022-01-12T18,6,geopotential,1.0,923345484.2837591,7275624.464700603,-30193.263072578942,-236.913619156155
k1_w256_d16,2022-01-12T12,2022-01-12T18,6,geopotential,2.0,429335419.55677813,2852247.249408284,-20583.725063757716,80.82807369596183
k1_w256_d16,2022-01-12T12,2022-01-12T18,6,geopotential,3.0,242904547.8552501,1632469.4155903903,-15487.054781560502,-392.6785350501415
k1_w256_d16,2022-01-12T12,2022-01-12T18,6,geopotential,5.0,91085638.91882393,786043.8355703361,-9476.022209292205,184.78887727948
k1_w256_d16,2022-01-12T12,2022-01-12T18,6,geopotential,7.0,36431653.24103948,531681.130624309,-5985.248050240042,215.664071092092
k1_w256_d16,2022-01-12T12,2022-01-12T18,6,geopotential,10.0,7831583.547514053,406086.2664083129,-2750.9712109057955,224.55772543711777
k1_w256_d16,2022-01-12T12,2022-01-12T18,6,geopotential,20.0,1886857.2378374203,259539.40365770075,1346.9202919365355,361.4741582873759
k1_w256_d16,2022-01-12T12,2022-01-12T18,6,geopotential,30.0,3254403.783939741,182400.2114859922,1787.5661288950982,276.9110570527182
k1_w256_d16,2022-01-12T12,2022-01-12T18,6,geopotential,500.0,617.4778941201585,15015.833582288738,-4.4954028543214655,-11.377026672243266
k1_w256_d16,2022-01-12T12,2022-01-12T18,6,u_component_of_wind,1.0,399.9498879197049,535.8513417267608,-0.8592330669715528,-10.607609505816292
k1_w256_d16,2022-01-12T12,2022-01-12T18,6,u_component_of_wind,2.0,210.08699052654055,205.1458190823808,1.371189148089698,-0.9471166815343255
k1_w256_d16,2022-01-12T12,2022-01-12T18,6,u_component_of_wind,3.0,128.54008964540344,146.7376600697386,-1.9938604520569017,-3.3010643179409738
k1_w256_d16,2022-01-12T12,2022-01-12T18,6,u_component_of_wind,5.0,111.10210459916532,155.3635545458705,-1.1865780326720974,-2.5891697450851763
k1_w256_d16,2022-01-12T12,2022-01-12T18,6,u_component_of_wind,7.0,116.16215845105012,179.20934902512764,-3.9532637509692305,-5.262363732532894
k1_w256_d16,2022-01-12T12,2022-01-12T18,6,u_component_of_wind,10.0,134.05859630446867,255.12941192374453,-4.988069227269306,-7.405380729068298
k1_w256_d16,2022-01-12T12,2022-01-12T18,6,u_component_of_wind,20.0,23.96065203034194,58.53917529740479,1.0679307547556336,3.5530894866234677
k1_w256_d16,2022-01-12T12,2022-01-12T18,6,u_component_of_wind,30.0,23.097524488924112,49.16662959240632,1.2696116846768908,3.5808802074225135
k1_w256_d16,2022-01-12T12,2022-01-12T18,6,v_component_of_wind,1.0,167.09104710456646,213.2098121116885,-0.4777569578408515,5.138990508753064
k1_w256_d16,2022-01-12T12,2022-01-12T18,6,v_component_of_wind,2.0,77.34249803051748,93.9623970673652,-0.2404097944686412,1.696022207385266
k1_w256_d16,2022-01-12T12,2022-01-12T18,6,v_component_of_wind,3.0,49.93405622186624,58.31925789270164,0.24563418421621583,0.20891992346750526
k1_w256_d16,2022-01-12T12,2022-01-12T18,6,v_component_of_wind,5.0,35.75407671050476,40.252645655296874,0.6544530806123366,0.5970682945521314
k1_w256_d16,2022-01-12T12,2022-01-12T18,6,v_component_of_wind,7.0,27.109127174879976,33.25523951346339,0.12938188503272816,-1.2779224976827266
k1_w256_d16,2022-01-12T12,2022-01-12T18,6,v_component_of_wind,10.0,15.631628214911057,28.2119358638421,-0.21363288472253622,-2.9071551551687556
k1_w256_d16,2022-01-12T12,2022-01-12T18,6,v_component_of_wind,20.0,8.963940186804496,27.40181037066849,-0.3829480820536834,-3.9926848558259134
k1_w256_d16,2022-01-12T12,2022-01-12T18,6,v_component_of_wind,30.0,7.331782868599488,18.733553630074436,-0.5232947884651431,2.9979111911175704
k1_w256_d16,2022-01-12T12,2022-01-12T18,6,specific_humidity,1.0,7.760804409390717e-13,1.5535986736462162e-13,-8.637086274807773e-07,-3.386949477695573e-07
k1_w256_d16,2022-01-12T12,2022-01-12T18,6,specific_humidity,2.0,3.932469107780402e-13,2.6823586625220546e-14,-6.090338000383963e-07,-7.978418420748951e-08
k1_w256_d16,2022-01-12T12,2022-01-12T18,6,specific_humidity,3.0,3.065787721703268e-13,2.536955328812015e-14,-5.272072492288746e-07,-2.884812090673547e-09
k1_w256_d16,2022-01-12T12,2022-01-12T18,6,specific_humidity,5.0,2.1476273759424172e-13,4.7464443242162055e-14,-4.226779051710769e-07,1.2181947905717817e-07
k1_w256_d16,2022-01-12T12,2022-01-12T18,6,specific_humidity,7.0,1.4659224082014053e-13,6.468449452797056e-14,-3.4014934642862413e-07,1.9390309168190287e-07
k1_w256_d16,2022-01-12T12,2022-01-12T18,6,specific_humidity,10.0,7.186215943281656e-14,1.1254573044297243e-13,-2.281697008318549e-07,3.0998152665848553e-07
k1_w256_d16,2022-01-12T12,2022-01-12T18,6,specific_humidity,20.0,1.1410073599204566e-14,1.479210521326907e-13,-1.966916723245535e-08,3.720661476259193e-07
k1_w256_d16,2022-01-12T12,2022-01-12T18,6,specific_humidity,30.0,6.690417429264363e-15,2.856404952040068e-14,3.455932220513673e-08,1.4529786453444668e-07
k1_w256_d16,2022-01-12T12,2022-01-12T18,6,specific_cloud_ice_water_content,1.0,2.208191469465231e-12,2.672491147726894e-12,6.158043195092774e-07,1.6521882348430248e-07
k1_w256_d16,2022-01-12T12,2022-01-12T18,6,specific_cloud_ice_water_content,2.0,2.1650955908736553e-12,2.664919908601152e-12,5.763985579569607e-07,1.099426949507781e-07
k1_w256_d16,2022-01-12T12,2022-01-12T18,6,specific_cloud_ice_water_content,3.0,2.1623596374343452e-12,2.654937343444528e-12,5.642266648061757e-07,1.1754092863855103e-07
k1_w256_d16,2022-01-12T12,2022-01-12T18,6,specific_cloud_ice_water_content,5.0,2.139959669940572e-12,2.6512969620494512e-12,5.505988791119165e-07,7.66816389667942e-08
k1_w256_d16,2022-01-12T12,2022-01-12T18,6,specific_cloud_ice_water_content,7.0,2.1505788443943707e-12,2.667025887036353e-12,5.592670733927737e-07,1.4556795237885217e-07
k1_w256_d16,2022-01-12T12,2022-01-12T18,6,specific_cloud_ice_water_content,10.0,2.1782494403152636e-12,2.6575876908162285e-12,5.899697221507413e-07,1.2667133392818185e-07
k1_w256_d16,2022-01-12T12,2022-01-12T18,6,specific_cloud_ice_water_content,20.0,1.5569201979752179e-12,1.9706574204594462e-12,3.4739658764250817e-07,-1.4899636653435637e-07
k1_w256_d16,2022-01-12T12,2022-01-12T18,6,specific_cloud_ice_water_content,30.0,9.962270223882432e-13,1.63693457394173e-12,-1.247039347026076e-07,-5.248099187431679e-07
k1_w256_d16,2022-01-12T12,2022-01-12T18,6,specific_cloud_liquid_water_content,1.0,7.356216078464422e-12,1.8104369601629917e-11,7.85164587757817e-07,-2.189296374474745e-07
k1_w256_d16,2022-01-12T12,2022-01-12T18,6,specific_cloud_liquid_water_content,2.0,7.355114143861578e-12,1.7992092370578785e-11,8.094037763812417e-07,-1.4317618252792885e-08
k1_w256_d16,2022-01-12T12,2022-01-12T18,6,specific_cloud_liquid_water_content,3.0,7.286946079210396e-12,1.8052393518566237e-11,7.667141788664084e-07,8.308920013666077e-08
k1_w256_d16,2022-01-12T12,2022-01-12T18,6,specific_cloud_liquid_water_content,5.0,7.332131087944907e-12,1.8059899182444242e-11,7.99988355926103e-07,1.534928363411684e-07
k1_w256_d16,2022-01-12T12,2022-01-12T18,6,specific_cloud_liquid_water_content,7.0,7.42006537464288e-12,1.801542784939892e-11,8.401603032496307e-07,-9.702398076736188e-09
k1_w256_d16,2022-01-12T12,2022-01-12T18,6,specific_cloud_liquid_water_content,10.0,7.28887916564111e-12,1.799999953099155e-11,7.736380450624688e-07,-7.381217471705727e-08
k1_w256_d16,2022-01-12T12,2022-01-12T18,6,specific_cloud_liquid_water_content,20.0,5.538430508107559e-12,1.4133633262037054e-11,7.468300929534097e-07,-5.712479187571818e-07
k1_w256_d16,2022-01-12T12,2022-01-12T18,6,specific_cloud_liquid_water_content,30.0,3.699821386392305e-12,1.04513706991257e-11,6.950655877912409e-07,-4.428510096550001e-07
k1_w256_d16,2022-01-12T18,2022-01-13T00,6,temperature,1.0,109.0306726879123,79.02875935655786,-5.9932507826730665,-1.291513986263205
k1_w256_d16,2022-01-12T18,2022-01-13T00,6,temperature,2.0,61.282273933101465,117.5079110879982,-3.837128501385777,7.6727027207187515
k1_w256_d16,2022-01-12T18,2022-01-13T00,6,temperature,3.0,32.27111262103484,86.60349535410705,-2.3119794010589176,7.327197906533254
k1_w256_d16,2022-01-12T18,2022-01-13T00,6,temperature,5.0,15.993568138862114,40.5298062792838,-1.5869296248508888,4.946220287179088
k1_w256_d16,2022-01-12T18,2022-01-13T00,6,temperature,7.0,12.843846930669006,35.53872887394887,-1.0632080462212001,4.641741193364796
k1_w256_d16,2022-01-12T18,2022-01-13T00,6,temperature,10.0,8.125304258842771,22.34704061808258,-0.3543380023758619,3.723807455328977
k1_w256_d16,2022-01-12T18,2022-01-13T00,6,temperature,20.0,4.477827256364242,11.176957234576768,0.5981293734753986,-2.194541944136256
k1_w256_d16,2022-01-12T18,2022-01-13T00,6,temperature,30.0,3.1320657292621177,11.50570925985917,0.807122310676359,-2.6076873443547393
k1_w256_d16,2022-01-12T18,2022-01-13T00,6,geopotential,1.0,924673795.6644409,8103768.678646453,-30194.357812083384,-377.6019739497322
k1_w256_d16,2022-01-12T18,2022-01-13T00,6,geopotential,2.0,429641349.7457528,3093074.829531202,-20581.175333252042,-15.921474636792112
k1_w256_d16,2022-01-12T18,2022-01-13T00,6,geopotential,3.0,243245988.90784678,1820599.619030404,-15492.1286722611,-481.5079075809247
k1_w256_d16,2022-01-12T18,2022-01-13T00,6,geopotential,5.0,91490390.75264865,809415.7949340689,-9494.701223642169,109.47656122877116
k1_w256_d16,2022-01-12T18,2022-01-13T00,6,geopotential,7.0,36730822.39717613,512440.6852980973,-6008.239310598401,154.3418311705148
k1_w256_d16,2022-01-12T18,2022-01-13T00,6,geopotential,10.0,7985454.2038751505,388694.62746976246,-2775.8020248343346,180.2096789099382
k1_w256_d16,2022-01-12T18,2022-01-13T00,6,geopotential,20.0,1824186.1779359924,255111.78819695074,1318.1970035712302,337.40176325336756
k1_w256_d16,2022-01-12T18,2022-01-13T00,6,geopotential,30.0,3159944.950231083,165235.1739612543,1760.6774981390813,257.8639848603119
k1_w256_d16,2022-01-12T18,2022-01-13T00,6,geopotential,500.0,1236.4170950584587,16193.444504192243,-9.945842063125083,-17.179037588440295
k1_w256_d16,2022-01-12T18,2022-01-13T00,6,u_component_of_wind,1.0,414.33803403677456,543.8781593139121,-0.8306966650021222,-10.275452987198424
k1_w256_d16,2022-01-12T18,2022-01-13T00,6,u_component_of_wind,2.0,213.22800621117608,207.21972076138314,1.3281531829594049,-0.7604046089323173
k1_w256_d16,2022-01-12T18,2022-01-13T00,6,u_component_of_wind,3.0,115.9403348602097,139.25153609462672,-2.2013355523388767,-3.3204112133992245
k1_w256_d16,2022-01-12T18,2022-01-13T00,6,u_component_of_wind,5.0,101.49204339219412,154.75864287162693,-1.1411107758174384,-2.424857576104709
k1_w256_d16,2022-01-12T18,2022-01-13T00,6,u_component_of_wind,7.0,104.95269099176154,172.42711952884423,-3.4664524380205126,-4.556594127406723
k1_w256_d16,2022-01-12T18,2022-01-13T00,6,u_component_of_wind,10.0,129.2699732605059,249.31053149504112,-5.171001846096892,-7.236312584633495
k1_w256_d16,2022-01-12T18,2022-01-13T00,6,u_component_of_wind,20.0,23.368535755236238,65.1554929778202,1.1600141899921772,4.0512305300863085
k1_w256_d16,2022-01-12T18,2022-01-13T00,6,u_component_of_wind,30.0,22.81241058545828,51.28728411394711,1.580852874100814,4.066468565214858
k1_w256_d16,2022-01-12T18,2022-01-13T00,6,v_component_of_wind,1.0,161.79975760787644,208.75764220349942,-0.7564608355440912,5.246437003639568
k1_w256_d16,2022-01-12T18,2022-01-13T00,6,v_component_of_wind,2.0,83.42808792776778,96.85279195858978,0.13255975136156836,2.289936099135355
k1_w256_d16,2022-01-12T18,2022-01-13T00,6,v_component_of_wind,3.0,53.7665553713682,53.44440480316473,-0.031953044675350956,0.06639424783323662
k1_w256_d16,2022-01-12T18,2022-01-13T00,6,v_component_of_wind,5.0,30.209953784325585,31.237600431917496,-0.27169228903894305,-0.2258675517855101
k1_w256_d16,2022-01-12T18,2022-01-13T00,6,v_component_of_wind,7.0,25.656957103884515,29.011731694968688,0.06533299995291228,-1.222651719107284
k1_w256_d16,2022-01-12T18,2022-01-13T00,6,v_component_of_wind,10.0,16.377616034007175,27.667968933479813,-0.05800294147492463,-2.603910628993445
k1_w256_d16,2022-01-12T18,2022-01-13T00,6,v_component_of_wind,20.0,9.242799651302775,29.386713310864888,-0.6343309023950967,-4.04653348363334
k1_w256_d16,2022-01-12T18,2022-01-13T00,6,v_component_of_wind,30.0,7.776233505138931,21.05738392860058,-0.4094521292245389,3.254327388810463
k1_w256_d16,2022-01-12T18,2022-01-13T00,6,specific_humidity,1.0,7.765219422809249e-13,1.5676068475832677e-13,-8.637515500898054e-07,-3.4048986286931725e-07
k1_w256_d16,2022-01-12T18,2022-01-13T00,6,specific_humidity,2.0,3.954627981580134e-13,2.7751769882562064e-14,-6.106104071537285e-07,-8.299892740159132e-08
k1_w256_d16,2022-01-12T18,2022-01-13T00,6,specific_humidity,3.0,3.0490615202603357e-13,2.4805819607225687e-14,-5.260458490576418e-07,-3.5664574183173486e-09
k1_w256_d16,2022-01-12T18,2022-01-13T00,6,specific_humidity,5.0,2.1570962553503907e-13,4.699062032755398e-14,-4.2350997713965613e-07,1.1925693790842352e-07
k1_w256_d16,2022-01-12T18,2022-01-13T00,6,specific_humidity,7.0,1.4807394022507847e-13,6.366798888301748e-14,-3.4200373851706456e-07,1.9045389951692615e-07
k1_w256_d16,2022-01-12T18,2022-01-13T00,6,specific_humidity,10.0,7.241698203857942e-14,1.1182983045835596e-13,-2.284942807481441e-07,3.0799353402888255e-07
k1_w256_d16,2022-01-12T18,2022-01-13T00,6,specific_humidity,20.0,1.1289793850409396e-14,1.462833223992181e-13,-2.083151755024145e-08,3.6982846660308255e-07
k1_w256_d16,2022-01-12T18,2022-01-13T00,6,specific_humidity,30.0,6.457218366036466e-15,2.818118594913601e-14,3.350769843130236e-08,1.4413012900971864e-07
k1_w256_d16,2022-01-12T18,2022-01-13T00,6,specific_cloud_ice_water_content,1.0,2.2126707337085358e-12,2.680068816443644e-12,6.677981773113492e-07,2.633134245257679e-07
k1_w256_d16,2022-01-12T18,2022-01-13T00,6,specific_cloud_ice_water_content,2.0,2.1678653871775077e-12,2.652380389021656e-12,6.281385761091401e-07,2.0700646002315462e-07
k1_w256_d16,2022-01-12T18,2022-01-13T00,6,specific_cloud_ice_water_content,3.0,2.1656000789928683e-12,2.6479243556183084e-12,6.172697911181547e-07,2.153069651217249e-07
k1_w256_d16,2022-01-12T18,2022-01-13T00,6,specific_cloud_ice_water_content,5.0,2.139540293238044e-12,2.635071706689396e-12,6.028552131987367e-07,1.740820282446827e-07
k1_w256_d16,2022-01-12T18,2022-01-13T00,6,specific_cloud_ice_water_content,7.0,2.1512982725065034e-12,2.667626314016146e-12,6.112038860585576e-07,2.436924471976613e-07
k1_w256_d16,2022-01-12T18,2022-01-13T00,6,specific_cloud_ice_water_content,10.0,2.1814890071848674e-12,2.6537010850969673e-12,6.423493756352705e-07,2.2497536177282995e-07
k1_w256_d16,2022-01-12T18,2022-01-13T00,6,specific_cloud_ice_water_content,20.0,1.5624406736822548e-12,1.911275016678717e-12,3.9291069719313916e-07,-6.594729086220087e-08
k1_w256_d16,2022-01-12T18,2022-01-13T00,6,specific_cloud_ice_water_content,30.0,9.761326182788406e-13,1.5334224358076912e-12,-9.817966666853257e-08,-4.785380499935349e-07
k1_w256_d16,2022-01-12T18,2022-01-13T00,6,specific_cloud_liquid_water_content,1.0,7.386129324399539e-12,1.7962468024974956e-11,7.608527734866116e-07,-3.1050857880146773e-07
k1_w256_d16,2022-01-12T18,2022-01-13T00,6,specific_cloud_liquid_water_content,2.0,7.390576421958087e-12,1.7856160417862895e-11,7.849838017022557e-07,-1.0667260858422867e-07
k1_w256_d16,2022-01-12T18,2022-01-13T00,6,specific_cloud_liquid_water_content,3.0,7.322543778962269e-12,1.787569791853124e-11,7.428965691705451e-07,-7.612229033561066e-09
k1_w256_d16,2022-01-12T18,2022-01-13T00,6,specific_cloud_liquid_water_content,5.0,7.373039966976394e-12,1.790519944482902e-11,7.755890437395781e-07,6.204115173594446e-08
k1_w256_d16,2022-01-12T18,2022-01-13T00,6,specific_cloud_liquid_water_content,7.0,7.453506117144957e-12,1.7885162370489196e-11,8.145950857148937e-07,-1.0153507261729906e-07
k1_w256_d16,2022-01-12T18,2022-01-13T00,6,specific_cloud_liquid_water_content,10.0,7.32757252478502e-12,1.78429695211263e-11,7.49351990399535e-07,-1.6495384305708017e-07
k1_w256_d16,2022-01-12T18,2022-01-13T00,6,specific_cloud_liquid_water_content,20.0,5.6266626495835615e-12,1.4154045044639945e-11,7.376552590803524e-07,-6.281225022103435e-07
k1_w256_d16,2022-01-12T18,2022-01-13T00,6,specific_cloud_liquid_water_content,30.0,3.8657407109063154e-12,1.0410879740998131e-11,7.19941180659071e-07,-4.37969984399118e-07
k2_w128_d16,2022-01-10T00,2022-01-10T06,6,temperature,1.0,89.33928978430886,64.67215645427291,-5.7118673497126755,1.521845627277588
k2_w128_d16,2022-01-10T00,2022-01-10T06,6,temperature,2.0,59.87850948198418,109.94547777622603,-4.062185993010345,7.843699312222025
k2_w128_d16,2022-01-10T00,2022-01-10T06,6,temperature,3.0,37.911382172669356,93.53152998100772,-2.618488052682066,7.720177420949099
k2_w128_d16,2022-01-10T00,2022-01-10T06,6,temperature,5.0,21.05307520931379,35.80757379139061,-1.9778210316998082,4.093140806687555
k2_w128_d16,2022-01-10T00,2022-01-10T06,6,temperature,7.0,14.292602960703885,30.09893562199498,-1.4671280155833337,3.9889935235240586
k2_w128_d16,2022-01-10T00,2022-01-10T06,6,temperature,10.0,8.440940213689483,15.67278097076219,-0.22256647200443724,2.810664013148399
k2_w128_d16,2022-01-10T00,2022-01-10T06,6,temperature,20.0,4.658658967959686,10.345351196464346,0.709133332606002,-2.0684910406253345
k2_w128_d16,2022-01-10T00,2022-01-10T06,6,temperature,30.0,3.6836546371832872,11.553107334851894,0.8606680365606221,-2.64361357077763
k2_w128_d16,2022-01-10T00,2022-01-10T06,6,geopotential,1.0,923852117.0954685,9352228.548150444,-30177.173700653217,337.5268917037486
k2_w128_d16,2022-01-10T00,2022-01-10T06,6,geopotential,2.0,431586148.5692928,4064597.125714535,-20620.089053250966,574.0792388244245
k2_w128_d16,2022-01-10T00,2022-01-10T06,6,geopotential,3.0,244622602.28649235,1934950.615382312,-15528.189354605434,-36.0049071235363
k2_w128_d16,2022-01-10T00,2022-01-10T06,6,geopotential,5.0,91835769.12398604,996779.6009552093,-9506.245032709485,381.6828125789609
k2_w128_d16,2022-01-10T00,2022-01-10T06,6,geopotential,7.0,36582616.22086151,596518.0800614457,-5991.840225809175,355.57375504464426
k2_w128_d16,2022-01-10T00,2022-01-10T06,6,geopotential,10.0,7811601.830148267,357428.26809671614,-2739.2156474842404,196.52229900954308
k2_w128_d16,2022-01-10T00,2022-01-10T06,6,geopotential,20.0,1909855.7770481836,219451.5162157995,1351.3715233653627,199.23442152722168
k2_w128_d16,2022-01-10T00,2022-01-10T06,6,geopotential,30.0,3259324.9969791714,263011.4954540241,1789.4855176068695,343.5320240457821
k2_w128_d16,2022-01-10T00,2022-01-10T06,6,geopotential,500.0,641.599349784635,21039.463297471688,-4.175347226341925,-34.9343294592089
k2_w128_d16,2022-01-10T00,2022-01-10T06,6,u_component_of_wind,1.0,382.749328270771,434.44361885470244,3.3302375418077146,0.1415171229181113
k2_w128_d16,2022-01-10T00,2022-01-10T06,6,u_component_of_wind,2.0,207.51971121233458,243.07601366157309,2.228458525625705,6.246955308094066
k2_w128_d16,2022-01-10T00,2022-01-10T06,6,u_component_of_wind,3.0,140.41616298622733,148.08793991113617,-2.3769101172000155,2.252612417799993
k2_w128_d16,2022-01-10T00,2022-01-10T06,6,u_component_of_wind,5.0,113.38197627400292,154.30898506932868,-1.4657750570935648,3.760613448586024
k2_w128_d16,2022-01-10T00,2022-01-10T06,6,u_component_of_wind,7.0,113.71615298581136,149.60708422256624,-4.206927682838163,0.2681137106212466
k2_w128_d16,2022-01-10T00,2022-01-10T06,6,u_component_of_wind,10.0,130.34960280462417,206.13629342086728,-5.466893102216539,-3.514178848144484
k2_w128_d16,2022-01-10T00,2022-01-10T06,6,u_component_of_wind,20.0,26.42220657441841,53.77173261321354,1.061898670375824,4.29682850558603
k2_w128_d16,2022-01-10T00,2022-01-10T06,6,u_component_of_wind,30.0,23.308993905000523,40.19534626655491,1.4870298877588524,2.761909756647995
k2_w128_d16,2022-01-10T00,2022-01-10T06,6,v_component_of_wind,1.0,149.06522704220762,176.5866626882368,-0.8917889354565263,0.39226781807361155
k2_w128_d16,2022-01-10T00,2022-01-10T06,6,v_component_of_wind,2.0,89.98675052721575,103.43719775329953,-0.14718412439191142,-0.9362924204949181
k2_w128_d16,2022-01-10T00,2022-01-10T06,6,v_component_of_wind,3.0,49.34519299242299,63.563076652479836,0.6128838447042947,-1.1275457872612646
k2_w128_d16,2022-01-10T00,2022-01-10T06,6,v_component_of_wind,5.0,31.037008986804203,44.1359110001785,-0.007898245981710579,-1.8117103464846775
k2_w128_d16,2022-01-10T00,2022-01-10T06,6,v_component_of_wind,7.0,22.899280762652715,36.92725917739619,-0.4908748077601217,-2.9830564704615474
k2_w128_d16,2022-01-10T00,2022-01-10T06,6,v_component_of_wind,10.0,17.95805499443876,31.313937060309456,-0.4803375258050302,-3.3821010405607543
k2_w128_d16,2022-01-10T00,2022-01-10T06,6,v_component_of_wind,20.0,9.393729523517536,28.604217813624267,-0.43575631605512133,-3.9895405171906724
k2_w128_d16,2022-01-10T00,2022-01-10T06,6,v_component_of_wind,30.0,6.675609390935586,12.00896028781197,0.06652008847079613,1.9547765191489272
k2_w128_d16,2022-01-10T00,2022-01-10T06,6,specific_humidity,1.0,7.767166198073684e-13,1.7449277390296109e-13,-8.646838596977937e-07,-3.699417966556798e-07
k2_w128_d16,2022-01-10T00,2022-01-10T06,6,specific_humidity,2.0,4.046454854924205e-13,3.645517799578664e-14,-6.185740502799535e-07,-1.2341741863206968e-07
k2_w128_d16,2022-01-10T00,2022-01-10T06,6,specific_humidity,3.0,3.141760732146799e-13,2.764798920650544e-14,-5.344829281894991e-07,-4.216784357560236e-08
k2_w128_d16,2022-01-10T00,2022-01-10T06,6,specific_humidity,5.0,2.1472346756620468e-13,4.002739312600743e-14,-4.236500599448249e-07,9.048717665083856e-08
k2_w128_d16,2022-01-10T00,2022-01-10T06,6,specific_humidity,7.0,1.488836675802281e-13,5.086261529775992e-14,-3.4388871028706436e-07,1.5619271542811822e-07
k2_w128_d16,2022-01-10T00,2022-01-10T06,6,specific_humidity,10.0,7.462593120032037e-14,9.023976735024086e-14,-2.3243175447786124e-07,2.7048752088955335e-07
k2_w128_d16,2022-01-10T00,2022-01-10T06,6,specific_humidity,20.0,1.0744734938384138e-14,1.365964886088253e-13,-2.0461754306081638e-08,3.575579051655398e-07
k2_w128_d16,2022-01-10T00,2022-01-10T06,6,specific_humidity,30.0,7.387388342879905e-15,3.8687662620895444e-14,3.605883264871567e-08,1.7448835965295425e-07
k2_w128_d16,2022-01-10T00,2022-01-10T06,6,specific_cloud_ice_water_content,1.0,2.0685004352468373e-12,3.972585439409012e-12,6.238629704766226e-07,9.174006383345465e-07
k2_w128_d16,2022-01-10T00,2022-01-10T06,6,specific_cloud_ice_water_content,2.0,2.027716723254796e-12,3.8077436547460624e-12,5.850281516041546e-07,8.235628174552797e-07
k2_w128_d16,2022-01-10T00,2022-01-10T06,6,specific_cloud_ice_water_content,3.0,2.0229075345536967e-12,3.8546761707609745e-12,5.72856012505721e-07,8.428472386138952e-07
k2_w128_d16,2022-01-10T00,2022-01-10T06,6,specific_cloud_ice_water_content,5.0,1.9996778933935833e-12,3.723860792473697e-12,5.587407108736197e-07,7.67614945749908e-07
k2_w128_d16,2022-01-10T00,2022-01-10T06,6,specific_cloud_ice_water_content,7.0,2.0123540503163836e-12,3.871081591914397e-12,5.672149393913982e-07,8.489391068776024e-07
k2_w128_d16,2022-01-10T00,2022-01-10T06,6,specific_cloud_ice_water_content,10.0,2.037848553035611e-12,3.803002821135169e-12,5.981833098108302e-07,8.20393175726948e-07
k2_w128_d16,2022-01-10T00,2022-01-10T06,6,specific_cloud_ice_water_content,20.0,1.48755210444765e-12,2.8089286278872907e-12,3.564915626472014e-07,7.469465057458694e-07
k2_w128_d16,2022-01-10T00,2022-01-10T06,6,specific_cloud_ice_water_content,30.0,9.941403817327904e-13,1.8569662563086846e-12,-1.1082093354429346e-07,6.20533911468292e-07
k2_w128_d16,2022-01-10T00,2022-01-10T06,6,specific_cloud_liquid_water_content,1.0,7.757208555339974e-12,2.5944624709325208e-11,8.575659972407154e-07,-7.912916438713625e-07
k2_w128_d16,2022-01-10T00,2022-01-10T06,6,specific_cloud_liquid_water_content,2.0,7.768033252963407e-12,2.560814856647673e-11,8.814226926456403e-07,-4.2186821834211115e-07
k2_w128_d16,2022-01-10T00,2022-01-10T06,6,specific_cloud_liquid_water_content,3.0,7.698124016419846e-12,2.5529789954882616e-11,8.389064266073973e-07,-4.137238984586577e-07
k2_w128_d16,2022-01-10T00,2022-01-10T06,6,specific_cloud_liquid_water_content,5.0,7.755120571576993e-12,2.555607326358537e-11,8.735207078024945e-07,-3.2465932423617415e-07
k2_w128_d16,2022-01-10T00,2022-01-10T06,6,specific_cloud_liquid_water_content,7.0,7.830635752254065e-12,2.5586453220387036e-11,9.127986828439538e-07,-4.6316822265099076e-07
k2_w128_d16,2022-01-10T00,2022-01-10T06,6,specific_cloud_liquid_water_content,10.0,7.71015543619863e-12,2.528841674110163e-11,8.475489957015011e-07,-4.386897113011618e-07
k2_w128_d16,2022-01-10T00,2022-01-10T06,6,specific_cloud_liquid_water_content,20.0,5.881784767208988e-12,2.0080450213882312e-11,8.065658581164909e-07,-8.079493020735869e-07
k2_w128_d16,2022-01-10T00,2022-01-10T06,6,specific_cloud_liquid_water_content,30.0,3.815310592419541e-12,1.3964182253820613e-11,7.231624994069726e-07,-2.72884636333886e-07
k2_w128_d16,2022-01-10T00,2022-01-10T12,12,temperature,1.0,94.40745365585467,72.6212244381326,-6.073346665741935,1.4467016760621076
k2_w128_d16,2022-01-10T00,2022-01-10T12,12,temperature,2.0,60.32066341819766,123.3744991401497,-4.216715539267145,8.77380832050894
k2_w128_d16,2022-01-10T00,2022-01-10T12,12,temperature,3.0,38.35103276230445,115.25923632037583,-2.490657932227612,9.0401895113133
k2_w128_d16,2022-01-10T00,2022-01-10T12,12,temperature,5.0,21.709133902667112,54.79448610523761,-1.926378456931231,5.481923435265593
k2_w128_d16,2022-01-10T00,2022-01-10T12,12,temperature,7.0,15.284230686275265,47.13137383663213,-1.5147681248521678,5.1494896656148414
k2_w128_d16,2022-01-10T00,2022-01-10T12,12,temperature,10.0,8.037595711425967,35.11277355920747,-0.29652819643930195,4.299857858556583
k2_w128_d16,2022-01-10T00,2022-01-10T12,12,temperature,20.0,4.038549801421866,10.606457671403794,0.7025295704744117,-1.0729459815385853
k2_w128_d16,2022-01-10T00,2022-01-10T12,12,temperature,30.0,3.411191206938537,10.43392840360524,0.8859691452792415,-1.7376506907051619
k2_w128_d16,2022-01-10T00,2022-01-10T12,12,geopotential,1.0,928350687.0417206,12847947.529752426,-30262.10976990452,-16.98186855944138
k2_w128_d16,2022-01-10T00,2022-01-10T12,12,geopotential,2.0,432930283.8246028,6193656.397389268,-20652.9050419527,404.442998956727
k2_w128_d16,2022-01-10T00,2022-01-10T12,12,geopotential,3.0,245675051.15719226,3553604.57560308,-15558.744155709579,-21.803826103293204
k2_w128_d16,2022-01-10T00,2022-01-10T12,12,geopotential,5.0,92782070.28729108,1855150.8513067155,-9553.427114585887,411.49500294981567
k2_w128_d16,2022-01-10T00,2022-01-10T12,12,geopotential,7.0,37131091.26038729,1156329.0113487812,-6034.889099879762,392.6652127729713
k2_w128_d16,2022-01-10T00,2022-01-10T12,12,geopotential,10.0,8022828.233477959,776593.8588815855,-2774.8120545645857,293.9682674793722
k2_w128_d16,2022-01-10T00,2022-01-10T12,12,geopotential,20.0,1877023.2927474128,541596.7701533355,1336.7490616036243,351.66269203368455
k2_w128_d16,2022-01-10T00,2022-01-10T12,12,geopotential,30.0,3233943.4144216944,635836.8134228523,1781.4624402946476,545.4556425907505
k2_w128_d16,2022-01-10T00,2022-01-10T12,12,geopotential,500.0,1211.5196173241288,86720.25770594506,-6.1530077183508745,-50.68980696630928
k2_w128_d16,2022-01-10T00,2022-01-10T12,12,u_component_of_wind,1.0,401.5557699781151,537.9865341812372,1.9603128950763846,-1.0764934320739914
k2_w128_d16,2022-01-10T00,2022-01-10T12,12,u_component_of_wind,2.0,219.91334464272137,299.91546428275024,1.9233940955713003,5.87971504655126
k2_w128_d16,2022-01-10T00,2022-01-10T12,12,u_component_of_wind,3.0,158.20770474806307,215.57101247552464,-2.2435673945481014,2.7165682547348995
k2_w128_d16,2022-01-10T00,2022-01-10T12,12,u_component_of_wind,5.0,130.96110631918395,224.06295290942296,-1.8915212910160073,3.6679035696543845
k2_w128_d16,2022-01-10T00,2022-01-10T12,12,u_component_of_wind,7.0,134.37344304967172,209.23008883619434,-4.464605893051392,1.4613493725985527
k2_w128_d16,2022-01-10T00,2022-01-10T12,12,u_component_of_wind,10.0,136.83273918881085,221.24204529061132,-5.524190917717226,-1.5685344698962953
k2_w128_d16,2022-01-10T00,2022-01-10T12,12,u_component_of_wind,20.0,28.77544081482126,92.3096346376947,1.3469643178655493,5.518893227083781
k2_w128_d16,2022-01-10T00,2022-01-10T12,12,u_component_of_wind,30.0,27.182131111847767,102.94140432977007,1.760298538005817,3.178587919118902
k2_w128_d16,2022-01-10T00,2022-01-10T12,12,v_component_of_wind,1.0,152.99786815553836,243.95488914125798,0.06501127200382002,0.32193470441630734
k2_w128_d16,2022-01-10T00,2022-01-10T12,12,v_component_of_wind,2.0,85.70790138267907,137.19965440888672,-0.19325041104064516,-2.7287993636562264
k2_w128_d16,2022-01-10T00,2022-01-10T12,12,v_component_of_wind,3.0,52.81151874578501,100.23292761036939,0.24088080824107885,-3.6352212817833607
k2_w128_d16,2022-01-10T00,2022-01-10T12,12,v_component_of_wind,5.0,28.676576101287964,72.63770086764399,0.5346706372322518,-3.0631291728498264
k2_w128_d16,2022-01-10T00,2022-01-10T12,12,v_component_of_wind,7.0,22.330361012224422,71.75374958221445,0.02855601717404689,-4.283835914121466
k2_w128_d16,2022-01-10T00,2022-01-10T12,12,v_component_of_wind,10.0,15.366690425440018,60.53516353324031,-0.23633670767502926,-4.854946160182575
k2_w128_d16,2022-01-10T00,2022-01-10T12,12,v_component_of_wind,20.0,8.694828981985868,39.34321449873019,-0.33224988287553087,-4.455826370415468
k2_w128_d16,2022-01-10T00,2022-01-10T12,12,v_component_of_wind,30.0,6.551479773814885,32.73933669175133,-0.09255113863757772,2.9974101514581735
k2_w128_d16,2022-01-10T00,2022-01-10T12,12,specific_humidity,1.0,7.747603369914332e-13,1.7704222691142446e-13,-8.635303973528315e-07,-3.7077007873284687e-07
k2_w128_d16,2022-01-10T00,2022-01-10T12,12,specific_humidity,2.0,4.0162823480070935e-13,3.78984099859012e-14,-6.157465078497211e-07,-1.235479106252449e-07
k2_w128_d16,2022-01-10T00,2022-01-10T12,12,specific_humidity,3.0,3.1195411813885293e-13,2.8445955310563214e-14,-5.324038929027089e-07,-4.4730330746874163e-08
k2_w128_d16,2022-01-10T00,2022-01-10T12,12,specific_humidity,5.0,2.149301501573471e-13,3.962919437533654e-14,-4.237440534429745e-07,8.470983207270692e-08
k2_w128_d16,2022-01-10T00,2022-01-10T12,12,specific_humidity,7.0,1.480954067390629e-13,5.03237669718591e-14,-3.426320023062623e-07,1.551456978407828e-07
k2_w128_d16,2022-01-10T00,2022-01-10T12,12,specific_humidity,10.0,7.348213392879329e-14,9.03268457434022e-14,-2.3032485604885937e-07,2.725937742330301e-07
k2_w128_d16,2022-01-10T00,2022-01-10T12,12,specific_humidity,20.0,1.0899301705144805e-14,1.3639607548855417e-13,-1.9669818242133455e-08,3.5786776511978407e-07
k2_w128_d16,2022-01-10T00,2022-01-10T12,12,specific_humidity,30.0,7.379093785480311e-15,3.7135906829274904e-14,3.584855496900571e-08,1.7356806302209115e-07
k2_w128_d16,2022-01-10T00,2022-01-10T12,12,specific_cloud_ice_water_content,1.0,1.6060126482401002e-12,4.8188590256647316e-11,4.0831664250515466e-07,-5.58196615297066e-07
k2_w128_d16,2022-01-10T00,2022-01-10T12,12,specific_cloud_ice_water_content,2.0,1.584191922736713e-12,4.8758846504475084e-11,3.699592308459648e-07,-6.69181487432783e-07
k2_w128_d16,2022-01-10T00,2022-01-10T12,12,specific_cloud_ice_water_content,3.0,1.582446527366404e-12,4.836207233944959e-11,3.5750176349741857e-07,-6.486478072970996e-07
k2_w128_d16,2022-01-10T00,2022-01-10T12,12,specific_cloud_ice_water_content,5.0,1.566086644925021e-12,4.8673386619620784e-11,3.43227796184216e-07,-7.184748220414227e-07
k2_w128_d16,2022-01-10T00,2022-01-10T12,12,specific_cloud_ice_water_content,7.0,1.5743180035625043e-12,4.845661126233938e-11,3.517116624736015e-07,-6.365807249378933e-07
k2_w128_d16,2022-01-10T00,2022-01-10T12,12,specific_cloud_ice_water_content,10.0,1.589313220562803e-12,4.844045700154411e-11,3.826236603800497e-07,-6.599875340055313e-07
k2_w128_d16,2022-01-10T00,2022-01-10T12,12,specific_cloud_ice_water_content,20.0,1.2004017039262873e-12,3.30623647367034e-11,1.6087123467673365e-07,-8.662352701103014e-07
k2_w128_d16,2022-01-10T00,2022-01-10T12,12,specific_cloud_ice_water_content,30.0,9.366533122427116e-13,2.4122931635699702e-11,-2.699012695371213e-07,-1.1985655824969599e-06
k2_w128_d16,2022-01-10T00,2022-01-10T12,12,specific_cloud_liquid_water_content,1.0,6.512608526696303e-12,2.784296004959869e-10,7.982363905933622e-07,-3.229497608872397e-06
k2_w128_d16,2022-01-10T00,2022-01-10T12,12,specific_cloud_liquid_water_content,2.0,6.519168409382478e-12,2.762994387658629e-10,8.23484761251099e-07,-2.9000394654109504e-06
k2_w128_d16,2022-01-10T00,2022-01-10T12,12,specific_cloud_liquid_water_content,3.0,6.452494804073785e-12,2.763693660407898e-10,7.821774524164823e-07,-2.9118770689448986e-06
k2_w128_d16,2022-01-10T00,2022-01-10T12,12,specific_cloud_liquid_water_content,5.0,6.502569807076099e-12,2.763806777008227e-10,8.122226488410027e-07,-2.8493290992059753e-06
k2_w128_d16,2022-01-10T00,2022-01-10T12,12,specific_cloud_liquid_water_content,7.0,6.583920777218318e-12,2.7674930559449875e-10,8.535424154030054e-07,-2.9457647277830695e-06
k2_w128_d16,2022-01-10T00,2022-01-10T12,12,specific_cloud_liquid_water_content,10.0,6.465572339383506e-12,2.765741592778612e-10,7.908222004675039e-07,-2.9384092712040934e-06
k2_w128_d16,2022-01-10T00,2022-01-10T12,12,specific_cloud_liquid_water_content,20.0,5.0613479692009115e-12,1.884643895737719e-10,7.917694406974832e-07,-4.1190642339417755e-06
k2_w128_d16,2022-01-10T00,2022-01-10T12,12,specific_cloud_liquid_water_content,30.0,3.4210892416697354e-12,1.1519549168340781e-10,7.993607877646726e-07,-5.3390032977586125e-06
k2_w128_d16,2022-01-10T06,2022-01-10T12,6,temperature,1.0,93.78922602578669,65.74865915898732,-5.975487443253258,1.2505889210456869
k2_w128_d16,2022-01-10T06,2022-01-10T12,6,temperature,2.0,60.4835843891438,108.08100543294198,-4.071937830597122,7.741541448972591
k2_w128_d16,2022-01-10T06,2022-01-10T12,6,temperature,3.0,38.180644060454505,94.57488364390048,-2.3446659209315337,7.863416100381188
k2_w128_d16,2022-01-10T06,2022-01-10T12,6,temperature,5.0,21.360983641640452,36.57853887218916,-1.81076124612015,4.230718333845432
k2_w128_d16,2022-01-10T06,2022-01-10T12,6,temperature,7.0,15.185788425355014,30.72040822951093,-1.418445208462932,4.0853273994203345
k2_w128_d16,2022-01-10T06,2022-01-10T12,6,temperature,10.0,8.02794643616786,15.84722408877306,-0.2251098047081976,2.8701459979338844
k2_w128_d16,2022-01-10T06,2022-01-10T12,6,temperature,20.0,4.1491239182976045,9.55881741686795,0.7134882458393466,-2.040792973666414
k2_w128_d16,2022-01-10T06,2022-01-10T12,6,temperature,30.0,3.5872640014249644,11.276050977926467,0.8664315954685976,-2.6648025207374237
k2_w128_d16,2022-01-10T06,2022-01-10T12,6,geopotential,1.0,923416052.9589018,9345616.739394575,-30179.07673872254,209.58033693824774
k2_w128_d16,2022-01-10T06,2022-01-10T12,6,geopotential,2.0,430499372.99126714,4021084.5115354373,-20594.257653973902,509.5818463655407
k2_w128_d16,2022-01-10T06,2022-01-10T12,6,geopotential,3.0,244354505.3851617,1948065.0843818462,-15516.89925785405,-95.3867950675059
k2_w128_d16,2022-01-10T06,2022-01-10T12,6,geopotential,5.0,92430288.80202934,956230.6831742232,-9534.958412778928,306.75468780516746
k2_w128_d16,2022-01-10T06,2022-01-10T12,6,geopotential,7.0,37075323.027193606,563887.2630644549,-6029.033287145138,285.41383487257326
k2_w128_d16,2022-01-10T06,2022-01-10T12,6,geopotential,10.0,8065849.710820613,354692.80033193505,-2778.9474146274274,130.23162624679588
k2_w128_d16,2022-01-10T06,2022-01-10T12,6,geopotential,20.0,1829836.2361698304,220887.98992328648,1316.6390827020973,149.35015511726607
k2_w128_d16,2022-01-10T06,2022-01-10T12,6,geopotential,30.0,3149336.258019588,236940.99364706344,1757.4089549981481,297.26413819319157
k2_w128_d16,2022-01-10T06,2022-01-10T12,6,geopotential,500.0,1336.3230732638099,23138.06507761222,-9.840137905998144,-41.56580968370314
k2_w128_d16,2022-01-10T06,2022-01-10T12,6,u_component_of_wind,1.0,396.5646368896081,461.5286177516814,1.9328784234306395,-0.5785133435106531
k2_w128_d16,2022-01-10T06,2022-01-10T12,6,u_component_of_wind,2.0,216.66386560680243,252.99323306786027,1.9217683845491733,6.416658892317343
k2_w128_d16,2022-01-10T06,2022-01-10T12,6,u_component_of_wind,3.0,154.71998100728604,170.51979586173266,-2.226927804458417,2.7858861336659135
k2_w128_d16,2022-01-10T06,2022-01-10T12,6,u_component_of_wind,5.0,127.33224828971998,166.7285963618189,-1.8011990514615746,3.8046423344673115
k2_w128_d16,2022-01-10T06,2022-01-10T12,6,u_component_of_wind,7.0,130.32238492074882,157.1175283216897,-4.402602757196647,0.3614208082541674
k2_w128_d16,2022-01-10T06,2022-01-10T12,6,u_component_of_wind,10.0,136.2662721502393,209.66663487251316,-5.529259146625664,-3.418660493809834
k2_w128_d16,2022-01-10T06,2022-01-10T12,6,u_component_of_wind,20.0,27.47160210404608,53.477552654686285,1.2034655216431234,4.280510807737924
k2_w128_d16,2022-01-10T06,2022-01-10T12,6,u_component_of_wind,30.0,26.12367107392703,41.177823750357234,1.6136930273138999,2.6943990253506827
k2_w128_d16,2022-01-10T06,2022-01-10T12,6,v_component_of_wind,1.0,153.219784042033,194.81605509516947,-0.08422656547537771,1.3122695332482408
k2_w128_d16,2022-01-10T06,2022-01-10T12,6,v_component_of_wind,2.0,86.47479013799384,96.52252331329407,-0.37260996808650465,-1.067057786370513
k2_w128_d16,2022-01-10T06,2022-01-10T12,6,v_component_of_wind,3.0,52.7408317485,63.03393663982109,0.05280680445797324,-1.6206511346216153
k2_w128_d16,2022-01-10T06,2022-01-10T12,6,v_component_of_wind,5.0,28.207256299307677,39.01617225946367,0.3577880516399353,-1.4132726668432838
k2_w128_d16,2022-01-10T06,2022-01-10T12,6,v_component_of_wind,7.0,22.06284269823938,34.68270670534433,-0.13193767290802547,-2.6473417835234563
k2_w128_d16,2022-01-10T06,2022-01-10T12,6,v_component_of_wind,10.0,16.083242102492257,29.4520112806073,-0.3632286863923384,-3.339101822688463
k2_w128_d16,2022-01-10T06,2022-01-10T12,6,v_component_of_wind,20.0,8.978953155121957,28.22692499071819,-0.37499554416527003,-4.03696834306386
k2_w128_d16,2022-01-10T06,2022-01-10T12,6,v_component_of_wind,30.0,6.645694616068501,12.083677385280167,-0.06537375035504767,1.8076891441838183
k2_w128_d16,2022-01-10T06,2022-01-10T12,6,specific_humidity,1.0,7.799124321914254e-13,1.7802736500373639e-13,-8.662722706119367e-07,-3.735157984589712e-07
k2_w128_d16,2022-01-10T06,2022-01-10T12,6,specific_humidity,2.0,4.048409107350545e-13,3.71126363647705e-14,-6.18474241460861e-07,-1.2521993789244523e-07
k2_w128_d16,2022-01-10T06,2022-01-10T12,6,specific_humidity,3.0,3.148159217767085e-13,2.7840437646183794e-14,-5.351490393067763e-07,-4.4879693481171155e-08
k2_w128_d16,2022-01-10T06,2022-01-10T12,6,specific_humidity,5.0,2.1720662410971164e-13,3.9571836400188354e-14,-4.264396767806643e-07,8.571066240406826e-08
k2_w128_d16,2022-01-10T06,2022-01-10T12,6,specific_humidity,7.0,1.498204023793632e-13,4.996674879176045e-14,-3.4537896418277704e-07,1.5272944717666235e-07
k2_w128_d16,2022-01-10T06,2022-01-10T12,6,specific_humidity,10.0,7.455202572280154e-14,8.86840248097743e-14,-2.3302179071993625e-07,2.68000312244443e-07
k2_w128_d16,2022-01-10T06,2022-01-10T12,6,specific_humidity,20.0,1.0822659292027408e-14,1.3432011787643037e-13,-2.193132977502266e-08,3.544775427197238e-07
k2_w128_d16,2022-01-10T06,2022-01-10T12,6,specific_humidity,30.0,7.267001061598495e-15,3.792377905201956e-14,3.492059338415131e-08,1.7270176700559937e-07
k2_w128_d16,2022-01-10T06,2022-01-10T12,6,specific_cloud_ice_water_content,1.0,2.042912919062748e-12,4.108758005274057e-12,6.286991305789217e-07,1.0079153945007416e-06
k2_w128_d16,2022-01-10T06,2022-01-10T12,6,specific_cloud_ice_water_content,2.0,2.0043699608421332e-12,3.925007542515054e-12,5.895659106622714e-07,9.130372038303286e-07
k2_w128_d16,2022-01-10T06,2022-01-10T12,6,specific_cloud_ice_water_content,3.0,1.995196038610594e-12,3.977342919992172e-12,5.77055192228141e-07,9.327443033038657e-07
k2_w128_d16,2022-01-10T06,2022-01-10T12,6,specific_cloud_ice_water_content,5.0,1.974477239729922e-12,3.825541917717543e-12,5.637544683621593e-07,8.572326488068823e-07
k2_w128_d16,2022-01-10T06,2022-01-10T12,6,specific_cloud_ice_water_content,7.0,1.9871649982214274e-12,3.989751525229738e-12,5.718710554016572e-07,9.385566667799029e-07
k2_w128_d16,2022-01-10T06,2022-01-10T12,6,specific_cloud_ice_water_content,10.0,2.013007073807522e-12,3.915906337962002e-12,6.029603853837612e-07,9.1031104011103e-07
k2_w128_d16,2022-01-10T06,2022-01-10T12,6,specific_cloud_ice_water_content,20.0,1.4520079424610703e-12,2.9214688557545047e-12,3.6185389592833744e-07,8.144240983225423e-07
k2_w128_d16,2022-01-10T06,2022-01-10T12,6,specific_cloud_ice_water_content,30.0,9.617915551911759e-13,1.970228996875483e-12,-1.0229810603044159e-07,6.446571601039695e-07
k2_w128_d16,2022-01-10T06,2022-01-10T12,6,specific_cloud_liquid_water_content,1.0,8.023543137765301e-12,2.63495957472012e-11,9.028012812648157e-07,-8.084351084721457e-07
k2_w128_d16,2022-01-10T06,2022-01-10T12,6,specific_cloud_liquid_water_content,2.0,8.031219354094649e-12,2.601456121895362e-11,9.262346981850828e-07,-4.359292021706913e-07
k2_w128_d16,2022-01-10T06,2022-01-10T12,6,specific_cloud_liquid_water_content,3.0,7.957714595141382e-12,2.5932912343234952e-11,8.837702473402534e-07,-4.2963849475933477e-07
k2_w128_d16,2022-01-10T06,2022-01-10T12,6,specific_cloud_liquid_water_content,5.0,8.015442137352064e-12,2.597408920596651e-11,9.174124790665553e-07,-3.4302739785086143e-07
k2_w128_d16,2022-01-10T06,2022-01-10T12,6,specific_cloud_liquid_water_content,7.0,8.098073547020807e-12,2.5985902713579642e-11,9.579137702950156e-07,-4.792991567219611e-07
k2_w128_d16,2022-01-10T06,2022-01-10T12,6,specific_cloud_liquid_water_content,10.0,7.96741586067636e-12,2.5675976552986155e-11,8.910464562484777e-07,-4.551854318425593e-07
k2_w128_d16,2022-01-10T06,2022-01-10T12,6,specific_cloud_liquid_water_content,20.0,6.215731584616913e-12,2.033281831958349e-11,8.642561203792501e-07,-7.8796876424096e-07
k2_w128_d16,2022-01-10T06,2022-01-10T12,6,specific_cloud_liquid_water_content,30.0,4.2132672367040595e-12,1.4021358724062902e-11,8.107638140872547e-07,-1.5707042221519074e-07
k2_w128_d16,2022-01-10T06,2022-01-10T18,12,temperature,1.0,86.94746736949544,72.75649764138512,-5.558689209455727,1.5027481569440386
k2_w128_d16,2022-01-10T06,2022-01-10T18,12,temperature,2.0,53.05851117456009,118.43542766046227,-3.8586219638505916,8.657650891501255
k2_w128_d16,2022-01-10T06,2022-01-10T18,12,temperature,3.0,32.4116433010261,107.92134885633632,-2.2281535786487225,8.872456369636401
k2_w128_d16,2022-01-10T06,2022-01-10T18,12,temperature,5.0,21.020762317473977,52.504387965484625,-1.6932549427468992,5.359962005390252
k2_w128_d16,2022-01-10T06,2022-01-10T18,12,temperature,7.0,15.704328396665002,46.931622803207624,-1.3097900414549581,5.038806823319949
k2_w128_d16,2022-01-10T06,2022-01-10T18,12,temperature,10.0,7.944867482407308,34.07933154111534,-0.4226364580601315,4.186988117217646
k2_w128_d16,2022-01-10T06,2022-01-10T18,12,temperature,20.0,4.44159647687033,11.702855170361495,0.6350581754886515,-1.1861436494291924
k2_w128_d16,2022-01-10T06,2022-01-10T18,12,temperature,30.0,3.624744002739499,11.11138159317391,0.8521385592394844,-1.7990268437921983
k2_w128_d16,2022-01-10T06,2022-01-10T18,12,geopotential,1.0,927764163.4947541,11438827.991001599,-30271.793934128356,-218.03880712244353
k2_w128_d16,2022-01-10T06,2022-01-10T18,12,geopotential,2.0,432966738.49542034,5417260.072111415,-20666.004302145913,234.59208229729543
k2_w128_d16,2022-01-10T06,2022-01-10T18,12,geopotential,3.0,245590840.1634307,3251045.159227867,-15562.065474444233,-154.71894844606544
k2_w128_d16,2022-01-10T06,2022-01-10T18,12,geopotential,5.0,92668026.5010257,1746150.1642456446,-9549.670871050148,315.2994972968961
k2_w128_d16,2022-01-10T06,2022-01-10T18,12,geopotential,7.0,37071389.3074431,1116118.6872630753,-6032.813737113358,317.6755941574528
k2_w128_d16,2022-01-10T06,2022-01-10T18,12,geopotential,10.0,7981163.634957839,773528.9589660701,-2772.045710009615,236.18319077593065
k2_w128_d16,2022-01-10T06,2022-01-10T18,12,geopotential,20.0,1888371.0378149578,572240.8328674177,1342.4860076633772,317.4325086876129
k2_w128_d16,2022-01-10T06,2022-01-10T18,12,geopotential,30.0,3241759.524659698,641150.6991783004,1784.1810252342334,522.4862430262597
k2_w128_d16,2022-01-10T06,2022-01-10T18,12,geopotential,500.0,1333.0782219972948,81750.99391992175,-6.285283032760505,-48.772847462019165
k2_w128_d16,2022-01-10T06,2022-01-10T18,12,u_component_of_wind,1.0,377.3494107365191,520.5879015856685,1.8004667415455002,-1.1069304883873414
k2_w128_d16,2022-01-10T06,2022-01-10T18,12,u_component_of_wind,2.0,214.99853717239534,317.61209192820286,1.7896850977144365,5.86419874140765
k2_w128_d16,2022-01-10T06,2022-01-10T18,12,u_component_of_wind,3.0,151.2978037952116,212.35085501678455,-2.052306189228193,2.986311248377766
k2_w128_d16,2022-01-10T06,2022-01-10T18,12,u_component_of_wind,5.0,126.93694089132465,228.60715746617024,-1.3661348662166128,4.272822982286329
k2_w128_d16,2022-01-10T06,2022-01-10T18,12,u_component_of_wind,7.0,122.95819610776724,210.93828338634546,-3.860720694824863,2.1667647593675077
k2_w128_d16,2022-01-10T06,2022-01-10T18,12,u_component_of_wind,10.0,126.23688839946797,217.56288739481613,-5.225391567688771,-1.1589562478675541
k2_w128_d16,2022-01-10T06,2022-01-10T18,12,u_component_of_wind,20.0,28.28685561550759,87.80754739579547,0.9836499134099905,5.216214013921177
k2_w128_d16,2022-01-10T06,2022-01-10T18,12,u_component_of_wind,30.0,25.46668990415396,94.07616585146232,1.6894725193891564,3.0040989655040318
k2_w128_d16,2022-01-10T06,2022-01-10T18,12,v_component_of_wind,1.0,184.41418751953418,263.8054810300932,-0.0823378707226308,0.5534621240906896
k2_w128_d16,2022-01-10T06,2022-01-10T18,12,v_component_of_wind,2.0,104.72609057640004,174.45035392066305,-0.10928649197629221,-2.466783579662568
k2_w128_d16,2022-01-10T06,2022-01-10T18,12,v_component_of_wind,3.0,65.0709813309517,125.77100099651915,-0.07312593014163003,-3.892649546816454
k2_w128_d16,2022-01-10T06,2022-01-10T18,12,v_component_of_wind,5.0,33.643409068203354,69.23823785231463,0.6034663500733725,-2.9183099416127902
k2_w128_d16,2022-01-10T06,2022-01-10T18,12,v_component_of_wind,7.0,24.965636641820808,66.8495377489184,0.33484054510610706,-3.8891519860517274
k2_w128_d16,2022-01-10T06,2022-01-10T18,12,v_component_of_wind,10.0,18.80815079340418,61.50007495383662,-0.21748146781354433,-4.72830108171404
k2_w128_d16,2022-01-10T06,2022-01-10T18,12,v_component_of_wind,20.0,9.00872672031554,37.3454171628719,-0.37190905667055174,-4.294282964863663
k2_w128_d16,2022-01-10T06,2022-01-10T18,12,v_component_of_wind,30.0,7.199715993153093,34.05106195366481,-0.29671680785848,3.0539592704952483
k2_w128_d16,2022-01-10T06,2022-01-10T18,12,specific_humidity,1.0,7.809909578075373e-13,1.8226840378346922e-13,-8.66391774620766e-07,-3.7516491939366696e-07
k2_w128_d16,2022-01-10T06,2022-01-10T18,12,specific_humidity,2.0,4.0381770546407803e-13,3.8852746394902145e-14,-6.178156565407138e-07,-1.2709737027874307e-07
k2_w128_d16,2022-01-10T06,2022-01-10T18,12,specific_humidity,3.0,3.1496205629024597e-13,2.9640468250728305e-14,-5.348432276013656e-07,-4.8767031095057435e-08
k2_w128_d16,2022-01-10T06,2022-01-10T18,12,specific_humidity,5.0,2.1798992061792005e-13,3.892801548340182e-14,-4.275896444333758e-07,7.933370187273877e-08
k2_w128_d16,2022-01-10T06,2022-01-10T18,12,specific_humidity,7.0,1.4985432678463443e-13,4.939841873470879e-14,-3.4522767660191857e-07,1.509566884181358e-07
k2_w128_d16,2022-01-10T06,2022-01-10T18,12,specific_humidity,10.0,7.43778994597267e-14,8.809954762752854e-14,-2.327053842496933e-07,2.6863069212679216e-07
k2_w128_d16,2022-01-10T06,2022-01-10T18,12,specific_humidity,20.0,1.1102770405099974e-14,1.339426365929746e-13,-2.1941733956178347e-08,3.5440104667593095e-07
k2_w128_d16,2022-01-10T06,2022-01-10T18,12,specific_humidity,30.0,7.242572089522561e-15,3.647758838986463e-14,3.419259645686445e-08,1.717308535465371e-07
k2_w128_d16,2022-01-10T06,2022-01-10T18,12,specific_cloud_ice_water_content,1.0,1.6547933359523808e-12,4.6126625580613436e-11,4.0975820568370317e-07,-7.389286760508163e-07
k2_w128_d16,2022-01-10T06,2022-01-10T18,12,specific_cloud_ice_water_content,2.0,1.6280194986242075e-12,4.670198001324457e-11,3.7058493319267154e-07,-8.505169100766993e-07
k2_w128_d16,2022-01-10T06,2022-01-10T18,12,specific_cloud_ice_water_content,3.0,1.6302470944107331e-12,4.6312548927109514e-11,3.58862826107611e-07,-8.307045609776325e-07
k2_w128_d16,2022-01-10T06,2022-01-10T18,12,specific_cloud_ice_water_content,5.0,1.6128965793818927e-12,4.665149887690452e-11,3.4446740575355637e-07,-9.003630185790813e-07
k2_w128_d16,2022-01-10T06,2022-01-10T18,12,specific_cloud_ice_water_content,7.0,1.6196827049137478e-12,4.6403861003834236e-11,3.5282796041625743e-07,-8.182692171596946e-07
k2_w128_d16,2022-01-10T06,2022-01-10T18,12,specific_cloud_ice_water_content,10.0,1.6377183894648766e-12,4.6410314858535125e-11,3.8408581812287835e-07,-8.414466426547409e-07
k2_w128_d16,2022-01-10T06,2022-01-10T18,12,specific_cloud_ice_water_content,20.0,1.226934131866103e-12,3.202934977465018e-11,1.601665928579987e-07,-9.78197313433284e-07
k2_w128_d16,2022-01-10T06,2022-01-10T18,12,specific_cloud_ice_water_content,30.0,9.353744075007506e-13,2.4789390181742963e-11,-2.7160042702741415e-07,-1.1590474051633462e-06
k2_w128_d16,2022-01-10T06,2022-01-10T18,12,specific_cloud_liquid_water_content,1.0,6.3188394013188735e-12,2.998702159215113e-10,7.899054506371542e-07,-2.817165368896449e-06
k2_w128_d16,2022-01-10T06,2022-01-10T18,12,specific_cloud_liquid_water_content,2.0,6.32474679554594e-12,2.979275807783382e-10,8.150149647670608e-07,-2.487408406826485e-06
k2_w128_d16,2022-01-10T06,2022-01-10T18,12,specific_cloud_liquid_water_content,3.0,6.259266206786056e-12,2.9787558886284055e-10,7.734909977303391e-07,-2.5006223752874175e-06
k2_w128_d16,2022-01-10T06,2022-01-10T18,12,specific_cloud_liquid_water_content,5.0,6.30269503464968e-12,2.978392046776759e-10,8.033037624355065e-07,-2.4365063935330405e-06
k2_w128_d16,2022-01-10T06,2022-01-10T18,12,specific_cloud_liquid_water_content,7.0,6.38741923484561e-12,2.982827769070409e-10,8.448893229705283e-07,-2.5324856228608883e-06
k2_w128_d16,2022-01-10T06,2022-01-10T18,12,specific_cloud_liquid_water_content,10.0,6.263721530746597e-12,2.9820012518392015e-10,7.816422272850603e-07,-2.5256574076317735e-06
k2_w128_d16,2022-01-10T06,2022-01-10T18,12,specific_cloud_liquid_water_content,20.0,4.8492696002441715e-12,2.0471166891909906e-10,7.722527148088967e-07,-3.748907571006126e-06
k2_w128_d16,2022-01-10T06,2022-01-10T18,12,specific_cloud_liquid_water_content,30.0,3.2003711397537585e-12,1.2065904207789377e-10,7.503872495794732e-07,-5.087665273083005e-06
k2_w128_d16,2022-01-10T12,2022-01-10T18,6,temperature,1.0,87.17910031908042,68.07685791911331,-5.551195456491258,1.4491520758578138
k2_w128_d16,2022-01-10T12,2022-01-10T18,6,temperature,2.0,54.037931119310855,105.96879729283278,-3.8397931543404646,7.766077418029198
k2_w128_d16,2022-01-10T12,2022-01-10T18,6,temperature,3.0,32.75680250186548,89.53618106609579,-2.217864842204751,7.768937926417499
k2_w128_d16,2022-01-10T12,2022-01-10T18,6,temperature,5.0,20.768417429091663,36.28298432630302,-1.659251739285482,4.157209149259371
k2_w128_d16,2022-01-10T12,2022-01-10T18,6,temperature,7.0,15.146656921642506,30.95090322553679,-1.2547421710761237,4.038598537197249
k2_w128_d16,2022-01-10T12,2022-01-10T18,6,temperature,10.0,7.617126946837535,15.481609741771855,-0.3884629956203469,2.7578935697989824
k2_w128_d16,2022-01-10T12,2022-01-10T18,6,temperature,20.0,4.652175804436794,10.442628918568124,0.6217249863921257,-2.125669561246309
k2_w128_d16,2022-01-10T12,2022-01-10T18,6,temperature,30.0,3.798768017842284,11.79436052413365,0.8309304077059623,-2.6823613709806895
k2_w128_d16,2022-01-10T12,2022-01-10T18,6,geopotential,1.0,924825211.8452573,8730571.804393869,-30221.38696643422,326.80977318118914
k2_w128_d16,2022-01-10T12,2022-01-10T18,6,geopotential,2.0,431192234.6561055,3768172.0487079388,-20623.4635002162,588.6037997594392
k2_w128_d16,2022-01-10T12,2022-01-10T18,6,geopotential,3.0,244348931.97466218,1793086.1245283484,-15523.184988578236,-22.980690443242594
k2_w128_d16,2022-01-10T12,2022-01-10T18,6,geopotential,5.0,91988818.12367266,975060.3592955205,-9514.840893858795,381.95605049525676
k2_w128_d16,2022-01-10T12,2022-01-10T18,6,geopotential,7.0,36716064.927959315,576390.703239497,-6002.556028361382,353.64664637422175
k2_w128_d16,2022-01-10T12,2022-01-10T18,6,geopotential,10.0,7856753.496573241,353811.81869342877,-2745.9360017710815,188.97975681922284
k2_w128_d16,2022-01-10T12,2022-01-10T18,6,geopotential,20.0,1938706.8046193589,237060.07936956995,1358.558158818782,182.7955564361855
k2_w128_d16,2022-01-10T12,2022-01-10T18,6,geopotential,30.0,3279096.797039326,261944.94239405653,1794.0620682748058,321.32538392938255
k2_w128_d16,2022-01-10T12,2022-01-10T18,6,geopotential,500.0,647.9527317120185,20540.9160599279,-5.075432379493668,-34.063348377180034
k2_w128_d16,2022-01-10T12,2022-01-10T18,6,u_component_of_wind,1.0,371.71263331414,442.32147667945964,1.8408435138730883,-1.12173505622666
k2_w128_d16,2022-01-10T12,2022-01-10T18,6,u_component_of_wind,2.0,209.95518619304625,252.72675047195443,1.8548200130848334,5.904969676582692
k2_w128_d16,2022-01-10T12,2022-01-10T18,6,u_component_of_wind,3.0,144.71686965166387,164.93295147775126,-1.9880902203748239,2.583992815206856
k2_w128_d16,2022-01-10T12,2022-01-10T18,6,u_component_of_wind,5.0,122.41034868061674,173.74955910496857,-1.2583343159521512,3.795055932767803
k2_w128_d16,2022-01-10T12,2022-01-10T18,6,u_component_of_wind,7.0,120.90780543137271,164.96242624501417,-3.8095345216016545,0.39035069007755596
k2_w128_d16,2022-01-10T12,2022-01-10T18,6,u_component_of_wind,10.0,129.1950397637891,213.22089862225238,-5.249594146862103,-3.6867613143435407
k2_w128_d16,2022-01-10T12,2022-01-10T18,6,u_component_of_wind,20.0,26.923524807740346,51.223172858375186,0.8453354636783297,3.8626897099511135
k2_w128_d16,2022-01-10T12,2022-01-10T18,6,u_component_of_wind,30.0,24.08169487041825,41.32267044026089,1.549954109464557,2.8520025646848266
k2_w128_d16,2022-01-10T12,2022-01-10T18,6,v_component_of_wind,1.0,178.31840966708157,205.57438438919212,-0.04700352522496975,1.7326482323623371
k2_w128_d16,2022-01-10T12,2022-01-10T18,6,v_component_of_wind,2.0,100.65829402136694,118.57497162808326,-0.12989471215799114,-0.6077383503719158
k2_w128_d16,2022-01-10T12,2022-01-10T18,6,v_component_of_wind,3.0,63.52326366151479,75.47287293762399,-0.1203742052102244,-1.6931406832722464
k2_w128_d16,2022-01-10T12,2022-01-10T18,6,v_component_of_wind,5.0,35.96608681130535,39.64227156225047,0.5470870711964797,-1.1549489323968958
k2_w128_d16,2022-01-10T12,2022-01-10T18,6,v_component_of_wind,7.0,26.745187183139286,33.656307788086934,0.27683513139228266,-2.1955639151817063
k2_w128_d16,2022-01-10T12,2022-01-10T18,6,v_component_of_wind,10.0,19.47528339636765,31.516754085558162,-0.2652000317492359,-3.212098281101703
k2_w128_d16,2022-01-10T12,2022-01-10T18,6,v_component_of_wind,20.0,8.548048932636728,26.395195072623068,-0.3774818070277428,-3.9655286205782234
k2_w128_d16,2022-01-10T12,2022-01-10T18,6,v_component_of_wind,30.0,7.226212916356587,11.723117569715232,-0.26221593023945494,1.7222419557026616
k2_w128_d16,2022-01-10T12,2022-01-10T18,6,specific_humidity,1.0,7.799843999845057e-13,1.7810998372908226e-13,-8.657756943419235e-07,-3.7282639159749373e-07
k2_w128_d16,2022-01-10T12,2022-01-10T18,6,specific_humidity,2.0,4.031524200818395e-13,3.689997296658977e-14,-6.171624818695106e-07,-1.2373390823444652e-07
k2_w128_d16,2022-01-10T12,2022-01-10T18,6,specific_humidity,3.0,3.14561108396891e-13,2.8444392755329566e-14,-5.3425052670784e-07,-4.370653244937822e-08
k2_w128_d16,2022-01-10T12,2022-01-10T18,6,specific_humidity,5.0,2.1764812493212748e-13,3.961048586857762e-14,-4.2696308346232934e-07,8.53747573237662e-08
k2_w128_d16,2022-01-10T12,2022-01-10T18,6,specific_humidity,7.0,1.4948914085726992e-13,5.0528792286602214e-14,-3.445717838685988e-07,1.5359638408701073e-07
k2_w128_d16,2022-01-10T12,2022-01-10T18,6,specific_humidity,10.0,7.394023904923742e-14,8.913786289835634e-14,-2.320592395999947e-07,2.690934719784838e-07
k2_w128_d16,2022-01-10T12,2022-01-10T18,6,specific_humidity,20.0,1.1012628207624904e-14,1.354508083984922e-13,-2.1456115052807625e-08,3.554805740035843e-07
k2_w128_d16,2022-01-10T12,2022-01-10T18,6,specific_humidity,30.0,7.281678240033715e-15,3.859756083241591e-14,3.446516428070747e-08,1.7376072723277093e-07
k2_w128_d16,2022-01-10T12,2022-01-10T18,6,specific_cloud_ice_water_content,1.0,2.018220428161191e-12,3.896071571559782e-12,5.864544375470594e-07,8.620393212854275e-07
k2_w128_d16,2022-01-10T12,2022-01-10T18,6,specific_cloud_ice_water_content,2.0,1.9795203966376444e-12,3.726485077680723e-12,5.475090498492062e-07,7.647949505947515e-07
k2_w128_d16,2022-01-10T12,2022-01-10T18,6,specific_cloud_ice_water_content,3.0,1.97525191232878e-12,3.783084458883986e-12,5.355026395725726e-07,7.875693866929772e-07
k2_w128_d16,2022-01-10T12,2022-01-10T18,6,specific_cloud_ice_water_content,5.0,1.954009870945628e-12,3.64838346987035e-12,5.217068260629274e-07,7.102118683214118e-07
k2_w128_d16,2022-01-10T12,2022-01-10T18,6,specific_cloud_ice_water_content,7.0,1.9645508172297874e-12,3.7890801027236104e-12,5.297993034725174e-07,7.905384196866926e-07
k2_w128_d16,2022-01-10T12,2022-01-10T18,6,specific_cloud_ice_water_content,10.0,1.991765137139077e-12,3.7319651062142314e-12,5.611043996385308e-07,7.638477525867665e-07
k2_w128_d16,2022-01-10T12,2022-01-10T18,6,specific_cloud_ice_water_content,20.0,1.423568616923166e-12,2.7879329830896825e-12,3.190033574527955e-07,6.886249842435228e-07
k2_w128_d16,2022-01-10T12,2022-01-10T18,6,specific_cloud_ice_water_content,30.0,9.436207822555348e-13,1.944174189208185e-12,-1.4547935953445059e-07,5.598599204013209e-07
k2_w128_d16,2022-01-10T12,2022-01-10T18,6,specific_cloud_liquid_water_content,1.0,7.729106390872128e-12,2.7379040958725525e-11,8.19682241191875e-07,-9.581603849184925e-07
k2_w128_d16,2022-01-10T12,2022-01-10T18,6,specific_cloud_liquid_water_content,2.0,7.723029669184305e-12,2.6846552341967486e-11,8.421436015432085e-07,-5.863955798034427e-07
k2_w128_d16,2022-01-10T12,2022-01-10T18,6,specific_cloud_liquid_water_content,3.0,7.654783105465463e-12,2.6764735855232698e-11,8.000124813630238e-07,-5.79809525982045e-07
k2_w128_d16,2022-01-10T12,2022-01-10T18,6,specific_cloud_liquid_water_content,5.0,7.704812012522845e-12,2.677453761755851e-11,8.339259404371402e-07,-4.890492023774202e-07
k2_w128_d16,2022-01-10T12,2022-01-10T18,6,specific_cloud_liquid_water_content,7.0,7.789689585368105e-12,2.6863095731635385e-11,8.742008602953416e-07,-6.29336591564076e-07
k2_w128_d16,2022-01-10T12,2022-01-10T18,6,specific_cloud_liquid_water_content,10.0,7.663161221381797e-12,2.6538472180546266e-11,8.077664431684196e-07,-6.045957003446985e-07
k2_w128_d16,2022-01-10T12,2022-01-10T18,6,specific_cloud_liquid_water_content,20.0,5.882460692494723e-12,2.1160647259297502e-11,7.763123817615243e-07,-9.218825206677724e-07
k2_w128_d16,2022-01-10T12,2022-01-10T18,6,specific_cloud_liquid_water_content,30.0,3.866339289952729e-12,1.4591819123281465e-11,7.077008345748801e-07,-2.5735420688831534e-07
k2_w128_d16,2022-01-10T12,2022-01-11T00,12,temperature,1.0,93.8057988151021,70.89793194855957,-5.833850330999667,1.35077393905879
k2_w128_d16,2022-01-10T12,2022-01-11T00,12,temperature,2.0,58.49966674437055,120.5296004561675,-4.106389455582629,8.469974205174836
k2_w128_d16,2022-01-10T12,2022-01-11T00,12,temperature,3.0,31.308804576078252,107.40774010431595,-2.284684360802602,8.82395047352545
k2_w128_d16,2022-01-10T12,2022-01-11T00,12,temperature,5.0,19.936912558426357,50.13209722420605,-1.6844888323540586,5.29820464103198
k2_w128_d16,2022-01-10T12,2022-01-11T00,12,temperature,7.0,15.249946347426846,45.40803330774243,-1.2598136245036884,4.982338841193863
k2_w128_d16,2022-01-10T12,2022-01-11T00,12,temperature,10.0,9.012262665372361,33.48207208270497,-0.4353185369053497,4.009585657079908
k2_w128_d16,2022-01-10T12,2022-01-11T00,12,temperature,20.0,4.699122330767984,12.351001589675878,0.6303022423122968,-1.3539265238555607
k2_w128_d16,2022-01-10T12,2022-01-11T00,12,temperature,30.0,3.470688076697119,11.410190554289004,0.8341885309368242,-1.8808321902163019
k2_w128_d16,2022-01-10T12,2022-01-11T00,12,geopotential,1.0,927196061.8676372,13297363.911475616,-30257.299551430522,-175.84154630302905
k2_w128_d16,2022-01-10T12,2022-01-11T00,12,geopotential,2.0,431022010.41934115,6101206.4227778595,-20620.907783609626,282.71798353891614
k2_w128_d16,2022-01-10T12,2022-01-11T00,12,geopotential,3.0,244207779.1400029,3564023.246588348,-15520.47747677399,-117.64431385232585
k2_w128_d16,2022-01-10T12,2022-01-11T00,12,geopotential,5.0,92135415.57668635,1877643.4488661736,-9523.691666093058,327.17496746279744
k2_w128_d16,2022-01-10T12,2022-01-11T00,12,geopotential,7.0,36893823.06547321,1171904.1061897506,-6019.173956733186,318.13910366050277
k2_w128_d16,2022-01-10T12,2022-01-11T00,12,geopotential,10.0,7949881.394368667,800134.5619637107,-2766.79091228366,231.12654015666504
k2_w128_d16,2022-01-10T12,2022-01-11T00,12,geopotential,20.0,1892404.0374812905,587153.3154310435,1342.526474363086,321.7784114452325
k2_w128_d16,2022-01-10T12,2022-01-11T00,12,geopotential,30.0,3238587.302015121,665919.2836478752,1783.185388784079,540.7869845163855
k2_w128_d16,2022-01-10T12,2022-01-11T00,12,geopotential,500.0,1343.1586599932718,85757.60213613961,-7.548855886702944,-36.22472905966268
k2_w128_d16,2022-01-10T12,2022-01-11T00,12,u_component_of_wind,1.0,389.57929500835814,510.77382619073626,1.8153463162586783,-1.4494812822686725
k2_w128_d16,2022-01-10T12,2022-01-11T00,12,u_component_of_wind,2.0,213.9190540748728,307.76395592678415,2.02700133009092,5.867681590421786
k2_w128_d16,2022-01-10T12,2022-01-11T00,12,u_component_of_wind,3.0,127.71290131507371,199.22736638709145,-2.0355439556417694,2.8309947912856135
k2_w128_d16,2022-01-10T12,2022-01-11T00,12,u_component_of_wind,5.0,110.59677309322598,227.60331242169144,-1.4436069431407654,4.004085835036315
k2_w128_d16,2022-01-10T12,2022-01-11T00,12,u_component_of_wind,7.0,108.82091799322451,207.85700719118782,-3.7986858141800695,2.0511589918098223
k2_w128_d16,2022-01-10T12,2022-01-11T00,12,u_component_of_wind,10.0,128.10450873660378,227.04098561931102,-5.124626788925966,-1.1668304558907927
k2_w128_d16,2022-01-10T12,2022-01-11T00,12,u_component_of_wind,20.0,26.574166759340887,89.6339943296686,1.0271605336772036,5.526882472592662
k2_w128_d16,2022-01-10T12,2022-01-11T00,12,u_component_of_wind,30.0,24.402141286449705,97.39284060553011,1.6341076130549672,3.325677553862093
k2_w128_d16,2022-01-10T12,2022-01-11T00,12,v_component_of_wind,1.0,160.50156107223677,259.12337882360146,-0.5482464590569243,-0.23328960466905166
k2_w128_d16,2022-01-10T12,2022-01-11T00,12,v_component_of_wind,2.0,78.12287654689463,147.59380053952228,-0.12503193287292352,-2.8467263164854177
k2_w128_d16,2022-01-10T12,2022-01-11T00,12,v_component_of_wind,3.0,63.68715361244007,141.3768011722795,-0.3011931309338274,-4.496011987497274
k2_w128_d16,2022-01-10T12,2022-01-11T00,12,v_component_of_wind,5.0,35.70346026018033,86.21671757241904,0.09633973440301086,-3.764112595692549
k2_w128_d16,2022-01-10T12,2022-01-11T00,12,v_component_of_wind,7.0,27.008671741636142,68.22741412283139,0.4319339321473017,-4.04536408529038
k2_w128_d16,2022-01-10T12,2022-01-11T00,12,v_component_of_wind,10.0,18.201269082733745,62.19820730866313,-0.3925744304042039,-5.059960270009027
k2_w128_d16,2022-01-10T12,2022-01-11T00,12,v_component_of_wind,20.0,8.995464411130085,38.15308843882015,-0.5477304592839556,-4.405616303275513
k2_w128_d16,2022-01-10T12,2022-01-11T00,12,v_component_of_wind,30.0,6.672155845204305,34.47102054286688,-0.43169562648284565,3.089939984187488
k2_w128_d16,2022-01-10T12,2022-01-11T00,12,specific_humidity,1.0,7.80319367068682e-13,1.8281613255019609e-13,-8.656452931547107e-07,-3.755070871605782e-07
k2_w128_d16,2022-01-10T12,2022-01-11T00,12,specific_humidity,2.0,4.0179905444595127e-13,3.841182350914977e-14,-6.164550087961339e-07,-1.2681039568755635e-07
k2_w128_d16,2022-01-10T12,2022-01-11T00,12,specific_humidity,3.0,3.1289688459346e-13,2.924137459557912e-14,-5.328245849325115e-07,-4.7723676770883045e-08
k2_w128_d16,2022-01-10T12,2022-01-11T00,12,specific_humidity,5.0,2.177884597352007e-13,3.9072137478437454e-14,-4.267686465432817e-07,7.92557077473086e-08
k2_w128_d16,2022-01-10T12,2022-01-11T00,12,specific_humidity,7.0,1.4894871344449016e-13,4.8841063923877707e-14,-3.4406484966353616e-07,1.5109705711681007e-07
k2_w128_d16,2022-01-10T12,2022-01-11T00,12,specific_humidity,10.0,7.401211093361581e-14,8.856214342300054e-14,-2.3120870561287533e-07,2.6915760435472655e-07
k2_w128_d16,2022-01-10T12,2022-01-11T00,12,specific_humidity,20.0,1.1295967399482518e-14,1.337796411230058e-13,-2.1835357268971277e-08,3.5341468007040725e-07
k2_w128_d16,2022-01-10T12,2022-01-11T00,12,specific_humidity,30.0,7.230749996145586e-15,3.6312343285266795e-14,3.4213216075158695e-08,1.7051310652526715e-07
k2_w128_d16,2022-01-10T12,2022-01-11T00,12,specific_cloud_ice_water_content,1.0,1.6612212335802744e-12,4.7889154212144606e-11,4.3794918911904995e-07,-7.221193018248355e-07
k2_w128_d16,2022-01-10T12,2022-01-11T00,12,specific_cloud_ice_water_content,2.0,1.633712221785106e-12,4.849162051419397e-11,3.98950988325921e-07,-8.334147273118578e-07
k2_w128_d16,2022-01-10T12,2022-01-11T00,12,specific_cloud_ice_water_content,3.0,1.6349403518295812e-12,4.805256881595872e-11,3.8776259791862e-07,-8.114078196921687e-07
k2_w128_d16,2022-01-10T12,2022-01-11T00,12,specific_cloud_ice_water_content,5.0,1.616010261690827e-12,4.841601530147608e-11,3.726768240865988e-07,-8.843021248474579e-07
k2_w128_d16,2022-01-10T12,2022-01-11T00,12,specific_cloud_ice_water_content,7.0,1.6229172489401893e-12,4.814746500548194e-11,3.811505744437824e-07,-8.010138073842541e-07
k2_w128_d16,2022-01-10T12,2022-01-11T00,12,specific_cloud_ice_water_content,10.0,1.6427463712224786e-12,4.815650326561419e-11,4.124557160245113e-07,-8.249567779240206e-07
k2_w128_d16,2022-01-10T12,2022-01-11T00,12,specific_cloud_ice_water_content,20.0,1.2230094762720808e-12,3.4026221363005285e-11,1.8701116368246304e-07,-9.492666152723421e-07
k2_w128_d16,2022-01-10T12,2022-01-11T00,12,specific_cloud_ice_water_content,30.0,9.147460850226852e-13,2.716883168538301e-11,-2.533644758823614e-07,-1.1140979958975844e-06
k2_w128_d16,2022-01-10T12,2022-01-11T00,12,specific_cloud_liquid_water_content,1.0,6.223782110862518e-12,3.0709550375961407e-10,7.337041023281788e-07,-3.911681216625549e-06
k2_w128_d16,2022-01-10T12,2022-01-11T00,12,specific_cloud_liquid_water_content,2.0,6.231644629647477e-12,3.044184125492743e-10,7.596474215414032e-07,-3.57794306047171e-06
k2_w128_d16,2022-01-10T12,2022-01-11T00,12,specific_cloud_liquid_water_content,3.0,6.17328514178011e-12,3.0424538519417204e-10,7.181262665655645e-07,-3.588351485666971e-06
k2_w128_d16,2022-01-10T12,2022-01-11T00,12,specific_cloud_liquid_water_content,5.0,6.213156842678342e-12,3.0430288909575947e-10,7.471860211789556e-07,-3.523358624350026e-06
k2_w128_d16,2022-01-10T12,2022-01-11T00,12,specific_cloud_liquid_water_content,7.0,6.2836139219848745e-12,3.049637648386087e-10,7.886542347602478e-07,-3.625462202744783e-06
k2_w128_d16,2022-01-10T12,2022-01-11T00,12,specific_cloud_liquid_water_content,10.0,6.177359570845769e-12,3.0474238189401073e-10,7.263476381054938e-07,-3.611070633516191e-06
k2_w128_d16,2022-01-10T12,2022-01-11T00,12,specific_cloud_liquid_water_content,20.0,4.765653187762234e-12,2.0939867835343183e-10,7.215155049472536e-07,-4.623356985662551e-06
k2_w128_d16,2022-01-10T12,2022-01-11T00,12,specific_cloud_liquid_water_content,30.0,3.133079971540133e-12,1.2290867850635744e-10,7.120793086477053e-07,-5.446507840101594e-06
k2_w128_d16,2022-01-10T18,2022-01-11T00,6,temperature,1.0,92.21794044906794,67.39405821322609,-5.761354894924825,1.4169511632714964
k2_w128_d16,2022-01-10T18,2022-01-11T00,6,temperature,2.0,59.19356071636151,112.79074674120524,-3.988370675276738,7.84356484632738
k2_w128_d16,2022-01-10T18,2022-01-11T00,6,temperature,3.0,32.79964484723008,96.57993429061963,-2.169798504362773,8.037000202989523
k2_w128_d16,2022-01-10T18,2022-01-11T00,6,temperature,5.0,21.099501553857166,38.65980198066178,-1.6091698893447512,4.31368859327631
k2_w128_d16,2022-01-10T18,2022-01-11T00,6,temperature,7.0,15.5873543797425,32.33792591021886,-1.2064951507076356,4.107075272453889
k2_w128_d16,2022-01-10T18,2022-01-11T00,6,temperature,10.0,8.93787777824648,15.515214627685257,-0.41297026111245433,2.6854817409069773
k2_w128_d16,2022-01-10T18,2022-01-11T00,6,temperature,20.0,4.573209091039614,10.92128260806612,0.60665024149434,-2.2186790739846027
k2_w128_d16,2022-01-10T18,2022-01-11T00,6,temperature,30.0,3.4902927082577744,12.10985150158919,0.7857748315110589,-2.7390684398576286
k2_w128_d16,2022-01-10T18,2022-01-11T00,6,geopotential,1.0,925461740.8506007,9289608.042914212,-30219.249391083435,374.2906813065731
k2_w128_d16,2022-01-10T18,2022-01-11T00,6,geopotential,2.0,430457905.12229747,4080296.878164368,-20600.04709254167,639.1652436757149
k2_w128_d16,2022-01-10T18,2022-01-11T00,6,geopotential,3.0,244066497.94683838,1961120.2852746916,-15511.193229445746,0.36538428067680684
k2_w128_d16,2022-01-10T18,2022-01-11T00,6,geopotential,5.0,92322918.87233104,1041188.9972257952,-9531.713019099005,369.80445116001073
k2_w128_d16,2022-01-10T18,2022-01-11T00,6,geopotential,7.0,37098194.843905784,579633.621848153,-6035.135353526953,317.79175292935554
k2_w128_d16,2022-01-10T18,2022-01-11T00,6,geopotential,10.0,8074573.652850591,347852.04275444336,-2787.5827934840063,148.5146179447059
k2_w128_d16,2022-01-10T18,2022-01-11T00,6,geopotential,20.0,1825364.8613567448,233119.90718648068,1315.1729310572273,151.765152433357
k2_w128_d16,2022-01-10T18,2022-01-11T00,6,geopotential,30.0,3147813.4034901643,241782.19474228323,1757.0797378197574,304.8318519888701
k2_w128_d16,2022-01-10T18,2022-01-11T00,6,geopotential,500.0,1233.7259139268353,22151.62959481422,-9.18688378555979,-37.698338001202465
k2_w128_d16,2022-01-10T18,2022-01-11T00,6,u_component_of_wind,1.0,390.9839159516805,446.792669667879,2.048245278783206,-1.2769403727409236
k2_w128_d16,2022-01-10T18,2022-01-11T00,6,u_component_of_wind,2.0,217.95204540044114,260.4560287452366,2.2642633519387387,6.035764174006406
k2_w128_d16,2022-01-10T18,2022-01-11T00,6,u_component_of_wind,3.0,126.16610960954247,151.72707255527706,-1.795662977971067,2.5430316239070345
k2_w128_d16,2022-01-10T18,2022-01-11T00,6,u_component_of_wind,5.0,104.63062996215567,164.80530615422327,-1.1512403748670343,3.5956426314426286
k2_w128_d16,2022-01-10T18,2022-01-11T00,6,u_component_of_wind,7.0,101.64659305690259,153.13271269958713,-3.5370612907259886,0.47056900469828805
k2_w128_d16,2022-01-10T18,2022-01-11T00,6,u_component_of_wind,10.0,122.41978465240223,208.36191920739662,-4.937893028622016,-3.3941981978705043
k2_w128_d16,2022-01-10T18,2022-01-11T00,6,u_component_of_wind,20.0,25.909307393384623,54.324193592966026,1.0254615852339741,4.343390582961627
k2_w128_d16,2022-01-10T18,2022-01-11T00,6,u_component_of_wind,30.0,24.07683587652371,43.92648897130668,1.569797185715401,3.186269169123353
k2_w128_d16,2022-01-10T18,2022-01-11T00,6,v_component_of_wind,1.0,161.19312872733227,195.02472664135598,-0.4972688511609682,1.442208530492254
k2_w128_d16,2022-01-10T18,2022-01-11T00,6,v_component_of_wind,2.0,79.8916732330319,99.5612069346284,-0.0992755591636663,-0.4933398197918758
k2_w128_d16,2022-01-10T18,2022-01-11T00,6,v_component_of_wind,3.0,64.67251435697676,81.67626232330596,-0.28887305190767876,-1.8152538654601242
k2_w128_d16,2022-01-10T18,2022-01-11T00,6,v_component_of_wind,5.0,36.36333145233246,47.49488562245895,0.1042131770961393,-1.5568557346825354
k2_w128_d16,2022-01-10T18,2022-01-11T00,6,v_component_of_wind,7.0,27.991076872933405,35.30789274836916,0.44181111140702206,-1.9508469541955906
k2_w128_d16,2022-01-10T18,2022-01-11T00,6,v_component_of_wind,10.0,18.45123055648012,30.638782754466074,-0.3720776801262361,-3.2074428571470417
k2_w128_d16,2022-01-10T18,2022-01-11T00,6,v_component_of_wind,20.0,9.24825738449574,27.0613711169337,-0.5054263731338146,-3.9529251571689414
k2_w128_d16,2022-01-10T18,2022-01-11T00,6,v_component_of_wind,30.0,6.381370082469462,10.733027963481344,-0.37564477312320743,1.6867655911155301
k2_w128_d16,2022-01-10T18,2022-01-11T00,6,specific_humidity,1.0,7.800625591768339e-13,1.7786186438801892e-13,-8.65511635953819e-07,-3.7162672794340045e-07
k2_w128_d16,2022-01-10T18,2022-01-11T00,6,specific_humidity,2.0,4.015305886443255e-13,3.564355966301574e-14,-6.163023680953457e-07,-1.2195678131160003e-07
k2_w128_d16,2022-01-10T18,2022-01-11T00,6,specific_humidity,3.0,3.1278979829652054e-13,2.7601251722935414e-14,-5.326903475456738e-07,-4.130309835661948e-08
k2_w128_d16,2022-01-10T18,2022-01-11T00,6,specific_humidity,5.0,2.176554652231826e-13,3.9521867923400795e-14,-4.2659177795637664e-07,8.676449139136602e-08
k2_w128_d16,2022-01-10T18,2022-01-11T00,6,specific_humidity,7.0,1.4889760624728168e-13,5.0369513854001274e-14,-3.4392037701635315e-07,1.5536581242645636e-07
k2_w128_d16,2022-01-10T18,2022-01-11T00,6,specific_humidity,10.0,7.38240764235398e-14,9.013395526622834e-14,-2.3099575981681824e-07,2.710103967538533e-07
k2_w128_d16,2022-01-10T18,2022-01-11T00,6,specific_humidity,20.0,1.1180971937551945e-14,1.3585987676787108e-13,-2.1718044312514322e-08,3.5593015817804683e-07
k2_w128_d16,2022-01-10T18,2022-01-11T00,6,specific_humidity,30.0,7.225818178755897e-15,3.861738340759489e-14,3.4493937253814436e-08,1.7387027661416152e-07
k2_w128_d16,2022-01-10T18,2022-01-11T00,6,specific_cloud_ice_water_content,1.0,2.1633908034525313e-12,3.863074611618997e-12,6.499675975413682e-07,8.279699235800569e-07
k2_w128_d16,2022-01-10T18,2022-01-11T00,6,specific_cloud_ice_water_content,2.0,2.118790180876067e-12,3.691747519329926e-12,6.104056180424807e-07,7.297092479803923e-07
k2_w128_d16,2022-01-10T18,2022-01-11T00,6,specific_cloud_ice_water_content,3.0,2.1140012444234565e-12,3.749454932914917e-12,5.994646396742449e-07,7.529796364877872e-07
k2_w128_d16,2022-01-10T18,2022-01-11T00,6,specific_cloud_ice_water_content,5.0,2.0905673392545132e-12,3.622066476839283e-12,5.851537964143026e-07,6.752531916883232e-07
k2_w128_d16,2022-01-10T18,2022-01-11T00,6,specific_cloud_ice_water_content,7.0,2.1012331216187144e-12,3.757756674226482e-12,5.931279330799063e-07,7.570752028396667e-07
k2_w128_d16,2022-01-10T18,2022-01-11T00,6,specific_cloud_ice_water_content,10.0,2.1333686937602134e-12,3.704514589609349e-12,6.247106484817316e-07,7.301424096167522e-07
k2_w128_d16,2022-01-10T18,2022-01-11T00,6,specific_cloud_ice_water_content,20.0,1.5298961354716566e-12,2.7829440195656945e-12,3.825320008793649e-07,6.805228321667416e-07
k2_w128_d16,2022-01-10T18,2022-01-11T00,6,specific_cloud_ice_water_content,30.0,9.595745302098108e-13,1.9387532405055864e-12,-8.644361461980674e-08,5.988715679188603e-07
k2_w128_d16,2022-01-10T18,2022-01-11T00,6,specific_cloud_liquid_water_content,1.0,7.663751797354223e-12,2.7453342936436944e-11,8.207683724828757e-07,-9.462231122316291e-07
k2_w128_d16,2022-01-10T18,2022-01-11T00,6,specific_cloud_liquid_water_content,2.0,7.670258939294563e-12,2.6945064727240013e-11,8.442107929353149e-07,-5.727375668199614e-07
k2_w128_d16,2022-01-10T18,2022-01-11T00,6,specific_cloud_liquid_water_content,3.0,7.604628550239604e-12,2.686580003044543e-11,8.021488996602079e-07,-5.651565488717036e-07
k2_w128_d16,2022-01-10T18,2022-01-11T00,6,specific_cloud_liquid_water_content,5.0,7.652037496509476e-12,2.685409167610819e-11,8.346919290617294e-07,-4.734587407072931e-07
k2_w128_d16,2022-01-10T18,2022-01-11T00,6,specific_cloud_liquid_water_content,7.0,7.727893333693106e-12,2.6950492135377094e-11,8.747401093806072e-07,-6.162572523436731e-07
k2_w128_d16,2022-01-10T18,2022-01-11T00,6,specific_cloud_liquid_water_content,10.0,7.604913037441995e-12,2.6630127326168474e-11,8.093200496451363e-07,-5.916078141665466e-07
k2_w128_d16,2022-01-10T18,2022-01-11T00,6,specific_cloud_liquid_water_content,20.0,5.8773226140489015e-12,2.1219377907659733e-11,7.811838144053317e-07,-9.455003340458744e-07
k2_w128_d16,2022-01-10T18,2022-01-11T00,6,specific_cloud_liquid_water_content,30.0,3.9523828073324785e-12,1.4628597811164082e-11,7.170847164336704e-07,-3.7369176738072766e-07
k2_w128_d16,2022-01-10T18,2022-01-11T06,12,temperature,1.0,97.21183357834299,80.6352453806903,-5.817757160158014,1.536207794409227
k2_w128_d16,2022-01-10T18,2022-01-11T06,12,temperature,2.0,63.9096710216633,123.32894872150126,-4.313937055446208,8.43129709043077
k2_w128_d16,2022-01-10T18,2022-01-11T06,12,temperature,3.0,36.46718027599344,107.05385852733717,-2.655443749194712,8.616738967539828
k2_w128_d16,2022-01-10T18,2022-01-11T06,12,temperature,5.0,20.428178921287824,48.23371781110496,-1.9718832525416732,5.176368153725301
k2_w128_d16,2022-01-10T18,2022-01-11T06,12,temperature,7.0,14.67581204014995,44.23244963778232,-1.4543396956464576,4.983703180684105
k2_w128_d16,2022-01-10T18,2022-01-11T06,12,temperature,10.0,9.620709951044855,34.71259167918171,-0.35752019138059565,4.015691965038952
k2_w128_d16,2022-01-10T18,2022-01-11T06,12,temperature,20.0,4.768527425178879,12.0639939253016,0.6892566701757673,-1.296127944517298
k2_w128_d16,2022-01-10T18,2022-01-11T06,12,temperature,30.0,3.7957110952627655,11.634595347438324,0.8967197784853322,-1.7812271122822187
k2_w128_d16,2022-01-10T18,2022-01-11T06,12,geopotential,1.0,929973204.2544273,13354043.7969855,-30288.8173186334,-13.216086567515077
k2_w128_d16,2022-01-10T18,2022-01-11T06,12,geopotential,2.0,433593630.6781395,6302982.862518363,-20678.22207146322,387.3453283800991
k2_w128_d16,2022-01-10T18,2022-01-11T06,12,geopotential,3.0,245597806.55414987,3651678.3179063844,-15563.586351608985,-26.90726980092579
k2_w128_d16,2022-01-10T18,2022-01-11T06,12,geopotential,5.0,92507690.45357592,2047460.5812816205,-9540.703040505976,425.45509409198195
k2_w128_d16,2022-01-10T18,2022-01-11T06,12,geopotential,7.0,37034298.512391835,1278740.1654713808,-6028.128929863104,404.78511154024784
k2_w128_d16,2022-01-10T18,2022-01-11T06,12,geopotential,10.0,7971719.999668643,820774.5426991349,-2772.7603940079925,299.73681502032184
k2_w128_d16,2022-01-10T18,2022-01-11T06,12,geopotential,20.0,1863887.0927917524,596915.7883110475,1336.30781734884,365.306260626669
k2_w128_d16,2022-01-10T18,2022-01-11T06,12,geopotential,30.0,3229449.437865137,693234.8031305124,1781.6175982344869,571.3787678346162
k2_w128_d16,2022-01-10T18,2022-01-11T06,12,geopotential,500.0,1430.3788322242563,90588.00092100556,-5.3452912346774255,-40.19847642131348
k2_w128_d16,2022-01-10T18,2022-01-11T06,12,u_component_of_wind,1.0,356.7241406158404,486.5388758313154,1.1126448923919852,-2.623371101489275
k2_w128_d16,2022-01-10T18,2022-01-11T06,12,u_component_of_wind,2.0,226.40909474611692,310.02258003469103,2.123597102231085,5.630596598884888
k2_w128_d16,2022-01-10T18,2022-01-11T06,12,u_component_of_wind,3.0,151.8055392386138,214.94570484784927,-1.983424689124767,2.691855577638348
k2_w128_d16,2022-01-10T18,2022-01-11T06,12,u_component_of_wind,5.0,110.64010716070388,207.91441655651124,-1.9150896287337045,3.3549353221756784
k2_w128_d16,2022-01-10T18,2022-01-11T06,12,u_component_of_wind,7.0,111.82485991672968,204.36358028036318,-4.171768751178337,1.5667312286219817
k2_w128_d16,2022-01-10T18,2022-01-11T06,12,u_component_of_wind,10.0,128.1430574754492,222.96633033360527,-5.342995221995414,-1.460528423502653
k2_w128_d16,2022-01-10T18,2022-01-11T06,12,u_component_of_wind,20.0,25.304678728980505,87.92339176267487,1.1453352972329638,5.64915888053656
k2_w128_d16,2022-01-10T18,2022-01-11T06,12,u_component_of_wind,30.0,26.81656696897413,104.08775287982499,1.7755630998193006,3.5656596002563905
k2_w128_d16,2022-01-10T18,2022-01-11T06,12,v_component_of_wind,1.0,184.3395822227581,253.0885316307312,0.1239521046176877,-0.28034893111283077
k2_w128_d16,2022-01-10T18,2022-01-11T06,12,v_component_of_wind,2.0,79.2417253609805,140.82779601370493,0.5520475337611261,-2.698416257488705
k2_w128_d16,2022-01-10T18,2022-01-11T06,12,v_component_of_wind,3.0,48.511990631523375,125.1958926001422,-0.24451309631834536,-4.837079852046934
k2_w128_d16,2022-01-10T18,2022-01-11T06,12,v_component_of_wind,5.0,38.402215608701674,100.91971014252273,-0.045271507798255374,-4.254716471716771
k2_w128_d16,2022-01-10T18,2022-01-11T06,12,v_component_of_wind,7.0,25.109825316387056,70.1032579848642,0.44828601527271417,-4.349736661865483
k2_w128_d16,2022-01-10T18,2022-01-11T06,12,v_component_of_wind,10.0,17.102983291216685,63.15083070198566,-0.239922325751024,-5.192214040856271
k2_w128_d16,2022-01-10T18,2022-01-11T06,12,v_component_of_wind,20.0,9.036452910551265,37.377850079652205,-0.2922739258912756,-4.411850491368927
k2_w128_d16,2022-01-10T18,2022-01-11T06,12,v_component_of_wind,30.0,6.833518768118794,34.06870757249804,-0.16605773908238547,3.1217946318282754
k2_w128_d16,2022-01-10T18,2022-01-11T06,12,specific_humidity,1.0,7.797768914543649e-13,1.8235657958070145e-13,-8.65557025432097e-07,-3.75036429075447e-07
k2_w128_d16,2022-01-10T18,2022-01-11T06,12,specific_humidity,2.0,4.0126925332210546e-13,3.7996354100049224e-14,-6.158928980171877e-07,-1.2587001117545847e-07
k2_w128_d16,2022-01-10T18,2022-01-11T06,12,specific_humidity,3.0,3.0999462525382683e-13,2.7833987873371556e-14,-5.305331285097079e-07,-4.510565923486232e-08
k2_w128_d16,2022-01-10T18,2022-01-11T06,12,specific_humidity,5.0,2.1695481467434012e-13,3.8663843823938854e-14,-4.2569137988869127e-07,8.080295671964452e-08
k2_w128_d16,2022-01-10T18,2022-01-11T06,12,specific_humidity,7.0,1.4954395267297982e-13,4.843463021530381e-14,-3.4463677557343627e-07,1.5097167296340565e-07
k2_w128_d16,2022-01-10T18,2022-01-11T06,12,specific_humidity,10.0,7.271394838296463e-14,8.903959505292856e-14,-2.2915998039331345e-07,2.715739272414054e-07
k2_w128_d16,2022-01-10T18,2022-01-11T06,12,specific_humidity,20.0,1.1518342959604193e-14,1.3377974605497206e-13,-2.2114970271580276e-08,3.5328498618911147e-07
k2_w128_d16,2022-01-10T18,2022-01-11T06,12,specific_humidity,30.0,7.239082369812813e-15,3.633804855960443e-14,3.414228879817499e-08,1.7018650981950724e-07
k2_w128_d16,2022-01-10T18,2022-01-11T06,12,specific_cloud_ice_water_content,1.0,1.6999847003529142e-12,4.920439458161238e-11,4.368501164606465e-07,-6.988484131125537e-07
k2_w128_d16,2022-01-10T18,2022-01-11T06,12,specific_cloud_ice_water_content,2.0,1.671859335847775e-12,4.977325467725457e-11,3.9749052298536617e-07,-8.099701114226993e-07
k2_w128_d16,2022-01-10T18,2022-01-11T06,12,specific_cloud_ice_water_content,3.0,1.6727651174091464e-12,4.9345405223474765e-11,3.8636442032875124e-07,-7.870481080610111e-07
k2_w128_d16,2022-01-10T18,2022-01-11T06,12,specific_cloud_ice_water_content,5.0,1.6540437928420413e-12,4.971440429454291e-11,3.7113737118165036e-07,-8.604933872148507e-07
k2_w128_d16,2022-01-10T18,2022-01-11T06,12,specific_cloud_ice_water_content,7.0,1.6608376110029847e-12,4.945819527418471e-11,3.7984171307480133e-07,-7.767355773300247e-07
k2_w128_d16,2022-01-10T18,2022-01-11T06,12,specific_cloud_ice_water_content,10.0,1.6823305569091033e-12,4.946345889139164e-11,4.1110086073958144e-07,-8.009926176860493e-07
k2_w128_d16,2022-01-10T18,2022-01-11T06,12,specific_cloud_ice_water_content,20.0,1.2530907536722093e-12,3.42558203797558e-11,1.8879709810790676e-07,-9.310663404958976e-07
k2_w128_d16,2022-01-10T18,2022-01-11T06,12,specific_cloud_ice_water_content,30.0,9.336892989578969e-13,2.6580869015270556e-11,-2.485214135133081e-07,-1.107948508158417e-06
k2_w128_d16,2022-01-10T18,2022-01-11T06,12,specific_cloud_liquid_water_content,1.0,6.4978686102505216e-12,2.8827728732687454e-10,7.409041031014594e-07,-3.968010357292159e-06
k2_w128_d16,2022-01-10T18,2022-01-11T06,12,specific_cloud_liquid_water_content,2.0,6.50461703928506e-12,2.856929406132489e-10,7.679074770643505e-07,-3.6331115047894874e-06
k2_w128_d16,2022-01-10T18,2022-01-11T06,12,specific_cloud_liquid_water_content,3.0,6.440428864340297e-12,2.856983084186099e-10,7.255863624167489e-07,-3.640733228927645e-06
k2_w128_d16,2022-01-10T18,2022-01-11T06,12,specific_cloud_liquid_water_content,5.0,6.4848942485818896e-12,2.8561203921649855e-10,7.545763535198785e-07,-3.574658688951543e-06
k2_w128_d16,2022-01-10T18,2022-01-11T06,12,specific_cloud_liquid_water_content,7.0,6.558609826139284e-12,2.861419842612219e-10,7.953488087193369e-07,-3.680886619281581e-06
k2_w128_d16,2022-01-10T18,2022-01-11T06,12,specific_cloud_liquid_water_content,10.0,6.4421980391633845e-12,2.860639365420899e-10,7.33804037450197e-07,-3.665686605122125e-06
k2_w128_d16,2022-01-10T18,2022-01-11T06,12,specific_cloud_liquid_water_content,20.0,4.9516993469893655e-12,1.9219805198560122e-10,7.296985397366137e-07,-4.687230015006305e-06
k2_w128_d16,2022-01-10T18,2022-01-11T06,12,specific_cloud_liquid_water_content,30.0,3.1338615253040214e-12,1.1423727349481206e-10,7.263440910251259e-07,-5.516641223594657e-06
k2_w128_d16,2022-01-11T00,2022-01-11T06,6,temperature,1.0,96.01278742871295,71.37595200049,-5.7504671206374205,1.462221614666806
k2_w128_d16,2022-01-11T00,2022-01-11T06,6,temperature,2.0,64.97134836866576,111.86929217246944,-4.204531649883291,7.658040192208594
k2_w128_d16,2022-01-11T00,2022-01-11T06,6,temperature,3.0,37.38463621384311,93.21383775729356,-2.5553649213211207,7.751583549689301
k2_w128_d16,2022-01-11T00,2022-01-11T06,6,temperature,5.0,20.749786712178977,35.907553255455184,-1.85951973501082,4.177816602467658
k2_w128_d16,2022-01-11T00,2022-01-11T06,6,temperature,7.0,14.62300186282001,30.834017886834403,-1.3280001030865125,4.094746831424645
k2_w128_d16,2022-01-11T00,2022-01-11T06,6,temperature,10.0,9.563606537185704,16.46926706586902,-0.2629022800016626,2.7544280268723487
k2_w128_d16,2022-01-11T00,2022-01-11T06,6,temperature,20.0,4.789617797767283,9.99808836014795,0.6945800113319129,-2.100130927963452
k2_w128_d16,2022-01-11T00,2022-01-11T06,6,temperature,30.0,3.818234311074133,11.45466784544593,0.8763241735227689,-2.615372733712513
k2_w128_d16,2022-01-11T00,2022-01-11T06,6,geopotential,1.0,924369727.0873342,8981093.536125124,-30190.146338056373,297.18262993501446
k2_w128_d16,2022-01-11T00,2022-01-11T06,6,geopotential,2.0,430392371.6225128,3975800.5372872017,-20596.56100747371,582.7045818180704
k2_w128_d16,2022-01-11T00,2022-01-11T06,6,geopotential,3.0,243519732.4590084,2002166.582037921,-15494.473480712553,-12.018322754612953
k2_w128_d16,2022-01-11T00,2022-01-11T06,6,geopotential,5.0,91483817.89742734,1123449.129094905,-9485.80824751556,395.69433835193865
k2_w128_d16,2022-01-11T00,2022-01-11T06,6,geopotential,7.0,36521227.46490868,656217.2858513906,-5984.404415474494,360.80855546592403
k2_w128_d16,2022-01-11T00,2022-01-11T06,6,geopotential,10.0,7797439.73730471,351445.5718083153,-2739.1882778815916,199.0572981101436
k2_w128_d16,2022-01-11T00,2022-01-11T06,6,geopotential,20.0,1911060.7272417713,222363.93371172826,1352.212030652479,205.31258676816566
k2_w128_d16,2022-01-11T00,2022-01-11T06,6,geopotential,30.0,3258564.673898424,258739.95792550693,1789.3192099299713,346.25946883195104
k2_w128_d16,2022-01-11T00,2022-01-11T06,6,geopotential,500.0,628.964746173925,20718.245079187083,-5.123217668806532,-36.06415171906927
k2_w128_d16,2022-01-11T00,2022-01-11T06,6,u_component_of_wind,1.0,355.86098084146806,409.320500495198,1.1239184556862702,-2.5096606166394935
k2_w128_d16,2022-01-11T00,2022-01-11T06,6,u_component_of_wind,2.0,228.16087176924088,258.037802826076,2.1876941313570315,5.823473955803817
k2_w128_d16,2022-01-11T00,2022-01-11T06,6,u_component_of_wind,3.0,152.00501237193805,168.02651787242291,-1.9034759967730932,2.367453468872582
k2_w128_d16,2022-01-11T00,2022-01-11T06,6,u_component_of_wind,5.0,107.49783618708517,156.65955147605774,-1.770248554472134,3.003830980057955
k2_w128_d16,2022-01-11T00,2022-01-11T06,6,u_component_of_wind,7.0,108.2398743943659,160.12810257779336,-4.084626709677419,0.07063438365259059
k2_w128_d16,2022-01-11T00,2022-01-11T06,6,u_component_of_wind,10.0,128.7724595904675,215.4116778609419,-5.3662443758981215,-3.5576227352682825
k2_w128_d16,2022-01-11T00,2022-01-11T06,6,u_component_of_wind,20.0,23.0188876662995,52.24113149031228,0.9673660945594722,4.3939381365902355
k2_w128_d16,2022-01-11T00,2022-01-11T06,6,u_component_of_wind,30.0,25.237522883703832,43.56314344077508,1.6250830085903858,3.093403100647616
k2_w128_d16,2022-01-11T00,2022-01-11T06,6,v_component_of_wind,1.0,183.73289127900867,207.82042466707205,-0.007898805651862219,1.4693114447015732
k2_w128_d16,2022-01-11T00,2022-01-11T06,6,v_component_of_wind,2.0,77.70032232211511,95.2708567805607,0.3793341284368861,-0.31713209137853
k2_w128_d16,2022-01-11T00,2022-01-11T06,6,v_component_of_wind,3.0,47.52592359058176,67.29617413354451,-0.4296658189440725,-2.139276597930447
k2_w128_d16,2022-01-11T00,2022-01-11T06,6,v_component_of_wind,5.0,36.68113597124827,52.37952991349033,-0.22209147044309116,-2.005608312179135
k2_w128_d16,2022-01-11T00,2022-01-11T06,6,v_component_of_wind,7.0,23.566752202172616,33.14199874658465,0.283100317095374,-2.201907738095949
k2_w128_d16,2022-01-11T00,2022-01-11T06,6,v_component_of_wind,10.0,16.377666286553158,29.629764903303737,-0.37439481401947444,-3.28809439804253
k2_w128_d16,2022-01-11T00,2022-01-11T06,6,v_component_of_wind,20.0,9.452559000014421,26.936282338491182,-0.34415245865172717,-3.872528428910028
k2_w128_d16,2022-01-11T00,2022-01-11T06,6,v_component_of_wind,30.0,6.619986499580942,11.279395379796949,-0.14921921194988594,1.8151983086186512
k2_w128_d16,2022-01-11T00,2022-01-11T06,6,specific_humidity,1.0,7.806413861629879e-13,1.782701097717961e-13,-8.65884907966096e-07,-3.717433679424083e-07
k2_w128_d16,2022-01-11T00,2022-01-11T06,6,specific_humidity,2.0,4.017801708337924e-13,3.589903992715229e-14,-6.161803984502729e-07,-1.215868158442146e-07
k2_w128_d16,2022-01-11T00,2022-01-11T06,6,specific_humidity,3.0,3.104293083175175e-13,2.702516998081552e-14,-5.308813350114182e-07,-3.9188582709027874e-08
k2_w128_d16,2022-01-11T00,2022-01-11T06,6,specific_humidity,5.0,2.173073523502668e-13,3.9857663638750183e-14,-4.259629051004811e-07,8.75355472463787e-08
k2_w128_d16,2022-01-11T00,2022-01-11T06,6,specific_humidity,7.0,1.496563036229607e-13,5.028933104498045e-14,-3.449322154663852e-07,1.544977472295105e-07
k2_w128_d16,2022-01-11T00,2022-01-11T06,6,specific_humidity,10.0,7.250981702820779e-14,9.070413907296676e-14,-2.294551260796806e-07,2.7288680023813976e-07
k2_w128_d16,2022-01-11T00,2022-01-11T06,6,specific_humidity,20.0,1.1299252879507506e-14,1.3532252182238458e-13,-2.2280599701411864e-08,3.551791947188972e-07
k2_w128_d16,2022-01-11T00,2022-01-11T06,6,specific_humidity,30.0,7.225850962968725e-15,3.805921052407693e-14,3.431447441125743e-08,1.7251191364769868e-07
k2_w128_d16,2022-01-11T00,2022-01-11T06,6,specific_cloud_ice_water_content,1.0,2.100758226587216e-12,3.8961634826721295e-12,6.042551905358953e-07,8.7718801476225e-07
k2_w128_d16,2022-01-11T00,2022-01-11T06,6,specific_cloud_ice_water_content,2.0,2.059126353423308e-12,3.722783111031462e-12,5.64899561869174e-07,7.826760105104539e-07
k2_w128_d16,2022-01-11T00,2022-01-11T06,6,specific_cloud_ice_water_content,3.0,2.0549626246220413e-12,3.7762284156158454e-12,5.532524507136877e-07,8.023574318985018e-07
k2_w128_d16,2022-01-11T00,2022-01-11T06,6,specific_cloud_ice_water_content,5.0,2.0332819060842077e-12,3.649541771541924e-12,5.389574097757239e-07,7.271207669172089e-07
k2_w128_d16,2022-01-11T00,2022-01-11T06,6,specific_cloud_ice_water_content,7.0,2.0428896613902453e-12,3.787916019809517e-12,5.475315840540899e-07,8.079677871323015e-07
k2_w128_d16,2022-01-11T00,2022-01-11T06,6,specific_cloud_ice_water_content,10.0,2.0729739805992664e-12,3.732844675503772e-12,5.785903976153726e-07,7.804283363046611e-07
k2_w128_d16,2022-01-11T00,2022-01-11T06,6,specific_cloud_ice_water_content,20.0,1.4908062933660966e-12,2.7625583564308993e-12,3.427766021102111e-07,7.218753860357614e-07
k2_w128_d16,2022-01-11T00,2022-01-11T06,6,specific_cloud_ice_water_content,30.0,9.710982455255526e-13,1.8756112656356796e-12,-1.1389207045735745e-07,6.266575635298032e-07
k2_w128_d16,2022-01-11T00,2022-01-11T06,6,specific_cloud_liquid_water_content,1.0,7.986304447166786e-12,2.7560061244838355e-11,8.257758157785394e-07,-8.474196810721406e-07
k2_w128_d16,2022-01-11T00,2022-01-11T06,6,specific_cloud_liquid_water_content,2.0,7.987271097278617e-12,2.7183591055760622e-11,8.509026274775916e-07,-4.793865043768338e-07
k2_w128_d16,2022-01-11T00,2022-01-11T06,6,specific_cloud_liquid_water_content,3.0,7.914825849860382e-12,2.708535378888847e-11,8.079278085630265e-07,-4.707741526128289e-07
k2_w128_d16,2022-01-11T00,2022-01-11T06,6,specific_cloud_liquid_water_content,5.0,7.973817968162031e-12,2.7097613992813482e-11,8.410227197814417e-07,-3.798635572218679e-07
k2_w128_d16,2022-01-11T00,2022-01-11T06,6,specific_cloud_liquid_water_content,7.0,8.052773721565607e-12,2.7155068572894632e-11,8.805888471710482e-07,-5.201682631926693e-07
k2_w128_d16,2022-01-11T00,2022-01-11T06,6,specific_cloud_liquid_water_content,10.0,7.922770360974195e-12,2.6840463289846533e-11,8.155127129993443e-07,-4.973534918819085e-07
k2_w128_d16,2022-01-11T00,2022-01-11T06,6,specific_cloud_liquid_water_content,20.0,6.063510589770435e-12,2.118350970186905e-11,7.900592232888294e-07,-8.589876700583855e-07
k2_w128_d16,2022-01-11T00,2022-01-11T06,6,specific_cloud_liquid_water_content,30.0,3.891598719567748e-12,1.4373623042806339e-11,7.39528623214172e-07,-3.104024212904589e-07
k2_w128_d16,2022-01-11T00,2022-01-11T12,12,temperature,1.0,105.99507490223351,82.926571494972,-6.135192118935041,1.320512932389847
k2_w128_d16,2022-01-11T00,2022-01-11T12,12,temperature,2.0,65.22104258671416,122.92713838203595,-4.461744051761237,8.467691931241255
k2_w128_d16,2022-01-11T00,2022-01-11T12,12,temperature,3.0,36.80810440666791,111.83712247238975,-2.6192464690585435,8.882755541952482
k2_w128_d16,2022-01-11T00,2022-01-11T12,12,temperature,5.0,21.093913352903726,51.85898157634457,-1.8159963695721224,5.560612445263652
k2_w128_d16,2022-01-11T00,2022-01-11T12,12,temperature,7.0,14.922299636220792,45.94865471606549,-1.4303614058027088,5.204802102805436
k2_w128_d16,2022-01-11T00,2022-01-11T12,12,temperature,10.0,9.980922644095052,37.22747782118151,-0.27577649492659906,4.300253005587709
k2_w128_d16,2022-01-11T00,2022-01-11T12,12,temperature,20.0,4.2998856297243115,11.821552918211259,0.6767117061979772,-1.1738544153580057
k2_w128_d16,2022-01-11T00,2022-01-11T12,12,temperature,30.0,3.610979706485346,11.080369938327424,0.8920528527559257,-1.7473214920771951
k2_w128_d16,2022-01-11T00,2022-01-11T12,12,geopotential,1.0,929925156.3933649,11762074.466919847,-30290.81985495811,-75.33753211988221
k2_w128_d16,2022-01-11T00,2022-01-11T12,12,geopotential,2.0,432472531.5224397,5689879.694483999,-20647.909541348727,389.51045840497045
k2_w128_d16,2022-01-11T00,2022-01-11T12,12,geopotential,3.0,244772509.81547529,3467911.5262720203,-15532.915857862235,-16.492274655106755
k2_w128_d16,2022-01-11T00,2022-01-11T12,12,geopotential,5.0,92433833.56424442,2056534.2551693995,-9533.264433441625,407.7929248324818
k2_w128_d16,2022-01-11T00,2022-01-11T12,12,geopotential,7.0,37088195.63853449,1318843.446598422,-6028.405402955462,380.18032494729755
k2_w128_d16,2022-01-11T00,2022-01-11T12,12,geopotential,10.0,8034872.631000685,847749.7180626624,-2778.6786326962847,268.7814573492588
k2_w128_d16,2022-01-11T00,2022-01-11T12,12,geopotential,20.0,1859781.2426957819,540205.5789743166,1333.3129529514758,337.5255150379777
k2_w128_d16,2022-01-11T00,2022-01-11T12,12,geopotential,30.0,3221670.885687668,604749.2343690235,1778.518494345127,535.9904153191961
k2_w128_d16,2022-01-11T00,2022-01-11T12,12,geopotential,500.0,1295.8074909497961,85261.28611608362,-9.30349233571114,-57.724779300682826
k2_w128_d16,2022-01-11T00,2022-01-11T12,12,u_component_of_wind,1.0,407.63631912888104,540.0081386843913,0.04276529597549354,-3.5098205758218044
k2_w128_d16,2022-01-11T00,2022-01-11T12,12,u_component_of_wind,2.0,226.53084909335627,299.9777264320561,1.5154030778785934,5.130103168309379
k2_w128_d16,2022-01-11T00,2022-01-11T12,12,u_component_of_wind,3.0,162.39839764798114,215.75813742447582,-1.9654394415856298,2.759635676715691
k2_w128_d16,2022-01-11T00,2022-01-11T12,12,u_component_of_wind,5.0,128.6217075005138,216.37094794729038,-2.3867252881320815,2.936324098926634
k2_w128_d16,2022-01-11T00,2022-01-11T12,12,u_component_of_wind,7.0,133.51000258668864,218.0710236723795,-4.705303516528112,1.1836302646401753
k2_w128_d16,2022-01-11T00,2022-01-11T12,12,u_component_of_wind,10.0,141.66913305395744,237.47821866952927,-5.592865551771612,-1.5341098545406953
k2_w128_d16,2022-01-11T00,2022-01-11T12,12,u_component_of_wind,20.0,26.499298491862014,91.84963740456038,1.2806778744253355,5.6830122245017165
k2_w128_d16,2022-01-11T00,2022-01-11T12,12,u_component_of_wind,30.0,27.154013198479955,102.74508483124019,1.8029910987837252,3.307666296649634
k2_w128_d16,2022-01-11T00,2022-01-11T12,12,v_component_of_wind,1.0,171.9172023673807,238.65305827953176,-0.40214291825875703,-0.20940656627976448
k2_w128_d16,2022-01-11T00,2022-01-11T12,12,v_component_of_wind,2.0,104.15818532556425,160.78925806775607,1.0519519511755082,-1.5204424566926646
k2_w128_d16,2022-01-11T00,2022-01-11T12,12,v_component_of_wind,3.0,61.467527084624265,122.68451981889106,0.1717839890675383,-3.725981007592057
k2_w128_d16,2022-01-11T00,2022-01-11T12,12,v_component_of_wind,5.0,33.371136501969886,86.13930695341236,-0.11347898401419017,-3.682648905550817
k2_w128_d16,2022-01-11T00,2022-01-11T12,12,v_component_of_wind,7.0,25.617319277142695,70.90565470100312,0.12072426826906119,-4.110630995599561
k2_w128_d16,2022-01-11T00,2022-01-11T12,12,v_component_of_wind,10.0,17.837338675205586,56.171731852801955,-0.12074928448293722,-4.617144090564452
k2_w128_d16,2022-01-11T00,2022-01-11T12,12,v_component_of_wind,20.0,8.733741648488193,33.463760170437666,-0.09865815848227186,-4.036170134654545
k2_w128_d16,2022-01-11T00,2022-01-11T12,12,v_component_of_wind,30.0,7.0721868254780444,32.93539870095432,-0.28696906187521565,2.991077934674065
k2_w128_d16,2022-01-11T00,2022-01-11T12,12,specific_humidity,1.0,7.794817116693246e-13,1.8288537328336627e-13,-8.653736254148248e-07,-3.7534586411951896e-07
k2_w128_d16,2022-01-11T00,2022-01-11T12,12,specific_humidity,2.0,3.989391075156527e-13,3.762715250378874e-14,-6.139439214282729e-07,-1.2435001638814843e-07
k2_w128_d16,2022-01-11T00,2022-01-11T12,12,specific_humidity,3.0,3.0995080032854167e-13,2.830524421680916e-14,-5.301267455141673e-07,-4.514979909362999e-08
k2_w128_d16,2022-01-11T00,2022-01-11T12,12,specific_humidity,5.0,2.1610613387551442e-13,3.886139772279339e-14,-4.249436515324091e-07,8.093989484701529e-08
k2_w128_d16,2022-01-11T00,2022-01-11T12,12,specific_humidity,7.0,1.4960770093860906e-13,4.905635841388155e-14,-3.4450885011818245e-07,1.5061646203934747e-07
k2_w128_d16,2022-01-11T00,2022-01-11T12,12,specific_humidity,10.0,7.235590649575998e-14,8.889685157118336e-14,-2.2885422628913625e-07,2.7148997389653357e-07
k2_w128_d16,2022-01-11T00,2022-01-11T12,12,specific_humidity,20.0,1.1510319228144524e-14,1.3345908359839206e-13,-2.1690370325423504e-08,3.532363593757033e-07
k2_w128_d16,2022-01-11T00,2022-01-11T12,12,specific_humidity,30.0,7.191323102095559e-15,3.5897767488681504e-14,3.4096941168084644e-08,1.698714985941276e-07
k2_w128_d16,2022-01-11T00,2022-01-11T12,12,specific_cloud_ice_water_content,1.0,1.6810146588584557e-12,4.608322939697789e-11,4.3991470214925524e-07,-6.977077968855234e-07
k2_w128_d16,2022-01-11T00,2022-01-11T12,12,specific_cloud_ice_water_content,2.0,1.6513940432739798e-12,4.6703922544600186e-11,4.0103921327848114e-07,-8.071862441432146e-07
k2_w128_d16,2022-01-11T00,2022-01-11T12,12,specific_cloud_ice_water_content,3.0,1.6521657521867907e-12,4.6264331358996906e-11,3.885009686867986e-07,-7.855615702747702e-07
k2_w128_d16,2022-01-11T00,2022-01-11T12,12,specific_cloud_ice_water_content,5.0,1.6326123895193307e-12,4.6613915248792715e-11,3.741427899459517e-07,-8.579929245398419e-07
k2_w128_d16,2022-01-11T00,2022-01-11T12,12,specific_cloud_ice_water_content,7.0,1.639568053210752e-12,4.636007520738194e-11,3.8313154100058286e-07,-7.762429948162344e-07
k2_w128_d16,2022-01-11T00,2022-01-11T12,12,specific_cloud_ice_water_content,10.0,1.6624436630085228e-12,4.634928742278188e-11,4.137885961787876e-07,-7.987444161928926e-07
k2_w128_d16,2022-01-11T00,2022-01-11T12,12,specific_cloud_ice_water_content,20.0,1.2289875309070421e-12,3.232158396482282e-11,1.9359143123550788e-07,-1.0260068571494537e-06
k2_w128_d16,2022-01-11T00,2022-01-11T12,12,specific_cloud_ice_water_content,30.0,8.915426538537791e-13,2.4908449458706033e-11,-2.407646070744891e-07,-1.409590765738018e-06
k2_w128_d16,2022-01-11T00,2022-01-11T12,12,specific_cloud_liquid_water_content,1.0,6.7143661788448215e-12,2.6768191990036436e-10,7.763837177161183e-07,-3.821900809384809e-06
k2_w128_d16,2022-01-11T00,2022-01-11T12,12,specific_cloud_liquid_water_content,2.0,6.7251683862455414e-12,2.651318597765415e-10,8.038601443339727e-07,-3.4923105361711575e-06
k2_w128_d16,2022-01-11T00,2022-01-11T12,12,specific_cloud_liquid_water_content,3.0,6.65181241697859e-12,2.653028653824469e-10,7.608199484853775e-07,-3.5017464517450154e-06
k2_w128_d16,2022-01-11T00,2022-01-11T12,12,specific_cloud_liquid_water_content,5.0,6.699415874524565e-12,2.652244067332969e-10,7.902691152467532e-07,-3.4370348782502275e-06
k2_w128_d16,2022-01-11T00,2022-01-11T12,12,specific_cloud_liquid_water_content,7.0,6.7848552974205305e-12,2.655582986011939e-10,8.323903861620169e-07,-3.5393991602835446e-06
k2_w128_d16,2022-01-11T00,2022-01-11T12,12,specific_cloud_liquid_water_content,10.0,6.658025880401053e-12,2.655476717953528e-10,7.694118347748698e-07,-3.5275905902478582e-06
k2_w128_d16,2022-01-11T00,2022-01-11T12,12,specific_cloud_liquid_water_content,20.0,5.131777941251723e-12,1.7870227311025664e-10,7.721615491401157e-07,-4.599826412925383e-06
k2_w128_d16,2022-01-11T00,2022-01-11T12,12,specific_cloud_liquid_water_content,30.0,3.292400610055481e-12,1.0973851614709078e-10,7.8178622759884e-07,-5.572655207246448e-06
k2_w128_d16,2022-01-11T06,2022-01-11T12,6,temperature,1.0,103.55507546607993,73.51997337313284,-6.010761113583468,1.2478838488337247
k2_w128_d16,2022-01-11T06,2022-01-11T12,6,temperature,2.0,64.6038810887166,109.08536573406963,-4.275670108782236,7.569339217854614
k2_w128_d16,2022-01-11T06,2022-01-11T12,6,temperature,3.0,37.29093320177739,93.48418610838337,-2.427885041070734,7.819122441223172
k2_w128_d16,2022-01-11T06,2022-01-11T12,6,temperature,5.0,21.435985461828402,37.48621493954471,-1.6701648926234882,4.386293628620789
k2_w128_d16,2022-01-11T06,2022-01-11T12,6,temperature,7.0,14.763481239298702,31.350387153219444,-1.3137489359841032,4.18685887813243
k2_w128_d16,2022-01-11T06,2022-01-11T12,6,temperature,10.0,9.650741442045007,17.245130922317585,-0.19442039933509297,2.8737373441060985
k2_w128_d16,2022-01-11T06,2022-01-11T12,6,temperature,20.0,4.2276928219343075,9.57783991555559,0.6808780336288016,-2.0964312218686225
k2_w128_d16,2022-01-11T06,2022-01-11T12,6,temperature,30.0,3.650466397191873,11.542342523464523,0.8527367877607077,-2.670840032433409
k2_w128_d16,2022-01-11T06,2022-01-11T12,6,geopotential,1.0,924927530.4770888,8585312.961221414,-30204.511896560198,126.69529852376178
k2_w128_d16,2022-01-11T06,2022-01-11T12,6,geopotential,2.0,430092595.96158874,3726209.515496202,-20588.046116159858,474.7248488768017
k2_w128_d16,2022-01-11T06,2022-01-11T12,6,geopotential,3.0,243503817.9683819,1958507.2302645368,-15491.475744604475,-100.10473491297985
k2_w128_d16,2022-01-11T06,2022-01-11T12,6,geopotential,5.0,92158163.33617997,1074691.1020905427,-9519.543108672646,295.50849037249435
k2_w128_d16,2022-01-11T06,2022-01-11T12,6,geopotential,7.0,37083867.267426014,631629.6262561188,-6028.303769342578,268.35820727253486
k2_w128_d16,2022-01-11T06,2022-01-11T12,6,geopotential,10.0,8105355.9765862245,373132.0552047952,-2789.021412407247,113.50667108878793
k2_w128_d16,2022-01-11T06,2022-01-11T12,6,geopotential,20.0,1800053.2058692952,223736.4381573027,1308.0830677366803,145.51411336590178
k2_w128_d16,2022-01-11T06,2022-01-11T12,6,geopotential,30.0,3123847.8943191487,233292.376430801,1750.7982928480515,293.82070241673966
k2_w128_d16,2022-01-11T06,2022-01-11T12,6,geopotential,500.0,1365.424740777719,22072.255483798275,-11.298741401098367,-43.820435172745796
k2_w128_d16,2022-01-11T06,2022-01-11T12,6,u_component_of_wind,1.0,405.4396714285624,459.0378336671379,0.19576928057899,-2.7537993871253654
k2_w128_d16,2022-01-11T06,2022-01-11T12,6,u_component_of_wind,2.0,226.31061140252078,257.18469289861133,1.708481278770703,5.8331639746817485
k2_w128_d16,2022-01-11T06,2022-01-11T12,6,u_component_of_wind,3.0,160.38451232174685,174.16275914382646,-1.755780578638651,2.9268691047537723
k2_w128_d16,2022-01-11T06,2022-01-11T12,6,u_component_of_wind,5.0,125.28755917620938,164.55956300812136,-2.0983056861932474,3.090621244372621
k2_w128_d16,2022-01-11T06,2022-01-11T12,6,u_component_of_wind,7.0,127.48684154108835,173.0152998633547,-4.449162476569947,0.07860777325702238
k2_w128_d16,2022-01-11T06,2022-01-11T12,6,u_component_of_wind,10.0,136.4385236978612,221.85396807486052,-5.418720155922925,-3.347215746190545
k2_w128_d16,2022-01-11T06,2022-01-11T12,6,u_component_of_wind,20.0,25.391456407042075,56.278730538398264,1.2750131056748948,4.593300040784669
k2_w128_d16,2022-01-11T06,2022-01-11T12,6,u_component_of_wind,30.0,26.74514528347487,43.88655584486034,1.7560924189869167,3.048086287405488
k2_w128_d16,2022-01-11T06,2022-01-11T12,6,v_component_of_wind,1.0,170.2802190018957,192.2969239421342,-0.4692991043751369,1.1514398287799574
k2_w128_d16,2022-01-11T06,2022-01-11T12,6,v_component_of_wind,2.0,102.17632216273589,114.79750995903646,0.9672555384734485,0.4267291688744345
k2_w128_d16,2022-01-11T06,2022-01-11T12,6,v_component_of_wind,3.0,59.527312482688,69.63871355986743,0.07924932309132525,-1.4896053491246388
k2_w128_d16,2022-01-11T06,2022-01-11T12,6,v_component_of_wind,5.0,32.34550537592512,44.98322690757989,-0.2050784144183201,-1.8843448105672778
k2_w128_d16,2022-01-11T06,2022-01-11T12,6,v_component_of_wind,7.0,24.287714285537078,36.19365151086882,0.03926400607645944,-2.4035336600112256
k2_w128_d16,2022-01-11T06,2022-01-11T12,6,v_component_of_wind,10.0,17.09158341718333,29.823256122202626,-0.17792014864283645,-3.111634811213158
k2_w128_d16,2022-01-11T06,2022-01-11T12,6,v_component_of_wind,20.0,9.061907215673614,25.193310748799007,-0.0922351961338901,-3.7314911483733595
k2_w128_d16,2022-01-11T06,2022-01-11T12,6,v_component_of_wind,30.0,7.056264529960702,11.582206244878854,-0.23717966877023033,1.6669383619280094
k2_w128_d16,2022-01-11T06,2022-01-11T12,6,specific_humidity,1.0,7.808534011898486e-13,1.8010790167380174e-13,-8.658576500053479e-07,-3.731011740906809e-07
k2_w128_d16,2022-01-11T06,2022-01-11T12,6,specific_humidity,2.0,3.9958630527348704e-13,3.577217314546719e-14,-6.144158660191118e-07,-1.211415503407697e-07
k2_w128_d16,2022-01-11T06,2022-01-11T12,6,specific_humidity,3.0,3.1054159366584035e-13,2.7562417880356598e-14,-5.306294171751151e-07,-4.040035262911873e-08
k2_w128_d16,2022-01-11T06,2022-01-11T12,6,specific_humidity,5.0,2.1668521132905945e-13,3.978558898887557e-14,-4.2539035659950535e-07,8.666593436150883e-08
k2_w128_d16,2022-01-11T06,2022-01-11T12,6,specific_humidity,7.0,1.49893317212532e-13,5.03240816585985e-14,-3.4498458833916134e-07,1.530921718180956e-07
k2_w128_d16,2022-01-11T06,2022-01-11T12,6,specific_humidity,10.0,7.230645893602902e-14,9.01242166417006e-14,-2.2927400488610404e-07,2.717460438500951e-07
k2_w128_d16,2022-01-11T06,2022-01-11T12,6,specific_humidity,20.0,1.1276912816905e-14,1.344300488661397e-13,-2.2151139017739198e-08,3.5427000758029664e-07
k2_w128_d16,2022-01-11T06,2022-01-11T12,6,specific_humidity,30.0,7.081845298424882e-15,3.7501960367231e-14,3.3939254214240234e-08,1.7188346082757774e-07
k2_w128_d16,2022-01-11T06,2022-01-11T12,6,specific_cloud_ice_water_content,1.0,2.150670021290347e-12,4.2046625747827494e-12,6.45547352920734e-07,9.83236804911138e-07
k2_w128_d16,2022-01-11T06,2022-01-11T12,6,specific_cloud_ice_water_content,2.0,2.1079226277674814e-12,4.007424486407423e-12,6.059830584998346e-07,8.887707467355969e-07
k2_w128_d16,2022-01-11T06,2022-01-11T12,6,specific_cloud_ice_water_content,3.0,2.1011245665406432e-12,4.06466037202021e-12,5.936536033028042e-07,9.073958137607632e-07
k2_w128_d16,2022-01-11T06,2022-01-11T12,6,specific_cloud_ice_water_content,5.0,2.0763612713960175e-12,3.921390294632371e-12,5.801035806119237e-07,8.3342754309679e-07
k2_w128_d16,2022-01-11T06,2022-01-11T12,6,specific_cloud_ice_water_content,7.0,2.0880718027646095e-12,4.080204818614705e-12,5.887309000138473e-07,9.136274074651293e-07
k2_w128_d16,2022-01-11T06,2022-01-11T12,6,specific_cloud_ice_water_content,10.0,2.121142431668808e-12,4.013230282187549e-12,6.194525275689065e-07,8.857575421859822e-07
k2_w128_d16,2022-01-11T06,2022-01-11T12,6,specific_cloud_ice_water_content,20.0,1.526905529408868e-12,3.0150296115103084e-12,3.8052165787521913e-07,8.022780061080579e-07
k2_w128_d16,2022-01-11T06,2022-01-11T12,6,specific_cloud_ice_water_content,30.0,9.635917130417376e-13,2.022647073655537e-12,-8.596406244132704e-08,6.527480281381997e-07
k2_w128_d16,2022-01-11T06,2022-01-11T12,6,specific_cloud_liquid_water_content,1.0,8.301497457354802e-12,2.7266886469435058e-11,8.672449104265139e-07,-8.757944696267909e-07
k2_w128_d16,2022-01-11T06,2022-01-11T12,6,specific_cloud_liquid_water_content,2.0,8.309959811185748e-12,2.6867219230616288e-11,8.927685892900167e-07,-5.076847853117588e-07
k2_w128_d16,2022-01-11T06,2022-01-11T12,6,specific_cloud_liquid_water_content,3.0,8.225758937021864e-12,2.6777829208416302e-11,8.489566193084177e-07,-5.027855431564442e-07
k2_w128_d16,2022-01-11T06,2022-01-11T12,6,specific_cloud_liquid_water_content,5.0,8.291021086665678e-12,2.6776434272522757e-11,8.818582483852687e-07,-4.126948287369746e-07
k2_w128_d16,2022-01-11T06,2022-01-11T12,6,specific_cloud_liquid_water_content,7.0,8.379270164771177e-12,2.6832674312710844e-11,9.22731219214133e-07,-5.485459930293548e-07
k2_w128_d16,2022-01-11T06,2022-01-11T12,6,specific_cloud_liquid_water_content,10.0,8.233632582924931e-12,2.653630977513134e-11,8.56424538204853e-07,-5.285882029646866e-07
k2_w128_d16,2022-01-11T06,2022-01-11T12,6,specific_cloud_liquid_water_content,20.0,6.3881232842329536e-12,2.0982581081187692e-11,8.380441530406054e-07,-8.641797507805603e-07
k2_w128_d16,2022-01-11T06,2022-01-11T12,6,specific_cloud_liquid_water_content,30.0,4.184070825754111e-12,1.4130637998001157e-11,7.99146951426042e-07,-2.5132367675935847e-07
k2_w128_d16,2022-01-11T06,2022-01-11T18,12,temperature,1.0,94.19285213685299,78.32727437434627,-5.624296655531479,1.3990953221759743
k2_w128_d16,2022-01-11T06,2022-01-11T18,12,temperature,2.0,54.350663041267495,118.98195846196603,-4.007981275263312,8.504356365668972
k2_w128_d16,2022-01-11T06,2022-01-11T18,12,temperature,3.0,31.910295246682836,107.2930493471494,-2.3276798806266883,8.793182584694756
k2_w128_d16,2022-01-11T06,2022-01-11T18,12,temperature,5.0,17.85085216364222,49.29246918896219,-1.593386829264956,5.481425500056906
k2_w128_d16,2022-01-11T06,2022-01-11T18,12,temperature,7.0,14.765703553666876,45.72307216909029,-1.202886174950815,5.166406578759828
k2_w128_d16,2022-01-11T06,2022-01-11T18,12,temperature,10.0,8.379120509691347,34.6329623854147,-0.4342140877719217,4.241451865426374
k2_w128_d16,2022-01-11T06,2022-01-11T18,12,temperature,20.0,3.755083857999005,11.853275461381175,0.5734213314153125,-1.2207647434097035
k2_w128_d16,2022-01-11T06,2022-01-11T18,12,temperature,30.0,3.416602220985246,11.422523722869933,0.8274455725881571,-1.7719042746236076
k2_w128_d16,2022-01-11T06,2022-01-11T18,12,geopotential,1.0,929962080.6203905,10773117.791759254,-30311.743216872634,-252.5949048878241
k2_w128_d16,2022-01-11T06,2022-01-11T18,12,geopotential,2.0,433201517.1063545,5065979.198718183,-20675.15066662963,229.41613838461484
k2_w128_d16,2022-01-11T06,2022-01-11T18,12,geopotential,3.0,245508646.63944784,3192518.2434312277,-15560.411926526609,-153.92465963469152
k2_w128_d16,2022-01-11T06,2022-01-11T18,12,geopotential,5.0,92691523.41135108,1909349.5826708353,-9547.574379779133,310.3711239012225
k2_w128_d16,2022-01-11T06,2022-01-11T18,12,geopotential,7.0,37263368.999809116,1269354.151479485,-6044.410194690806,300.8394360206545
k2_w128_d16,2022-01-11T06,2022-01-11T18,12,geopotential,10.0,8095714.34622604,864805.3250964815,-2791.896650827067,207.82158240349756
k2_w128_d16,2022-01-11T06,2022-01-11T18,12,geopotential,20.0,1838481.0008415675,553077.4321679138,1328.126833388436,296.6822234516717
k2_w128_d16,2022-01-11T06,2022-01-11T18,12,geopotential,30.0,3200166.293107717,592664.2000645085,1773.2436985488357,501.64109027376696
k2_w128_d16,2022-01-11T06,2022-01-11T18,12,geopotential,500.0,1384.1001208881112,81832.26163736233,-7.877375132455924,-56.16605007923751
k2_w128_d16,2022-01-11T06,2022-01-11T18,12,u_component_of_wind,1.0,414.8604019489936,536.2572099788852,0.6214884994952818,-2.911378420710101
k2_w128_d16,2022-01-11T06,2022-01-11T18,12,u_component_of_wind,2.0,225.0852840019419,307.2817871786419,1.4191706205058137,5.028855935729978
k2_w128_d16,2022-01-11T06,2022-01-11T18,12,u_component_of_wind,3.0,150.46610506446675,215.78304510896962,-1.5186330114880473,3.1298758449360697
k2_w128_d16,2022-01-11T06,2022-01-11T18,12,u_component_of_wind,5.0,117.16081366422517,224.31945911248295,-1.303323882935926,4.034985024904931
k2_w128_d16,2022-01-11T06,2022-01-11T18,12,u_component_of_wind,7.0,125.71928005289018,219.04537322584991,-4.180607265894608,1.673456622976277
k2_w128_d16,2022-01-11T06,2022-01-11T18,12,u_component_of_wind,10.0,127.43332636996021,227.8208597737591,-5.170321247966566,-1.149321331492173
k2_w128_d16,2022-01-11T06,2022-01-11T18,12,u_component_of_wind,20.0,27.22871245122613,92.2072188347625,1.2356686432952269,5.637048077168817
k2_w128_d16,2022-01-11T06,2022-01-11T18,12,u_component_of_wind,30.0,25.298184845575733,95.24071900888453,1.565465001956833,2.975340401657527
k2_w128_d16,2022-01-11T06,2022-01-11T18,12,v_component_of_wind,1.0,155.0480514901167,240.7452202765731,-1.0555316964557708,-0.20781729137037216
k2_w128_d16,2022-01-11T06,2022-01-11T18,12,v_component_of_wind,2.0,85.3263640150717,153.63529164946442,0.21560175996292016,-1.9672600193539673
k2_w128_d16,2022-01-11T06,2022-01-11T18,12,v_component_of_wind,3.0,61.35363337337828,128.59228687591326,0.5373745123363359,-3.133119476325593
k2_w128_d16,2022-01-11T06,2022-01-11T18,12,v_component_of_wind,5.0,37.46585811852488,81.272977979106,0.17338613117704582,-3.184447902264031
k2_w128_d16,2022-01-11T06,2022-01-11T18,12,v_component_of_wind,7.0,28.210410927454234,70.99208031480256,0.06587672080644094,-3.9768037398868565
k2_w128_d16,2022-01-11T06,2022-01-11T18,12,v_component_of_wind,10.0,17.655118552750913,54.09374500533918,-0.04245132493471752,-4.375342006387639
k2_w128_d16,2022-01-11T06,2022-01-11T18,12,v_component_of_wind,20.0,9.623645108141098,33.136975167747636,-0.2473323681190211,-4.007004979867769
k2_w128_d16,2022-01-11T06,2022-01-11T18,12,v_component_of_wind,30.0,7.906179218607702,34.367228141152665,-0.3210873739418927,3.0959536939190935
k2_w128_d16,2022-01-11T06,2022-01-11T18,12,specific_humidity,1.0,7.78942711794709e-13,1.847744988986086e-13,-8.64783017538204e-07,-3.7632391453036167e-07
k2_w128_d16,2022-01-11T06,2022-01-11T18,12,specific_humidity,2.0,3.9665921636530635e-13,3.7930963557323306e-14,-6.123213071152214e-07,-1.2429580321410313e-07
k2_w128_d16,2022-01-11T06,2022-01-11T18,12,specific_humidity,3.0,3.087496156097121e-13,2.9012505143379046e-14,-5.288815054696229e-07,-4.54791914285109e-08
k2_w128_d16,2022-01-11T06,2022-01-11T18,12,specific_humidity,5.0,2.1639332055971139e-13,3.929251560478431e-14,-4.2491860264593333e-07,7.927564950875657e-08
k2_w128_d16,2022-01-11T06,2022-01-11T18,12,specific_humidity,7.0,1.4852476482906253e-13,4.902652333326375e-14,-3.4324930570374544e-07,1.5011806266992805e-07
k2_w128_d16,2022-01-11T06,2022-01-11T18,12,specific_humidity,10.0,7.215619315689708e-14,8.819680704202259e-14,-2.2872594629058643e-07,2.6988193552438244e-07
k2_w128_d16,2022-01-11T06,2022-01-11T18,12,specific_humidity,20.0,1.1495682122047305e-14,1.328136681109367e-13,-2.134867310406643e-08,3.524591756084072e-07
k2_w128_d16,2022-01-11T06,2022-01-11T18,12,specific_humidity,30.0,7.028784117455001e-15,3.5576726866719224e-14,3.406019546778114e-08,1.697696480191197e-07
k2_w128_d16,2022-01-11T06,2022-01-11T18,12,specific_cloud_ice_water_content,1.0,1.7720890722720032e-12,4.579514090393896e-11,4.430259361944486e-07,-6.031989964841123e-07
k2_w128_d16,2022-01-11T06,2022-01-11T18,12,specific_cloud_ice_water_content,2.0,1.742914362271514e-12,4.639041937141619e-11,4.0383966805543996e-07,-7.127660914395895e-07
k2_w128_d16,2022-01-11T06,2022-01-11T18,12,specific_cloud_ice_water_content,3.0,1.7456222594916906e-12,4.598334879702715e-11,3.9212586420540637e-07,-6.916856315608802e-07
k2_w128_d16,2022-01-11T06,2022-01-11T18,12,specific_cloud_ice_water_content,5.0,1.7248336213012887e-12,4.630268427346337e-11,3.7767181655941676e-07,-7.631980500840175e-07
k2_w128_d16,2022-01-11T06,2022-01-11T18,12,specific_cloud_ice_water_content,7.0,1.731405775611966e-12,4.6057249367988436e-11,3.865320973523465e-07,-6.81733327294098e-07
k2_w128_d16,2022-01-11T06,2022-01-11T18,12,specific_cloud_ice_water_content,10.0,1.7533527316811899e-12,4.606318262035727e-11,4.170723082767358e-07,-7.047495232236006e-07
k2_w128_d16,2022-01-11T06,2022-01-11T18,12,specific_cloud_ice_water_content,20.0,1.2868551590568107e-12,3.116612629460133e-11,1.9340567248212264e-07,-9.195375893326203e-07
k2_w128_d16,2022-01-11T06,2022-01-11T18,12,specific_cloud_ice_water_content,30.0,9.144279946476287e-13,2.26274055699873e-11,-2.467410909906159e-07,-1.2760620782988896e-06
k2_w128_d16,2022-01-11T06,2022-01-11T18,12,specific_cloud_liquid_water_content,1.0,6.237588899721856e-12,2.6715403566600554e-10,7.152168886586264e-07,-3.6011431522538464e-06
k2_w128_d16,2022-01-11T06,2022-01-11T18,12,specific_cloud_liquid_water_content,2.0,6.24991753303545e-12,2.6465395085252933e-10,7.418724519248203e-07,-3.2719380947336943e-06
k2_w128_d16,2022-01-11T06,2022-01-11T18,12,specific_cloud_liquid_water_content,3.0,6.178700587465603e-12,2.6471144523000526e-10,6.991411015032811e-07,-3.2827746041687386e-06
k2_w128_d16,2022-01-11T06,2022-01-11T18,12,specific_cloud_liquid_water_content,5.0,6.2215263200225186e-12,2.647318732351492e-10,7.288775050758111e-07,-3.216316800128967e-06
k2_w128_d16,2022-01-11T06,2022-01-11T18,12,specific_cloud_liquid_water_content,7.0,6.3057509873147774e-12,2.6511333961509303e-10,7.70570528264014e-07,-3.317758328743396e-06
k2_w128_d16,2022-01-11T06,2022-01-11T18,12,specific_cloud_liquid_water_content,10.0,6.182794126504171e-12,2.65032307482508e-10,7.070719420949359e-07,-3.3061058321538516e-06
k2_w128_d16,2022-01-11T06,2022-01-11T18,12,specific_cloud_liquid_water_content,20.0,4.820185258424704e-12,1.8154914144744464e-10,7.207833054108951e-07,-4.314643498424292e-06
k2_w128_d16,2022-01-11T06,2022-01-11T18,12,specific_cloud_liquid_water_content,30.0,3.2263088706859623e-12,1.1004972067363743e-10,7.511796150930946e-07,-5.199120483839918e-06
k2_w128_d16,2022-01-11T12,2022-01-11T18,6,temperature,1.0,92.97255294717795,74.17751770449419,-5.551321780141927,1.431955632707163
k2_w128_d16,2022-01-11T12,2022-01-11T18,6,temperature,2.0,54.31100451654481,106.22165182715179,-3.8980575008582283,7.7021610504092894
k2_w128_d16,2022-01-11T12,2022-01-11T18,6,temperature,3.0,32.02843029801285,90.01659386748779,-2.2277910094805233,7.782901916080643
k2_w128_d16,2022-01-11T12,2022-01-11T18,6,temperature,5.0,17.653369535326895,35.6237745571886,-1.4776436066512282,4.334090296753715
k2_w128_d16,2022-01-11T12,2022-01-11T18,6,temperature,7.0,14.276172093429068,32.09491024075564,-1.074647242983601,4.196568331061339
k2_w128_d16,2022-01-11T12,2022-01-11T18,6,temperature,10.0,8.163928918267125,16.05225007548904,-0.3377285054077801,2.8053538013487014
k2_w128_d16,2022-01-11T12,2022-01-11T18,6,temperature,20.0,3.8901036899952084,9.520919847175763,0.5832731386621501,-2.148813833551105
k2_w128_d16,2022-01-11T12,2022-01-11T18,6,temperature,30.0,3.4509449629501554,11.552950695150088,0.7996724852247838,-2.677922092254546
k2_w128_d16,2022-01-11T12,2022-01-11T18,6,geopotential,1.0,924232879.971251,8490385.380624672,-30211.880540268052,244.21716816829434
k2_w128_d16,2022-01-11T12,2022-01-11T18,6,geopotential,2.0,429964559.919705,3785160.9209052473,-20595.642212023937,550.5104119976456
k2_w128_d16,2022-01-11T12,2022-01-11T18,6,geopotential,3.0,243352903.33064234,1972736.2443846096,-15492.177943202785,-38.011411614523354
k2_w128_d16,2022-01-11T12,2022-01-11T18,6,geopotential,5.0,91658032.33316965,1127184.752587815,-9496.10707200721,364.10647781436455
k2_w128_d16,2022-01-11T12,2022-01-11T18,6,geopotential,7.0,36742367.97117849,653285.0249742585,-6004.105866758461,328.3653386440769
k2_w128_d16,2022-01-11T12,2022-01-11T18,6,geopotential,10.0,7913742.161906106,355145.656079828,-2761.763121649886,164.88955811120385
k2_w128_d16,2022-01-11T12,2022-01-11T18,6,geopotential,20.0,1881120.0826847549,217879.4659095675,1343.0712911292921,173.81648499065588
k2_w128_d16,2022-01-11T12,2022-01-11T18,6,geopotential,30.0,3238750.035932959,249129.70212180106,1783.0826875537193,315.0877736026903
k2_w128_d16,2022-01-11T12,2022-01-11T18,6,geopotential,500.0,657.9726298497621,21329.416951743624,-5.471904190477684,-34.2222093326048
k2_w128_d16,2022-01-11T12,2022-01-11T18,6,u_component_of_wind,1.0,408.1788902307054,454.84026464454126,0.5604134624541568,-2.6623523901452835
k2_w128_d16,2022-01-11T12,2022-01-11T18,6,u_component_of_wind,2.0,220.42641486138467,252.9027289356186,1.4167036427266604,5.2559069433047085
k2_w128_d16,2022-01-11T12,2022-01-11T18,6,u_component_of_wind,3.0,145.05516278107547,169.03601065366541,-1.5079908716356933,2.8680762834914217
k2_w128_d16,2022-01-11T12,2022-01-11T18,6,u_component_of_wind,5.0,112.45570105362579,163.5576235141936,-1.2620350790064716,3.50564258626028
k2_w128_d16,2022-01-11T12,2022-01-11T18,6,u_component_of_wind,7.0,124.15683473576455,170.12115295790755,-4.176309071093863,-0.12714780806093434
k2_w128_d16,2022-01-11T12,2022-01-11T18,6,u_component_of_wind,10.0,129.0334899540653,215.56048600123023,-5.213987187446286,-3.6488193781933185
k2_w128_d16,2022-01-11T12,2022-01-11T18,6,u_component_of_wind,20.0,26.16278955651266,54.6299342049101,1.134177018408756,4.324838426026954
k2_w128_d16,2022-01-11T12,2022-01-11T18,6,u_component_of_wind,30.0,23.61797930752836,42.16867161589674,1.4705806324106478,2.894933811986619
k2_w128_d16,2022-01-11T12,2022-01-11T18,6,v_component_of_wind,1.0,151.8002442035389,178.0433335032027,-1.116985284622041,0.8661878959830058
k2_w128_d16,2022-01-11T12,2022-01-11T18,6,v_component_of_wind,2.0,79.82632107818658,95.56391889268534,0.12188811948247129,-0.19566397882318348
k2_w128_d16,2022-01-11T12,2022-01-11T18,6,v_component_of_wind,3.0,56.42700545075992,72.71314081345204,0.4252551250080223,-1.0277254959661128
k2_w128_d16,2022-01-11T12,2022-01-11T18,6,v_component_of_wind,5.0,35.3815267625339,43.142115980290406,0.05663099896146093,-1.5284629140197423
k2_w128_d16,2022-01-11T12,2022-01-11T18,6,v_component_of_wind,7.0,26.81183383414862,34.82040168630648,-0.04534754386337597,-2.4022393726687445
k2_w128_d16,2022-01-11T12,2022-01-11T18,6,v_component_of_wind,10.0,16.688015255278707,28.093400279172123,-0.13679518117014935,-2.982205485376978
k2_w128_d16,2022-01-11T12,2022-01-11T18,6,v_component_of_wind,20.0,9.538954523905472,24.484182989018425,-0.2958047267510817,-3.796348725614231
k2_w128_d16,2022-01-11T12,2022-01-11T18,6,v_component_of_wind,30.0,7.701995134549421,11.30541099255394,-0.3481547300199186,1.6901749047479322
k2_w128_d16,2022-01-11T12,2022-01-11T18,6,specific_humidity,1.0,7.785089179855781e-13,1.7865470643842082e-13,-8.644949055793862e-07,-3.718228448524015e-07
k2_w128_d16,2022-01-11T12,2022-01-11T18,6,specific_humidity,2.0,3.9622608550385554e-13,3.5224086552031164e-14,-6.120108936457691e-07,-1.1881737419107937e-07
k2_w128_d16,2022-01-11T12,2022-01-11T18,6,specific_humidity,3.0,3.084471965532613e-13,2.7630808931255945e-14,-5.286269572843182e-07,-3.836932671209486e-08
k2_w128_d16,2022-01-11T12,2022-01-11T18,6,specific_humidity,5.0,2.1613856512514386e-13,4.011539024752252e-14,-4.245970623076273e-07,8.735090116360722e-08
k2_w128_d16,2022-01-11T12,2022-01-11T18,6,specific_humidity,7.0,1.4820163645616693e-13,5.055877907677338e-14,-3.429519650592444e-07,1.5494257173391132e-07
k2_w128_d16,2022-01-11T12,2022-01-11T18,6,specific_humidity,10.0,7.171134631365791e-14,9.030565510501927e-14,-2.2837599065910537e-07,2.724570659415393e-07
k2_w128_d16,2022-01-11T12,2022-01-11T18,6,specific_humidity,20.0,1.1379789470264618e-14,1.3575837036396257e-13,-2.103391993276898e-08,3.5572812998076517e-07
k2_w128_d16,2022-01-11T12,2022-01-11T18,6,specific_humidity,30.0,6.9695890885778596e-15,3.816128315442551e-14,3.437010403536718e-08,1.7369190466226032e-07
k2_w128_d16,2022-01-11T12,2022-01-11T18,6,specific_cloud_ice_water_content,1.0,2.254717396312906e-12,4.211208081642048e-12,6.338938725613253e-07,8.613641421316099e-07
k2_w128_d16,2022-01-11T12,2022-01-11T18,6,specific_cloud_ice_water_content,2.0,2.2105427102473416e-12,4.032120317298713e-12,5.949629517494098e-07,7.653733876577906e-07
k2_w128_d16,2022-01-11T12,2022-01-11T18,6,specific_cloud_ice_water_content,3.0,2.2071823796355493e-12,4.090288133470255e-12,5.827439552419999e-07,7.862295767534407e-07
k2_w128_d16,2022-01-11T12,2022-01-11T18,6,specific_cloud_ice_water_content,5.0,2.182374931883609e-12,3.9622266361825305e-12,5.689649812880368e-07,7.107553072891394e-07
k2_w128_d16,2022-01-11T12,2022-01-11T18,6,specific_cloud_ice_water_content,7.0,2.193625432604201e-12,4.100322482840123e-12,5.776065894089768e-07,7.899863791625461e-07
k2_w128_d16,2022-01-11T12,2022-01-11T18,6,specific_cloud_ice_water_content,10.0,2.2232122553057924e-12,4.043567297836739e-12,6.081769815658264e-07,7.633112662505525e-07
k2_w128_d16,2022-01-11T12,2022-01-11T18,6,specific_cloud_ice_water_content,20.0,1.5808692317131085e-12,3.024271253601637e-12,3.6354089045168957e-07,6.913611485650165e-07
k2_w128_d16,2022-01-11T12,2022-01-11T18,6,specific_cloud_ice_water_content,30.0,9.847822068785103e-13,2.0765259323031206e-12,-1.1103726867497583e-07,5.666274072112449e-07
k2_w128_d16,2022-01-11T12,2022-01-11T18,6,specific_cloud_liquid_water_content,1.0,7.927576130849877e-12,2.8337744538424348e-11,8.315106133972995e-07,-1.0136894003291754e-06
k2_w128_d16,2022-01-11T12,2022-01-11T18,6,specific_cloud_liquid_water_content,2.0,7.935063583410981e-12,2.7767850010302083e-11,8.557082976246731e-07,-6.468519899661177e-07
k2_w128_d16,2022-01-11T12,2022-01-11T18,6,specific_cloud_liquid_water_content,3.0,7.859461474192645e-12,2.767714319621438e-11,8.124466316196077e-07,-6.421490360035751e-07
k2_w128_d16,2022-01-11T12,2022-01-11T18,6,specific_cloud_liquid_water_content,5.0,7.913702198511986e-12,2.7645985754104083e-11,8.463660378670243e-07,-5.471056600044088e-07
k2_w128_d16,2022-01-11T12,2022-01-11T18,6,specific_cloud_liquid_water_content,7.0,7.998522627844258e-12,2.7764079826649355e-11,8.867311509456192e-07,-6.863547553417116e-07
k2_w128_d16,2022-01-11T12,2022-01-11T18,6,specific_cloud_liquid_water_content,10.0,7.865991819070794e-12,2.7477492331528298e-11,8.20142822119587e-07,-6.664881125139001e-07
k2_w128_d16,2022-01-11T12,2022-01-11T18,6,specific_cloud_liquid_water_content,20.0,6.07140589737888e-12,2.1793942040267534e-11,7.922410994712581e-07,-9.874182322129074e-07
k2_w128_d16,2022-01-11T12,2022-01-11T18,6,specific_cloud_liquid_water_content,30.0,3.976502637455022e-12,1.4545711822197531e-11,7.320578573609292e-07,-3.3742716218385454e-07
k2_w128_d16,2022-01-11T12,2022-01-12T00,12,temperature,1.0,102.63528610401252,83.8385294748828,-5.805806348309623,1.3581227124010247
k2_w128_d16,2022-01-11T12,2022-01-12T00,12,temperature,2.0,59.41481260909498,123.8292932610994,-4.161172290765578,8.49359442256997
k2_w128_d16,2022-01-11T12,2022-01-12T00,12,temperature,3.0,31.704869705420528,109.43427101789311,-2.3323520763236876,8.84535784441172
k2_w128_d16,2022-01-11T12,2022-01-12T00,12,temperature,5.0,16.900767847450705,49.55176407456738,-1.5676737693601837,5.451181275806615
k2_w128_d16,2022-01-11T12,2022-01-12T00,12,temperature,7.0,14.176053283511202,45.69981590423431,-1.119595307395807,5.151271900523728
k2_w128_d16,2022-01-11T12,2022-01-12T00,12,temperature,10.0,9.49378449828755,34.41639463244118,-0.4287353085446166,4.050639269374097
k2_w128_d16,2022-01-11T12,2022-01-12T00,12,temperature,20.0,4.088515029881764,12.191792334999803,0.5885343649850964,-1.3171434431700302
k2_w128_d16,2022-01-11T12,2022-01-12T00,12,temperature,30.0,3.319088905927511,11.65296023624067,0.7976793968119573,-1.8420525440248507
k2_w128_d16,2022-01-11T12,2022-01-12T00,12,geopotential,1.0,928156293.8645245,12278942.230243932,-30272.670637959403,-138.58727935396087
k2_w128_d16,2022-01-11T12,2022-01-12T00,12,geopotential,2.0,431043083.2916559,5584067.740871882,-20623.662600997734,313.5994258287154
k2_w128_d16,2022-01-11T12,2022-01-12T00,12,geopotential,3.0,244164298.67515165,3341643.3050532364,-15521.617868023855,-93.50589299153798
k2_w128_d16,2022-01-11T12,2022-01-12T00,12,geopotential,5.0,92145589.24399582,1903228.4373356393,-9524.57112276692,342.4118291308022
k2_w128_d16,2022-01-11T12,2022-01-12T00,12,geopotential,7.0,37056278.915332064,1214744.841957808,-6032.078457953323,318.043786997824
k2_w128_d16,2022-01-11T12,2022-01-12T00,12,geopotential,10.0,8060996.055985492,809550.8283344104,-2790.6438149368787,217.84633549373604
k2_w128_d16,2022-01-11T12,2022-01-12T00,12,geopotential,20.0,1841161.8765409412,561982.0584853897,1326.5772635366036,308.61105110243454
k2_w128_d16,2022-01-11T12,2022-01-12T00,12,geopotential,30.0,3199985.0168422405,626099.5784863986,1771.7740158636389,519.3605875784051
k2_w128_d16,2022-01-11T12,2022-01-12T00,12,geopotential,500.0,1291.2096409455335,84659.00200857026,-7.2648682777315585,-43.40573705191704
k2_w128_d16,2022-01-11T12,2022-01-12T00,12,u_component_of_wind,1.0,415.94409540351876,544.3434428401729,0.5037187437045884,-3.1148696289116886
k2_w128_d16,2022-01-11T12,2022-01-12T00,12,u_component_of_wind,2.0,220.81505116398984,297.5383178388944,1.278815870334276,4.819165833498786
k2_w128_d16,2022-01-11T12,2022-01-12T00,12,u_component_of_wind,3.0,133.57937455742024,200.37548532618433,-2.0673938798545564,2.5244538688895473
k2_w128_d16,2022-01-11T12,2022-01-12T00,12,u_component_of_wind,5.0,104.3771820817918,235.57346257359404,-0.6906542893680683,4.621631059003973
k2_w128_d16,2022-01-11T12,2022-01-12T00,12,u_component_of_wind,7.0,109.54569527021044,219.25581861533806,-3.7686046335211474,1.968586564503378
k2_w128_d16,2022-01-11T12,2022-01-12T00,12,u_component_of_wind,10.0,125.20124653510992,232.66722974682298,-4.984523961578386,-1.0914693237373738
k2_w128_d16,2022-01-11T12,2022-01-12T00,12,u_component_of_wind,20.0,25.776872344699253,93.84572426035211,1.4090248495050992,5.8560813052675
k2_w128_d16,2022-01-11T12,2022-01-12T00,12,u_component_of_wind,30.0,22.396901325642702,95.99371341442097,1.6124917933858818,3.1914370985550224
k2_w128_d16,2022-01-11T12,2022-01-12T00,12,v_component_of_wind,1.0,168.47641314444235,263.85013202572895,-1.1882983257506194,-0.6463416828305251
k2_w128_d16,2022-01-11T12,2022-01-12T00,12,v_component_of_wind,2.0,76.3141998667023,148.2396350556103,-0.2315729698101551,-2.705432316343356
k2_w128_d16,2022-01-11T12,2022-01-12T00,12,v_component_of_wind,3.0,49.546057312240464,124.10133923970469,0.49521647228823146,-3.464391017730846
k2_w128_d16,2022-01-11T12,2022-01-12T00,12,v_component_of_wind,5.0,37.0110371456707,93.99412873299052,0.08672213556683757,-3.564652648538109
k2_w128_d16,2022-01-11T12,2022-01-12T00,12,v_component_of_wind,7.0,26.216430767682937,76.96116120116675,-0.2493746001840483,-4.5350118405897835
k2_w128_d16,2022-01-11T12,2022-01-12T00,12,v_component_of_wind,10.0,17.614725953915986,58.64457722008084,0.009516653884128052,-4.497376033158502
k2_w128_d16,2022-01-11T12,2022-01-12T00,12,v_component_of_wind,20.0,8.765211176390629,35.36055805588128,-0.5258346505845608,-4.278167303085587
k2_w128_d16,2022-01-11T12,2022-01-12T00,12,v_component_of_wind,30.0,7.500880788231215,35.27230016512955,-0.431044267713714,3.1157197477423306
k2_w128_d16,2022-01-11T12,2022-01-12T00,12,specific_humidity,1.0,7.736377655833312e-13,1.815003456984238e-13,-8.61643320431545e-07,-3.7269771737153647e-07
k2_w128_d16,2022-01-11T12,2022-01-12T00,12,specific_humidity,2.0,3.9591845786522924e-13,3.8121863920594534e-14,-6.116283421585442e-07,-1.2315200364731547e-07
k2_w128_d16,2022-01-11T12,2022-01-12T00,12,specific_humidity,3.0,3.041116987992079e-13,2.7880243883544823e-14,-5.250552839919592e-07,-4.1091589604636324e-08
k2_w128_d16,2022-01-11T12,2022-01-12T00,12,specific_humidity,5.0,2.146298055475819e-13,3.929799383459801e-14,-4.2282582243050414e-07,8.204147786359546e-08
k2_w128_d16,2022-01-11T12,2022-01-12T00,12,specific_humidity,7.0,1.4708802837346678e-13,4.8843444053584855e-14,-3.4149409203664433e-07,1.5240102013162011e-07
k2_w128_d16,2022-01-11T12,2022-01-12T00,12,specific_humidity,10.0,7.181588254323594e-14,8.93846696400984e-14,-2.2720068249529543e-07,2.718652111450994e-07
k2_w128_d16,2022-01-11T12,2022-01-12T00,12,specific_humidity,20.0,1.1542594830323315e-14,1.3409732844965645e-13,-2.0579151777041027e-08,3.5368799345608765e-07
k2_w128_d16,2022-01-11T12,2022-01-12T00,12,specific_humidity,30.0,6.894045625307052e-15,3.5977592161973364e-14,3.444155369996057e-08,1.7044647847907064e-07
k2_w128_d16,2022-01-11T12,2022-01-12T00,12,specific_cloud_ice_water_content,1.0,1.7612665690617728e-12,4.80659369497861e-11,4.688386595238129e-07,-5.75830024148665e-07
k2_w128_d16,2022-01-11T12,2022-01-12T00,12,specific_cloud_ice_water_content,2.0,1.7304937934923542e-12,4.865380754015919e-11,4.3006411137338945e-07,-6.86351070494156e-07
k2_w128_d16,2022-01-11T12,2022-01-12T00,12,specific_cloud_ice_water_content,3.0,1.733018545220335e-12,4.826382098586167e-11,4.1840169846581476e-07,-6.6441876620814e-07
k2_w128_d16,2022-01-11T12,2022-01-12T00,12,specific_cloud_ice_water_content,5.0,1.7109570167400829e-12,4.857771057906565e-11,4.0335719902498783e-07,-7.371811346148979e-07
k2_w128_d16,2022-01-11T12,2022-01-12T00,12,specific_cloud_ice_water_content,7.0,1.7187858426027728e-12,4.832147590736437e-11,4.1237747711511273e-07,-6.542343679893138e-07
k2_w128_d16,2022-01-11T12,2022-01-12T00,12,specific_cloud_ice_water_content,10.0,1.7405043119267567e-12,4.8322695328805805e-11,4.432380776268527e-07,-6.782812614253865e-07
k2_w128_d16,2022-01-11T12,2022-01-12T00,12,specific_cloud_ice_water_content,20.0,1.2727215572039284e-12,3.338522357659551e-11,2.1079088003707322e-07,-8.677895652051416e-07
k2_w128_d16,2022-01-11T12,2022-01-12T00,12,specific_cloud_ice_water_content,30.0,9.002887369278377e-13,2.5821065609812633e-11,-2.5050961952124616e-07,-1.1746187848403561e-06
k2_w128_d16,2022-01-11T12,2022-01-12T00,12,specific_cloud_liquid_water_content,1.0,6.475838869239951e-12,2.935258219839495e-10,7.41513924722393e-07,-3.948680358085269e-06
k2_w128_d16,2022-01-11T12,2022-01-12T00,12,specific_cloud_liquid_water_content,2.0,6.493219063749371e-12,2.9077441934824973e-10,7.683439815858432e-07,-3.6149580394139984e-06
k2_w128_d16,2022-01-11T12,2022-01-12T00,12,specific_cloud_liquid_water_content,3.0,6.428406299436848e-12,2.9081460588261287e-10,7.261067792108908e-07,-3.6252933403068832e-06
k2_w128_d16,2022-01-11T12,2022-01-12T00,12,specific_cloud_liquid_water_content,5.0,6.462578870392731e-12,2.905976392376321e-10,7.551942543388279e-07,-3.556916217889906e-06
k2_w128_d16,2022-01-11T12,2022-01-12T00,12,specific_cloud_liquid_water_content,7.0,6.542797589020744e-12,2.9120467048128703e-10,7.964138242332507e-07,-3.6623199894733403e-06
k2_w128_d16,2022-01-11T12,2022-01-12T00,12,specific_cloud_liquid_water_content,10.0,6.431029628832612e-12,2.912672850626698e-10,7.336272913530675e-07,-3.649250170137342e-06
k2_w128_d16,2022-01-11T12,2022-01-12T00,12,specific_cloud_liquid_water_content,20.0,4.938273438274732e-12,1.9629536535849167e-10,7.412909036907498e-07,-4.5565507088922425e-06
k2_w128_d16,2022-01-11T12,2022-01-12T00,12,specific_cloud_liquid_water_content,30.0,3.3365589670815526e-12,1.1112537198814458e-10,7.60437063862449e-07,-5.189425412886041e-06
k2_w128_d16,2022-01-11T18,2022-01-12T00,6,temperature,1.0,102.26778338969854,78.89380555139527,-5.720415829856665,1.4250344250752534
k2_w128_d16,2022-01-11T18,2022-01-12T00,6,temperature,2.0,60.41883801045408,114.5419985175438,-4.016813632272653,7.81862905738287
k2_w128_d16,2022-01-11T18,2022-01-12T00,6,temperature,3.0,32.619495476621466,95.75377469585013,-2.188595414143572,8.038791431469917
k2_w128_d16,2022-01-11T18,2022-01-12T00,6,temperature,5.0,17.173711794434656,36.95916816441352,-1.4558202180335278,4.458780155845123
k2_w128_d16,2022-01-11T18,2022-01-12T00,6,temperature,7.0,13.938219288642799,32.37048359652684,-1.0265924076129531,4.274727477727424
k2_w128_d16,2022-01-11T18,2022-01-12T00,6,temperature,10.0,9.290116271518459,16.52060584320471,-0.35072624927360563,2.761918784793516
k2_w128_d16,2022-01-11T18,2022-01-12T00,6,temperature,20.0,4.12195980352619,9.946115384087904,0.6122085104249636,-2.2041571717643538
k2_w128_d16,2022-01-11T18,2022-01-12T00,6,temperature,30.0,3.402364160438294,11.784212654753157,0.7935629830624729,-2.7028065140335302
k2_w128_d16,2022-01-11T18,2022-01-12T00,6,geopotential,1.0,923740286.737945,9711789.390736688,-30186.11889966664,418.3644156915185
k2_w128_d16,2022-01-11T18,2022-01-12T00,6,geopotential,2.0,428721726.39695513,4178330.974506963,-20558.996342161947,684.1416481595813
k2_w128_d16,2022-01-11T18,2022-01-12T00,6,geopotential,3.0,242736743.10465842,1972795.423044369,-15470.985417536658,42.6604663509174
k2_w128_d16,2022-01-11T18,2022-01-12T00,6,geopotential,5.0,91644970.42311406,1109905.5102668288,-9496.477890140704,398.5254955738154
k2_w128_d16,2022-01-11T18,2022-01-12T00,6,geopotential,7.0,36873717.55849622,612879.7409232918,-6015.501085699405,329.4068559521206
k2_w128_d16,2022-01-11T18,2022-01-12T00,6,geopotential,10.0,8037143.301002344,328292.13088735775,-2783.924762351036,148.39023763635282
k2_w128_d16,2022-01-11T18,2022-01-12T00,6,geopotential,20.0,1816628.5361122526,218532.35790616978,1316.6982875707783,154.25465312679222
k2_w128_d16,2022-01-11T18,2022-01-12T00,6,geopotential,30.0,3148678.7652204344,237614.21607758908,1757.4533915547481,306.14943978940903
k2_w128_d16,2022-01-11T18,2022-01-12T00,6,geopotential,500.0,1284.4090739331855,22946.225605143343,-7.486932620567341,-36.048982806295946
k2_w128_d16,2022-01-11T18,2022-01-12T00,6,u_component_of_wind,1.0,412.3723279353844,475.0974182513784,0.5269312556698253,-3.2358061758812617
k2_w128_d16,2022-01-11T18,2022-01-12T00,6,u_component_of_wind,2.0,222.4059400981408,247.9789194390529,1.3317703981628704,4.707572300663773
k2_w128_d16,2022-01-11T18,2022-01-12T00,6,u_component_of_wind,3.0,132.80254810085526,153.81778187832276,-1.9824863264204333,1.9699819624048052
k2_w128_d16,2022-01-11T18,2022-01-12T00,6,u_component_of_wind,5.0,100.13844438392955,163.9359391179973,-0.5108479851317735,3.7756053882775067
k2_w128_d16,2022-01-11T18,2022-01-12T00,6,u_component_of_wind,7.0,102.54210013844485,159.79428810484308,-3.5941632812539304,0.10782723487743551
k2_w128_d16,2022-01-11T18,2022-01-12T00,6,u_component_of_wind,10.0,120.41681235666412,211.52897897087686,-4.8758634224168045,-3.4807591344341393
k2_w128_d16,2022-01-11T18,2022-01-12T00,6,u_component_of_wind,20.0,24.77942529373078,57.76563820787435,1.3179767934625926,4.720845371524842
k2_w128_d16,2022-01-11T18,2022-01-12T00,6,u_component_of_wind,30.0,20.94111198509385,41.965091433370304,1.4562137182219708,3.1283549804649273
k2_w128_d16,2022-01-11T18,2022-01-12T00,6,v_component_of_wind,1.0,170.0901157092077,200.07739518820782,-1.1378395414329345,0.9332639594704836
k2_w128_d16,2022-01-11T18,2022-01-12T00,6,v_component_of_wind,2.0,74.39308403874459,88.4311195202,-0.20932029816929365,-0.44671565930723367
k2_w128_d16,2022-01-11T18,2022-01-12T00,6,v_component_of_wind,3.0,47.35115933555924,63.1188430930606,0.5021839653438227,-0.8769790214267823
k2_w128_d16,2022-01-11T18,2022-01-12T00,6,v_component_of_wind,5.0,35.68273517516852,45.30318065308808,0.08845591185452406,-1.4344886348812294
k2_w128_d16,2022-01-11T18,2022-01-12T00,6,v_component_of_wind,7.0,24.544116290287562,32.743716423637224,-0.2488389325512781,-2.5020854624114857
k2_w128_d16,2022-01-11T18,2022-01-12T00,6,v_component_of_wind,10.0,16.352268934002996,25.88036377307249,0.012538442988382274,-2.6894762098808567
k2_w128_d16,2022-01-11T18,2022-01-12T00,6,v_component_of_wind,20.0,9.14112664720937,25.298063680136515,-0.5189842492593757,-3.8560012931244967
k2_w128_d16,2022-01-11T18,2022-01-12T00,6,v_component_of_wind,30.0,7.58108364146738,10.945188906933843,-0.43930802480855846,1.6753212668018462
k2_w128_d16,2022-01-11T18,2022-01-12T00,6,specific_humidity,1.0,7.778707961388417e-13,1.7756912341307302e-13,-8.63921365345617e-07,-3.6999232028609506e-07
k2_w128_d16,2022-01-11T18,2022-01-12T00,6,specific_humidity,2.0,3.9883090990644244e-13,3.5564741730387355e-14,-6.138841408399671e-07,-1.194115230486918e-07
k2_w128_d16,2022-01-11T18,2022-01-12T00,6,specific_humidity,3.0,3.066824584099707e-13,2.6535628427573552e-14,-5.27344017552475e-07,-3.584762146770869e-08
k2_w128_d16,2022-01-11T18,2022-01-12T00,6,specific_humidity,5.0,2.1670750669168973e-13,3.99492544600708e-14,-4.250638190260142e-07,8.831734903889258e-08
k2_w128_d16,2022-01-11T18,2022-01-12T00,6,specific_humidity,7.0,1.4879242660409314e-13,5.032591819440018e-14,-3.43772751926259e-07,1.555705454224971e-07
k2_w128_d16,2022-01-11T18,2022-01-12T00,6,specific_humidity,10.0,7.265353325726511e-14,9.053717597462281e-14,-2.293991814946777e-07,2.726515304420295e-07
k2_w128_d16,2022-01-11T18,2022-01-12T00,6,specific_humidity,20.0,1.1497412778201653e-14,1.3548743362588824e-13,-2.244922116092651e-08,3.5523801124032753e-07
k2_w128_d16,2022-01-11T18,2022-01-12T00,6,specific_humidity,30.0,6.831521578958219e-15,3.785436684737292e-14,3.3664098758097295e-08,1.7307063812984775e-07
k2_w128_d16,2022-01-11T18,2022-01-12T00,6,specific_cloud_ice_water_content,1.0,2.2245539300587047e-12,3.912777975717771e-12,6.641483953656764e-07,7.87052070941985e-07
k2_w128_d16,2022-01-11T18,2022-01-12T00,6,specific_cloud_ice_water_content,2.0,2.1779932450554765e-12,3.752286738202026e-12,6.249733427223078e-07,6.899986329507757e-07
k2_w128_d16,2022-01-11T18,2022-01-12T00,6,specific_cloud_ice_water_content,3.0,2.1751363350783923e-12,3.80602393989025e-12,6.133520415450718e-07,7.117618961303599e-07
k2_w128_d16,2022-01-11T18,2022-01-12T00,6,specific_cloud_ice_water_content,5.0,2.1483070406371762e-12,3.685361749748101e-12,5.99197200674436e-07,6.349756077952662e-07
k2_w128_d16,2022-01-11T18,2022-01-12T00,6,specific_cloud_ice_water_content,7.0,2.1606666504808448e-12,3.812082066400076e-12,6.077849595871839e-07,7.165691195774544e-07
k2_w128_d16,2022-01-11T18,2022-01-12T00,6,specific_cloud_ice_water_content,10.0,2.1924786903908056e-12,3.762768027394847e-12,6.387001236712188e-07,6.893739114702016e-07
k2_w128_d16,2022-01-11T18,2022-01-12T00,6,specific_cloud_ice_water_content,20.0,1.5584867590426495e-12,2.780565146891164e-12,3.885970383823025e-07,6.36960055818602e-07
k2_w128_d16,2022-01-11T18,2022-01-12T00,6,specific_cloud_ice_water_content,30.0,9.465306925580556e-13,1.8724707681050478e-12,-1.0202832686196257e-07,5.464386227453157e-07
k2_w128_d16,2022-01-11T18,2022-01-12T00,6,specific_cloud_liquid_water_content,1.0,7.89563305397768e-12,2.8416305163923403e-11,8.500444147546103e-07,-9.293684207029791e-07
k2_w128_d16,2022-01-11T18,2022-01-12T00,6,specific_cloud_liquid_water_content,2.0,7.913089426382694e-12,2.791511479993663e-11,8.745369773550873e-07,-5.582667108003461e-07
k2_w128_d16,2022-01-11T18,2022-01-12T00,6,specific_cloud_liquid_water_content,3.0,7.84299423190839e-12,2.781685678306334e-11,8.315776394545178e-07,-5.515136294036221e-07
k2_w128_d16,2022-01-11T18,2022-01-12T00,6,specific_cloud_liquid_water_content,5.0,7.889547529292886e-12,2.7794063985746733e-11,8.645084813804747e-07,-4.579561623818523e-07
k2_w128_d16,2022-01-11T18,2022-01-12T00,6,specific_cloud_liquid_water_content,7.0,7.965571457152311e-12,2.7903135189153978e-11,9.044966762329482e-07,-6.003835219586279e-07
k2_w128_d16,2022-01-11T18,2022-01-12T00,6,specific_cloud_liquid_water_content,10.0,7.842452517804361e-12,2.759861638195142e-11,8.382597232583086e-07,-5.792058421465347e-07
k2_w128_d16,2022-01-11T18,2022-01-12T00,6,specific_cloud_liquid_water_content,20.0,6.0091076215107986e-12,2.1630236509381415e-11,8.148858353045598e-07,-9.35498296005476e-07
k2_w128_d16,2022-01-11T18,2022-01-12T00,6,specific_cloud_liquid_water_content,30.0,4.010654627182886e-12,1.4452658186929364e-11,7.71106222296151e-07,-3.6053199537109635e-07
k2_w128_d16,2022-01-11T18,2022-01-12T06,12,temperature,1.0,100.72754024353492,89.44357534632422,-5.880067605386271,1.4032739084708261
k2_w128_d16,2022-01-11T18,2022-01-12T06,12,temperature,2.0,66.27183265195589,128.46592643562076,-4.379573644702132,8.431648443754085
k2_w128_d16,2022-01-11T18,2022-01-12T06,12,temperature,3.0,39.76793766921076,113.94142971646575,-2.6855511517866786,8.698136812732855
k2_w128_d16,2022-01-11T18,2022-01-12T06,12,temperature,5.0,18.75710801493312,49.604262953084344,-1.8639502577237401,5.369253593550281
k2_w128_d16,2022-01-11T18,2022-01-12T06,12,temperature,7.0,13.568871229699955,44.84143296877565,-1.330289297512416,5.149693885849054
k2_w128_d16,2022-01-11T18,2022-01-12T06,12,temperature,10.0,8.34243609872481,34.43146097519289,-0.25289882889520005,4.145010576135917
k2_w128_d16,2022-01-11T18,2022-01-12T06,12,temperature,20.0,4.267147185833103,12.243149571628244,0.6940574852986854,-1.233337418626379
k2_w128_d16,2022-01-11T18,2022-01-12T06,12,temperature,30.0,3.7178743917811343,11.743455900194153,0.8975367937025205,-1.7142260289169204
k2_w128_d16,2022-01-11T18,2022-01-12T06,12,geopotential,1.0,929538153.3508236,13444400.76811945,-30273.925614298678,-101.73419873364385
k2_w128_d16,2022-01-11T18,2022-01-12T06,12,geopotential,2.0,432600755.2257016,6263388.681308562,-20648.674809666943,342.8491994616026
k2_w128_d16,2022-01-11T18,2022-01-12T06,12,geopotential,3.0,244744074.21915224,3652246.703570701,-15535.390512404081,-57.70778111720746
k2_w128_d16,2022-01-11T18,2022-01-12T06,12,geopotential,5.0,91894049.04645357,2060452.5502408585,-9510.389268119747,405.25121368100497
k2_w128_d16,2022-01-11T18,2022-01-12T06,12,geopotential,7.0,36803416.551903136,1337689.249627587,-6009.725330900846,382.94299665498215
k2_w128_d16,2022-01-11T18,2022-01-12T06,12,geopotential,10.0,7935178.792311647,892036.7958362638,-2766.596233712007,277.66801771341966
k2_w128_d16,2022-01-11T18,2022-01-12T06,12,geopotential,20.0,1861225.7616277807,596228.2676571491,1336.7723245398572,362.1188433887905
k2_w128_d16,2022-01-11T18,2022-01-12T06,12,geopotential,30.0,3221935.517043764,675303.4827745794,1779.1794015685366,572.0031690579457
k2_w128_d16,2022-01-11T18,2022-01-12T06,12,geopotential,500.0,1313.0942624980735,87488.42190383696,-5.249559196971992,-41.86139539797536
k2_w128_d16,2022-01-11T18,2022-01-12T06,12,u_component_of_wind,1.0,400.6982408794561,518.7684135663969,0.06670300699622034,-4.1683859870416144
k2_w128_d16,2022-01-11T18,2022-01-12T06,12,u_component_of_wind,2.0,229.35670722542457,296.1898393953315,1.900769835331664,4.990205584021642
k2_w128_d16,2022-01-11T18,2022-01-12T06,12,u_component_of_wind,3.0,132.94791043201855,181.3781538351909,-2.40751386657709,1.8339260035797063
k2_w128_d16,2022-01-11T18,2022-01-12T06,12,u_component_of_wind,5.0,104.05538075706798,205.35414188393295,-1.424384354166529,3.297919409477961
k2_w128_d16,2022-01-11T18,2022-01-12T06,12,u_component_of_wind,7.0,111.79210300560716,213.3667461690929,-3.637451585083131,1.567253250226612
k2_w128_d16,2022-01-11T18,2022-01-12T06,12,u_component_of_wind,10.0,124.4230207359731,227.64331429768123,-4.826548685290529,-1.3456727742952483
k2_w128_d16,2022-01-11T18,2022-01-12T06,12,u_component_of_wind,20.0,25.400933892964137,94.6809614537959,1.4317441152294748,5.869458719596174
k2_w128_d16,2022-01-11T18,2022-01-12T06,12,u_component_of_wind,30.0,22.778122564990586,102.56508463749424,1.5894936415307268,3.3742111508796917
k2_w128_d16,2022-01-11T18,2022-01-12T06,12,v_component_of_wind,1.0,139.19473210387957,235.67615076639814,-0.734833598715845,-1.076018104085536
k2_w128_d16,2022-01-11T18,2022-01-12T06,12,v_component_of_wind,2.0,88.44104557445043,154.52580394258126,0.17372049639085524,-2.874323101042978
k2_w128_d16,2022-01-11T18,2022-01-12T06,12,v_component_of_wind,3.0,51.63860167318392,102.88490465319462,0.8090830528027261,-3.5419221664267297
k2_w128_d16,2022-01-11T18,2022-01-12T06,12,v_component_of_wind,5.0,37.08323018625127,94.25126898123682,-0.08463063747886118,-4.095358386057162
k2_w128_d16,2022-01-11T18,2022-01-12T06,12,v_component_of_wind,7.0,26.377436570920644,84.50865839344972,-0.3392853238776351,-4.9535826489080055
k2_w128_d16,2022-01-11T18,2022-01-12T06,12,v_component_of_wind,10.0,16.008538033695753,60.451977763279054,-0.048986205053294124,-4.845750805715689
k2_w128_d16,2022-01-11T18,2022-01-12T06,12,v_component_of_wind,20.0,8.335899072763091,38.05216517690433,-0.3700516318244096,-4.411685038441817
k2_w128_d16,2022-01-11T18,2022-01-12T06,12,v_component_of_wind,30.0,7.437618570908038,32.3544769153372,-0.1403705878295098,3.0826554446544265
k2_w128_d16,2022-01-11T18,2022-01-12T06,12,specific_humidity,1.0,7.762161119408869e-13,1.807219827531184e-13,-8.63776635821789e-07,-3.7311846136805924e-07
k2_w128_d16,2022-01-11T18,2022-01-12T06,12,specific_humidity,2.0,3.987911594699384e-13,3.820135693540622e-14,-6.137698654016623e-07,-1.2364983414212176e-07
k2_w128_d16,2022-01-11T18,2022-01-12T06,12,specific_humidity,3.0,3.07023348484723e-13,2.755479649883233e-14,-5.276212943297564e-07,-4.194408881859955e-08
k2_w128_d16,2022-01-11T18,2022-01-12T06,12,specific_humidity,5.0,2.1542044347511195e-13,3.857934681062044e-14,-4.237389516961394e-07,8.291342245189343e-08
k2_w128_d16,2022-01-11T18,2022-01-12T06,12,specific_humidity,7.0,1.4932438938870072e-13,4.828982666647063e-14,-3.442784758353771e-07,1.5132172167707785e-07
k2_w128_d16,2022-01-11T18,2022-01-12T06,12,specific_humidity,10.0,7.24201657070919e-14,8.920047575437633e-14,-2.2862401463152643e-07,2.7213121482621086e-07
k2_w128_d16,2022-01-11T18,2022-01-12T06,12,specific_humidity,20.0,1.1660833114288143e-14,1.3422315299645605e-13,-2.186708110609975e-08,3.5362662927244e-07
k2_w128_d16,2022-01-11T18,2022-01-12T06,12,specific_humidity,30.0,6.811326989770302e-15,3.569152868493414e-14,3.3283079275393476e-08,1.696913003894778e-07
k2_w128_d16,2022-01-11T18,2022-01-12T06,12,specific_cloud_ice_water_content,1.0,1.773076547638176e-12,4.987131595712258e-11,4.581758379435546e-07,-5.636614631514131e-07
k2_w128_d16,2022-01-11T18,2022-01-12T06,12,specific_cloud_ice_water_content,2.0,1.7427091414615486e-12,5.047070670740286e-11,4.1934883426929217e-07,-6.729711801316012e-07
k2_w128_d16,2022-01-11T18,2022-01-12T06,12,specific_cloud_ice_water_content,3.0,1.7443433144601346e-12,5.006242577160408e-11,4.0783071988093934e-07,-6.518476970122211e-07
k2_w128_d16,2022-01-11T18,2022-01-12T06,12,specific_cloud_ice_water_content,5.0,1.7238763344208662e-12,5.038345657072034e-11,3.926745800220597e-07,-7.248446740837467e-07
k2_w128_d16,2022-01-11T18,2022-01-12T06,12,specific_cloud_ice_water_content,7.0,1.732919528899529e-12,5.012641716115021e-11,4.017428896999243e-07,-6.416260024682023e-07
k2_w128_d16,2022-01-11T18,2022-01-12T06,12,specific_cloud_ice_water_content,10.0,1.7522864262117578e-12,5.0116467643749906e-11,4.3258353421339913e-07,-6.656372939414154e-07
k2_w128_d16,2022-01-11T18,2022-01-12T06,12,specific_cloud_ice_water_content,20.0,1.2838907921554397e-12,3.4646593437506737e-11,2.017706076260761e-07,-8.964778242984676e-07
k2_w128_d16,2022-01-11T18,2022-01-12T06,12,specific_cloud_ice_water_content,30.0,9.173176848406663e-13,2.6190955354899397e-11,-2.5693596017323203e-07,-1.3016237371627385e-06
k2_w128_d16,2022-01-11T18,2022-01-12T06,12,specific_cloud_liquid_water_content,1.0,6.5790617306309095e-12,2.888232624661004e-10,7.606165292671583e-07,-4.399646302964861e-06
k2_w128_d16,2022-01-11T18,2022-01-12T06,12,specific_cloud_liquid_water_content,2.0,6.594797832240909e-12,2.8572100879968666e-10,7.871763400179609e-07,-4.065602637416216e-06
k2_w128_d16,2022-01-11T18,2022-01-12T06,12,specific_cloud_liquid_water_content,3.0,6.526131202900963e-12,2.8575749422819495e-10,7.45039809990368e-07,-4.074590959452694e-06
k2_w128_d16,2022-01-11T18,2022-01-12T06,12,specific_cloud_liquid_water_content,5.0,6.566160460008922e-12,2.8546550359922845e-10,7.736960260030902e-07,-4.007910487639628e-06
k2_w128_d16,2022-01-11T18,2022-01-12T06,12,specific_cloud_liquid_water_content,7.0,6.641772351829065e-12,2.86170413112371e-10,8.140812148254572e-07,-4.1126380461122865e-06
k2_w128_d16,2022-01-11T18,2022-01-12T06,12,specific_cloud_liquid_water_content,10.0,6.521743361967167e-12,2.863461938606091e-10,7.517920547386458e-07,-4.0994700642861075e-06
k2_w128_d16,2022-01-11T18,2022-01-12T06,12,specific_cloud_liquid_water_content,20.0,5.018558600078346e-12,1.9448208480037182e-10,7.47855846465985e-07,-5.011311705666798e-06
k2_w128_d16,2022-01-11T18,2022-01-12T06,12,specific_cloud_liquid_water_content,30.0,3.347896334425874e-12,1.1251309168274473e-10,7.497271192270808e-07,-5.58531639306702e-06
k2_w128_d16,2022-01-12T00,2022-01-12T06,6,temperature,1.0,100.61575190960028,76.9014486917813,-5.853701195242909,1.3303665341378563
k2_w128_d16,2022-01-12T00,2022-01-12T06,6,temperature,2.0,66.04445739297043,111.05765692964039,-4.3242198987684155,7.555029964976839
k2_w128_d16,2022-01-12T00,2022-01-12T06,6,temperature,3.0,39.35967253755927,94.27116041696232,-2.642866292460268,7.701960820476831
k2_w128_d16,2022-01-12T00,2022-01-12T06,6,temperature,5.0,18.629478426958354,34.428676025406546,-1.7971117201703608,4.2380665969687055
k2_w128_d16,2022-01-12T00,2022-01-12T06,6,temperature,7.0,13.380430558972465,30.375369609158255,-1.2410254985650544,4.162973532654931
k2_w128_d16,2022-01-12T00,2022-01-12T06,6,temperature,10.0,8.425346075105693,16.246900893262556,-0.20667549501119745,2.802574280677366
k2_w128_d16,2022-01-12T00,2022-01-12T06,6,temperature,20.0,4.511956656240331,9.648091577925317,0.6845608262699862,-2.116265540012861
k2_w128_d16,2022-01-12T00,2022-01-12T06,6,temperature,30.0,3.8191014471956692,11.294389229794847,0.8733935839332729,-2.601581929561202
k2_w128_d16,2022-01-12T00,2022-01-12T06,6,geopotential,1.0,926081107.3197583,8825907.10558222,-30216.14607799171,238.8216571116182
k2_w128_d16,2022-01-12T00,2022-01-12T06,6,geopotential,2.0,430542237.6457244,3851430.7910155053,-20598.828094171953,554.176381012757
k2_w128_d16,2022-01-12T00,2022-01-12T06,6,geopotential,3.0,243349420.17582685,1955512.270307094,-15490.238246295257,-29.05438439816814
k2_w128_d16,2022-01-12T00,2022-01-12T06,6,geopotential,5.0,91194058.38573882,1108426.8263989743,-9472.673332358561,387.75174190601274
k2_w128_d16,2022-01-12T00,2022-01-12T06,6,geopotential,7.0,36464747.07697536,675746.5559843456,-5979.465448009487,347.04396495974237
k2_w128_d16,2022-01-12T00,2022-01-12T06,6,geopotential,10.0,7832958.460985653,372634.81502191134,-2743.7965140262663,184.75916316285048
k2_w128_d16,2022-01-12T00,2022-01-12T06,6,geopotential,20.0,1890389.8160390086,219243.62210127153,1346.2517250538745,201.1744672790228
k2_w128_d16,2022-01-12T00,2022-01-12T06,6,geopotential,30.0,3235977.3822612367,258958.0391931662,1782.9918991258528,345.0737099542315
k2_w128_d16,2022-01-12T00,2022-01-12T06,6,geopotential,500.0,636.9268144632342,21653.24723842387,-4.726433886964559,-34.658417443346536
k2_w128_d16,2022-01-12T00,2022-01-12T06,6,u_component_of_wind,1.0,399.1618653161735,447.91601645046353,-0.10937262976549766,-3.812633529034546
k2_w128_d16,2022-01-12T00,2022-01-12T06,6,u_component_of_wind,2.0,229.09820024616036,253.99658161402715,1.7675450737384224,5.314370094581353
k2_w128_d16,2022-01-12T00,2022-01-12T06,6,u_component_of_wind,3.0,133.21754432142927,142.4814208616984,-2.5096601846872257,1.6558834745458224
k2_w128_d16,2022-01-12T00,2022-01-12T06,6,u_component_of_wind,5.0,100.88422903573331,145.9017324360187,-1.4347558670996197,3.137609814720586
k2_w128_d16,2022-01-12T00,2022-01-12T06,6,u_component_of_wind,7.0,106.69180265052358,158.62582643485126,-3.6380217451201133,0.34214135126679723
k2_w128_d16,2022-01-12T00,2022-01-12T06,6,u_component_of_wind,10.0,121.93257615177387,209.83382757225326,-4.875875248005064,-3.2189951432951855
k2_w128_d16,2022-01-12T00,2022-01-12T06,6,u_component_of_wind,20.0,23.5203537120397,55.98126938907847,1.2225258871171922,4.6025629132948795
k2_w128_d16,2022-01-12T00,2022-01-12T06,6,u_component_of_wind,30.0,20.837326424065875,39.37556879330449,1.3480802523603626,2.7991406376685566
k2_w128_d16,2022-01-12T00,2022-01-12T06,6,v_component_of_wind,1.0,141.55078274028264,171.64402992080466,-0.8703835413410539,0.5522033543329457
k2_w128_d16,2022-01-12T00,2022-01-12T06,6,v_component_of_wind,2.0,90.53702796352488,102.7007952976544,-0.017199571109177886,-0.6949206563181065
k2_w128_d16,2022-01-12T00,2022-01-12T06,6,v_component_of_wind,3.0,48.7879993517618,61.52066866782604,0.5984975456627369,-1.0764438375868621
k2_w128_d16,2022-01-12T00,2022-01-12T06,6,v_component_of_wind,5.0,34.06214095683708,48.48205528105498,-0.2945559647171267,-2.0519680406060834
k2_w128_d16,2022-01-12T00,2022-01-12T06,6,v_component_of_wind,7.0,26.278871960447674,40.005603761895046,-0.5418951948581764,-3.0013214178370102
k2_w128_d16,2022-01-12T00,2022-01-12T06,6,v_component_of_wind,10.0,16.778587753202707,29.487004174239573,-0.22406782188793253,-3.1119152805123464
k2_w128_d16,2022-01-12T00,2022-01-12T06,6,v_component_of_wind,20.0,8.816434366978948,27.73519094470694,-0.4538610782948428,-3.95941709738854
k2_w128_d16,2022-01-12T00,2022-01-12T06,6,v_component_of_wind,30.0,7.692426054224859,12.190214959748518,-0.12941802810403596,1.8271260285289954
k2_w128_d16,2022-01-12T00,2022-01-12T06,6,specific_humidity,1.0,7.747828629746991e-13,1.755812283991742e-13,-8.628964397018304e-07,-3.6908579232306944e-07
k2_w128_d16,2022-01-12T00,2022-01-12T06,6,specific_humidity,2.0,3.9770405549224746e-13,3.5237746592761506e-14,-6.128546384298483e-07,-1.1855937967379005e-07
k2_w128_d16,2022-01-12T00,2022-01-12T06,6,specific_humidity,3.0,3.0601432460068664e-13,2.628464639147631e-14,-5.267655887419313e-07,-3.5379928177343546e-08
k2_w128_d16,2022-01-12T00,2022-01-12T06,6,specific_humidity,5.0,2.1449723885486077e-13,3.986356815355616e-14,-4.228211824087999e-07,9.03278720933926e-08
k2_w128_d16,2022-01-12T00,2022-01-12T06,6,specific_humidity,7.0,1.485137120187433e-13,5.024928236702676e-14,-3.433771319367763e-07,1.557251720142852e-07
k2_w128_d16,2022-01-12T00,2022-01-12T06,6,specific_humidity,10.0,7.172678046700278e-14,9.126689952563058e-14,-2.2771361558000174e-07,2.742702310211425e-07
k2_w128_d16,2022-01-12T00,2022-01-12T06,6,specific_humidity,20.0,1.1474278450263481e-14,1.3615129728260655e-13,-2.1016605001515976e-08,3.5621764617621296e-07
k2_w128_d16,2022-01-12T00,2022-01-12T06,6,specific_humidity,30.0,6.776174606510456e-15,3.7364303201363845e-14,3.410253187937975e-08,1.72233304227979e-07
k2_w128_d16,2022-01-12T00,2022-01-12T06,6,specific_cloud_ice_water_content,1.0,2.185636816505562e-12,3.9158625622418115e-12,6.096415897116869e-07,8.267644828157412e-07
k2_w128_d16,2022-01-12T00,2022-01-12T06,6,specific_cloud_ice_water_content,2.0,2.1438394121812256e-12,3.7541010530732285e-12,5.710188610570895e-07,7.324304050680594e-07
k2_w128_d16,2022-01-12T00,2022-01-12T06,6,specific_cloud_ice_water_content,3.0,2.139568904483457e-12,3.801208046312901e-12,5.589184942151602e-07,7.506088568551523e-07
k2_w128_d16,2022-01-12T00,2022-01-12T06,6,specific_cloud_ice_water_content,5.0,2.1174250522702596e-12,3.68465355842767e-12,5.445671941680552e-07,6.773301023473347e-07
k2_w128_d16,2022-01-12T00,2022-01-12T06,6,specific_cloud_ice_water_content,7.0,2.129161853492926e-12,3.815286288011092e-12,5.53430285837855e-07,7.577378418164128e-07
k2_w128_d16,2022-01-12T00,2022-01-12T06,6,specific_cloud_ice_water_content,10.0,2.1559876592461254e-12,3.761787182674439e-12,5.841235071349558e-07,7.296309703590066e-07
k2_w128_d16,2022-01-12T00,2022-01-12T06,6,specific_cloud_ice_water_content,20.0,1.5473108332384033e-12,2.754734404108159e-12,3.430913841239023e-07,6.718734793477628e-07
k2_w128_d16,2022-01-12T00,2022-01-12T06,6,specific_cloud_ice_water_content,30.0,9.889644546760134e-13,1.8109973329917658e-12,-1.3137310942249222e-07,5.705527823533262e-07
k2_w128_d16,2022-01-12T00,2022-01-12T06,6,specific_cloud_liquid_water_content,1.0,7.686687950967508e-12,2.6911341033765596e-11,7.937331653549731e-07,-9.244617736603881e-07
k2_w128_d16,2022-01-12T00,2022-01-12T06,6,specific_cloud_liquid_water_content,2.0,7.69457914411989e-12,2.6456780573700288e-11,8.180544833395435e-07,-5.583023379775602e-07
k2_w128_d16,2022-01-12T00,2022-01-12T06,6,specific_cloud_liquid_water_content,3.0,7.625116458609358e-12,2.635356480202587e-11,7.752762028783995e-07,-5.520984203557466e-07
k2_w128_d16,2022-01-12T00,2022-01-12T06,6,specific_cloud_liquid_water_content,5.0,7.679641036892897e-12,2.635767462280212e-11,8.080527459509191e-07,-4.5907509457743877e-07
k2_w128_d16,2022-01-12T00,2022-01-12T06,6,specific_cloud_liquid_water_content,7.0,7.748973354459706e-12,2.6443577996623483e-11,8.474024870810357e-07,-5.971943645217777e-07
k2_w128_d16,2022-01-12T00,2022-01-12T06,6,specific_cloud_liquid_water_content,10.0,7.624978037046822e-12,2.6159437842521047e-11,7.820934108920211e-07,-5.795198534547672e-07
k2_w128_d16,2022-01-12T00,2022-01-12T06,6,specific_cloud_liquid_water_content,20.0,5.858276559210957e-12,2.0650695208793655e-11,7.64497850076203e-07,-9.334026422457124e-07
k2_w128_d16,2022-01-12T00,2022-01-12T06,6,specific_cloud_liquid_water_content,30.0,4.020675639512969e-12,1.431979038629909e-11,7.407730065633371e-07,-3.677018349899743e-07
k2_w128_d16,2022-01-12T00,2022-01-12T12,12,temperature,1.0,110.46351993631974,88.46704933655519,-6.435962553714161,1.0597349373309988
k2_w128_d16,2022-01-12T00,2022-01-12T12,12,temperature,2.0,68.62525550770394,132.61206206131698,-4.4102993793292224,8.620617391991107
k2_w128_d16,2022-01-12T00,2022-01-12T12,12,temperature,3.0,39.63816120800648,116.09703398554689,-2.6993738846939275,8.918089332982634
k2_w128_d16,2022-01-12T00,2022-01-12T12,12,temperature,5.0,18.350254785398874,49.63577570055406,-1.9181047195777434,5.549519491561791
k2_w128_d16,2022-01-12T00,2022-01-12T12,12,temperature,7.0,13.462046115360852,45.33701765539759,-1.3707722264314253,5.322922846006689
k2_w128_d16,2022-01-12T00,2022-01-12T12,12,temperature,10.0,8.266302051100602,35.418779293193495,-0.27245308957990316,4.28813249125574
k2_w128_d16,2022-01-12T00,2022-01-12T12,12,temperature,20.0,4.515132295034785,13.089568464160884,0.6642024615454838,-1.1424821448162095
k2_w128_d16,2022-01-12T00,2022-01-12T12,12,temperature,30.0,3.6468444499420682,11.255644430389555,0.8876562293264489,-1.7234431688595682
k2_w128_d16,2022-01-12T00,2022-01-12T12,12,geopotential,1.0,930239934.7380176,12295109.044886343,-30294.455670129984,-203.14332166119817
k2_w128_d16,2022-01-12T00,2022-01-12T12,12,geopotential,2.0,432627276.2355982,5705360.95586869,-20654.450597652212,300.1816656940237
k2_w128_d16,2022-01-12T00,2022-01-12T12,12,geopotential,3.0,245054799.9858352,3498604.4370752135,-15548.066773483082,-95.23766742758792
k2_w128_d16,2022-01-12T00,2022-01-12T12,12,geopotential,5.0,92266561.66058081,2030533.629150465,-9531.10068731014,373.8392543422027
k2_w128_d16,2022-01-12T00,2022-01-12T12,12,geopotential,7.0,37047679.967007026,1354368.9237107066,-6029.520594567571,354.18209729824764
k2_w128_d16,2022-01-12T00,2022-01-12T12,12,geopotential,10.0,8069495.9884192385,916304.0368053511,-2786.152748573505,250.7142156503266
k2_w128_d16,2022-01-12T00,2022-01-12T12,12,geopotential,20.0,1833993.5928322994,563452.1139477934,1324.8595004508804,331.9531037591151
k2_w128_d16,2022-01-12T00,2022-01-12T12,12,geopotential,30.0,3192156.662356587,615616.1286965299,1770.0522718824745,528.5001368458369
k2_w128_d16,2022-01-12T00,2022-01-12T12,12,geopotential,500.0,1295.1522149210982,84270.64080658136,-7.144326906930141,-56.04539510289021
k2_w128_d16,2022-01-12T00,2022-01-12T12,12,u_component_of_wind,1.0,412.79534845460967,563.4620137802124,-1.4053842671511645,-4.898164631381155
k2_w128_d16,2022-01-12T00,2022-01-12T12,12,u_component_of_wind,2.0,232.34894109220596,295.5012705197499,1.0640819472765606,4.715946857344361
k2_w128_d16,2022-01-12T00,2022-01-12T12,12,u_component_of_wind,3.0,141.9925212651163,187.09564071372648,-1.950424671484052,2.758094503565454
k2_w128_d16,2022-01-12T00,2022-01-12T12,12,u_component_of_wind,5.0,119.2087790047485,201.96707873831178,-2.3049673855338257,2.9764777732384085
k2_w128_d16,2022-01-12T00,2022-01-12T12,12,u_component_of_wind,7.0,128.9156392898578,209.77838406135248,-4.216386660409693,1.563379663809876
k2_w128_d16,2022-01-12T00,2022-01-12T12,12,u_component_of_wind,10.0,133.18329378516577,227.3250465748927,-4.912308903173966,-0.995362472554448
k2_w128_d16,2022-01-12T00,2022-01-12T12,12,u_component_of_wind,20.0,27.92430969641599,96.33158974291656,1.4564215743524356,5.715772591121258
k2_w128_d16,2022-01-12T00,2022-01-12T12,12,u_component_of_wind,30.0,24.6396503360043,101.6212643206519,1.543837385829624,2.9129288920004375
k2_w128_d16,2022-01-12T00,2022-01-12T12,12,v_component_of_wind,1.0,129.92297862412562,217.16107054563145,-0.14428580859370507,0.0674159286756715
k2_w128_d16,2022-01-12T00,2022-01-12T12,12,v_component_of_wind,2.0,97.83227425839587,147.77201158235917,0.7100561081050194,-1.7298297707018229
k2_w128_d16,2022-01-12T00,2022-01-12T12,12,v_component_of_wind,3.0,59.95728230716364,100.45344076239701,1.0696677737960627,-2.6461294551238943
k2_w128_d16,2022-01-12T00,2022-01-12T12,12,v_component_of_wind,5.0,30.748050432656505,73.05053417701961,0.1799127917882137,-3.2584721450229654
k2_w128_d16,2022-01-12T00,2022-01-12T12,12,v_component_of_wind,7.0,24.880893863354537,74.69354236034465,-0.13472540243737902,-4.251370169967342
k2_w128_d16,2022-01-12T00,2022-01-12T12,12,v_component_of_wind,10.0,16.038603065047642,57.89604896467838,-0.12422889707971857,-4.522983504047027
k2_w128_d16,2022-01-12T00,2022-01-12T12,12,v_component_of_wind,20.0,8.35438616123847,36.8063218892737,-0.386519738168097,-4.274967719468796
k2_w128_d16,2022-01-12T00,2022-01-12T12,12,v_component_of_wind,30.0,7.9811786854047355,30.378860989598053,-0.33721231813200236,2.8566289025106246
k2_w128_d16,2022-01-12T00,2022-01-12T12,12,specific_humidity,1.0,7.744059433961831e-13,1.8082465716689815e-13,-8.630902804983211e-07,-3.7331263713622353e-07
k2_w128_d16,2022-01-12T00,2022-01-12T12,12,specific_humidity,2.0,3.926434531872972e-13,3.6262927656002603e-14,-6.087723860345037e-07,-1.195084160930977e-07
k2_w128_d16,2022-01-12T00,2022-01-12T12,12,specific_humidity,3.0,3.0631843712827744e-13,2.7437562368499615e-14,-5.268406640893434e-07,-4.209972266791715e-08
k2_w128_d16,2022-01-12T00,2022-01-12T12,12,specific_humidity,5.0,2.1318420559457118e-13,3.855269444439263e-14,-4.2107262152309105e-07,8.457640510333134e-08
k2_w128_d16,2022-01-12T00,2022-01-12T12,12,specific_humidity,7.0,1.4656288146574402e-13,4.910884933021955e-14,-3.402944705351116e-07,1.5439814409597333e-07
k2_w128_d16,2022-01-12T00,2022-01-12T12,12,specific_humidity,10.0,7.150534804802325e-14,8.939782804216082e-14,-2.2700062523051859e-07,2.729637172950638e-07
k2_w128_d16,2022-01-12T00,2022-01-12T12,12,specific_humidity,20.0,1.1492460567455766e-14,1.354385357137517e-13,-1.911147486233893e-08,3.5567399083169416e-07
k2_w128_d16,2022-01-12T00,2022-01-12T12,12,specific_humidity,30.0,6.843960574818435e-15,3.5710201912714865e-14,3.4485742384325615e-08,1.7049122069741968e-07
k2_w128_d16,2022-01-12T00,2022-01-12T12,12,specific_cloud_ice_water_content,1.0,1.7056608497718184e-12,4.7719662143296e-11,4.2565962704376904e-07,-3.845226070688768e-07
k2_w128_d16,2022-01-12T00,2022-01-12T12,12,specific_cloud_ice_water_content,2.0,1.6758874758215087e-12,4.8283866089683894e-11,3.862626166811207e-07,-4.948682064090589e-07
k2_w128_d16,2022-01-12T00,2022-01-12T12,12,specific_cloud_ice_water_content,3.0,1.6759777821003041e-12,4.787455800772846e-11,3.74138177052426e-07,-4.7419293468136896e-07
k2_w128_d16,2022-01-12T00,2022-01-12T12,12,specific_cloud_ice_water_content,5.0,1.6599817358789911e-12,4.815969615217986e-11,3.599007520834753e-07,-5.451352482038838e-07
k2_w128_d16,2022-01-12T00,2022-01-12T12,12,specific_cloud_ice_water_content,7.0,1.668324366187957e-12,4.794926678293751e-11,3.6881490220039246e-07,-4.6330102841842633e-07
k2_w128_d16,2022-01-12T00,2022-01-12T12,12,specific_cloud_ice_water_content,10.0,1.6851540883667474e-12,4.7932519706700997e-11,3.996492089939562e-07,-4.862956035506724e-07
k2_w128_d16,2022-01-12T00,2022-01-12T12,12,specific_cloud_ice_water_content,20.0,1.2425100119625268e-12,3.273142003504561e-11,1.6981353399475778e-07,-7.86228827194432e-07
k2_w128_d16,2022-01-12T00,2022-01-12T12,12,specific_cloud_ice_water_content,30.0,9.259310477119525e-13,2.3590522529982842e-11,-2.801517378922712e-07,-1.3342948338958151e-06
k2_w128_d16,2022-01-12T00,2022-01-12T12,12,specific_cloud_liquid_water_content,1.0,6.43826093757662e-12,2.8349635466554125e-10,6.94691897227466e-07,-3.4018984484399013e-06
k2_w128_d16,2022-01-12T00,2022-01-12T12,12,specific_cloud_liquid_water_content,2.0,6.4450136848407164e-12,2.810785303640884e-10,7.213549883814876e-07,-3.071355775242951e-06
k2_w128_d16,2022-01-12T00,2022-01-12T12,12,specific_cloud_liquid_water_content,3.0,6.380034871023264e-12,2.811034117054761e-10,6.788843776052991e-07,-3.0818612869810997e-06
k2_w128_d16,2022-01-12T00,2022-01-12T12,12,specific_cloud_liquid_water_content,5.0,6.420110970245186e-12,2.8090495100669815e-10,7.081795719736081e-07,-3.0183695127184924e-06
k2_w128_d16,2022-01-12T00,2022-01-12T12,12,specific_cloud_liquid_water_content,7.0,6.496791555210935e-12,2.814742488723345e-10,7.493285000628854e-07,-3.11703919436728e-06
k2_w128_d16,2022-01-12T00,2022-01-12T12,12,specific_cloud_liquid_water_content,10.0,6.379085124808285e-12,2.816457853906771e-10,6.857065898358726e-07,-3.107911987040771e-06
k2_w128_d16,2022-01-12T00,2022-01-12T12,12,specific_cloud_liquid_water_content,20.0,4.899604345471086e-12,1.8776427433337103e-10,7.144584585385433e-07,-4.1744638857667314e-06
k2_w128_d16,2022-01-12T00,2022-01-12T12,12,specific_cloud_liquid_water_content,30.0,3.3031528508037968e-12,1.0739398382771078e-10,7.835048625120552e-07,-5.139088300613281e-06
k2_w128_d16,2022-01-12T06,2022-01-12T12,6,temperature,1.0,110.50103065544548,78.12630055248565,-6.343829601217683,0.879598189478531
k2_w128_d16,2022-01-12T06,2022-01-12T12,6,temperature,2.0,68.98140046167552,116.20661773230736,-4.254445732487746,7.594834746652614
k2_w128_d16,2022-01-12T06,2022-01-12T12,6,temperature,3.0,39.55349163406924,94.7101599234941,-2.536174848316593,7.748230132830454
k2_w128_d16,2022-01-12T06,2022-01-12T12,6,temperature,5.0,18.449778752013117,34.23478530293639,-1.7892484463838438,4.279903289245398
k2_w128_d16,2022-01-12T06,2022-01-12T12,6,temperature,7.0,13.506261427571534,30.818903593839696,-1.2627925796511414,4.229056994059266
k2_w128_d16,2022-01-12T06,2022-01-12T12,6,temperature,10.0,8.334959330544239,16.35444165547851,-0.1938284228597488,2.8841671656946506
k2_w128_d16,2022-01-12T06,2022-01-12T12,6,temperature,20.0,4.426210649867251,9.814305693050446,0.6853404568663367,-2.1010017328144417
k2_w128_d16,2022-01-12T06,2022-01-12T12,6,temperature,30.0,3.713715711574525,11.223514760731476,0.8745109528501275,-2.637761307551473
k2_w128_d16,2022-01-12T06,2022-01-12T12,6,geopotential,1.0,925621289.5964489,8694750.086303197,-30212.11087892472,63.51184819900256
k2_w128_d16,2022-01-12T06,2022-01-12T12,6,geopotential,2.0,430183230.35423946,3547304.2592927744,-20593.174846491296,429.27064220087874
k2_w128_d16,2022-01-12T06,2022-01-12T12,6,geopotential,3.0,243666308.76942816,1911323.5230345165,-15503.040696336424,-145.46428173081722
k2_w128_d16,2022-01-12T06,2022-01-12T12,6,geopotential,5.0,91874159.0108349,1042147.1037555535,-9511.150321655236,280.8845099488451
k2_w128_d16,2022-01-12T06,2022-01-12T12,6,geopotential,7.0,36946496.37387565,632198.6957198551,-6021.861631891952,254.07845093630965
k2_w128_d16,2022-01-12T06,2022-01-12T12,6,geopotential,10.0,8083826.054091824,377575.3719045874,-2789.0089042081686,101.23081507164565
k2_w128_d16,2022-01-12T06,2022-01-12T12,6,geopotential,20.0,1788827.5343846572,213576.0520623633,1306.7955759496142,144.00613483408097
k2_w128_d16,2022-01-12T06,2022-01-12T12,6,geopotential,30.0,3120793.9291819907,237607.8151851248,1749.735578684115,299.32344171873666
k2_w128_d16,2022-01-12T06,2022-01-12T12,6,geopotential,500.0,1348.1002595509794,23438.013950857443,-9.155152880381149,-40.39044726362445
k2_w128_d16,2022-01-12T06,2022-01-12T12,6,u_component_of_wind,1.0,410.53800982901885,474.2929646100607,-1.479981435450215,-4.4624753653422715
k2_w128_d16,2022-01-12T06,2022-01-12T12,6,u_component_of_wind,2.0,229.79395867052756,246.25607666138794,1.0266553348763339,5.0508416579870925
k2_w128_d16,2022-01-12T06,2022-01-12T12,6,u_component_of_wind,3.0,140.86714642574276,149.12640881283653,-1.9625184314839599,2.5683538234426395
k2_w128_d16,2022-01-12T06,2022-01-12T12,6,u_component_of_wind,5.0,117.20384653928366,144.7258031548618,-2.272801997301943,2.7492642748941507
k2_w128_d16,2022-01-12T06,2022-01-12T12,6,u_component_of_wind,7.0,126.03462519476601,160.96086561058215,-4.223045748411591,0.09003288590590554
k2_w128_d16,2022-01-12T06,2022-01-12T12,6,u_component_of_wind,10.0,132.53184444194872,215.31599328649762,-5.000606838440602,-3.180475101545859
k2_w128_d16,2022-01-12T06,2022-01-12T12,6,u_component_of_wind,20.0,26.358559124498257,57.35697306606495,1.257808092499202,4.361489368371463
k2_w128_d16,2022-01-12T06,2022-01-12T12,6,u_component_of_wind,30.0,23.74305300034078,41.26178870592572,1.3798615918163164,2.50959131026997
k2_w128_d16,2022-01-12T06,2022-01-12T12,6,v_component_of_wind,1.0,132.37781494189045,171.65172309089584,-0.24606071943893,1.258273228645968
k2_w128_d16,2022-01-12T06,2022-01-12T12,6,v_component_of_wind,2.0,100.04883006712994,108.56026138103952,0.5897688596031336,0.048245526616106746
k2_w128_d16,2022-01-12T06,2022-01-12T12,6,v_component_of_wind,3.0,59.51020091083406,68.27786420309198,0.9424691267696284,-0.583222892238772
k2_w128_d16,2022-01-12T06,2022-01-12T12,6,v_component_of_wind,5.0,28.500610886304344,37.44298459530752,0.05402646079427233,-1.5812711043033976
k2_w128_d16,2022-01-12T06,2022-01-12T12,6,v_component_of_wind,7.0,23.022773788554353,36.62741762465771,-0.2479083875348158,-2.626016699870338
k2_w128_d16,2022-01-12T06,2022-01-12T12,6,v_component_of_wind,10.0,16.011629200687292,29.504698456958884,-0.2094861129156785,-3.0579399804367506
k2_w128_d16,2022-01-12T06,2022-01-12T12,6,v_component_of_wind,20.0,8.25805867589565,27.232333133641255,-0.40229719710861633,-3.949317457428175
k2_w128_d16,2022-01-12T06,2022-01-12T12,6,v_component_of_wind,30.0,8.012382187584215,12.067565292388366,-0.3155001207986633,1.5968820755735424
k2_w128_d16,2022-01-12T06,2022-01-12T12,6,specific_humidity,1.0,7.77577366280906e-13,1.785389007392763e-13,-8.646981039144804e-07,-3.731355905769237e-07
k2_w128_d16,2022-01-12T06,2022-01-12T12,6,specific_humidity,2.0,3.9461019602301057e-13,3.487852818959936e-14,-6.103841474154757e-07,-1.182314161860007e-07
k2_w128_d16,2022-01-12T06,2022-01-12T12,6,specific_humidity,3.0,3.08078754036883e-13,2.7049076174453265e-14,-5.284573085962458e-07,-3.9357318075612456e-08
k2_w128_d16,2022-01-12T06,2022-01-12T12,6,specific_humidity,5.0,2.147234540608036e-13,3.997903189391066e-14,-4.2267344465388737e-07,8.82663408123001e-08
k2_w128_d16,2022-01-12T06,2022-01-12T12,6,specific_humidity,7.0,1.4771293448387094e-13,5.040310403513372e-14,-3.419213837533509e-07,1.5502110661436299e-07
k2_w128_d16,2022-01-12T06,2022-01-12T12,6,specific_humidity,10.0,7.20251500679478e-14,8.961941032555795e-14,-2.2857163070408335e-07,2.712614897929361e-07
k2_w128_d16,2022-01-12T06,2022-01-12T12,6,specific_humidity,20.0,1.1347517701217705e-14,1.3513686905536882e-13,-2.0391995251637564e-08,3.5512823692918025e-07
k2_w128_d16,2022-01-12T06,2022-01-12T12,6,specific_humidity,30.0,6.724348150902345e-15,3.6986892739417136e-14,3.409219019228387e-08,1.7168490616950915e-07
k2_w128_d16,2022-01-12T06,2022-01-12T12,6,specific_cloud_ice_water_content,1.0,2.1608854727959598e-12,4.121418977277889e-12,6.249380112386565e-07,9.154906674341079e-07
k2_w128_d16,2022-01-12T06,2022-01-12T12,6,specific_cloud_ice_water_content,2.0,2.1148069934808473e-12,3.945476240881871e-12,5.84891454766291e-07,8.203266274565348e-07
k2_w128_d16,2022-01-12T06,2022-01-12T12,6,specific_cloud_ice_water_content,3.0,2.1103828397631542e-12,3.991073881926561e-12,5.730301645646315e-07,8.375495595446211e-07
k2_w128_d16,2022-01-12T06,2022-01-12T12,6,specific_cloud_ice_water_content,5.0,2.0897552021169937e-12,3.8620193050337795e-12,5.59403635106865e-07,7.650093452771745e-07
k2_w128_d16,2022-01-12T06,2022-01-12T12,6,specific_cloud_ice_water_content,7.0,2.1008721229417635e-12,4.008248549424589e-12,5.678591688469931e-07,8.455382540339142e-07
k2_w128_d16,2022-01-12T06,2022-01-12T12,6,specific_cloud_ice_water_content,10.0,2.1288467394511227e-12,3.946236668893338e-12,5.989058641884953e-07,8.176589717183505e-07
k2_w128_d16,2022-01-12T06,2022-01-12T12,6,specific_cloud_ice_water_content,20.0,1.530429513889738e-12,2.915000495621107e-12,3.5230185639027377e-07,7.326881413951988e-07
k2_w128_d16,2022-01-12T06,2022-01-12T12,6,specific_cloud_ice_water_content,30.0,9.920350237347366e-13,1.9498364308210344e-12,-1.263036154164204e-07,5.798021624278277e-07
k2_w128_d16,2022-01-12T06,2022-01-12T12,6,specific_cloud_liquid_water_content,1.0,7.979284234653942e-12,2.7311091075173253e-11,8.33842224596213e-07,-9.458483791206461e-07
k2_w128_d16,2022-01-12T06,2022-01-12T12,6,specific_cloud_liquid_water_content,2.0,7.981033776038917e-12,2.6857065900751556e-11,8.588745970862225e-07,-5.770900656522897e-07
k2_w128_d16,2022-01-12T06,2022-01-12T12,6,specific_cloud_liquid_water_content,3.0,7.906861826751056e-12,2.676909244385099e-11,8.15433013845423e-07,-5.742424205126668e-07
k2_w128_d16,2022-01-12T06,2022-01-12T12,6,specific_cloud_liquid_water_content,5.0,7.968268860846277e-12,2.6744391137414776e-11,8.480239406565039e-07,-4.833881929787697e-07
k2_w128_d16,2022-01-12T06,2022-01-12T12,6,specific_cloud_liquid_water_content,7.0,8.04686322837705e-12,2.6824092535890053e-11,8.883362744339773e-07,-6.172024999068085e-07
k2_w128_d16,2022-01-12T06,2022-01-12T12,6,specific_cloud_liquid_water_content,10.0,7.906743579198557e-12,2.6535165284630972e-11,8.214797803735993e-07,-6.012316551695415e-07
k2_w128_d16,2022-01-12T06,2022-01-12T12,6,specific_cloud_liquid_water_content,20.0,6.115018760535303e-12,2.0895951331410173e-11,8.133344241100259e-07,-9.324605022474207e-07
k2_w128_d16,2022-01-12T06,2022-01-12T12,6,specific_cloud_liquid_water_content,30.0,4.144636381406741e-12,1.4045642135505758e-11,8.047356935272746e-07,-3.031956774550417e-07
k2_w128_d16,2022-01-12T06,2022-01-12T18,12,temperature,1.0,99.83499740822803,86.94938689111656,-5.865158742702691,1.2119161644679828
k2_w128_d16,2022-01-12T06,2022-01-12T18,12,temperature,2.0,55.77937535575964,127.80071983424267,-3.923006864827619,8.650278159572345
k2_w128_d16,2022-01-12T06,2022-01-12T18,12,temperature,3.0,33.99525200571661,110.49064536514105,-2.4593999349060076,8.726827546920518
k2_w128_d16,2022-01-12T06,2022-01-12T18,12,temperature,5.0,16.613409276017972,48.63663907115573,-1.696624847191142,5.417912480911213
k2_w128_d16,2022-01-12T06,2022-01-12T18,12,temperature,7.0,13.048799212604203,43.8617316194203,-1.187131617386355,5.197852424784845
k2_w128_d16,2022-01-12T06,2022-01-12T18,12,temperature,10.0,7.992032297022602,33.89237427831597,-0.4253829787611261,4.187544839029107
k2_w128_d16,2022-01-12T06,2022-01-12T18,12,temperature,20.0,4.060376898900676,13.085183663523726,0.5540329745729837,-1.2073407902833009
k2_w128_d16,2022-01-12T06,2022-01-12T18,12,temperature,30.0,3.30528291186893,11.356940542483608,0.8173511372835198,-1.7576448640819222
k2_w128_d16,2022-01-12T06,2022-01-12T18,12,geopotential,1.0,930213999.0846089,11170227.761204775,-30313.102784222363,-384.4940988594221
k2_w128_d16,2022-01-12T06,2022-01-12T18,12,geopotential,2.0,433378427.3542832,4966832.977441158,-20683.85014275636,142.26425749694874
k2_w128_d16,2022-01-12T06,2022-01-12T18,12,geopotential,3.0,245628496.0799355,3098166.9940786534,-15574.348786939128,-225.07244039346955
k2_w128_d16,2022-01-12T06,2022-01-12T18,12,geopotential,5.0,92444715.09888768,1729864.9175476944,-9546.145229884385,291.0308012082294
k2_w128_d16,2022-01-12T06,2022-01-12T18,12,geopotential,7.0,37129142.928191036,1156341.96075179,-6042.277078739593,298.2116929423296
k2_w128_d16,2022-01-12T06,2022-01-12T18,12,geopotential,10.0,8083513.149950653,813050.5160147771,-2796.2192140889624,215.95535072577223
k2_w128_d16,2022-01-12T06,2022-01-12T18,12,geopotential,20.0,1818253.0691409535,536852.5919055043,1321.8951558560013,309.384930521811
k2_w128_d16,2022-01-12T06,2022-01-12T18,12,geopotential,30.0,3192637.559269274,588760.2494864429,1770.571013234787,503.899670408425
k2_w128_d16,2022-01-12T06,2022-01-12T18,12,geopotential,500.0,1395.1390502626782,79526.16489266272,-5.895797809329368,-53.02015690427756
k2_w128_d16,2022-01-12T06,2022-01-12T18,12,u_component_of_wind,1.0,406.99371655943423,553.6964083873786,-0.7828699552367109,-4.38598646981494
k2_w128_d16,2022-01-12T06,2022-01-12T18,12,u_component_of_wind,2.0,215.07173441941907,297.8116481967814,1.388048216773179,4.8792868658530635
k2_w128_d16,2022-01-12T06,2022-01-12T18,12,u_component_of_wind,3.0,131.10121757352522,185.3360328103152,-1.9934940778589092,2.5132026749819425
k2_w128_d16,2022-01-12T06,2022-01-12T18,12,u_component_of_wind,5.0,111.98890211165367,219.88451888813648,-1.2475286068947125,4.004790261342678
k2_w128_d16,2022-01-12T06,2022-01-12T18,12,u_component_of_wind,7.0,115.80998498054913,206.96686442944278,-3.9703754753061373,1.830875916188567
k2_w128_d16,2022-01-12T06,2022-01-12T18,12,u_component_of_wind,10.0,129.18325835360227,228.7581328654204,-4.923134184969124,-0.9318770289820031
k2_w128_d16,2022-01-12T06,2022-01-12T18,12,u_component_of_wind,20.0,25.810823299019134,90.49180158627046,1.268415192158705,5.506136984353297
k2_w128_d16,2022-01-12T06,2022-01-12T18,12,u_component_of_wind,30.0,24.299544808172268,95.08255412249603,1.4590556915473898,2.633293378610738
k2_w128_d16,2022-01-12T06,2022-01-12T18,12,v_component_of_wind,1.0,172.42105115397203,250.57099860848746,-0.39820329223673223,0.30794725274626056
k2_w128_d16,2022-01-12T06,2022-01-12T18,12,v_component_of_wind,2.0,77.36238758905237,140.26460598680697,-0.12530531996189778,-2.2987001723355993
k2_w128_d16,2022-01-12T06,2022-01-12T18,12,v_component_of_wind,3.0,49.57377003366375,105.13992090455368,0.3812464640962022,-3.2125078374971605
k2_w128_d16,2022-01-12T06,2022-01-12T18,12,v_component_of_wind,5.0,35.97455731765861,69.26222099770246,0.792401682019946,-2.537120350366761
k2_w128_d16,2022-01-12T06,2022-01-12T18,12,v_component_of_wind,7.0,27.08350105783214,67.47342803250365,0.25961828092359013,-3.7570238101270954
k2_w128_d16,2022-01-12T06,2022-01-12T18,12,v_component_of_wind,10.0,15.443018539827452,55.605981824362644,-0.10428653352991114,-4.405515820760176
k2_w128_d16,2022-01-12T06,2022-01-12T18,12,v_component_of_wind,20.0,9.341645241890781,34.81710458568301,-0.33882011554954516,-4.061314350593131
k2_w128_d16,2022-01-12T06,2022-01-12T18,12,v_component_of_wind,30.0,7.584124167842715,30.496852500360397,-0.5299656669707768,2.84795717681218
k2_w128_d16,2022-01-12T06,2022-01-12T18,12,specific_humidity,1.0,7.748392463813943e-13,1.8292925857105808e-13,-8.630465956566614e-07,-3.7496253601800316e-07
k2_w128_d16,2022-01-12T06,2022-01-12T18,12,specific_humidity,2.0,3.9245770709719937e-13,3.6740929913187965e-14,-6.084115933826147e-07,-1.2077147023448773e-07
k2_w128_d16,2022-01-12T06,2022-01-12T18,12,specific_humidity,3.0,3.0571924264295976e-13,2.7613431406327068e-14,-5.265425236769559e-07,-4.346438331174694e-08
k2_w128_d16,2022-01-12T06,2022-01-12T18,12,specific_humidity,5.0,2.140794775005965e-13,3.8499230595937776e-14,-4.2205967053104606e-07,8.178557572989028e-08
k2_w128_d16,2022-01-12T06,2022-01-12T18,12,specific_humidity,7.0,1.4612178613747281e-13,4.9176930094172494e-14,-3.395374963133473e-07,1.5340287735373953e-07
k2_w128_d16,2022-01-12T06,2022-01-12T18,12,specific_humidity,10.0,7.17199359386504e-14,8.80098488336125e-14,-2.2756662837228e-07,2.7069514922283053e-07
k2_w128_d16,2022-01-12T06,2022-01-12T18,12,specific_humidity,20.0,1.147935134397428e-14,1.3438243168915626e-13,-1.9203316638691302e-08,3.543702418145455e-07
k2_w128_d16,2022-01-12T06,2022-01-12T18,12,specific_humidity,30.0,6.764570777652161e-15,3.544711224536633e-14,3.451402044005162e-08,1.703448593214253e-07
k2_w128_d16,2022-01-12T06,2022-01-12T18,12,specific_cloud_ice_water_content,1.0,1.7502894628474765e-12,4.6474803769873406e-11,4.599681956582208e-07,-3.6009913926481395e-07
k2_w128_d16,2022-01-12T06,2022-01-12T18,12,specific_cloud_ice_water_content,2.0,1.719950844660354e-12,4.705759120285305e-11,4.2008600252878245e-07,-4.715438554754794e-07
k2_w128_d16,2022-01-12T06,2022-01-12T18,12,specific_cloud_ice_water_content,3.0,1.721686308815137e-12,4.664820499259669e-11,4.083391593010933e-07,-4.5035254058524265e-07
k2_w128_d16,2022-01-12T06,2022-01-12T18,12,specific_cloud_ice_water_content,5.0,1.7020653427600025e-12,4.693042969917617e-11,3.940115559357236e-07,-5.206740933949893e-07
k2_w128_d16,2022-01-12T06,2022-01-12T18,12,specific_cloud_ice_water_content,7.0,1.7105812781601875e-12,4.6710384752994837e-11,4.029365305463472e-07,-4.391073391410425e-07
k2_w128_d16,2022-01-12T06,2022-01-12T18,12,specific_cloud_ice_water_content,10.0,1.7303191288329257e-12,4.6697520630276434e-11,4.3380024859936e-07,-4.618764181591076e-07
k2_w128_d16,2022-01-12T06,2022-01-12T18,12,specific_cloud_ice_water_content,20.0,1.2688849697733145e-12,3.1545216481955105e-11,2.015103858850064e-07,-7.637694460247564e-07
k2_w128_d16,2022-01-12T06,2022-01-12T18,12,specific_cloud_ice_water_content,30.0,9.105448558837499e-13,2.272587292771932e-11,-2.542975130395014e-07,-1.2924423891663357e-06
k2_w128_d16,2022-01-12T06,2022-01-12T18,12,specific_cloud_liquid_water_content,1.0,6.103265738156491e-12,2.712218612261581e-10,7.203405804337801e-07,-3.0918466012634024e-06
k2_w128_d16,2022-01-12T06,2022-01-12T18,12,specific_cloud_liquid_water_content,2.0,6.1103240756434085e-12,2.6898043906563625e-10,7.476748228659767e-07,-2.762587414798577e-06
k2_w128_d16,2022-01-12T06,2022-01-12T18,12,specific_cloud_liquid_water_content,3.0,6.0440009761989186e-12,2.6901401472642705e-10,7.05227456012611e-07,-2.7726632358757333e-06
k2_w128_d16,2022-01-12T06,2022-01-12T18,12,specific_cloud_liquid_water_content,5.0,6.083122436244493e-12,2.690383274906062e-10,7.345543967853769e-07,-2.708988923613266e-06
k2_w128_d16,2022-01-12T06,2022-01-12T18,12,specific_cloud_liquid_water_content,7.0,6.1669797196221485e-12,2.6938891180444864e-10,7.759722179994056e-07,-2.807189979549734e-06
k2_w128_d16,2022-01-12T06,2022-01-12T18,12,specific_cloud_liquid_water_content,10.0,6.045335919779758e-12,2.695018450856954e-10,7.122817791571884e-07,-2.7991855249203354e-06
k2_w128_d16,2022-01-12T06,2022-01-12T18,12,specific_cloud_liquid_water_content,20.0,4.643391702320469e-12,1.849132263919978e-10,7.231010267100885e-07,-3.7955766351384655e-06
k2_w128_d16,2022-01-12T06,2022-01-12T18,12,specific_cloud_liquid_water_content,30.0,3.128854967704959e-12,1.0997360509667373e-10,7.485610676677122e-07,-4.651852229879184e-06
k2_w128_d16,2022-01-12T12,2022-01-12T18,6,temperature,1.0,99.5870829930357,77.16600592811588,-5.819206006367205,1.1193334415137899
k2_w128_d16,2022-01-12T12,2022-01-12T18,6,temperature,2.0,56.54169477445547,115.17735114656466,-3.8239022188345944,7.811525230048115
k2_w128_d16,2022-01-12T12,2022-01-12T18,6,temperature,3.0,34.41081041338337,93.53518244076336,-2.366296523164578,7.721325677013125
k2_w128_d16,2022-01-12T12,2022-01-12T18,6,temperature,5.0,16.38052092713758,34.86875881970092,-1.583806761090218,4.304498998960039
k2_w128_d16,2022-01-12T12,2022-01-12T18,6,temperature,7.0,12.429065512281381,31.1423625549412,-1.0533950683409863,4.275232517344217
k2_w128_d16,2022-01-12T12,2022-01-12T18,6,temperature,10.0,7.796552580978942,16.22529219243403,-0.31618587578324914,2.856625701031118
k2_w128_d16,2022-01-12T12,2022-01-12T18,6,temperature,20.0,4.1380965440318604,10.220684222399388,0.5879493360501407,-2.1373388025696385
k2_w128_d16,2022-01-12T12,2022-01-12T18,6,temperature,30.0,3.3994947144654675,11.388264339657699,0.8246160489457242,-2.6431476506160867
k2_w128_d16,2022-01-12T12,2022-01-12T18,6,geopotential,1.0,923345484.2837591,9148765.984435007,-30193.263072578942,210.15362730513561
k2_w128_d16,2022-01-12T12,2022-01-12T18,6,geopotential,2.0,429335419.55677813,3936400.265486086,-20583.725063757716,528.4204711084147
k2_w128_d16,2022-01-12T12,2022-01-12T18,6,geopotential,3.0,242904547.8552501,1962258.59062694,-15487.054781560502,-63.46717147776309
k2_w128_d16,2022-01-12T12,2022-01-12T18,6,geopotential,5.0,91085638.91882393,1036413.080899846,-9476.022209292205,366.2647534557454
k2_w128_d16,2022-01-12T12,2022-01-12T18,6,geopotential,7.0,36431653.24103948,607907.3925752484,-5985.248050240042,330.2621133816965
k2_w128_d16,2022-01-12T12,2022-01-12T18,6,geopotential,10.0,7831583.547514053,345136.2415230364,-2750.9712109057955,166.68409591542533
k2_w128_d16,2022-01-12T12,2022-01-12T18,6,geopotential,20.0,1886857.2378374203,213038.80897348258,1346.9202919365355,183.3088108350539
k2_w128_d16,2022-01-12T12,2022-01-12T18,6,geopotential,30.0,3254403.783939741,259272.60321083342,1787.5661288950982,329.8736841390047
k2_w128_d16,2022-01-12T12,2022-01-12T18,6,geopotential,500.0,617.4778941201585,21037.608469248305,-4.4954028543214655,-32.10866326264946
k2_w128_d16,2022-01-12T12,2022-01-12T18,6,u_component_of_wind,1.0,399.9498879197049,452.91812370992517,-0.8592330669715528,-4.283917412652679
k2_w128_d16,2022-01-12T12,2022-01-12T18,6,u_component_of_wind,2.0,210.08699052654055,238.23703580786187,1.371189148089698,4.97353656774093
k2_w128_d16,2022-01-12T12,2022-01-12T18,6,u_component_of_wind,3.0,128.54008964540344,144.34108653333382,-1.9938604520569017,2.1356397270357714
k2_w128_d16,2022-01-12T12,2022-01-12T18,6,u_component_of_wind,5.0,111.10210459916532,168.2047569296617,-1.1865780326720974,3.329543513955935
k2_w128_d16,2022-01-12T12,2022-01-12T18,6,u_component_of_wind,7.0,116.16215845105012,167.07823672095495,-3.9532637509692305,-0.11407667408091168
k2_w128_d16,2022-01-12T12,2022-01-12T18,6,u_component_of_wind,10.0,134.05859630446867,228.19686384972698,-4.988069227269306,-3.603416964616234
k2_w128_d16,2022-01-12T12,2022-01-12T18,6,u_component_of_wind,20.0,23.96065203034194,55.52490100348787,1.0679307547556336,4.150325412635907
k2_w128_d16,2022-01-12T12,2022-01-12T18,6,u_component_of_wind,30.0,23.097524488924112,42.82763887714912,1.2696116846768908,2.6021675254576584
k2_w128_d16,2022-01-12T12,2022-01-12T18,6,v_component_of_wind,1.0,167.09104710456646,178.3877419725441,-0.4777569578408515,1.3109526109246983
k2_w128_d16,2022-01-12T12,2022-01-12T18,6,v_component_of_wind,2.0,77.34249803051748,87.9139510848351,-0.2404097944686412,-0.6570818515191746
k2_w128_d16,2022-01-12T12,2022-01-12T18,6,v_component_of_wind,3.0,49.93405622186624,60.82310946195369,0.24563418421621583,-1.2524151505934817
k2_w128_d16,2022-01-12T12,2022-01-12T18,6,v_component_of_wind,5.0,35.75407671050476,35.79174817499257,0.6544530806123366,-0.9533302468762248
k2_w128_d16,2022-01-12T12,2022-01-12T18,6,v_component_of_wind,7.0,27.109127174879976,33.22817289375406,0.12938188503272816,-2.223194016472187
k2_w128_d16,2022-01-12T12,2022-01-12T18,6,v_component_of_wind,10.0,15.631628214911057,28.2442527868535,-0.21363288472253622,-3.0230877838159076
k2_w128_d16,2022-01-12T12,2022-01-12T18,6,v_component_of_wind,20.0,8.963940186804496,26.109550922704546,-0.3829480820536834,-3.820364416957439
k2_w128_d16,2022-01-12T12,2022-01-12T18,6,v_component_of_wind,30.0,7.331782868599488,10.282757471174111,-0.5232947884651431,1.5306196490474342
k2_w128_d16,2022-01-12T12,2022-01-12T18,6,specific_humidity,1.0,7.760804409390717e-13,1.7672325293082954e-13,-8.637086274807773e-07,-3.7131751446033673e-07
k2_w128_d16,2022-01-12T12,2022-01-12T18,6,specific_humidity,2.0,3.932469107780402e-13,3.508065842786118e-14,-6.090338000383963e-07,-1.1605473899731583e-07
k2_w128_d16,2022-01-12T12,2022-01-12T18,6,specific_humidity,3.0,3.065787721703268e-13,2.7165762684387163e-14,-5.272072492288746e-07,-3.712550461914736e-08
k2_w128_d16,2022-01-12T12,2022-01-12T18,6,specific_humidity,5.0,2.1476273759424172e-13,4.0397555285379295e-14,-4.226779051710769e-07,8.9065977182774e-08
k2_w128_d16,2022-01-12T12,2022-01-12T18,6,specific_humidity,7.0,1.4659224082014053e-13,5.142758369831659e-14,-3.4014934642862413e-07,1.5746559377061845e-07
k2_w128_d16,2022-01-12T12,2022-01-12T18,6,specific_humidity,10.0,7.186215943281656e-14,9.030841830248738e-14,-2.281697008318549e-07,2.7242791848427243e-07
k2_w128_d16,2022-01-12T12,2022-01-12T18,6,specific_humidity,20.0,1.1410073599204566e-14,1.366804338256704e-13,-1.966916723245535e-08,3.5692276669080124e-07
k2_w128_d16,2022-01-12T12,2022-01-12T18,6,specific_humidity,30.0,6.690417429264363e-15,3.7785069390603594e-14,3.455932220513673e-08,1.7378675034485606e-07
k2_w128_d16,2022-01-12T12,2022-01-12T18,6,specific_cloud_ice_water_content,1.0,2.208191469465231e-12,4.170839345664942e-12,6.158043195092774e-07,8.321967652696612e-07
k2_w128_d16,2022-01-12T12,2022-01-12T18,6,specific_cloud_ice_water_content,2.0,2.1650955908736553e-12,3.998613692979616e-12,5.763985579569607e-07,7.358027250871036e-07
k2_w128_d16,2022-01-12T12,2022-01-12T18,6,specific_cloud_ice_water_content,3.0,2.1623596374343452e-12,4.0525724607475676e-12,5.642266648061757e-07,7.555510759333422e-07
k2_w128_d16,2022-01-12T12,2022-01-12T18,6,specific_cloud_ice_water_content,5.0,2.139959669940572e-12,3.93453080848641e-12,5.505988791119165e-07,6.814596826096149e-07
k2_w128_d16,2022-01-12T12,2022-01-12T18,6,specific_cloud_ice_water_content,7.0,2.1505788443943707e-12,4.066576956135247e-12,5.592670733927737e-07,7.613668999153804e-07
k2_w128_d16,2022-01-12T12,2022-01-12T18,6,specific_cloud_ice_water_content,10.0,2.1782494403152636e-12,4.012433032731533e-12,5.899697221507413e-07,7.340560766875392e-07
k2_w128_d16,2022-01-12T12,2022-01-12T18,6,specific_cloud_ice_water_content,20.0,1.5569201979752179e-12,2.9655720546389123e-12,3.4739658764250817e-07,6.660123485519781e-07
k2_w128_d16,2022-01-12T12,2022-01-12T18,6,specific_cloud_ice_water_content,30.0,9.962270223882432e-13,1.997354404559185e-12,-1.247039347026076e-07,5.443331725564464e-07
k2_w128_d16,2022-01-12T12,2022-01-12T18,6,specific_cloud_liquid_water_content,1.0,7.356216078464422e-12,2.681248606331697e-11,7.85164587757817e-07,-1.0763298390066826e-06
k2_w128_d16,2022-01-12T12,2022-01-12T18,6,specific_cloud_liquid_water_content,2.0,7.355114143861578e-12,2.6205456017235187e-11,8.094037763812417e-07,-7.076619991365789e-07
k2_w128_d16,2022-01-12T12,2022-01-12T18,6,specific_cloud_liquid_water_content,3.0,7.286946079210396e-12,2.612620393515087e-11,7.667141788664084e-07,-7.03878089836484e-07
k2_w128_d16,2022-01-12T12,2022-01-12T18,6,specific_cloud_liquid_water_content,5.0,7.332131087944907e-12,2.607134594091989e-11,7.99988355926103e-07,-6.10169076195564e-07
k2_w128_d16,2022-01-12T12,2022-01-12T18,6,specific_cloud_liquid_water_content,7.0,7.42006537464288e-12,2.6214899325998355e-11,8.401603032496307e-07,-7.475953137261431e-07
k2_w128_d16,2022-01-12T12,2022-01-12T18,6,specific_cloud_liquid_water_content,10.0,7.28887916564111e-12,2.592607160470184e-11,7.736380450624688e-07,-7.300832677277825e-07
k2_w128_d16,2022-01-12T12,2022-01-12T18,6,specific_cloud_liquid_water_content,20.0,5.538430508107559e-12,2.047373529293993e-11,7.468300929534097e-07,-1.0722681802517408e-06
k2_w128_d16,2022-01-12T12,2022-01-12T18,6,specific_cloud_liquid_water_content,30.0,3.699821386392305e-12,1.3795211753086431e-11,6.950655877912409e-07,-4.6433423347476724e-07
k2_w128_d16,2022-01-12T12,2022-01-13T00,12,temperature,1.0,109.09240596666363,91.17657589965341,-6.067555499050833,1.0969420365582168
k2_w128_d16,2022-01-12T12,2022-01-13T00,12,temperature,2.0,59.837991364783306,135.96937989907292,-3.967849983146319,8.685238400438838
k2_w128_d16,2022-01-12T12,2022-01-13T00,12,temperature,3.0,31.224744339036835,109.83255776548955,-2.4403393784282383,8.763066586272693
k2_w128_d16,2022-01-12T12,2022-01-13T00,12,temperature,5.0,15.483653289856836,46.80085253274129,-1.692623850580933,5.374382642779159
k2_w128_d16,2022-01-12T12,2022-01-13T00,12,temperature,7.0,12.949429824099717,43.86402669102298,-1.154094967996703,5.157872685809852
k2_w128_d16,2022-01-12T12,2022-01-13T00,12,temperature,10.0,8.469445478190103,32.77725804105254,-0.41182572984470234,4.023728653222827
k2_w128_d16,2022-01-12T12,2022-01-13T00,12,temperature,20.0,4.422006429019898,12.902040772622282,0.5829339656891945,-1.3258853315921484
k2_w128_d16,2022-01-12T12,2022-01-13T00,12,temperature,30.0,3.028854032068299,11.311996509547782,0.8117867018284289,-1.8325714793196157
k2_w128_d16,2022-01-12T12,2022-01-13T00,12,geopotential,1.0,927680048.4737651,12895706.444608266,-30256.3283410824,-223.81584944456472
k2_w128_d16,2022-01-12T12,2022-01-13T00,12,geopotential,2.0,431329676.31956416,5675581.178743333,-20629.69007663809,251.33615388471364
k2_w128_d16,2022-01-12T12,2022-01-13T00,12,geopotential,3.0,244290154.6508882,3292593.4445694857,-15530.382673774235,-142.65755209977823
k2_w128_d16,2022-01-12T12,2022-01-13T00,12,geopotential,5.0,91837432.95546637,1754122.114108619,-9515.63393301795,343.49369627024396
k2_w128_d16,2022-01-12T12,2022-01-13T00,12,geopotential,7.0,36842350.15115443,1107316.4088862985,-6020.626383168219,333.43103304057325
k2_w128_d16,2022-01-12T12,2022-01-13T00,12,geopotential,10.0,7983435.057242332,764443.673689045,-2780.985065265971,241.76240447247108
k2_w128_d16,2022-01-12T12,2022-01-13T00,12,geopotential,20.0,1837904.785424983,527964.7464936537,1326.1678202593253,326.28508022873024
k2_w128_d16,2022-01-12T12,2022-01-13T00,12,geopotential,30.0,3205724.788771891,606294.7390842991,1773.3193834839685,526.1114613085706
k2_w128_d16,2022-01-12T12,2022-01-13T00,12,geopotential,500.0,1357.0305038612785,85322.47573505144,-8.140920778915453,-42.567106936326994
k2_w128_d16,2022-01-12T12,2022-01-13T00,12,u_component_of_wind,1.0,417.01458458789807,566.1178691718139,-0.9459115989400786,-4.712955323892497
k2_w128_d16,2022-01-12T12,2022-01-13T00,12,u_component_of_wind,2.0,211.35162749017326,291.53791775675717,1.190780659487642,4.4647135297784635
k2_w128_d16,2022-01-12T12,2022-01-13T00,12,u_component_of_wind,3.0,117.59089816873686,179.1849644334,-2.357350281394173,1.9302367744760536
k2_w128_d16,2022-01-12T12,2022-01-13T00,12,u_component_of_wind,5.0,106.1765004818149,217.52768199147712,-1.3674154473932785,3.5651432638582516
k2_w128_d16,2022-01-12T12,2022-01-13T00,12,u_component_of_wind,7.0,112.07845016583617,214.45479909498448,-3.6719324202987935,1.761907533933734
k2_w128_d16,2022-01-12T12,2022-01-13T00,12,u_component_of_wind,10.0,134.6849066404929,241.6520557316109,-5.302512715858032,-1.6211863725929945
k2_w128_d16,2022-01-12T12,2022-01-13T00,12,u_component_of_wind,20.0,24.145743430384965,90.75699865994127,1.2043892915409704,5.551955789678809
k2_w128_d16,2022-01-12T12,2022-01-13T00,12,u_component_of_wind,30.0,23.96621511110751,97.43874433943473,1.6750955188151893,3.2036041488653355
k2_w128_d16,2022-01-12T12,2022-01-13T00,12,v_component_of_wind,1.0,162.49163681114004,268.274724860961,-0.8403045523855834,-0.2955353835815423
k2_w128_d16,2022-01-12T12,2022-01-13T00,12,v_component_of_wind,2.0,83.53251638151292,149.27532256177096,0.05670578530912242,-2.3040633865283997
k2_w128_d16,2022-01-12T12,2022-01-13T00,12,v_component_of_wind,3.0,56.14937838190886,124.88141323833385,-0.10417761928042941,-3.8906773473381606
k2_w128_d16,2022-01-12T12,2022-01-13T00,12,v_component_of_wind,5.0,32.13891031647675,83.91311957126196,-0.34923007578841614,-3.8467898614375526
k2_w128_d16,2022-01-12T12,2022-01-13T00,12,v_component_of_wind,7.0,25.39715399527691,71.35200815384522,-0.019545574668666375,-4.1536851461836335
k2_w128_d16,2022-01-12T12,2022-01-13T00,12,v_component_of_wind,10.0,16.17587402446918,61.67386546136334,-0.15073061535332843,-4.512448558521169
k2_w128_d16,2022-01-12T12,2022-01-13T00,12,v_component_of_wind,20.0,8.971232375091983,39.14051278301203,-0.7377319378809047,-4.41624519846162
k2_w128_d16,2022-01-12T12,2022-01-13T00,12,v_component_of_wind,30.0,7.941685938844234,31.578932887795062,-0.5119300255310474,2.9662023566524045
k2_w128_d16,2022-01-12T12,2022-01-13T00,12,specific_humidity,1.0,7.719806254036861e-13,1.8028804280528448e-13,-8.613784590863906e-07,-3.722401019309994e-07
k2_w128_d16,2022-01-12T12,2022-01-13T00,12,specific_humidity,2.0,3.9256972974235697e-13,3.7499653746859525e-14,-6.082550210673832e-07,-1.196275497949101e-07
k2_w128_d16,2022-01-12T12,2022-01-13T00,12,specific_humidity,3.0,3.022783751411309e-13,2.7144975741687192e-14,-5.236755692729978e-07,-3.948834094159112e-08
k2_w128_d16,2022-01-12T12,2022-01-13T00,12,specific_humidity,5.0,2.1352137274864721e-13,3.899496820642104e-14,-4.2115813461372085e-07,8.38671619352332e-08
k2_w128_d16,2022-01-12T12,2022-01-13T00,12,specific_humidity,7.0,1.4633163726956977e-13,4.942779192063855e-14,-3.3964186024766297e-07,1.5438605847883092e-07
k2_w128_d16,2022-01-12T12,2022-01-13T00,12,specific_humidity,10.0,7.154919770553963e-14,8.990737876148609e-14,-2.262005717490944e-07,2.731510019351016e-07
k2_w128_d16,2022-01-12T12,2022-01-13T00,12,specific_humidity,20.0,1.1560993987674341e-14,1.356913703981832e-13,-1.88559208869114e-08,3.5574602335427727e-07
k2_w128_d16,2022-01-12T12,2022-01-13T00,12,specific_humidity,30.0,6.683631136787492e-15,3.5679294297805026e-14,3.441777995291131e-08,1.7089723262623067e-07
k2_w128_d16,2022-01-12T12,2022-01-13T00,12,specific_cloud_ice_water_content,1.0,1.6998101031600834e-12,4.772015232720003e-11,4.7205073713502607e-07,-6.690346136469049e-07
k2_w128_d16,2022-01-12T12,2022-01-13T00,12,specific_cloud_ice_water_content,2.0,1.670874287348066e-12,4.8324760079816223e-11,4.3298099947534745e-07,-7.808896389124325e-07
k2_w128_d16,2022-01-12T12,2022-01-13T00,12,specific_cloud_ice_water_content,3.0,1.673243942439693e-12,4.792637178379803e-11,4.2157642040582844e-07,-7.583472489097628e-07
k2_w128_d16,2022-01-12T12,2022-01-13T00,12,specific_cloud_ice_water_content,5.0,1.6525528391688218e-12,4.825733147896268e-11,4.065842130475323e-07,-8.29956088903104e-07
k2_w128_d16,2022-01-12T12,2022-01-13T00,12,specific_cloud_ice_water_content,7.0,1.6604911370986128e-12,4.7989679656238255e-11,4.154253272823201e-07,-7.472211693200345e-07
k2_w128_d16,2022-01-12T12,2022-01-13T00,12,specific_cloud_ice_water_content,10.0,1.679185816625539e-12,4.800047543623886e-11,4.463507134089511e-07,-7.711025469017294e-07
k2_w128_d16,2022-01-12T12,2022-01-13T00,12,specific_cloud_ice_water_content,20.0,1.2307347465088508e-12,3.3430606523927756e-11,2.12572255536118e-07,-9.592765837332465e-07
k2_w128_d16,2022-01-12T12,2022-01-13T00,12,specific_cloud_ice_water_content,30.0,9.018086581824024e-13,2.5861947149602924e-11,-2.519426516087915e-07,-1.256182903863293e-06
k2_w128_d16,2022-01-12T12,2022-01-13T00,12,specific_cloud_liquid_water_content,1.0,6.002758380793591e-12,3.053633380872467e-10,7.200517918419593e-07,-3.999574968997392e-06
k2_w128_d16,2022-01-12T12,2022-01-13T00,12,specific_cloud_liquid_water_content,2.0,6.010252111137167e-12,3.024662432501925e-10,7.465300154759035e-07,-3.667491651267591e-06
k2_w128_d16,2022-01-12T12,2022-01-13T00,12,specific_cloud_liquid_water_content,3.0,5.946351200926705e-12,3.023301026201191e-10,7.0482529675116e-07,-3.675425611682111e-06
k2_w128_d16,2022-01-12T12,2022-01-13T00,12,specific_cloud_liquid_water_content,5.0,5.985408659390201e-12,3.0231511042409496e-10,7.336471814578459e-07,-3.608231830398335e-06
k2_w128_d16,2022-01-12T12,2022-01-13T00,12,specific_cloud_liquid_water_content,7.0,6.0677565757168276e-12,3.0298090326564025e-10,7.743878198958674e-07,-3.711936156145362e-06
k2_w128_d16,2022-01-12T12,2022-01-13T00,12,specific_cloud_liquid_water_content,10.0,5.945010870514745e-12,3.030847089216934e-10,7.119777599889091e-07,-3.700999709331265e-06
k2_w128_d16,2022-01-12T12,2022-01-13T00,12,specific_cloud_liquid_water_content,20.0,4.561634834388794e-12,2.055269791688105e-10,7.1374162776109e-07,-4.5052126890522774e-06
k2_w128_d16,2022-01-12T12,2022-01-13T00,12,specific_cloud_liquid_water_content,30.0,3.0788530314471096e-12,1.1169222155624195e-10,7.240837270661223e-07,-4.9213492991199585e-06
k2_w128_d16,2022-01-12T18,2022-01-13T00,6,temperature,1.0,109.0306726879123,82.13331255223517,-5.9932507826730665,1.0391570046608178
k2_w128_d16,2022-01-12T18,2022-01-13T00,6,temperature,2.0,61.282273933101465,122.8592511858422,-3.837128501385777,7.939968541184626
k2_w128_d16,2022-01-12T18,2022-01-13T00,6,temperature,3.0,32.27111262103484,94.87817123545364,-2.3119794010589176,7.914214980681919
k2_w128_d16,2022-01-12T18,2022-01-13T00,6,temperature,5.0,15.993568138862114,34.44813222726541,-1.5869296248508888,4.351794419580115
k2_w128_d16,2022-01-12T18,2022-01-13T00,6,temperature,7.0,12.843846930669006,31.74188599957028,-1.0632080462212001,4.262573182217588
k2_w128_d16,2022-01-12T18,2022-01-13T00,6,temperature,10.0,8.125304258842771,15.669594469180879,-0.3543380023758619,2.7981200980162333
k2_w128_d16,2022-01-12T18,2022-01-13T00,6,temperature,20.0,4.477827256364242,10.82635779535109,0.5981293734753986,-2.1892074311386773
k2_w128_d16,2022-01-12T18,2022-01-13T00,6,temperature,30.0,3.1320657292621177,11.433278097524159,0.807122310676359,-2.6664953185899263
k2_w128_d16,2022-01-12T18,2022-01-13T00,6,geopotential,1.0,924673795.6644409,10320414.618618272,-30194.357812083384,329.49953159833746
k2_w128_d16,2022-01-12T18,2022-01-13T00,6,geopotential,2.0,429641349.7457528,4376433.590425522,-20581.175333252042,612.8318309309658
k2_w128_d16,2022-01-12T18,2022-01-13T00,6,geopotential,3.0,243245988.90784678,2116156.1446007695,-15492.1286722611,-16.073199151155464
k2_w128_d16,2022-01-12T18,2022-01-13T00,6,geopotential,5.0,91490390.75264865,1094618.538854977,-9494.701223642169,382.60376837083345
k2_w128_d16,2022-01-12T18,2022-01-13T00,6,geopotential,7.0,36730822.39717613,598815.6253990966,-6008.239310598401,324.4569119156778
k2_w128_d16,2022-01-12T18,2022-01-13T00,6,geopotential,10.0,7985454.2038751505,333364.28866292816,-2775.8020248343346,150.71650841098898
k2_w128_d16,2022-01-12T18,2022-01-13T00,6,geopotential,20.0,1824186.1779359924,218844.12132983262,1318.1970035712302,160.83271738433746
k2_w128_d16,2022-01-12T18,2022-01-13T00,6,geopotential,30.0,3159944.950231083,246419.7474681327,1760.6774981390813,318.2808739004846
k2_w128_d16,2022-01-12T18,2022-01-13T00,6,geopotential,500.0,1236.4170950584587,23947.998985924987,-9.945842063125083,-37.165672728477325
k2_w128_d16,2022-01-12T18,2022-01-13T00,6,u_component_of_wind,1.0,414.33803403677456,479.1517100517125,-0.8306966650021222,-4.663003582177376
k2_w128_d16,2022-01-12T18,2022-01-13T00,6,u_component_of_wind,2.0,213.22800621117608,242.7693261509,1.3281531829594049,4.610293097313409
k2_w128_d16,2022-01-12T18,2022-01-13T00,6,u_component_of_wind,3.0,115.9403348602097,135.46381853608136,-2.2013355523388767,1.6585324528114656
k2_w128_d16,2022-01-12T18,2022-01-13T00,6,u_component_of_wind,5.0,101.49204339219412,156.7807359248479,-1.1411107758174384,3.056123250219908
k2_w128_d16,2022-01-12T18,2022-01-13T00,6,u_component_of_wind,7.0,104.95269099176154,162.98686395890073,-3.4664524380205126,0.1620804338827664
k2_w128_d16,2022-01-12T18,2022-01-13T00,6,u_component_of_wind,10.0,129.2699732605059,224.28417939204655,-5.171001846096892,-3.8503922712691505
k2_w128_d16,2022-01-12T18,2022-01-13T00,6,u_component_of_wind,20.0,23.368535755236238,59.837596106697376,1.1600141899921772,4.471829695227579
k2_w128_d16,2022-01-12T18,2022-01-13T00,6,u_component_of_wind,30.0,22.81241058545828,44.48642544473691,1.580852874100814,3.1514125170511904
k2_w128_d16,2022-01-12T18,2022-01-13T00,6,v_component_of_wind,1.0,161.79975760787644,188.09517185756852,-0.7564608355440912,1.2071975358573874
k2_w128_d16,2022-01-12T18,2022-01-13T00,6,v_component_of_wind,2.0,83.42808792776778,91.71835073871979,0.13255975136156836,-0.11713527467555772
k2_w128_d16,2022-01-12T18,2022-01-13T00,6,v_component_of_wind,3.0,53.7665553713682,61.6622523639073,-0.031953044675350956,-1.3659333213258231
k2_w128_d16,2022-01-12T18,2022-01-13T00,6,v_component_of_wind,5.0,30.209953784325585,35.422178065305125,-0.27169228903894305,-1.7407156680976663
k2_w128_d16,2022-01-12T18,2022-01-13T00,6,v_component_of_wind,7.0,25.656957103884515,29.13708159511782,0.06533299995291228,-2.1239911783984358
k2_w128_d16,2022-01-12T18,2022-01-13T00,6,v_component_of_wind,10.0,16.377616034007175,25.986686144897917,-0.05800294147492463,-2.678595909311303
k2_w128_d16,2022-01-12T18,2022-01-13T00,6,v_component_of_wind,20.0,9.242799651302775,27.613880500769206,-0.6343309023950967,-3.9031998203106912
k2_w128_d16,2022-01-12T18,2022-01-13T00,6,v_component_of_wind,30.0,7.776233505138931,11.688097824855152,-0.4094521292245389,1.6830473440065536
k2_w128_d16,2022-01-12T18,2022-01-13T00,6,specific_humidity,1.0,7.765219422809249e-13,1.769942322746692e-13,-8.637515500898054e-07,-3.706805744468257e-07
k2_w128_d16,2022-01-12T18,2022-01-13T00,6,specific_humidity,2.0,3.954627981580134e-13,3.5571957380087404e-14,-6.106104071537285e-07,-1.1689210858772628e-07
k2_w128_d16,2022-01-12T18,2022-01-13T00,6,specific_humidity,3.0,3.0490615202603357e-13,2.6293966507747822e-14,-5.260458490576418e-07,-3.5341353784608256e-08
k2_w128_d16,2022-01-12T18,2022-01-13T00,6,specific_humidity,5.0,2.1570962553503907e-13,4.0168618821821045e-14,-4.2350997713965613e-07,8.91025526864831e-08
k2_w128_d16,2022-01-12T18,2022-01-13T00,6,specific_humidity,7.0,1.4807394022507847e-13,5.088515506340332e-14,-3.4200373851706456e-07,1.5650565555420037e-07
k2_w128_d16,2022-01-12T18,2022-01-13T00,6,specific_humidity,10.0,7.241698203857942e-14,9.050856374361222e-14,-2.284942807481441e-07,2.7273858521787704e-07
k2_w128_d16,2022-01-12T18,2022-01-13T00,6,specific_humidity,20.0,1.1289793850409396e-14,1.3608125617845613e-13,-2.083151755024145e-08,3.5622132330816094e-07
k2_w128_d16,2022-01-12T18,2022-01-13T00,6,specific_humidity,30.0,6.457218366036466e-15,3.728027272836244e-14,3.350769843130236e-08,1.7259964489130048e-07
k2_w128_d16,2022-01-12T18,2022-01-13T00,6,specific_cloud_ice_water_content,1.0,2.2126707337085358e-12,4.0357679183767086e-12,6.677981773113492e-07,7.944098934301557e-07
k2_w128_d16,2022-01-12T18,2022-01-13T00,6,specific_cloud_ice_water_content,2.0,2.1678653871775077e-12,3.881247682009702e-12,6.281385761091401e-07,6.974904797189302e-07
k2_w128_d16,2022-01-12T18,2022-01-13T00,6,specific_cloud_ice_water_content,3.0,2.1656000789928683e-12,3.931550427838761e-12,6.172697911181547e-07,7.185443523449804e-07
k2_w128_d16,2022-01-12T18,2022-01-13T00,6,specific_cloud_ice_water_content,5.0,2.139540293238044e-12,3.814412529995721e-12,6.028552131987367e-07,6.42254478713994e-07
k2_w128_d16,2022-01-12T18,2022-01-13T00,6,specific_cloud_ice_water_content,7.0,2.1512982725065034e-12,3.941621863871956e-12,6.112038860585576e-07,7.241798150754873e-07
k2_w128_d16,2022-01-12T18,2022-01-13T00,6,specific_cloud_ice_water_content,10.0,2.1814890071848674e-12,3.890472131786918e-12,6.423493756352705e-07,6.965439179590571e-07
k2_w128_d16,2022-01-12T18,2022-01-13T00,6,specific_cloud_ice_water_content,20.0,1.5624406736822548e-12,2.8619171907929293e-12,3.9291069719313916e-07,6.447596843947801e-07
k2_w128_d16,2022-01-12T18,2022-01-13T00,6,specific_cloud_ice_water_content,30.0,9.761326182788406e-13,1.8906150769894153e-12,-9.817966666853257e-08,5.494976757295805e-07
k2_w128_d16,2022-01-12T18,2022-01-13T00,6,specific_cloud_liquid_water_content,1.0,7.386129324399539e-12,2.7297227043084297e-11,7.608527734866116e-07,-1.00709985299779e-06
k2_w128_d16,2022-01-12T18,2022-01-13T00,6,specific_cloud_liquid_water_content,2.0,7.390576421958087e-12,2.6781338685180385e-11,7.849838017022557e-07,-6.350042100084829e-07
k2_w128_d16,2022-01-12T18,2022-01-13T00,6,specific_cloud_liquid_water_content,3.0,7.322543778962269e-12,2.669036786609137e-11,7.428965691705451e-07,-6.281530316184524e-07
k2_w128_d16,2022-01-12T18,2022-01-13T00,6,specific_cloud_liquid_water_content,5.0,7.373039966976394e-12,2.6655931170545196e-11,7.755890437395781e-07,-5.359715315214214e-07
k2_w128_d16,2022-01-12T18,2022-01-13T00,6,specific_cloud_liquid_water_content,7.0,7.453506117144957e-12,2.677598054890465e-11,8.145950857148937e-07,-6.770825317753261e-07
k2_w128_d16,2022-01-12T18,2022-01-13T00,6,specific_cloud_liquid_water_content,10.0,7.32757252478502e-12,2.645683228664378e-11,7.49351990399535e-07,-6.56318636243529e-07
k2_w128_d16,2022-01-12T18,2022-01-13T00,6,specific_cloud_liquid_water_content,20.0,5.6266626495835615e-12,2.080112667849099e-11,7.376552590803524e-07,-1.005968394286817e-06
k2_w128_d16,2022-01-12T18,2022-01-13T00,6,specific_cloud_liquid_water_content,30.0,3.8657407109063154e-12,1.3995504908083504e-11,7.19941180659071e-07,-4.190293747825508e-07
k2_w128_d16,2022-01-12T18,2022-01-13T06,12,temperature,1.0,104.59437800023375,87.95096439831778,-6.1494459749343156,1.2053757012570017
k2_w128_d16,2022-01-12T18,2022-01-13T06,12,temperature,2.0,65.6944042367504,138.27817829655964,-4.171512361444068,8.677699743410088
k2_w128_d16,2022-01-12T18,2022-01-13T06,12,temperature,3.0,41.729206489357125,116.52041726810121,-2.779495480212673,8.61174336576552
k2_w128_d16,2022-01-12T18,2022-01-13T06,12,temperature,5.0,20.171572732976408,48.508481868750486,-2.0329771664854093,5.246994935879532
k2_w128_d16,2022-01-12T18,2022-01-13T06,12,temperature,7.0,13.810409374482695,44.215442837200776,-1.354061986919978,5.194246811517543
k2_w128_d16,2022-01-12T18,2022-01-13T06,12,temperature,10.0,7.040336958144401,32.9299758247064,-0.2820287396011629,4.126189701956694
k2_w128_d16,2022-01-12T18,2022-01-13T06,12,temperature,20.0,4.53580641329724,11.952363869993297,0.6785671379300862,-1.1847909644442032
k2_w128_d16,2022-01-12T18,2022-01-13T06,12,temperature,30.0,3.475445151156155,11.085090036884106,0.9214844287033319,-1.6660506344444985
k2_w128_d16,2022-01-12T18,2022-01-13T06,12,geopotential,1.0,928798711.5548477,14097188.198523514,-30254.36982660713,-33.10528414621518
k2_w128_d16,2022-01-12T18,2022-01-13T06,12,geopotential,2.0,433001974.2071574,6608823.637585051,-20651.789059838968,399.5726491390407
k2_w128_d16,2022-01-12T18,2022-01-13T06,12,geopotential,3.0,245058776.85756844,3730862.3882508455,-15542.529537337778,-11.156387817490582
k2_w128_d16,2022-01-12T18,2022-01-13T06,12,geopotential,5.0,91648734.00712138,1996184.4505704609,-9498.991774170923,478.2775100620639
k2_w128_d16,2022-01-12T18,2022-01-13T06,12,geopotential,7.0,36566624.9125233,1274356.232038005,-5993.1509997486155,457.3484525157734
k2_w128_d16,2022-01-12T18,2022-01-13T06,12,geopotential,10.0,7843342.087995799,841195.1764169968,-2752.050934255949,344.8039826321003
k2_w128_d16,2022-01-12T18,2022-01-13T06,12,geopotential,20.0,1874183.8790636894,572812.0587072147,1342.871740651134,400.1972073848131
k2_w128_d16,2022-01-12T18,2022-01-13T06,12,geopotential,30.0,3249874.51779083,670717.5261698205,1787.0274675736275,590.8511617842021
k2_w128_d16,2022-01-12T18,2022-01-13T06,12,geopotential,500.0,1358.0952801021356,89616.12972534695,-5.319046407844791,-40.05424761146823
k2_w128_d16,2022-01-12T18,2022-01-13T06,12,u_component_of_wind,1.0,416.5798297031778,564.0606745897344,-1.52391569934331,-5.769110104336696
k2_w128_d16,2022-01-12T18,2022-01-13T06,12,u_component_of_wind,2.0,226.75561673354613,287.07459005363626,1.3189139100644744,4.367795636257004
k2_w128_d16,2022-01-12T18,2022-01-13T06,12,u_component_of_wind,3.0,131.98668601109372,175.82519952559323,-2.7756513472199815,1.3946005656012157
k2_w128_d16,2022-01-12T18,2022-01-13T06,12,u_component_of_wind,5.0,105.50021530202551,193.74474300865762,-1.8162545498855716,2.8094778711256048
k2_w128_d16,2022-01-12T18,2022-01-13T06,12,u_component_of_wind,7.0,110.67114838426373,199.31591765568606,-3.8127772713717754,1.3431878335748695
k2_w128_d16,2022-01-12T18,2022-01-13T06,12,u_component_of_wind,10.0,137.3338375745056,237.01784199915602,-5.416781324327076,-1.962050082453425
k2_w128_d16,2022-01-12T18,2022-01-13T06,12,u_component_of_wind,20.0,24.68177172862551,91.53992739112796,1.0789196654035014,5.456375990138591
k2_w128_d16,2022-01-12T18,2022-01-13T06,12,u_component_of_wind,30.0,24.954310912682487,103.73670359420751,1.848610875881477,3.5533267412838088
k2_w128_d16,2022-01-12T18,2022-01-13T06,12,v_component_of_wind,1.0,161.9678705997186,243.8620419271179,0.1834757311923108,-0.0486385761915062
k2_w128_d16,2022-01-12T18,2022-01-13T06,12,v_component_of_wind,2.0,88.12335130561273,150.7900111611338,0.06322727527830385,-2.878742985812682
k2_w128_d16,2022-01-12T18,2022-01-13T06,12,v_component_of_wind,3.0,51.8999656134249,113.69434351356408,-0.06897213588446438,-4.29872340155245
k2_w128_d16,2022-01-12T18,2022-01-13T06,12,v_component_of_wind,5.0,36.62773780091929,88.86414011213395,-0.0571400639529693,-3.9491012131629626
k2_w128_d16,2022-01-12T18,2022-01-13T06,12,v_component_of_wind,7.0,25.43279920718116,74.89808404956415,-0.08787560580888133,-4.594835591582442
k2_w128_d16,2022-01-12T18,2022-01-13T06,12,v_component_of_wind,10.0,17.538992962176255,63.459546409337506,-0.16479929190034298,-4.870743979687903
k2_w128_d16,2022-01-12T18,2022-01-13T06,12,v_component_of_wind,20.0,8.626498156377272,40.165306752572135,-0.5817040803326947,-4.575413254397244
k2_w128_d16,2022-01-12T18,2022-01-13T06,12,v_component_of_wind,30.0,7.981125099095473,30.962551446346893,-0.30610326143965333,2.901568033642537
k2_w128_d16,2022-01-12T18,2022-01-13T06,12,specific_humidity,1.0,7.770615469535138e-13,1.820687514078825e-13,-8.642789716738581e-07,-3.7476087741273915e-07
k2_w128_d16,2022-01-12T18,2022-01-13T06,12,specific_humidity,2.0,3.9515336056517235e-13,3.7784592633970046e-14,-6.107712979077757e-07,-1.2179205359969855e-07
k2_w128_d16,2022-01-12T18,2022-01-13T06,12,specific_humidity,3.0,3.0394475012761046e-13,2.712450468473078e-14,-5.252071932505412e-07,-4.063511855709624e-08
k2_w128_d16,2022-01-12T18,2022-01-13T06,12,specific_humidity,5.0,2.151069455989193e-13,3.848438447760476e-14,-4.229795146089269e-07,8.253361251913815e-08
k2_w128_d16,2022-01-12T18,2022-01-13T06,12,specific_humidity,7.0,1.4847772250609825e-13,4.826528599798959e-14,-3.4278563784999927e-07,1.515808666623802e-07
k2_w128_d16,2022-01-12T18,2022-01-13T06,12,specific_humidity,10.0,7.204793290251906e-14,8.899411738955392e-14,-2.2770125389674761e-07,2.7195069284879734e-07
k2_w128_d16,2022-01-12T18,2022-01-13T06,12,specific_humidity,20.0,1.1493293683176772e-14,1.3421446529570168e-13,-2.093295385505823e-08,3.537320033270898e-07
k2_w128_d16,2022-01-12T18,2022-01-13T06,12,specific_humidity,30.0,6.431745344068595e-15,3.481420103773965e-14,3.2759695385696395e-08,1.688705064299159e-07
k2_w128_d16,2022-01-12T18,2022-01-13T06,12,specific_cloud_ice_water_content,1.0,1.6973533558037974e-12,4.780311091902708e-11,4.807393785956868e-07,-6.113266445977487e-07
k2_w128_d16,2022-01-12T18,2022-01-13T06,12,specific_cloud_ice_water_content,2.0,1.6643256484829174e-12,4.8392121227057514e-11,4.412740237720186e-07,-7.219071778637156e-07
k2_w128_d16,2022-01-12T18,2022-01-13T06,12,specific_cloud_ice_water_content,3.0,1.6680521597011928e-12,4.797868205862099e-11,4.306774324255581e-07,-6.988607329613448e-07
k2_w128_d16,2022-01-12T18,2022-01-13T06,12,specific_cloud_ice_water_content,5.0,1.6467406888535917e-12,4.831552127075422e-11,4.152156105256882e-07,-7.717342002440878e-07
k2_w128_d16,2022-01-12T18,2022-01-13T06,12,specific_cloud_ice_water_content,7.0,1.6539009823273286e-12,4.8080838292563394e-11,4.2391789379774535e-07,-6.887241187581433e-07
k2_w128_d16,2022-01-12T18,2022-01-13T06,12,specific_cloud_ice_water_content,10.0,1.6753873089183478e-12,4.807057638692081e-11,4.551336696070895e-07,-7.127785153388505e-07
k2_w128_d16,2022-01-12T18,2022-01-13T06,12,specific_cloud_ice_water_content,20.0,1.2315363227188474e-12,3.2659531830636626e-11,2.2731048776959588e-07,-9.252351389316721e-07
k2_w128_d16,2022-01-12T18,2022-01-13T06,12,specific_cloud_ice_water_content,30.0,8.936446298665475e-13,2.429872378987533e-11,-2.2569160575335185e-07,-1.2673990381155557e-06
k2_w128_d16,2022-01-12T18,2022-01-13T06,12,specific_cloud_liquid_water_content,1.0,6.0287043344821895e-12,2.8844989618801367e-10,7.319166925375406e-07,-3.960396904845994e-06
k2_w128_d16,2022-01-12T18,2022-01-13T06,12,specific_cloud_liquid_water_content,2.0,6.036805311550046e-12,2.857456917288527e-10,7.583425533545806e-07,-3.6279372397177004e-06
k2_w128_d16,2022-01-12T18,2022-01-13T06,12,specific_cloud_liquid_water_content,3.0,5.971504660905085e-12,2.8583942207178605e-10,7.16760508807911e-07,-3.6341652526520396e-06
k2_w128_d16,2022-01-12T18,2022-01-13T06,12,specific_cloud_liquid_water_content,5.0,6.0138558942380215e-12,2.856052023922107e-10,7.455340785088454e-07,-3.5681951263123437e-06
k2_w128_d16,2022-01-12T18,2022-01-13T06,12,specific_cloud_liquid_water_content,7.0,6.094406715948134e-12,2.8614954689585255e-10,7.848341353939622e-07,-3.6742179569145836e-06
k2_w128_d16,2022-01-12T18,2022-01-13T06,12,specific_cloud_liquid_water_content,10.0,5.977010924777524e-12,2.8624260396850956e-10,7.238568865050611e-07,-3.6611438908550283e-06
k2_w128_d16,2022-01-12T18,2022-01-13T06,12,specific_cloud_liquid_water_content,20.0,4.596418072297538e-12,1.936012098298672e-10,7.242877222786151e-07,-4.540906970127963e-06
k2_w128_d16,2022-01-12T18,2022-01-13T06,12,specific_cloud_liquid_water_content,30.0,3.1311446099024903e-12,1.0749118655919222e-10,7.373676046515706e-07,-5.0807733468549605e-06
k2_w256_d16,2022-01-10T00,2022-01-10T06,6,temperature,1.0,89.33928978430886,68.06027396430133,-5.7118673497126755,1.5971043808198175
k2_w256_d16,2022-01-10T00,2022-01-10T06,6,temperature,2.0,59.87850948198418,79.35213847013631,-4.062185993010345,5.4596811504068485
k2_w256_d16,2022-01-10T00,2022-01-10T06,6,temperature,3.0,37.911382172669356,74.28431853452518,-2.618488052682066,6.27435985528323
k2_w256_d16,2022-01-10T00,2022-01-10T06,6,temperature,5.0,21.05307520931379,36.14606287378529,-1.9778210316998082,3.987576267688369
k2_w256_d16,2022-01-10T00,2022-01-10T06,6,temperature,7.0,14.292602960703885,29.470453055948674,-1.4671280155833337,3.764848638568548
k2_w256_d16,2022-01-10T00,2022-01-10T06,6,temperature,10.0,8.440940213689483,15.123878419813558,-0.22256647200443724,2.339322813358571
k2_w256_d16,2022-01-10T00,2022-01-10T06,6,temperature,20.0,4.658658967959686,12.053837777247288,0.709133332606002,-2.2277992231084776
k2_w256_d16,2022-01-10T00,2022-01-10T06,6,temperature,30.0,3.6836546371832872,11.742378428119016,0.8606680365606221,-2.686932910876147
k2_w256_d16,2022-01-10T00,2022-01-10T06,6,geopotential,1.0,923852117.0954685,9011759.209303964,-30177.173700653217,-1492.6300867848124
k2_w256_d16,2022-01-10T00,2022-01-10T06,6,geopotential,2.0,431586148.5692928,3376861.371654574,-20620.089053250966,-590.8834291027288
k2_w256_d16,2022-01-10T00,2022-01-10T06,6,geopotential,3.0,244622602.28649235,2304215.319820136,-15528.189354605434,-772.2888631355885
k2_w256_d16,2022-01-10T00,2022-01-10T06,6,geopotential,5.0,91835769.12398604,936747.5418998209,-9506.245032709485,-61.64725161145657
k2_w256_d16,2022-01-10T00,2022-01-10T06,6,geopotential,7.0,36582616.22086151,642614.9504789896,-5991.840225809175,191.38206780392483
k2_w256_d16,2022-01-10T00,2022-01-10T06,6,geopotential,10.0,7811601.830148267,436038.0101211446,-2739.2156474842404,246.1493924400424
k2_w256_d16,2022-01-10T00,2022-01-10T06,6,geopotential,20.0,1909855.7770481836,267588.25903390057,1351.3715233653627,371.56652692875593
k2_w256_d16,2022-01-10T00,2022-01-10T06,6,geopotential,30.0,3259324.9969791714,241691.65526151878,1789.4855176068695,364.37783342137357
k2_w256_d16,2022-01-10T00,2022-01-10T06,6,geopotential,500.0,641.599349784635,15136.611399562287,-4.175347226341925,0.5001500773043102
k2_w256_d16,2022-01-10T00,2022-01-10T06,6,u_component_of_wind,1.0,382.749328270771,419.9135346281554,3.3302375418077146,-4.040851012285303
k2_w256_d16,2022-01-10T00,2022-01-10T06,6,u_component_of_wind,2.0,207.51971121233458,216.42076106905057,2.228458525625705,5.166248644740659
k2_w256_d16,2022-01-10T00,2022-01-10T06,6,u_component_of_wind,3.0,140.41616298622733,119.87156193207304,-2.3769101172000155,1.0069987030863317
k2_w256_d16,2022-01-10T00,2022-01-10T06,6,u_component_of_wind,5.0,113.38197627400292,134.4896109727114,-1.4657750570935648,-1.223744823410997
k2_w256_d16,2022-01-10T00,2022-01-10T06,6,u_component_of_wind,7.0,113.71615298581136,200.80427956203886,-4.206927682838163,-5.545852266369718
k2_w256_d16,2022-01-10T00,2022-01-10T06,6,u_component_of_wind,10.0,130.34960280462417,312.0043042411211,-5.466893102216539,-8.862343527466734
k2_w256_d16,2022-01-10T00,2022-01-10T06,6,u_component_of_wind,20.0,26.42220657441841,50.66073692945234,1.061898670375824,-1.2822189081246411
k2_w256_d16,2022-01-10T00,2022-01-10T06,6,u_component_of_wind,30.0,23.308993905000523,36.514445842078395,1.4870298877588524,-0.8746514069184214
k2_w256_d16,2022-01-10T00,2022-01-10T06,6,v_component_of_wind,1.0,149.06522704220762,188.03276632220383,-0.8917889354565263,4.33365787504546
k2_w256_d16,2022-01-10T00,2022-01-10T06,6,v_component_of_wind,2.0,89.98675052721575,96.21232696047731,-0.14718412439191142,1.0255106313788387
k2_w256_d16,2022-01-10T00,2022-01-10T06,6,v_component_of_wind,3.0,49.34519299242299,58.5369457195023,0.6128838447042947,0.6340255995134192
k2_w256_d16,2022-01-10T00,2022-01-10T06,6,v_component_of_wind,5.0,31.037008986804203,37.155717028041536,-0.007898245981710579,0.30584432950526363
k2_w256_d16,2022-01-10T00,2022-01-10T06,6,v_component_of_wind,7.0,22.899280762652715,25.827652800255294,-0.4908748077601217,-0.3937216702981987
k2_w256_d16,2022-01-10T00,2022-01-10T06,6,v_component_of_wind,10.0,17.95805499443876,20.175635769854487,-0.4803375258050302,-0.6266578390658989
k2_w256_d16,2022-01-10T00,2022-01-10T06,6,v_component_of_wind,20.0,9.393729523517536,13.664870786729546,-0.43575631605512133,-1.689843138445218
k2_w256_d16,2022-01-10T00,2022-01-10T06,6,v_component_of_wind,30.0,6.675609390935586,7.57294511780634,0.06652008847079613,0.4517865698163822
k2_w256_d16,2022-01-10T00,2022-01-10T06,6,specific_humidity,1.0,7.767166198073684e-13,1.5756820479220047e-13,-8.646838596977937e-07,-3.4647174522221616e-07
k2_w256_d16,2022-01-10T00,2022-01-10T06,6,specific_humidity,2.0,4.046454854924205e-13,3.389785869829664e-14,-6.185740502799535e-07,-1.01211272766695e-07
k2_w256_d16,2022-01-10T00,2022-01-10T06,6,specific_humidity,3.0,3.141760732146799e-13,2.925475768744982e-14,-5.344829281894991e-07,-1.3150506566382312e-08
k2_w256_d16,2022-01-10T00,2022-01-10T06,6,specific_humidity,5.0,2.1472346756620468e-13,4.6941067202536065e-14,-4.236500599448249e-07,1.1201663766147134e-07
k2_w256_d16,2022-01-10T00,2022-01-10T06,6,specific_humidity,7.0,1.488836675802281e-13,6.028322151651461e-14,-3.4388871028706436e-07,1.7860287593299506e-07
k2_w256_d16,2022-01-10T00,2022-01-10T06,6,specific_humidity,10.0,7.462593120032037e-14,1.044923960097849e-13,-2.3243175447786124e-07,2.9448449458259124e-07
k2_w256_d16,2022-01-10T00,2022-01-10T06,6,specific_humidity,20.0,1.0744734938384138e-14,1.5316594785824454e-13,-2.0461754306081638e-08,3.7996496502827765e-07
k2_w256_d16,2022-01-10T00,2022-01-10T06,6,specific_humidity,30.0,7.387388342879905e-15,4.693116371934736e-14,3.605883264871567e-08,1.9698992965878514e-07
k2_w256_d16,2022-01-10T00,2022-01-10T06,6,specific_cloud_ice_water_content,1.0,2.0685004352468373e-12,4.9903418638519905e-12,6.238629704766226e-07,1.4233680861719854e-06
k2_w256_d16,2022-01-10T00,2022-01-10T06,6,specific_cloud_ice_water_content,2.0,2.027716723254796e-12,4.894231236962583e-12,5.850281516041546e-07,1.3942188117112801e-06
k2_w256_d16,2022-01-10T00,2022-01-10T06,6,specific_cloud_ice_water_content,3.0,2.0229075345536967e-12,4.95325575302209e-12,5.72856012505721e-07,1.4002436841169776e-06
k2_w256_d16,2022-01-10T00,2022-01-10T06,6,specific_cloud_ice_water_content,5.0,1.9996778933935833e-12,4.561195876587631e-12,5.587407108736197e-07,1.2648759644875973e-06
k2_w256_d16,2022-01-10T00,2022-01-10T06,6,specific_cloud_ice_water_content,7.0,2.0123540503163836e-12,4.783473928404568e-12,5.672149393913982e-07,1.3502993193838726e-06
k2_w256_d16,2022-01-10T00,2022-01-10T06,6,specific_cloud_ice_water_content,10.0,2.037848553035611e-12,4.795277533365988e-12,5.981833098108302e-07,1.3544449337607372e-06
k2_w256_d16,2022-01-10T00,2022-01-10T06,6,specific_cloud_ice_water_content,20.0,1.48755210444765e-12,3.0249090158780797e-12,3.564915626472014e-07,8.338270167460297e-07
k2_w256_d16,2022-01-10T00,2022-01-10T06,6,specific_cloud_ice_water_content,30.0,9.941403817327904e-13,1.7291547256036771e-12,-1.1082093354429346e-07,-2.8653935649393604e-08
k2_w256_d16,2022-01-10T00,2022-01-10T06,6,specific_cloud_liquid_water_content,1.0,7.757208555339974e-12,1.734395257214704e-11,8.575659972407154e-07,-1.0397887638774005e-06
k2_w256_d16,2022-01-10T00,2022-01-10T06,6,specific_cloud_liquid_water_content,2.0,7.768033252963407e-12,1.6897294244507626e-11,8.814226926456403e-07,-7.341461798969655e-07
k2_w256_d16,2022-01-10T00,2022-01-10T06,6,specific_cloud_liquid_water_content,3.0,7.698124016419846e-12,1.6688918888451656e-11,8.389064266073973e-07,-6.000038109708533e-07
k2_w256_d16,2022-01-10T00,2022-01-10T06,6,specific_cloud_liquid_water_content,5.0,7.755120571576993e-12,1.6535358810440937e-11,8.735207078024945e-07,-5.525720706822786e-07
k2_w256_d16,2022-01-10T00,2022-01-10T06,6,specific_cloud_liquid_water_content,7.0,7.830635752254065e-12,1.6808501746918507e-11,9.127986828439538e-07,-7.568223655809213e-07
k2_w256_d16,2022-01-10T00,2022-01-10T06,6,specific_cloud_liquid_water_content,10.0,7.71015543619863e-12,1.6481210878937803e-11,8.475489957015011e-07,-5.495590767710814e-07
k2_w256_d16,2022-01-10T00,2022-01-10T06,6,specific_cloud_liquid_water_content,20.0,5.881784767208988e-12,1.4255709800022165e-11,8.065658581164909e-07,-1.112940733710502e-06
k2_w256_d16,2022-01-10T00,2022-01-10T06,6,specific_cloud_liquid_water_content,30.0,3.815310592419541e-12,1.1616585635935972e-11,7.231624994069726e-07,-1.1449744156505822e-06
k2_w256_d16,2022-01-10T00,2022-01-10T12,12,temperature,1.0,94.40745365585467,73.8685467294419,-6.073346665741935,1.957526924708804
k2_w256_d16,2022-01-10T00,2022-01-10T12,12,temperature,2.0,60.32066341819766,80.40676726850458,-4.216715539267145,6.0555522535674005
k2_w256_d16,2022-01-10T00,2022-01-10T12,12,temperature,3.0,38.35103276230445,93.79732219845619,-2.490657932227612,7.864471618110471
k2_w256_d16,2022-01-10T00,2022-01-10T12,12,temperature,5.0,21.709133902667112,52.0301613304961,-1.926378456931231,5.450926552986514
k2_w256_d16,2022-01-10T00,2022-01-10T12,12,temperature,7.0,15.284230686275265,37.35067999793715,-1.5147681248521678,4.453494438416064
k2_w256_d16,2022-01-10T00,2022-01-10T12,12,temperature,10.0,8.037595711425967,24.642276013363535,-0.29652819643930195,3.143650313454554
k2_w256_d16,2022-01-10T00,2022-01-10T12,12,temperature,20.0,4.038549801421866,13.949020761696836,0.7025295704744117,-1.8530963364214115
k2_w256_d16,2022-01-10T00,2022-01-10T12,12,temperature,30.0,3.411191206938537,8.40805114223065,0.8859691452792415,-1.5853398481505798
k2_w256_d16,2022-01-10T00,2022-01-10T12,12,geopotential,1.0,928350687.0417206,10803827.135326933,-30262.10976990452,-1244.2426471376702
k2_w256_d16,2022-01-10T00,2022-01-10T12,12,geopotential,2.0,432930283.8246028,4523820.071599791,-20652.9050419527,-458.1925932829824
k2_w256_d16,2022-01-10T00,2022-01-10T12,12,geopotential,3.0,245675051.15719226,3035744.299257011,-15558.744155709579,-584.8932998484188
k2_w256_d16,2022-01-10T00,2022-01-10T12,12,geopotential,5.0,92782070.28729108,1567621.652304784,-9553.427114585887,8.748417868955542
k2_w256_d16,2022-01-10T00,2022-01-10T12,12,geopotential,7.0,37131091.26038729,1184938.7509326155,-6034.889099879762,157.5290373360728
k2_w256_d16,2022-01-10T00,2022-01-10T12,12,geopotential,10.0,8022828.233477959,1012843.3905537771,-2774.8120545645857,287.1352633804618
k2_w256_d16,2022-01-10T00,2022-01-10T12,12,geopotential,20.0,1877023.2927474128,682424.3054474219,1336.7490616036243,479.7427410375003
k2_w256_d16,2022-01-10T00,2022-01-10T12,12,geopotential,30.0,3233943.4144216944,686740.603021825,1781.4624402946476,660.1240402218156
k2_w256_d16,2022-01-10T00,2022-01-10T12,12,geopotential,500.0,1211.5196173241288,102312.93139821608,-6.1530077183508745,-23.458711683631527
k2_w256_d16,2022-01-10T00,2022-01-10T12,12,u_component_of_wind,1.0,401.5557699781151,435.177663907263,1.9603128950763846,-5.818708875094689
k2_w256_d16,2022-01-10T00,2022-01-10T12,12,u_component_of_wind,2.0,219.91334464272137,211.4683254999743,1.9233940955713003,4.22850396129088
k2_w256_d16,2022-01-10T00,2022-01-10T12,12,u_component_of_wind,3.0,158.20770474806307,176.7378655255536,-2.2435673945481014,0.926605658580675
k2_w256_d16,2022-01-10T00,2022-01-10T12,12,u_component_of_wind,5.0,130.96110631918395,222.55302818415907,-1.8915212910160073,-1.1776963215905543
k2_w256_d16,2022-01-10T00,2022-01-10T12,12,u_component_of_wind,7.0,134.37344304967172,294.43846472283735,-4.464605893051392,-5.641517613262388
k2_w256_d16,2022-01-10T00,2022-01-10T12,12,u_component_of_wind,10.0,136.83273918881085,408.0273432270212,-5.524190917717226,-9.663762812748246
k2_w256_d16,2022-01-10T00,2022-01-10T12,12,u_component_of_wind,20.0,28.77544081482126,72.96184859555382,1.3469643178655493,-1.8418913622911983
k2_w256_d16,2022-01-10T00,2022-01-10T12,12,u_component_of_wind,30.0,27.182131111847767,53.84351115243866,1.760298538005817,-1.1491103906368552
k2_w256_d16,2022-01-10T00,2022-01-10T12,12,v_component_of_wind,1.0,152.99786815553836,209.5435167261116,0.06501127200382002,0.26434211717095557
k2_w256_d16,2022-01-10T00,2022-01-10T12,12,v_component_of_wind,2.0,85.70790138267907,134.8295243858306,-0.19325041104064516,-4.283518702126951
k2_w256_d16,2022-01-10T00,2022-01-10T12,12,v_component_of_wind,3.0,52.81151874578501,114.03154667240136,0.24088080824107885,-5.054999856894547
k2_w256_d16,2022-01-10T00,2022-01-10T12,12,v_component_of_wind,5.0,28.676576101287964,76.2964039473026,0.5346706372322518,-3.548839034596919
k2_w256_d16,2022-01-10T00,2022-01-10T12,12,v_component_of_wind,7.0,22.330361012224422,59.25763765299705,0.02855601717404689,-3.2217466537118558
k2_w256_d16,2022-01-10T00,2022-01-10T12,12,v_component_of_wind,10.0,15.366690425440018,38.57731598617123,-0.23633670767502926,-2.6412019529352313
k2_w256_d16,2022-01-10T00,2022-01-10T12,12,v_component_of_wind,20.0,8.694828981985868,19.556941034896298,-0.33224988287553087,-2.287060982414916
k2_w256_d16,2022-01-10T00,2022-01-10T12,12,v_component_of_wind,30.0,6.551479773814885,13.669123993647563,-0.09255113863757772,-0.9584330597365663
k2_w256_d16,2022-01-10T00,2022-01-10T12,12,specific_humidity,1.0,7.747603369914332e-13,1.1249161626069659e-13,-8.635303973528315e-07,-2.716016201610334e-07
k2_w256_d16,2022-01-10T00,2022-01-10T12,12,specific_humidity,2.0,4.0162823480070935e-13,2.2875218534079957e-14,-6.157465078497211e-07,-2.5818455438312296e-08
k2_w256_d16,2022-01-10T00,2022-01-10T12,12,specific_humidity,3.0,3.1195411813885293e-13,3.046556800792911e-14,-5.324038929027089e-07,5.7410482075031036e-08
k2_w256_d16,2022-01-10T00,2022-01-10T12,12,specific_humidity,5.0,2.149301501573471e-13,6.717742242696802e-14,-4.237440534429745e-07,1.812620963214615e-07
k2_w256_d16,2022-01-10T00,2022-01-10T12,12,specific_humidity,7.0,1.480954067390629e-13,9.315308411014282e-14,-3.426320023062623e-07,2.5389927049604294e-07
k2_w256_d16,2022-01-10T00,2022-01-10T12,12,specific_humidity,10.0,7.348213392879329e-14,1.5790202101356628e-13,-2.3032485604885937e-07,3.730444349085287e-07
k2_w256_d16,2022-01-10T00,2022-01-10T12,12,specific_humidity,20.0,1.0899301705144805e-14,1.978593041119409e-13,-1.9669818242133455e-08,4.3441644916155955e-07
k2_w256_d16,2022-01-10T00,2022-01-10T12,12,specific_humidity,30.0,7.379093785480311e-15,5.0441851430965856e-14,3.584855496900571e-08,2.0499281101217935e-07
k2_w256_d16,2022-01-10T00,2022-01-10T12,12,specific_cloud_ice_water_content,1.0,1.6060126482401002e-12,2.7122428889074416e-11,4.0831664250515466e-07,1.2890846464748709e-06
k2_w256_d16,2022-01-10T00,2022-01-10T12,12,specific_cloud_ice_water_content,2.0,1.584191922736713e-12,2.707605303351354e-11,3.699592308459648e-07,1.2107439545275708e-06
k2_w256_d16,2022-01-10T00,2022-01-10T12,12,specific_cloud_ice_water_content,3.0,1.582446527366404e-12,2.6945790375147072e-11,3.5750176349741857e-07,1.1950829389343277e-06
k2_w256_d16,2022-01-10T00,2022-01-10T12,12,specific_cloud_ice_water_content,5.0,1.566086644925021e-12,2.679919706808044e-11,3.43227796184216e-07,1.1013695936326155e-06
k2_w256_d16,2022-01-10T00,2022-01-10T12,12,specific_cloud_ice_water_content,7.0,1.5743180035625043e-12,2.7019100887754918e-11,3.517116624736015e-07,1.2085456610980734e-06
k2_w256_d16,2022-01-10T00,2022-01-10T12,12,specific_cloud_ice_water_content,10.0,1.589313220562803e-12,2.6992450745316122e-11,3.826236603800497e-07,1.2080435506260102e-06
k2_w256_d16,2022-01-10T00,2022-01-10T12,12,specific_cloud_ice_water_content,20.0,1.2004017039262873e-12,1.687160823107823e-11,1.6087123467673365e-07,3.80207048259658e-07
k2_w256_d16,2022-01-10T00,2022-01-10T12,12,specific_cloud_ice_water_content,30.0,9.366533122427116e-13,1.1187129418449187e-11,-2.699012695371213e-07,-1.1766130444960892e-06
k2_w256_d16,2022-01-10T00,2022-01-10T12,12,specific_cloud_liquid_water_content,1.0,6.512608526696303e-12,9.383249876255222e-11,7.982363905933622e-07,4.613490778825937e-07
k2_w256_d16,2022-01-10T00,2022-01-10T12,12,specific_cloud_liquid_water_content,2.0,6.519168409382478e-12,9.417734091277987e-11,8.23484761251099e-07,7.507569512829186e-07
k2_w256_d16,2022-01-10T00,2022-01-10T12,12,specific_cloud_liquid_water_content,3.0,6.452494804073785e-12,9.458045286541485e-11,7.821774524164823e-07,8.897548721259441e-07
k2_w256_d16,2022-01-10T00,2022-01-10T12,12,specific_cloud_liquid_water_content,5.0,6.502569807076099e-12,9.483748308667269e-11,8.122226488410027e-07,8.764041902856715e-07
k2_w256_d16,2022-01-10T00,2022-01-10T12,12,specific_cloud_liquid_water_content,7.0,6.583920777218318e-12,9.42443994933598e-11,8.535424154030054e-07,7.02773687629858e-07
k2_w256_d16,2022-01-10T00,2022-01-10T12,12,specific_cloud_liquid_water_content,10.0,6.465572339383506e-12,9.431793904548095e-11,7.908222004675039e-07,8.41078250837032e-07
k2_w256_d16,2022-01-10T00,2022-01-10T12,12,specific_cloud_liquid_water_content,20.0,5.0613479692009115e-12,6.767354668672891e-11,7.917694406974832e-07,-6.925271040234499e-07
k2_w256_d16,2022-01-10T00,2022-01-10T12,12,specific_cloud_liquid_water_content,30.0,3.4210892416697354e-12,5.5036551792081275e-11,7.993607877646726e-07,-2.6859256361996705e-06
k2_w256_d16,2022-01-10T06,2022-01-10T12,6,temperature,1.0,93.78922602578669,70.62199541232394,-5.975487443253258,1.328390330830516
k2_w256_d16,2022-01-10T06,2022-01-10T12,6,temperature,2.0,60.4835843891438,78.34342768252667,-4.071937830597122,5.414494691409459
k2_w256_d16,2022-01-10T06,2022-01-10T12,6,temperature,3.0,38.180644060454505,76.59263879096262,-2.3446659209315337,6.519678171655425
k2_w256_d16,2022-01-10T06,2022-01-10T12,6,temperature,5.0,21.360983641640452,37.35629383389485,-1.81076124612015,4.206197054605237
k2_w256_d16,2022-01-10T06,2022-01-10T12,6,temperature,7.0,15.185788425355014,30.317465310725055,-1.418445208462932,3.9180617216128013
k2_w256_d16,2022-01-10T06,2022-01-10T12,6,temperature,10.0,8.02794643616786,15.044773086445938,-0.2251098047081976,2.3658525579425884
k2_w256_d16,2022-01-10T06,2022-01-10T12,6,temperature,20.0,4.1491239182976045,11.192239988175935,0.7134882458393466,-2.2169448008493973
k2_w256_d16,2022-01-10T06,2022-01-10T12,6,temperature,30.0,3.5872640014249644,11.51116551847333,0.8664315954685976,-2.7117763653900564
k2_w256_d16,2022-01-10T06,2022-01-10T12,6,geopotential,1.0,923416052.9589018,8652730.554014836,-30179.07673872254,-1401.2567902233145
k2_w256_d16,2022-01-10T06,2022-01-10T12,6,geopotential,2.0,430499372.99126714,3210685.1726198485,-20594.257653973902,-496.6234807582467
k2_w256_d16,2022-01-10T06,2022-01-10T12,6,geopotential,3.0,244354505.3851617,2180892.7169791423,-15516.89925785405,-702.6916357753748
k2_w256_d16,2022-01-10T06,2022-01-10T12,6,geopotential,5.0,92430288.80202934,914346.3126838253,-9534.958412778928,-48.404133161272924
k2_w256_d16,2022-01-10T06,2022-01-10T12,6,geopotential,7.0,37075323.027193606,619066.3500195639,-6029.033287145138,182.34318548912336
k2_w256_d16,2022-01-10T06,2022-01-10T12,6,geopotential,10.0,8065849.710820613,428072.67345841357,-2778.9474146274274,222.51906913709496
k2_w256_d16,2022-01-10T06,2022-01-10T12,6,geopotential,20.0,1829836.2361698304,267423.5933085147,1316.6390827020973,340.2865827823056
k2_w256_d16,2022-01-10T06,2022-01-10T12,6,geopotential,30.0,3149336.258019588,225369.17367559156,1757.4089549981481,331.90307513642665
k2_w256_d16,2022-01-10T06,2022-01-10T12,6,geopotential,500.0,1336.3230732638099,16193.310255212866,-9.840137905998144,-3.9915899650684903
k2_w256_d16,2022-01-10T06,2022-01-10T12,6,u_component_of_wind,1.0,396.5646368896081,455.0954583289131,1.9328784234306395,-4.7555746629355795
k2_w256_d16,2022-01-10T06,2022-01-10T12,6,u_component_of_wind,2.0,216.66386560680243,225.46879597890057,1.9217683845491733,5.361309352325164
k2_w256_d16,2022-01-10T06,2022-01-10T12,6,u_component_of_wind,3.0,154.71998100728604,138.45213254131045,-2.226927804458417,1.5459258843782782
k2_w256_d16,2022-01-10T06,2022-01-10T12,6,u_component_of_wind,5.0,127.33224828971998,142.41856580921564,-1.8011990514615746,-1.201425463988946
k2_w256_d16,2022-01-10T06,2022-01-10T12,6,u_component_of_wind,7.0,130.32238492074882,201.7881870765027,-4.402602757196647,-5.484313597457836
k2_w256_d16,2022-01-10T06,2022-01-10T12,6,u_component_of_wind,10.0,136.2662721502393,307.4658359259364,-5.529259146625664,-8.766002192455089
k2_w256_d16,2022-01-10T06,2022-01-10T12,6,u_component_of_wind,20.0,27.47160210404608,50.20301053704073,1.2034655216431234,-1.2424282309493373
k2_w256_d16,2022-01-10T06,2022-01-10T12,6,u_component_of_wind,30.0,26.12367107392703,38.194836542923134,1.6136930273138999,-0.895856956515193
k2_w256_d16,2022-01-10T06,2022-01-10T12,6,v_component_of_wind,1.0,153.219784042033,197.80571689438094,-0.08422656547537771,4.744379441556258
k2_w256_d16,2022-01-10T06,2022-01-10T12,6,v_component_of_wind,2.0,86.47479013799384,86.93480131710373,-0.37260996808650465,0.4736268184129753
k2_w256_d16,2022-01-10T06,2022-01-10T12,6,v_component_of_wind,3.0,52.7408317485,59.17933464466449,0.05280680445797324,-0.18989462252047257
k2_w256_d16,2022-01-10T06,2022-01-10T12,6,v_component_of_wind,5.0,28.207256299307677,37.34208663083558,0.3577880516399353,0.464551075943126
k2_w256_d16,2022-01-10T06,2022-01-10T12,6,v_component_of_wind,7.0,22.06284269823938,26.698377995581637,-0.13193767290802547,-0.2192434729758043
k2_w256_d16,2022-01-10T06,2022-01-10T12,6,v_component_of_wind,10.0,16.083242102492257,18.792087916917733,-0.3632286863923384,-0.6569635682820434
k2_w256_d16,2022-01-10T06,2022-01-10T12,6,v_component_of_wind,20.0,8.978953155121957,14.098367977415197,-0.37499554416527003,-1.7411773640899946
k2_w256_d16,2022-01-10T06,2022-01-10T12,6,v_component_of_wind,30.0,6.645694616068501,8.437773884588054,-0.06537375035504767,0.24665023083624538
k2_w256_d16,2022-01-10T06,2022-01-10T12,6,specific_humidity,1.0,7.799124321914254e-13,1.6069342348338684e-13,-8.662722706119367e-07,-3.4980051566284795e-07
k2_w256_d16,2022-01-10T06,2022-01-10T12,6,specific_humidity,2.0,4.048409107350545e-13,3.4621565388650965e-14,-6.18474241460861e-07,-1.0276487726198873e-07
k2_w256_d16,2022-01-10T06,2022-01-10T12,6,specific_humidity,3.0,3.148159217767085e-13,2.926795029931244e-14,-5.351490393067763e-07,-1.5690756750183636e-08
k2_w256_d16,2022-01-10T06,2022-01-10T12,6,specific_humidity,5.0,2.1720662410971164e-13,4.6237294221367454e-14,-4.264396767806643e-07,1.0757887351204513e-07
k2_w256_d16,2022-01-10T06,2022-01-10T12,6,specific_humidity,7.0,1.498204023793632e-13,5.911275365005707e-14,-3.4537896418277704e-07,1.751973231454659e-07
k2_w256_d16,2022-01-10T06,2022-01-10T12,6,specific_humidity,10.0,7.455202572280154e-14,1.0272004876659923e-13,-2.3302179071993625e-07,2.921798877908656e-07
k2_w256_d16,2022-01-10T06,2022-01-10T12,6,specific_humidity,20.0,1.0822659292027408e-14,1.5088443430657372e-13,-2.193132977502266e-08,3.771056839068537e-07
k2_w256_d16,2022-01-10T06,2022-01-10T12,6,specific_humidity,30.0,7.267001061598495e-15,4.6113176707829644e-14,3.492059338415131e-08,1.9506260873669842e-07
k2_w256_d16,2022-01-10T06,2022-01-10T12,6,specific_cloud_ice_water_content,1.0,2.042912919062748e-12,5.007955997112863e-12,6.286991305789217e-07,1.4190442873056537e-06
k2_w256_d16,2022-01-10T06,2022-01-10T12,6,specific_cloud_ice_water_content,2.0,2.0043699608421332e-12,4.914019104514169e-12,5.895659106622714e-07,1.3893023404661845e-06
k2_w256_d16,2022-01-10T06,2022-01-10T12,6,specific_cloud_ice_water_content,3.0,1.995196038610594e-12,4.977026867569321e-12,5.77055192228141e-07,1.396732638349611e-06
k2_w256_d16,2022-01-10T06,2022-01-10T12,6,specific_cloud_ice_water_content,5.0,1.974477239729922e-12,4.581824184898836e-12,5.637544683621593e-07,1.260790256286184e-06
k2_w256_d16,2022-01-10T06,2022-01-10T12,6,specific_cloud_ice_water_content,7.0,1.9871649982214274e-12,4.80441778332931e-12,5.718710554016572e-07,1.346454774902135e-06
k2_w256_d16,2022-01-10T06,2022-01-10T12,6,specific_cloud_ice_water_content,10.0,2.013007073807522e-12,4.814347510252561e-12,6.029603853837612e-07,1.350137128611398e-06
k2_w256_d16,2022-01-10T06,2022-01-10T12,6,specific_cloud_ice_water_content,20.0,1.4520079424610703e-12,3.042897406022774e-12,3.6185389592833744e-07,8.295970130685708e-07
k2_w256_d16,2022-01-10T06,2022-01-10T12,6,specific_cloud_ice_water_content,30.0,9.617915551911759e-13,1.7648137798357903e-12,-1.0229810603044159e-07,-3.105265483224902e-08
k2_w256_d16,2022-01-10T06,2022-01-10T12,6,specific_cloud_liquid_water_content,1.0,8.023543137765301e-12,1.700772614018268e-11,9.028012812648157e-07,-9.386992437058873e-07
k2_w256_d16,2022-01-10T06,2022-01-10T12,6,specific_cloud_liquid_water_content,2.0,8.031219354094649e-12,1.6628772200545817e-11,9.262346981850828e-07,-6.305633482857739e-07
k2_w256_d16,2022-01-10T06,2022-01-10T12,6,specific_cloud_liquid_water_content,3.0,7.957714595141382e-12,1.6449960752530582e-11,8.837702473402534e-07,-4.964369133115163e-07
k2_w256_d16,2022-01-10T06,2022-01-10T12,6,specific_cloud_liquid_water_content,5.0,8.015442137352064e-12,1.6306176549238707e-11,9.174124790665553e-07,-4.499872990604951e-07
k2_w256_d16,2022-01-10T06,2022-01-10T12,6,specific_cloud_liquid_water_content,7.0,8.098073547020807e-12,1.6529097118643926e-11,9.579137702950156e-07,-6.557480964498434e-07
k2_w256_d16,2022-01-10T06,2022-01-10T12,6,specific_cloud_liquid_water_content,10.0,7.96741586067636e-12,1.6245813719743075e-11,8.910464562484777e-07,-4.469935385883974e-07
k2_w256_d16,2022-01-10T06,2022-01-10T12,6,specific_cloud_liquid_water_content,20.0,6.215731584616913e-12,1.3934691887011408e-11,8.642561203792501e-07,-1.0030885610496006e-06
k2_w256_d16,2022-01-10T06,2022-01-10T12,6,specific_cloud_liquid_water_content,30.0,4.2132672367040595e-12,1.1081970235054083e-11,8.107638140872547e-07,-1.0086621620523546e-06
k2_w256_d16,2022-01-10T06,2022-01-10T18,12,temperature,1.0,86.94746736949544,77.62697356438704,-5.558689209455727,2.157321225451855
k2_w256_d16,2022-01-10T06,2022-01-10T18,12,temperature,2.0,53.05851117456009,78.28733830966507,-3.8586219638505916,6.123880493268872
k2_w256_d16,2022-01-10T06,2022-01-10T18,12,temperature,3.0,32.4116433010261,90.37553509864352,-2.2281535786487225,7.875584333693638
k2_w256_d16,2022-01-10T06,2022-01-10T18,12,temperature,5.0,21.020762317473977,52.031576247421725,-1.6932549427468992,5.520187282126315
k2_w256_d16,2022-01-10T06,2022-01-10T18,12,temperature,7.0,15.704328396665002,39.496523616859854,-1.3097900414549581,4.562111061078273
k2_w256_d16,2022-01-10T06,2022-01-10T18,12,temperature,10.0,7.944867482407308,25.942229461727898,-0.4226364580601315,3.2448339390199403
k2_w256_d16,2022-01-10T06,2022-01-10T18,12,temperature,20.0,4.44159647687033,14.255867841421457,0.6350581754886515,-1.778782763306726
k2_w256_d16,2022-01-10T06,2022-01-10T18,12,temperature,30.0,3.624744002739499,8.346828184169242,0.8521385592394844,-1.5190929230628751
k2_w256_d16,2022-01-10T06,2022-01-10T18,12,geopotential,1.0,927764163.4947541,9997051.67712824,-30271.793934128356,-1152.4148259705469
k2_w256_d16,2022-01-10T06,2022-01-10T18,12,geopotential,2.0,432966738.49542034,4188952.4262059946,-20666.004302145913,-392.94538253812624
k2_w256_d16,2022-01-10T06,2022-01-10T18,12,geopotential,3.0,245590840.1634307,2918618.260772285,-15562.065474444233,-519.8293691551518
k2_w256_d16,2022-01-10T06,2022-01-10T18,12,geopotential,5.0,92668026.5010257,1637695.5370045789,-9549.670871050148,75.16552285811152
k2_w256_d16,2022-01-10T06,2022-01-10T18,12,geopotential,7.0,37071389.3074431,1249245.1838700313,-6032.813737113358,217.41844034865153
k2_w256_d16,2022-01-10T06,2022-01-10T18,12,geopotential,10.0,7981163.634957839,1042209.1522270038,-2772.045710009615,335.55416556331284
k2_w256_d16,2022-01-10T06,2022-01-10T18,12,geopotential,20.0,1888371.0378149578,702609.212238814,1342.4860076633772,501.66234455601466
k2_w256_d16,2022-01-10T06,2022-01-10T18,12,geopotential,30.0,3241759.524659698,707035.1379784981,1784.1810252342334,664.6652772492912
k2_w256_d16,2022-01-10T06,2022-01-10T18,12,geopotential,500.0,1333.0782219972948,99966.43292479572,-6.285283032760505,-21.12210333066806
k2_w256_d16,2022-01-10T06,2022-01-10T18,12,u_component_of_wind,1.0,377.3494107365191,429.24361769770144,1.8004667415455002,-6.104310703635361
k2_w256_d16,2022-01-10T06,2022-01-10T18,12,u_component_of_wind,2.0,214.99853717239534,222.18922347921935,1.7896850977144365,3.941406512254317
k2_w256_d16,2022-01-10T06,2022-01-10T18,12,u_component_of_wind,3.0,151.2978037952116,171.14535500202277,-2.052306189228193,0.9245224042702758
k2_w256_d16,2022-01-10T06,2022-01-10T18,12,u_component_of_wind,5.0,126.93694089132465,227.21305394483971,-1.3661348662166128,-0.7667229174559349
k2_w256_d16,2022-01-10T06,2022-01-10T18,12,u_component_of_wind,7.0,122.95819610776724,290.8804733345508,-3.860720694824863,-5.110841617087537
k2_w256_d16,2022-01-10T06,2022-01-10T18,12,u_component_of_wind,10.0,126.23688839946797,395.7975085878391,-5.225391567688771,-9.337350667849517
k2_w256_d16,2022-01-10T06,2022-01-10T18,12,u_component_of_wind,20.0,28.28685561550759,71.69611850925767,0.9836499134099905,-1.9859614220704267
k2_w256_d16,2022-01-10T06,2022-01-10T18,12,u_component_of_wind,30.0,25.46668990415396,50.56522057531592,1.6894725193891564,-1.1330728593932615
k2_w256_d16,2022-01-10T06,2022-01-10T18,12,v_component_of_wind,1.0,184.41418751953418,228.0067265870585,-0.0823378707226308,0.6994982188774967
k2_w256_d16,2022-01-10T06,2022-01-10T18,12,v_component_of_wind,2.0,104.72609057640004,162.1582322765692,-0.10928649197629221,-3.9491369348894443
k2_w256_d16,2022-01-10T06,2022-01-10T18,12,v_component_of_wind,3.0,65.0709813309517,131.94223027430846,-0.07312593014163003,-5.308253120245973
k2_w256_d16,2022-01-10T06,2022-01-10T18,12,v_component_of_wind,5.0,33.643409068203354,71.52114849555034,0.6034663500733725,-3.433918985365071
k2_w256_d16,2022-01-10T06,2022-01-10T18,12,v_component_of_wind,7.0,24.965636641820808,56.00624087031275,0.33484054510610706,-2.861740140202091
k2_w256_d16,2022-01-10T06,2022-01-10T18,12,v_component_of_wind,10.0,18.80815079340418,41.194931944294865,-0.21748146781354433,-2.556531775519483
k2_w256_d16,2022-01-10T06,2022-01-10T18,12,v_component_of_wind,20.0,9.00872672031554,18.462812847306978,-0.37190905667055174,-2.1799245064474366
k2_w256_d16,2022-01-10T06,2022-01-10T18,12,v_component_of_wind,30.0,7.199715993153093,14.040765602738233,-0.29671680785848,-0.980432782530663
k2_w256_d16,2022-01-10T06,2022-01-10T18,12,specific_humidity,1.0,7.809909578075373e-13,1.17582780694693e-13,-8.66391774620766e-07,-2.767219393964761e-07
k2_w256_d16,2022-01-10T06,2022-01-10T18,12,specific_humidity,2.0,4.0381770546407803e-13,2.3236091490735773e-14,-6.178156565407138e-07,-3.007801197928911e-08
k2_w256_d16,2022-01-10T06,2022-01-10T18,12,specific_humidity,3.0,3.1496205629024597e-13,3.072486831384823e-14,-5.348432276013656e-07,5.2675100551418726e-08
k2_w256_d16,2022-01-10T06,2022-01-10T18,12,specific_humidity,5.0,2.1798992061792005e-13,6.523954997149685e-14,-4.275896444333758e-07,1.7513373021929856e-07
k2_w256_d16,2022-01-10T06,2022-01-10T18,12,specific_humidity,7.0,1.4985432678463443e-13,9.096527972398295e-14,-3.4522767660191857e-07,2.489989456059223e-07
k2_w256_d16,2022-01-10T06,2022-01-10T18,12,specific_humidity,10.0,7.43778994597267e-14,1.542068177524955e-13,-2.327053842496933e-07,3.684799329174647e-07
k2_w256_d16,2022-01-10T06,2022-01-10T18,12,specific_humidity,20.0,1.1102770405099974e-14,1.9416162015792674e-13,-2.1941733956178347e-08,4.302403290565349e-07
k2_w256_d16,2022-01-10T06,2022-01-10T18,12,specific_humidity,30.0,7.242572089522561e-15,4.918832097885941e-14,3.419259645686445e-08,2.0216229933907283e-07
k2_w256_d16,2022-01-10T06,2022-01-10T18,12,specific_cloud_ice_water_content,1.0,1.6547933359523808e-12,2.829955028048474e-11,4.0975820568370317e-07,1.0424214809625491e-06
k2_w256_d16,2022-01-10T06,2022-01-10T18,12,specific_cloud_ice_water_content,2.0,1.6280194986242075e-12,2.826418495999343e-11,3.7058493319267154e-07,9.638521463367806e-07
k2_w256_d16,2022-01-10T06,2022-01-10T18,12,specific_cloud_ice_water_content,3.0,1.6302470944107331e-12,2.8149967690704718e-11,3.58862826107611e-07,9.497700433925871e-07
k2_w256_d16,2022-01-10T06,2022-01-10T18,12,specific_cloud_ice_water_content,5.0,1.6128965793818927e-12,2.8068436494886433e-11,3.4446740575355637e-07,8.544783910450115e-07
k2_w256_d16,2022-01-10T06,2022-01-10T18,12,specific_cloud_ice_water_content,7.0,1.6196827049137478e-12,2.8222499479525728e-11,3.5282796041625743e-07,9.618973580225442e-07
k2_w256_d16,2022-01-10T06,2022-01-10T18,12,specific_cloud_ice_water_content,10.0,1.6377183894648766e-12,2.8219341730156584e-11,3.8408581812287835e-07,9.608362394868163e-07
k2_w256_d16,2022-01-10T06,2022-01-10T18,12,specific_cloud_ice_water_content,20.0,1.226934131866103e-12,1.812237841820575e-11,1.601665928579987e-07,1.7737054886965684e-07
k2_w256_d16,2022-01-10T06,2022-01-10T18,12,specific_cloud_ice_water_content,30.0,9.353744075007506e-13,1.202940922634547e-11,-2.7160042702741415e-07,-1.2851378267011641e-06
k2_w256_d16,2022-01-10T06,2022-01-10T18,12,specific_cloud_liquid_water_content,1.0,6.3188394013188735e-12,8.98542368755457e-11,7.899054506371542e-07,6.090111681370401e-07
k2_w256_d16,2022-01-10T06,2022-01-10T18,12,specific_cloud_liquid_water_content,2.0,6.32474679554594e-12,9.027134061682737e-11,8.150149647670608e-07,9.004984588309379e-07
k2_w256_d16,2022-01-10T06,2022-01-10T18,12,specific_cloud_liquid_water_content,3.0,6.259266206786056e-12,9.078001763512096e-11,7.734909977303391e-07,1.0395435711054701e-06
k2_w256_d16,2022-01-10T06,2022-01-10T18,12,specific_cloud_liquid_water_content,5.0,6.30269503464968e-12,9.10310909326935e-11,8.033037624355065e-07,1.0265617071750999e-06
k2_w256_d16,2022-01-10T06,2022-01-10T18,12,specific_cloud_liquid_water_content,7.0,6.38741923484561e-12,9.03112907646065e-11,8.448893229705283e-07,8.506051297348822e-07
k2_w256_d16,2022-01-10T06,2022-01-10T18,12,specific_cloud_liquid_water_content,10.0,6.263721530746597e-12,9.051115240787995e-11,7.816422272850603e-07,9.904806829960719e-07
k2_w256_d16,2022-01-10T06,2022-01-10T18,12,specific_cloud_liquid_water_content,20.0,4.8492696002441715e-12,6.557819583987005e-11,7.722527148088967e-07,-5.016087143412196e-07
k2_w256_d16,2022-01-10T06,2022-01-10T18,12,specific_cloud_liquid_water_content,30.0,3.2003711397537585e-12,5.4948166265649716e-11,7.503872495794732e-07,-2.412105978832595e-06
k2_w256_d16,2022-01-10T12,2022-01-10T18,6,temperature,1.0,87.17910031908042,69.25143646940846,-5.551195456491258,1.4045562234568223
k2_w256_d16,2022-01-10T12,2022-01-10T18,6,temperature,2.0,54.037931119310855,73.3016923544762,-3.8397931543404646,5.318434143488123
k2_w256_d16,2022-01-10T12,2022-01-10T18,6,temperature,3.0,32.75680250186548,71.30176973073135,-2.217864842204751,6.333594430327665
k2_w256_d16,2022-01-10T12,2022-01-10T18,6,temperature,5.0,20.768417429091663,38.008749947139336,-1.659251739285482,4.128085531922309
k2_w256_d16,2022-01-10T12,2022-01-10T18,6,temperature,7.0,15.146656921642506,31.112186384947414,-1.2547421710761237,3.9019756290121563
k2_w256_d16,2022-01-10T12,2022-01-10T18,6,temperature,10.0,7.617126946837535,14.771706848238965,-0.3884629956203469,2.322390988627939
k2_w256_d16,2022-01-10T12,2022-01-10T18,6,temperature,20.0,4.652175804436794,11.779115356892776,0.6217249863921257,-2.2507367739060555
k2_w256_d16,2022-01-10T12,2022-01-10T18,6,temperature,30.0,3.798768017842284,11.803042660924834,0.8309304077059623,-2.697943439109559
k2_w256_d16,2022-01-10T12,2022-01-10T18,6,geopotential,1.0,924825211.8452573,8325789.49947137,-30221.38696643422,-1387.3761199838523
k2_w256_d16,2022-01-10T12,2022-01-10T18,6,geopotential,2.0,431192234.6561055,3049825.6794345407,-20623.4635002162,-467.3352364543229
k2_w256_d16,2022-01-10T12,2022-01-10T18,6,geopotential,3.0,244348931.97466218,2106026.974292511,-15523.184988578236,-664.5450085077056
k2_w256_d16,2022-01-10T12,2022-01-10T18,6,geopotential,5.0,91988818.12367266,920296.0143269972,-9514.840893858795,9.861597406602385
k2_w256_d16,2022-01-10T12,2022-01-10T18,6,geopotential,7.0,36716064.927959315,641135.5654916367,-6002.556028361382,244.583951557625
k2_w256_d16,2022-01-10T12,2022-01-10T18,6,geopotential,10.0,7856753.496573241,444198.7659919261,-2745.9360017710815,284.71286068615336
k2_w256_d16,2022-01-10T12,2022-01-10T18,6,geopotential,20.0,1938706.8046193589,291288.2086212675,1358.558158818782,385.03002320727865
k2_w256_d16,2022-01-10T12,2022-01-10T18,6,geopotential,30.0,3279096.797039326,246378.72648894525,1794.0620682748058,359.4126306449244
k2_w256_d16,2022-01-10T12,2022-01-10T18,6,geopotential,500.0,647.9527317120185,14292.809288865468,-5.075432379493668,2.2442440998652806
k2_w256_d16,2022-01-10T12,2022-01-10T18,6,u_component_of_wind,1.0,371.71263331414,438.60251173900485,1.8408435138730883,-4.996230724300817
k2_w256_d16,2022-01-10T12,2022-01-10T18,6,u_component_of_wind,2.0,209.95518619304625,232.68082656474422,1.8548200130848334,5.127761579594922
k2_w256_d16,2022-01-10T12,2022-01-10T18,6,u_component_of_wind,3.0,144.71686965166387,128.4627503316189,-1.9880902203748239,1.5598525062479276
k2_w256_d16,2022-01-10T12,2022-01-10T18,6,u_component_of_wind,5.0,122.41034868061674,143.21518068691375,-1.2583343159521512,-0.9082286077572592
k2_w256_d16,2022-01-10T12,2022-01-10T18,6,u_component_of_wind,7.0,120.90780543137271,203.33642403143395,-3.8095345216016545,-5.138613479610889
k2_w256_d16,2022-01-10T12,2022-01-10T18,6,u_component_of_wind,10.0,129.1950397637891,307.3518272319403,-5.249594146862103,-8.70869768144712
k2_w256_d16,2022-01-10T12,2022-01-10T18,6,u_component_of_wind,20.0,26.923524807740346,53.23826833229682,0.8453354636783297,-1.5148804852933608
k2_w256_d16,2022-01-10T12,2022-01-10T18,6,u_component_of_wind,30.0,24.08169487041825,36.98042182814039,1.549954109464557,-0.8296336700079161
k2_w256_d16,2022-01-10T12,2022-01-10T18,6,v_component_of_wind,1.0,178.31840966708157,219.18734754632885,-0.04700352522496975,5.389482263996455
k2_w256_d16,2022-01-10T12,2022-01-10T18,6,v_component_of_wind,2.0,100.65829402136694,110.23015465673893,-0.12989471215799114,1.0583968609774086
k2_w256_d16,2022-01-10T12,2022-01-10T18,6,v_component_of_wind,3.0,63.52326366151479,72.50443224156196,-0.1203742052102244,-0.18950913039368839
k2_w256_d16,2022-01-10T12,2022-01-10T18,6,v_component_of_wind,5.0,35.96608681130535,41.8855421691229,0.5470870711964797,0.7776198744134697
k2_w256_d16,2022-01-10T12,2022-01-10T18,6,v_component_of_wind,7.0,26.745187183139286,30.945582222931243,0.27683513139228266,0.28338331723263255
k2_w256_d16,2022-01-10T12,2022-01-10T18,6,v_component_of_wind,10.0,19.47528339636765,22.4802025666056,-0.2652000317492359,-0.49218451208775105
k2_w256_d16,2022-01-10T12,2022-01-10T18,6,v_component_of_wind,20.0,8.548048932636728,12.79602879426821,-0.3774818070277428,-1.6600095124026653
k2_w256_d16,2022-01-10T12,2022-01-10T18,6,v_component_of_wind,30.0,7.226212916356587,8.85405842364597,-0.26221593023945494,0.16771656205595037
k2_w256_d16,2022-01-10T12,2022-01-10T18,6,specific_humidity,1.0,7.799843999845057e-13,1.6173107446533418e-13,-8.657756943419235e-07,-3.505074747744046e-07
k2_w256_d16,2022-01-10T12,2022-01-10T18,6,specific_humidity,2.0,4.031524200818395e-13,3.466584954731436e-14,-6.171624818695106e-07,-1.0256750993171168e-07
k2_w256_d16,2022-01-10T12,2022-01-10T18,6,specific_humidity,3.0,3.14561108396891e-13,3.013231527169931e-14,-5.3425052670784e-07,-1.589830218402426e-08
k2_w256_d16,2022-01-10T12,2022-01-10T18,6,specific_humidity,5.0,2.1764812493212748e-13,4.596979265709956e-14,-4.2696308346232934e-07,1.0581767780611514e-07
k2_w256_d16,2022-01-10T12,2022-01-10T18,6,specific_humidity,7.0,1.4948914085726992e-13,5.929698137683049e-14,-3.445717838685988e-07,1.7476048587349004e-07
k2_w256_d16,2022-01-10T12,2022-01-10T18,6,specific_humidity,10.0,7.394023904923742e-14,1.0262665477238218e-13,-2.320592395999947e-07,2.920138759698692e-07
k2_w256_d16,2022-01-10T12,2022-01-10T18,6,specific_humidity,20.0,1.1012628207624904e-14,1.509612458659529e-13,-2.1456115052807625e-08,3.7663458812723406e-07
k2_w256_d16,2022-01-10T12,2022-01-10T18,6,specific_humidity,30.0,7.281678240033715e-15,4.6012182206597745e-14,3.446516428070747e-08,1.943158663645708e-07
k2_w256_d16,2022-01-10T12,2022-01-10T18,6,specific_cloud_ice_water_content,1.0,2.018220428161191e-12,4.797545341486172e-12,5.864544375470594e-07,1.3564050053168743e-06
k2_w256_d16,2022-01-10T12,2022-01-10T18,6,specific_cloud_ice_water_content,2.0,1.9795203966376444e-12,4.6978753729860765e-12,5.475090498492062e-07,1.3256040063694982e-06
k2_w256_d16,2022-01-10T12,2022-01-10T18,6,specific_cloud_ice_water_content,3.0,1.97525191232878e-12,4.767852152904673e-12,5.355026395725726e-07,1.3359411842550248e-06
k2_w256_d16,2022-01-10T12,2022-01-10T18,6,specific_cloud_ice_water_content,5.0,1.954009870945628e-12,4.389750047559664e-12,5.217068260629274e-07,1.19877273334199e-06
k2_w256_d16,2022-01-10T12,2022-01-10T18,6,specific_cloud_ice_water_content,7.0,1.9645508172297874e-12,4.597170493310491e-12,5.297993034725174e-07,1.2832514289338695e-06
k2_w256_d16,2022-01-10T12,2022-01-10T18,6,specific_cloud_ice_water_content,10.0,1.991765137139077e-12,4.612434147378318e-12,5.611043996385308e-07,1.2872713749129438e-06
k2_w256_d16,2022-01-10T12,2022-01-10T18,6,specific_cloud_ice_water_content,20.0,1.423568616923166e-12,2.913375999927923e-12,3.190033574527955e-07,7.63782867672056e-07
k2_w256_d16,2022-01-10T12,2022-01-10T18,6,specific_cloud_ice_water_content,30.0,9.436207822555348e-13,1.7456801788638745e-12,-1.4547935953445059e-07,-1.0129122615451035e-07
k2_w256_d16,2022-01-10T12,2022-01-10T18,6,specific_cloud_liquid_water_content,1.0,7.729106390872128e-12,1.77444059369901e-11,8.19682241191875e-07,-9.877599205107443e-07
k2_w256_d16,2022-01-10T12,2022-01-10T18,6,specific_cloud_liquid_water_content,2.0,7.723029669184305e-12,1.7315454625114675e-11,8.421436015432085e-07,-6.803033502034377e-07
k2_w256_d16,2022-01-10T12,2022-01-10T18,6,specific_cloud_liquid_water_content,3.0,7.654783105465463e-12,1.711442768692873e-11,8.000124813630238e-07,-5.452218615207994e-07
k2_w256_d16,2022-01-10T12,2022-01-10T18,6,specific_cloud_liquid_water_content,5.0,7.704812012522845e-12,1.6947288448839085e-11,8.339259404371402e-07,-4.960113658371358e-07
k2_w256_d16,2022-01-10T12,2022-01-10T18,6,specific_cloud_liquid_water_content,7.0,7.789689585368105e-12,1.723007503553675e-11,8.742008602953416e-07,-7.052022502431604e-07
k2_w256_d16,2022-01-10T12,2022-01-10T18,6,specific_cloud_liquid_water_content,10.0,7.663161221381797e-12,1.690236506212303e-11,8.077664431684196e-07,-4.954221591742834e-07
k2_w256_d16,2022-01-10T12,2022-01-10T18,6,specific_cloud_liquid_water_content,20.0,5.882460692494723e-12,1.4408770791048663e-11,7.763123817615243e-07,-1.058327196051481e-06
k2_w256_d16,2022-01-10T12,2022-01-10T18,6,specific_cloud_liquid_water_content,30.0,3.866339289952729e-12,1.1343233909181781e-11,7.077008345748801e-07,-1.07540065282497e-06
k2_w256_d16,2022-01-10T12,2022-01-11T00,12,temperature,1.0,93.8057988151021,76.01154152616114,-5.833850330999667,2.0022312353351497
k2_w256_d16,2022-01-10T12,2022-01-11T00,12,temperature,2.0,58.49966674437055,81.54540091585545,-4.106389455582629,5.997023978175538
k2_w256_d16,2022-01-10T12,2022-01-11T00,12,temperature,3.0,31.308804576078252,92.11744984736492,-2.284684360802602,7.9334250527922405
k2_w256_d16,2022-01-10T12,2022-01-11T00,12,temperature,5.0,19.936912558426357,53.589843212223414,-1.6844888323540586,5.584351702399026
k2_w256_d16,2022-01-10T12,2022-01-11T00,12,temperature,7.0,15.249946347426846,40.254236732977915,-1.2598136245036884,4.616945021261053
k2_w256_d16,2022-01-10T12,2022-01-11T00,12,temperature,10.0,9.012262665372361,25.388069591969547,-0.4353185369053497,3.1355914015925617
k2_w256_d16,2022-01-10T12,2022-01-11T00,12,temperature,20.0,4.699122330767984,14.888459858390256,0.6303022423122968,-1.8203393446071368
k2_w256_d16,2022-01-10T12,2022-01-11T00,12,temperature,30.0,3.470688076697119,8.299185812006609,0.8341885309368242,-1.5595059365389545
k2_w256_d16,2022-01-10T12,2022-01-11T00,12,geopotential,1.0,927196061.8676372,10651003.673962392,-30257.299551430522,-1412.611372923129
k2_w256_d16,2022-01-10T12,2022-01-11T00,12,geopotential,2.0,431022010.41934115,4295568.109694786,-20620.907783609626,-520.506283753069
k2_w256_d16,2022-01-10T12,2022-01-11T00,12,geopotential,3.0,244207779.1400029,3025910.5401729373,-15520.47747677399,-598.6139739050429
k2_w256_d16,2022-01-10T12,2022-01-11T00,12,geopotential,5.0,92135415.57668635,1658946.303003,-9523.691666093058,22.05142738064201
k2_w256_d16,2022-01-10T12,2022-01-11T00,12,geopotential,7.0,36893823.06547321,1269558.5371641645,-6019.173956733186,189.80340961798322
k2_w256_d16,2022-01-10T12,2022-01-11T00,12,geopotential,10.0,7949881.394368667,1048099.715716663,-2766.79091228366,330.2106317047517
k2_w256_d16,2022-01-10T12,2022-01-11T00,12,geopotential,20.0,1892404.0374812905,724197.6612333086,1342.526474363086,529.2038983824291
k2_w256_d16,2022-01-10T12,2022-01-11T00,12,geopotential,30.0,3238587.302015121,738921.4866208236,1783.185388784079,685.2096020471946
k2_w256_d16,2022-01-10T12,2022-01-11T00,12,geopotential,500.0,1343.1586599932718,103433.54366696099,-7.548855886702944,-11.299394892996046
k2_w256_d16,2022-01-10T12,2022-01-11T00,12,u_component_of_wind,1.0,389.57929500835814,450.1068542608567,1.8153463162586783,-6.375450898999981
k2_w256_d16,2022-01-10T12,2022-01-11T00,12,u_component_of_wind,2.0,213.9190540748728,210.20250829287187,2.02700133009092,3.964839978950981
k2_w256_d16,2022-01-10T12,2022-01-11T00,12,u_component_of_wind,3.0,127.71290131507371,145.41693814148488,-2.0355439556417694,0.7781826559182168
k2_w256_d16,2022-01-10T12,2022-01-11T00,12,u_component_of_wind,5.0,110.59677309322598,218.03720546886996,-1.4436069431407654,-0.8761728445968746
k2_w256_d16,2022-01-10T12,2022-01-11T00,12,u_component_of_wind,7.0,108.82091799322451,281.11801784046827,-3.7986858141800695,-5.031877073717181
k2_w256_d16,2022-01-10T12,2022-01-11T00,12,u_component_of_wind,10.0,128.10450873660378,394.22611523608737,-5.124626788925966,-9.138527473597575
k2_w256_d16,2022-01-10T12,2022-01-11T00,12,u_component_of_wind,20.0,26.574166759340887,71.94221086626875,1.0271605336772036,-1.9101356122770305
k2_w256_d16,2022-01-10T12,2022-01-11T00,12,u_component_of_wind,30.0,24.402141286449705,50.99623504580045,1.6341076130549672,-1.2431461835398911
k2_w256_d16,2022-01-10T12,2022-01-11T00,12,v_component_of_wind,1.0,160.50156107223677,236.86213717119887,-0.5482464590569243,0.44076614248745616
k2_w256_d16,2022-01-10T12,2022-01-11T00,12,v_component_of_wind,2.0,78.12287654689463,137.54561409192905,-0.12503193287292352,-3.8177951972992963
k2_w256_d16,2022-01-10T12,2022-01-11T00,12,v_component_of_wind,3.0,63.68715361244007,135.39434022686106,-0.3011931309338274,-5.415092308591584
k2_w256_d16,2022-01-10T12,2022-01-11T00,12,v_component_of_wind,5.0,35.70346026018033,79.43875844683534,0.09633973440301086,-3.8802963369331542
k2_w256_d16,2022-01-10T12,2022-01-11T00,12,v_component_of_wind,7.0,27.008671741636142,52.9992006558689,0.4319339321473017,-2.7150352633534416
k2_w256_d16,2022-01-10T12,2022-01-11T00,12,v_component_of_wind,10.0,18.201269082733745,37.827785543204214,-0.3925744304042039,-2.6926759977392933
k2_w256_d16,2022-01-10T12,2022-01-11T00,12,v_component_of_wind,20.0,8.995464411130085,20.043889816973838,-0.5477304592839556,-2.2855860164331285
k2_w256_d16,2022-01-10T12,2022-01-11T00,12,v_component_of_wind,30.0,6.672155845204305,15.023307965845632,-0.43169562648284565,-1.0673600952462898
k2_w256_d16,2022-01-10T12,2022-01-11T00,12,specific_humidity,1.0,7.80319367068682e-13,1.1740908822815495e-13,-8.656452931547107e-07,-2.765292941851457e-07
k2_w256_d16,2022-01-10T12,2022-01-11T00,12,specific_humidity,2.0,4.0179905444595127e-13,2.286924940803454e-14,-6.164550087961339e-07,-2.913880852180938e-08
k2_w256_d16,2022-01-10T12,2022-01-11T00,12,specific_humidity,3.0,3.1289688459346e-13,3.0778197155221717e-14,-5.328245849325115e-07,5.439276672962616e-08
k2_w256_d16,2022-01-10T12,2022-01-11T00,12,specific_humidity,5.0,2.177884597352007e-13,6.551563463178827e-14,-4.267686465432817e-07,1.7547224655065873e-07
k2_w256_d16,2022-01-10T12,2022-01-11T00,12,specific_humidity,7.0,1.4894871344449016e-13,9.092416344000934e-14,-3.4406484966353616e-07,2.497126613642446e-07
k2_w256_d16,2022-01-10T12,2022-01-11T00,12,specific_humidity,10.0,7.401211093361581e-14,1.5523354095529993e-13,-2.3120870561287533e-07,3.694882090964739e-07
k2_w256_d16,2022-01-10T12,2022-01-11T00,12,specific_humidity,20.0,1.1295967399482518e-14,1.9464416751207723e-13,-2.1835357268971277e-08,4.3013764590499053e-07
k2_w256_d16,2022-01-10T12,2022-01-11T00,12,specific_humidity,30.0,7.230749996145586e-15,4.9456261046525933e-14,3.4213216075158695e-08,2.023664024072211e-07
k2_w256_d16,2022-01-10T12,2022-01-11T00,12,specific_cloud_ice_water_content,1.0,1.6612212335802744e-12,2.869580574239637e-11,4.3794918911904995e-07,9.673177141990478e-07
k2_w256_d16,2022-01-10T12,2022-01-11T00,12,specific_cloud_ice_water_content,2.0,1.633712221785106e-12,2.8700791199231074e-11,3.98950988325921e-07,8.8817300888032e-07
k2_w256_d16,2022-01-10T12,2022-01-11T00,12,specific_cloud_ice_water_content,3.0,1.6349403518295812e-12,2.8553837068932462e-11,3.8776259791862e-07,8.761042206458821e-07
k2_w256_d16,2022-01-10T12,2022-01-11T00,12,specific_cloud_ice_water_content,5.0,1.616010261690827e-12,2.8514716120904307e-11,3.726768240865988e-07,7.80270322906525e-07
k2_w256_d16,2022-01-10T12,2022-01-11T00,12,specific_cloud_ice_water_content,7.0,1.6229172489401893e-12,2.8658316859044067e-11,3.811505744437824e-07,8.860548020650565e-07
k2_w256_d16,2022-01-10T12,2022-01-11T00,12,specific_cloud_ice_water_content,10.0,1.6427463712224786e-12,2.863830414644624e-11,4.124557160245113e-07,8.858922265939524e-07
k2_w256_d16,2022-01-10T12,2022-01-11T00,12,specific_cloud_ice_water_content,20.0,1.2230094762720808e-12,1.796350759410072e-11,1.8701116368246304e-07,1.178648868230425e-07
k2_w256_d16,2022-01-10T12,2022-01-11T00,12,specific_cloud_ice_water_content,30.0,9.147460850226852e-13,1.2307778528929024e-11,-2.533644758823614e-07,-1.3104955273692328e-06
k2_w256_d16,2022-01-10T12,2022-01-11T00,12,specific_cloud_liquid_water_content,1.0,6.223782110862518e-12,9.179148774931174e-11,7.337041023281788e-07,8.323682472945428e-08
k2_w256_d16,2022-01-10T12,2022-01-11T00,12,specific_cloud_liquid_water_content,2.0,6.231644629647477e-12,9.196525778858751e-11,7.596474215414032e-07,3.7358739337280685e-07
k2_w256_d16,2022-01-10T12,2022-01-11T00,12,specific_cloud_liquid_water_content,3.0,6.17328514178011e-12,9.230528613707362e-11,7.181262665655645e-07,5.129838461453526e-07
k2_w256_d16,2022-01-10T12,2022-01-11T00,12,specific_cloud_liquid_water_content,5.0,6.213156842678342e-12,9.249895792944237e-11,7.471860211789556e-07,5.004423313967295e-07
k2_w256_d16,2022-01-10T12,2022-01-11T00,12,specific_cloud_liquid_water_content,7.0,6.2836139219848745e-12,9.197904918908038e-11,7.886542347602478e-07,3.2393528957731435e-07
k2_w256_d16,2022-01-10T12,2022-01-11T00,12,specific_cloud_liquid_water_content,10.0,6.177359570845769e-12,9.211579457420639e-11,7.263476381054938e-07,4.6370477092197185e-07
k2_w256_d16,2022-01-10T12,2022-01-11T00,12,specific_cloud_liquid_water_content,20.0,4.765653187762234e-12,6.749630572285389e-11,7.215155049472536e-07,-9.270861595456081e-07
k2_w256_d16,2022-01-10T12,2022-01-11T00,12,specific_cloud_liquid_water_content,30.0,3.133079971540133e-12,5.5683012053750147e-11,7.120793086477053e-07,-2.6084338705545306e-06
k2_w256_d16,2022-01-10T18,2022-01-11T00,6,temperature,1.0,92.21794044906794,68.09069578958926,-5.761354894924825,1.4149450858901247
k2_w256_d16,2022-01-10T18,2022-01-11T00,6,temperature,2.0,59.19356071636151,80.12234960206305,-3.988370675276738,5.402366823909823
k2_w256_d16,2022-01-10T18,2022-01-11T00,6,temperature,3.0,32.79964484723008,76.1309999266954,-2.169798504362773,6.579315752550201
k2_w256_d16,2022-01-10T18,2022-01-11T00,6,temperature,5.0,21.099501553857166,40.484976509955914,-1.6091698893447512,4.257751323362581
k2_w256_d16,2022-01-10T18,2022-01-11T00,6,temperature,7.0,15.5873543797425,32.36717132797858,-1.2064951507076356,3.950912658235228
k2_w256_d16,2022-01-10T18,2022-01-11T00,6,temperature,10.0,8.93787777824648,15.348606662253978,-0.41297026111245433,2.289210933866363
k2_w256_d16,2022-01-10T18,2022-01-11T00,6,temperature,20.0,4.573209091039614,12.166362733134752,0.60665024149434,-2.289386259493551
k2_w256_d16,2022-01-10T18,2022-01-11T00,6,temperature,30.0,3.4902927082577744,11.994761244708059,0.7857748315110589,-2.7485073886199434
k2_w256_d16,2022-01-10T18,2022-01-11T00,6,geopotential,1.0,925461740.8506007,8980814.924639419,-30219.249391083435,-1454.8941105212532
k2_w256_d16,2022-01-10T18,2022-01-11T00,6,geopotential,2.0,430457905.12229747,3252198.755681511,-20600.04709254167,-498.1170040772045
k2_w256_d16,2022-01-10T18,2022-01-11T00,6,geopotential,3.0,244066497.94683838,2273032.1561561404,-15511.193229445746,-708.4707636497048
k2_w256_d16,2022-01-10T18,2022-01-11T00,6,geopotential,5.0,92322918.87233104,987281.5360602359,-9531.713019099005,-46.8833345574556
k2_w256_d16,2022-01-10T18,2022-01-11T00,6,geopotential,7.0,37098194.843905784,653333.6350856461,-6035.135353526953,180.60211027562394
k2_w256_d16,2022-01-10T18,2022-01-11T00,6,geopotential,10.0,8074573.652850591,426990.3162210145,-2787.5827934840063,220.70058341541093
k2_w256_d16,2022-01-10T18,2022-01-11T00,6,geopotential,20.0,1825364.8613567448,255424.26192651346,1315.1729310572273,334.08884303952794
k2_w256_d16,2022-01-10T18,2022-01-11T00,6,geopotential,30.0,3147813.4034901643,210242.06511983447,1757.0797378197574,321.45798773258286
k2_w256_d16,2022-01-10T18,2022-01-11T00,6,geopotential,500.0,1233.7259139268353,15712.23245751922,-9.18688378555979,-4.005527284671281
k2_w256_d16,2022-01-10T18,2022-01-11T00,6,u_component_of_wind,1.0,390.9839159516805,441.63746635535085,2.048245278783206,-5.110269099924619
k2_w256_d16,2022-01-10T18,2022-01-11T00,6,u_component_of_wind,2.0,217.95204540044114,237.38736532193965,2.2642633519387387,5.258059581290064
k2_w256_d16,2022-01-10T18,2022-01-11T00,6,u_component_of_wind,3.0,126.16610960954247,118.21222599802209,-1.795662977971067,1.5314309563444255
k2_w256_d16,2022-01-10T18,2022-01-11T00,6,u_component_of_wind,5.0,104.63062996215567,136.39728762269345,-1.1512403748670343,-0.9288314919975893
k2_w256_d16,2022-01-10T18,2022-01-11T00,6,u_component_of_wind,7.0,101.64659305690259,193.53882813560216,-3.5370612907259886,-4.94107988635766
k2_w256_d16,2022-01-10T18,2022-01-11T00,6,u_component_of_wind,10.0,122.41978465240223,305.90175483952396,-4.937893028622016,-8.38817926859889
k2_w256_d16,2022-01-10T18,2022-01-11T00,6,u_component_of_wind,20.0,25.909307393384623,51.70168414960605,1.0254615852339741,-1.1992586906577003
k2_w256_d16,2022-01-10T18,2022-01-11T00,6,u_component_of_wind,30.0,24.07683587652371,36.426187449175124,1.569797185715401,-0.6814786386494893
k2_w256_d16,2022-01-10T18,2022-01-11T00,6,v_component_of_wind,1.0,161.19312872733227,220.81627467913376,-0.4972688511609682,5.4692157041916065
k2_w256_d16,2022-01-10T18,2022-01-11T00,6,v_component_of_wind,2.0,79.8916732330319,91.12074824067946,-0.0992755591636663,1.5922372966082432
k2_w256_d16,2022-01-10T18,2022-01-11T00,6,v_component_of_wind,3.0,64.67251435697676,68.20389802214267,-0.28887305190767876,0.10865210066437805
k2_w256_d16,2022-01-10T18,2022-01-11T00,6,v_component_of_wind,5.0,36.36333145233246,43.37150128443966,0.1042131770961393,0.7247239098339693
k2_w256_d16,2022-01-10T18,2022-01-11T00,6,v_component_of_wind,7.0,27.991076872933405,32.01128768613038,0.44181111140702206,0.7956723104891563
k2_w256_d16,2022-01-10T18,2022-01-11T00,6,v_component_of_wind,10.0,18.45123055648012,20.927057604401988,-0.3720776801262361,-0.32460962774679364
k2_w256_d16,2022-01-10T18,2022-01-11T00,6,v_component_of_wind,20.0,9.24825738449574,12.713877661896406,-0.5054263731338146,-1.6263968883274411
k2_w256_d16,2022-01-10T18,2022-01-11T00,6,v_component_of_wind,30.0,6.381370082469462,7.322355285949237,-0.37564477312320743,0.14678155917242136
k2_w256_d16,2022-01-10T18,2022-01-11T00,6,specific_humidity,1.0,7.800625591768339e-13,1.6161457188259578e-13,-8.65511635953819e-07,-3.495460265626221e-07
k2_w256_d16,2022-01-10T18,2022-01-11T00,6,specific_humidity,2.0,4.015305886443255e-13,3.351503517906608e-14,-6.163023680953457e-07,-1.0101677534974499e-07
k2_w256_d16,2022-01-10T18,2022-01-11T00,6,specific_humidity,3.0,3.1278979829652054e-13,2.95325781119193e-14,-5.326903475456738e-07,-1.3585241381984853e-08
k2_w256_d16,2022-01-10T18,2022-01-11T00,6,specific_humidity,5.0,2.176554652231826e-13,4.615038713223646e-14,-4.2659177795637664e-07,1.0683958687641499e-07
k2_w256_d16,2022-01-10T18,2022-01-11T00,6,specific_humidity,7.0,1.4889760624728168e-13,5.927548604381815e-14,-3.4392037701635315e-07,1.7635638161259972e-07
k2_w256_d16,2022-01-10T18,2022-01-11T00,6,specific_humidity,10.0,7.38240764235398e-14,1.0374029267127577e-13,-2.3099575981681824e-07,2.938145940895161e-07
k2_w256_d16,2022-01-10T18,2022-01-11T00,6,specific_humidity,20.0,1.1180971937551945e-14,1.5132836961247952e-13,-2.1718044312514322e-08,3.768618421200757e-07
k2_w256_d16,2022-01-10T18,2022-01-11T00,6,specific_humidity,30.0,7.225818178755897e-15,4.61391167514412e-14,3.4493937253814436e-08,1.9465796340297597e-07
k2_w256_d16,2022-01-10T18,2022-01-11T00,6,specific_cloud_ice_water_content,1.0,2.1633908034525313e-12,5.1243682852501375e-12,6.499675975413682e-07,1.427358516599987e-06
k2_w256_d16,2022-01-10T18,2022-01-11T00,6,specific_cloud_ice_water_content,2.0,2.118790180876067e-12,5.005343303965516e-12,6.104056180424807e-07,1.3968905435348435e-06
k2_w256_d16,2022-01-10T18,2022-01-11T00,6,specific_cloud_ice_water_content,3.0,2.1140012444234565e-12,5.076994948011765e-12,5.994646396742449e-07,1.405439974942439e-06
k2_w256_d16,2022-01-10T18,2022-01-11T00,6,specific_cloud_ice_water_content,5.0,2.0905673392545132e-12,4.68339516439026e-12,5.851537964143026e-07,1.268863225013776e-06
k2_w256_d16,2022-01-10T18,2022-01-11T00,6,specific_cloud_ice_water_content,7.0,2.1012331216187144e-12,4.90417465804168e-12,5.931279330799063e-07,1.3539421331833042e-06
k2_w256_d16,2022-01-10T18,2022-01-11T00,6,specific_cloud_ice_water_content,10.0,2.1333686937602134e-12,4.919604067095091e-12,6.247106484817316e-07,1.3575118733138887e-06
k2_w256_d16,2022-01-10T18,2022-01-11T00,6,specific_cloud_ice_water_content,20.0,1.5298961354716566e-12,3.1479739746312243e-12,3.825320008793649e-07,8.406900575788552e-07
k2_w256_d16,2022-01-10T18,2022-01-11T00,6,specific_cloud_ice_water_content,30.0,9.595745302098108e-13,1.8014758546480189e-12,-8.644361461980674e-08,-1.899964815496869e-08
k2_w256_d16,2022-01-10T18,2022-01-11T00,6,specific_cloud_liquid_water_content,1.0,7.663751797354223e-12,1.7457184750749693e-11,8.207683724828757e-07,-1.0572064120907068e-06
k2_w256_d16,2022-01-10T18,2022-01-11T00,6,specific_cloud_liquid_water_content,2.0,7.670258939294563e-12,1.6996203759945904e-11,8.442107929353149e-07,-7.471379924120326e-07
k2_w256_d16,2022-01-10T18,2022-01-11T00,6,specific_cloud_liquid_water_content,3.0,7.604628550239604e-12,1.6794290753110058e-11,8.021488996602079e-07,-6.144898847784224e-07
k2_w256_d16,2022-01-10T18,2022-01-11T00,6,specific_cloud_liquid_water_content,5.0,7.652037496509476e-12,1.66059718907935e-11,8.346919290617294e-07,-5.656132348318617e-07
k2_w256_d16,2022-01-10T18,2022-01-11T00,6,specific_cloud_liquid_water_content,7.0,7.727893333693106e-12,1.6899745821383055e-11,8.747401093806072e-07,-7.712959832019392e-07
k2_w256_d16,2022-01-10T18,2022-01-11T00,6,specific_cloud_liquid_water_content,10.0,7.604913037441995e-12,1.6591809652134462e-11,8.093200496451363e-07,-5.650022846744736e-07
k2_w256_d16,2022-01-10T18,2022-01-11T00,6,specific_cloud_liquid_water_content,20.0,5.8773226140489015e-12,1.4198245273367857e-11,7.811838144053317e-07,-1.0995063857286508e-06
k2_w256_d16,2022-01-10T18,2022-01-11T00,6,specific_cloud_liquid_water_content,30.0,3.9523828073324785e-12,1.1304383621986174e-11,7.170847164336704e-07,-1.0632743743760992e-06
k2_w256_d16,2022-01-10T18,2022-01-11T06,12,temperature,1.0,97.21183357834299,79.0951726561326,-5.817757160158014,2.0590812814402426
k2_w256_d16,2022-01-10T18,2022-01-11T06,12,temperature,2.0,63.9096710216633,81.46801115059151,-4.313937055446208,5.765761896462628
k2_w256_d16,2022-01-10T18,2022-01-11T06,12,temperature,3.0,36.46718027599344,87.14083687038455,-2.655443749194712,7.521281741904799
k2_w256_d16,2022-01-10T18,2022-01-11T06,12,temperature,5.0,20.428178921287824,48.701576559317566,-1.9718832525416732,5.273560427313882
k2_w256_d16,2022-01-10T18,2022-01-11T06,12,temperature,7.0,14.67581204014995,36.69011052638266,-1.4543396956464576,4.4037623019055445
k2_w256_d16,2022-01-10T18,2022-01-11T06,12,temperature,10.0,9.620709951044855,24.8063777413183,-0.35752019138059565,2.9723625138274423
k2_w256_d16,2022-01-10T18,2022-01-11T06,12,temperature,20.0,4.768527425178879,15.154244139118195,0.6892566701757673,-1.8932989919685297
k2_w256_d16,2022-01-10T18,2022-01-11T06,12,temperature,30.0,3.7957110952627655,8.73948322197042,0.8967197784853322,-1.5609902032921945
k2_w256_d16,2022-01-10T18,2022-01-11T06,12,geopotential,1.0,929973204.2544273,11372305.45779828,-30288.8173186334,-1586.8270275367026
k2_w256_d16,2022-01-10T18,2022-01-11T06,12,geopotential,2.0,433593630.6781395,4565854.212057701,-20678.22207146322,-679.4322940767356
k2_w256_d16,2022-01-10T18,2022-01-11T06,12,geopotential,3.0,245597806.55414987,3190866.9726089584,-15563.586351608985,-727.6053684633333
k2_w256_d16,2022-01-10T18,2022-01-11T06,12,geopotential,5.0,92507690.45357592,1637827.1885799663,-9540.703040505976,-55.397769699310516
k2_w256_d16,2022-01-10T18,2022-01-11T06,12,geopotential,7.0,37034298.512391835,1220423.6881282227,-6028.128929863104,137.79685919901652
k2_w256_d16,2022-01-10T18,2022-01-11T06,12,geopotential,10.0,7971719.999668643,993347.0973946779,-2772.7603940079925,295.75758263468265
k2_w256_d16,2022-01-10T18,2022-01-11T06,12,geopotential,20.0,1863887.0927917524,719622.2093808089,1336.30781734884,519.6084810968187
k2_w256_d16,2022-01-10T18,2022-01-11T06,12,geopotential,30.0,3229449.437865137,735211.0973899742,1781.6175982344869,685.5733319559841
k2_w256_d16,2022-01-10T18,2022-01-11T06,12,geopotential,500.0,1430.3788322242563,101641.52001870061,-5.3452912346774255,-12.688600905129656
k2_w256_d16,2022-01-10T18,2022-01-11T06,12,u_component_of_wind,1.0,356.7241406158404,418.66488761872347,1.1126448923919852,-6.929147476119704
k2_w256_d16,2022-01-10T18,2022-01-11T06,12,u_component_of_wind,2.0,226.40909474611692,214.00003144421066,2.123597102231085,4.1822303426050045
k2_w256_d16,2022-01-10T18,2022-01-11T06,12,u_component_of_wind,3.0,151.8055392386138,153.06336363188692,-1.983424689124767,0.9775790507176683
k2_w256_d16,2022-01-10T18,2022-01-11T06,12,u_component_of_wind,5.0,110.64010716070388,207.9441673922036,-1.9150896287337045,-1.2487465594002862
k2_w256_d16,2022-01-10T18,2022-01-11T06,12,u_component_of_wind,7.0,111.82485991672968,284.38437980364995,-4.171768751178337,-5.240159401112885
k2_w256_d16,2022-01-10T18,2022-01-11T06,12,u_component_of_wind,10.0,128.1430574754492,390.50106275102297,-5.342995221995414,-9.159901625172868
k2_w256_d16,2022-01-10T18,2022-01-11T06,12,u_component_of_wind,20.0,25.304678728980505,68.38032934486702,1.1453352972329638,-1.764313441049007
k2_w256_d16,2022-01-10T18,2022-01-11T06,12,u_component_of_wind,30.0,26.81656696897413,51.02716735128636,1.7755630998193006,-1.1555625513379626
k2_w256_d16,2022-01-10T18,2022-01-11T06,12,v_component_of_wind,1.0,184.3395822227581,229.79512478776448,0.1239521046176877,0.33757527866561393
k2_w256_d16,2022-01-10T18,2022-01-11T06,12,v_component_of_wind,2.0,79.2417253609805,135.35290703528847,0.5520475337611261,-3.577582866143015
k2_w256_d16,2022-01-10T18,2022-01-11T06,12,v_component_of_wind,3.0,48.511990631523375,123.35033134123925,-0.24451309631834536,-5.602257307831552
k2_w256_d16,2022-01-10T18,2022-01-11T06,12,v_component_of_wind,5.0,38.402215608701674,88.0740032462183,-0.045271507798255374,-4.218914170876658
k2_w256_d16,2022-01-10T18,2022-01-11T06,12,v_component_of_wind,7.0,25.109825316387056,52.33599523278194,0.44828601527271417,-2.8752617203941186
k2_w256_d16,2022-01-10T18,2022-01-11T06,12,v_component_of_wind,10.0,17.102983291216685,36.75120401141808,-0.239922325751024,-2.6928702549955643
k2_w256_d16,2022-01-10T18,2022-01-11T06,12,v_component_of_wind,20.0,9.036452910551265,19.521361638089424,-0.2922739258912756,-2.17332876327293
k2_w256_d16,2022-01-10T18,2022-01-11T06,12,v_component_of_wind,30.0,6.833518768118794,15.356872612472221,-0.16605773908238547,-0.9215458435303259
k2_w256_d16,2022-01-10T18,2022-01-11T06,12,specific_humidity,1.0,7.797768914543649e-13,1.1624293702990067e-13,-8.65557025432097e-07,-2.7522426904533995e-07
k2_w256_d16,2022-01-10T18,2022-01-11T06,12,specific_humidity,2.0,4.0126925332210546e-13,2.2706893419807502e-14,-6.158928980171877e-07,-2.7353327554649815e-08
k2_w256_d16,2022-01-10T18,2022-01-11T06,12,specific_humidity,3.0,3.0999462525382683e-13,3.015915160699172e-14,-5.305331285097079e-07,5.7850905216669234e-08
k2_w256_d16,2022-01-10T18,2022-01-11T06,12,specific_humidity,5.0,2.1695481467434012e-13,6.572975929476689e-14,-4.2569137988869127e-07,1.7779466886351827e-07
k2_w256_d16,2022-01-10T18,2022-01-11T06,12,specific_humidity,7.0,1.4954395267297982e-13,9.096801943074669e-14,-3.4463677557343627e-07,2.504192089544256e-07
k2_w256_d16,2022-01-10T18,2022-01-11T06,12,specific_humidity,10.0,7.271394838296463e-14,1.5677538877538944e-13,-2.2915998039331345e-07,3.7272683798405365e-07
k2_w256_d16,2022-01-10T18,2022-01-11T06,12,specific_humidity,20.0,1.1518342959604193e-14,1.9568790667970286e-13,-2.2114970271580276e-08,4.3101383006846024e-07
k2_w256_d16,2022-01-10T18,2022-01-11T06,12,specific_humidity,30.0,7.239082369812813e-15,5.0156045613589565e-14,3.414228879817499e-08,2.0363311075324796e-07
k2_w256_d16,2022-01-10T18,2022-01-11T06,12,specific_cloud_ice_water_content,1.0,1.6999847003529142e-12,2.8213220931643148e-11,4.368501164606465e-07,1.1410316731684886e-06
k2_w256_d16,2022-01-10T18,2022-01-11T06,12,specific_cloud_ice_water_content,2.0,1.671859335847775e-12,2.8163923064014938e-11,3.9749052298536617e-07,1.0624670042470767e-06
k2_w256_d16,2022-01-10T18,2022-01-11T06,12,specific_cloud_ice_water_content,3.0,1.6727651174091464e-12,2.8039010424681556e-11,3.8636442032875124e-07,1.0491928286174894e-06
k2_w256_d16,2022-01-10T18,2022-01-11T06,12,specific_cloud_ice_water_content,5.0,1.6540437928420413e-12,2.7944311622661792e-11,3.7113737118165036e-07,9.548594471285016e-07
k2_w256_d16,2022-01-10T18,2022-01-11T06,12,specific_cloud_ice_water_content,7.0,1.6608376110029847e-12,2.8124617007062528e-11,3.7984171307480133e-07,1.060063994075263e-06
k2_w256_d16,2022-01-10T18,2022-01-11T06,12,specific_cloud_ice_water_content,10.0,1.6823305569091033e-12,2.8112633754682205e-11,4.1110086073958144e-07,1.0604376295059443e-06
k2_w256_d16,2022-01-10T18,2022-01-11T06,12,specific_cloud_ice_water_content,20.0,1.2530907536722093e-12,1.7428532662816775e-11,1.8879709810790676e-07,2.754458733272983e-07
k2_w256_d16,2022-01-10T18,2022-01-11T06,12,specific_cloud_ice_water_content,30.0,9.336892989578969e-13,1.1611160771220222e-11,-2.485214135133081e-07,-1.202956635626431e-06
k2_w256_d16,2022-01-10T18,2022-01-11T06,12,specific_cloud_liquid_water_content,1.0,6.4978686102505216e-12,9.364480199674774e-11,7.409041031014594e-07,1.390320296606576e-07
k2_w256_d16,2022-01-10T18,2022-01-11T06,12,specific_cloud_liquid_water_content,2.0,6.50461703928506e-12,9.376107796997276e-11,7.679074770643505e-07,4.2586814442586485e-07
k2_w256_d16,2022-01-10T18,2022-01-11T06,12,specific_cloud_liquid_water_content,3.0,6.440428864340297e-12,9.412756283181116e-11,7.255863624167489e-07,5.653103488864746e-07
k2_w256_d16,2022-01-10T18,2022-01-11T06,12,specific_cloud_liquid_water_content,5.0,6.4848942485818896e-12,9.431132684926288e-11,7.545763535198785e-07,5.535995435814894e-07
k2_w256_d16,2022-01-10T18,2022-01-11T06,12,specific_cloud_liquid_water_content,7.0,6.558609826139284e-12,9.376511025565953e-11,7.953488087193369e-07,3.7933049777047546e-07
k2_w256_d16,2022-01-10T18,2022-01-11T06,12,specific_cloud_liquid_water_content,10.0,6.4421980391633845e-12,9.391576854411688e-11,7.33804037450197e-07,5.17556878707064e-07
k2_w256_d16,2022-01-10T18,2022-01-11T06,12,specific_cloud_liquid_water_content,20.0,4.9516993469893655e-12,6.888513529394897e-11,7.296985397366137e-07,-9.17232843088835e-07
k2_w256_d16,2022-01-10T18,2022-01-11T06,12,specific_cloud_liquid_water_content,30.0,3.1338615253040214e-12,5.602189296465968e-11,7.263440910251259e-07,-2.70609366339102e-06
k2_w256_d16,2022-01-11T00,2022-01-11T06,6,temperature,1.0,96.01278742871295,73.60911198879347,-5.7504671206374205,1.5950471449874404
k2_w256_d16,2022-01-11T00,2022-01-11T06,6,temperature,2.0,64.97134836866576,82.54619960648222,-4.204531649883291,5.298743112382365
k2_w256_d16,2022-01-11T00,2022-01-11T06,6,temperature,3.0,37.38463621384311,74.04700322475921,-2.5553649213211207,6.319381124917731
k2_w256_d16,2022-01-11T00,2022-01-11T06,6,temperature,5.0,20.749786712178977,36.901349495100845,-1.85951973501082,4.103200089292073
k2_w256_d16,2022-01-11T00,2022-01-11T06,6,temperature,7.0,14.62300186282001,30.46280830939863,-1.3280001030865125,3.907244495885676
k2_w256_d16,2022-01-11T00,2022-01-11T06,6,temperature,10.0,9.563606537185704,16.102036507488954,-0.2629022800016626,2.2966180376451395
k2_w256_d16,2022-01-11T00,2022-01-11T06,6,temperature,20.0,4.789617797767283,12.00506252629554,0.6945800113319129,-2.287431786835078
k2_w256_d16,2022-01-11T00,2022-01-11T06,6,temperature,30.0,3.818234311074133,11.859281052445429,0.8763241735227689,-2.702415866907898
k2_w256_d16,2022-01-11T00,2022-01-11T06,6,geopotential,1.0,924369727.0873342,8736223.485852132,-30190.146338056373,-1411.6931904404123
k2_w256_d16,2022-01-11T00,2022-01-11T06,6,geopotential,2.0,430392371.6225128,3149732.4157722695,-20596.56100747371,-492.5813949729842
k2_w256_d16,2022-01-11T00,2022-01-11T06,6,geopotential,3.0,243519732.4590084,2220221.677267869,-15494.473480712553,-685.8293371748616
k2_w256_d16,2022-01-11T00,2022-01-11T06,6,geopotential,5.0,91483817.89742734,1009296.817810188,-9485.80824751556,-8.731412726135886
k2_w256_d16,2022-01-11T00,2022-01-11T06,6,geopotential,7.0,36521227.46490868,683695.3449106326,-5984.404415474494,219.65573173671987
k2_w256_d16,2022-01-11T00,2022-01-11T06,6,geopotential,10.0,7797439.73730471,423455.6572440645,-2739.1882778815916,256.91202228230566
k2_w256_d16,2022-01-11T00,2022-01-11T06,6,geopotential,20.0,1911060.7272417713,270608.4761667438,1352.212030652479,366.1356319435549
k2_w256_d16,2022-01-11T00,2022-01-11T06,6,geopotential,30.0,3258564.673898424,227194.24824831783,1789.3192099299713,351.06311909832385
k2_w256_d16,2022-01-11T00,2022-01-11T06,6,geopotential,500.0,628.964746173925,14842.801757763675,-5.123217668806532,-1.2516764183586258
k2_w256_d16,2022-01-11T00,2022-01-11T06,6,u_component_of_wind,1.0,355.86098084146806,412.68616942259473,1.1239184556862702,-6.340084562090398
k2_w256_d16,2022-01-11T00,2022-01-11T06,6,u_component_of_wind,2.0,228.16087176924088,233.13628139974924,2.1876941313570315,4.989852734670796
k2_w256_d16,2022-01-11T00,2022-01-11T06,6,u_component_of_wind,3.0,152.00501237193805,136.6785091286386,-1.9034759967730932,1.2952249157542086
k2_w256_d16,2022-01-11T00,2022-01-11T06,6,u_component_of_wind,5.0,107.49783618708517,137.25973937275728,-1.770248554472134,-1.7564417395511103
k2_w256_d16,2022-01-11T00,2022-01-11T06,6,u_component_of_wind,7.0,108.2398743943659,210.34379834220124,-4.084626709677419,-5.642128456019909
k2_w256_d16,2022-01-11T00,2022-01-11T06,6,u_component_of_wind,10.0,128.7724595904675,319.21275971968976,-5.3662443758981215,-8.89562477319414
k2_w256_d16,2022-01-11T00,2022-01-11T06,6,u_component_of_wind,20.0,23.0188876662995,49.91837833054608,0.9673660945594722,-1.3030174785163482
k2_w256_d16,2022-01-11T00,2022-01-11T06,6,u_component_of_wind,30.0,25.237522883703832,36.606361340635516,1.6250830085903858,-0.657677023737471
k2_w256_d16,2022-01-11T00,2022-01-11T06,6,v_component_of_wind,1.0,183.73289127900867,229.16999824962193,-0.007898805651862219,5.3066400533539735
k2_w256_d16,2022-01-11T00,2022-01-11T06,6,v_component_of_wind,2.0,77.70032232211511,91.27099221626695,0.3793341284368861,1.5233354985847913
k2_w256_d16,2022-01-11T00,2022-01-11T06,6,v_component_of_wind,3.0,47.52592359058176,57.12627358776665,-0.4296658189440725,-0.4849436537020047
k2_w256_d16,2022-01-11T00,2022-01-11T06,6,v_component_of_wind,5.0,36.68113597124827,43.60688342545551,-0.22209147044309116,0.033951926969653004
k2_w256_d16,2022-01-11T00,2022-01-11T06,6,v_component_of_wind,7.0,23.566752202172616,26.22959542572149,0.283100317095374,0.3333073180830463
k2_w256_d16,2022-01-11T00,2022-01-11T06,6,v_component_of_wind,10.0,16.377666286553158,18.464020433961092,-0.37439481401947444,-0.5585734035429534
k2_w256_d16,2022-01-11T00,2022-01-11T06,6,v_component_of_wind,20.0,9.452559000014421,13.26705845264465,-0.34415245865172717,-1.5810159944227788
k2_w256_d16,2022-01-11T00,2022-01-11T06,6,v_component_of_wind,30.0,6.619986499580942,7.407557966123196,-0.14921921194988594,0.29738502710005876
k2_w256_d16,2022-01-11T00,2022-01-11T06,6,specific_humidity,1.0,7.806413861629879e-13,1.61038864196468e-13,-8.65884907966096e-07,-3.482653007858225e-07
k2_w256_d16,2022-01-11T00,2022-01-11T06,6,specific_humidity,2.0,4.017801708337924e-13,3.3521388472812563e-14,-6.161803984502729e-07,-9.931701792443865e-08
k2_w256_d16,2022-01-11T00,2022-01-11T06,6,specific_humidity,3.0,3.104293083175175e-13,2.8905216959255905e-14,-5.308813350114182e-07,-1.0171000833725466e-08
k2_w256_d16,2022-01-11T00,2022-01-11T06,6,specific_humidity,5.0,2.173073523502668e-13,4.682892506635284e-14,-4.259629051004811e-07,1.0912226811335717e-07
k2_w256_d16,2022-01-11T00,2022-01-11T06,6,specific_humidity,7.0,1.496563036229607e-13,5.961784261343662e-14,-3.449322154663852e-07,1.7692585610218186e-07
k2_w256_d16,2022-01-11T00,2022-01-11T06,6,specific_humidity,10.0,7.250981702820779e-14,1.0495861218633382e-13,-2.294551260796806e-07,2.969288133667268e-07
k2_w256_d16,2022-01-11T00,2022-01-11T06,6,specific_humidity,20.0,1.1299252879507506e-14,1.5190674866407786e-13,-2.2280599701411864e-08,3.7757246061636495e-07
k2_w256_d16,2022-01-11T00,2022-01-11T06,6,specific_humidity,30.0,7.225850962968725e-15,4.621295633814581e-14,3.431447441125743e-08,1.949300521004124e-07
k2_w256_d16,2022-01-11T00,2022-01-11T06,6,specific_cloud_ice_water_content,1.0,2.100758226587216e-12,5.035240088256597e-12,6.042551905358953e-07,1.4088148297658407e-06
k2_w256_d16,2022-01-11T00,2022-01-11T06,6,specific_cloud_ice_water_content,2.0,2.059126353423308e-12,4.9135721243689675e-12,5.64899561869174e-07,1.378926397219571e-06
k2_w256_d16,2022-01-11T00,2022-01-11T06,6,specific_cloud_ice_water_content,3.0,2.0549626246220413e-12,4.983070509752402e-12,5.532524507136877e-07,1.3860203814477284e-06
k2_w256_d16,2022-01-11T00,2022-01-11T06,6,specific_cloud_ice_water_content,5.0,2.0332819060842077e-12,4.59782194067039e-12,5.389574097757239e-07,1.2502742656201105e-06
k2_w256_d16,2022-01-11T00,2022-01-11T06,6,specific_cloud_ice_water_content,7.0,2.0428896613902453e-12,4.814138832251048e-12,5.475315840540899e-07,1.3353660774590517e-06
k2_w256_d16,2022-01-11T00,2022-01-11T06,6,specific_cloud_ice_water_content,10.0,2.0729739805992664e-12,4.834001715470039e-12,5.785903976153726e-07,1.3388977961981702e-06
k2_w256_d16,2022-01-11T00,2022-01-11T06,6,specific_cloud_ice_water_content,20.0,1.4908062933660966e-12,3.066342424750701e-12,3.427766021102111e-07,8.251801698080709e-07
k2_w256_d16,2022-01-11T00,2022-01-11T06,6,specific_cloud_ice_water_content,30.0,9.710982455255526e-13,1.7662647592009e-12,-1.1389207045735745e-07,-2.560062627098483e-08
k2_w256_d16,2022-01-11T00,2022-01-11T06,6,specific_cloud_liquid_water_content,1.0,7.986304447166786e-12,1.77357316808524e-11,8.257758157785394e-07,-1.0640508005145587e-06
k2_w256_d16,2022-01-11T00,2022-01-11T06,6,specific_cloud_liquid_water_content,2.0,7.987271097278617e-12,1.7266352785957162e-11,8.509026274775916e-07,-7.559072798164465e-07
k2_w256_d16,2022-01-11T00,2022-01-11T06,6,specific_cloud_liquid_water_content,3.0,7.914825849860382e-12,1.7060973267293573e-11,8.079278085630265e-07,-6.231131486736723e-07
k2_w256_d16,2022-01-11T00,2022-01-11T06,6,specific_cloud_liquid_water_content,5.0,7.973817968162031e-12,1.6897319467735673e-11,8.410227197814417e-07,-5.742376152495667e-07
k2_w256_d16,2022-01-11T00,2022-01-11T06,6,specific_cloud_liquid_water_content,7.0,8.052773721565607e-12,1.7169486303178294e-11,8.805888471710482e-07,-7.793635356408487e-07
k2_w256_d16,2022-01-11T00,2022-01-11T06,6,specific_cloud_liquid_water_content,10.0,7.922770360974195e-12,1.6856142905243608e-11,8.155127129993443e-07,-5.730802324878987e-07
k2_w256_d16,2022-01-11T00,2022-01-11T06,6,specific_cloud_liquid_water_content,20.0,6.063510589770435e-12,1.4427473936917044e-11,7.900592232888294e-07,-1.1070456055494198e-06
k2_w256_d16,2022-01-11T00,2022-01-11T06,6,specific_cloud_liquid_water_content,30.0,3.891598719567748e-12,1.1318841236592143e-11,7.39528623214172e-07,-1.0717941472875246e-06
k2_w256_d16,2022-01-11T00,2022-01-11T12,12,temperature,1.0,105.99507490223351,83.19613652707103,-6.135192118935041,1.8538274056241515
k2_w256_d16,2022-01-11T00,2022-01-11T12,12,temperature,2.0,65.22104258671416,82.3454893331295,-4.461744051761237,5.757040123473495
k2_w256_d16,2022-01-11T00,2022-01-11T12,12,temperature,3.0,36.80810440666791,91.2941711582815,-2.6192464690585435,7.704267906821183
k2_w256_d16,2022-01-11T00,2022-01-11T12,12,temperature,5.0,21.093913352903726,51.793498193165355,-1.8159963695721224,5.543074376869718
k2_w256_d16,2022-01-11T00,2022-01-11T12,12,temperature,7.0,14.922299636220792,38.06695742352076,-1.4303614058027088,4.521392765830541
k2_w256_d16,2022-01-11T00,2022-01-11T12,12,temperature,10.0,9.980922644095052,26.335313818174193,-0.27577649492659906,3.0651270465749088
k2_w256_d16,2022-01-11T00,2022-01-11T12,12,temperature,20.0,4.2998856297243115,15.179258952210958,0.6767117061979772,-1.9300194746415391
k2_w256_d16,2022-01-11T00,2022-01-11T12,12,temperature,30.0,3.610979706485346,8.674714175579718,0.8920528527559257,-1.581807133824821
k2_w256_d16,2022-01-11T00,2022-01-11T12,12,geopotential,1.0,929925156.3933649,10230691.487193137,-30290.81985495811,-1359.3102946273048
k2_w256_d16,2022-01-11T00,2022-01-11T12,12,geopotential,2.0,432472531.5224397,4129538.990350928,-20647.909541348727,-503.9408090898916
k2_w256_d16,2022-01-11T00,2022-01-11T12,12,geopotential,3.0,244772509.81547529,2900574.3348120176,-15532.915857862235,-593.9000899046573
k2_w256_d16,2022-01-11T00,2022-01-11T12,12,geopotential,5.0,92433833.56424442,1627274.5924945513,-9533.264433441625,1.0083423936030727
k2_w256_d16,2022-01-11T00,2022-01-11T12,12,geopotential,7.0,37088195.63853449,1241262.6647627638,-6028.405402955462,149.60307011936527
k2_w256_d16,2022-01-11T00,2022-01-11T12,12,geopotential,10.0,8034872.631000685,1023437.4737480752,-2778.6786326962847,276.46569146636597
k2_w256_d16,2022-01-11T00,2022-01-11T12,12,geopotential,20.0,1859781.2426957819,705270.0607872242,1333.3129529514758,480.776959664033
k2_w256_d16,2022-01-11T00,2022-01-11T12,12,geopotential,30.0,3221670.885687668,688315.132473462,1778.518494345127,651.6097716457873
k2_w256_d16,2022-01-11T00,2022-01-11T12,12,geopotential,500.0,1295.8074909497961,100208.45695187316,-9.30349233571114,-27.26750795149127
k2_w256_d16,2022-01-11T00,2022-01-11T12,12,u_component_of_wind,1.0,407.63631912888104,463.7305888528296,0.04276529597549354,-8.026115999179424
k2_w256_d16,2022-01-11T00,2022-01-11T12,12,u_component_of_wind,2.0,226.53084909335627,209.5399128518555,1.5154030778785934,3.576615707387715
k2_w256_d16,2022-01-11T00,2022-01-11T12,12,u_component_of_wind,3.0,162.39839764798114,162.74596059680215,-1.9654394415856298,0.9858480140424954
k2_w256_d16,2022-01-11T00,2022-01-11T12,12,u_component_of_wind,5.0,128.6217075005138,230.21075802939095,-2.3867252881320815,-1.915917510184223
k2_w256_d16,2022-01-11T00,2022-01-11T12,12,u_component_of_wind,7.0,133.51000258668864,323.94409230975896,-4.705303516528112,-5.9801706026442165
k2_w256_d16,2022-01-11T00,2022-01-11T12,12,u_component_of_wind,10.0,141.66913305395744,430.3875646825293,-5.592865551771612,-9.649363329587839
k2_w256_d16,2022-01-11T00,2022-01-11T12,12,u_component_of_wind,20.0,26.499298491862014,72.82652832045702,1.2806778744253355,-1.763556836762172
k2_w256_d16,2022-01-11T00,2022-01-11T12,12,u_component_of_wind,30.0,27.154013198479955,53.07417763549503,1.8029910987837252,-1.1549601194644237
k2_w256_d16,2022-01-11T00,2022-01-11T12,12,v_component_of_wind,1.0,171.9172023673807,225.69459738974624,-0.40214291825875703,-0.33664816078611404
k2_w256_d16,2022-01-11T00,2022-01-11T12,12,v_component_of_wind,2.0,104.15818532556425,155.67251106427767,1.0519519511755082,-3.1172982566450047
k2_w256_d16,2022-01-11T00,2022-01-11T12,12,v_component_of_wind,3.0,61.467527084624265,130.76122871603616,0.1717839890675383,-5.17955495119023
k2_w256_d16,2022-01-11T00,2022-01-11T12,12,v_component_of_wind,5.0,33.371136501969886,92.35491010426396,-0.11347898401419017,-4.270363386269635
k2_w256_d16,2022-01-11T00,2022-01-11T12,12,v_component_of_wind,7.0,25.617319277142695,64.04607274649005,0.12072426826906119,-3.1830309597077155
k2_w256_d16,2022-01-11T00,2022-01-11T12,12,v_component_of_wind,10.0,17.837338675205586,39.17275790431297,-0.12074928448293722,-2.543716677180754
k2_w256_d16,2022-01-11T00,2022-01-11T12,12,v_component_of_wind,20.0,8.733741648488193,18.645321695276323,-0.09865815848227186,-1.9986527425828677
k2_w256_d16,2022-01-11T00,2022-01-11T12,12,v_component_of_wind,30.0,7.0721868254780444,16.274158705635514,-0.28696906187521565,-1.138583222797303
k2_w256_d16,2022-01-11T00,2022-01-11T12,12,specific_humidity,1.0,7.794817116693246e-13,1.1687703809153951e-13,-8.653736254148248e-07,-2.746978274973087e-07
k2_w256_d16,2022-01-11T00,2022-01-11T12,12,specific_humidity,2.0,3.989391075156527e-13,2.2724358386996513e-14,-6.139439214282729e-07,-2.5114651948699064e-08
k2_w256_d16,2022-01-11T00,2022-01-11T12,12,specific_humidity,3.0,3.0995080032854167e-13,3.0737593504182135e-14,-5.301267455141673e-07,5.8546146389423286e-08
k2_w256_d16,2022-01-11T00,2022-01-11T12,12,specific_humidity,5.0,2.1610613387551442e-13,6.615230015419897e-14,-4.249436515324091e-07,1.7893004066407067e-07
k2_w256_d16,2022-01-11T00,2022-01-11T12,12,specific_humidity,7.0,1.4960770093860906e-13,9.153395801630173e-14,-3.4450885011818245e-07,2.5074275995939503e-07
k2_w256_d16,2022-01-11T00,2022-01-11T12,12,specific_humidity,10.0,7.235590649575998e-14,1.5685220053468613e-13,-2.2885422628913625e-07,3.733030287420788e-07
k2_w256_d16,2022-01-11T00,2022-01-11T12,12,specific_humidity,20.0,1.1510319228144524e-14,1.956060207030225e-13,-2.1690370325423504e-08,4.3139417820497855e-07
k2_w256_d16,2022-01-11T00,2022-01-11T12,12,specific_humidity,30.0,7.191323102095559e-15,4.9531100462565e-14,3.4096941168084644e-08,2.0296568313929937e-07
k2_w256_d16,2022-01-11T00,2022-01-11T12,12,specific_cloud_ice_water_content,1.0,1.6810146588584557e-12,2.7407833587690346e-11,4.3991470214925524e-07,1.1326184283515798e-06
k2_w256_d16,2022-01-11T00,2022-01-11T12,12,specific_cloud_ice_water_content,2.0,1.6513940432739798e-12,2.7364210968040055e-11,4.0103921327848114e-07,1.0561816754359692e-06
k2_w256_d16,2022-01-11T00,2022-01-11T12,12,specific_cloud_ice_water_content,3.0,1.6521657521867907e-12,2.724276791479271e-11,3.885009686867986e-07,1.0418302755715824e-06
k2_w256_d16,2022-01-11T00,2022-01-11T12,12,specific_cloud_ice_water_content,5.0,1.6326123895193307e-12,2.7138190953138505e-11,3.741427899459517e-07,9.471434192506417e-07
k2_w256_d16,2022-01-11T00,2022-01-11T12,12,specific_cloud_ice_water_content,7.0,1.639568053210752e-12,2.7315793735189427e-11,3.8313154100058286e-07,1.0532475920151608e-06
k2_w256_d16,2022-01-11T00,2022-01-11T12,12,specific_cloud_ice_water_content,10.0,1.6624436630085228e-12,2.7307554720812188e-11,4.137885961787876e-07,1.052607607091156e-06
k2_w256_d16,2022-01-11T00,2022-01-11T12,12,specific_cloud_ice_water_content,20.0,1.2289875309070421e-12,1.7356369459977154e-11,1.9359143123550788e-07,2.1895986032690127e-07
k2_w256_d16,2022-01-11T00,2022-01-11T12,12,specific_cloud_ice_water_content,30.0,8.915426538537791e-13,1.2009061219952818e-11,-2.407646070744891e-07,-1.3679442046519036e-06
k2_w256_d16,2022-01-11T00,2022-01-11T12,12,specific_cloud_liquid_water_content,1.0,6.7143661788448215e-12,8.483254177800997e-11,7.763837177161183e-07,8.86351885980598e-08
k2_w256_d16,2022-01-11T00,2022-01-11T12,12,specific_cloud_liquid_water_content,2.0,6.7251683862455414e-12,8.48459003308164e-11,8.038601443339727e-07,3.7522131871956514e-07
k2_w256_d16,2022-01-11T00,2022-01-11T12,12,specific_cloud_liquid_water_content,3.0,6.65181241697859e-12,8.51806697125189e-11,7.608199484853775e-07,5.15965822505847e-07
k2_w256_d16,2022-01-11T00,2022-01-11T12,12,specific_cloud_liquid_water_content,5.0,6.699415874524565e-12,8.537559288017909e-11,7.902691152467532e-07,5.037360829978472e-07
k2_w256_d16,2022-01-11T00,2022-01-11T12,12,specific_cloud_liquid_water_content,7.0,6.7848552974205305e-12,8.489919250587178e-11,8.323903861620169e-07,3.270102538664887e-07
k2_w256_d16,2022-01-11T00,2022-01-11T12,12,specific_cloud_liquid_water_content,10.0,6.658025880401053e-12,8.495361043466173e-11,7.694118347748698e-07,4.671266685674754e-07
k2_w256_d16,2022-01-11T00,2022-01-11T12,12,specific_cloud_liquid_water_content,20.0,5.131777941251723e-12,6.332031584156885e-11,7.721615491401157e-07,-9.505410803125196e-07
k2_w256_d16,2022-01-11T00,2022-01-11T12,12,specific_cloud_liquid_water_content,30.0,3.292400610055481e-12,5.467876677205473e-11,7.8178622759884e-07,-2.7177221215309604e-06
k2_w256_d16,2022-01-11T06,2022-01-11T12,6,temperature,1.0,103.55507546607993,78.4737004941124,-6.010761113583468,1.373336128172492
k2_w256_d16,2022-01-11T06,2022-01-11T12,6,temperature,2.0,64.6038810887166,81.50784927038863,-4.275670108782236,5.257605547103779
k2_w256_d16,2022-01-11T06,2022-01-11T12,6,temperature,3.0,37.29093320177739,76.80530506907814,-2.427885041070734,6.4665095106975485
k2_w256_d16,2022-01-11T06,2022-01-11T12,6,temperature,5.0,21.435985461828402,38.97116401629664,-1.6701648926234882,4.376093430100004
k2_w256_d16,2022-01-11T06,2022-01-11T12,6,temperature,7.0,14.763481239298702,31.187613104176336,-1.3137489359841032,4.045136742268001
k2_w256_d16,2022-01-11T06,2022-01-11T12,6,temperature,10.0,9.650741442045007,16.552575526309994,-0.19442039933509297,2.3726889483327387
k2_w256_d16,2022-01-11T06,2022-01-11T12,6,temperature,20.0,4.2276928219343075,11.51974842316303,0.6808780336288016,-2.3073460626611153
k2_w256_d16,2022-01-11T06,2022-01-11T12,6,temperature,30.0,3.650466397191873,12.01168449474622,0.8527367877607077,-2.765936467650739
k2_w256_d16,2022-01-11T06,2022-01-11T12,6,geopotential,1.0,924927530.4770888,8366377.623410448,-30204.511896560198,-1361.4773229425828
k2_w256_d16,2022-01-11T06,2022-01-11T12,6,geopotential,2.0,430092595.96158874,2945036.507438671,-20588.046116159858,-440.7897561179799
k2_w256_d16,2022-01-11T06,2022-01-11T12,6,geopotential,3.0,243503817.9683819,2066595.3896129117,-15491.475744604475,-642.860712880322
k2_w256_d16,2022-01-11T06,2022-01-11T12,6,geopotential,5.0,92158163.33617997,992444.5100823096,-9519.543108672646,-18.97464433885905
k2_w256_d16,2022-01-11T06,2022-01-11T12,6,geopotential,7.0,37083867.267426014,664217.8172612623,-6028.303769342578,190.39890639823747
k2_w256_d16,2022-01-11T06,2022-01-11T12,6,geopotential,10.0,8105355.9765862245,413854.44348141307,-2789.021412407247,215.66904771065379
k2_w256_d16,2022-01-11T06,2022-01-11T12,6,geopotential,20.0,1800053.2058692952,255252.2551637621,1308.0830677366803,326.47032503069306
k2_w256_d16,2022-01-11T06,2022-01-11T12,6,geopotential,30.0,3123847.8943191487,208550.92660763644,1750.7982928480515,313.2152258915172
k2_w256_d16,2022-01-11T06,2022-01-11T12,6,geopotential,500.0,1365.424740777719,15855.144549635479,-11.298741401098367,-6.180735543044749
k2_w256_d16,2022-01-11T06,2022-01-11T12,6,u_component_of_wind,1.0,405.4396714285624,462.06474203952376,0.19576928057899,-6.7291207937449755
k2_w256_d16,2022-01-11T06,2022-01-11T12,6,u_component_of_wind,2.0,226.31061140252078,235.2698506792624,1.708481278770703,4.9648406380463985
k2_w256_d16,2022-01-11T06,2022-01-11T12,6,u_component_of_wind,3.0,160.38451232174685,142.90971295358543,-1.755780578638651,1.8359799831743093
k2_w256_d16,2022-01-11T06,2022-01-11T12,6,u_component_of_wind,5.0,125.28755917620938,142.32226369247437,-2.0983056861932474,-1.7516291228157277
k2_w256_d16,2022-01-11T06,2022-01-11T12,6,u_component_of_wind,7.0,127.48684154108835,219.43210037277953,-4.449162476569947,-5.688313659270694
k2_w256_d16,2022-01-11T06,2022-01-11T12,6,u_component_of_wind,10.0,136.4385236978612,318.0239950888904,-5.418720155922925,-8.68618656177958
k2_w256_d16,2022-01-11T06,2022-01-11T12,6,u_component_of_wind,20.0,25.391456407042075,48.92158119792198,1.2750131056748948,-1.03002088284148
k2_w256_d16,2022-01-11T06,2022-01-11T12,6,u_component_of_wind,30.0,26.74514528347487,37.81259819559831,1.7560924189869167,-0.6385207874255927
k2_w256_d16,2022-01-11T06,2022-01-11T12,6,v_component_of_wind,1.0,170.2802190018957,205.43239943574835,-0.4692991043751369,4.562570819436577
k2_w256_d16,2022-01-11T06,2022-01-11T12,6,v_component_of_wind,2.0,102.17632216273589,109.83557985038397,0.9672555384734485,1.8675274180454533
k2_w256_d16,2022-01-11T06,2022-01-11T12,6,v_component_of_wind,3.0,59.527312482688,66.19193263958286,0.07924932309132525,-0.17369540477725554
k2_w256_d16,2022-01-11T06,2022-01-11T12,6,v_component_of_wind,5.0,32.34550537592512,42.58931788544704,-0.2050784144183201,-0.08437239082024499
k2_w256_d16,2022-01-11T06,2022-01-11T12,6,v_component_of_wind,7.0,24.287714285537078,30.7174107809254,0.03926400607645944,-0.03010242875069626
k2_w256_d16,2022-01-11T06,2022-01-11T12,6,v_component_of_wind,10.0,17.09158341718333,20.754218653649296,-0.17792014864283645,-0.4610286454556397
k2_w256_d16,2022-01-11T06,2022-01-11T12,6,v_component_of_wind,20.0,9.061907215673614,12.511940973197241,-0.0922351961338901,-1.4310160010588402
k2_w256_d16,2022-01-11T06,2022-01-11T12,6,v_component_of_wind,30.0,7.056264529960702,8.052122569214983,-0.23717966877023033,0.12591742159707225
k2_w256_d16,2022-01-11T06,2022-01-11T12,6,specific_humidity,1.0,7.808534011898486e-13,1.626120852148181e-13,-8.658576500053479e-07,-3.495442999458019e-07
k2_w256_d16,2022-01-11T06,2022-01-11T12,6,specific_humidity,2.0,3.9958630527348704e-13,3.3525543577309575e-14,-6.144158660191118e-07,-9.879409250775843e-08
k2_w256_d16,2022-01-11T06,2022-01-11T12,6,specific_humidity,3.0,3.1054159366584035e-13,2.939423223110556e-14,-5.306294171751151e-07,-1.1355928561230038e-08
k2_w256_d16,2022-01-11T06,2022-01-11T12,6,specific_humidity,5.0,2.1668521132905945e-13,4.670116837710011e-14,-4.2539035659950535e-07,1.084541056422499e-07
k2_w256_d16,2022-01-11T06,2022-01-11T12,6,specific_humidity,7.0,1.49893317212532e-13,5.94797780478051e-14,-3.4498458833916134e-07,1.7531263317173103e-07
k2_w256_d16,2022-01-11T06,2022-01-11T12,6,specific_humidity,10.0,7.230645893602902e-14,1.0412248865082899e-13,-2.2927400488610404e-07,2.957940426965838e-07
k2_w256_d16,2022-01-11T06,2022-01-11T12,6,specific_humidity,20.0,1.1276912816905e-14,1.510425145807105e-13,-2.2151139017739198e-08,3.7670518925732417e-07
k2_w256_d16,2022-01-11T06,2022-01-11T12,6,specific_humidity,30.0,7.081845298424882e-15,4.5632147264316747e-14,3.3939254214240234e-08,1.9401207891028375e-07
k2_w256_d16,2022-01-11T06,2022-01-11T12,6,specific_cloud_ice_water_content,1.0,2.150670021290347e-12,5.309293883177035e-12,6.45547352920734e-07,1.4525497884092146e-06
k2_w256_d16,2022-01-11T06,2022-01-11T12,6,specific_cloud_ice_water_content,2.0,2.1079226277674814e-12,5.1897921006873465e-12,6.059830584998346e-07,1.4223631289732851e-06
k2_w256_d16,2022-01-11T06,2022-01-11T12,6,specific_cloud_ice_water_content,3.0,2.1011245665406432e-12,5.260079761778027e-12,5.936536033028042e-07,1.430005593620915e-06
k2_w256_d16,2022-01-11T06,2022-01-11T12,6,specific_cloud_ice_water_content,5.0,2.0763612713960175e-12,4.8615899872011266e-12,5.801035806119237e-07,1.2943309466675855e-06
k2_w256_d16,2022-01-11T06,2022-01-11T12,6,specific_cloud_ice_water_content,7.0,2.0880718027646095e-12,5.0881206002568875e-12,5.887309000138473e-07,1.379556420302473e-06
k2_w256_d16,2022-01-11T06,2022-01-11T12,6,specific_cloud_ice_water_content,10.0,2.121142431668808e-12,5.104278873256702e-12,6.194525275689065e-07,1.3827914320567455e-06
k2_w256_d16,2022-01-11T06,2022-01-11T12,6,specific_cloud_ice_water_content,20.0,1.526905529408868e-12,3.2259659244271313e-12,3.8052165787521913e-07,8.606678128094454e-07
k2_w256_d16,2022-01-11T06,2022-01-11T12,6,specific_cloud_ice_water_content,30.0,9.635917130417376e-13,1.8045112192609557e-12,-8.596406244132704e-08,-6.970654876656084e-09
k2_w256_d16,2022-01-11T06,2022-01-11T12,6,specific_cloud_liquid_water_content,1.0,8.301497457354802e-12,1.79614138836251e-11,8.672449104265139e-07,-1.0007710069116024e-06
k2_w256_d16,2022-01-11T06,2022-01-11T12,6,specific_cloud_liquid_water_content,2.0,8.309959811185748e-12,1.753455076162142e-11,8.927685892900167e-07,-6.922615257717285e-07
k2_w256_d16,2022-01-11T06,2022-01-11T12,6,specific_cloud_liquid_water_content,3.0,8.225758937021864e-12,1.733581821230042e-11,8.489566193084177e-07,-5.595470880412521e-07
k2_w256_d16,2022-01-11T06,2022-01-11T12,6,specific_cloud_liquid_water_content,5.0,8.291021086665678e-12,1.72022023281053e-11,8.818582483852687e-07,-5.117633977198148e-07
k2_w256_d16,2022-01-11T06,2022-01-11T12,6,specific_cloud_liquid_water_content,7.0,8.379270164771177e-12,1.7444513540963856e-11,9.22731219214133e-07,-7.177505338796767e-07
k2_w256_d16,2022-01-11T06,2022-01-11T12,6,specific_cloud_liquid_water_content,10.0,8.233632582924931e-12,1.7136140985740628e-11,8.56424538204853e-07,-5.105966698282264e-07
k2_w256_d16,2022-01-11T06,2022-01-11T12,6,specific_cloud_liquid_water_content,20.0,6.3881232842329536e-12,1.4668297411436737e-11,8.380441530406054e-07,-1.0504472205628001e-06
k2_w256_d16,2022-01-11T06,2022-01-11T12,6,specific_cloud_liquid_water_content,30.0,4.184070825754111e-12,1.135743413613581e-11,7.99146951426042e-07,-1.0233350739025133e-06
k2_w256_d16,2022-01-11T06,2022-01-11T18,12,temperature,1.0,94.19285213685299,84.76165504111096,-5.624296655531479,2.086328441166193
k2_w256_d16,2022-01-11T06,2022-01-11T18,12,temperature,2.0,54.350663041267495,79.67415678960259,-4.007981275263312,5.95388718289689
k2_w256_d16,2022-01-11T06,2022-01-11T18,12,temperature,3.0,31.910295246682836,89.12660670041774,-2.3276798806266883,7.784234864455328
k2_w256_d16,2022-01-11T06,2022-01-11T18,12,temperature,5.0,17.85085216364222,51.18944325680394,-1.593386829264956,5.646499946561358
k2_w256_d16,2022-01-11T06,2022-01-11T18,12,temperature,7.0,14.765703553666876,39.941442732458896,-1.202886174950815,4.691405523430962
k2_w256_d16,2022-01-11T06,2022-01-11T18,12,temperature,10.0,8.379120509691347,25.965846909691706,-0.4342140877719217,3.2081077743146333
k2_w256_d16,2022-01-11T06,2022-01-11T18,12,temperature,20.0,3.755083857999005,14.670224967173612,0.5734213314153125,-1.8717412575368497
k2_w256_d16,2022-01-11T06,2022-01-11T18,12,temperature,30.0,3.416602220985246,8.554873089216997,0.8274455725881571,-1.5510590482505735
k2_w256_d16,2022-01-11T06,2022-01-11T18,12,geopotential,1.0,929962080.6203905,10385975.300748155,-30311.743216872634,-1293.3635839011426
k2_w256_d16,2022-01-11T06,2022-01-11T18,12,geopotential,2.0,433201517.1063545,4153577.12608625,-20675.15066662963,-466.9211065902982
k2_w256_d16,2022-01-11T06,2022-01-11T18,12,geopotential,3.0,245508646.63944784,2974050.2950031525,-15560.411926526609,-568.6947120191387
k2_w256_d16,2022-01-11T06,2022-01-11T18,12,geopotential,5.0,92691523.41135108,1707284.0165119127,-9547.574379779133,34.980659182514856
k2_w256_d16,2022-01-11T06,2022-01-11T18,12,geopotential,7.0,37263368.999809116,1320979.3242685539,-6044.410194690806,173.4658534218844
k2_w256_d16,2022-01-11T06,2022-01-11T18,12,geopotential,10.0,8095714.34622604,1063752.525928677,-2791.896650827067,295.25945017471275
k2_w256_d16,2022-01-11T06,2022-01-11T18,12,geopotential,20.0,1838481.0008415675,704136.4699627054,1328.126833388436,487.87235250803553
k2_w256_d16,2022-01-11T06,2022-01-11T18,12,geopotential,30.0,3200166.293107717,709570.7973608817,1773.2436985488357,655.4394246939148
k2_w256_d16,2022-01-11T06,2022-01-11T18,12,geopotential,500.0,1384.1001208881112,100717.05137668728,-7.877375132455924,-23.534791784438383
k2_w256_d16,2022-01-11T06,2022-01-11T18,12,u_component_of_wind,1.0,414.8604019489936,461.81289437417695,0.6214884994952818,-7.668287375465454
k2_w256_d16,2022-01-11T06,2022-01-11T18,12,u_component_of_wind,2.0,225.0852840019419,219.87352443735807,1.4191706205058137,3.2519283974921978
k2_w256_d16,2022-01-11T06,2022-01-11T18,12,u_component_of_wind,3.0,150.46610506446675,165.42716554702685,-1.5186330114880473,1.1735992768438979
k2_w256_d16,2022-01-11T06,2022-01-11T18,12,u_component_of_wind,5.0,117.16081366422517,223.62564006954898,-1.303323882935926,-1.0297559487102987
k2_w256_d16,2022-01-11T06,2022-01-11T18,12,u_component_of_wind,7.0,125.71928005289018,314.4061632137781,-4.180607265894608,-5.607404367844222
k2_w256_d16,2022-01-11T06,2022-01-11T18,12,u_component_of_wind,10.0,127.43332636996021,409.71603078528886,-5.170321247966566,-9.292977085581928
k2_w256_d16,2022-01-11T06,2022-01-11T18,12,u_component_of_wind,20.0,27.22871245122613,73.5104668820456,1.2356686432952269,-1.65136130053035
k2_w256_d16,2022-01-11T06,2022-01-11T18,12,u_component_of_wind,30.0,25.298184845575733,52.6193698678133,1.565465001956833,-1.2867727720944497
k2_w256_d16,2022-01-11T06,2022-01-11T18,12,v_component_of_wind,1.0,155.0480514901167,221.34156541555916,-1.0555316964557708,-0.29266867652235823
k2_w256_d16,2022-01-11T06,2022-01-11T18,12,v_component_of_wind,2.0,85.3263640150717,148.46396783706822,0.21560175996292016,-3.62597672946389
k2_w256_d16,2022-01-11T06,2022-01-11T18,12,v_component_of_wind,3.0,61.35363337337828,128.3259039895855,0.5373745123363359,-4.693418683059834
k2_w256_d16,2022-01-11T06,2022-01-11T18,12,v_component_of_wind,5.0,37.46585811852488,87.63915154557901,0.17338613117704582,-3.88373174556947
k2_w256_d16,2022-01-11T06,2022-01-11T18,12,v_component_of_wind,7.0,28.210410927454234,64.23228242939632,0.06587672080644094,-3.143728920836756
k2_w256_d16,2022-01-11T06,2022-01-11T18,12,v_component_of_wind,10.0,17.655118552750913,39.42035906382208,-0.04245132493471752,-2.380220301800093
k2_w256_d16,2022-01-11T06,2022-01-11T18,12,v_component_of_wind,20.0,9.623645108141098,18.751194695264644,-0.2473323681190211,-2.038095058519568
k2_w256_d16,2022-01-11T06,2022-01-11T18,12,v_component_of_wind,30.0,7.906179218607702,15.143933912224076,-0.3210873739418927,-1.0810553430652745
k2_w256_d16,2022-01-11T06,2022-01-11T18,12,specific_humidity,1.0,7.78942711794709e-13,1.1883845060047682e-13,-8.64783017538204e-07,-2.7660883357153404e-07
k2_w256_d16,2022-01-11T06,2022-01-11T18,12,specific_humidity,2.0,3.9665921636530635e-13,2.2551810174714394e-14,-6.123213071152214e-07,-2.5965815141271033e-08
k2_w256_d16,2022-01-11T06,2022-01-11T18,12,specific_humidity,3.0,3.087496156097121e-13,3.0758542798877214e-14,-5.288815054696229e-07,5.7281418914941553e-08
k2_w256_d16,2022-01-11T06,2022-01-11T18,12,specific_humidity,5.0,2.1639332055971139e-13,6.554649087682734e-14,-4.2491860264593333e-07,1.7641301742466777e-07
k2_w256_d16,2022-01-11T06,2022-01-11T18,12,specific_humidity,7.0,1.4852476482906253e-13,9.059519783602735e-14,-3.4324930570374544e-07,2.494206886451755e-07
k2_w256_d16,2022-01-11T06,2022-01-11T18,12,specific_humidity,10.0,7.215619315689708e-14,1.5484835491786296e-13,-2.2872594629058643e-07,3.709112616379944e-07
k2_w256_d16,2022-01-11T06,2022-01-11T18,12,specific_humidity,20.0,1.1495682122047305e-14,1.9387344143278524e-13,-2.134867310406643e-08,4.295933348889195e-07
k2_w256_d16,2022-01-11T06,2022-01-11T18,12,specific_humidity,30.0,7.028784117455001e-15,4.862570022701204e-14,3.406019546778114e-08,2.0145214334828633e-07
k2_w256_d16,2022-01-11T06,2022-01-11T18,12,specific_cloud_ice_water_content,1.0,1.7720890722720032e-12,2.8672380377671552e-11,4.430259361944486e-07,8.246842052537185e-07
k2_w256_d16,2022-01-11T06,2022-01-11T18,12,specific_cloud_ice_water_content,2.0,1.742914362271514e-12,2.871698060932674e-11,4.0383966805543996e-07,7.475000052855695e-07
k2_w256_d16,2022-01-11T06,2022-01-11T18,12,specific_cloud_ice_water_content,3.0,1.7456222594916906e-12,2.8567101896553147e-11,3.9212586420540637e-07,7.342237740205151e-07
k2_w256_d16,2022-01-11T06,2022-01-11T18,12,specific_cloud_ice_water_content,5.0,1.7248336213012887e-12,2.8539619649325765e-11,3.7767181655941676e-07,6.387481540242931e-07
k2_w256_d16,2022-01-11T06,2022-01-11T18,12,specific_cloud_ice_water_content,7.0,1.731405775611966e-12,2.8652171227588133e-11,3.865320973523465e-07,7.456065680205448e-07
k2_w256_d16,2022-01-11T06,2022-01-11T18,12,specific_cloud_ice_water_content,10.0,1.7533527316811899e-12,2.8635402839928764e-11,4.170723082767358e-07,7.444836757171572e-07
k2_w256_d16,2022-01-11T06,2022-01-11T18,12,specific_cloud_ice_water_content,20.0,1.2868551590568107e-12,1.8438194781655656e-11,1.9340567248212264e-07,-2.6683213874587587e-08
k2_w256_d16,2022-01-11T06,2022-01-11T18,12,specific_cloud_ice_water_content,30.0,9.144279946476287e-13,1.2275028028683067e-11,-2.467410909906159e-07,-1.458477902218876e-06
k2_w256_d16,2022-01-11T06,2022-01-11T18,12,specific_cloud_liquid_water_content,1.0,6.237588899721856e-12,8.733313018948082e-11,7.152168886586264e-07,2.1537829179909648e-07
k2_w256_d16,2022-01-11T06,2022-01-11T18,12,specific_cloud_liquid_water_content,2.0,6.24991753303545e-12,8.74894406133822e-11,7.418724519248203e-07,5.038483818381819e-07
k2_w256_d16,2022-01-11T06,2022-01-11T18,12,specific_cloud_liquid_water_content,3.0,6.178700587465603e-12,8.781670218459261e-11,6.991411015032811e-07,6.457260233278313e-07
k2_w256_d16,2022-01-11T06,2022-01-11T18,12,specific_cloud_liquid_water_content,5.0,6.2215263200225186e-12,8.795291998443066e-11,7.288775050758111e-07,6.300911831706742e-07
k2_w256_d16,2022-01-11T06,2022-01-11T18,12,specific_cloud_liquid_water_content,7.0,6.3057509873147774e-12,8.750297542017852e-11,7.70570528264014e-07,4.5264619389934425e-07
k2_w256_d16,2022-01-11T06,2022-01-11T18,12,specific_cloud_liquid_water_content,10.0,6.182794126504171e-12,8.762271473899769e-11,7.070719420949359e-07,5.948693950983192e-07
k2_w256_d16,2022-01-11T06,2022-01-11T18,12,specific_cloud_liquid_water_content,20.0,4.820185258424704e-12,6.412337265140065e-11,7.207833054108951e-07,-7.295613935108738e-07
k2_w256_d16,2022-01-11T06,2022-01-11T18,12,specific_cloud_liquid_water_content,30.0,3.2263088706859623e-12,5.387349912143765e-11,7.511796150930946e-07,-2.267297210101962e-06
k2_w256_d16,2022-01-11T12,2022-01-11T18,6,temperature,1.0,92.97255294717795,76.04573692513226,-5.551321780141927,1.4556273706995446
k2_w256_d16,2022-01-11T12,2022-01-11T18,6,temperature,2.0,54.31100451654481,74.5783894171521,-3.8980575008582283,5.287178830361249
k2_w256_d16,2022-01-11T12,2022-01-11T18,6,temperature,3.0,32.02843029801285,72.28993131587593,-2.2277910094805233,6.37347898863217
k2_w256_d16,2022-01-11T12,2022-01-11T18,6,temperature,5.0,17.653369535326895,37.737349729883135,-1.4776436066512282,4.327773617521991
k2_w256_d16,2022-01-11T12,2022-01-11T18,6,temperature,7.0,14.276172093429068,32.00332960011408,-1.074647242983601,4.075547031163105
k2_w256_d16,2022-01-11T12,2022-01-11T18,6,temperature,10.0,8.163928918267125,15.159724057790015,-0.3377285054077801,2.3826767472091612
k2_w256_d16,2022-01-11T12,2022-01-11T18,6,temperature,20.0,3.8901036899952084,11.244608784686648,0.5832731386621501,-2.3018150330415104
k2_w256_d16,2022-01-11T12,2022-01-11T18,6,temperature,30.0,3.4509449629501554,11.752771621866724,0.7996724852247838,-2.734178029302349
k2_w256_d16,2022-01-11T12,2022-01-11T18,6,geopotential,1.0,924232879.971251,8441393.394480765,-30211.880540268052,-1378.336168746931
k2_w256_d16,2022-01-11T12,2022-01-11T18,6,geopotential,2.0,429964559.919705,3058616.266492312,-20595.642212023937,-441.0417921262839
k2_w256_d16,2022-01-11T12,2022-01-11T18,6,geopotential,3.0,243352903.33064234,2136804.429249448,-15492.177943202785,-634.9409420763135
k2_w256_d16,2022-01-11T12,2022-01-11T18,6,geopotential,5.0,91658032.33316965,1003376.7875723375,-9496.10707200721,16.78097647676188
k2_w256_d16,2022-01-11T12,2022-01-11T18,6,geopotential,7.0,36742367.97117849,683692.1008494629,-6004.105866758461,232.49112678214834
k2_w256_d16,2022-01-11T12,2022-01-11T18,6,geopotential,10.0,7913742.161906106,415704.1720458892,-2761.763121649886,260.23382486758493
k2_w256_d16,2022-01-11T12,2022-01-11T18,6,geopotential,20.0,1881120.0826847549,261188.15832266072,1343.0712911292921,364.69779070414444
k2_w256_d16,2022-01-11T12,2022-01-11T18,6,geopotential,30.0,3238750.035932959,232034.73794577422,1783.0826875537193,343.39408251261193
k2_w256_d16,2022-01-11T12,2022-01-11T18,6,geopotential,500.0,657.9726298497621,15191.535123554126,-5.471904190477684,2.0700021738532755
k2_w256_d16,2022-01-11T12,2022-01-11T18,6,u_component_of_wind,1.0,408.1788902307054,454.9627596749664,0.5604134624541568,-6.576083240913272
k2_w256_d16,2022-01-11T12,2022-01-11T18,6,u_component_of_wind,2.0,220.42641486138467,234.9599940207201,1.4167036427266604,4.496866472116232
k2_w256_d16,2022-01-11T12,2022-01-11T18,6,u_component_of_wind,3.0,145.05516278107547,136.59341462239354,-1.5079908716356933,1.880263677734019
k2_w256_d16,2022-01-11T12,2022-01-11T18,6,u_component_of_wind,5.0,112.45570105362579,135.53552229074108,-1.2620350790064716,-1.1253071413070719
k2_w256_d16,2022-01-11T12,2022-01-11T18,6,u_component_of_wind,7.0,124.15683473576455,215.30689633625127,-4.176309071093863,-5.624088862897342
k2_w256_d16,2022-01-11T12,2022-01-11T18,6,u_component_of_wind,10.0,129.0334899540653,311.4418597662619,-5.213987187446286,-8.681838476004767
k2_w256_d16,2022-01-11T12,2022-01-11T18,6,u_component_of_wind,20.0,26.16278955651266,51.18529937003822,1.134177018408756,-1.1182497747566997
k2_w256_d16,2022-01-11T12,2022-01-11T18,6,u_component_of_wind,30.0,23.61797930752836,36.28035413302651,1.4705806324106478,-0.820644960669352
k2_w256_d16,2022-01-11T12,2022-01-11T18,6,v_component_of_wind,1.0,151.8002442035389,197.92405957884552,-1.116985284622041,4.525529145087278
k2_w256_d16,2022-01-11T12,2022-01-11T18,6,v_component_of_wind,2.0,79.82632107818658,92.85730197757076,0.12188811948247129,1.4528025658866341
k2_w256_d16,2022-01-11T12,2022-01-11T18,6,v_component_of_wind,3.0,56.42700545075992,69.95879499365785,0.4252551250080223,0.464236157870762
k2_w256_d16,2022-01-11T12,2022-01-11T18,6,v_component_of_wind,5.0,35.3815267625339,43.721066062324255,0.05663099896146093,0.3996216209718223
k2_w256_d16,2022-01-11T12,2022-01-11T18,6,v_component_of_wind,7.0,26.81183383414862,32.886850342541464,-0.04534754386337597,0.07181445415808699
k2_w256_d16,2022-01-11T12,2022-01-11T18,6,v_component_of_wind,10.0,16.688015255278707,20.574212185970268,-0.13679518117014935,-0.2752458503039241
k2_w256_d16,2022-01-11T12,2022-01-11T18,6,v_component_of_wind,20.0,9.538954523905472,12.146985565057363,-0.2958047267510817,-1.528987196433511
k2_w256_d16,2022-01-11T12,2022-01-11T18,6,v_component_of_wind,30.0,7.701995134549421,8.170359040983623,-0.3481547300199186,0.06455643324455847
k2_w256_d16,2022-01-11T12,2022-01-11T18,6,specific_humidity,1.0,7.785089179855781e-13,1.6204466637431714e-13,-8.644949055793862e-07,-3.496711341983736e-07
k2_w256_d16,2022-01-11T12,2022-01-11T18,6,specific_humidity,2.0,3.9622608550385554e-13,3.2994426558954354e-14,-6.120108936457691e-07,-9.783981930787267e-08
k2_w256_d16,2022-01-11T12,2022-01-11T18,6,specific_humidity,3.0,3.084471965532613e-13,2.956030804207779e-14,-5.286269572843182e-07,-1.0708192440198047e-08
k2_w256_d16,2022-01-11T12,2022-01-11T18,6,specific_humidity,5.0,2.1613856512514386e-13,4.6634295670564853e-14,-4.245970623076273e-07,1.0768395713424739e-07
k2_w256_d16,2022-01-11T12,2022-01-11T18,6,specific_humidity,7.0,1.4820163645616693e-13,5.931636798597666e-14,-3.429519650592444e-07,1.758458695364776e-07
k2_w256_d16,2022-01-11T12,2022-01-11T18,6,specific_humidity,10.0,7.171134631365791e-14,1.0368512847978786e-13,-2.2837599065910537e-07,2.952148672100482e-07
k2_w256_d16,2022-01-11T12,2022-01-11T18,6,specific_humidity,20.0,1.1379789470264618e-14,1.513939084194702e-13,-2.103391993276898e-08,3.766503412175517e-07
k2_w256_d16,2022-01-11T12,2022-01-11T18,6,specific_humidity,30.0,6.9695890885778596e-15,4.5572436256599494e-14,3.437010403536718e-08,1.9402213289187015e-07
k2_w256_d16,2022-01-11T12,2022-01-11T18,6,specific_cloud_ice_water_content,1.0,2.254717396312906e-12,5.162554725191569e-12,6.338938725613253e-07,1.4058348485097842e-06
k2_w256_d16,2022-01-11T12,2022-01-11T18,6,specific_cloud_ice_water_content,2.0,2.2105427102473416e-12,5.052976700906611e-12,5.949629517494098e-07,1.3768903056338627e-06
k2_w256_d16,2022-01-11T12,2022-01-11T18,6,specific_cloud_ice_water_content,3.0,2.2071823796355493e-12,5.128430724892452e-12,5.827439552419999e-07,1.3856401312347445e-06
k2_w256_d16,2022-01-11T12,2022-01-11T18,6,specific_cloud_ice_water_content,5.0,2.182374931883609e-12,4.735362885461707e-12,5.689649812880368e-07,1.248961778814573e-06
k2_w256_d16,2022-01-11T12,2022-01-11T18,6,specific_cloud_ice_water_content,7.0,2.193625432604201e-12,4.949379525796437e-12,5.776065894089768e-07,1.3333153701840383e-06
k2_w256_d16,2022-01-11T12,2022-01-11T18,6,specific_cloud_ice_water_content,10.0,2.2232122553057924e-12,4.966946149058839e-12,6.081769815658264e-07,1.3365381348892134e-06
k2_w256_d16,2022-01-11T12,2022-01-11T18,6,specific_cloud_ice_water_content,20.0,1.5808692317131085e-12,3.155908828572164e-12,3.6354089045168957e-07,8.070363182893872e-07
k2_w256_d16,2022-01-11T12,2022-01-11T18,6,specific_cloud_ice_water_content,30.0,9.847822068785103e-13,1.8527646565347266e-12,-1.1103726867497583e-07,-7.406105646202909e-08
k2_w256_d16,2022-01-11T12,2022-01-11T18,6,specific_cloud_liquid_water_content,1.0,7.927576130849877e-12,1.786382550537123e-11,8.315106133972995e-07,-1.0204695168151275e-06
k2_w256_d16,2022-01-11T12,2022-01-11T18,6,specific_cloud_liquid_water_content,2.0,7.935063583410981e-12,1.7409262661914742e-11,8.557082976246731e-07,-7.143423245089683e-07
k2_w256_d16,2022-01-11T12,2022-01-11T18,6,specific_cloud_liquid_water_content,3.0,7.859461474192645e-12,1.720662871396977e-11,8.124466316196077e-07,-5.796208139170251e-07
k2_w256_d16,2022-01-11T12,2022-01-11T18,6,specific_cloud_liquid_water_content,5.0,7.913702198511986e-12,1.7049464887899524e-11,8.463660378670243e-07,-5.300742920560334e-07
k2_w256_d16,2022-01-11T12,2022-01-11T18,6,specific_cloud_liquid_water_content,7.0,7.998522627844258e-12,1.7320619130857892e-11,8.867311509456192e-07,-7.383556846313845e-07
k2_w256_d16,2022-01-11T12,2022-01-11T18,6,specific_cloud_liquid_water_content,10.0,7.865991819070794e-12,1.7006401573003945e-11,8.20142822119587e-07,-5.293814998231558e-07
k2_w256_d16,2022-01-11T12,2022-01-11T18,6,specific_cloud_liquid_water_content,20.0,6.07140589737888e-12,1.4511956425262689e-11,7.922410994712581e-07,-1.0862469448028465e-06
k2_w256_d16,2022-01-11T12,2022-01-11T18,6,specific_cloud_liquid_water_content,30.0,3.976502637455022e-12,1.134381330312522e-11,7.320578573609292e-07,-1.0873665131783698e-06
k2_w256_d16,2022-01-11T12,2022-01-12T00,12,temperature,1.0,102.63528610401252,88.55224776623817,-5.805806348309623,2.026343804410952
k2_w256_d16,2022-01-11T12,2022-01-12T00,12,temperature,2.0,59.41481260909498,82.89627981779398,-4.161172290765578,5.927350619703838
k2_w256_d16,2022-01-11T12,2022-01-12T00,12,temperature,3.0,31.704869705420528,90.57620388213527,-2.3323520763236876,7.891172483560215
k2_w256_d16,2022-01-11T12,2022-01-12T00,12,temperature,5.0,16.900767847450705,51.71855719841292,-1.5676737693601837,5.717155413043224
k2_w256_d16,2022-01-11T12,2022-01-12T00,12,temperature,7.0,14.176053283511202,39.66665926139336,-1.119595307395807,4.771215981835769
k2_w256_d16,2022-01-11T12,2022-01-12T00,12,temperature,10.0,9.49378449828755,25.88746038491513,-0.4287353085446166,3.160207148094039
k2_w256_d16,2022-01-11T12,2022-01-12T00,12,temperature,20.0,4.088515029881764,14.552338680673042,0.5885343649850964,-1.8699344702017258
k2_w256_d16,2022-01-11T12,2022-01-12T00,12,temperature,30.0,3.319088905927511,8.533050110966595,0.7976793968119573,-1.5938638522303425
k2_w256_d16,2022-01-11T12,2022-01-12T00,12,geopotential,1.0,928156293.8645245,11027271.95752121,-30272.670637959403,-1471.5858215479564
k2_w256_d16,2022-01-11T12,2022-01-12T00,12,geopotential,2.0,431043083.2916559,4136575.5726270545,-20623.662600997734,-557.8330731016712
k2_w256_d16,2022-01-11T12,2022-01-12T00,12,geopotential,3.0,244164298.67515165,2806963.212343573,-15521.617868023855,-630.2277046784081
k2_w256_d16,2022-01-11T12,2022-01-12T00,12,geopotential,5.0,92145589.24399582,1518470.2599439307,-9524.57112276692,-7.287348789602262
k2_w256_d16,2022-01-11T12,2022-01-12T00,12,geopotential,7.0,37056278.915332064,1191206.4820980122,-6032.078457953323,149.18629210273923
k2_w256_d16,2022-01-11T12,2022-01-12T00,12,geopotential,10.0,8060996.055985492,989265.6053013988,-2790.6438149368787,288.60447857341296
k2_w256_d16,2022-01-11T12,2022-01-12T00,12,geopotential,20.0,1841161.8765409412,716715.5283045737,1326.5772635366036,509.4846545913433
k2_w256_d16,2022-01-11T12,2022-01-12T00,12,geopotential,30.0,3199985.0168422405,739890.0429255007,1771.7740158636389,671.9085597890872
k2_w256_d16,2022-01-11T12,2022-01-12T00,12,geopotential,500.0,1291.2096409455335,98478.44508729922,-7.2648682777315585,-11.868027416468726
k2_w256_d16,2022-01-11T12,2022-01-12T00,12,u_component_of_wind,1.0,415.94409540351876,485.07136905825337,0.5037187437045884,-7.831091702996518
k2_w256_d16,2022-01-11T12,2022-01-12T00,12,u_component_of_wind,2.0,220.81505116398984,207.8370448347343,1.278815870334276,3.0436899098233243
k2_w256_d16,2022-01-11T12,2022-01-12T00,12,u_component_of_wind,3.0,133.57937455742024,147.62636329541021,-2.0673938798545564,0.5640010808345659
k2_w256_d16,2022-01-11T12,2022-01-12T00,12,u_component_of_wind,5.0,104.3771820817918,221.048386812432,-0.6906542893680683,-0.428295586814959
k2_w256_d16,2022-01-11T12,2022-01-12T00,12,u_component_of_wind,7.0,109.54569527021044,298.79125294828805,-3.7686046335211474,-5.1706211380292535
k2_w256_d16,2022-01-11T12,2022-01-12T00,12,u_component_of_wind,10.0,125.20124653510992,404.54721043552246,-4.984523961578386,-9.03362813725673
k2_w256_d16,2022-01-11T12,2022-01-12T00,12,u_component_of_wind,20.0,25.776872344699253,70.7070502650925,1.4090248495050992,-1.4237149725694354
k2_w256_d16,2022-01-11T12,2022-01-12T00,12,u_component_of_wind,30.0,22.396901325642702,50.80458234777802,1.6124917933858818,-1.2018528733009324
k2_w256_d16,2022-01-11T12,2022-01-12T00,12,v_component_of_wind,1.0,168.47641314444235,230.07950331798952,-1.1882983257506194,0.03192496683005579
k2_w256_d16,2022-01-11T12,2022-01-12T00,12,v_component_of_wind,2.0,76.3141998667023,142.33698183638674,-0.2315729698101551,-3.716383751974452
k2_w256_d16,2022-01-11T12,2022-01-12T00,12,v_component_of_wind,3.0,49.546057312240464,115.32616206953769,0.49521647228823146,-4.429135910421106
k2_w256_d16,2022-01-11T12,2022-01-12T00,12,v_component_of_wind,5.0,37.0110371456707,81.42567511439518,0.08672213556683757,-3.718166074942374
k2_w256_d16,2022-01-11T12,2022-01-12T00,12,v_component_of_wind,7.0,26.216430767682937,56.183477336773194,-0.2493746001840483,-3.2392175748286354
k2_w256_d16,2022-01-11T12,2022-01-12T00,12,v_component_of_wind,10.0,17.614725953915986,35.08851566599245,0.009516653884128052,-2.1624038254492923
k2_w256_d16,2022-01-11T12,2022-01-12T00,12,v_component_of_wind,20.0,8.765211176390629,19.27380119998444,-0.5258346505845608,-2.217930764999581
k2_w256_d16,2022-01-11T12,2022-01-12T00,12,v_component_of_wind,30.0,7.500880788231215,15.324693887801057,-0.431044267713714,-1.1380926199091383
k2_w256_d16,2022-01-11T12,2022-01-12T00,12,specific_humidity,1.0,7.736377655833312e-13,1.164097857580087e-13,-8.61643320431545e-07,-2.741656356201587e-07
k2_w256_d16,2022-01-11T12,2022-01-12T00,12,specific_humidity,2.0,3.9591845786522924e-13,2.2890776225961475e-14,-6.116283421585442e-07,-2.5944341179188262e-08
k2_w256_d16,2022-01-11T12,2022-01-12T00,12,specific_humidity,3.0,3.041116987992079e-13,3.0565482657047084e-14,-5.250552839919592e-07,6.054208050276346e-08
k2_w256_d16,2022-01-11T12,2022-01-12T00,12,specific_humidity,5.0,2.146298055475819e-13,6.57832873184614e-14,-4.2282582243050414e-07,1.777306178427351e-07
k2_w256_d16,2022-01-11T12,2022-01-12T00,12,specific_humidity,7.0,1.4708802837346678e-13,9.068399128278325e-14,-3.4149409203664433e-07,2.5048960427388705e-07
k2_w256_d16,2022-01-11T12,2022-01-12T00,12,specific_humidity,10.0,7.181588254323594e-14,1.5588399917135496e-13,-2.2720068249529543e-07,3.7174113998942334e-07
k2_w256_d16,2022-01-11T12,2022-01-12T00,12,specific_humidity,20.0,1.1542594830323315e-14,1.9471254116120018e-13,-2.0579151777041027e-08,4.3008102173080965e-07
k2_w256_d16,2022-01-11T12,2022-01-12T00,12,specific_humidity,30.0,6.894045625307052e-15,4.90219378289762e-14,3.444155369996057e-08,2.0218637168169024e-07
k2_w256_d16,2022-01-11T12,2022-01-12T00,12,specific_cloud_ice_water_content,1.0,1.7612665690617728e-12,2.8565961797848e-11,4.688386595238129e-07,8.123297415304898e-07
k2_w256_d16,2022-01-11T12,2022-01-12T00,12,specific_cloud_ice_water_content,2.0,1.7304937934923542e-12,2.859335558874984e-11,4.3006411137338945e-07,7.333817919767291e-07
k2_w256_d16,2022-01-11T12,2022-01-12T00,12,specific_cloud_ice_water_content,3.0,1.733018545220335e-12,2.8444848602033027e-11,4.1840169846581476e-07,7.217247835822771e-07
k2_w256_d16,2022-01-11T12,2022-01-12T00,12,specific_cloud_ice_water_content,5.0,1.7109570167400829e-12,2.8435170781979865e-11,4.0335719902498783e-07,6.263491690029427e-07
k2_w256_d16,2022-01-11T12,2022-01-12T00,12,specific_cloud_ice_water_content,7.0,1.7187858426027728e-12,2.8538942739892697e-11,4.1237747711511273e-07,7.323188822630272e-07
k2_w256_d16,2022-01-11T12,2022-01-12T00,12,specific_cloud_ice_water_content,10.0,1.7405043119267567e-12,2.8527753430544623e-11,4.432380776268527e-07,7.32575467490182e-07
k2_w256_d16,2022-01-11T12,2022-01-12T00,12,specific_cloud_ice_water_content,20.0,1.2727215572039284e-12,1.7825025258137012e-11,2.1079088003707322e-07,-2.5954295675736608e-08
k2_w256_d16,2022-01-11T12,2022-01-12T00,12,specific_cloud_ice_water_content,30.0,9.002887369278377e-13,1.2109297134554579e-11,-2.5050961952124616e-07,-1.4260877502295714e-06
k2_w256_d16,2022-01-11T12,2022-01-12T00,12,specific_cloud_liquid_water_content,1.0,6.475838869239951e-12,9.481349095674759e-11,7.41513924722393e-07,-4.193036756802306e-07
k2_w256_d16,2022-01-11T12,2022-01-12T00,12,specific_cloud_liquid_water_content,2.0,6.493219063749371e-12,9.463272412091876e-11,7.683439815858432e-07,-1.320533033431419e-07
k2_w256_d16,2022-01-11T12,2022-01-12T00,12,specific_cloud_liquid_water_content,3.0,6.428406299436848e-12,9.474163256016323e-11,7.261067792108908e-07,1.069091370217659e-08
k2_w256_d16,2022-01-11T12,2022-01-12T00,12,specific_cloud_liquid_water_content,5.0,6.462578870392731e-12,9.486991775633898e-11,7.551942543388279e-07,-6.815415886607989e-09
k2_w256_d16,2022-01-11T12,2022-01-12T00,12,specific_cloud_liquid_water_content,7.0,6.542797589020744e-12,9.469834404433501e-11,7.964138242332507e-07,-1.828906852080174e-07
k2_w256_d16,2022-01-11T12,2022-01-12T00,12,specific_cloud_liquid_water_content,10.0,6.431029628832612e-12,9.462252647214145e-11,7.336272913530675e-07,-4.274939570110783e-08
k2_w256_d16,2022-01-11T12,2022-01-12T00,12,specific_cloud_liquid_water_content,20.0,4.938273438274732e-12,6.978845817336231e-11,7.412909036907498e-07,-1.215953724638162e-06
k2_w256_d16,2022-01-11T12,2022-01-12T00,12,specific_cloud_liquid_water_content,30.0,3.3365589670815526e-12,5.679921695696065e-11,7.60437063862449e-07,-2.413349464697408e-06
k2_w256_d16,2022-01-11T18,2022-01-12T00,6,temperature,1.0,102.26778338969854,80.83302258391741,-5.720415829856665,1.4823327250383986
k2_w256_d16,2022-01-11T18,2022-01-12T00,6,temperature,2.0,60.41883801045408,81.54235614591329,-4.016813632272653,5.371713566908081
k2_w256_d16,2022-01-11T18,2022-01-12T00,6,temperature,3.0,32.619495476621466,75.37033996700993,-2.188595414143572,6.570933183760103
k2_w256_d16,2022-01-11T18,2022-01-12T00,6,temperature,5.0,17.173711794434656,38.46071773099381,-1.4558202180335278,4.397132624227115
k2_w256_d16,2022-01-11T18,2022-01-12T00,6,temperature,7.0,13.938219288642799,31.781299297342926,-1.0265924076129531,4.106326933561613
k2_w256_d16,2022-01-11T18,2022-01-12T00,6,temperature,10.0,9.290116271518459,15.836748044716188,-0.35072624927360563,2.3614911314594513
k2_w256_d16,2022-01-11T18,2022-01-12T00,6,temperature,20.0,4.12195980352619,11.330003063817095,0.6122085104249636,-2.271144558173285
k2_w256_d16,2022-01-11T18,2022-01-12T00,6,temperature,30.0,3.402364160438294,11.81578587839054,0.7935629830624729,-2.7394418351993033
k2_w256_d16,2022-01-11T18,2022-01-12T00,6,geopotential,1.0,923740286.737945,9393704.939304575,-30186.11889966664,-1404.740013942342
k2_w256_d16,2022-01-11T18,2022-01-12T00,6,geopotential,2.0,428721726.39695513,3252001.507036412,-20558.996342161947,-455.2749463306134
k2_w256_d16,2022-01-11T18,2022-01-12T00,6,geopotential,3.0,242736743.10465842,2187794.9575696704,-15470.985417536658,-665.459210930559
k2_w256_d16,2022-01-11T18,2022-01-12T00,6,geopotential,5.0,91644970.42311406,986610.4119104238,-9496.477890140704,-23.677063357858145
k2_w256_d16,2022-01-11T18,2022-01-12T00,6,geopotential,7.0,36873717.55849622,661244.8781859797,-6015.501085699405,186.76791999588892
k2_w256_d16,2022-01-11T18,2022-01-12T00,6,geopotential,10.0,8037143.301002344,398975.06099031575,-2783.924762351036,211.79229211895648
k2_w256_d16,2022-01-11T18,2022-01-12T00,6,geopotential,20.0,1816628.5361122526,233524.3140943107,1316.6982875707783,326.9873085700411
k2_w256_d16,2022-01-11T18,2022-01-12T00,6,geopotential,30.0,3148678.7652204344,205272.77236528054,1757.4533915547481,317.5334181536599
k2_w256_d16,2022-01-11T18,2022-01-12T00,6,geopotential,500.0,1284.4090739331855,16435.787951697585,-7.486932620567341,-2.115268540098402
k2_w256_d16,2022-01-11T18,2022-01-12T00,6,u_component_of_wind,1.0,412.3723279353844,466.68483007163604,0.5269312556698253,-6.757539650649248
k2_w256_d16,2022-01-11T18,2022-01-12T00,6,u_component_of_wind,2.0,222.4059400981408,228.24680571988875,1.3317703981628704,4.253528300227404
k2_w256_d16,2022-01-11T18,2022-01-12T00,6,u_component_of_wind,3.0,132.80254810085526,124.96824163665539,-1.9824863264204333,1.253016119157691
k2_w256_d16,2022-01-11T18,2022-01-12T00,6,u_component_of_wind,5.0,100.13844438392955,135.91130895293492,-0.5108479851317735,-0.48431995196337596
k2_w256_d16,2022-01-11T18,2022-01-12T00,6,u_component_of_wind,7.0,102.54210013844485,205.61010545317947,-3.5941632812539304,-5.108204284554265
k2_w256_d16,2022-01-11T18,2022-01-12T00,6,u_component_of_wind,10.0,120.41681235666412,310.2747537002953,-4.8758634224168045,-8.331307680782244
k2_w256_d16,2022-01-11T18,2022-01-12T00,6,u_component_of_wind,20.0,24.77942529373078,48.92247378912067,1.3179767934625926,-0.7912628785551038
k2_w256_d16,2022-01-11T18,2022-01-12T00,6,u_component_of_wind,30.0,20.94111198509385,34.53967427518703,1.4562137182219708,-0.7186475632773355
k2_w256_d16,2022-01-11T18,2022-01-12T00,6,v_component_of_wind,1.0,170.0901157092077,207.7538980344207,-1.1378395414329345,4.893685971017749
k2_w256_d16,2022-01-11T18,2022-01-12T00,6,v_component_of_wind,2.0,74.39308403874459,85.92388886178297,-0.20932029816929365,1.5317153915718698
k2_w256_d16,2022-01-11T18,2022-01-12T00,6,v_component_of_wind,3.0,47.35115933555924,58.6150171109995,0.5021839653438227,0.9375277985872665
k2_w256_d16,2022-01-11T18,2022-01-12T00,6,v_component_of_wind,5.0,35.68273517516852,39.29639585976852,0.08845591185452406,0.7537446617222103
k2_w256_d16,2022-01-11T18,2022-01-12T00,6,v_component_of_wind,7.0,24.544116290287562,24.668247339047717,-0.2488389325512781,0.15921581398380694
k2_w256_d16,2022-01-11T18,2022-01-12T00,6,v_component_of_wind,10.0,16.352268934002996,18.914513186720107,0.012538442988382274,0.11477050349767465
k2_w256_d16,2022-01-11T18,2022-01-12T00,6,v_component_of_wind,20.0,9.14112664720937,12.357248685277577,-0.5189842492593757,-1.5931784629910792
k2_w256_d16,2022-01-11T18,2022-01-12T00,6,v_component_of_wind,30.0,7.58108364146738,7.79281400801089,-0.43930802480855846,0.08364042077680275
k2_w256_d16,2022-01-11T18,2022-01-12T00,6,specific_humidity,1.0,7.778707961388417e-13,1.6141001262587983e-13,-8.63921365345617e-07,-3.4835757744089735e-07
k2_w256_d16,2022-01-11T18,2022-01-12T00,6,specific_humidity,2.0,3.9883090990644244e-13,3.336287834031088e-14,-6.138841408399671e-07,-9.896740037070708e-08
k2_w256_d16,2022-01-11T18,2022-01-12T00,6,specific_humidity,3.0,3.066824584099707e-13,2.884709878581462e-14,-5.27344017552475e-07,-8.581467001611562e-09
k2_w256_d16,2022-01-11T18,2022-01-12T00,6,specific_humidity,5.0,2.1670750669168973e-13,4.6634468671808364e-14,-4.250638190260142e-07,1.0793874876922189e-07
k2_w256_d16,2022-01-11T18,2022-01-12T00,6,specific_humidity,7.0,1.4879242660409314e-13,5.913658032714001e-14,-3.43772751926259e-07,1.759962586028212e-07
k2_w256_d16,2022-01-11T18,2022-01-12T00,6,specific_humidity,10.0,7.265353325726511e-14,1.0388082106102488e-13,-2.293991814946777e-07,2.9503231487397293e-07
k2_w256_d16,2022-01-11T18,2022-01-12T00,6,specific_humidity,20.0,1.1497412778201653e-14,1.5084670116232671e-13,-2.244922116092651e-08,3.7580961391254364e-07
k2_w256_d16,2022-01-11T18,2022-01-12T00,6,specific_humidity,30.0,6.831521578958219e-15,4.532261355750381e-14,3.3664098758097295e-08,1.9365805171819045e-07
k2_w256_d16,2022-01-11T18,2022-01-12T00,6,specific_cloud_ice_water_content,1.0,2.2245539300587047e-12,5.134695125791702e-12,6.641483953656764e-07,1.4136996309636726e-06
k2_w256_d16,2022-01-11T18,2022-01-12T00,6,specific_cloud_ice_water_content,2.0,2.1779932450554765e-12,5.02439828580743e-12,6.249733427223078e-07,1.385576030231419e-06
k2_w256_d16,2022-01-11T18,2022-01-12T00,6,specific_cloud_ice_water_content,3.0,2.1751363350783923e-12,5.091582174568454e-12,6.133520415450718e-07,1.392119151176934e-06
k2_w256_d16,2022-01-11T18,2022-01-12T00,6,specific_cloud_ice_water_content,5.0,2.1483070406371762e-12,4.697315539108352e-12,5.99197200674436e-07,1.2562445274924582e-06
k2_w256_d16,2022-01-11T18,2022-01-12T00,6,specific_cloud_ice_water_content,7.0,2.1606666504808448e-12,4.917452173145504e-12,6.077849595871839e-07,1.3410858472138281e-06
k2_w256_d16,2022-01-11T18,2022-01-12T00,6,specific_cloud_ice_water_content,10.0,2.1924786903908056e-12,4.935679579236977e-12,6.387001236712188e-07,1.3437461877006452e-06
k2_w256_d16,2022-01-11T18,2022-01-12T00,6,specific_cloud_ice_water_content,20.0,1.5584867590426495e-12,3.112381650384707e-12,3.885970383823025e-07,8.194396701897182e-07
k2_w256_d16,2022-01-11T18,2022-01-12T00,6,specific_cloud_ice_water_content,30.0,9.465306925580556e-13,1.7377344817111743e-12,-1.0202832686196257e-07,-6.17237982711469e-08
k2_w256_d16,2022-01-11T18,2022-01-12T00,6,specific_cloud_liquid_water_content,1.0,7.89563305397768e-12,1.762239418349542e-11,8.500444147546103e-07,-1.055231687794582e-06
k2_w256_d16,2022-01-11T18,2022-01-12T00,6,specific_cloud_liquid_water_content,2.0,7.913089426382694e-12,1.7157705780721647e-11,8.745369773550873e-07,-7.483784326924201e-07
k2_w256_d16,2022-01-11T18,2022-01-12T00,6,specific_cloud_liquid_water_content,3.0,7.84299423190839e-12,1.694481615199691e-11,8.315776394545178e-07,-6.162143113725025e-07
k2_w256_d16,2022-01-11T18,2022-01-12T00,6,specific_cloud_liquid_water_content,5.0,7.889547529292886e-12,1.6759853650809842e-11,8.645084813804747e-07,-5.667804027794533e-07
k2_w256_d16,2022-01-11T18,2022-01-12T00,6,specific_cloud_liquid_water_content,7.0,7.965571457152311e-12,1.7055649010254502e-11,9.044966762329482e-07,-7.705946936719896e-07
k2_w256_d16,2022-01-11T18,2022-01-12T00,6,specific_cloud_liquid_water_content,10.0,7.842452517804361e-12,1.675855998839e-11,8.382597232583086e-07,-5.647658639547475e-07
k2_w256_d16,2022-01-11T18,2022-01-12T00,6,specific_cloud_liquid_water_content,20.0,6.0091076215107986e-12,1.41765767083819e-11,8.148858353045598e-07,-1.0949973236394887e-06
k2_w256_d16,2022-01-11T18,2022-01-12T00,6,specific_cloud_liquid_water_content,30.0,4.010654627182886e-12,1.108170919671242e-11,7.71106222296151e-07,-1.0354868947726384e-06
k2_w256_d16,2022-01-11T18,2022-01-12T06,12,temperature,1.0,100.72754024353492,86.09932476932137,-5.880067605386271,1.9561875291218402
k2_w256_d16,2022-01-11T18,2022-01-12T06,12,temperature,2.0,66.27183265195589,83.39114285185727,-4.379573644702132,5.648761108278382
k2_w256_d16,2022-01-11T18,2022-01-12T06,12,temperature,3.0,39.76793766921076,89.63569597807074,-2.6855511517866786,7.4925361704886395
k2_w256_d16,2022-01-11T18,2022-01-12T06,12,temperature,5.0,18.75710801493312,47.15422946782604,-1.8639502577237401,5.364708751710166
k2_w256_d16,2022-01-11T18,2022-01-12T06,12,temperature,7.0,13.568871229699955,35.56530128518278,-1.330289297512416,4.475515755719034
k2_w256_d16,2022-01-11T18,2022-01-12T06,12,temperature,10.0,8.34243609872481,24.545848644750066,-0.25289882889520005,3.070516298679685
k2_w256_d16,2022-01-11T18,2022-01-12T06,12,temperature,20.0,4.267147185833103,14.426156972523277,0.6940574852986854,-1.8652664560211683
k2_w256_d16,2022-01-11T18,2022-01-12T06,12,temperature,30.0,3.7178743917811343,8.626534684372496,0.8975367937025205,-1.5297250651522227
k2_w256_d16,2022-01-11T18,2022-01-12T06,12,geopotential,1.0,929538153.3508236,11740486.66891231,-30273.925614298678,-1660.089042370925
k2_w256_d16,2022-01-11T18,2022-01-12T06,12,geopotential,2.0,432600755.2257016,4503428.970936855,-20648.674809666943,-722.2078335982893
k2_w256_d16,2022-01-11T18,2022-01-12T06,12,geopotential,3.0,244744074.21915224,3038441.7871971074,-15535.390512404081,-761.3965662865123
k2_w256_d16,2022-01-11T18,2022-01-12T06,12,geopotential,5.0,91894049.04645357,1509192.8440890703,-9510.389268119747,-75.32904868671278
k2_w256_d16,2022-01-11T18,2022-01-12T06,12,geopotential,7.0,36803416.551903136,1164896.5295231163,-6009.725330900846,111.43993889744077
k2_w256_d16,2022-01-11T18,2022-01-12T06,12,geopotential,10.0,7935178.792311647,979749.5345631252,-2766.596233712007,273.46247743153936
k2_w256_d16,2022-01-11T18,2022-01-12T06,12,geopotential,20.0,1861225.7616277807,737834.6945309862,1336.7723245398572,518.3228519030017
k2_w256_d16,2022-01-11T18,2022-01-12T06,12,geopotential,30.0,3221935.517043764,769832.1542657125,1779.1794015685366,694.0652225932379
k2_w256_d16,2022-01-11T18,2022-01-12T06,12,geopotential,500.0,1313.0942624980735,100531.70001648652,-5.249559196971992,-11.06935566799973
k2_w256_d16,2022-01-11T18,2022-01-12T06,12,u_component_of_wind,1.0,400.6982408794561,463.25741064343015,0.06670300699622034,-8.221773587174113
k2_w256_d16,2022-01-11T18,2022-01-12T06,12,u_component_of_wind,2.0,229.35670722542457,212.4406431195619,1.900769835331664,3.696977370632233
k2_w256_d16,2022-01-11T18,2022-01-12T06,12,u_component_of_wind,3.0,132.94791043201855,135.75288029260116,-2.40751386657709,0.2427506343236106
k2_w256_d16,2022-01-11T18,2022-01-12T06,12,u_component_of_wind,5.0,104.05538075706798,205.0367170553828,-1.424384354166529,-1.2608703488890165
k2_w256_d16,2022-01-11T18,2022-01-12T06,12,u_component_of_wind,7.0,111.79210300560716,294.52594010398127,-3.637451585083131,-5.128199643874152
k2_w256_d16,2022-01-11T18,2022-01-12T06,12,u_component_of_wind,10.0,124.4230207359731,398.48037306700337,-4.826548685290529,-8.911761829939378
k2_w256_d16,2022-01-11T18,2022-01-12T06,12,u_component_of_wind,20.0,25.400933892964137,68.86090742063216,1.4317441152294748,-1.4129794086859917
k2_w256_d16,2022-01-11T18,2022-01-12T06,12,u_component_of_wind,30.0,22.778122564990586,51.59528746198029,1.5894936415307268,-1.1655847102759274
k2_w256_d16,2022-01-11T18,2022-01-12T06,12,v_component_of_wind,1.0,139.19473210387957,201.21296461474427,-0.734833598715845,-0.440762546017852
k2_w256_d16,2022-01-11T18,2022-01-12T06,12,v_component_of_wind,2.0,88.44104557445043,155.23463717570763,0.17372049639085524,-3.7879376492892067
k2_w256_d16,2022-01-11T18,2022-01-12T06,12,v_component_of_wind,3.0,51.63860167318392,108.27632285959592,0.8090830528027261,-4.341429585913936
k2_w256_d16,2022-01-11T18,2022-01-12T06,12,v_component_of_wind,5.0,37.08323018625127,82.3966561364838,-0.08463063747886118,-4.054915752429845
k2_w256_d16,2022-01-11T18,2022-01-12T06,12,v_component_of_wind,7.0,26.377436570920644,59.86047198871166,-0.3392853238776351,-3.4613117067685004
k2_w256_d16,2022-01-11T18,2022-01-12T06,12,v_component_of_wind,10.0,16.008538033695753,34.65611341203913,-0.048986205053294124,-2.3312855989191528
k2_w256_d16,2022-01-11T18,2022-01-12T06,12,v_component_of_wind,20.0,8.335899072763091,19.748120207526362,-0.3700516318244096,-2.1960762522445787
k2_w256_d16,2022-01-11T18,2022-01-12T06,12,v_component_of_wind,30.0,7.437618570908038,15.830945036963321,-0.1403705878295098,-0.9870357569310438
k2_w256_d16,2022-01-11T18,2022-01-12T06,12,specific_humidity,1.0,7.762161119408869e-13,1.1539383705653334e-13,-8.63776635821789e-07,-2.745233791430725e-07
k2_w256_d16,2022-01-11T18,2022-01-12T06,12,specific_humidity,2.0,3.987911594699384e-13,2.264906915596494e-14,-6.137698654016623e-07,-2.6389071965208924e-08
k2_w256_d16,2022-01-11T18,2022-01-12T06,12,specific_humidity,3.0,3.07023348484723e-13,3.035324851943003e-14,-5.276212943297564e-07,5.97786511940979e-08
k2_w256_d16,2022-01-11T18,2022-01-12T06,12,specific_humidity,5.0,2.1542044347511195e-13,6.547998487241893e-14,-4.237389516961394e-07,1.7864163262706477e-07
k2_w256_d16,2022-01-11T18,2022-01-12T06,12,specific_humidity,7.0,1.4932438938870072e-13,9.010365709449639e-14,-3.442784758353771e-07,2.49578703704615e-07
k2_w256_d16,2022-01-11T18,2022-01-12T06,12,specific_humidity,10.0,7.24201657070919e-14,1.558598468150989e-13,-2.2862401463152643e-07,3.7216323553865356e-07
k2_w256_d16,2022-01-11T18,2022-01-12T06,12,specific_humidity,20.0,1.1660833114288143e-14,1.951041431294192e-13,-2.186708110609975e-08,4.302925814167966e-07
k2_w256_d16,2022-01-11T18,2022-01-12T06,12,specific_humidity,30.0,6.811326989770302e-15,4.913731222910314e-14,3.3283079275393476e-08,2.0224825983008343e-07
k2_w256_d16,2022-01-11T18,2022-01-12T06,12,specific_cloud_ice_water_content,1.0,1.773076547638176e-12,2.803371081002181e-11,4.581758379435546e-07,1.1672756793312007e-06
k2_w256_d16,2022-01-11T18,2022-01-12T06,12,specific_cloud_ice_water_content,2.0,1.7427091414615486e-12,2.7960519861180168e-11,4.1934883426929217e-07,1.090130746830271e-06
k2_w256_d16,2022-01-11T18,2022-01-12T06,12,specific_cloud_ice_water_content,3.0,1.7443433144601346e-12,2.783388471149839e-11,4.0783071988093934e-07,1.076341680521403e-06
k2_w256_d16,2022-01-11T18,2022-01-12T06,12,specific_cloud_ice_water_content,5.0,1.7238763344208662e-12,2.7738788766431083e-11,3.926745800220597e-07,9.81984875171804e-07
k2_w256_d16,2022-01-11T18,2022-01-12T06,12,specific_cloud_ice_water_content,7.0,1.732919528899529e-12,2.792551442797857e-11,4.017428896999243e-07,1.08806356524164e-06
k2_w256_d16,2022-01-11T18,2022-01-12T06,12,specific_cloud_ice_water_content,10.0,1.7522864262117578e-12,2.7919169871151282e-11,4.3258353421339913e-07,1.0878421104039835e-06
k2_w256_d16,2022-01-11T18,2022-01-12T06,12,specific_cloud_ice_water_content,20.0,1.2838907921554397e-12,1.7243423305768317e-11,2.017706076260761e-07,2.833866004478391e-07
k2_w256_d16,2022-01-11T18,2022-01-12T06,12,specific_cloud_ice_water_content,30.0,9.173176848406663e-13,1.179493590005748e-11,-2.5693596017323203e-07,-1.2398399496374841e-06
k2_w256_d16,2022-01-11T18,2022-01-12T06,12,specific_cloud_liquid_water_content,1.0,6.5790617306309095e-12,9.999026915571757e-11,7.606165292671583e-07,-2.2144273295057456e-07
k2_w256_d16,2022-01-11T18,2022-01-12T06,12,specific_cloud_liquid_water_content,2.0,6.594797832240909e-12,9.98046294703394e-11,7.871763400179609e-07,6.287682086084266e-08
k2_w256_d16,2022-01-11T18,2022-01-12T06,12,specific_cloud_liquid_water_content,3.0,6.526131202900963e-12,9.993064759763887e-11,7.45039809990368e-07,2.0533447333596882e-07
k2_w256_d16,2022-01-11T18,2022-01-12T06,12,specific_cloud_liquid_water_content,5.0,6.566160460008922e-12,1.0015598372392258e-10,7.736960260030902e-07,1.877364939305969e-07
k2_w256_d16,2022-01-11T18,2022-01-12T06,12,specific_cloud_liquid_water_content,7.0,6.641772351829065e-12,9.99413506834283e-11,8.140812148254572e-07,1.4596795929427845e-08
k2_w256_d16,2022-01-11T18,2022-01-12T06,12,specific_cloud_liquid_water_content,10.0,6.521743361967167e-12,9.985213926954044e-11,7.517920547386458e-07,1.5729031863111812e-07
k2_w256_d16,2022-01-11T18,2022-01-12T06,12,specific_cloud_liquid_water_content,20.0,5.018558600078346e-12,7.326910526904415e-11,7.47855846465985e-07,-1.1177976239634272e-06
k2_w256_d16,2022-01-11T18,2022-01-12T06,12,specific_cloud_liquid_water_content,30.0,3.347896334425874e-12,5.751985642378804e-11,7.497271192270808e-07,-2.5545460295108327e-06
k2_w256_d16,2022-01-12T00,2022-01-12T06,6,temperature,1.0,100.61575190960028,79.04170189358621,-5.853701195242909,1.487692244815784
k2_w256_d16,2022-01-12T00,2022-01-12T06,6,temperature,2.0,66.04445739297043,81.1306733022807,-4.3242198987684155,5.193163318902373
k2_w256_d16,2022-01-12T00,2022-01-12T06,6,temperature,3.0,39.35967253755927,75.01009978787208,-2.642866292460268,6.28323599155565
k2_w256_d16,2022-01-12T00,2022-01-12T06,6,temperature,5.0,18.629478426958354,34.909216783184604,-1.7971117201703608,4.186087403564463
k2_w256_d16,2022-01-12T00,2022-01-12T06,6,temperature,7.0,13.380430558972465,29.588950118945757,-1.2410254985650544,3.9810030164729207
k2_w256_d16,2022-01-12T00,2022-01-12T06,6,temperature,10.0,8.425346075105693,15.401775780272382,-0.20667549501119745,2.363022833548233
k2_w256_d16,2022-01-12T00,2022-01-12T06,6,temperature,20.0,4.511956656240331,11.390368102078067,0.6845608262699862,-2.2823985796787367
k2_w256_d16,2022-01-12T00,2022-01-12T06,6,temperature,30.0,3.8191014471956692,11.626897583405903,0.8733935839332729,-2.6955292365069137
k2_w256_d16,2022-01-12T00,2022-01-12T06,6,geopotential,1.0,926081107.3197583,8844181.721561829,-30216.14607799171,-1459.586998056402
k2_w256_d16,2022-01-12T00,2022-01-12T06,6,geopotential,2.0,430542237.6457244,3047790.5123245916,-20598.828094171953,-513.2523519503727
k2_w256_d16,2022-01-12T00,2022-01-12T06,6,geopotential,3.0,243349420.17582685,2112344.9397467915,-15490.238246295257,-696.7983836926828
k2_w256_d16,2022-01-12T00,2022-01-12T06,6,geopotential,5.0,91194058.38573882,961918.9958448932,-9472.673332358561,-18.693957570067326
k2_w256_d16,2022-01-12T00,2022-01-12T06,6,geopotential,7.0,36464747.07697536,672667.6576531869,-5979.465448009487,204.90627420766864
k2_w256_d16,2022-01-12T00,2022-01-12T06,6,geopotential,10.0,7832958.460985653,423947.32089625194,-2743.7965140262663,236.55980041584206
k2_w256_d16,2022-01-12T00,2022-01-12T06,6,geopotential,20.0,1890389.8160390086,255171.93813268558,1346.2517250538745,356.8849906565176
k2_w256_d16,2022-01-12T00,2022-01-12T06,6,geopotential,30.0,3235977.3822612367,227637.2569369371,1782.9918991258528,348.65552198345273
k2_w256_d16,2022-01-12T00,2022-01-12T06,6,geopotential,500.0,636.9268144632342,16097.86590680312,-4.726433886964559,0.7108621736860012
k2_w256_d16,2022-01-12T00,2022-01-12T06,6,u_component_of_wind,1.0,399.1618653161735,455.0156112187766,-0.10937262976549766,-7.7584527485387795
k2_w256_d16,2022-01-12T00,2022-01-12T06,6,u_component_of_wind,2.0,229.09820024616036,231.7724110483181,1.7675450737384224,4.484337177299823
k2_w256_d16,2022-01-12T00,2022-01-12T06,6,u_component_of_wind,3.0,133.21754432142927,117.26259992238548,-2.5096601846872257,0.6158274544929444
k2_w256_d16,2022-01-12T00,2022-01-12T06,6,u_component_of_wind,5.0,100.88422903573331,132.86084981372562,-1.4347558670996197,-1.6160060973773565
k2_w256_d16,2022-01-12T00,2022-01-12T06,6,u_component_of_wind,7.0,106.69180265052358,209.61357009413368,-3.6380217451201133,-5.359641710839234
k2_w256_d16,2022-01-12T00,2022-01-12T06,6,u_component_of_wind,10.0,121.93257615177387,312.80473311148046,-4.875875248005064,-8.51366169730623
k2_w256_d16,2022-01-12T00,2022-01-12T06,6,u_component_of_wind,20.0,23.5203537120397,49.88150250090409,1.2225258871171922,-1.0450793218925385
k2_w256_d16,2022-01-12T00,2022-01-12T06,6,u_component_of_wind,30.0,20.837326424065875,35.631230562888376,1.3480802523603626,-0.896121533694477
k2_w256_d16,2022-01-12T00,2022-01-12T06,6,v_component_of_wind,1.0,141.55078274028264,185.06426221625128,-0.8703835413410539,4.3456940071977925
k2_w256_d16,2022-01-12T00,2022-01-12T06,6,v_component_of_wind,2.0,90.53702796352488,97.33465714549237,-0.017199571109177886,1.1235177644867198
k2_w256_d16,2022-01-12T00,2022-01-12T06,6,v_component_of_wind,3.0,48.7879993517618,57.05726410645774,0.5984975456627369,0.5794065332395948
k2_w256_d16,2022-01-12T00,2022-01-12T06,6,v_component_of_wind,5.0,34.06214095683708,41.20167484902251,-0.2945559647171267,0.00514435811197583
k2_w256_d16,2022-01-12T00,2022-01-12T06,6,v_component_of_wind,7.0,26.278871960447674,28.306596600264985,-0.5418951948581764,-0.4385734561142629
k2_w256_d16,2022-01-12T00,2022-01-12T06,6,v_component_of_wind,10.0,16.778587753202707,18.136795011717354,-0.22406782188793253,-0.3532702234388123
k2_w256_d16,2022-01-12T00,2022-01-12T06,6,v_component_of_wind,20.0,8.816434366978948,12.469212583288375,-0.4538610782948428,-1.6561713469614396
k2_w256_d16,2022-01-12T00,2022-01-12T06,6,v_component_of_wind,30.0,7.692426054224859,8.826017188192857,-0.12941802810403596,0.26993930675320676
k2_w256_d16,2022-01-12T00,2022-01-12T06,6,specific_humidity,1.0,7.747828629746991e-13,1.5869065719342017e-13,-8.628964397018304e-07,-3.459037824802004e-07
k2_w256_d16,2022-01-12T00,2022-01-12T06,6,specific_humidity,2.0,3.9770405549224746e-13,3.291861698132057e-14,-6.128546384298483e-07,-9.66254310263218e-08
k2_w256_d16,2022-01-12T00,2022-01-12T06,6,specific_humidity,3.0,3.0601432460068664e-13,2.873252396872065e-14,-5.267655887419313e-07,-6.559215298252854e-09
k2_w256_d16,2022-01-12T00,2022-01-12T06,6,specific_humidity,5.0,2.1449723885486077e-13,4.705079519290196e-14,-4.228211824087999e-07,1.1165238972330569e-07
k2_w256_d16,2022-01-12T00,2022-01-12T06,6,specific_humidity,7.0,1.485137120187433e-13,5.977395619585788e-14,-3.433771319367763e-07,1.777138916759147e-07
k2_w256_d16,2022-01-12T00,2022-01-12T06,6,specific_humidity,10.0,7.172678046700278e-14,1.0548895322307756e-13,-2.2771361558000174e-07,2.9811509248171845e-07
k2_w256_d16,2022-01-12T00,2022-01-12T06,6,specific_humidity,20.0,1.1474278450263481e-14,1.526682522624927e-13,-2.1016605001515976e-08,3.7832413852651107e-07
k2_w256_d16,2022-01-12T00,2022-01-12T06,6,specific_humidity,30.0,6.776174606510456e-15,4.5535835242761126e-14,3.410253187937975e-08,1.9453429658501178e-07
k2_w256_d16,2022-01-12T00,2022-01-12T06,6,specific_cloud_ice_water_content,1.0,2.185636816505562e-12,4.9544781896106065e-12,6.096415897116869e-07,1.3694640760475655e-06
k2_w256_d16,2022-01-12T00,2022-01-12T06,6,specific_cloud_ice_water_content,2.0,2.1438394121812256e-12,4.851099339346975e-12,5.710188610570895e-07,1.3414546969275423e-06
k2_w256_d16,2022-01-12T00,2022-01-12T06,6,specific_cloud_ice_water_content,3.0,2.139568904483457e-12,4.912264175807502e-12,5.589184942151602e-07,1.347218652011329e-06
k2_w256_d16,2022-01-12T00,2022-01-12T06,6,specific_cloud_ice_water_content,5.0,2.1174250522702596e-12,4.534496512959123e-12,5.445671941680552e-07,1.2114091636259494e-06
k2_w256_d16,2022-01-12T00,2022-01-12T06,6,specific_cloud_ice_water_content,7.0,2.129161853492926e-12,4.746925448984145e-12,5.53430285837855e-07,1.296609803086474e-06
k2_w256_d16,2022-01-12T00,2022-01-12T06,6,specific_cloud_ice_water_content,10.0,2.1559876592461254e-12,4.764882685057468e-12,5.841235071349558e-07,1.2999186211872914e-06
k2_w256_d16,2022-01-12T00,2022-01-12T06,6,specific_cloud_ice_water_content,20.0,1.5473108332384033e-12,2.9954259154269454e-12,3.430913841239023e-07,7.850093308114542e-07
k2_w256_d16,2022-01-12T00,2022-01-12T06,6,specific_cloud_ice_water_content,30.0,9.889644546760134e-13,1.7097304993450417e-12,-1.3137310942249222e-07,-7.505876378321934e-08
k2_w256_d16,2022-01-12T00,2022-01-12T06,6,specific_cloud_liquid_water_content,1.0,7.686687950967508e-12,1.7289658109851003e-11,7.937331653549731e-07,-1.0994905300543757e-06
k2_w256_d16,2022-01-12T00,2022-01-12T06,6,specific_cloud_liquid_water_content,2.0,7.69457914411989e-12,1.679132713837545e-11,8.180544833395435e-07,-7.934730741329544e-07
k2_w256_d16,2022-01-12T00,2022-01-12T06,6,specific_cloud_liquid_water_content,3.0,7.625116458609358e-12,1.656231986605788e-11,7.752762028783995e-07,-6.594630379860847e-07
k2_w256_d16,2022-01-12T00,2022-01-12T06,6,specific_cloud_liquid_water_content,5.0,7.679641036892897e-12,1.6417755507653275e-11,8.080527459509191e-07,-6.13385882522882e-07
k2_w256_d16,2022-01-12T00,2022-01-12T06,6,specific_cloud_liquid_water_content,7.0,7.748973354459706e-12,1.6713902904683607e-11,8.474024870810357e-07,-8.162652035222511e-07
k2_w256_d16,2022-01-12T00,2022-01-12T06,6,specific_cloud_liquid_water_content,10.0,7.624978037046822e-12,1.6378405883856892e-11,7.820934108920211e-07,-6.09069941325548e-07
k2_w256_d16,2022-01-12T00,2022-01-12T06,6,specific_cloud_liquid_water_content,20.0,5.858276559210957e-12,1.4003155878718407e-11,7.64497850076203e-07,-1.1406338640591425e-06
k2_w256_d16,2022-01-12T00,2022-01-12T06,6,specific_cloud_liquid_water_content,30.0,4.020675639512969e-12,1.1113686959454695e-11,7.407730065633371e-07,-1.0813941447083623e-06
k2_w256_d16,2022-01-12T00,2022-01-12T12,12,temperature,1.0,110.46351993631974,86.04891321925481,-6.435962553714161,1.5164525383329566
k2_w256_d16,2022-01-12T00,2022-01-12T12,12,temperature,2.0,68.62525550770394,88.72533737355707,-4.4102993793292224,5.766312611530804
k2_w256_d16,2022-01-12T00,2022-01-12T12,12,temperature,3.0,39.63816120800648,91.45485609123034,-2.6993738846939275,7.608504093563138
k2_w256_d16,2022-01-12T00,2022-01-12T12,12,temperature,5.0,18.350254785398874,46.918159211704754,-1.9181047195777434,5.442926020123982
k2_w256_d16,2022-01-12T00,2022-01-12T12,12,temperature,7.0,13.462046115360852,36.22217571933548,-1.3707722264314253,4.573047935393237
k2_w256_d16,2022-01-12T00,2022-01-12T12,12,temperature,10.0,8.266302051100602,24.778483265776565,-0.27245308957990316,3.0913346665861425
k2_w256_d16,2022-01-12T00,2022-01-12T12,12,temperature,20.0,4.515132295034785,15.826536802231473,0.6642024615454838,-1.9498212477426375
k2_w256_d16,2022-01-12T00,2022-01-12T12,12,temperature,30.0,3.6468444499420682,8.713107069033233,0.8876562293264489,-1.6200373573143472
k2_w256_d16,2022-01-12T00,2022-01-12T12,12,geopotential,1.0,930239934.7380176,10552236.971142989,-30294.455670129984,-1460.2047937444477
k2_w256_d16,2022-01-12T00,2022-01-12T12,12,geopotential,2.0,432627276.2355982,4102391.573593506,-20654.450597652212,-586.6154447157056
k2_w256_d16,2022-01-12T00,2022-01-12T12,12,geopotential,3.0,245054799.9858352,2862310.193563717,-15548.066773483082,-672.1102337169611
k2_w256_d16,2022-01-12T00,2022-01-12T12,12,geopotential,5.0,92266561.66058081,1543873.5942790187,-9531.10068731014,-38.71527987251386
k2_w256_d16,2022-01-12T00,2022-01-12T12,12,geopotential,7.0,37047679.967007026,1225343.2770769864,-6029.520594567571,108.92317674419212
k2_w256_d16,2022-01-12T00,2022-01-12T12,12,geopotential,10.0,8069495.9884192385,1046195.4661119673,-2786.152748573505,244.0041454362376
k2_w256_d16,2022-01-12T00,2022-01-12T12,12,geopotential,20.0,1833993.5928322994,714576.7402442836,1324.8595004508804,468.3730361817627
k2_w256_d16,2022-01-12T00,2022-01-12T12,12,geopotential,30.0,3192156.662356587,710635.5991954072,1770.0522718824745,654.3963327492306
k2_w256_d16,2022-01-12T00,2022-01-12T12,12,geopotential,500.0,1295.1522149210982,96843.82858295189,-7.144326906930141,-22.674559595901044
k2_w256_d16,2022-01-12T00,2022-01-12T12,12,u_component_of_wind,1.0,412.79534845460967,504.15790584952003,-1.4053842671511645,-9.286555425803705
k2_w256_d16,2022-01-12T00,2022-01-12T12,12,u_component_of_wind,2.0,232.34894109220596,210.98312907918802,1.0640819472765606,3.173448703772011
k2_w256_d16,2022-01-12T00,2022-01-12T12,12,u_component_of_wind,3.0,141.9925212651163,146.09801295296165,-1.950424671484052,0.9849722441065347
k2_w256_d16,2022-01-12T00,2022-01-12T12,12,u_component_of_wind,5.0,119.2087790047485,203.3548001253702,-2.3049673855338257,-1.9817946708733487
k2_w256_d16,2022-01-12T00,2022-01-12T12,12,u_component_of_wind,7.0,128.9156392898578,298.74981714328413,-4.216386660409693,-5.6744926531423845
k2_w256_d16,2022-01-12T00,2022-01-12T12,12,u_component_of_wind,10.0,133.18329378516577,411.6111849355068,-4.912308903173966,-9.204686169015607
k2_w256_d16,2022-01-12T00,2022-01-12T12,12,u_component_of_wind,20.0,27.92430969641599,74.02997162922772,1.4564215743524356,-1.7395569250959302
k2_w256_d16,2022-01-12T00,2022-01-12T12,12,u_component_of_wind,30.0,24.6396503360043,55.149238064322574,1.543837385829624,-1.386142917283307
k2_w256_d16,2022-01-12T00,2022-01-12T12,12,v_component_of_wind,1.0,129.92297862412562,211.3538372678083,-0.14428580859370507,-0.07001412525873502
k2_w256_d16,2022-01-12T00,2022-01-12T12,12,v_component_of_wind,2.0,97.83227425839587,150.9091296903662,0.7100561081050194,-3.356267734426423
k2_w256_d16,2022-01-12T00,2022-01-12T12,12,v_component_of_wind,3.0,59.95728230716364,119.53429484014818,1.0696677737960627,-4.124513417134377
k2_w256_d16,2022-01-12T00,2022-01-12T12,12,v_component_of_wind,5.0,30.748050432656505,80.77807050980273,0.1799127917882137,-3.7997579944131177
k2_w256_d16,2022-01-12T00,2022-01-12T12,12,v_component_of_wind,7.0,24.880893863354537,62.65718740149444,-0.13472540243737902,-3.2542942058415747
k2_w256_d16,2022-01-12T00,2022-01-12T12,12,v_component_of_wind,10.0,16.038603065047642,36.38268331877549,-0.12422889707971857,-2.3891705974050934
k2_w256_d16,2022-01-12T00,2022-01-12T12,12,v_component_of_wind,20.0,8.35438616123847,19.021390035463455,-0.386519738168097,-2.2420323207988657
k2_w256_d16,2022-01-12T00,2022-01-12T12,12,v_component_of_wind,30.0,7.9811786854047355,16.085139331311296,-0.33721231813200236,-1.2522154394477445
k2_w256_d16,2022-01-12T00,2022-01-12T12,12,specific_humidity,1.0,7.744059433961831e-13,1.1523929755327873e-13,-8.630902804983211e-07,-2.7373093436448977e-07
k2_w256_d16,2022-01-12T00,2022-01-12T12,12,specific_humidity,2.0,3.926434531872972e-13,2.1972071377076585e-14,-6.087723860345037e-07,-2.1363199079845615e-08
k2_w256_d16,2022-01-12T00,2022-01-12T12,12,specific_humidity,3.0,3.0631843712827744e-13,3.0636713898899354e-14,-5.268406640893434e-07,6.05650043799563e-08
k2_w256_d16,2022-01-12T00,2022-01-12T12,12,specific_humidity,5.0,2.1318420559457118e-13,6.659763508104418e-14,-4.2107262152309105e-07,1.8150131873517975e-07
k2_w256_d16,2022-01-12T00,2022-01-12T12,12,specific_humidity,7.0,1.4656288146574402e-13,9.210448582582154e-14,-3.402944705351116e-07,2.5363650869736273e-07
k2_w256_d16,2022-01-12T00,2022-01-12T12,12,specific_humidity,10.0,7.150534804802325e-14,1.5676402265958796e-13,-2.2700062523051859e-07,3.738531723833675e-07
k2_w256_d16,2022-01-12T00,2022-01-12T12,12,specific_humidity,20.0,1.1492460567455766e-14,1.9700982923253359e-13,-1.911147486233893e-08,4.3285363712616754e-07
k2_w256_d16,2022-01-12T00,2022-01-12T12,12,specific_humidity,30.0,6.843960574818435e-15,4.909176366173933e-14,3.4485742384325615e-08,2.0271067466441455e-07
k2_w256_d16,2022-01-12T00,2022-01-12T12,12,specific_cloud_ice_water_content,1.0,1.7056608497718184e-12,2.777119398160154e-11,4.2565962704376904e-07,1.4677999268863947e-06
k2_w256_d16,2022-01-12T00,2022-01-12T12,12,specific_cloud_ice_water_content,2.0,1.6758874758215087e-12,2.7670958625095074e-11,3.862626166811207e-07,1.3903222728081806e-06
k2_w256_d16,2022-01-12T00,2022-01-12T12,12,specific_cloud_ice_water_content,3.0,1.6759777821003041e-12,2.7541056063183976e-11,3.74138177052426e-07,1.375513109484916e-06
k2_w256_d16,2022-01-12T00,2022-01-12T12,12,specific_cloud_ice_water_content,5.0,1.6599817358789911e-12,2.7371035335503265e-11,3.599007520834753e-07,1.28152558947717e-06
k2_w256_d16,2022-01-12T00,2022-01-12T12,12,specific_cloud_ice_water_content,7.0,1.668324366187957e-12,2.7622181228534315e-11,3.6881490220039246e-07,1.3888993899255262e-06
k2_w256_d16,2022-01-12T00,2022-01-12T12,12,specific_cloud_ice_water_content,10.0,1.6851540883667474e-12,2.7613346474374318e-11,3.996492089939562e-07,1.3884425776422512e-06
k2_w256_d16,2022-01-12T00,2022-01-12T12,12,specific_cloud_ice_water_content,20.0,1.2425100119625268e-12,1.6819329844056668e-11,1.6981353399475778e-07,4.864194243332261e-07
k2_w256_d16,2022-01-12T00,2022-01-12T12,12,specific_cloud_ice_water_content,30.0,9.259310477119525e-13,1.1303678762732531e-11,-2.801517378922712e-07,-1.2348101686941889e-06
k2_w256_d16,2022-01-12T00,2022-01-12T12,12,specific_cloud_liquid_water_content,1.0,6.43826093757662e-12,9.240078909083572e-11,6.94691897227466e-07,-1.0881686422803474e-08
k2_w256_d16,2022-01-12T00,2022-01-12T12,12,specific_cloud_liquid_water_content,2.0,6.4450136848407164e-12,9.233117719793584e-11,7.213549883814876e-07,2.740292678091126e-07
k2_w256_d16,2022-01-12T00,2022-01-12T12,12,specific_cloud_liquid_water_content,3.0,6.380034871023264e-12,9.254274727868507e-11,6.788843776052991e-07,4.167379530249024e-07
k2_w256_d16,2022-01-12T00,2022-01-12T12,12,specific_cloud_liquid_water_content,5.0,6.420110970245186e-12,9.272490497237456e-11,7.081795719736081e-07,3.974605578735767e-07
k2_w256_d16,2022-01-12T00,2022-01-12T12,12,specific_cloud_liquid_water_content,7.0,6.496791555210935e-12,9.242225735749357e-11,7.493285000628854e-07,2.243620063935048e-07
k2_w256_d16,2022-01-12T00,2022-01-12T12,12,specific_cloud_liquid_water_content,10.0,6.379085124808285e-12,9.245093075434442e-11,6.857065898358726e-07,3.660923282165306e-07
k2_w256_d16,2022-01-12T00,2022-01-12T12,12,specific_cloud_liquid_water_content,20.0,4.899604345471086e-12,6.852534419053425e-11,7.144584585385433e-07,-9.753407729696637e-07
k2_w256_d16,2022-01-12T00,2022-01-12T12,12,specific_cloud_liquid_water_content,30.0,3.3031528508037968e-12,5.7592399230282934e-11,7.835048625120552e-07,-2.575293107482333e-06
k2_w256_d16,2022-01-12T06,2022-01-12T12,6,temperature,1.0,110.50103065544548,82.26381716601244,-6.343829601217683,1.0468787331578908
k2_w256_d16,2022-01-12T06,2022-01-12T12,6,temperature,2.0,68.98140046167552,87.75630734634878,-4.254445732487746,5.288896988161115
k2_w256_d16,2022-01-12T06,2022-01-12T12,6,temperature,3.0,39.55349163406924,77.74763692019255,-2.536174848316593,6.407686191598328
k2_w256_d16,2022-01-12T06,2022-01-12T12,6,temperature,5.0,18.449778752013117,35.142064544766114,-1.7892484463838438,4.300154020342651
k2_w256_d16,2022-01-12T06,2022-01-12T12,6,temperature,7.0,13.506261427571534,30.51888354520343,-1.2627925796511414,4.117434589840208
k2_w256_d16,2022-01-12T06,2022-01-12T12,6,temperature,10.0,8.334959330544239,15.238730020165153,-0.1938284228597488,2.3959927596077364
k2_w256_d16,2022-01-12T06,2022-01-12T12,6,temperature,20.0,4.426210649867251,11.519585178586421,0.6853404568663367,-2.2816693938298362
k2_w256_d16,2022-01-12T06,2022-01-12T12,6,temperature,30.0,3.713715711574525,11.664385785849554,0.8745109528501275,-2.735099348422143
k2_w256_d16,2022-01-12T06,2022-01-12T12,6,geopotential,1.0,925621289.5964489,8674362.216225512,-30212.11087892472,-1406.2882394214375
k2_w256_d16,2022-01-12T06,2022-01-12T12,6,geopotential,2.0,430183230.35423946,2900746.8369529247,-20593.174846491296,-474.50699255386655
k2_w256_d16,2022-01-12T06,2022-01-12T12,6,geopotential,3.0,243666308.76942816,2057430.1852693702,-15503.040696336424,-676.7393781536125
k2_w256_d16,2022-01-12T06,2022-01-12T12,6,geopotential,5.0,91874159.0108349,962871.357107006,-9511.150321655236,-32.442267221322325
k2_w256_d16,2022-01-12T06,2022-01-12T12,6,geopotential,7.0,36946496.37387565,664203.5291932991,-6021.861631891952,177.19428625328428
k2_w256_d16,2022-01-12T06,2022-01-12T12,6,geopotential,10.0,8083826.054091824,418432.65280929656,-2789.0089042081686,200.14786042147745
k2_w256_d16,2022-01-12T06,2022-01-12T12,6,geopotential,20.0,1788827.5343846572,238531.98207701696,1306.7955759496142,322.73072360027885
k2_w256_d16,2022-01-12T06,2022-01-12T12,6,geopotential,30.0,3120793.9291819907,216581.42181431322,1749.735578684115,320.0926043159946
k2_w256_d16,2022-01-12T06,2022-01-12T12,6,geopotential,500.0,1348.1002595509794,17132.92914610797,-9.155152880381149,-2.242813344593859
k2_w256_d16,2022-01-12T06,2022-01-12T12,6,u_component_of_wind,1.0,410.53800982901885,490.0143829446791,-1.479981435450215,-8.385382070467053
k2_w256_d16,2022-01-12T06,2022-01-12T12,6,u_component_of_wind,2.0,229.79395867052756,234.0095556243483,1.0266553348763339,4.328537097051859
k2_w256_d16,2022-01-12T06,2022-01-12T12,6,u_component_of_wind,3.0,140.86714642574276,124.18931190221124,-1.9625184314839599,1.6555152862977143
k2_w256_d16,2022-01-12T06,2022-01-12T12,6,u_component_of_wind,5.0,117.20384653928366,129.342762370435,-2.272801997301943,-1.9649446515432916
k2_w256_d16,2022-01-12T06,2022-01-12T12,6,u_component_of_wind,7.0,126.03462519476601,210.3337124013031,-4.223045748411591,-5.533227726347068
k2_w256_d16,2022-01-12T06,2022-01-12T12,6,u_component_of_wind,10.0,132.53184444194872,310.38118625530154,-5.000606838440602,-8.356980518258826
k2_w256_d16,2022-01-12T06,2022-01-12T12,6,u_component_of_wind,20.0,26.358559124498257,51.25573262502226,1.257808092499202,-1.1065730659964326
k2_w256_d16,2022-01-12T06,2022-01-12T12,6,u_component_of_wind,30.0,23.74305300034078,39.53348717922407,1.3798615918163164,-1.0335197360466237
k2_w256_d16,2022-01-12T06,2022-01-12T12,6,v_component_of_wind,1.0,132.37781494189045,185.15347649013225,-0.24606071943893,4.55404179270413
k2_w256_d16,2022-01-12T06,2022-01-12T12,6,v_component_of_wind,2.0,100.04883006712994,104.05095879572528,0.5897688596031336,1.4095503882152682
k2_w256_d16,2022-01-12T06,2022-01-12T12,6,v_component_of_wind,3.0,59.51020091083406,68.58757049485533,0.9424691267696284,0.6789928255389125
k2_w256_d16,2022-01-12T06,2022-01-12T12,6,v_component_of_wind,5.0,28.500610886304344,39.41243298820041,0.05402646079427233,0.1661299311171453
k2_w256_d16,2022-01-12T06,2022-01-12T12,6,v_component_of_wind,7.0,23.022773788554353,31.24187563138667,-0.2479083875348158,-0.30767488009060495
k2_w256_d16,2022-01-12T06,2022-01-12T12,6,v_component_of_wind,10.0,16.011629200687292,19.65845278691316,-0.2094861129156785,-0.464966895768649
k2_w256_d16,2022-01-12T06,2022-01-12T12,6,v_component_of_wind,20.0,8.25805867589565,12.35727710106027,-0.40229719710861633,-1.7186745962905252
k2_w256_d16,2022-01-12T06,2022-01-12T12,6,v_component_of_wind,30.0,8.012382187584215,9.074149522763332,-0.3155001207986633,-0.01762288371168774
k2_w256_d16,2022-01-12T06,2022-01-12T12,6,specific_humidity,1.0,7.77577366280906e-13,1.6119000167728413e-13,-8.646981039144804e-07,-3.4943452128593213e-07
k2_w256_d16,2022-01-12T06,2022-01-12T12,6,specific_humidity,2.0,3.9461019602301057e-13,3.2765342729328893e-14,-6.103841474154757e-07,-9.580193203728442e-08
k2_w256_d16,2022-01-12T06,2022-01-12T12,6,specific_humidity,3.0,3.08078754036883e-13,2.9255433798253596e-14,-5.284573085962458e-07,-1.0112592582045577e-08
k2_w256_d16,2022-01-12T06,2022-01-12T12,6,specific_humidity,5.0,2.147234540608036e-13,4.719317028891278e-14,-4.2267344465388737e-07,1.1017243933206671e-07
k2_w256_d16,2022-01-12T06,2022-01-12T12,6,specific_humidity,7.0,1.4771293448387094e-13,5.990962073720699e-14,-3.419213837533509e-07,1.7728825124423774e-07
k2_w256_d16,2022-01-12T06,2022-01-12T12,6,specific_humidity,10.0,7.20251500679478e-14,1.0382293333885095e-13,-2.2857163070408335e-07,2.9551339806667364e-07
k2_w256_d16,2022-01-12T06,2022-01-12T12,6,specific_humidity,20.0,1.1347517701217705e-14,1.5190791670115258e-13,-2.0391995251637564e-08,3.775964382696673e-07
k2_w256_d16,2022-01-12T06,2022-01-12T12,6,specific_humidity,30.0,6.724348150902345e-15,4.514674564561086e-14,3.409219019228387e-08,1.9377036567903118e-07
k2_w256_d16,2022-01-12T06,2022-01-12T12,6,specific_cloud_ice_water_content,1.0,2.1608854727959598e-12,5.013396509945742e-12,6.249380112386565e-07,1.371684437018341e-06
k2_w256_d16,2022-01-12T06,2022-01-12T12,6,specific_cloud_ice_water_content,2.0,2.1148069934808473e-12,4.9161887414144165e-12,5.84891454766291e-07,1.3424164579292707e-06
k2_w256_d16,2022-01-12T06,2022-01-12T12,6,specific_cloud_ice_water_content,3.0,2.1103828397631542e-12,4.9735782517841536e-12,5.730301645646315e-07,1.3490156543285772e-06
k2_w256_d16,2022-01-12T06,2022-01-12T12,6,specific_cloud_ice_water_content,5.0,2.0897552021169937e-12,4.597143865992535e-12,5.59403635106865e-07,1.2134501712194329e-06
k2_w256_d16,2022-01-12T06,2022-01-12T12,6,specific_cloud_ice_water_content,7.0,2.1008721229417635e-12,4.8118319204721515e-12,5.678591688469931e-07,1.2987287050088492e-06
k2_w256_d16,2022-01-12T06,2022-01-12T12,6,specific_cloud_ice_water_content,10.0,2.1288467394511227e-12,4.825446801305315e-12,5.989058641884953e-07,1.3024338934967438e-06
k2_w256_d16,2022-01-12T06,2022-01-12T12,6,specific_cloud_ice_water_content,20.0,1.530429513889738e-12,3.04307046259817e-12,3.5230185639027377e-07,7.810265484218195e-07
k2_w256_d16,2022-01-12T06,2022-01-12T12,6,specific_cloud_ice_water_content,30.0,9.920350237347366e-13,1.7877942944365388e-12,-1.263036154164204e-07,-8.43049119851574e-08
k2_w256_d16,2022-01-12T06,2022-01-12T12,6,specific_cloud_liquid_water_content,1.0,7.979284234653942e-12,1.7894455702980467e-11,8.33842224596213e-07,-1.034561056802055e-06
k2_w256_d16,2022-01-12T06,2022-01-12T12,6,specific_cloud_liquid_water_content,2.0,7.981033776038917e-12,1.7448698029227984e-11,8.588745970862225e-07,-7.282490866882485e-07
k2_w256_d16,2022-01-12T06,2022-01-12T12,6,specific_cloud_liquid_water_content,3.0,7.906861826751056e-12,1.7241508453961578e-11,8.15433013845423e-07,-5.945688040431791e-07
k2_w256_d16,2022-01-12T06,2022-01-12T12,6,specific_cloud_liquid_water_content,5.0,7.968268860846277e-12,1.7086774139971824e-11,8.480239406565039e-07,-5.49598712380393e-07
k2_w256_d16,2022-01-12T06,2022-01-12T12,6,specific_cloud_liquid_water_content,7.0,8.04686322837705e-12,1.7355234528807435e-11,8.883362744339773e-07,-7.530511965831969e-07
k2_w256_d16,2022-01-12T06,2022-01-12T12,6,specific_cloud_liquid_water_content,10.0,7.906743579198557e-12,1.7052321595523626e-11,8.214797803735993e-07,-5.455452477295582e-07
k2_w256_d16,2022-01-12T06,2022-01-12T12,6,specific_cloud_liquid_water_content,20.0,6.115018760535303e-12,1.4447468804329775e-11,8.133344241100259e-07,-1.076146852620009e-06
k2_w256_d16,2022-01-12T06,2022-01-12T12,6,specific_cloud_liquid_water_content,30.0,4.144636381406741e-12,1.0972711630302116e-11,8.047356935272746e-07,-1.0163232339498492e-06
k2_w256_d16,2022-01-12T06,2022-01-12T18,12,temperature,1.0,99.83499740822803,86.65394859773275,-5.865158742702691,1.779223819432616
k2_w256_d16,2022-01-12T06,2022-01-12T18,12,temperature,2.0,55.77937535575964,86.78116326086132,-3.923006864827619,5.981572230929807
k2_w256_d16,2022-01-12T06,2022-01-12T18,12,temperature,3.0,33.99525200571661,88.88405603957008,-2.4593999349060076,7.624972389209805
k2_w256_d16,2022-01-12T06,2022-01-12T18,12,temperature,5.0,16.613409276017972,47.274310049377966,-1.696624847191142,5.522432089905794
k2_w256_d16,2022-01-12T06,2022-01-12T18,12,temperature,7.0,13.048799212604203,36.93693617645583,-1.187131617386355,4.6857151721458985
k2_w256_d16,2022-01-12T06,2022-01-12T18,12,temperature,10.0,7.992032297022602,25.336004614105928,-0.4253829787611261,3.21396826704398
k2_w256_d16,2022-01-12T06,2022-01-12T18,12,temperature,20.0,4.060376898900676,15.00703624186017,0.5540329745729837,-1.8605490616069442
k2_w256_d16,2022-01-12T06,2022-01-12T18,12,temperature,30.0,3.30528291186893,8.393175305543945,0.8173511372835198,-1.5546476421140962
k2_w256_d16,2022-01-12T06,2022-01-12T18,12,geopotential,1.0,930213999.0846089,10101909.66277074,-30313.102784222363,-1387.1549022656486
k2_w256_d16,2022-01-12T06,2022-01-12T18,12,geopotential,2.0,433378427.3542832,3900763.880882335,-20683.85014275636,-539.9560615043789
k2_w256_d16,2022-01-12T06,2022-01-12T18,12,geopotential,3.0,245628496.0799355,2705211.370896704,-15574.348786939128,-629.8195366958981
k2_w256_d16,2022-01-12T06,2022-01-12T18,12,geopotential,5.0,92444715.09888768,1479677.9515432864,-9546.145229884385,9.745933503176275
k2_w256_d16,2022-01-12T06,2022-01-12T18,12,geopotential,7.0,37129142.928191036,1192634.8795586051,-6042.277078739593,153.5834144782056
k2_w256_d16,2022-01-12T06,2022-01-12T18,12,geopotential,10.0,8083513.149950653,1036073.9436842853,-2796.2192140889624,283.30097101127353
k2_w256_d16,2022-01-12T06,2022-01-12T18,12,geopotential,20.0,1818253.0691409535,721343.6600798937,1321.8951558560013,488.60608413998176
k2_w256_d16,2022-01-12T06,2022-01-12T18,12,geopotential,30.0,3192637.559269274,730258.4337775842,1770.571013234787,663.1539038061248
k2_w256_d16,2022-01-12T06,2022-01-12T18,12,geopotential,500.0,1395.1390502626782,93575.55958947487,-5.895797809329368,-19.50017400782511
k2_w256_d16,2022-01-12T06,2022-01-12T18,12,u_component_of_wind,1.0,406.99371655943423,505.90044066192763,-0.7828699552367109,-9.020496454430896
k2_w256_d16,2022-01-12T06,2022-01-12T18,12,u_component_of_wind,2.0,215.07173441941907,206.6095673442719,1.388048216773179,3.169396788847253
k2_w256_d16,2022-01-12T06,2022-01-12T18,12,u_component_of_wind,3.0,131.10121757352522,142.39459818275463,-1.9934940778589092,0.612390107589952
k2_w256_d16,2022-01-12T06,2022-01-12T18,12,u_component_of_wind,5.0,111.98890211165367,219.02723300424162,-1.2475286068947125,-1.0686742025819524
k2_w256_d16,2022-01-12T06,2022-01-12T18,12,u_component_of_wind,7.0,115.80998498054913,291.5537474014486,-3.9703754753061373,-5.466366552618401
k2_w256_d16,2022-01-12T06,2022-01-12T18,12,u_component_of_wind,10.0,129.18325835360227,407.985832821953,-4.923134184969124,-9.138810230368856
k2_w256_d16,2022-01-12T06,2022-01-12T18,12,u_component_of_wind,20.0,25.810823299019134,75.39899476196287,1.268415192158705,-1.6739185899893243
k2_w256_d16,2022-01-12T06,2022-01-12T18,12,u_component_of_wind,30.0,24.299544808172268,54.20575948907136,1.4590556915473898,-1.3047894530319224
k2_w256_d16,2022-01-12T06,2022-01-12T18,12,v_component_of_wind,1.0,172.42105115397203,230.49542835469663,-0.39820329223673223,0.062184505484149125
k2_w256_d16,2022-01-12T06,2022-01-12T18,12,v_component_of_wind,2.0,77.36238758905237,137.40168255876006,-0.12530531996189778,-4.18160970639265
k2_w256_d16,2022-01-12T06,2022-01-12T18,12,v_component_of_wind,3.0,49.57377003366375,110.41787591598569,0.3812464640962022,-4.992447683593911
k2_w256_d16,2022-01-12T06,2022-01-12T18,12,v_component_of_wind,5.0,35.97455731765861,75.45448423657518,0.792401682019946,-3.3345610605534057
k2_w256_d16,2022-01-12T06,2022-01-12T18,12,v_component_of_wind,7.0,27.08350105783214,58.11714285053921,0.25961828092359013,-2.970211893348515
k2_w256_d16,2022-01-12T06,2022-01-12T18,12,v_component_of_wind,10.0,15.443018539827452,34.818419816936135,-0.10428653352991114,-2.4324277986161684
k2_w256_d16,2022-01-12T06,2022-01-12T18,12,v_component_of_wind,20.0,9.341645241890781,18.727588771167987,-0.33882011554954516,-2.1074537909536675
k2_w256_d16,2022-01-12T06,2022-01-12T18,12,v_component_of_wind,30.0,7.584124167842715,13.86373451125592,-0.5299656669707768,-1.2857482227606625
k2_w256_d16,2022-01-12T06,2022-01-12T18,12,specific_humidity,1.0,7.748392463813943e-13,1.1758609314318237e-13,-8.630465956566614e-07,-2.7601762054682033e-07
k2_w256_d16,2022-01-12T06,2022-01-12T18,12,specific_humidity,2.0,3.9245770709719937e-13,2.2535308045437852e-14,-6.084115933826147e-07,-2.3237626605249255e-08
k2_w256_d16,2022-01-12T06,2022-01-12T18,12,specific_humidity,3.0,3.0571924264295976e-13,3.0506256646742103e-14,-5.265425236769559e-07,5.852084453819947e-08
k2_w256_d16,2022-01-12T06,2022-01-12T18,12,specific_humidity,5.0,2.140794775005965e-13,6.588195295582022e-14,-4.2205967053104606e-07,1.781402163096735e-07
k2_w256_d16,2022-01-12T06,2022-01-12T18,12,specific_humidity,7.0,1.4612178613747281e-13,9.165230529731706e-14,-3.395374963133473e-07,2.519710684864094e-07
k2_w256_d16,2022-01-12T06,2022-01-12T18,12,specific_humidity,10.0,7.17199359386504e-14,1.5462898958523548e-13,-2.2756662837228e-07,3.710104606323737e-07
k2_w256_d16,2022-01-12T06,2022-01-12T18,12,specific_humidity,20.0,1.147935134397428e-14,1.950589591004828e-13,-1.9203316638691302e-08,4.307867718830232e-07
k2_w256_d16,2022-01-12T06,2022-01-12T18,12,specific_humidity,30.0,6.764570777652161e-15,4.829180856625499e-14,3.451402044005162e-08,2.0125497529153262e-07
k2_w256_d16,2022-01-12T06,2022-01-12T18,12,specific_cloud_ice_water_content,1.0,1.7502894628474765e-12,2.7724728505063232e-11,4.599681956582208e-07,1.0847640026780385e-06
k2_w256_d16,2022-01-12T06,2022-01-12T18,12,specific_cloud_ice_water_content,2.0,1.719950844660354e-12,2.7709514748897872e-11,4.2008600252878245e-07,1.0067149049192318e-06
k2_w256_d16,2022-01-12T06,2022-01-12T18,12,specific_cloud_ice_water_content,3.0,1.721686308815137e-12,2.756575640603758e-11,4.083391593010933e-07,9.932268995734258e-07
k2_w256_d16,2022-01-12T06,2022-01-12T18,12,specific_cloud_ice_water_content,5.0,1.7020653427600025e-12,2.749106464848861e-11,3.940115559357236e-07,8.982331215146186e-07
k2_w256_d16,2022-01-12T06,2022-01-12T18,12,specific_cloud_ice_water_content,7.0,1.7105812781601875e-12,2.765602127893044e-11,4.029365305463472e-07,1.0059318998759241e-06
k2_w256_d16,2022-01-12T06,2022-01-12T18,12,specific_cloud_ice_water_content,10.0,1.7303191288329257e-12,2.7634944898942198e-11,4.3380024859936e-07,1.0051955425643597e-06
k2_w256_d16,2022-01-12T06,2022-01-12T18,12,specific_cloud_ice_water_content,20.0,1.2688849697733145e-12,1.7078951796473396e-11,2.015103858850064e-07,1.9029666357610525e-07
k2_w256_d16,2022-01-12T06,2022-01-12T18,12,specific_cloud_ice_water_content,30.0,9.105448558837499e-13,1.1153851058671565e-11,-2.542975130395014e-07,-1.3260733383017211e-06
k2_w256_d16,2022-01-12T06,2022-01-12T18,12,specific_cloud_liquid_water_content,1.0,6.103265738156491e-12,8.932948595532482e-11,7.203405804337801e-07,1.908988613561585e-07
k2_w256_d16,2022-01-12T06,2022-01-12T18,12,specific_cloud_liquid_water_content,2.0,6.1103240756434085e-12,8.942329536661848e-11,7.476748228659767e-07,4.772975089350957e-07
k2_w256_d16,2022-01-12T06,2022-01-12T18,12,specific_cloud_liquid_water_content,3.0,6.0440009761989186e-12,8.980064380764374e-11,7.05227456012611e-07,6.204683550018306e-07
k2_w256_d16,2022-01-12T06,2022-01-12T18,12,specific_cloud_liquid_water_content,5.0,6.083122436244493e-12,8.994716399681508e-11,7.345543967853769e-07,5.993016565611041e-07
k2_w256_d16,2022-01-12T06,2022-01-12T18,12,specific_cloud_liquid_water_content,7.0,6.1669797196221485e-12,8.946617567372842e-11,7.759722179994056e-07,4.255068381149136e-07
k2_w256_d16,2022-01-12T06,2022-01-12T18,12,specific_cloud_liquid_water_content,10.0,6.045335919779758e-12,8.960925309318576e-11,7.122817791571884e-07,5.683773750563799e-07
k2_w256_d16,2022-01-12T06,2022-01-12T18,12,specific_cloud_liquid_water_content,20.0,4.643391702320469e-12,6.541263465374033e-11,7.231010267100885e-07,-6.860135696075242e-07
k2_w256_d16,2022-01-12T06,2022-01-12T18,12,specific_cloud_liquid_water_content,30.0,3.128854967704959e-12,5.4502851715466514e-11,7.485610676677122e-07,-2.1004293048381982e-06
k2_w256_d16,2022-01-12T12,2022-01-12T18,6,temperature,1.0,99.5870829930357,78.84789743947694,-5.819206006367205,1.1974322368931807
k2_w256_d16,2022-01-12T12,2022-01-12T18,6,temperature,2.0,56.54169477445547,84.01296480203223,-3.8239022188345944,5.412164683871897
k2_w256_d16,2022-01-12T12,2022-01-12T18,6,temperature,3.0,34.41081041338337,75.11569047221002,-2.366296523164578,6.294610596235997
k2_w256_d16,2022-01-12T12,2022-01-12T18,6,temperature,5.0,16.38052092713758,35.6962574594705,-1.583806761090218,4.2818088074246985
k2_w256_d16,2022-01-12T12,2022-01-12T18,6,temperature,7.0,12.429065512281381,31.046701603532213,-1.0533950683409863,4.148762295336666
k2_w256_d16,2022-01-12T12,2022-01-12T18,6,temperature,10.0,7.796552580978942,15.479715398362895,-0.31618587578324914,2.434578866047802
k2_w256_d16,2022-01-12T12,2022-01-12T18,6,temperature,20.0,4.1380965440318604,11.709230234164252,0.5879493360501407,-2.27854488372412
k2_w256_d16,2022-01-12T12,2022-01-12T18,6,temperature,30.0,3.3994947144654675,11.612943956803644,0.8246160489457242,-2.702193418796125
k2_w256_d16,2022-01-12T12,2022-01-12T18,6,geopotential,1.0,923345484.2837591,9111526.333171759,-30193.263072578942,-1388.09158108459
k2_w256_d16,2022-01-12T12,2022-01-12T18,6,geopotential,2.0,429335419.55677813,3237953.6989875208,-20583.725063757716,-451.02443651656665
k2_w256_d16,2022-01-12T12,2022-01-12T18,6,geopotential,3.0,242904547.8552501,2137601.1572074573,-15487.054781560502,-646.5262034671744
k2_w256_d16,2022-01-12T12,2022-01-12T18,6,geopotential,5.0,91085638.91882393,926185.8461301016,-9476.022209292205,21.081253570546522
k2_w256_d16,2022-01-12T12,2022-01-12T18,6,geopotential,7.0,36431653.24103948,640963.8417186774,-5985.248050240042,237.25861206427118
k2_w256_d16,2022-01-12T12,2022-01-12T18,6,geopotential,10.0,7831583.547514053,407391.7476360605,-2750.9712109057955,260.54609259160395
k2_w256_d16,2022-01-12T12,2022-01-12T18,6,geopotential,20.0,1886857.2378374203,255282.22936705337,1346.9202919365355,370.14105769634006
k2_w256_d16,2022-01-12T12,2022-01-12T18,6,geopotential,30.0,3254403.783939741,240249.08951048704,1787.5661288950982,357.0542918939051
k2_w256_d16,2022-01-12T12,2022-01-12T18,6,geopotential,500.0,617.4778941201585,15608.874356030206,-4.4954028543214655,4.52943331268067
k2_w256_d16,2022-01-12T12,2022-01-12T18,6,u_component_of_wind,1.0,399.9498879197049,467.56368934876,-0.8592330669715528,-8.051409745148845
k2_w256_d16,2022-01-12T12,2022-01-12T18,6,u_component_of_wind,2.0,210.08699052654055,228.01533801626945,1.371189148089698,4.400828999671328
k2_w256_d16,2022-01-12T12,2022-01-12T18,6,u_component_of_wind,3.0,128.54008964540344,120.27387013461126,-1.9938604520569017,1.3399990522246883
k2_w256_d16,2022-01-12T12,2022-01-12T18,6,u_component_of_wind,5.0,111.10210459916532,144.9271348924318,-1.1865780326720974,-1.1082369878053404
k2_w256_d16,2022-01-12T12,2022-01-12T18,6,u_component_of_wind,7.0,116.16215845105012,213.26759625694203,-3.9532637509692305,-5.4625532592924255
k2_w256_d16,2022-01-12T12,2022-01-12T18,6,u_component_of_wind,10.0,134.05859630446867,326.2099434518751,-4.988069227269306,-8.532670711332605
k2_w256_d16,2022-01-12T12,2022-01-12T18,6,u_component_of_wind,20.0,23.96065203034194,53.64163030984798,1.0679307547556336,-1.2204149127844692
k2_w256_d16,2022-01-12T12,2022-01-12T18,6,u_component_of_wind,30.0,23.097524488924112,39.85270779993567,1.2696116846768908,-1.0514070181881698
k2_w256_d16,2022-01-12T12,2022-01-12T18,6,v_component_of_wind,1.0,167.09104710456646,197.18783268137503,-0.4777569578408515,5.04043034299419
k2_w256_d16,2022-01-12T12,2022-01-12T18,6,v_component_of_wind,2.0,77.34249803051748,87.21012200055793,-0.2404097944686412,1.028881152151473
k2_w256_d16,2022-01-12T12,2022-01-12T18,6,v_component_of_wind,3.0,49.93405622186624,61.32344612689783,0.24563418421621583,0.2533371200396116
k2_w256_d16,2022-01-12T12,2022-01-12T18,6,v_component_of_wind,5.0,35.75407671050476,40.74120077435576,0.6544530806123366,0.9521782375856687
k2_w256_d16,2022-01-12T12,2022-01-12T18,6,v_component_of_wind,7.0,27.109127174879976,31.324491746184435,0.12938188503272816,0.21013643360655265
k2_w256_d16,2022-01-12T12,2022-01-12T18,6,v_component_of_wind,10.0,15.631628214911057,19.677691928620874,-0.21363288472253622,-0.3690262947091888
k2_w256_d16,2022-01-12T12,2022-01-12T18,6,v_component_of_wind,20.0,8.963940186804496,12.313045382814948,-0.3829480820536834,-1.6076531645735634
k2_w256_d16,2022-01-12T12,2022-01-12T18,6,v_component_of_wind,30.0,7.331782868599488,8.070489548520428,-0.5232947884651431,-0.118552556206473
k2_w256_d16,2022-01-12T12,2022-01-12T18,6,specific_humidity,1.0,7.760804409390717e-13,1.6094587008829303e-13,-8.637086274807773e-07,-3.495046906551356e-07
k2_w256_d16,2022-01-12T12,2022-01-12T18,6,specific_humidity,2.0,3.932469107780402e-13,3.324343552670562e-14,-6.090338000383963e-07,-9.544173975285636e-08
k2_w256_d16,2022-01-12T12,2022-01-12T18,6,specific_humidity,3.0,3.065787721703268e-13,2.930782566741662e-14,-5.272072492288746e-07,-9.794465472020982e-09
k2_w256_d16,2022-01-12T12,2022-01-12T18,6,specific_humidity,5.0,2.1476273759424172e-13,4.7120057348254373e-14,-4.226779051710769e-07,1.0907279334793556e-07
k2_w256_d16,2022-01-12T12,2022-01-12T18,6,specific_humidity,7.0,1.4659224082014053e-13,6.036168105301759e-14,-3.4014934642862413e-07,1.7799781278237713e-07
k2_w256_d16,2022-01-12T12,2022-01-12T18,6,specific_humidity,10.0,7.186215943281656e-14,1.0370981209674197e-13,-2.281697008318549e-07,2.949132028906917e-07
k2_w256_d16,2022-01-12T12,2022-01-12T18,6,specific_humidity,20.0,1.1410073599204566e-14,1.521364949032236e-13,-1.966916723245535e-08,3.7751723085458554e-07
k2_w256_d16,2022-01-12T12,2022-01-12T18,6,specific_humidity,30.0,6.690417429264363e-15,4.519428340518381e-14,3.455932220513673e-08,1.9395512082741509e-07
k2_w256_d16,2022-01-12T12,2022-01-12T18,6,specific_cloud_ice_water_content,1.0,2.208191469465231e-12,5.016257697090498e-12,6.158043195092774e-07,1.3481374985032584e-06
k2_w256_d16,2022-01-12T12,2022-01-12T18,6,specific_cloud_ice_water_content,2.0,2.1650955908736553e-12,4.927016226784621e-12,5.763985579569607e-07,1.3195002965882824e-06
k2_w256_d16,2022-01-12T12,2022-01-12T18,6,specific_cloud_ice_water_content,3.0,2.1623596374343452e-12,4.985964791128891e-12,5.642266648061757e-07,1.3268608884151774e-06
k2_w256_d16,2022-01-12T12,2022-01-12T18,6,specific_cloud_ice_water_content,5.0,2.139959669940572e-12,4.6132475659302996e-12,5.505988791119165e-07,1.1909028685422041e-06
k2_w256_d16,2022-01-12T12,2022-01-12T18,6,specific_cloud_ice_water_content,7.0,2.1505788443943707e-12,4.8202554510725646e-12,5.592670733927737e-07,1.2757856148072699e-06
k2_w256_d16,2022-01-12T12,2022-01-12T18,6,specific_cloud_ice_water_content,10.0,2.1782494403152636e-12,4.832475136609573e-12,5.899697221507413e-07,1.278524505816112e-06
k2_w256_d16,2022-01-12T12,2022-01-12T18,6,specific_cloud_ice_water_content,20.0,1.5569201979752179e-12,3.038828675295e-12,3.4739658764250817e-07,7.576840773492306e-07
k2_w256_d16,2022-01-12T12,2022-01-12T18,6,specific_cloud_ice_water_content,30.0,9.962270223882432e-13,1.7944816340011197e-12,-1.247039347026076e-07,-1.1108467373004073e-07
k2_w256_d16,2022-01-12T12,2022-01-12T18,6,specific_cloud_liquid_water_content,1.0,7.356216078464422e-12,1.7572351707178982e-11,7.85164587757817e-07,-1.04802322055069e-06
k2_w256_d16,2022-01-12T12,2022-01-12T18,6,specific_cloud_liquid_water_content,2.0,7.355114143861578e-12,1.7104540623568962e-11,8.094037763812417e-07,-7.418174562902882e-07
k2_w256_d16,2022-01-12T12,2022-01-12T18,6,specific_cloud_liquid_water_content,3.0,7.286946079210396e-12,1.690814279873719e-11,7.667141788664084e-07,-6.074050853794349e-07
k2_w256_d16,2022-01-12T12,2022-01-12T18,6,specific_cloud_liquid_water_content,5.0,7.332131087944907e-12,1.6731602528199147e-11,7.99988355926103e-07,-5.591194670860004e-07
k2_w256_d16,2022-01-12T12,2022-01-12T18,6,specific_cloud_liquid_water_content,7.0,7.42006537464288e-12,1.701969557284436e-11,8.401603032496307e-07,-7.653488991818764e-07
k2_w256_d16,2022-01-12T12,2022-01-12T18,6,specific_cloud_liquid_water_content,10.0,7.28887916564111e-12,1.6709678029864892e-11,7.736380450624688e-07,-5.567873107760182e-07
k2_w256_d16,2022-01-12T12,2022-01-12T18,6,specific_cloud_liquid_water_content,20.0,5.538430508107559e-12,1.4184160053915599e-11,7.468300929534097e-07,-1.1181559251873673e-06
k2_w256_d16,2022-01-12T12,2022-01-12T18,6,specific_cloud_liquid_water_content,30.0,3.699821386392305e-12,1.1020345323413048e-11,6.950655877912409e-07,-1.1283776393771075e-06
k2_w256_d16,2022-01-12T12,2022-01-13T00,12,temperature,1.0,109.09240596666363,91.39591208741297,-6.067555499050833,1.6754527692933538
k2_w256_d16,2022-01-12T12,2022-01-13T00,12,temperature,2.0,59.837991364783306,92.5516439866569,-3.967849983146319,6.050787171727725
k2_w256_d16,2022-01-12T12,2022-01-13T00,12,temperature,3.0,31.224744339036835,88.4638733584278,-2.4403393784282383,7.755423235767649
k2_w256_d16,2022-01-12T12,2022-01-13T00,12,temperature,5.0,15.483653289856836,47.50017536887421,-1.692623850580933,5.6133038903254775
k2_w256_d16,2022-01-12T12,2022-01-13T00,12,temperature,7.0,12.949429824099717,38.05006977899586,-1.154094967996703,4.752462121905319
k2_w256_d16,2022-01-12T12,2022-01-13T00,12,temperature,10.0,8.469445478190103,25.200611473211136,-0.41182572984470234,3.1852807332930184
k2_w256_d16,2022-01-12T12,2022-01-13T00,12,temperature,20.0,4.422006429019898,15.388835831125725,0.5829339656891945,-1.85703640025751
k2_w256_d16,2022-01-12T12,2022-01-13T00,12,temperature,30.0,3.028854032068299,8.49947667710875,0.8117867018284289,-1.5893154489524988
k2_w256_d16,2022-01-12T12,2022-01-13T00,12,geopotential,1.0,927680048.4737651,11503130.2584385,-30256.3283410824,-1510.6819862507336
k2_w256_d16,2022-01-12T12,2022-01-13T00,12,geopotential,2.0,431329676.31956416,4220162.056183726,-20629.69007663809,-597.1818874660939
k2_w256_d16,2022-01-12T12,2022-01-13T00,12,geopotential,3.0,244290154.6508882,2778764.0726761585,-15530.382673774235,-665.7041779575911
k2_w256_d16,2022-01-12T12,2022-01-13T00,12,geopotential,5.0,91837432.95546637,1422343.6764596235,-9515.63393301795,-13.809970866491696
k2_w256_d16,2022-01-12T12,2022-01-13T00,12,geopotential,7.0,36842350.15115443,1119800.5737631894,-6020.626383168219,147.26960600939492
k2_w256_d16,2022-01-12T12,2022-01-13T00,12,geopotential,10.0,7983435.057242332,1001827.1301872113,-2780.985065265971,291.0944529368106
k2_w256_d16,2022-01-12T12,2022-01-13T00,12,geopotential,20.0,1837904.785424983,732375.414461281,1326.1678202593253,511.543298974868
k2_w256_d16,2022-01-12T12,2022-01-13T00,12,geopotential,30.0,3205724.788771891,750007.0835235858,1773.3193834839685,679.0010544177949
k2_w256_d16,2022-01-12T12,2022-01-13T00,12,geopotential,500.0,1357.0305038612785,96709.08447227001,-8.140920778915453,-12.115555383631932
k2_w256_d16,2022-01-12T12,2022-01-13T00,12,u_component_of_wind,1.0,417.01458458789807,534.1446899382363,-0.9459115989400786,-9.312588549393357
k2_w256_d16,2022-01-12T12,2022-01-13T00,12,u_component_of_wind,2.0,211.35162749017326,205.59890669650153,1.190780659487642,2.9387458656497154
k2_w256_d16,2022-01-12T12,2022-01-13T00,12,u_component_of_wind,3.0,117.59089816873686,137.39281874597907,-2.357350281394173,0.24564265346903336
k2_w256_d16,2022-01-12T12,2022-01-13T00,12,u_component_of_wind,5.0,106.1765004818149,221.75538109943102,-1.3674154473932785,-1.1368901508413578
k2_w256_d16,2022-01-12T12,2022-01-13T00,12,u_component_of_wind,7.0,112.07845016583617,300.4127506367336,-3.6719324202987935,-5.107054951530314
k2_w256_d16,2022-01-12T12,2022-01-13T00,12,u_component_of_wind,10.0,134.6849066404929,422.5360367915108,-5.302512715858032,-9.399677735167446
k2_w256_d16,2022-01-12T12,2022-01-13T00,12,u_component_of_wind,20.0,24.145743430384965,76.92693950540354,1.2043892915409704,-1.651336936794793
k2_w256_d16,2022-01-12T12,2022-01-13T00,12,u_component_of_wind,30.0,23.96621511110751,52.68517241643252,1.6750955188151893,-1.080581966135842
k2_w256_d16,2022-01-12T12,2022-01-13T00,12,v_component_of_wind,1.0,162.49163681114004,236.97959239820634,-0.8403045523855834,0.14036764121504608
k2_w256_d16,2022-01-12T12,2022-01-13T00,12,v_component_of_wind,2.0,83.53251638151292,142.796486870217,0.05670578530912242,-3.527106660642609
k2_w256_d16,2022-01-12T12,2022-01-13T00,12,v_component_of_wind,3.0,56.14937838190886,119.11191544383414,-0.10417761928042941,-5.048669405605765
k2_w256_d16,2022-01-12T12,2022-01-13T00,12,v_component_of_wind,5.0,32.13891031647675,73.28827194318012,-0.34923007578841614,-4.131666712533048
k2_w256_d16,2022-01-12T12,2022-01-13T00,12,v_component_of_wind,7.0,25.39715399527691,51.4039180665078,-0.019545574668666375,-2.958374241991878
k2_w256_d16,2022-01-12T12,2022-01-13T00,12,v_component_of_wind,10.0,16.17587402446918,34.00704098268381,-0.15073061535332843,-2.2650837135771393
k2_w256_d16,2022-01-12T12,2022-01-13T00,12,v_component_of_wind,20.0,8.971232375091983,21.10797828417266,-0.7377319378809047,-2.400313320060274
k2_w256_d16,2022-01-12T12,2022-01-13T00,12,v_component_of_wind,30.0,7.941685938844234,14.89280499203304,-0.5119300255310474,-1.2166913630154212
k2_w256_d16,2022-01-12T12,2022-01-13T00,12,specific_humidity,1.0,7.719806254036861e-13,1.1620935611903813e-13,-8.613784590863906e-07,-2.7467481843194436e-07
k2_w256_d16,2022-01-12T12,2022-01-13T00,12,specific_humidity,2.0,3.9256972974235697e-13,2.3363876917274672e-14,-6.082550210673832e-07,-2.3316345326667344e-08
k2_w256_d16,2022-01-12T12,2022-01-13T00,12,specific_humidity,3.0,3.022783751411309e-13,3.0511853411489325e-14,-5.236755692729978e-07,6.124182031589731e-08
k2_w256_d16,2022-01-12T12,2022-01-13T00,12,specific_humidity,5.0,2.1352137274864721e-13,6.61749256779035e-14,-4.2115813461372085e-07,1.7870162094797114e-07
k2_w256_d16,2022-01-12T12,2022-01-13T00,12,specific_humidity,7.0,1.4633163726956977e-13,9.157420119829169e-14,-3.3964186024766297e-07,2.5161456152608945e-07
k2_w256_d16,2022-01-12T12,2022-01-13T00,12,specific_humidity,10.0,7.154919770553963e-14,1.5623545534563315e-13,-2.262005717490944e-07,3.721680144593497e-07
k2_w256_d16,2022-01-12T12,2022-01-13T00,12,specific_humidity,20.0,1.1560993987674341e-14,1.9574462584997375e-13,-1.88559208869114e-08,4.3123302917770545e-07
k2_w256_d16,2022-01-12T12,2022-01-13T00,12,specific_humidity,30.0,6.683631136787492e-15,4.8431675009554945e-14,3.441777995291131e-08,2.017942933112111e-07
k2_w256_d16,2022-01-12T12,2022-01-13T00,12,specific_cloud_ice_water_content,1.0,1.6998101031600834e-12,2.8664768484313015e-11,4.7205073713502607e-07,9.137240418784372e-07
k2_w256_d16,2022-01-12T12,2022-01-13T00,12,specific_cloud_ice_water_content,2.0,1.670874287348066e-12,2.8689876531749172e-11,4.3298099947534745e-07,8.343456019194473e-07
k2_w256_d16,2022-01-12T12,2022-01-13T00,12,specific_cloud_ice_water_content,3.0,1.673243942439693e-12,2.8531488053631415e-11,4.2157642040582844e-07,8.232071538024886e-07
k2_w256_d16,2022-01-12T12,2022-01-13T00,12,specific_cloud_ice_water_content,5.0,1.6525528391688218e-12,2.8508679070030555e-11,4.065842130475323e-07,7.27579153201001e-07
k2_w256_d16,2022-01-12T12,2022-01-13T00,12,specific_cloud_ice_water_content,7.0,1.6604911370986128e-12,2.863535489496437e-11,4.154253272823201e-07,8.341568115755436e-07
k2_w256_d16,2022-01-12T12,2022-01-13T00,12,specific_cloud_ice_water_content,10.0,1.679185816625539e-12,2.8605784540292554e-11,4.463507134089511e-07,8.342703822454311e-07
k2_w256_d16,2022-01-12T12,2022-01-13T00,12,specific_cloud_ice_water_content,20.0,1.2307347465088508e-12,1.7705553360116564e-11,2.12572255536118e-07,5.920472285080549e-08
k2_w256_d16,2022-01-12T12,2022-01-13T00,12,specific_cloud_ice_water_content,30.0,9.018086581824024e-13,1.244634007205389e-11,-2.519426516087915e-07,-1.3702815466031074e-06
k2_w256_d16,2022-01-12T12,2022-01-13T00,12,specific_cloud_liquid_water_content,1.0,6.002758380793591e-12,9.303030669775556e-11,7.200517918419593e-07,-2.848432972521927e-07
k2_w256_d16,2022-01-12T12,2022-01-13T00,12,specific_cloud_liquid_water_content,2.0,6.010252111137167e-12,9.28643942635294e-11,7.465300154759035e-07,1.426770428331422e-09
k2_w256_d16,2022-01-12T12,2022-01-13T00,12,specific_cloud_liquid_water_content,3.0,5.946351200926705e-12,9.305209973154739e-11,7.0482529675116e-07,1.4539074221971598e-07
k2_w256_d16,2022-01-12T12,2022-01-13T00,12,specific_cloud_liquid_water_content,5.0,5.985408659390201e-12,9.330276764261934e-11,7.336471814578459e-07,1.2627328414067018e-07
k2_w256_d16,2022-01-12T12,2022-01-13T00,12,specific_cloud_liquid_water_content,7.0,6.0677565757168276e-12,9.299390979330065e-11,7.743878198958674e-07,-4.954318280851716e-08
k2_w256_d16,2022-01-12T12,2022-01-13T00,12,specific_cloud_liquid_water_content,10.0,5.945010870514745e-12,9.291043633437358e-11,7.119777599889091e-07,9.271626409616275e-08
k2_w256_d16,2022-01-12T12,2022-01-13T00,12,specific_cloud_liquid_water_content,20.0,4.561634834388794e-12,6.887157381107211e-11,7.1374162776109e-07,-1.0617501815991385e-06
k2_w256_d16,2022-01-12T12,2022-01-13T00,12,specific_cloud_liquid_water_content,30.0,3.0788530314471096e-12,5.697510965588991e-11,7.240837270661223e-07,-2.2343817082039015e-06
k2_w256_d16,2022-01-12T18,2022-01-13T00,6,temperature,1.0,109.0306726879123,83.82595724233488,-5.9932507826730665,1.1516812693266316
k2_w256_d16,2022-01-12T18,2022-01-13T00,6,temperature,2.0,61.282273933101465,91.4668332645237,-3.837128501385777,5.532628709672531
k2_w256_d16,2022-01-12T18,2022-01-13T00,6,temperature,3.0,32.27111262103484,74.78098936299554,-2.3119794010589176,6.440292454432537
k2_w256_d16,2022-01-12T18,2022-01-13T00,6,temperature,5.0,15.993568138862114,34.78523188830041,-1.5869296248508888,4.302808272941497
k2_w256_d16,2022-01-12T18,2022-01-13T00,6,temperature,7.0,12.843846930669006,31.301850966485393,-1.0632080462212001,4.122062794474543
k2_w256_d16,2022-01-12T18,2022-01-13T00,6,temperature,10.0,8.125304258842771,15.080951518749803,-0.3543380023758619,2.389314505817966
k2_w256_d16,2022-01-12T18,2022-01-13T00,6,temperature,20.0,4.477827256364242,12.317526119491841,0.5981293734753986,-2.271797963791616
k2_w256_d16,2022-01-12T18,2022-01-13T00,6,temperature,30.0,3.1320657292621177,11.620818477584116,0.807122310676359,-2.717393427565812
k2_w256_d16,2022-01-12T18,2022-01-13T00,6,geopotential,1.0,924673795.6644409,9809628.198814115,-30194.357812083384,-1449.8144132367422
k2_w256_d16,2022-01-12T18,2022-01-13T00,6,geopotential,2.0,429641349.7457528,3390903.4007835267,-20581.175333252042,-494.0089905259304
k2_w256_d16,2022-01-12T18,2022-01-13T00,6,geopotential,3.0,243245988.90784678,2222216.7453543935,-15492.1286722611,-696.5027824824699
k2_w256_d16,2022-01-12T18,2022-01-13T00,6,geopotential,5.0,91490390.75264865,944880.4708410313,-9494.701223642169,-26.750264934500763
k2_w256_d16,2022-01-12T18,2022-01-13T00,6,geopotential,7.0,36730822.39717613,633197.0620167447,-6008.239310598401,191.61677753293634
k2_w256_d16,2022-01-12T18,2022-01-13T00,6,geopotential,10.0,7985454.2038751505,405365.6139703868,-2775.8020248343346,219.47609449355352
k2_w256_d16,2022-01-12T18,2022-01-13T00,6,geopotential,20.0,1824186.1779359924,240541.53034057765,1318.1970035712302,333.03100818775204
k2_w256_d16,2022-01-12T18,2022-01-13T00,6,geopotential,30.0,3159944.950231083,213428.0657725943,1760.6774981390813,325.66634601708006
k2_w256_d16,2022-01-12T18,2022-01-13T00,6,geopotential,500.0,1236.4170950584587,16362.059346711503,-9.945842063125083,-3.3250633360003334
k2_w256_d16,2022-01-12T18,2022-01-13T00,6,u_component_of_wind,1.0,414.33803403677456,492.9900129370038,-0.8306966650021222,-8.18009297540922
k2_w256_d16,2022-01-12T18,2022-01-13T00,6,u_component_of_wind,2.0,213.22800621117608,234.24311815831544,1.3281531829594049,4.235749402496603
k2_w256_d16,2022-01-12T18,2022-01-13T00,6,u_component_of_wind,3.0,115.9403348602097,112.13707218435323,-2.2013355523388767,1.0465689745246531
k2_w256_d16,2022-01-12T18,2022-01-13T00,6,u_component_of_wind,5.0,101.49204339219412,140.21967525785772,-1.1411107758174384,-1.1238107584043346
k2_w256_d16,2022-01-12T18,2022-01-13T00,6,u_component_of_wind,7.0,104.95269099176154,211.16335288805706,-3.4664524380205126,-5.0177418771341635
k2_w256_d16,2022-01-12T18,2022-01-13T00,6,u_component_of_wind,10.0,129.2699732605059,328.60543637576416,-5.171001846096892,-8.698249367645689
k2_w256_d16,2022-01-12T18,2022-01-13T00,6,u_component_of_wind,20.0,23.368535755236238,55.08114457046289,1.1600141899921772,-1.0350854042198454
k2_w256_d16,2022-01-12T18,2022-01-13T00,6,u_component_of_wind,30.0,22.81241058545828,37.11752659730169,1.580852874100814,-0.6545293775392957
k2_w256_d16,2022-01-12T18,2022-01-13T00,6,v_component_of_wind,1.0,161.79975760787644,202.02283238133856,-0.7564608355440912,5.1214308333441165
k2_w256_d16,2022-01-12T18,2022-01-13T00,6,v_component_of_wind,2.0,83.42808792776778,92.86243921787303,0.13255975136156836,1.80827766046475
k2_w256_d16,2022-01-12T18,2022-01-13T00,6,v_component_of_wind,3.0,53.7665553713682,58.90948461715906,-0.031953044675350956,0.38098563320925616
k2_w256_d16,2022-01-12T18,2022-01-13T00,6,v_component_of_wind,5.0,30.209953784325585,32.643062500042674,-0.27169228903894305,0.3516463492306933
k2_w256_d16,2022-01-12T18,2022-01-13T00,6,v_component_of_wind,7.0,25.656957103884515,26.22016562004972,0.06533299995291228,0.43580567618509725
k2_w256_d16,2022-01-12T18,2022-01-13T00,6,v_component_of_wind,10.0,16.377616034007175,18.739696922812154,-0.05800294147492463,0.026611919007729384
k2_w256_d16,2022-01-12T18,2022-01-13T00,6,v_component_of_wind,20.0,9.242799651302775,13.48613136698308,-0.6343309023950967,-1.6997078253273536
k2_w256_d16,2022-01-12T18,2022-01-13T00,6,v_component_of_wind,30.0,7.776233505138931,8.553084918525713,-0.4094521292245389,0.10097840093215642
k2_w256_d16,2022-01-12T18,2022-01-13T00,6,specific_humidity,1.0,7.765219422809249e-13,1.6086331955542161e-13,-8.637515500898054e-07,-3.4886076417472504e-07
k2_w256_d16,2022-01-12T18,2022-01-13T00,6,specific_humidity,2.0,3.954627981580134e-13,3.363413900552192e-14,-6.106104071537285e-07,-9.62841391972174e-08
k2_w256_d16,2022-01-12T18,2022-01-13T00,6,specific_humidity,3.0,3.0490615202603357e-13,2.8581535826548424e-14,-5.260458490576418e-07,-7.90054272707594e-09
k2_w256_d16,2022-01-12T18,2022-01-13T00,6,specific_humidity,5.0,2.1570962553503907e-13,4.704586808518929e-14,-4.2350997713965613e-07,1.0894247553649002e-07
k2_w256_d16,2022-01-12T18,2022-01-13T00,6,specific_humidity,7.0,1.4807394022507847e-13,6.004568023708272e-14,-3.4200373851706456e-07,1.7710115364462012e-07
k2_w256_d16,2022-01-12T18,2022-01-13T00,6,specific_humidity,10.0,7.241698203857942e-14,1.041694287252973e-13,-2.284942807481441e-07,2.9534176526627046e-07
k2_w256_d16,2022-01-12T18,2022-01-13T00,6,specific_humidity,20.0,1.1289793850409396e-14,1.5155516980702494e-13,-2.083151755024145e-08,3.768991504286301e-07
k2_w256_d16,2022-01-12T18,2022-01-13T00,6,specific_humidity,30.0,6.457218366036466e-15,4.487100828386371e-14,3.350769843130236e-08,1.9334166482494173e-07
k2_w256_d16,2022-01-12T18,2022-01-13T00,6,specific_cloud_ice_water_content,1.0,2.2126707337085358e-12,5.110215913385573e-12,6.677981773113492e-07,1.415973372198664e-06
k2_w256_d16,2022-01-12T18,2022-01-13T00,6,specific_cloud_ice_water_content,2.0,2.1678653871775077e-12,5.008819376615054e-12,6.281385761091401e-07,1.3870688087409103e-06
k2_w256_d16,2022-01-12T18,2022-01-13T00,6,specific_cloud_ice_water_content,3.0,2.1656000789928683e-12,5.070600600301777e-12,6.172697911181547e-07,1.3935834171274778e-06
k2_w256_d16,2022-01-12T18,2022-01-13T00,6,specific_cloud_ice_water_content,5.0,2.139540293238044e-12,4.679617716821939e-12,6.028552131987367e-07,1.2579850980517751e-06
k2_w256_d16,2022-01-12T18,2022-01-13T00,6,specific_cloud_ice_water_content,7.0,2.1512982725065034e-12,4.9003734032848065e-12,6.112038860585576e-07,1.3432756941491274e-06
k2_w256_d16,2022-01-12T18,2022-01-13T00,6,specific_cloud_ice_water_content,10.0,2.1814890071848674e-12,4.914478900694888e-12,6.423493756352705e-07,1.3458020617686041e-06
k2_w256_d16,2022-01-12T18,2022-01-13T00,6,specific_cloud_ice_water_content,20.0,1.5624406736822548e-12,3.100653046898085e-12,3.9291069719313916e-07,8.185978242089041e-07
k2_w256_d16,2022-01-12T18,2022-01-13T00,6,specific_cloud_ice_water_content,30.0,9.761326182788406e-13,1.7770947573463808e-12,-9.817966666853257e-08,-6.671541828189401e-08
k2_w256_d16,2022-01-12T18,2022-01-13T00,6,specific_cloud_liquid_water_content,1.0,7.386129324399539e-12,1.7358020908332207e-11,7.608527734866116e-07,-1.1528303186956526e-06
k2_w256_d16,2022-01-12T18,2022-01-13T00,6,specific_cloud_liquid_water_content,2.0,7.390576421958087e-12,1.684925096877366e-11,7.849838017022557e-07,-8.458670310235587e-07
k2_w256_d16,2022-01-12T18,2022-01-13T00,6,specific_cloud_liquid_water_content,3.0,7.322543778962269e-12,1.6620610529162773e-11,7.428965691705451e-07,-7.128833309154377e-07
k2_w256_d16,2022-01-12T18,2022-01-13T00,6,specific_cloud_liquid_water_content,5.0,7.373039966976394e-12,1.644841167853004e-11,7.755890437395781e-07,-6.654215835336753e-07
k2_w256_d16,2022-01-12T18,2022-01-13T00,6,specific_cloud_liquid_water_content,7.0,7.453506117144957e-12,1.676403398276379e-11,8.145950857148937e-07,-8.680769608277442e-07
k2_w256_d16,2022-01-12T18,2022-01-13T00,6,specific_cloud_liquid_water_content,10.0,7.32757252478502e-12,1.642550946748573e-11,7.49351990399535e-07,-6.625010298889356e-07
k2_w256_d16,2022-01-12T18,2022-01-13T00,6,specific_cloud_liquid_water_content,20.0,5.6266626495835615e-12,1.404337002265464e-11,7.376552590803524e-07,-1.1790729881264325e-06
k2_w256_d16,2022-01-12T18,2022-01-13T00,6,specific_cloud_liquid_water_content,30.0,3.8657407109063154e-12,1.0956405851447671e-11,7.19941180659071e-07,-1.0999626826129274e-06
k2_w256_d16,2022-01-12T18,2022-01-13T06,12,temperature,1.0,104.59437800023375,83.45560424300652,-6.1494459749343156,1.5791406076842005
k2_w256_d16,2022-01-12T18,2022-01-13T06,12,temperature,2.0,65.6944042367504,89.75520698768173,-4.171512361444068,5.772694194715076
k2_w256_d16,2022-01-12T18,2022-01-13T06,12,temperature,3.0,41.729206489357125,90.13947691423186,-2.779495480212673,7.311535399922793
k2_w256_d16,2022-01-12T18,2022-01-13T06,12,temperature,5.0,20.171572732976408,44.87173103705024,-2.0329771664854093,5.173592100508343
k2_w256_d16,2022-01-12T18,2022-01-13T06,12,temperature,7.0,13.810409374482695,34.917142340345634,-1.354061986919978,4.469075266992894
k2_w256_d16,2022-01-12T18,2022-01-13T06,12,temperature,10.0,7.040336958144401,22.808853172383962,-0.2820287396011629,3.0208613093740504
k2_w256_d16,2022-01-12T18,2022-01-13T06,12,temperature,20.0,4.53580641329724,14.860145436871706,0.6785671379300862,-1.8666455690781127
k2_w256_d16,2022-01-12T18,2022-01-13T06,12,temperature,30.0,3.475445151156155,8.452608094696973,0.9214844287033319,-1.5102081225190893
k2_w256_d16,2022-01-12T18,2022-01-13T06,12,geopotential,1.0,928798711.5548477,12784853.460228859,-30254.36982660713,-1668.5545530337333
k2_w256_d16,2022-01-12T18,2022-01-13T06,12,geopotential,2.0,433001974.2071574,5042430.771561497,-20651.789059838968,-731.03856320569
k2_w256_d16,2022-01-12T18,2022-01-13T06,12,geopotential,3.0,245058776.85756844,3254707.7267463263,-15542.529537337778,-768.6587625535335
k2_w256_d16,2022-01-12T18,2022-01-13T06,12,geopotential,5.0,91648734.00712138,1511401.399541221,-9498.991774170923,-57.40992564284359
k2_w256_d16,2022-01-12T18,2022-01-13T06,12,geopotential,7.0,36566624.9125233,1132269.3678503793,-5993.1509997486155,134.1705493501189
k2_w256_d16,2022-01-12T18,2022-01-13T06,12,geopotential,10.0,7843342.087995799,987499.7500205553,-2752.050934255949,295.1371835950754
k2_w256_d16,2022-01-12T18,2022-01-13T06,12,geopotential,20.0,1874183.8790636894,741005.4223457598,1342.871740651134,531.1422698870985
k2_w256_d16,2022-01-12T18,2022-01-13T06,12,geopotential,30.0,3249874.51779083,769211.9860064745,1787.0274675736275,702.5595005688765
k2_w256_d16,2022-01-12T18,2022-01-13T06,12,geopotential,500.0,1358.0952801021356,94713.23207076758,-5.319046407844791,-12.126420907012173
k2_w256_d16,2022-01-12T18,2022-01-13T06,12,u_component_of_wind,1.0,416.5798297031778,539.758838992718,-1.52391569934331,-9.826120158268186
k2_w256_d16,2022-01-12T18,2022-01-13T06,12,u_component_of_wind,2.0,226.75561673354613,215.37200159037786,1.3189139100644744,3.1681435353664673
k2_w256_d16,2022-01-12T18,2022-01-13T06,12,u_component_of_wind,3.0,131.98668601109372,140.6583766420897,-2.7756513472199815,-0.055742022980567484
k2_w256_d16,2022-01-12T18,2022-01-13T06,12,u_component_of_wind,5.0,105.50021530202551,207.9729132047558,-1.8162545498855716,-1.6251247878736317
k2_w256_d16,2022-01-12T18,2022-01-13T06,12,u_component_of_wind,7.0,110.67114838426373,297.10964831500814,-3.8127772713717754,-5.277870569070577
k2_w256_d16,2022-01-12T18,2022-01-13T06,12,u_component_of_wind,10.0,137.3338375745056,432.33584523298106,-5.416781324327076,-9.505828937597842
k2_w256_d16,2022-01-12T18,2022-01-13T06,12,u_component_of_wind,20.0,24.68177172862551,77.60124087264818,1.0789196654035014,-1.806582633219164
k2_w256_d16,2022-01-12T18,2022-01-13T06,12,u_component_of_wind,30.0,24.954310912682487,51.92649018976482,1.848610875881477,-0.9650046503159833
k2_w256_d16,2022-01-12T18,2022-01-13T06,12,v_component_of_wind,1.0,161.9678705997186,220.0027549238581,0.1834757311923108,0.49153898804029694
k2_w256_d16,2022-01-12T18,2022-01-13T06,12,v_component_of_wind,2.0,88.12335130561273,154.6311957271916,0.06322727527830385,-3.9258513157426957
k2_w256_d16,2022-01-12T18,2022-01-13T06,12,v_component_of_wind,3.0,51.8999656134249,122.0174261582682,-0.06897213588446438,-5.262227972581405
k2_w256_d16,2022-01-12T18,2022-01-13T06,12,v_component_of_wind,5.0,36.62773780091929,82.68062951432302,-0.0571400639529693,-4.059966689773956
k2_w256_d16,2022-01-12T18,2022-01-13T06,12,v_component_of_wind,7.0,25.43279920718116,55.48365684065516,-0.08787560580888133,-3.245342754926718
k2_w256_d16,2022-01-12T18,2022-01-13T06,12,v_component_of_wind,10.0,17.538992962176255,36.01099655084357,-0.16479929190034298,-2.4893803482064
k2_w256_d16,2022-01-12T18,2022-01-13T06,12,v_component_of_wind,20.0,8.626498156377272,20.00335057399508,-0.5817040803326947,-2.444789360511039
k2_w256_d16,2022-01-12T18,2022-01-13T06,12,v_component_of_wind,30.0,7.981125099095473,15.560590478368757,-0.30610326143965333,-1.1629382801504615
k2_w256_d16,2022-01-12T18,2022-01-13T06,12,specific_humidity,1.0,7.770615469535138e-13,1.1656579081477072e-13,-8.642789716738581e-07,-2.7574158189182206e-07
k2_w256_d16,2022-01-12T18,2022-01-13T06,12,specific_humidity,2.0,3.9515336056517235e-13,2.291674736431076e-14,-6.107712979077757e-07,-2.4033568625925455e-08
k2_w256_d16,2022-01-12T18,2022-01-13T06,12,specific_humidity,3.0,3.0394475012761046e-13,3.0560289724441296e-14,-5.252071932505412e-07,6.156269551965396e-08
k2_w256_d16,2022-01-12T18,2022-01-13T06,12,specific_humidity,5.0,2.151069455989193e-13,6.613108693935361e-14,-4.229795146089269e-07,1.7873066545966412e-07
k2_w256_d16,2022-01-12T18,2022-01-13T06,12,specific_humidity,7.0,1.4847772250609825e-13,9.08937166631579e-14,-3.4278563784999927e-07,2.503183164856016e-07
k2_w256_d16,2022-01-12T18,2022-01-13T06,12,specific_humidity,10.0,7.204793290251906e-14,1.5618839016937655e-13,-2.2770125389674761e-07,3.7237564760935634e-07
k2_w256_d16,2022-01-12T18,2022-01-13T06,12,specific_humidity,20.0,1.1493293683176772e-14,1.9535695330761062e-13,-2.093295385505823e-08,4.3081040779857697e-07
k2_w256_d16,2022-01-12T18,2022-01-13T06,12,specific_humidity,30.0,6.431745344068595e-15,4.8403969746351267e-14,3.2759695385696395e-08,2.0183128671664293e-07
k2_w256_d16,2022-01-12T18,2022-01-13T06,12,specific_cloud_ice_water_content,1.0,1.6973533558037974e-12,2.89741684308764e-11,4.807393785956868e-07,1.2386039884330534e-06
k2_w256_d16,2022-01-12T18,2022-01-13T06,12,specific_cloud_ice_water_content,2.0,1.6643256484829174e-12,2.8879717051187597e-11,4.412740237720186e-07,1.1615247488494563e-06
k2_w256_d16,2022-01-12T18,2022-01-13T06,12,specific_cloud_ice_water_content,3.0,1.6680521597011928e-12,2.874660312882169e-11,4.306774324255581e-07,1.1486661152201275e-06
k2_w256_d16,2022-01-12T18,2022-01-13T06,12,specific_cloud_ice_water_content,5.0,1.6467406888535917e-12,2.8644943358576266e-11,4.152156105256882e-07,1.0537843451876278e-06
k2_w256_d16,2022-01-12T18,2022-01-13T06,12,specific_cloud_ice_water_content,7.0,1.6539009823273286e-12,2.8849740818749517e-11,4.2391789379774535e-07,1.1597194667072003e-06
k2_w256_d16,2022-01-12T18,2022-01-13T06,12,specific_cloud_ice_water_content,10.0,1.6753873089183478e-12,2.88361725440375e-11,4.551336696070895e-07,1.1599755198833454e-06
k2_w256_d16,2022-01-12T18,2022-01-13T06,12,specific_cloud_ice_water_content,20.0,1.2315363227188474e-12,1.7521938372120135e-11,2.2731048776959588e-07,3.3269456285059004e-07
k2_w256_d16,2022-01-12T18,2022-01-13T06,12,specific_cloud_ice_water_content,30.0,8.936446298665475e-13,1.1470240258588787e-11,-2.2569160575335185e-07,-1.2284538770616806e-06
k2_w256_d16,2022-01-12T18,2022-01-13T06,12,specific_cloud_liquid_water_content,1.0,6.0287043344821895e-12,9.655198756042967e-11,7.319166925375406e-07,2.1106203878608646e-07
k2_w256_d16,2022-01-12T18,2022-01-13T06,12,specific_cloud_liquid_water_content,2.0,6.036805311550046e-12,9.660375824461717e-11,7.583425533545806e-07,4.932559933019225e-07
k2_w256_d16,2022-01-12T18,2022-01-13T06,12,specific_cloud_liquid_water_content,3.0,5.971504660905085e-12,9.695905898202601e-11,7.16760508807911e-07,6.374615675440562e-07
k2_w256_d16,2022-01-12T18,2022-01-13T06,12,specific_cloud_liquid_water_content,5.0,6.0138558942380215e-12,9.718848252035983e-11,7.455340785088454e-07,6.207661343592504e-07
k2_w256_d16,2022-01-12T18,2022-01-13T06,12,specific_cloud_liquid_water_content,7.0,6.094406715948134e-12,9.667869199748355e-11,7.848341353939622e-07,4.455725526285577e-07
k2_w256_d16,2022-01-12T18,2022-01-13T06,12,specific_cloud_liquid_water_content,10.0,5.977010924777524e-12,9.66986080902585e-11,7.238568865050611e-07,5.875740054664477e-07
k2_w256_d16,2022-01-12T18,2022-01-13T06,12,specific_cloud_liquid_water_content,20.0,4.596418072297538e-12,7.184157137554221e-11,7.242877222786151e-07,-7.923453935509604e-07
k2_w256_d16,2022-01-12T18,2022-01-13T06,12,specific_cloud_liquid_water_content,30.0,3.1311446099024903e-12,5.929460468599239e-11,7.373676046515706e-07,-2.464787395243979e-06
